ts_us,raw_ch0,raw_ch1,filt_ch0,filt_ch1
111274,-25.50,1023.50,-3.5075,168.3772
115180,33.50,378.50,-5.2028,484.5225
119086,-243.50,-1042.50,-35.7727,339.4316
122992,-429.50,-1444.50,-162.9555,-434.6527
126898,-390.50,-288.50,-322.9753,-988.5224
130804,-147.50,879.50,-359.1064,-637.8210
134710,-32.50,511.50,-241.0435,152.8679
138616,-272.50,-928.50,-129.7224,357.8959
142522,-586.50,-1673.50,-195.9858,-287.9988
146428,-587.50,-636.50,-385.8300,-957.7594
150334,-266.50,683.50,-472.9684,-806.5199
154240,-101.50,505.50,-359.3186,-91.7539
158146,-271.50,-911.50,-205.2308,204.9878
162052,-559.50,-1738.50,-204.3005,-294.8178
165958,-556.50,-838.50,-332.6854,-907.9817
169864,-252.50,586.50,-395.0946,-820.0120
173770,-36.50,687.50,-288.4679,-149.7354
177676,-180.50,-651.50,-136.0739,239.4307
181582,-465.50,-1615.50,-115.2630,-110.5340
185488,-515.50,-908.50,-225.1133,-678.0945
189394,-221.50,541.50,-295.4725,-686.0191
193300,14.50,833.50,-214.1512,-123.4970
197206,-111.50,-456.50,-77.7825,268.4227
201112,-400.50,-1543.50,-53.1010,-2.7741
205018,-512.50,-1048.50,-156.2179,-543.1716
208924,-282.50,363.50,-247.8362,-639.4142
212830,-32.50,809.50,-213.2980,-198.0149
216736,-112.50,-346.50,-107.5712,170.4716
220642,-395.50,-1462.50,-75.0469,-9.1508
224548,-474.50,-976.50,-143.9786,-431.2627
228454,-278.50,339.50,-202.3854,-482.5326
232360,-69.50,713.50,-170.5595,-121.6622
236267,-111.50,-442.50,-96.4273,106.7230
240173,-312.50,-1394.50,-67.7262,-116.1685
244079,-388.50,-845.50,-93.9346,-423.3485
247985,-256.50,464.50,-115.6206,-327.6855
251891,-41.50,778.50,-90.4143,64.7891
255797,-102.50,-392.50,-46.7576,214.4198
259703,-273.50,-1344.50,-41.9422,-80.2848
263609,-292.50,-772.50,-58.3278,-376.1785
267515,-176.50,607.50,-41.2449,-213.7066
271421,-47.50,881.50,-2.8601,217.9251
275327,-90.50,-300.50,7.6198,335.2143
279233,-269.50,-1344.50,-25.4935,-20.7270
283139,-320.50,-839.50,-62.9776,-359.3993
287045,-210.50,585.50,-57.2703,-211.1369
290951,-85.50,965.50,-22.6037,232.8085
294857,-144.50,-226.50,-17.3459,367.4676
298763,-299.50,-1348.50,-60.3319,7.9636
302669,-367.50,-917.50,-102.4101,-350.4996
306575,-244.50,511.50,-92.3584,-220.4037
310481,-109.50,1063.50,-45.1054,228.4711
314387,-149.50,-97.50,-24.9620,398.4801
318293,-303.50,-1343.50,-59.7689,59.2920
322199,-368.50,-1085.50,-100.1579,-336.2781
326105,-226.50,366.50,-83.6421,-271.9036
330011,-56.50,1103.50,-15.4227,156.1043
333917,-78.50,86.50,32.5613,381.7227
337823,-171.50,-1218.50,24.7312,123.8861
341729,-286.50,-1201.50,3.4749,-252.3503
345635,-281.50,124.50,-2.6736,-266.4169
349541,-120.50,1040.50,-0.6042,66.6771
353447,-65.50,223.50,4.0801,290.7304
357353,-224.50,-1180.50,-6.6904,100.4878
361259,-338.50,-1316.50,-34.5999,-245.1103
365165,-298.50,-10.50,-44.4881,-280.8551
369071,-145.50,1051.50,-24.1899,39.4580
372977,-111.50,403.50,-7.2391,295.6080
376883,-271.50,-1038.50,-29.7999,159.3166
380789,-384.50,-1385.50,-75.6685,-171.3193
384695,-328.50,-191.50,-87.3892,-256.0601
388601,-176.50,997.50,-51.8946,4.3907
392507,-133.50,571.50,-19.8184,262.1403
396413,-249.50,-916.50,-31.8334,179.2723
400319,-381.50,-1490.50,-67.6508,-133.4080
404225,-353.50,-404.50,-78.7697,-267.8632
408131,-194.50,873.50,-50.1178,-66.1544
412037,-110.50,641.50,-14.4147,181.1009
415943,-206.50,-814.50,-9.6190,135.8065
419849,-329.50,-1553.50,-28.5419,-141.1803
423755,-308.50,-606.50,-28.6378,-282.8483
427661,-154.50,784.50,6.9255,-107.4273
431567,-93.50,779.50,40.6368,151.9248
435473,-189.50,-621.50,29.8311,162.7113
439379,-341.50,-1515.50,-12.6614,-68.8360
443285,-343.50,-738.50,-36.3108,-216.5832
447191,-180.50,688.50,-13.4586,-82.5168
451097,-79.50,861.50,28.5212,148.4212
455003,-158.50,-434.50,39.2804,171.8590
458909,-317.50,-1487.50,11.5726,-31.6819
462815,-330.50,-879.50,-10.6694,-182.1585
466721,-200.50,571.50,5.2534,-78.0608
470627,-123.50,974.50,30.7089,144.3096
474533,-182.50,-276.50,20.8432,192.6707
478439,-328.50,-1461.50,-16.2455,2.8240
482345,-386.50,-1053.50,-40.4749,-171.8643
486251,-248.50,438.50,-29.1150,-103.0343
490157,-96.50,1014.50,7.8109,112.5542
494063,-168.50,-144.50,27.1908,179.9942
497969,-318.50,-1433.50,4.0851,2.8937
501875,-384.50,-1227.50,-25.6096,-184.1766
505781,-300.50,251.50,-26.8787,-144.2223
509687,-137.50,1006.50,-7.5345,57.8894
513593,-154.50,-3.50,6.7475,144.0410
517499,-300.50,-1376.50,-1.8561,-4.1349
521405,-425.50,-1333.50,-24.5840,-179.8987
525311,-280.50,77.50,-27.9528,-149.0237
529217,-140.50,1007.50,2.0761,42.9211
533123,-145.50,176.50,25.2573,143.2417
537029,-271.50,-1270.50,14.9072,23.2966
540935,-338.50,-1455.50,3.9321,-152.7136
544841,-239.50,-142.50,26.7496,-160.0296
548747,-123.50,901.50,65.1399,-11.5495
552653,-79.50,306.50,79.4070,80.6321
556559,-168.50,-1134.50,73.3401,-1.3915
560465,-292.50,-1536.50,71.4940,-139.9877
564371,-239.50,-303.50,80.7323,-146.1307
568277,-110.50,925.50,94.7497,3.1639
572183,-75.50,542.50,95.1521,131.5505
576089,-200.50,-946.50,72.4958,89.1720
579995,-341.50,-1545.50,42.0494,-50.9158
583901,-292.50,-456.50,30.3679,-91.9546
587807,-137.50,862.50,47.6947,22.1634
591713,-60.50,700.50,71.6690,141.3942
595619,-174.50,-772.50,74.8927,115.2616
599525,-294.50,-1544.50,61.5739,-12.9966
603431,-300.50,-617.50,55.8604,-63.4913
607337,-174.50,785.50,60.8976,33.2228
611243,-89.50,806.50,62.0956,146.1063
615149,-177.50,-600.50,51.4334,125.9966
619055,-326.50,-1550.50,33.4365,1.3471
622961,-336.50,-811.50,23.8737,-63.6958
626867,-205.50,639.50,31.2231,7.5719
630773,-108.50,914.50,41.9339,117.5342
634679,-179.50,-393.50,38.2363,129.2610
638585,-342.50,-1512.50,19.7575,34.1527
642491,-361.50,-1002.50,5.7447,-41.5677
646397,-217.50,464.50,15.6839,-8.9160
650303,-111.50,977.50,37.8296,81.4208
654209,-168.50,-229.50,42.5504,108.1235
658115,-301.50,-1483.50,29.6192,29.0822
662021,-341.50,-1162.50,25.0346,-50.1756
665927,-233.50,342.50,38.0405,-20.4039
669833,-100.50,1053.50,54.1976,87.3043
673739,-125.50,-15.50,59.4635,140.0290
677645,-297.50,-1364.50,48.3114,77.0598
681551,-363.50,-1257.50,30.7219,-2.7970
685457,-258.50,198.50,27.8719,12.3817
689363,-136.50,1081.50,37.4991,104.6819
693269,-140.50,173.50,38.9608,153.4362
697175,-190.50,-1224.50,44.0983,98.9875
701081,-293.50,-1296.50,70.8821,34.4999
704987,-356.50,9.50,75.1965,49.6830
708893,-249.50,997.50,23.5729,105.6055
712799,-237.50,272.50,-40.2006,108.6193
716705,-414.50,-1213.50,-85.1727,26.5468
720611,-559.50,-1591.50,-123.3143,-76.1183
724517,-554.50,-356.50,-159.0802,-116.6509
728423,-436.50,786.50,-188.7903,-87.8203
732329,-385.50,319.50,-208.1736,-61.6060
736235,-571.50,-1199.50,-227.3598,-99.1067
740141,-678.50,-1740.50,-254.8324,-171.9903
744047,-589.50,-611.50,-258.6489,-196.7743
747953,-410.50,678.50,-219.8483,-149.5530
751859,-332.50,438.50,-169.5822,-96.7537
755765,-420.50,-1038.50,-137.7946,-103.2488
759671,-546.50,-1743.50,-124.2631,-149.1150
763577,-512.50,-748.50,-113.0877,-154.7377
767483,-303.50,656.50,-85.0332,-92.6214
771389,-202.50,621.50,-39.6899,-24.9192
775295,-268.50,-781.50,-1.2267,-17.1413
779201,-388.50,-1665.50,21.2496,-52.1948
783107,-364.50,-847.50,41.7916,-57.7834
787013,-190.50,627.50,71.9721,-3.6666
790919,-80.50,851.50,105.4646,69.1595
794825,-158.50,-480.50,123.5675,99.3038
798731,-293.50,-1536.50,123.7318,77.4751
802637,-308.50,-913.50,123.7605,62.8238
806543,-173.50,560.50,133.2716,94.7288
810449,-76.50,1007.50,141.5600,146.8752
814355,-143.50,-249.50,135.0846,165.9833
818261,-286.50,-1466.50,119.1967,130.0306
822167,-335.50,-1084.50,109.5868,87.0407
826073,-201.50,390.50,112.8958,86.2846
829979,-88.50,1051.50,121.9755,122.0721
833885,-122.50,-79.50,123.2043,144.2149
837791,-288.50,-1407.50,112.7431,114.1730
841697,-349.50,-1245.50,99.6498,69.8128
845603,-243.50,208.50,95.6463,63.3875
849509,-118.50,1055.50,98.4061,96.9274
853415,-155.50,83.50,92.7270,121.3976
857321,-312.50,-1328.50,73.8754,94.4455
861227,-386.50,-1370.50,56.5804,52.4926
865133,-286.50,-0.50,56.1165,44.4446
869039,-142.50,1014.50,67.8635,69.4059
872945,-129.50,265.50,77.3461,93.2777
876851,-280.50,-1190.50,76.9692,85.0386
880757,-373.50,-1474.50,70.6634,58.6909
884663,-291.50,-171.50,70.7367,49.8696
888569,-152.50,982.50,77.9300,71.8701
892475,-126.50,429.50,80.2869,95.0941
896381,-266.50,-1055.50,73.2591,85.1755
900287,-386.50,-1559.50,61.9801,53.7508
904193,-321.50,-381.50,57.0276,35.5640
908099,-175.50,881.50,62.0639,46.1855
912005,-117.50,558.50,68.6664,62.7364
915911,-248.50,-915.50,68.9557,57.6458
919817,-378.50,-1615.50,62.1467,35.0900
923723,-335.50,-576.50,57.9432,22.0855
927629,-189.50,806.50,62.3353,38.8061
931535,-99.50,707.50,70.5965,66.9266
935441,-190.50,-718.50,80.4448,75.0301
939347,-331.50,-1582.50,88.5543,64.2155
943253,-339.50,-736.50,89.0455,57.4014
947159,-205.50,689.50,81.5228,64.1495
951065,-94.50,822.50,75.3555,74.3229
954971,-178.50,-544.50,77.3824,73.3518
958877,-338.50,-1583.50,78.8180,57.6872
962783,-361.50,-932.50,72.9335,42.8405
966689,-234.50,511.50,64.4653,37.9205
970595,-121.50,926.50,58.5366,46.2309
974501,-193.50,-366.50,54.9338,61.1866
978407,-320.50,-1549.50,54.4643,56.2668
982313,-337.50,-1088.50,64.3052,40.9733
986219,-220.50,400.50,80.1634,43.1097
990125,-79.50,1006.50,91.4162,65.9300
994031,-156.50,-165.50,92.6630,85.9697
997937,-303.50,-1461.50,81.5322,76.2434
1001843,-372.50,-1232.50,67.9765,54.4808
1005749,-253.50,240.50,61.7369,48.6973
1009655,-116.50,1041.50,63.1878,66.3567
1013561,-140.50,38.50,66.8287,88.3438
1017467,-285.50,-1349.50,67.4468,85.8697
1021373,-362.50,-1318.50,66.9868,73.3189
1025279,-266.50,78.50,67.8296,73.0084
1029185,-120.50,1071.50,69.7658,88.6907
1033091,-112.50,235.50,72.6117,107.0099
1036997,-254.50,-1215.50,75.4492,102.0318
1040903,-348.50,-1427.50,77.0151,82.8937
1044809,-271.50,-108.50,78.0177,71.6404
1048715,-110.50,1018.50,80.9081,75.9418
1052621,-86.50,401.50,85.9783,87.0397
1056527,-202.50,-1053.50,91.8942,89.5598
1060433,-303.50,-1489.50,100.4423,87.5586
1064339,-269.50,-268.50,106.2014,87.3937
1068245,-114.50,976.50,102.4569,94.2470
1072151,-60.50,586.50,97.6135,104.0389
1076057,-170.50,-881.50,99.5301,106.3527
1079963,-298.50,-1503.50,104.5152,105.6852
1083869,-255.50,-415.50,108.5155,110.7555
1087775,-120.50,917.50,109.4400,121.6220
1091681,-47.50,734.50,106.0713,124.9814
1095587,-184.50,-735.50,97.1062,110.8934
1099493,-335.50,-1574.50,79.6711,85.1406
1103399,-313.50,-662.50,63.0463,63.2505
1107305,-190.50,777.50,54.6257,60.5144
1111211,-92.50,809.50,49.4142,68.4194
1115117,-143.50,-530.50,54.1932,74.3824
1119023,-282.50,-1519.50,72.2108,84.1132
1122929,-374.50,-856.50,74.8314,85.1027
1126835,-218.50,588.50,49.4979,61.9569
1130741,-74.50,919.50,34.4633,41.7614
1134647,-168.50,-397.50,42.4592,43.7084
1138553,-337.50,-1541.50,43.2597,45.3196
1142459,-360.50,-1024.50,33.1524,39.3472
1146365,-212.50,458.50,32.3003,36.0824
1150271,-110.50,983.50,39.5534,40.8816
1154177,-175.50,-237.50,36.9061,44.4926
1158083,-336.50,-1506.50,22.5855,30.0750
1161989,-390.50,-1213.50,9.8177,9.6724
1165895,-244.50,251.50,10.5591,-2.6287
1169801,-86.50,999.50,28.1726,0.0496
1173707,-102.50,-47.50,51.7666,15.1616
1177613,-255.50,-1394.50,67.1430,23.6035
1181519,-328.50,-1293.50,71.7321,29.5316
1185425,-248.50,119.50,68.1566,37.6966
1189331,-123.50,1058.50,55.3779,48.0964
1193237,-128.50,178.50,38.4461,62.0578
1197143,-276.50,-1254.50,27.1421,64.5236
1201049,-383.50,-1384.50,21.3317,59.4574
1204955,-277.50,-38.50,20.4572,57.7935
1208861,-130.50,1053.50,26.8190,63.5305
1212767,-112.50,351.50,32.7803,71.4959
1216673,-232.50,-1092.50,35.9667,70.2467
1220579,-348.50,-1471.50,40.8435,66.8169
1224485,-271.50,-196.50,46.5494,66.4716
1228391,-104.50,1040.50,54.7937,78.3979
1232297,-60.50,555.50,64.7247,97.0111
1236203,-189.50,-936.50,69.9893,97.8287
1240109,-303.50,-1508.50,71.3619,85.0183
1244015,-256.50,-370.50,74.8951,77.0500
1247921,-126.50,944.50,75.8916,80.5231
1251827,-79.50,671.50,65.4351,81.0046
1255733,-206.50,-816.50,47.2087,63.5810
1259639,-336.50,-1594.50,32.4675,37.1725
1263545,-312.50,-626.50,28.4600,17.6653
1267451,-168.50,756.50,30.7808,8.2766
1271357,-113.50,720.50,27.0684,-1.9752
1275266,-212.50,-660.50,14.1045,-10.6900
1279172,-354.50,-1615.50,2.6219,-8.6849
1283078,-357.50,-836.50,-0.8366,-6.2835
1286984,-207.50,619.50,0.9075,-10.1404
1290890,-118.50,833.50,3.1304,-14.0837
1294796,-213.50,-484.50,-0.8923,-12.4409
1298702,-358.50,-1604.50,-10.0368,-10.2200
1302608,-388.50,-1036.50,-16.3414,-17.7399
1306514,-258.50,426.50,-19.6800,-35.8365
1310420,-166.50,880.50,-26.0069,-50.7185
1314326,-221.50,-335.50,-35.8373,-49.9057
1318232,-362.50,-1570.50,-40.2800,-42.8625
1322138,-378.50,-1184.50,-31.3704,-37.6705
1326044,-222.50,311.50,-8.4218,-30.6239
1329950,-69.50,993.50,22.5493,-14.4095
1333856,-126.50,-126.50,45.4616,2.8952
1337762,-272.50,-1449.50,49.8834,3.8098
1341668,-324.50,-1274.50,47.7401,2.6594
1345574,-215.50,175.50,50.0477,10.6709
1349480,-66.50,1062.50,54.9111,27.1662
1353386,-96.50,99.50,57.9283,44.8441
1357292,-237.50,-1318.50,56.7083,43.0348
1361198,-321.50,-1369.50,55.1218,33.5172
1365104,-237.50,-9.50,53.5174,28.9817
1369010,-101.50,1023.50,47.6938,26.1973
1372916,-111.50,254.50,37.0696,23.9504
1376822,-311.50,-1195.50,15.8672,17.1629
1380728,-338.50,-1470.50,-3.0072,16.3127
1384634,-269.50,-184.50,4.8972,22.7328
1388540,-94.50,997.50,26.9456,30.1355
1392446,-64.50,448.50,44.5828,36.8263
1396352,-196.50,-1044.50,54.8998,34.4443
1400258,-329.50,-1538.50,54.6270,27.9994
1404164,-285.50,-351.50,44.1086,28.3481
1408070,-133.50,944.50,30.6889,38.3757
1411976,-79.50,585.50,23.6767,43.3872
1415882,-212.50,-880.50,22.2537,32.4610
1419788,-333.50,-1598.50,21.3609,19.3422
1423694,-298.50,-565.50,22.0538,12.0688
1427600,-142.50,805.50,24.5346,9.8298
1431506,-84.50,698.50,24.7549,6.3102
1435412,-185.50,-709.50,21.9008,2.8193
1439318,-318.50,-1598.50,21.2736,8.1806
1443224,-303.50,-728.50,24.9853,18.3114
1447130,-158.50,717.50,28.3288,28.0096
1451036,-68.50,835.50,28.7315,30.8851
1454942,-143.50,-526.50,30.3937,25.2092
1458848,-293.50,-1583.50,35.3564,18.1934
1462754,-312.50,-928.50,37.2874,12.6448
1466660,-189.50,511.50,30.7858,0.7739
1470566,-82.50,939.50,19.6720,-8.3251
1474472,-157.50,-318.50,11.3801,6.7647
1478378,-303.50,-1536.50,8.1062,25.1740
1482284,-337.50,-1093.50,8.5905,22.8166
1486190,-228.50,390.50,6.8096,9.5144
1490096,-113.50,1023.50,-1.8944,8.8191
1494002,-153.50,-111.50,-10.0232,29.6737
1497908,-304.50,-1433.50,-10.8562,46.6225
1501814,-367.50,-1217.50,-9.4283,44.3858
1505720,-245.50,243.50,-9.7249,31.3011
1509626,-111.50,1063.50,-8.7385,27.0588
1513532,-127.50,66.50,-4.8707,37.8073
1517438,-278.50,-1345.50,0.0095,40.9792
1521344,-341.50,-1314.50,4.8251,36.9424
1525250,-241.50,84.50,10.3666,37.4897
1529156,-111.50,1104.50,12.6950,47.8649
1533062,-111.50,237.50,9.3778,59.9958
1536968,-230.50,-1221.50,10.0004,49.7633
1540874,-331.50,-1424.50,18.1306,32.7773
1544780,-250.50,-128.50,23.7611,24.3014
1548686,-84.50,1021.50,26.8731,19.4715
1552592,-63.50,400.50,33.4898,20.6042
1556498,-207.50,-1059.50,37.8628,24.0986
1560404,-335.50,-1500.50,32.4889,31.1048
1564310,-278.50,-321.50,20.2947,30.2652
1568216,-125.50,958.50,10.7317,19.9003
1572122,-74.50,565.50,9.2461,16.9997
1576028,-207.50,-928.50,11.7974,17.5856
1579934,-344.50,-1569.50,9.6718,15.2899
1583840,-301.50,-512.50,3.1129,10.1156
1587746,-163.50,865.50,-3.0082,6.0862
1591652,-110.50,694.50,-10.7743,7.6628
1595558,-222.50,-763.50,-19.9478,8.5079
1599464,-366.50,-1608.50,-26.9752,4.4063
1603370,-335.50,-702.50,-29.1636,-2.4636
1607276,-181.50,747.50,-24.3636,-4.9993
1611182,-93.50,790.50,-16.2192,-3.9855
1615088,-180.50,-566.50,-9.1449,-2.1744
1618994,-339.50,-1581.50,-6.4155,5.1516
1622900,-348.50,-849.50,-10.5533,13.5611
1626806,-206.50,623.50,-16.9119,17.3294
1630712,-101.50,930.50,-19.5635,18.9506
1634618,-165.50,-360.50,-16.7580,24.2765
1638524,-327.50,-1524.50,-12.4405,30.1240
1642430,-366.50,-1028.50,-14.2621,27.1872
1646336,-246.50,444.50,-23.4071,11.8919
1650242,-134.50,985.50,-34.6160,-2.2930
1654148,-174.50,-189.50,-40.3482,0.2794
1658054,-346.50,-1500.50,-40.6169,4.4534
1661960,-386.50,-1198.50,-41.4677,-2.9256
1665866,-252.50,290.50,-38.5160,-10.7605
1669772,-116.50,1059.50,-28.9596,-2.1595
1673678,-154.50,23.50,-21.3499,21.7111
1677584,-315.50,-1377.50,-21.9554,33.9025
1681490,-376.50,-1277.50,-25.8857,31.2195
1685396,-271.50,137.50,-25.6117,27.6097
1689302,-134.50,1072.50,-23.4886,27.1195
1693208,-144.50,183.50,-23.8824,28.1176
1697114,-297.50,-1279.50,-26.1114,18.6374
1701020,-383.50,-1414.50,-27.9843,5.6667
1704926,-282.50,-79.50,-25.4537,-1.8892
1708832,-138.50,1023.50,-19.1890,-4.9879
1712738,-112.50,343.50,-13.4827,-1.9315
1716644,-246.50,-1115.50,-7.0239,3.2075
1720550,-367.50,-1487.50,-2.6006,11.8648
1724456,-316.50,-242.50,-7.7195,17.0458
1728362,-131.50,1033.50,-13.9403,23.8785
1732268,-72.50,556.50,-4.8458,40.7747
1736174,-239.50,-994.50,7.7779,39.8633
1740080,-378.50,-1570.50,1.6361,14.5246
1743986,-332.50,-447.50,-15.1954,-6.7332
1747892,-179.50,906.50,-25.8987,-8.7575
1751798,-122.50,627.50,-29.6385,-6.1674
1755704,-226.50,-792.50,-28.4595,-7.7033
1759610,-355.50,-1574.50,-21.4040,1.3540
1763516,-302.50,-629.50,-7.6661,11.0232
1767422,-172.50,816.50,5.5415,11.3863
1771328,-76.50,798.50,9.3755,12.8283
1775234,-169.50,-596.50,11.1829,17.5742
1779140,-312.50,-1554.50,16.7378,25.9339
1783046,-299.50,-789.50,23.3914,30.2116
1786952,-141.50,701.50,31.8438,26.9188
1790858,-42.50,929.50,40.2874,26.8351
1794764,-126.50,-395.50,44.1747,33.4262
1798670,-301.50,-1516.50,39.5591,39.8818
1802576,-331.50,-943.50,26.6701,39.9924
1806482,-184.50,511.50,15.2805,26.4415
1810388,-51.50,1008.50,15.7205,10.4260
1814294,-98.50,-208.50,27.4120,15.1679
1818200,-222.50,-1468.50,46.1813,28.2136
1822106,-264.50,-1082.50,67.0258,34.0470
1826012,-136.50,399.50,80.2777,36.0300
1829918,-16.50,1111.50,81.4806,43.2825
1833824,-82.50,9.50,70.7528,59.3365
1837730,-250.50,-1359.50,51.0556,64.2853
1841636,-320.50,-1204.50,32.7331,56.6268
1845542,-228.50,215.50,19.8508,45.1522
1849448,-95.50,1086.50,7.9192,31.8205
1853354,-120.50,160.50,-3.2589,25.1112
1857260,-287.50,-1292.50,-13.4181,18.5422
1861166,-357.50,-1348.50,-20.2671,11.9186
1865072,-265.50,22.50,-19.4394,10.5479
1868978,-127.50,1079.50,-17.5202,13.3409
1872884,-116.50,320.50,-19.7411,17.0040
1876790,-252.50,-1158.50,-19.8333,11.6483
1880696,-345.50,-1455.50,-13.8481,4.4666
1884602,-268.50,-190.50,-5.4443,-1.5679
1888508,-128.50,1011.50,-2.1279,-8.1065
1892414,-110.50,465.50,-7.9640,-10.4544
1896320,-239.50,-1024.50,-16.5392,-13.9260
1900226,-386.50,-1538.50,-24.5998,-15.5360
1904132,-332.50,-379.50,-35.6515,-15.1069
1908038,-176.50,933.50,-44.2901,-15.1399
1911944,-124.50,611.50,-45.7545,-15.5345
1915850,-239.50,-874.50,-42.6541,-20.7650
1919756,-377.50,-1580.50,-38.8804,-24.2872
1923662,-348.50,-575.50,-38.4124,-23.0759
1927568,-208.50,829.50,-42.7553,-22.0420
1931474,-143.50,712.50,-50.9818,-27.0823
1935380,-223.50,-706.50,-54.4371,-38.0073
1939286,-357.50,-1604.50,-45.5299,-40.7054
1943192,-344.50,-788.50,-31.9432,-38.7614
1947098,-202.50,686.50,-24.2878,-42.6503
1951004,-108.50,848.50,-23.4219,-42.6891
1954910,-181.50,-512.50,-22.1005,-34.3702
1958816,-340.50,-1584.50,-18.2174,-26.7766
1962722,-368.50,-969.50,-19.6465,-30.0787
1966628,-234.50,507.50,-27.9825,-47.9753
1970534,-111.50,912.50,-33.4360,-63.5639
1974440,-172.50,-325.50,-29.6953,-56.9882
1978346,-329.50,-1550.50,-23.0213,-40.4629
1982252,-353.50,-1120.50,-18.1544,-34.7755
1986158,-229.50,363.50,-13.3837,-42.0949
1990064,-94.50,976.50,-8.8537,-49.6241
1993970,-123.50,-152.50,-1.8581,-47.0161
1997876,-277.50,-1471.50,7.7133,-40.8454
2001782,-318.50,-1242.50,16.8000,-33.7847
2005688,-208.50,230.50,25.0214,-25.7170
2009594,-85.50,1023.50,27.0014,-20.0077
2013500,-114.50,59.50,19.9881,-16.3489
2017406,-265.50,-1378.50,10.9787,-19.3210
2021312,-337.50,-1352.50,7.2084,-23.8070
2025218,-262.50,26.50,5.4979,-24.8443
2029124,-136.50,1007.50,-3.8106,-28.9662
2033030,-129.50,213.50,-16.9072,-33.8503
2036936,-282.50,-1272.50,-24.2257,-39.9790
2040842,-405.50,-1467.50,-31.5823,-42.5411
2044748,-316.50,-154.50,-41.9876,-35.9716
2048654,-150.50,992.50,-43.5551,-27.2902
2052560,-121.50,399.50,-33.7456,-20.3154
2056466,-277.50,-1106.50,-26.7537,-19.6040
2060372,-394.50,-1558.50,-31.1020,-25.0857
2064278,-337.50,-368.50,-38.9843,-34.8039
2068184,-179.50,895.50,-42.0881,-45.7343
2072090,-126.50,537.50,-39.4445,-49.0016
2075996,-250.50,-961.50,-33.9742,-44.6100
2079902,-361.50,-1604.50,-27.1060,-38.6172
2083808,-316.50,-535.50,-16.9445,-32.8958
2087714,-148.50,861.50,-4.6448,-22.9693
2091620,-82.50,706.50,5.8654,-9.1933
2095526,-193.50,-728.50,10.7013,2.4317
2099432,-341.50,-1574.50,8.9330,12.5002
2103338,-319.50,-699.50,5.1176,15.1429
2107244,-182.50,755.50,2.2252,8.4198
2111150,-95.50,813.50,-1.6623,0.6318
2115056,-188.50,-559.50,-5.2584,-4.1876
2118962,-329.50,-1579.50,-5.3493,-2.8498
2122868,-322.50,-881.50,0.0449,-0.6628
2126774,-175.50,604.50,9.6941,-4.3733
2130680,-72.50,930.50,17.3431,-5.9011
2134586,-153.50,-367.50,18.4248,0.7593
2138492,-312.50,-1547.50,13.4965,4.9042
2142398,-341.50,-1063.50,7.2385,-2.1481
2146304,-200.50,452.50,5.2633,-13.4270
2150210,-96.50,1004.50,5.5805,-12.1961
2154116,-153.50,-204.50,1.7192,-3.1253
2158022,-313.50,-1508.50,-5.0687,-8.6940
2161928,-366.50,-1240.50,-10.5192,-26.3089
2165834,-249.50,240.50,-14.0315,-43.6497
2169740,-123.50,994.50,-17.1714,-50.0990
2173646,-155.50,-24.50,-20.6438,-41.4289
2177552,-322.50,-1406.50,-25.0377,-29.8372
2181458,-367.50,-1295.50,-26.5572,-13.8047
2185364,-258.50,135.50,-19.0134,8.2117
2189270,-98.50,1104.50,-5.9291,30.4299
2193176,-107.50,240.50,6.1531,51.0829
2197082,-248.50,-1252.50,14.3760,52.9838
2200988,-335.50,-1390.50,19.5364,38.7031
2204894,-239.50,-52.50,24.2104,27.7116
2208800,-96.50,1049.50,27.4037,23.2973
2212706,-88.50,375.50,26.0319,21.9030
2216612,-230.50,-1122.50,21.4759,16.3456
2220518,-341.50,-1502.50,17.4847,9.7487
2224424,-270.50,-266.50,15.2514,4.0292
2228330,-112.50,971.50,15.5521,-1.4364
2232236,-82.50,511.50,16.8233,-4.7641
2236142,-213.50,-976.50,16.1597,-7.8939
2240048,-349.50,-1560.50,12.2399,-5.5951
2243954,-289.50,-449.50,7.7700,-0.0697
2247860,-168.50,889.50,2.2749,1.3614
2251766,-79.50,640.50,-3.8069,-4.9704
2255672,-200.50,-824.50,-1.6811,-16.8159
2259578,-335.50,-1599.50,4.6872,-20.3684
2263484,-302.50,-659.50,8.4267,-16.4963
2267390,-165.50,778.50,9.2349,-14.8398
2271296,-101.50,740.50,2.7516,-20.1116
2275202,-181.50,-651.50,-4.7565,-30.7027
2279108,-324.50,-1608.50,-2.9244,-31.5431
2283014,-319.50,-852.50,3.8242,-25.2890
2286920,-172.50,635.50,8.4244,-24.9533
2290826,-66.50,891.50,11.9843,-21.9699
2294732,-127.50,-409.50,19.5713,-5.1548
2298638,-289.50,-1540.50,28.9025,16.1555
2302544,-321.50,-995.50,29.6522,21.7707
2306450,-190.50,506.50,21.4135,9.1186
2310356,-79.50,1010.50,12.6044,4.0895
2314266,-143.50,-217.50,6.9790,18.5435
2318172,-292.50,-1485.50,4.5918,28.7297
2322078,-339.50,-1154.50,4.7095,20.8608
2325984,-222.50,350.50,3.7963,4.9017
2329890,-115.50,1050.50,-2.9344,1.6973
2333796,-125.50,-40.50,-9.6050,13.1883
2337702,-304.50,-1409.50,-10.2545,17.4879
2341608,-350.50,-1282.50,-10.1245,11.4806
2345514,-229.50,176.50,-5.8553,3.7648
2349420,-93.50,1072.50,3.2551,5.1857
2353326,-97.50,162.50,10.3695,18.5452
2357232,-255.50,-1296.50,14.1893,25.1804
2361138,-344.50,-1346.50,12.8814,26.2016
2365044,-239.50,26.50,10.4196,32.7172
2368950,-52.50,1095.50,19.2300,42.1421
2372856,35.50,386.50,52.6657,55.1587
2376762,-152.50,-1090.50,93.9251,68.1278
2380668,-319.50,-1419.50,96.6043,74.3561
2384574,-268.50,-173.50,57.4064,63.4429
2388480,-105.50,1045.50,18.9810,43.8172
2392386,-85.50,551.50,2.2005,41.1326
2396292,-220.50,-958.50,-2.8699,51.0072
2400198,-314.50,-1454.50,0.4048,62.2310
2404104,-269.50,-298.50,12.5275,74.6429
2408010,-125.50,1039.50,19.3239,86.7862
2411916,-47.50,750.50,18.2003,98.2614
2415822,-146.50,-745.50,23.9828,102.9292
2419728,-269.50,-1439.50,39.5338,105.2966
2423634,-239.50,-411.50,54.7249,118.5292
2427540,-25.50,1047.50,72.1608,145.4693
2431446,39.50,970.50,95.3760,174.4145
2435352,-57.50,-467.50,109.5233,187.0161
2439258,-185.50,-1359.50,114.0560,188.7642
2443164,-179.50,-543.50,119.8283,190.6338
2447070,-1.50,963.50,128.7777,193.1511
2450976,98.50,1139.50,140.6493,202.7177
2454882,50.50,-254.50,155.0998,210.0491
2458788,-108.50,-1295.50,170.4693,208.5576
2462694,-147.50,-710.50,174.9833,203.6837
2466600,-8.50,799.50,164.4143,188.6551
2470506,125.50,1264.50,154.7472,184.3567
2474412,45.50,-67.50,152.6810,196.7680
2478318,-137.50,-1285.50,145.0682,190.5601
2482224,-186.50,-875.50,127.8009,169.5797
2486130,-50.50,640.50,113.5921,153.9016
2490036,79.50,1351.50,108.8196,164.2342
2493942,31.50,128.50,107.0931,190.6566
2497848,-116.50,-1220.50,105.1734,183.1159
2501754,-180.50,-1036.50,106.0573,149.6120
2505660,-83.50,459.50,104.9112,124.8950
2509566,39.50,1397.50,93.5737,138.0009
2513472,16.50,293.50,75.9056,169.9082
2517378,-131.50,-1133.50,63.8024,157.5438
2521284,-214.50,-1138.50,61.8044,124.7361
2525190,-109.50,256.50,65.5561,108.7044
2529096,48.50,1360.50,71.2047,114.5921
2533002,21.50,457.50,70.7831,130.5905
2536908,-127.50,-1038.50,58.7939,113.4199
2540814,-222.50,-1280.50,47.2094,80.2346
2544720,-152.50,32.50,43.7285,61.1391
2548626,-31.50,1248.50,36.1743,57.8516
2552532,-15.50,605.50,17.3951,64.3750
2556438,-164.50,-916.50,-2.7953,56.3233
2560344,-272.50,-1375.50,-13.9057,41.4774
2564250,-224.50,-187.50,-15.9920,31.1808
2568156,-60.50,1127.50,-15.3586,21.8147
2572062,-30.50,739.50,-17.0708,16.8953
2575968,-157.50,-786.50,-23.4669,9.6137
2579874,-271.50,-1435.50,-27.4799,4.2429
2583780,-233.50,-383.50,-22.6940,6.0321
2587686,-74.50,1009.50,-15.4518,3.9262
2591592,13.50,863.50,-8.2109,-4.1481
2595498,-81.50,-625.50,3.2320,-13.6612
2599404,-220.50,-1461.50,15.9906,-16.3244
2603310,-204.50,-592.50,23.8603,-12.4918
2607216,-64.50,878.50,24.3953,-16.0970
2611122,-38.50,963.50,8.8112,-25.8514
2615028,-157.50,-452.50,-27.1623,-33.8823
2618934,-321.50,-1481.50,-65.1722,-37.4052
2622840,-339.50,-811.50,-88.9063,-41.1205
2626746,-193.50,678.50,-98.5249,-57.7857
2630652,-89.50,1023.50,-98.9674,-76.5410
2634558,-158.50,-290.50,-95.4907,-79.1700
2638464,-308.50,-1471.50,-90.7380,-72.2338
2642370,-336.50,-1000.50,-85.7202,-69.3772
2646276,-191.50,506.50,-80.0040,-80.0411
2650182,-76.50,1077.50,-74.1318,-92.2253
2654088,-116.50,-130.50,-69.4955,-93.4858
2657994,-286.50,-1441.50,-66.8473,-95.0832
2661900,-324.50,-1188.50,-66.1504,-101.8576
2665806,-142.50,336.50,-53.3959,-109.2943
2669712,-37.50,1122.50,-28.6729,-103.3871
2673618,-115.50,49.50,-25.0027,-90.0243
2677524,-274.50,-1374.50,-48.5007,-95.4102
2681430,-345.50,-1295.50,-70.2414,-106.6082
2685336,-210.50,175.50,-72.7568,-101.6854
2689242,-47.50,1178.50,-57.2171,-76.9796
2693148,-34.50,302.50,-33.1575,-44.9627
2697054,-207.50,-1169.50,-15.1772,-30.0669
2700960,-284.50,-1337.50,-10.7395,-27.7988
2704866,-193.50,36.50,-11.0752,-26.6225
2708772,-41.50,1170.50,-10.5655,-22.7109
2712678,-26.50,492.50,-10.3607,-17.1905
2716584,-184.50,-1010.50,-11.4937,-17.8785
2720490,-296.50,-1408.50,-16.0954,-17.8793
2724396,-226.50,-153.50,-21.6097,-17.3544
2728302,-68.50,1123.50,-24.8189,-16.9931
2732208,-22.50,662.50,-23.9550,-14.1943
2736114,-124.50,-856.50,-13.6709,-16.4497
2740020,-244.50,-1433.50,5.2154,-14.4629
2743926,-210.50,-329.50,17.6183,-5.0070
2747832,-63.50,1037.50,13.8139,-2.6596
2751738,-10.50,815.50,1.6054,-8.6163
2755644,-143.50,-709.50,-10.2565,-20.5834
2759550,-303.50,-1486.50,-23.2382,-31.1478
2763456,-293.50,-562.50,-39.8944,-34.9464
2767362,-145.50,867.50,-56.1563,-45.9102
2771268,-80.50,866.50,-68.6713,-67.1333
2775174,-176.50,-565.50,-76.4330,-84.3769
2779080,-336.50,-1541.50,-79.5124,-87.6329
2782986,-332.50,-793.50,-81.3950,-84.8175
2786892,-173.50,686.50,-80.9647,-93.3662
2790798,-59.50,967.50,-73.8868,-104.7560
2794704,-107.50,-375.50,-57.2046,-99.9518
2798610,-274.50,-1501.50,-36.9912,-84.1610
2802516,-310.50,-973.50,-29.6413,-75.6378
2806422,-175.50,511.50,-37.1493,-91.3164
2810328,-74.50,1047.50,-49.3042,-110.6308
2814234,-117.50,-201.50,-57.2510,-105.6132
2818140,-282.50,-1467.50,-56.3792,-93.4946
2822046,-341.50,-1135.50,-55.1479,-89.5846
2825952,-232.50,377.50,-62.5263,-93.8769
2829858,-112.50,1093.50,-76.1985,-95.1606
2833764,-143.50,-18.50,-87.0705,-89.2253
2837670,-283.50,-1401.50,-86.2154,-91.3586
2841576,-351.50,-1274.50,-75.9662,-97.0663
2845482,-261.50,199.50,-70.3651,-98.4045
2849388,-138.50,1087.50,-78.5670,-96.1944
2853294,-145.50,171.50,-91.8659,-92.2849
2857200,-294.50,-1279.50,-96.9596,-90.3070
2861106,-370.50,-1384.50,-92.2342,-87.0354
2865012,-270.50,14.50,-82.0524,-85.1995
2868918,-132.50,1054.50,-73.7438,-88.7051
2872824,-109.50,331.50,-70.5096,-96.3989
2876730,-256.50,-1142.50,-67.5935,-99.2577
2880636,-377.50,-1476.50,-67.6264,-89.5309
2884542,-327.50,-196.50,-76.9991,-83.8210
2888448,-148.50,1009.50,-86.8417,-89.7698
2892354,-129.50,500.50,-86.8129,-96.0319
2896260,-270.50,-1024.50,-85.5243,-99.6327
2900166,-378.50,-1566.50,-86.5721,-101.1038
2904072,-322.50,-392.50,-82.3248,-100.4005
2907978,-144.50,918.50,-71.2389,-99.8349
2911884,-129.50,640.50,-63.6906,-101.9071
2915790,-254.50,-873.50,-71.2199,-105.1209
2919696,-385.50,-1592.50,-83.4359,-103.4254
2923602,-369.50,-600.50,-89.4859,-97.6701
2927508,-204.50,799.50,-91.5682,-100.0991
2931414,-140.50,739.50,-90.8769,-112.4731
2935320,-242.50,-704.50,-90.0319,-120.8167
2939226,-383.50,-1605.50,-88.6974,-114.1173
2943132,-370.50,-806.50,-84.5228,-102.2274
2947038,-232.50,637.50,-81.0469,-109.2577
2950944,-145.50,821.50,-82.9145,-131.1008
2954850,-246.50,-544.50,-89.7848,-141.7048
2958756,-384.50,-1615.50,-95.4544,-134.1250
2962662,-396.50,-1008.50,-93.4422,-122.5260
2966568,-241.50,481.50,-84.6332,-125.7954
2970474,-140.50,940.50,-75.5488,-130.8716
2974380,-250.50,-342.50,-78.9068,-118.5607
2978286,-362.50,-1517.50,-89.7684,-97.6911
2982192,-398.50,-1104.50,-86.6541,-73.3521
2986098,-326.50,304.50,-84.2886,-73.8927
2990004,-320.50,867.50,-120.8540,-122.1609
2993910,-474.50,-333.50,-204.6449,-192.4351
2997816,-644.50,-1724.50,-296.6635,-260.8548
3001722,-766.50,-1601.50,-360.2118,-321.4068
3005628,-752.50,-207.50,-413.6755,-383.9172
3009534,-744.50,468.50,-489.1195,-463.8459
3013440,-849.50,-551.50,-582.0243,-555.8795
3017346,-1128.50,-2047.50,-676.5215,-636.4546
3021252,-1265.50,-2041.50,-767.2328,-681.0172
3025158,-1252.50,-795.50,-845.1931,-710.7337
3029064,-1149.50,106.50,-903.4044,-774.5016
3032970,-1213.50,-746.50,-942.8120,-860.7751
3036876,-1376.50,-2047.50,-968.2904,-894.4375
3040782,-1455.50,-2047.50,-976.1513,-798.7643
3044688,-1419.50,-1172.50,-970.4229,-695.9448
3048594,-1292.50,-147.50,-969.8579,-774.9862
3052500,-1289.50,-721.50,-973.5981,-934.6682
3056406,-1396.50,-2047.50,-965.5895,-985.0435
3060312,-1500.50,-2047.50,-941.1828,-843.4313
3064218,-1421.50,-1370.50,-910.1192,-658.5298
3068124,-1263.50,-232.50,-878.8536,-688.4494
3072030,-1193.50,-578.50,-844.4617,-844.1501
3075936,-1286.50,-2047.50,-803.1622,-925.3489
3079842,-1429.50,-2047.50,-765.9609,-826.6306
3083748,-1359.50,-1536.50,-742.2629,-628.3653
3087654,-1148.50,-281.50,-710.7088,-608.5246
3091560,-1039.50,-409.50,-654.4573,-727.4219
3095466,-1133.50,-1871.50,-591.5626,-798.5089
3099372,-1258.50,-2047.50,-545.7223,-720.6204
3103278,-1226.50,-1631.50,-518.1858,-536.6085
3107184,-1090.50,-304.50,-500.8099,-494.5292
3111090,-928.50,-232.50,-477.0933,-580.9465
3114996,-975.50,-1611.50,-427.5212,-638.4263
3118902,-1144.50,-2047.50,-374.2923,-580.9805
3122808,-1138.50,-1743.50,-348.0460,-437.9285
3126714,-1013.50,-399.50,-341.0673,-411.5425
3130620,-874.50,-78.50,-333.0921,-482.1063
3134526,-915.50,-1352.50,-309.0447,-514.4429
3138432,-1058.50,-2047.50,-274.3711,-461.8548
3142338,-1065.50,-1869.50,-243.7471,-359.4898
3146244,-904.50,-446.50,-214.7993,-340.7824
3150150,-772.50,62.50,-183.7510,-372.3102
3154056,-840.50,-1087.50,-161.2876,-373.5011
3157962,-977.50,-2047.50,-152.0717,-341.2064
3161868,-1032.50,-1953.50,-145.7993,-289.1319
3165774,-911.50,-552.50,-138.0139,-280.8771
3169680,-719.50,194.50,-120.1597,-281.0037
3173586,-713.50,-794.50,-81.5688,-244.6936
3177492,-863.50,-2047.50,-38.9522,-219.2822
3181398,-920.50,-1967.50,-11.6989,-211.9614
3185304,-798.50,-594.50,6.2373,-194.8047
3189210,-640.50,314.50,24.7994,-147.7235
3193116,-606.50,-469.50,48.2364,-83.5985
3197022,-691.50,-1919.50,84.8214,-62.4149
3200928,-812.50,-2031.50,123.8250,-97.0427
3204834,-734.50,-691.50,139.1739,-114.2944
3208740,-536.50,407.50,142.6231,-60.2841
3212646,-531.50,-196.50,155.0503,29.6788
3216552,-673.50,-1693.50,164.1231,68.8120
3220458,-780.50,-2047.50,164.1448,31.6224
3224364,-692.50,-845.50,168.4513,-12.2643
3228270,-547.50,402.50,179.4359,6.2866
3232176,-494.50,37.50,188.0745,84.0911
3236082,-644.50,-1490.50,189.2475,137.8079
3239988,-754.50,-2047.50,185.4485,113.0276
3243894,-728.50,-1014.50,182.7266,61.1953
3247800,-554.50,331.50,183.3240,52.4078
3251706,-485.50,175.50,189.4375,102.0612
3255612,-635.50,-1315.50,192.0323,147.2603
3259518,-748.50,-2047.50,185.5523,133.7570
3263424,-702.50,-1166.50,188.6626,97.6777
3267330,-544.50,279.50,205.7205,97.2794
3271236,-431.50,320.50,225.4674,147.3793
3275142,-517.50,-1097.50,245.3504,191.4266
3279048,-702.50,-2047.50,254.3709,175.3928
3282954,-656.50,-1323.50,252.3466,129.7138
3286860,-490.50,175.50,261.7715,119.5421
3290766,-372.50,437.50,283.2503,166.1698
3294672,-396.50,-881.50,309.4379,214.7768
3298578,-558.50,-1996.50,337.7854,208.5074
3302484,-563.50,-1461.50,356.4944,167.2729
3306390,-406.50,59.50,367.6898,153.2651
3310296,-329.50,511.50,370.4072,189.4726
3314202,-342.50,-649.50,364.0597,233.2019
3318108,-478.50,-1903.50,369.4595,238.7515
3322014,-531.50,-1578.50,385.1399,209.6961
3325920,-376.50,-37.50,397.0165,198.7531
3329826,-239.50,624.50,407.7774,240.1491
3333732,-284.50,-412.50,413.5704,289.8791
3337638,-436.50,-1770.50,409.9777,295.4905
3341544,-474.50,-1648.50,408.8451,265.4421
3345450,-357.50,-162.50,418.1590,252.2281
3349356,-226.50,751.50,426.0032,295.5404
3353262,-239.50,-128.50,422.8110,362.8254
3357168,-384.50,-1558.50,415.9307,388.1797
3361074,-477.50,-1663.50,411.2058,364.9974
3364980,-401.50,-221.50,403.5482,350.6827
3368886,-268.50,848.50,388.3305,391.7506
3372792,-259.50,157.50,370.6746,455.7565
3376698,-376.50,-1327.50,363.1825,478.7140
3380604,-512.50,-1686.50,363.6633,448.0848
3384510,-414.50,-403.50,361.2836,404.6963
3388416,-229.50,816.50,365.9345,401.8959
3392322,-182.50,320.50,383.0610,435.7889
3396228,-341.50,-1183.50,393.8826,450.7339
3400134,-414.50,-1712.50,394.9112,428.8536
3404040,-322.50,-524.50,408.5145,409.8976
3407946,-189.50,808.50,429.5648,431.4557
3411852,-154.50,557.50,430.2041,478.7329
3415758,-302.50,-976.50,408.2591,498.0572
3419664,-447.50,-1724.50,379.0322,463.8773
3423570,-378.50,-692.50,362.2720,421.6999
3427476,-206.50,731.50,369.0263,424.8387
3431382,-130.50,695.50,385.1070,461.8369
3435288,-226.50,-732.50,395.0446,487.9773
3439194,-380.50,-1662.50,396.4831,480.6437
3443100,-361.50,-815.50,391.5878,460.0800
3447006,-206.50,687.50,386.5341,465.6846
3450912,-78.50,934.50,389.4605,509.7755
3454818,-193.50,-471.50,396.6954,551.9754
3458724,-338.50,-1577.50,395.2991,542.0201
3462630,-356.50,-956.50,386.9510,498.1967
3466536,-170.50,582.50,385.2591,477.1577
3470442,-15.50,1102.50,402.0232,512.7056
3474348,-30.50,-168.50,437.6892,577.2955
3478254,-157.50,-1404.50,479.8397,601.8827
3482160,-201.50,-1037.50,508.9290,574.0424
3486066,-76.50,478.50,512.2647,535.9864
3489972,63.50,1165.50,500.5192,532.7038
3493878,42.50,-15.50,494.5698,551.1572
3497784,-120.50,-1382.50,497.9379,533.9467
3501690,-191.50,-1210.50,496.9193,486.1812
3505596,-68.50,282.50,487.4504,453.1141
3509502,118.50,1215.50,484.8083,469.8328
3513408,80.50,170.50,492.9132,510.4425
3517314,-49.50,-1261.50,498.7533,505.5322
3521220,-184.50,-1291.50,492.4554,468.1758
3525126,-84.50,118.50,469.9020,444.8247
3529032,16.50,1175.50,436.5808,449.5363
3532938,16.50,337.50,400.5436,462.5464
3536844,-154.50,-1130.50,370.2732,448.5561
3540750,-285.50,-1436.50,345.1052,415.3389
3544656,-205.50,-96.50,321.2846,385.4607
3548562,-32.50,1127.50,307.6981,385.0851
3552468,7.50,506.50,308.4248,405.8223
3556374,-139.50,-1032.50,313.3620,397.2295
3560280,-255.50,-1523.50,312.9434,359.4766
3564186,-204.50,-337.50,307.4258,324.1904
3568092,-79.50,978.50,293.0574,308.8223
3571998,-24.50,607.50,270.0432,309.0849
3575904,-120.50,-902.50,257.4846,302.3901
3579810,-250.50,-1618.50,263.6893,281.5103
3583716,-219.50,-576.50,272.3032,254.1739
3587622,-79.50,815.50,268.7191,233.4523
3591528,-9.50,739.50,254.3609,232.2390
3595434,-66.50,-693.50,248.4951,251.3564
3599340,-153.50,-1512.50,270.8290,283.5797
3603246,-95.50,-573.50,315.5798,326.4260
3607152,137.50,971.50,369.4509,382.3766
3611058,295.50,1245.50,430.1792,463.9193
3614964,304.50,-150.50,497.8774,556.9744
3618870,242.50,-1088.50,573.5210,625.8349
3622776,316.50,-303.50,652.8500,687.4773
3626682,571.50,1435.50,733.3617,787.2183
3630588,784.50,2047.50,819.3468,956.5478
3634494,770.50,507.50,900.4696,1103.2859
3638400,689.50,-580.50,962.8287,1116.4733
3642306,752.50,-15.50,1017.5976,1091.3621
3646212,950.50,2047.50,1076.5744,1195.3319
3650118,1216.50,2047.50,1143.8137,1337.4254
3654024,1173.50,960.50,1211.2477,1295.4939
3657930,1008.50,-239.50,1242.5994,1188.9102
3661836,978.50,77.50,1233.5046,1190.3109
3665742,1167.50,2047.50,1225.2575,1303.8146
3669648,1374.50,2047.50,1243.5224,1377.4888
3673554,1299.50,1291.50,1263.1544,1252.1292
3677460,1108.50,-35.50,1243.9252,1140.2446
3681366,997.50,67.50,1190.8743,1172.4617
3685272,1111.50,1872.50,1135.8449,1274.2684
3689178,1280.50,2047.50,1099.5841,1297.0504
3693084,1218.50,1557.50,1071.5903,1146.9037
3696990,941.50,31.50,1013.4739,1042.3234
3700896,807.50,-127.50,920.8502,1043.6489
3704802,867.50,1362.50,834.1157,1048.9755
3708708,975.50,2047.50,767.3078,1002.6526
3712614,956.50,1683.50,705.9780,906.3579
3716520,763.50,79.50,647.5023,875.2880
3720426,610.50,-335.50,594.3662,872.9509
3724332,653.50,912.50,545.9355,821.3901
3728238,763.50,2047.50,495.6456,749.9769
3732144,763.50,1855.50,437.2338,727.2367
3736050,597.50,117.50,379.8867,757.3178
3739956,447.50,-470.50,336.2852,731.9355
3743862,453.50,624.50,301.6032,649.2728
3747768,576.50,2047.50,260.2719,597.4590
3751674,619.50,2003.50,212.0869,630.3194
3755580,467.50,173.50,169.2306,668.9842
3759486,304.50,-623.50,135.8294,588.6183
3763392,306.50,303.50,108.5954,457.7247
3767298,432.50,2047.50,79.2829,426.1606
3771204,483.50,2032.50,41.6008,516.9221
3775110,350.50,233.50,0.5204,550.2853
3779016,167.50,-767.50,-36.1610,418.7995
3782922,143.50,-37.50,-67.3962,256.5353
3786828,282.50,1715.50,-95.1568,200.4829
3790734,368.50,2047.50,-120.2331,278.1568
3794640,287.50,299.50,-139.3748,334.8900
3798546,83.50,-879.50,-154.6131,233.6891
3802452,37.50,-353.50,-176.4110,81.5415
3806358,146.50,1198.50,-206.7532,-16.0717
3810266,208.50,2047.50,-246.7718,3.2045
3814172,138.50,352.50,-291.0981,83.3596
3818078,-50.50,-952.50,-323.0826,42.6231
3821984,-102.50,-655.50,-340.0321,-79.5385
3825890,18.50,838.50,-349.2116,-179.4181
3829796,117.50,1895.50,-361.4937,-192.4913
3833702,62.50,412.50,-382.9910,-134.4654
3837608,-122.50,-1007.50,-405.5809,-157.6745
3841514,-206.50,-902.50,-423.3259,-240.9554
3845420,-94.50,543.50,-435.6377,-307.7876
3849326,43.50,1744.50,-443.1580,-319.5185
3853232,38.50,511.50,-445.7329,-279.5242
3857138,-129.50,-946.50,-442.8189,-288.7792
3861044,-224.50,-1067.50,-439.7523,-326.7071
3864950,-129.50,303.50,-439.8433,-358.4888
3868856,16.50,1598.50,-442.7049,-375.4589
3872762,39.50,667.50,-444.6536,-360.4290
3876668,-90.50,-815.50,-436.4146,-358.3350
3880574,-174.50,-1180.50,-415.1500,-359.0160
3884480,-100.50,117.50,-391.6370,-364.6546
3888386,30.50,1509.50,-383.8235,-375.7813
3892292,14.50,831.50,-401.8259,-373.3103
3896198,-132.50,-703.50,-433.3994,-384.3442
3900104,-245.50,-1286.50,-452.6688,-393.5494
3904010,-196.50,-148.50,-452.5702,-406.5707
3907916,-84.50,1301.50,-454.8183,-437.2326
3911822,-40.50,928.50,-472.5334,-459.2343
3915728,-168.50,-616.50,-490.1222,-471.1756
3919634,-304.50,-1412.50,-494.9742,-472.0300
3923540,-271.50,-411.50,-491.2350,-478.3554
3927446,-121.50,1057.50,-486.6966,-509.3475
3931352,-41.50,976.50,-483.7384,-545.4128
3935258,-141.50,-480.50,-477.6343,-554.2983
3939164,-301.50,-1432.50,-469.9442,-523.5372
3943070,-282.50,-623.50,-465.4270,-493.9388
3946976,-145.50,898.50,-463.5029,-507.0180
3950882,-59.50,1130.50,-465.5428,-532.7750
3954788,-152.50,-276.50,-469.5102,-524.5338
3958694,-306.50,-1409.50,-470.0538,-489.8735
3962600,-313.50,-802.50,-465.5946,-469.2410
3966506,-176.50,693.50,-459.0169,-495.2428
3970412,-76.50,1212.50,-456.5107,-535.1411
3974318,-160.50,-112.50,-460.3713,-531.2211
3978224,-309.50,-1389.50,-464.4371,-500.3006
3982130,-335.50,-990.50,-460.1492,-482.3126
3986036,-206.50,505.50,-449.7197,-500.8903
3989942,-79.50,1258.50,-441.3004,-530.6817
3993848,-111.50,55.50,-432.9791,-524.5696
3997754,-268.50,-1327.50,-420.8412,-500.6224
4001660,-318.50,-1133.50,-408.3867,-481.6253
4005566,-209.50,341.50,-400.1003,-483.1372
4009472,-57.50,1280.50,-395.0116,-497.9604
4013378,-91.50,225.50,-389.3988,-497.3692
4017284,-232.50,-1257.50,-382.4211,-494.3683
4021190,-309.50,-1277.50,-373.1576,-489.6190
4025096,-217.50,119.50,-365.4902,-490.0762
4029002,-92.50,1200.50,-367.2708,-508.2875
4032908,-91.50,359.50,-375.4208,-523.3202
4036814,-228.50,-1148.50,-377.0129,-523.9927
4040720,-374.50,-1432.50,-376.7004,-509.2229
4044626,-363.50,-129.50,-398.8574,-506.7338
4048532,-225.50,1056.50,-441.3058,-537.0829
4052438,-216.50,447.50,-474.6420,-573.7160
4056344,-393.50,-1102.50,-493.0898,-589.9104
4060250,-527.50,-1599.50,-509.7965,-580.0718
4064156,-495.50,-405.50,-527.0072,-571.2646
4068062,-366.50,902.50,-544.1223,-588.4658
4071968,-358.50,541.50,-564.1609,-615.3954
4075874,-512.50,-975.50,-587.5659,-619.9351
4079780,-620.50,-1691.50,-602.2901,-596.1035
4083686,-594.50,-665.50,-598.8110,-581.5914
4087592,-442.50,743.50,-588.5648,-602.5880
4091498,-366.50,615.50,-578.8394,-635.3560
4095404,-457.50,-835.50,-563.5755,-639.7535
4099310,-591.50,-1741.50,-542.4386,-607.3349
4103216,-609.50,-883.50,-528.7747,-579.7702
4107122,-458.50,613.50,-529.8915,-586.2965
4111028,-367.50,718.50,-532.0117,-606.8026
4114934,-444.50,-652.50,-523.2131,-606.1307
4118840,-568.50,-1703.50,-502.9436,-569.4191
4122746,-557.50,-1008.50,-474.6808,-524.0841
4126652,-384.50,492.50,-442.6257,-510.0697
4130558,-303.50,845.50,-416.4618,-526.2395
4134464,-367.50,-433.50,-405.4482,-531.4087
4138370,-477.50,-1633.50,-394.5662,-502.9372
4142276,-465.50,-1162.50,-364.4727,-465.4491
4146182,-287.50,378.50,-318.0399,-451.1160
4150088,-133.50,1010.50,-267.3464,-446.5680
4153994,-161.50,-156.50,-222.6524,-421.3913
4157900,-313.50,-1487.50,-191.8880,-382.7168
4161806,-336.50,-1219.50,-173.1247,-349.6203
4165712,-250.50,271.50,-163.5808,-338.0167
4169618,-88.50,1114.50,-161.8292,-339.2222
4173524,-100.50,79.50,-153.0945,-326.7516
4177430,-249.50,-1341.50,-135.0312,-304.3501
4181336,-305.50,-1273.50,-118.6482,-276.2685
4185242,-204.50,160.50,-106.5371,-253.1626
4189148,-64.50,1214.50,-100.2550,-239.1799
4193054,-47.50,319.50,-94.8089,-222.6723
4196960,-172.50,-1186.50,-80.4955,-217.3583
4200866,-248.50,-1360.50,-59.1586,-216.1794
4204772,-172.50,-28.50,-42.4992,-214.1171
4208678,-14.50,1168.50,-35.6772,-217.2829
4212584,13.50,501.50,-30.7212,-212.8578
4216490,-148.50,-1024.50,-27.2193,-204.5411
4220396,-265.50,-1447.50,-33.3517,-194.7074
4224302,-202.50,-218.50,-43.8196,-191.5530
4228208,-49.50,1086.50,-49.1123,-200.5592
4232114,-15.50,610.50,-49.6229,-213.4589
4236020,-143.50,-909.50,-49.4066,-227.2689
4239926,-271.50,-1548.50,-50.1109,-228.4179
4243832,-221.50,-441.50,-50.1870,-221.4785
4247738,-52.50,958.50,-45.1411,-221.0788
4251644,-1.50,752.50,-36.6954,-224.7063
4255550,-112.50,-728.50,-32.2689,-223.1969
4259456,-252.50,-1568.50,-32.2145,-209.3754
4263362,-233.50,-623.50,-33.8149,-195.5314
4267268,-74.50,846.50,-34.2595,-194.1635
4271174,13.50,867.50,-29.8953,-202.8873
4275080,-90.50,-539.50,-23.8469,-206.9781
4278986,-241.50,-1569.50,-22.6226,-195.1760
4282892,-239.50,-821.50,-25.0072,-183.7632
4286798,-89.50,688.50,-25.1101,-188.2501
4290704,33.50,978.50,-18.0957,-197.9071
4294610,-70.50,-356.50,-9.1555,-194.7223
4298516,-232.50,-1536.50,-11.1043,-179.9197
4302422,-261.50,-1024.50,-21.5493,-174.0583
4306328,-128.50,498.50,-30.1712,-190.2668
4310234,11.50,1047.50,-30.3866,-205.7497
4314140,-47.50,-178.50,-20.9640,-196.1140
4318046,-209.50,-1518.50,-12.2397,-181.8073
4321952,-272.50,-1166.50,-13.3675,-178.5962
4325858,-132.50,353.50,-18.9846,-177.7343
4329764,15.50,1105.50,-16.3643,-171.6935
4333670,-32.50,19.50,-7.4409,-158.4800
4337576,-191.50,-1397.50,-4.1384,-148.6025
4341482,-260.50,-1274.50,-6.1810,-141.4911
4345388,-162.50,173.50,-9.8072,-137.8781
4349294,-4.50,1162.50,-12.7136,-133.7967
4353200,-26.50,240.50,-11.8971,-115.7830
4357106,-177.50,-1263.50,-10.4153,-103.0892
4361012,-280.50,-1357.50,-12.0378,-99.6442
4364918,-208.50,17.50,-20.0345,-95.6369
4368824,-52.50,1161.50,-31.8136,-90.8602
4372730,-47.50,427.50,-38.9360,-80.9712
4376636,-208.50,-1103.50,-43.2759,-77.0004
4380542,-316.50,-1461.50,-49.0888,-78.9213
4384448,-253.50,-190.50,-54.1826,-84.9420
4388354,-97.50,1078.50,-57.9463,-93.7014
4392260,-68.50,579.50,-60.7205,-93.7116
4396166,-208.50,-962.50,-62.9924,-89.5489
4400072,-342.50,-1537.50,-66.4814,-85.4748
4403978,-306.50,-384.50,-73.0377,-84.2516
4407884,-143.50,994.50,-80.3473,-85.8453
4411790,-74.50,736.50,-80.6928,-82.5440
4415696,-196.50,-780.50,-73.4658,-74.8520
4419602,-328.50,-1540.50,-65.4334,-63.0341
4423508,-292.50,-556.50,-57.9855,-52.2679
4427414,-110.50,891.50,-46.5365,-53.2242
4431320,-44.50,835.50,-33.3832,-65.8489
4435226,-128.50,-596.50,-24.3583,-75.6914
4439132,-292.50,-1561.50,-19.1116,-68.4693
4443038,-281.50,-756.50,-17.9306,-56.6926
4446944,-142.50,748.50,-20.1800,-57.5459
4450850,-47.50,944.50,-24.6186,-66.9092
4454756,-141.50,-405.50,-30.2286,-69.4484
4458662,-293.50,-1544.50,-34.0371,-59.2808
4462568,-324.50,-952.50,-36.1199,-52.9011
4466474,-172.50,570.50,-37.3579,-63.4346
4470380,-58.50,1008.50,-35.8322,-79.2755
4474286,-137.50,-264.50,-35.0307,-86.5124
4478192,-285.50,-1550.50,-36.8594,-89.6189
4482098,-317.50,-1158.50,-33.9477,-94.8197
4486004,-184.50,384.50,-25.6904,-99.6357
4489910,-62.50,1071.50,-20.1187,-93.6918
4493816,-127.50,-74.50,-23.8115,-78.4873
4497722,-289.50,-1455.50,-34.8078,-71.3430
4501628,-354.50,-1282.50,-43.7525,-70.9031
4505534,-239.50,207.50,-46.7689,-72.5290
4509440,-93.50,1085.50,-45.7824,-73.0966
4513346,-110.50,117.50,-41.6531,-67.4639
4517252,-255.50,-1344.50,-34.4431,-62.6814
4521158,-318.50,-1349.50,-22.5776,-50.4896
4525064,-221.50,32.50,-8.7093,-34.6399
4528970,-53.50,1138.50,2.2873,-25.7159
4532876,-50.50,346.50,11.3883,-12.7722
4536782,-207.50,-1146.50,16.5286,-0.3608
4540688,-286.50,-1433.50,19.3695,9.3063
4544594,-222.50,-121.50,23.8434,11.9555
4548500,-89.50,1097.50,20.4059,6.9011
4552406,-68.50,502.50,6.9169,2.3344
4556312,-205.50,-1033.50,-3.8249,-7.1416
4560218,-320.50,-1517.50,-5.6236,-11.0688
4564124,-272.50,-338.50,-4.2721,-7.6777
4568030,-114.50,1003.50,-5.7283,-8.5391
4571936,-94.50,643.50,-12.3625,-12.2229
4575842,-209.50,-892.50,-21.9756,-20.3980
4579748,-336.50,-1590.50,-25.1134,-26.2513
4583654,-320.50,-544.50,-24.2559,-24.3200
4587560,-164.50,889.50,-28.6002,-21.2521
4591466,-111.50,760.50,-36.2018,-22.1935
4595372,-232.50,-717.50,-45.1804,-27.9010
4599278,-378.50,-1625.50,-54.0990,-30.8074
4603184,-369.50,-765.50,-59.8509,-32.6429
4607090,-214.50,725.50,-61.7566,-40.5045
4610996,-127.50,835.50,-60.2770,-51.6048
4614902,-212.50,-557.50,-56.2628,-58.4233
4618808,-364.50,-1630.50,-51.0158,-54.2632
4622714,-366.50,-959.50,-46.0044,-46.4120
4626620,-238.50,548.50,-44.0409,-50.0126
4630526,-114.50,931.50,-44.2517,-59.3472
4634432,-180.50,-344.50,-39.3236,-53.2099
4638338,-332.50,-1589.50,-29.8933,-36.1859
4642244,-376.50,-1148.50,-24.7037,-33.0214
4646150,-239.50,395.50,-25.7121,-46.1579
4650056,-94.50,987.50,-23.4136,-54.7406
4653962,-164.50,-175.50,-16.2236,-49.3994
4657868,-320.50,-1519.50,-14.4653,-39.0954
4661774,-374.50,-1285.50,-16.8150,-32.2652
4665680,-217.50,245.50,-11.0710,-30.2528
4669586,-136.50,1072.50,-3.6326,-20.1214
4673492,-160.50,32.50,-11.3314,-3.3229
4677398,-308.50,-1423.50,-22.2065,-2.3593
4681304,-403.50,-1388.50,-25.6016,-10.4455
4685210,-333.50,50.50,-35.5138,-13.8547
4689116,-194.50,1072.50,-54.8309,-9.8825
4693022,-172.50,247.50,-64.8961,5.7860
4696928,-352.50,-1327.50,-61.7852,9.6931
4700834,-575.50,-1611.50,-83.2783,-24.0993
4704740,-560.50,-300.50,-152.2162,-86.6775
4708646,-447.50,784.50,-232.8334,-153.8066
4712552,-527.50,92.50,-300.3265,-216.2195
4716458,-766.50,-1544.50,-372.4188,-283.2774
4720364,-911.50,-1998.50,-446.2436,-348.2978
4724270,-862.50,-829.50,-493.3416,-399.7957
4728176,-751.50,389.50,-514.3882,-450.5291
4732082,-738.50,-16.50,-532.1187,-497.5240
4735988,-959.50,-1618.50,-562.5546,-528.9910
4739894,-1122.50,-2047.50,-607.6973,-513.8507
4743800,-1050.50,-1194.50,-638.7874,-471.7700
4747706,-904.50,167.50,-636.5582,-498.1945
4751612,-847.50,-52.50,-621.7700,-572.9307
4755518,-946.50,-1577.50,-606.8123,-624.2993
4759424,-1088.50,-2047.50,-587.5581,-583.4236
4763330,-1066.50,-1455.50,-568.6251,-481.7187
4767236,-872.50,-29.50,-548.6869,-485.7663
4771142,-736.50,-6.50,-513.9248,-573.5313
4775048,-828.50,-1445.50,-467.3433,-629.7614
4778954,-974.50,-2047.50,-429.4033,-577.9019
4782860,-885.50,-1585.50,-392.8218,-446.1937
4786766,-715.50,-95.50,-340.8706,-404.8059
4790672,-558.50,203.50,-285.7966,-445.3934
4794578,-559.50,-1104.50,-228.1677,-459.5517
4798484,-682.50,-2047.50,-162.0810,-412.5231
4802390,-617.50,-1611.50,-93.9788,-325.2104
4806296,-512.50,-47.50,-38.4473,-269.7954
4810202,-324.50,511.50,-6.9140,-236.1642
4814108,-325.50,-623.50,26.1308,-182.4533
4818014,-403.50,-1880.50,83.0706,-126.3239
4821920,-382.50,-1508.50,156.1958,-80.8924
4825826,-251.50,69.50,221.1557,-28.9051
4829732,-113.50,814.50,254.0880,39.6044
4833638,-116.50,-175.50,265.0975,106.9664
4837544,-207.50,-1560.50,285.3229,151.4866
4841450,-223.50,-1409.50,327.8254,176.0879
4845356,-79.50,112.50,378.2211,209.5736
4849266,99.50,1099.50,420.3954,273.0510
4853172,121.50,228.50,453.6889,344.6505
4857078,7.50,-1247.50,483.2144,378.7633
4860984,-84.50,-1342.50,505.1720,377.3283
4864890,-9.50,71.50,508.3745,380.5840
4868796,165.50,1235.50,499.4853,415.6557
4872702,163.50,501.50,493.5631,462.5669
4876608,11.50,-1007.50,486.3503,473.0781
4880514,-92.50,-1377.50,474.4123,449.7952
4884420,-9.50,-79.50,466.3750,427.3769
4888326,169.50,1232.50,468.7497,438.2206
4892232,222.50,719.50,480.8140,475.6979
4896138,109.50,-808.50,496.2163,489.3124
4900044,-6.50,-1374.50,508.1403,473.4504
4903950,70.50,-213.50,516.3539,458.6412
4907856,247.50,1247.50,526.6749,476.4133
4911762,278.50,934.50,532.5469,518.8474
4915668,139.50,-606.50,520.4676,525.7786
4919574,-17.50,-1368.50,493.6629,492.7737
4923480,-11.50,-396.50,462.7214,461.6251
4927386,128.50,1103.50,433.2288,454.2913
4931292,229.50,1049.50,414.5491,467.3129
4935198,74.50,-431.50,403.6911,467.3684
4939104,-91.50,-1391.50,381.9249,444.0893
4943010,9.50,-585.50,369.6817,420.1529
4946916,165.50,1000.50,392.5613,420.9627
4950822,144.50,1218.50,401.1178,453.2964
4954728,16.50,-256.50,353.2152,467.6880
4958634,-113.50,-1359.50,294.3509,434.2468
4962540,-111.50,-754.50,272.7283,396.9746
4966446,39.50,792.50,279.0516,383.2880
4970352,147.50,1392.50,288.1819,411.4666
4974258,109.50,19.50,296.0621,465.0513
4978164,-47.50,-1240.50,306.9573,474.1214
4982070,-101.50,-857.50,309.6160,444.7136
4985976,61.50,705.50,302.6289,423.9616
4989882,163.50,1573.50,297.3285,457.0516
4993788,112.50,254.50,290.4691,517.4562
4997694,-44.50,-1130.50,281.3925,506.7603
5001600,-111.50,-944.50,272.9623,454.2023
5005506,-9.50,560.50,260.0680,428.7610
5009412,131.50,1680.50,244.4244,465.8516
5013318,125.50,485.50,238.0423,532.1135
5017224,-41.50,-980.50,241.3192,519.3632
5021130,-125.50,-1024.50,240.1900,461.7571
5025036,-26.50,383.50,230.9808,429.7049
5028942,123.50,1633.50,221.2784,441.9259
5032848,125.50,655.50,216.5066,475.5212
5036754,-32.50,-876.50,214.4599,450.0044
5040660,-129.50,-1184.50,210.0253,390.4082
5044566,-47.50,135.50,203.6561,349.2942
5048472,102.50,1452.50,196.9893,337.7821
5052378,112.50,774.50,188.8300,345.3605
5056284,-33.50,-767.50,178.8097,329.1080
5060190,-143.50,-1284.50,170.3021,303.9416
5064096,-79.50,-90.50,166.0164,288.0124
5068002,75.50,1305.50,163.3646,276.9084
5071908,90.50,885.50,155.3523,267.1519
5075814,-49.50,-661.50,138.5820,241.9023
5079720,-189.50,-1369.50,119.4930,220.1493
5083626,-190.50,-340.50,98.0303,211.4356
5087532,-62.50,1118.50,67.5490,197.7180
5091438,14.50,976.50,39.6945,178.2738
5095344,-96.50,-524.50,30.2464,158.1458
5099250,-226.50,-1401.50,35.0220,153.9338
5103156,-209.50,-550.50,42.3388,163.2895
5107062,-63.50,949.50,44.4542,156.1915
5110968,16.50,1117.50,39.9636,139.7585
5114874,-88.50,-332.50,32.1498,135.7191
5118780,-237.50,-1404.50,24.1677,139.1917
5122686,-253.50,-771.50,17.1159,135.3830
5126592,-108.50,748.50,10.2920,108.0044
5130498,-15.50,1191.50,3.8257,81.6422
5134404,-74.50,-191.50,0.8963,80.5274
5138310,-236.50,-1406.50,3.0073,81.8577
5142216,-258.50,-959.50,5.3451,78.0900
5146122,-139.50,567.50,3.4640,63.9771
5150028,-33.50,1226.50,-5.0254,49.0753
5153934,-80.50,-24.50,-15.1154,47.9010
5157840,-249.50,-1370.50,-20.7955,42.2986
5161746,-306.50,-1153.50,-26.3727,31.6924
5165652,-193.50,352.50,-34.3813,14.7577
5169558,-74.50,1203.50,-43.7492,-1.5380
5173464,-111.50,134.50,-53.4984,-4.5898
5177370,-271.50,-1308.50,-61.2446,-8.0556
5181276,-346.50,-1280.50,-66.5737,-7.0958
5185182,-241.50,158.50,-70.0246,-5.1046
5189088,-122.50,1182.50,-75.2147,-11.7641
5192994,-142.50,304.50,-86.2753,-19.9199
5196900,-302.50,-1206.50,-99.4571,-30.5228
5200806,-384.50,-1396.50,-107.5380,-31.0692
5204712,-303.50,-68.50,-108.8528,-28.0526
5208618,-140.50,1095.50,-105.9350,-42.4700
5212524,-124.50,469.50,-99.2482,-59.2527
5216430,-235.50,-1051.50,-86.9086,-58.5403
5220336,-358.50,-1487.50,-73.0339,-40.4733
5224242,-269.50,-236.50,-64.4858,-25.6725
5228148,-125.50,1058.50,-59.7492,-27.3682
5232054,-85.50,640.50,-57.5480,-37.7223
5235960,-194.50,-906.50,-53.5310,-47.1731
5239866,-356.50,-1562.50,-50.4025,-48.9793
5243772,-329.50,-450.50,-62.1210,-47.5977
5247678,-189.50,912.50,-83.9901,-57.0728
5251584,-143.50,726.50,-102.6215,-81.1039
5255490,-284.50,-762.50,-117.8676,-98.3220
5259396,-379.50,-1565.50,-124.9968,-84.8076
5263302,-448.50,-704.50,-130.6849,-65.2480
5267208,-374.50,629.50,-167.4151,-102.5662
5271114,-437.50,603.50,-247.8338,-204.7914
5275020,-632.50,-911.50,-356.0100,-314.3137
5278926,-879.50,-2004.50,-466.8286,-395.3950
5282832,-1024.50,-1417.50,-574.3325,-471.2692
5286738,-988.50,-26.50,-686.2628,-578.7351
5290644,-1039.50,219.50,-799.6581,-695.6455
5294550,-1183.50,-1153.50,-904.6113,-770.2632
5298456,-1359.50,-2047.50,-977.8035,-746.0957
5302362,-1455.50,-1858.50,-1017.3654,-675.7018
5306268,-1393.50,-472.50,-1052.8010,-727.9974
5310174,-1327.50,-50.50,-1093.2243,-884.5886
5314080,-1406.50,-1294.50,-1123.3323,-1007.7455
5317986,-1504.50,-2047.50,-1123.8844,-967.9717
5321892,-1584.50,-2047.50,-1098.4784,-787.9743
5325798,-1423.50,-736.50,-1068.6763,-734.8694
5329704,-1263.50,-79.50,-1029.7493,-856.5447
5333610,-1280.50,-1185.50,-978.5238,-980.8632
5337516,-1425.50,-2047.50,-933.8419,-958.5088
5341422,-1464.50,-2047.50,-901.3648,-766.5798
5345328,-1328.50,-929.50,-868.3004,-655.1374
5349234,-1172.50,-104.50,-827.4086,-752.0945
5353140,-1192.50,-1001.50,-788.9633,-892.8887
5357046,-1265.50,-2047.50,-752.3326,-901.2456
5360952,-1360.50,-2047.50,-710.3976,-730.1872
5364858,-1273.50,-1103.50,-678.7071,-588.5399
5368764,-1112.50,-115.50,-659.6370,-651.4303
5372670,-1051.50,-751.50,-630.7153,-776.2945
5376576,-1192.50,-2047.50,-589.8810,-798.7537
5380482,-1252.50,-2047.50,-551.9453,-673.3231
5384388,-1181.50,-1220.50,-519.0900,-524.7062
5388294,-1016.50,-72.50,-490.2324,-533.4416
5392200,-954.50,-488.50,-461.2219,-615.0550
5396106,-1037.50,-2002.50,-423.4207,-651.9661
5400012,-1135.50,-2047.50,-380.4189,-592.8478
5403918,-1090.50,-1280.50,-346.5361,-454.5549
5407824,-911.50,-2.50,-323.2032,-401.7093
5411730,-800.50,-225.50,-291.1155,-428.0747
5415636,-928.50,-1749.50,-250.9490,-453.9280
5419542,-1087.50,-2047.50,-231.8474,-429.7852
5423448,-1002.50,-1408.50,-227.8523,-342.7423
5427354,-840.50,-46.50,-207.1100,-315.7356
5431260,-792.50,-100.50,-180.8731,-346.0691
5435166,-880.50,-1536.50,-170.5173,-374.1877
5439072,-1039.50,-2047.50,-170.1289,-354.4971
5442978,-1007.50,-1540.50,-168.1782,-275.4447
5446884,-825.50,-114.50,-150.6396,-246.9012
5450790,-718.50,96.50,-117.1715,-255.1170
5454696,-783.50,-1276.50,-84.1934,-253.2502
5458602,-892.50,-2047.50,-55.2751,-238.3624
5462508,-905.50,-1659.50,-27.5254,-199.2890
5466414,-740.50,-161.50,-3.4500,-182.0808
5470320,-568.50,274.50,27.3416,-159.6159
5474226,-610.50,-952.50,70.6329,-118.3105
5478132,-811.50,-2047.50,98.4881,-104.8471
5482038,-863.50,-1780.50,91.0692,-120.7291
5485944,-719.50,-239.50,73.8132,-134.2740
5489850,-558.50,389.50,77.5929,-93.3071
5493756,-623.50,-692.50,95.3922,-29.0821
5497662,-729.50,-2033.50,111.5778,-25.0533
5501568,-784.50,-1850.50,131.3821,-72.3563
5505474,-672.50,-350.50,150.3701,-86.8481
5509380,-527.50,485.50,159.6686,-24.4712
5513286,-520.50,-401.50,167.8863,61.0338
5517192,-648.50,-1839.50,184.2333,88.6833
5521098,-688.50,-1870.50,210.3404,53.1833
5525004,-579.50,-425.50,241.2498,35.0189
5528910,-366.50,614.50,275.0869,93.7994
5532816,-360.50,-106.50,310.9927,184.8946
5536722,-547.50,-1589.50,326.7882,221.4102
5540628,-625.50,-1864.50,316.5648,187.6859
5544534,-530.50,-513.50,309.9992,156.7624
5548440,-380.50,653.50,316.2280,191.9324
5552346,-314.50,150.50,327.7855,264.5916
5556252,-447.50,-1374.50,344.4509,298.3636
5560158,-517.50,-1829.50,365.0329,272.0231
5564064,-478.50,-610.50,384.0554,248.4327
5567970,-348.50,672.50,385.4738,279.3873
5571876,-301.50,397.50,368.3692,342.2260
5575782,-444.50,-1166.50,348.7139,369.9447
5579688,-585.50,-1889.50,330.9149,321.2267
5583594,-525.50,-816.50,320.7566,255.4427
5587500,-368.50,578.50,324.2402,254.2181
5591406,-292.50,499.50,332.8117,305.4232
5595312,-399.50,-966.50,337.9939,340.1646
5599218,-545.50,-1903.50,337.8786,313.0229
5603124,-527.50,-1059.50,334.1329,248.9607
5607030,-361.50,418.50,333.4446,218.2485
5610936,-241.50,559.50,342.8454,243.6355
5614842,-288.50,-811.50,365.9854,277.0227
5618748,-416.50,-1810.50,397.2744,282.9328
5622654,-461.50,-1149.50,415.3730,278.2773
5626560,-384.50,309.50,397.3201,279.9665
5630466,-280.50,685.50,353.3423,291.8320
5634372,-332.50,-604.50,321.5093,303.5149
5638278,-515.50,-1839.50,310.6984,282.2956
5642184,-529.50,-1382.50,305.5676,233.8227
5646090,-358.50,157.50,312.3794,212.6990
5649996,-178.50,752.50,342.0091,244.9989
5653902,-205.50,-378.50,382.8627,292.5640
5657808,-410.50,-1705.50,403.1954,304.5593
5661714,-417.50,-1458.50,397.8251,282.8284
5665620,-314.50,51.50,393.9936,272.0291
5669526,-126.50,849.50,401.6325,299.7729
5673432,-81.50,-109.50,428.4254,344.2399
5677338,-218.50,-1485.50,471.4050,369.8365
5681244,-273.50,-1434.50,506.3831,377.6811
5685150,-154.50,-0.50,526.4351,389.4333
5689056,25.50,1018.50,540.6779,423.2317
5692962,109.50,223.50,565.7770,471.4724
5696868,64.50,-1195.50,619.9173,502.5927
5700774,-46.50,-1379.50,683.6050,513.5758
5704680,14.50,-15.50,711.0322,524.2862
5708586,173.50,1150.50,699.2610,553.8598
5712492,272.50,537.50,690.2717,593.3905
5716398,96.50,-913.50,697.3035,613.2061
5720304,-54.50,-1386.50,688.1089,604.8445
5724210,86.50,-126.50,671.9287,583.1601
5728116,183.50,1265.50,671.7657,602.5917
5732022,183.50,809.50,653.4252,663.4455
5735928,49.50,-693.50,607.3607,685.3336
5739834,-81.50,-1342.50,567.7192,654.1646
5743740,-25.50,-239.50,551.8899,618.6417
5747646,181.50,1232.50,561.1647,626.7489
5751552,273.50,1083.50,586.9961,682.7185
5755458,224.50,-383.50,617.7195,729.1137
5759364,153.50,-1182.50,657.1381,737.0482
5763270,237.50,-143.50,709.9477,749.3322
5767176,453.50,1648.50,767.9824,851.0464
5771082,645.50,2001.50,829.0886,1082.4062
5774988,625.50,215.50,896.2452,1267.3005
5778894,573.50,-722.50,965.7453,1238.7027
5782800,657.50,109.50,1037.6748,1147.4953
5786706,880.50,2047.50,1110.0486,1205.7708
5790612,1130.50,2047.50,1185.7708,1352.2412
5794518,1063.50,659.50,1257.7967,1370.9147
5798424,964.50,-372.50,1300.0107,1292.9949
5802330,946.50,190.50,1314.2551,1272.5800
5806236,1143.50,2047.50,1321.6885,1342.7954
5810142,1294.50,2047.50,1333.1749,1393.1920
5814048,1207.50,957.50,1333.5983,1300.1907
5817954,992.50,-225.50,1298.0354,1205.7652
5821860,944.50,140.50,1239.7625,1223.3675
5825766,1084.50,2047.50,1195.7064,1324.3341
5829672,1211.50,2047.50,1172.1139,1371.6948
5833578,1121.50,1137.50,1141.1814,1223.7088
5837484,891.50,-178.50,1081.4584,1076.1784
5841390,779.50,-68.50,1003.2908,1062.8700
5845296,855.50,1646.50,930.8500,1110.9708
5849202,970.50,2047.50,870.6820,1117.4894
5853108,925.50,1300.50,816.2052,1010.6195
5857014,687.50,-174.50,756.2627,917.5388
5860920,570.50,-313.50,688.8638,890.4642
5864826,611.50,1101.50,626.1065,857.6041
5868732,752.50,2047.50,571.8576,807.8459
5872638,733.50,1389.50,524.7716,760.8755
5876544,541.50,-158.50,480.3927,737.8861
5880450,385.50,-542.50,432.4562,708.3417
5884356,425.50,721.50,382.7835,642.4015
5888266,571.50,2047.50,337.4383,595.3613
5892172,558.50,1501.50,295.0693,608.0481
5896078,391.50,-148.50,249.9018,608.5400
5899984,259.50,-720.50,211.1303,543.2925
5903890,259.50,403.50,181.5898,451.6206
5907796,407.50,2047.50,148.4879,431.4119
5911702,435.50,1671.50,111.2900,513.5403
5915608,289.50,-89.50,75.6112,539.8890
5919514,144.50,-878.50,47.5255,428.4290
5923420,135.50,91.50,26.7970,288.3205
5927326,257.50,1882.50,-0.8099,256.1385
5931232,315.50,1749.50,-38.5920,353.7749
5935138,203.50,-10.50,-72.3042,396.3998
5939044,38.50,-988.50,-92.8983,287.0347
5942950,9.50,-225.50,-108.7434,141.4070
5946856,135.50,1360.50,-131.9254,50.2170
5950762,238.50,1766.50,-157.8793,66.5457
5954668,161.50,76.50,-172.2079,131.9543
5958574,16.50,-1076.50,-170.6768,105.8033
5962480,-4.50,-485.50,-161.3631,11.4577
5966386,123.50,1059.50,-157.4479,-69.8991
5970292,217.50,1812.50,-168.0670,-64.5042
5974198,133.50,198.50,-190.7996,8.6440
5978104,-33.50,-1081.50,-214.0583,1.8130
5982010,-96.50,-697.50,-230.6223,-73.5727
5985916,39.50,799.50,-240.9473,-145.8162
5989822,171.50,1773.50,-245.0587,-157.4484
5993728,153.50,337.50,-241.6887,-102.5413
5997634,-28.50,-1032.50,-235.6594,-98.3553
6001540,-136.50,-895.50,-242.9026,-145.1122
6005446,-74.50,511.50,-273.2832,-210.1957
6009352,53.50,1616.50,-315.1920,-259.5599
6013258,27.50,446.50,-347.9217,-248.7534
6017164,-110.50,-1007.50,-359.7408,-241.0997
6021070,-213.50,-1074.50,-355.7698,-250.2042
6024976,-125.50,309.50,-351.8450,-272.6635
6028882,21.50,1551.50,-354.7602,-294.3349
6032788,-17.50,582.50,-367.6402,-287.9557
6036694,-134.50,-927.50,-384.9039,-296.0159
6040600,-245.50,-1260.50,-388.2121,-315.1231
6044506,-165.50,48.50,-379.5463,-343.2756
6048412,-8.50,1339.50,-371.3238,-380.7881
6052318,23.50,699.50,-366.5630,-397.1378
6056224,-136.50,-821.50,-368.1840,-393.2065
6060130,-257.50,-1358.50,-375.6645,-373.0137
6064036,-207.50,-161.50,-381.1029,-367.0820
6067942,-63.50,1203.50,-383.9841,-392.5626
6071848,-0.50,810.50,-386.9226,-423.8844
6075754,-127.50,-720.50,-386.2692,-439.1668
6079660,-262.50,-1452.50,-382.6780,-427.5242
6083566,-234.50,-408.50,-379.1614,-416.7430
6087472,-82.50,1023.50,-377.4932,-436.7565
6091378,-15.50,892.50,-379.1441,-472.4664
6095284,-124.50,-562.50,-382.5235,-483.9877
6099190,-265.50,-1468.50,-382.9558,-451.9811
6103096,-246.50,-607.50,-376.6582,-417.5362
6107002,-97.50,874.50,-366.7553,-427.0780
6110908,-4.50,1014.50,-360.1660,-463.0075
6114814,-98.50,-394.50,-358.6581,-475.6575
6118720,-261.50,-1487.50,-360.6774,-453.3279
6122626,-271.50,-833.50,-362.8780,-433.4747
6126532,-168.50,643.50,-367.9422,-457.4148
6130438,-54.50,1101.50,-380.2694,-498.1174
6134344,-104.50,-222.50,-386.5900,-494.5119
6138250,-255.50,-1455.50,-377.6506,-456.6496
6142156,-285.50,-990.50,-362.5446,-426.6952
6146062,-146.50,511.50,-348.5969,-431.4494
6149968,-19.50,1197.50,-337.8320,-451.4659
6153874,-74.50,-28.50,-332.9949,-444.8942
6157780,-238.50,-1372.50,-334.7133,-422.9136
6161686,-294.50,-1138.50,-337.4637,-404.9999
6165592,-190.50,348.50,-338.1188,-408.3297
6169498,-52.50,1239.50,-339.3589,-421.9614
6173404,-97.50,151.50,-343.6292,-417.5323
6177310,-261.50,-1296.50,-352.1007,-410.7821
6181216,-348.50,-1252.50,-360.8801,-400.8299
6185122,-245.50,131.50,-364.3805,-398.7650
6189028,-92.50,1163.50,-361.2286,-422.8902
6192934,-81.50,295.50,-352.2813,-443.8690
6196840,-232.50,-1192.50,-341.1467,-442.9874
6200746,-340.50,-1406.50,-334.3681,-422.3433
6204652,-271.50,-75.50,-335.4333,-410.6715
6208558,-121.50,1106.50,-341.1620,-424.7750
6212464,-100.50,476.50,-345.5898,-436.3100
6216370,-245.50,-1024.50,-346.5869,-423.1910
6220276,-370.50,-1504.50,-346.8037,-394.6113
6224182,-321.50,-274.50,-349.0650,-387.4710
6228088,-171.50,1033.50,-353.6028,-406.6562
6231994,-150.50,578.50,-361.2983,-429.3670
6235900,-288.50,-939.50,-372.9005,-443.3659
6239806,-412.50,-1622.50,-380.8499,-439.7529
6243712,-431.50,-532.50,-388.0986,-436.9393
6247618,-276.50,867.50,-404.7424,-449.9755
6251524,-254.50,631.50,-426.0034,-474.6352
6255430,-399.50,-831.50,-450.9521,-494.2613
6259336,-578.50,-1726.50,-480.3678,-490.6841
6263242,-591.50,-820.50,-508.5623,-488.5192
6267148,-463.50,605.50,-531.9816,-515.1065
6271054,-440.50,612.50,-556.8549,-563.9472
6274960,-588.50,-802.50,-593.8414,-602.0941
6278866,-751.50,-1839.50,-632.6795,-602.2320
6282772,-760.50,-1130.50,-652.5607,-588.4312
6286678,-645.50,348.50,-656.2950,-599.7086
6290584,-559.50,652.50,-660.6643,-628.6109
6294490,-633.50,-627.50,-665.5248,-629.8831
6298396,-742.50,-1785.50,-654.4885,-586.8604
6302302,-744.50,-1272.50,-620.5855,-537.8059
6306208,-608.50,224.50,-581.3875,-527.0081
6310114,-402.50,797.50,-541.4707,-539.9630
6314020,-381.50,-372.50,-480.2112,-526.2870
6317926,-588.50,-1647.50,-418.9789,-478.2276
6321832,-693.50,-1350.50,-406.7474,-428.9196
6325738,-539.50,176.50,-428.2066,-406.7585
6329644,-364.50,924.50,-428.8097,-402.9585
6333550,-346.50,-127.50,-394.0528,-394.6185
6337456,-445.50,-1523.50,-339.1242,-377.1439
6341362,-450.50,-1390.50,-273.3648,-346.6994
6345268,-303.50,35.50,-204.9361,-319.4575
6349174,-181.50,987.50,-157.0383,-314.0769
6353080,-175.50,112.50,-142.7219,-311.7614
6356986,-238.50,-1336.50,-129.0481,-294.8229
6360892,-271.50,-1432.50,-82.2656,-259.1889
6364798,-198.50,-43.50,-26.0796,-219.9419
6368704,-93.50,1103.50,-5.8391,-191.4580
6372610,-68.50,391.50,-21.0448,-170.9820
6376516,-184.50,-1082.50,-33.7211,-155.8639
6380422,-308.50,-1455.50,-31.1554,-136.3395
6384328,-252.50,-209.50,-29.6232,-127.1869
6388234,-107.50,1053.50,-34.3527,-137.2108
6392140,-50.50,585.50,-35.9987,-142.7427
6396046,-155.50,-926.50,-26.5886,-134.4558
6399952,-225.50,-1509.50,-2.6864,-117.8112
6403858,-149.50,-373.50,34.5265,-106.7917
6407764,-34.50,1002.50,64.0755,-105.5253
6411670,16.50,754.50,65.5448,-104.1500
6415576,-85.50,-732.50,53.2495,-97.7630
6419482,-239.50,-1541.50,43.2896,-88.8482
6423388,-196.50,-561.50,37.2886,-88.0881
6427294,-46.50,896.50,40.3896,-93.4988
6431200,48.50,871.50,51.8119,-96.7190
6435106,-44.50,-532.50,64.3112,-91.0518
6439012,-186.50,-1503.50,71.2040,-70.7124
6442918,-175.50,-707.50,73.0979,-51.4919
6446824,-41.50,779.50,74.7395,-50.0444
6450730,65.50,1019.50,76.9158,-57.5771
6454636,-31.50,-325.50,77.0016,-54.4045
6458542,-175.50,-1464.50,71.5054,-40.5517
6462448,-218.50,-891.50,61.7592,-34.5265
6466354,-63.50,616.50,54.6539,-46.8167
6470260,64.50,1105.50,59.8125,-59.9108
6474166,27.50,-157.50,76.5236,-56.0245
6478072,-137.50,-1423.50,90.7051,-47.4823
6481978,-195.50,-1042.50,90.2284,-42.3773
6485884,-69.50,464.50,80.4621,-42.6817
6489790,53.50,1190.50,73.9631,-39.6864
6493696,-18.50,43.50,65.7841,-26.5826
6497602,-165.50,-1349.50,50.1154,-25.6546
6501508,-244.50,-1173.50,35.8533,-33.3907
6505414,-111.50,295.50,31.7745,-35.2389
6509320,23.50,1237.50,38.6679,-24.9807
6513226,16.50,233.50,47.9881,-6.9667
6517132,-112.50,-1219.50,56.4022,-7.3091
6521038,-248.50,-1295.50,57.3888,-17.4929
6524944,-160.50,112.50,41.6580,-23.5421
6528850,-3.50,1237.50,25.6455,-16.4962
6532756,-4.50,423.50,21.8762,2.3630
6536662,-146.50,-1072.50,21.2430,4.7937
6540568,-264.50,-1394.50,17.1374,-4.3315
6544474,-190.50,-125.50,10.9291,-21.8443
6548380,-41.50,1121.50,7.1281,-43.3485
6552286,-40.50,547.50,1.2028,-50.4598
6556192,-191.50,-974.50,-14.9511,-52.4054
6560098,-319.50,-1485.50,-35.2419,-50.1031
6564004,-238.50,-303.50,-43.3826,-43.6689
6567910,-79.50,1040.50,-33.3983,-40.2957
6571816,-27.50,693.50,-18.9833,-41.7677
6575722,-165.50,-815.50,-15.0070,-49.5095
6579628,-274.50,-1549.50,-17.7147,-53.9157
6583534,-232.50,-547.50,-13.1121,-59.4938
6587440,-86.50,871.50,-3.3112,-75.8383
6591346,-47.50,769.50,-4.4378,-94.5853
6595252,-143.50,-650.50,-17.0839,-98.6308
6599158,-280.50,-1563.50,-24.9640,-78.9850
6603064,-260.50,-722.50,-21.5836,-58.3215
6606970,-97.50,775.50,-11.0267,-55.2562
6610876,-5.50,931.50,1.6560,-57.7167
6614782,-88.50,-433.50,10.8474,-50.6203
6618688,-244.50,-1517.50,14.0541,-33.3949
6622594,-292.50,-894.50,6.3420,-24.5743
6626500,-145.50,591.50,-10.1347,-41.9963
6630406,-47.50,995.50,-22.1593,-68.6912
6634312,-132.50,-281.50,-29.5219,-75.1266
6638218,-302.50,-1537.50,-40.3587,-68.8480
6642124,-334.50,-1108.50,-51.6339,-71.6890
6646030,-207.50,406.50,-56.6115,-85.6462
6649936,-95.50,1034.50,-58.1516,-94.7430
6653842,-140.50,-126.50,-60.6252,-89.8012
6657748,-277.50,-1470.50,-58.7626,-82.3765
6661654,-334.50,-1246.50,-50.1607,-76.8184
6665560,-223.50,244.50,-43.0261,-74.3424
6669466,-92.50,1072.50,-42.3593,-72.6725
6673372,-106.50,89.50,-42.8214,-63.6678
6677278,-273.50,-1349.50,-41.9787,-53.2422
6681184,-341.50,-1327.50,-42.5134,-42.1364
6685090,-239.50,71.50,-41.2963,-35.2717
6688996,-80.50,1101.50,-34.8918,-36.1587
6692902,-79.50,278.50,-25.0739,-33.5874
6696808,-265.50,-1214.50,-23.4642,-31.2661
6700714,-350.50,-1438.50,-34.6588,-29.1824
6704620,-270.50,-130.50,-43.4182,-31.0326
6708526,-122.50,1066.50,-44.4526,-36.9772
6712432,-126.50,448.50,-47.8678,-33.6201
6716338,-261.50,-1070.50,-56.3917,-28.4454
6720244,-344.50,-1509.50,-57.0383,-23.2523
6724150,-272.50,-305.50,-42.7593,-18.8054
6728056,-137.50,1001.50,-29.4248,-19.9362
6731962,-95.50,602.50,-29.0527,-21.4726
6735868,-207.50,-921.50,-31.0904,-25.4920
6739774,-320.50,-1579.50,-24.4603,-28.7655
6743680,-250.50,-512.50,-8.8237,-29.6475
6747586,-107.50,912.50,8.2650,-28.2517
6751492,-47.50,743.50,15.7633,-21.8757
6755398,-152.50,-714.50,15.8524,-14.1850
6759304,-299.50,-1550.50,14.9533,0.2220
6763210,-274.50,-650.50,12.8180,17.4615
6767116,-116.50,825.50,13.0330,24.2318
6771022,-23.50,886.50,19.3690,20.9823
6774928,-121.50,-512.50,28.0854,16.1805
6778834,-271.50,-1549.50,32.1238,17.6870
6782740,-284.50,-840.50,28.7952,20.2519
6786646,-137.50,656.50,22.3300,13.6053
6790552,-52.50,994.50,16.4618,6.2814
6794458,-111.50,-309.50,13.5496,13.7810
6798364,-262.50,-1505.50,17.0292,28.0316
6802270,-303.50,-1014.50,20.1072,30.6553
6806176,-153.50,496.50,18.6333,17.4696
6810082,-44.50,1059.50,18.9038,5.6167
6813988,-92.50,-161.50,21.2276,5.5378
6817894,-281.50,-1487.50,18.2874,1.3860
6821800,-339.50,-1188.50,4.4461,-7.5398
6825706,-241.50,313.50,-15.1872,-12.2564
6829612,-84.50,1077.50,-27.5987,-10.6568
6833518,-109.50,41.50,-23.3651,-1.0022
6837424,-268.50,-1391.50,-11.5146,5.0013
6841330,-335.50,-1295.50,-5.1559,6.0820
6845236,-228.50,144.50,-3.2815,8.7993
6849142,-85.50,1104.50,-2.2857,12.4869
6853048,-88.50,239.50,-0.2678,19.8157
6856954,-222.50,-1240.50,6.0087,26.0184
6860860,-303.50,-1393.50,17.0839,30.0926
6864766,-197.50,-44.50,30.4716,28.9791
6868672,-52.50,1081.50,42.0440,22.3745
6872578,-59.50,405.50,43.6240,20.4240
6876484,-182.50,-1093.50,37.8506,23.0610
6880390,-289.50,-1468.50,37.1356,31.8382
6884296,-209.50,-201.50,42.5659,42.3624
6888202,-82.50,1089.50,44.7317,54.3220
6892108,-42.50,630.50,38.8798,71.7037
6896014,-159.50,-889.50,35.1059,82.4569
6899920,-296.50,-1482.50,36.8325,85.8229
6903826,-255.50,-378.50,34.1521,83.3935
6907732,-111.50,1008.50,25.9057,76.6273
6911638,-65.50,747.50,16.3218,70.5200
6915544,-153.50,-750.50,12.8199,59.7278
6919450,-292.50,-1536.50,19.5755,51.9784
6923356,-306.50,-617.50,20.2637,46.6562
6927262,-150.50,847.50,6.6500,33.6531
6931168,-82.50,817.50,-6.3396,18.8698
6935074,-191.50,-591.50,-13.8816,9.6035
6938980,-340.50,-1550.50,-20.9697,16.4727
6942886,-348.50,-788.50,-28.0541,31.6942
6946792,-209.50,688.50,-34.6328,30.7786
6950698,-121.50,939.50,-40.3923,17.5182
6954604,-148.50,-399.50,-36.0628,13.6012
6958510,-336.50,-1522.50,-22.2854,23.5194
6962416,-351.50,-972.50,-18.2208,32.7015
6966322,-189.50,552.50,-17.7976,28.5635
6970228,-72.50,1056.50,-6.9756,26.6274
6974134,-153.50,-186.50,1.2256,39.3857
6978040,-321.50,-1468.50,-5.4379,48.4016
6981946,-362.50,-1109.50,-18.2584,46.1037
6985852,-250.50,400.50,-26.5786,39.3585
6989758,-99.50,1134.50,-27.4405,42.6855
6993664,-161.50,11.50,-23.8436,58.5099
6997570,-324.50,-1391.50,-26.6051,59.8404
7001476,-384.50,-1254.50,-34.0931,45.1160
7005382,-258.50,224.50,-33.8807,33.5329
7009288,-143.50,1089.50,-29.5524,28.6491
7013194,-168.50,163.50,-33.5215,24.8055
7017100,-308.50,-1327.50,-40.7395,14.0907
7021006,-386.50,-1398.50,-39.6640,2.3478
7024912,-298.50,-31.50,-33.8814,-6.6804
7028818,-146.50,1019.50,-30.3376,-19.2690
7032724,-117.50,305.50,-24.3759,-27.4968
7036630,-290.50,-1182.50,-17.5152,-21.8278
7040536,-400.50,-1484.50,-21.4876,-4.6756
7044442,-330.50,-196.50,-32.4280,8.6972
7048348,-152.50,1040.50,-35.4585,14.6566
7052254,-104.50,545.50,-23.6560,28.0855
7056160,-248.50,-982.50,-7.2888,45.4712
7060066,-354.50,-1508.50,2.0008,55.7672
7063972,-302.50,-356.50,6.9277,55.3806
7067878,-140.50,980.50,10.6358,47.7885
7071784,-93.50,669.50,12.5256,40.3875
7075690,-191.50,-844.50,16.2078,32.0667
7079596,-313.50,-1566.50,26.9530,27.2303
7083502,-254.50,-559.50,44.3456,28.7425
7087408,-92.50,887.50,63.5772,32.9498
7091314,-30.50,801.50,75.2840,37.4169
7095220,-144.50,-632.50,73.6844,40.0402
7099126,-319.50,-1545.50,60.4535,47.9175
7103032,-325.50,-724.50,39.0512,56.6426
7106938,-172.50,752.50,20.1997,52.7983
7110844,-89.50,903.50,11.3161,39.4199
7114750,-176.50,-462.50,8.3745,28.9911
7118656,-312.50,-1542.50,10.6401,30.4006
7122562,-318.50,-933.50,19.5278,33.9362
7126468,-188.50,570.50,27.0581,23.2007
7130374,-89.50,999.50,24.7858,11.9092
7134280,-162.50,-262.50,15.9390,19.7544
7138186,-298.50,-1466.50,11.7997,39.8071
7142092,-345.50,-1065.50,15.2503,55.5455
7145998,-237.50,451.50,13.8467,54.3091
7149904,-109.50,1099.50,4.1300,50.5026
7153810,-146.50,-66.50,-1.0809,55.6483
7157716,-307.50,-1433.50,1.3209,50.4829
7161622,-358.50,-1214.50,4.6390,37.3995
7165528,-229.50,303.50,9.7142,36.6878
7169434,-50.50,1178.50,24.6611,59.8103
7173340,-148.50,92.50,35.9268,78.8861
7177246,-353.50,-1394.50,13.1958,47.8341
7181152,-433.50,-1402.50,-30.4506,-5.1616
7185058,-340.50,15.50,-59.1858,-34.2609
7188964,-182.50,1010.50,-66.4654,-42.9404
7192870,-193.50,240.50,-62.7260,-40.3882
7196776,-329.50,-1264.50,-56.2898,-31.8394
7200682,-410.50,-1517.50,-46.0945,-26.2907
7204588,-335.50,-198.50,-34.7389,-32.2369
7208494,-161.50,944.50,-27.2941,-48.0801
7212400,-134.50,383.50,-18.9429,-59.1014
7216306,-271.50,-1135.50,-8.9761,-55.3594
7220212,-393.50,-1583.50,-3.2797,-40.9062
7224118,-334.50,-367.50,-4.2027,-27.1285
7228024,-164.50,922.50,-6.2893,-21.0692
7231930,-111.50,609.50,-2.1357,-12.2876
7235836,-216.50,-910.50,10.0987,7.6199
7239742,-321.50,-1560.50,29.9339,29.1139
7243648,-280.50,-512.50,50.5122,40.6667
7247554,-132.50,913.50,59.8786,43.4515
7251460,-76.50,768.50,55.6713,47.0355
7255366,-164.50,-696.50,50.7276,52.2220
7259272,-298.50,-1540.50,56.5781,61.6070
7263178,-287.50,-681.50,65.7131,69.2944
7267084,-157.50,813.50,64.2714,65.6941
7270990,-78.50,902.50,51.8299,62.1094
7274896,-154.50,-512.50,42.5740,61.6849
7278802,-303.50,-1519.50,44.8769,64.8186
7282708,-320.50,-847.50,48.7316,71.4416
7286614,-184.50,647.50,45.0929,64.9612
7290520,-51.50,1004.50,42.7411,53.1910
7294426,-144.50,-322.50,47.4207,53.3013
7298332,-318.50,-1518.50,45.3760,54.1585
7302238,-353.50,-1069.50,32.3513,42.4942
7306144,-225.50,432.50,19.6241,15.4054
7310050,-100.50,1001.50,13.4056,-8.4481
7313956,-144.50,-189.50,14.7831,-12.5946
7317862,-298.50,-1487.50,21.0243,-6.8408
7321768,-334.50,-1228.50,29.1411,-0.4086
7325674,-213.50,275.50,38.0500,-0.3202
7329580,-100.50,1059.50,40.3746,0.8827
7333486,-126.50,27.50,33.5941,11.3632
7337392,-260.50,-1386.50,30.8067,18.2760
7341298,-328.50,-1318.50,38.7150,21.8838
7345204,-233.50,103.50,46.6083,23.3447
7349110,-92.50,1088.50,46.3709,23.3695
7353016,-89.50,231.50,44.0951,30.9093
7356922,-232.50,-1246.50,46.7836,37.1978
7360828,-328.50,-1392.50,51.0288,43.1476
7364734,-251.50,-38.50,50.3534,52.8131
7368640,-111.50,1093.50,43.7126,60.1142
7372546,-100.50,435.50,34.8090,65.3063
7376452,-241.50,-1092.50,27.8931,62.9924
7380358,-354.50,-1487.50,23.7985,55.2504
7384266,-302.50,-242.50,19.0461,48.2018
7388172,-189.50,991.50,5.7384,39.1676
7392078,-116.50,558.50,-9.7215,28.2071
7395984,-250.50,-970.50,-11.1414,18.7577
7399890,-384.50,-1576.50,-6.8274,13.9339
7403796,-330.50,-465.50,-6.7789,12.2835
7407702,-158.50,871.50,-2.1462,6.3422
7411608,-116.50,659.50,5.8635,-6.9320
7415514,-246.50,-828.50,3.7738,-18.3355
7419420,-367.50,-1615.50,-5.0386,-17.1986
7423326,-309.50,-662.50,-1.1170,-6.3267
7427232,-153.50,781.50,18.1869,2.1859
7431138,-80.50,809.50,34.5568,4.7696
7435044,-175.50,-593.50,38.8323,10.8939
7438950,-334.50,-1573.50,35.2607,25.3980
7442856,-324.50,-840.50,29.3663,33.2912
7446762,-175.50,647.50,27.8315,22.0693
7450668,-89.50,919.50,28.9753,8.2752
7454574,-176.50,-424.50,25.8392,7.8597
7458480,-335.50,-1566.50,18.6576,12.8453
7462386,-345.50,-1038.50,13.4669,10.3914
7466292,-224.50,481.50,11.7433,-3.1511
7470198,-112.50,975.50,8.3174,-12.6469
7474104,-184.50,-260.50,2.2529,-10.6406
7478010,-330.50,-1502.50,-2.5969,-4.2000
7481916,-352.50,-1162.50,0.3312,7.5270
7485822,-236.50,343.50,9.5424,15.6639
7489728,-112.50,1003.50,14.0069,10.8762
7493634,-155.50,-90.50,11.9467,-5.1692
7497540,-334.50,-1477.50,4.4338,-25.3427
7501446,-397.50,-1368.50,-8.1408,-39.7094
7505352,-276.50,96.50,-15.8226,-49.1287
7509258,-134.50,991.50,-13.0775,-51.5462
7513164,-150.50,102.50,-6.2164,-42.3929
7517070,-301.50,-1357.50,-1.3033,-30.3984
7520976,-388.50,-1436.50,-0.2029,-19.4155
7524882,-300.50,-47.50,-2.9532,-9.3807
7528788,-128.50,1015.50,-3.2546,-2.8259
7532694,-107.50,318.50,7.1721,3.8430
7536600,-249.50,-1177.50,22.8703,12.5152
7540506,-335.50,-1510.50,35.2834,19.6506
7544412,-261.50,-232.50,44.0423,17.9727
7548318,-126.50,962.50,45.1101,8.1321
7552224,-95.50,479.50,37.9065,1.6515
7556130,-227.50,-1049.50,31.9871,1.9858
7560036,-361.50,-1574.50,28.5968,5.5711
7563942,-289.50,-411.50,25.7299,11.2894
7567848,-128.50,906.50,28.9591,15.6680
7571754,-81.50,632.50,35.6677,15.8878
7575660,-207.50,-884.50,37.7905,12.1319
7579566,-342.50,-1608.50,34.8175,8.5374
7583472,-310.50,-609.50,30.4993,9.9821
7587378,-156.50,797.50,27.6467,10.5513
7591284,-96.50,739.50,24.8862,4.7585
7595190,-200.50,-697.50,20.7746,-0.2940
7599096,-348.50,-1618.50,17.1940,2.9521
7603002,-335.50,-817.50,14.9746,6.3363
7606908,-166.50,651.50,17.4978,-1.9090
7610814,-73.50,848.50,26.5003,-11.8959
7614720,-149.50,-512.50,36.9854,-9.2453
7618626,-272.50,-1570.50,49.8004,5.9094
7622532,-303.50,-984.50,62.1367,19.6220
7626438,-156.50,511.50,64.7037,12.8470
7630344,-69.50,970.50,58.1696,3.4375
7634250,-145.50,-308.50,46.4325,12.7746
7638156,-293.50,-1519.50,36.1838,24.9757
7642062,-335.50,-1134.50,32.2547,28.6019
7645968,-218.50,397.50,28.3331,24.9772
7649874,-84.50,1056.50,23.2218,30.5142
7653780,-126.50,-88.50,23.7431,47.0674
7657686,-288.50,-1438.50,27.3732,51.4518
7661592,-345.50,-1263.50,27.3428,42.5748
7665498,-214.50,226.50,27.4849,31.7289
7669404,-79.50,1062.50,32.1358,29.9472
7673310,-112.50,91.50,35.3802,36.0474
7677216,-260.50,-1341.50,33.9988,36.5573
7681122,-334.50,-1354.50,33.0271,37.1729
7685028,-270.50,53.50,28.2855,41.9991
7688934,-136.50,1072.50,12.4768,46.6307
7692840,-124.50,282.50,-2.2362,49.6100
7696746,-261.50,-1186.50,-2.4040,49.1520
7700652,-363.50,-1461.50,4.8645,49.0443
7704558,-292.50,-153.50,6.8227,42.9608
7708464,-140.50,1009.50,2.6989,31.1685
7712370,-125.50,458.50,-1.8633,27.8432
7716276,-255.50,-1048.50,-4.2608,34.4909
7720182,-367.50,-1536.50,-3.5354,41.4374
7724088,-313.50,-328.50,-2.2452,41.1674
7727994,-142.50,971.50,-0.3169,40.5643
7731900,-81.50,645.50,8.4209,48.3528
7735806,-211.50,-886.50,20.3274,56.1811
7739712,-344.50,-1557.50,24.6353,55.4685
7743618,-287.50,-515.50,24.5931,50.6553
7747524,-158.50,857.50,24.8289,42.2916
7751430,-100.50,737.50,18.6626,30.2155
7755336,-209.50,-728.50,8.8243,22.0578
7759242,-341.50,-1583.50,4.7349,23.5560
7763148,-326.50,-726.50,6.5332,28.1692
7767054,-176.50,719.50,9.2068,21.8408
7770960,-80.50,833.50,12.3610,8.2295
7774866,-188.50,-557.50,14.8754,1.8538
7778772,-334.50,-1586.50,12.2661,5.8580
7782678,-336.50,-920.50,8.5288,11.2892
7786584,-187.50,560.50,9.5876,4.1486
7790490,-100.50,955.50,11.2229,-2.4283
7794396,-196.50,-350.50,4.2727,9.8324
7798302,-367.50,-1561.50,-12.6594,19.7603
7802208,-396.50,-1117.50,-30.2235,8.4577
7806114,-248.50,385.50,-36.9647,-16.5368
7810020,-114.50,976.50,-29.3401,-31.2369
7813926,-133.50,-204.50,-9.9418,-26.1482
7817832,-271.50,-1497.50,16.2868,-17.2265
7821738,-300.50,-1256.50,41.2814,-11.3639
7825644,-186.50,260.50,57.6324,-8.1352
7829550,-76.50,1071.50,58.3806,5.8052
7833456,-133.50,48.50,42.4360,31.1339
7837362,-303.50,-1362.50,18.5979,43.3831
7841268,-382.50,-1342.50,-2.4277,39.6894
7845174,-266.50,80.50,-12.8159,27.2936
7849080,-140.50,1059.50,-14.4019,18.0603
7852986,-143.50,206.50,-14.8950,18.9237
7856892,-288.50,-1244.50,-13.9478,20.5034
7860798,-380.50,-1426.50,-11.1508,26.9738
7864704,-296.50,-70.50,-10.7241,37.2374
7868610,-148.50,1053.50,-12.8637,44.5069
7872516,-145.50,405.50,-16.2973,46.7927
7876422,-267.50,-1090.50,-17.5150,42.4262
7880328,-369.50,-1510.50,-11.9082,39.0786
7884234,-301.50,-271.50,-4.0293,36.4082
7888140,-133.50,994.50,2.3364,34.9760
7892046,-112.50,579.50,7.0822,38.7785
7895952,-228.50,-911.50,8.7005,45.2957
7899858,-344.50,-1536.50,11.5932,53.7335
7903764,-304.50,-431.50,15.3630,59.2053
7907670,-165.50,917.50,12.6971,58.0056
7911576,-104.50,731.50,5.4269,52.3312
7915482,-218.50,-751.50,1.7252,46.9793
7919388,-359.50,-1568.50,1.2254,44.7736
7923294,-335.50,-641.50,-0.8411,42.5744
7927200,-183.50,793.50,-3.1668,36.8202
7931106,-99.50,831.50,-2.2163,29.0161
7935012,-192.50,-589.50,2.6831,23.3995
7938918,-328.50,-1558.50,9.5010,25.0820
7942824,-337.50,-816.50,13.4803,33.8597
7946730,-207.50,625.50,9.1491,30.6853
7950636,-111.50,919.50,-0.5122,12.7508
7954542,-175.50,-416.50,-4.2556,2.8899
7958448,-338.50,-1561.50,-1.2020,2.8406
7962354,-367.50,-1047.50,-2.1110,-0.7347
7966260,-238.50,449.50,-9.0170,-15.3009
7970166,-129.50,986.50,-16.0565,-24.5917
7974072,-207.50,-237.50,-23.2712,-15.2552
7977978,-341.50,-1491.50,-29.2164,-2.9982
7981884,-371.50,-1179.50,-25.6544,4.2386
7985790,-264.50,322.50,-17.5310,4.2894
7989696,-106.50,1065.50,-11.2419,7.9010
7993602,-132.50,-32.50,0.8584,18.7898
7997508,-284.50,-1406.50,15.2776,17.8789
8001414,-301.50,-1305.50,29.7856,10.4354
8005320,-232.50,130.50,43.2451,2.7243
8009226,-80.50,1069.50,44.6003,0.0695
8013132,-86.50,157.50,42.4961,8.8400
8017038,-248.50,-1292.50,43.8292,13.0340
8020944,-336.50,-1417.50,40.1623,10.6434
8024850,-252.50,-42.50,32.3494,6.4381
8028756,-100.50,1047.50,26.9716,5.3860
8032662,-109.50,336.50,24.1826,10.6035
8036568,-244.50,-1135.50,20.2608,15.2185
8040474,-348.50,-1503.50,17.0245,18.7729
8044380,-288.50,-229.50,13.9075,14.9740
8048286,-140.50,976.50,8.2303,5.4502
8052192,-95.50,494.50,5.9286,-0.7908
8056098,-221.50,-998.50,11.3192,-0.9338
8060004,-349.50,-1571.50,16.5169,3.8677
8063910,-303.50,-404.50,14.2650,7.6515
8067816,-145.50,911.50,9.6813,10.5629
8071722,-80.50,663.50,11.2295,12.3381
8075628,-211.50,-815.50,15.9179,15.5280
8079534,-359.50,-1583.50,12.4974,21.0311
8083440,-338.50,-603.50,0.3063,20.3732
8087346,-175.50,827.50,-8.7515,15.9095
8091252,-96.50,787.50,-7.2093,14.2355
8095158,-190.50,-629.50,0.7001,16.4436
8099064,-312.50,-1582.50,11.3181,21.7642
8102970,-325.50,-785.50,20.0341,22.1096
8106876,-179.50,672.50,19.5678,11.6113
8110782,-101.50,891.50,12.0047,-0.0563
8114688,-204.50,-458.50,-0.1611,0.2889
8118594,-334.50,-1542.50,-11.2084,11.2972
8122500,-350.50,-959.50,-11.7522,20.4482
8126406,-204.50,511.50,-4.9148,11.4093
8130312,-96.50,1000.50,2.0366,-1.0686
8134218,-177.50,-269.50,2.9637,5.9641
8138124,-308.50,-1473.50,-0.3157,19.6568
8142030,-352.50,-1092.50,0.5653,31.0098
8145936,-236.50,396.50,1.3216,32.8614
8149842,-90.50,1083.50,1.1624,32.0138
8153748,-136.50,-66.50,6.6507,37.8854
8157654,-289.50,-1420.50,12.2924,32.1798
8161560,-335.50,-1251.50,15.2919,18.5912
8165466,-234.50,208.50,17.8867,8.5538
8169372,-84.50,1096.50,19.5956,10.1420
8173278,-93.50,146.50,25.0509,27.5922
8177184,-229.50,-1269.50,35.9528,43.3964
8181090,-304.50,-1301.50,47.1634,55.9745
8184996,-196.50,96.50,56.0763,67.2409
8188902,-33.50,1139.50,66.0986,75.3087
8192808,-32.50,351.50,77.2854,79.6849
8196714,-143.50,-1120.50,88.4852,73.8323
8200620,-255.50,-1411.50,99.0880,65.7752
8204526,-202.50,-92.50,97.9749,60.2949
8208432,-62.50,1104.50,82.4949,62.7846
8212338,-46.50,535.50,65.0548,72.4250
8216244,-212.50,-970.50,47.9910,73.5917
8220150,-296.50,-1471.50,34.0718,67.8871
8224056,-233.50,-290.50,35.0876,60.0890
8227962,-79.50,1002.50,45.7517,51.5036
8231868,-47.50,655.50,50.5778,42.7870
8235774,-201.50,-824.50,40.9553,35.4296
8239680,-276.50,-1471.50,29.5667,44.8391
8243586,-182.50,-394.50,45.7340,76.7210
8247492,-93.50,880.50,73.1787,91.7619
8251398,-141.50,688.50,54.7722,45.0738
8255304,-276.50,-773.50,-12.1199,-32.8808
8259210,-486.50,-1702.50,-83.9927,-89.0097
8263116,-587.50,-958.50,-158.0356,-139.9747
8267022,-530.50,389.50,-248.4700,-221.9813
8270928,-524.50,438.50,-339.9480,-321.8944
8274834,-643.50,-943.50,-409.8498,-396.8876
8278740,-879.50,-2047.50,-461.0790,-433.9666
8282646,-986.50,-1517.50,-521.9839,-476.2712
8286552,-905.50,-112.50,-596.7019,-557.3659
8290458,-831.50,206.50,-656.6041,-643.1597
8294364,-975.50,-1112.50,-695.2066,-695.6792
8298270,-1168.50,-2047.50,-731.4203,-676.0209
8302176,-1263.50,-1864.50,-772.4550,-616.2169
8306082,-1136.50,-493.50,-807.2284,-651.1135
8309988,-1072.50,-12.50,-827.3329,-773.1811
8313894,-1179.50,-1241.50,-847.3245,-882.9447
8317800,-1349.50,-2047.50,-873.9197,-870.7212
8321706,-1449.50,-2047.50,-897.4789,-725.7105
8325612,-1358.50,-885.50,-917.5466,-688.8016
8329518,-1228.50,-204.50,-928.3987,-835.6213
8333424,-1230.50,-1227.50,-917.5736,-988.8497
8337330,-1383.50,-2047.50,-889.2755,-970.7464
8341236,-1426.50,-2047.50,-857.0391,-753.7256
8345142,-1236.50,-1038.50,-810.9502,-610.6571
8349048,-1145.50,-204.50,-755.9047,-704.2423
8352954,-1170.50,-1001.50,-729.4927,-858.4212
8356860,-1264.50,-2047.50,-721.7107,-873.4112
8360766,-1343.50,-2047.50,-697.8656,-699.6214
8364672,-1231.50,-1156.50,-661.6902,-539.7757
8368578,-1070.50,-122.50,-624.8996,-574.4025
8372484,-1016.50,-722.50,-586.4889,-680.2819
8376390,-1147.50,-2047.50,-547.0809,-716.0686
8380296,-1210.50,-2047.50,-510.2346,-622.8050
8384202,-1146.50,-1253.50,-476.9567,-479.5630
8388108,-936.50,-63.50,-443.1288,-459.5856
8392014,-888.50,-460.50,-402.3280,-513.8122
8395920,-984.50,-1936.50,-360.7922,-551.8647
8399826,-1052.50,-2047.50,-319.9751,-513.6922
8403732,-984.50,-1343.50,-275.4723,-397.2523
8407638,-815.50,-38.50,-235.7763,-350.9141
8411544,-724.50,-189.50,-202.5405,-363.1824
8415450,-799.50,-1640.50,-166.8165,-366.9494
8419356,-896.50,-2047.50,-126.4983,-337.2123
8423266,-765.50,-1416.50,-73.8953,-264.6706
8427172,-627.50,17.50,-11.7186,-226.8551
8431078,-541.50,62.50,30.2422,-204.7204
8434984,-652.50,-1313.50,42.8343,-179.3458
8438890,-800.50,-2047.50,38.9161,-166.3068
8442796,-757.50,-1550.50,36.5020,-157.3887
8446702,-588.50,-79.50,52.7031,-169.8264
8450608,-447.50,270.50,86.9446,-144.2755
8454514,-494.50,-990.50,130.5271,-71.3416
8458420,-591.50,-2047.50,175.9095,-36.9197
8462326,-566.50,-1601.50,220.1783,-57.7316
8466232,-488.50,-94.50,246.4789,-73.8853
8470138,-297.50,447.50,252.9537,-22.0195
8474044,-346.50,-715.50,270.9180,59.7684
8477950,-589.50,-1986.50,280.6620,72.7318
8481856,-641.50,-1696.50,249.9581,15.2393
8485762,-520.50,-177.50,210.7546,-15.2444
8489668,-378.50,550.50,195.7675,44.2483
8493574,-335.50,-478.50,214.4716,130.8625
8497480,-483.50,-1888.50,257.7799,138.3732
8501386,-559.50,-1711.50,289.2376,82.0279
8505292,-456.50,-224.50,292.0970,76.7756
8509198,-362.50,637.50,275.1415,153.5714
8513104,-372.50,-240.50,249.5307,225.8085
8517010,-512.50,-1689.50,233.3302,219.8793
8520916,-584.50,-1808.50,233.9310,157.2358
8524822,-494.50,-448.50,242.1716,115.8538
8528728,-344.50,637.50,248.9383,145.6897
8532634,-372.50,-36.50,246.0154,212.9129
8536540,-476.50,-1500.50,236.8117,239.7409
8540446,-597.50,-1856.50,233.5912,207.7785
8544352,-556.50,-622.50,226.9344,166.3972
8548258,-392.50,582.50,212.7472,168.3500
8552164,-340.50,143.50,209.7958,211.9065
8556070,-437.50,-1352.50,225.2122,238.4833
8559976,-558.50,-1909.50,246.0518,214.0981
8563882,-474.50,-777.50,262.3818,178.8700
8567788,-300.50,577.50,280.5925,193.6942
8571694,-200.50,355.50,307.1114,256.3366
8575600,-366.50,-1121.50,326.7533,299.1946
8579506,-512.50,-1875.50,317.9556,282.4656
8583412,-429.50,-913.50,302.6528,243.5377
8587318,-242.50,511.50,315.8455,241.0301
8591224,-142.50,511.50,349.2057,282.8771
8595130,-288.50,-869.50,369.4276,324.6719
8599036,-399.50,-1817.50,366.1200,327.2664
8602942,-364.50,-1042.50,365.2858,299.4066
8606848,-164.50,429.50,385.1182,286.9505
8610754,-117.50,685.50,406.5277,317.8553
8614660,-255.50,-607.50,396.0429,366.8724
8618566,-433.50,-1708.50,354.6722,386.0784
8622472,-445.50,-1103.50,314.5266,372.5730
8626378,-335.50,355.50,288.5093,363.5337
8630284,-207.50,759.50,272.3492,369.2282
8634190,-248.50,-463.50,272.8678,367.8297
8638096,-386.50,-1678.50,290.6443,345.3160
8642002,-419.50,-1325.50,309.0086,312.7433
8645908,-237.50,192.50,324.3275,298.9451
8649814,-150.50,869.50,336.4146,328.9109
8653720,-208.50,-244.50,331.2534,370.6929
8657626,-468.50,-1688.50,297.2133,350.7270
8661532,-540.50,-1544.50,239.6038,268.7494
8665438,-334.50,-44.50,205.3999,211.0977
8669344,-127.50,871.50,233.4029,238.2967
8673250,-111.50,-61.50,297.0960,308.1131
8677156,-207.50,-1478.50,359.8944,339.3234
8681062,-237.50,-1425.50,414.5155,343.0826
8684968,-92.50,26.50,460.1150,382.5732
8688874,85.50,1123.50,493.2359,466.5522
8692780,112.50,346.50,516.3569,543.6233
8696686,16.50,-1100.50,541.1749,562.7155
8700592,-11.50,-1299.50,580.5856,554.7625
8704498,123.50,80.50,631.2637,581.7015
8708404,311.50,1459.50,675.5564,678.0925
8712310,336.50,795.50,700.4027,792.9897
8716216,193.50,-687.50,704.7696,820.6188
8720122,80.50,-1180.50,696.5138,777.3298
8724028,163.50,15.50,686.6441,740.2433
8727934,325.50,1566.50,680.1505,775.5620
8731840,375.50,1049.50,674.8814,859.1611
8735746,260.50,-492.50,672.1017,858.0530
8739652,114.50,-1174.50,669.3916,778.7062
8743558,122.50,-141.50,652.4727,719.5410
8747464,227.50,1346.50,611.6801,715.8739
8751370,233.50,1088.50,551.3667,729.0521
8755276,64.50,-477.50,483.8585,676.0360
8759182,-178.50,-1449.50,411.0839,557.1124
8763088,-205.50,-670.50,330.9789,432.2968
8766994,-50.50,743.50,265.1641,332.8420
8770900,-36.50,858.50,221.5868,271.5431
8774806,-223.50,-564.50,170.5502,239.9601
8778712,-477.50,-1694.50,93.5441,204.4097
8782618,-512.50,-1052.50,8.5731,150.6126
8786524,-380.50,423.50,-53.7285,99.3790
8790430,-288.50,806.50,-85.6466,74.1838
8794336,-374.50,-454.50,-98.2390,80.8773
8798242,-540.50,-1676.50,-100.7765,95.6364
8802148,-545.50,-1215.50,-96.5185,95.6295
8806054,-364.50,324.50,-81.3316,91.5830
8809960,-249.50,912.50,-60.6623,101.4219
8813866,-312.50,-236.50,-49.7293,118.4380
8817772,-488.50,-1583.50,-50.6949,121.6060
8821678,-529.50,-1339.50,-55.1057,109.0381
8825584,-414.50,163.50,-59.7644,98.0779
8829490,-271.50,969.50,-66.0731,104.3200
8833396,-264.50,-4.50,-62.3695,125.9610
8837302,-402.50,-1416.50,-37.8127,145.1706
8841208,-422.50,-1340.50,0.1484,161.9192
8845114,-309.50,111.50,35.8548,186.7764
8849020,-136.50,1205.50,57.1719,232.4877
8852926,-97.50,384.50,75.9396,296.2648
8856832,-127.50,-1008.50,123.2209,349.6162
8860738,-141.50,-1152.50,207.1288,397.4078
8864644,-38.50,242.50,287.7305,448.9690
8868550,158.50,1744.50,332.2588,549.3457
8872456,247.50,971.50,363.4004,692.5988
8876362,209.50,-459.50,416.8636,762.7804
8880268,214.50,-815.50,500.9839,775.1003
8884174,378.50,453.50,599.1438,800.0492
8888080,655.50,2047.50,695.9802,875.8083
8891986,762.50,1687.50,786.2058,1019.1753
8895892,720.50,35.50,864.2091,1112.7094
8899798,688.50,-512.50,934.0894,1100.4350
8903704,803.50,609.50,999.4449,1075.0884
8907610,985.50,2047.50,1047.6290,1080.1245
8911516,1073.50,2047.50,1070.9091,1121.1860
8915422,975.50,357.50,1078.4134,1160.4916
8919328,789.50,-425.50,1067.9276,1134.8723
8923234,751.50,463.50,1022.6190,1081.0256
8927140,929.50,2047.50,960.3462,1055.5585
8931046,1023.50,2047.50,922.3771,1055.1387
8934952,880.50,462.50,904.4541,1018.6704
8938858,698.50,-483.50,874.0811,941.6411
8942764,671.50,226.50,826.9324,892.9439
8946670,784.50,2047.50,774.6004,917.9544
8950576,848.50,2047.50,721.4068,967.9539
8954482,726.50,570.50,668.3522,907.6911
8958388,511.50,-579.50,612.5163,770.7087
8962294,491.50,-80.50,558.5364,682.4322
8966200,606.50,1687.50,518.1757,674.3991
8970106,667.50,2047.50,480.7331,711.3269
8974012,560.50,646.50,430.6107,681.1822
8977918,331.50,-636.50,369.1327,576.9641
8981824,272.50,-336.50,307.0310,499.1065
8985730,372.50,1202.50,257.9269,459.3347
8989636,491.50,2047.50,223.0861,452.2984
8993542,444.50,747.50,198.9675,453.5396
8997448,262.50,-677.50,181.4021,402.3343
9001354,160.50,-589.50,158.5833,333.2221
9005260,210.50,807.50,118.7471,272.3791
9009166,325.50,2047.50,64.7625,254.7598
9013072,279.50,816.50,14.8630,285.3892
9016978,123.50,-693.50,-17.9005,249.9510
9020884,25.50,-815.50,-34.1420,171.4764
9024790,112.50,535.50,-43.8177,116.8437
9028696,267.50,2047.50,-52.8226,132.5178
9032602,263.50,976.50,-60.4222,206.8149
9036508,130.50,-562.50,-65.0612,195.1195
9040414,16.50,-938.50,-65.9700,120.9620
9044320,64.50,294.50,-72.6067,59.7372
9048226,198.50,1907.50,-92.8452,51.8707
9052132,198.50,1084.50,-121.5352,96.7769
9056038,68.50,-485.50,-146.7194,74.1710
9059944,-64.50,-1101.50,-160.0591,2.2649
9063850,-28.50,-15.50,-168.8754,-61.5897
9067756,144.50,1517.50,-177.4046,-112.1486
9071662,183.50,1134.50,-181.2406,-126.7858
9075568,55.50,-412.50,-184.8556,-135.3358
9079474,-105.50,-1190.50,-194.6406,-139.9296
9083380,-74.50,-254.50,-209.2041,-147.3303
9087286,68.50,1260.50,-222.4061,-184.9676
9091192,133.50,1168.50,-233.0532,-230.8013
9095098,14.50,-304.50,-243.2033,-257.3945
9099004,-145.50,-1276.50,-253.7921,-250.5479
9102910,-165.50,-524.50,-268.2970,-242.4645
9106816,-15.50,987.50,-285.6944,-280.2148
9110722,78.50,1275.50,-297.0219,-324.8767
9114628,-20.50,-165.50,-300.8186,-324.6268
9118534,-180.50,-1302.50,-303.8496,-299.5566
9122440,-196.50,-751.50,-307.3216,-292.0783
9126346,-66.50,757.50,-311.0751,-332.3672
9130252,32.50,1311.50,-318.3261,-380.8577
9134158,-36.50,-8.50,-327.0422,-377.9916
9138064,-185.50,-1278.50,-329.7052,-345.0981
9141970,-148.50,-882.50,-312.6886,-317.3334
9145876,-53.50,618.50,-281.8100,-321.2246
9149782,11.50,1391.50,-277.6932,-343.5130
9153688,-37.50,160.50,-306.9696,-347.2481
9157594,-170.50,-1208.50,-328.7427,-343.2232
9161500,-254.50,-1056.50,-330.2695,-335.9625
9165406,-120.50,357.50,-327.7136,-352.5955
9169312,-0.50,1350.50,-325.6847,-392.0203
9173218,-14.50,327.50,-323.3702,-400.2594
9177124,-193.50,-1135.50,-323.7226,-384.1558
9181030,-270.50,-1178.50,-329.7019,-359.8975
9184936,-171.50,176.50,-336.0148,-354.0742
9188842,-44.50,1291.50,-339.9007,-383.0652
9192748,-47.50,486.50,-344.7130,-405.9879
9196654,-193.50,-1012.50,-346.9974,-402.1061
9200560,-286.50,-1341.50,-344.3948,-381.9570
9204466,-200.50,-73.50,-338.9872,-386.7632
9208372,-50.50,1162.50,-333.1392,-428.3901
9212278,-36.50,595.50,-329.5150,-461.5864
9216184,-184.50,-932.50,-330.0999,-461.7945
9220090,-309.50,-1467.50,-335.3571,-438.4692
9223996,-264.50,-318.50,-344.8145,-432.0545
9227902,-110.50,1015.50,-354.5848,-463.6878
9231808,-76.50,699.50,-359.6941,-497.9690
9235714,-219.50,-812.50,-363.1001,-499.0699
9239620,-332.50,-1522.50,-365.6326,-466.5600
9243526,-312.50,-521.50,-365.2676,-439.7658
9247432,-168.50,911.50,-368.2443,-450.8028
9251338,-85.50,814.50,-370.6952,-478.7487
9255244,-178.50,-618.50,-360.5746,-481.7175
9259150,-323.50,-1522.50,-343.5675,-445.6048
9263056,-320.50,-720.50,-335.4271,-414.2568
9266962,-157.50,782.50,-335.7370,-427.4515
9270868,-61.50,941.50,-331.2311,-455.5494
9274774,-158.50,-431.50,-320.8369,-455.2579
9278680,-292.50,-1519.50,-310.7285,-424.6331
9282586,-288.50,-914.50,-299.4676,-403.3325
9286492,-132.50,577.50,-285.5643,-427.2350
9290398,-15.50,995.50,-270.1180,-468.1572
9294304,-68.50,-271.50,-252.3686,-472.5540
9298210,-207.50,-1489.50,-232.4644,-437.7033
9302116,-252.50,-1086.50,-218.3060,-405.4806
9306022,-128.50,449.50,-217.7707,-407.8454
9309928,-20.50,1109.50,-226.3295,-418.8799
9313834,-98.50,-57.50,-238.7329,-405.6661
9317740,-266.50,-1410.50,-254.3014,-381.9535
9321646,-319.50,-1212.50,-267.1219,-367.7246
9325552,-209.50,282.50,-273.1503,-373.9817
9329458,-84.50,1143.50,-276.2105,-384.4860
9333364,-111.50,128.50,-277.4588,-377.0901
9337270,-271.50,-1327.50,-275.9939,-365.0389
9341176,-351.50,-1308.50,-275.5410,-353.3308
9345082,-266.50,93.50,-280.2244,-347.9513
9348988,-117.50,1121.50,-286.9431,-356.7110
9352894,-116.50,299.50,-286.4894,-362.2082
9356800,-256.50,-1212.50,-276.9022,-358.9931
9360706,-371.50,-1449.50,-269.0503,-351.8310
9364612,-322.50,-143.50,-276.5647,-355.2667
9368518,-175.50,1022.50,-295.7830,-376.7207
9372424,-147.50,439.50,-306.7526,-390.6208
9376330,-321.50,-1088.50,-308.3021,-381.1476
9380236,-424.50,-1551.50,-312.4108,-360.3087
9384142,-354.50,-348.50,-313.5323,-352.4938
9388048,-213.50,945.50,-309.0873,-364.9809
9391954,-136.50,607.50,-300.4650,-372.1470
9395860,-242.50,-911.50,-279.9308,-354.6840
9399766,-376.50,-1583.50,-255.9863,-326.1998
9403672,-330.50,-521.50,-243.2934,-312.3930
9407578,-172.50,889.50,-238.2713,-317.5049
9411484,-112.50,738.50,-234.1429,-324.9458
9415390,-221.50,-751.50,-230.1365,-324.2007
9419296,-373.50,-1615.50,-228.0988,-314.9363
9423202,-330.50,-751.50,-225.6243,-311.7506
9427108,-175.50,737.50,-216.1596,-325.0581
9431014,-101.50,821.50,-205.4414,-337.8287
9434920,-184.50,-550.50,-199.3540,-329.3476
9438826,-322.50,-1558.50,-191.7573,-293.8345
9442732,-328.50,-885.50,-182.3416,-258.8109
9446638,-181.50,613.50,-176.0394,-259.1885
9450544,-79.50,946.50,-172.0509,-279.3169
9454450,-157.50,-342.50,-168.4772,-280.7941
9458356,-299.50,-1519.50,-163.9045,-256.8815
9462266,-308.50,-1059.50,-154.4901,-235.7089
9466172,-175.50,458.50,-141.8182,-242.7604
9470078,-125.50,997.50,-143.9582,-263.4975
9473984,-172.50,-193.50,-166.2465,-273.4983
9477890,-306.50,-1493.50,-180.2726,-268.0329
9481796,-367.50,-1247.50,-175.9343,-258.2073
9485702,-239.50,267.50,-169.5755,-260.9086
9489608,-102.50,1023.50,-163.5802,-267.7610
9493514,-129.50,-15.50,-153.7427,-265.9865
9497420,-296.50,-1428.50,-145.9707,-260.1485
9501326,-367.50,-1362.50,-146.6510,-250.6023
9505232,-268.50,80.50,-152.1212,-243.6271
9509138,-121.50,1023.50,-154.7699,-244.5983
9513044,-141.50,175.50,-152.6761,-244.3689
9516950,-300.50,-1329.50,-151.8504,-241.7367
9520856,-395.50,-1465.50,-156.1853,-235.7699
9524762,-309.50,-95.50,-161.8767,-224.1134
9528668,-161.50,1035.50,-164.2972,-211.2501
9532574,-138.50,383.50,-160.3439,-197.3280
9536480,-265.50,-1120.50,-148.8330,-182.0852
9540386,-366.50,-1496.50,-134.1812,-163.5750
9544292,-292.50,-256.50,-122.6439,-150.7315
9548198,-143.50,1008.50,-116.1112,-150.6990
9552104,-95.50,585.50,-110.9204,-148.4309
9556010,-222.50,-943.50,-102.8262,-137.7250
9559916,-335.50,-1540.50,-93.5251,-125.6232
9563822,-262.50,-431.50,-82.0174,-119.5775
9567728,-142.50,944.50,-72.5806,-120.7054
9571634,-96.50,747.50,-76.6269,-118.0998
9575540,-196.50,-750.50,-84.7796,-107.3944
9579446,-316.50,-1540.50,-81.2064,-93.5872
9583352,-300.50,-600.50,-71.8559,-84.4301
9587258,-145.50,848.50,-67.1408,-86.5653
9591164,-79.50,842.50,-66.3114,-97.0131
9595070,-191.50,-598.50,-69.0839,-108.7814
9598976,-334.50,-1609.50,-75.3345,-118.6557
9602882,-338.50,-837.50,-81.3447,-127.8146
9606788,-168.50,662.50,-81.0862,-135.4983
9610694,-61.50,934.50,-68.7272,-134.9008
9614600,-143.50,-407.50,-51.5383,-122.0345
9618506,-303.50,-1552.50,-43.1336,-105.7332
9622412,-334.50,-1025.50,-47.2881,-102.3928
9626318,-191.50,490.50,-55.6431,-119.0584
9630224,-88.50,986.50,-59.5046,-135.2404
9634130,-153.50,-230.50,-60.3485,-130.3588
9638036,-324.50,-1536.50,-63.7456,-118.4428
9641942,-362.50,-1214.50,-70.2675,-121.1585
9645848,-241.50,304.50,-74.9263,-137.2492
9649754,-122.50,992.50,-76.9429,-148.6547
9653660,-179.50,-84.50,-80.8679,-147.6606
9657566,-335.50,-1468.50,-87.4993,-140.5047
9661472,-380.50,-1353.50,-89.5192,-133.2116
9665378,-272.50,123.50,-83.5868,-131.5825
9669284,-121.50,1018.50,-74.7745,-130.5877
9673190,-154.50,118.50,-67.6583,-122.4536
9677096,-310.50,-1352.50,-66.8579,-112.9031
9681002,-384.50,-1452.50,-69.4148,-106.5515
9684908,-285.50,-47.50,-67.9871,-103.3413
9688814,-143.50,1019.50,-63.9579,-99.6083
9692720,-138.50,303.50,-60.7834,-93.2653
9696626,-282.50,-1188.50,-57.8372,-85.1249
9700532,-370.50,-1540.50,-53.1586,-77.1956
9704438,-303.50,-226.50,-48.3134,-75.8320
9708344,-143.50,995.50,-45.8749,-73.3979
9712250,-100.50,501.50,-40.0587,-62.6529
9716156,-213.50,-1007.50,-24.9988,-48.2240
9720062,-335.50,-1551.50,-8.0788,-33.0644
9723968,-342.50,-411.50,-10.5125,-28.3925
9727874,-166.50,911.50,-32.7398,-39.5348
9731780,-123.50,635.50,-46.9070,-52.6856
9735686,-244.50,-896.50,-46.8700,-60.6831
9739592,-367.50,-1621.50,-42.7070,-63.5614
9743498,-324.50,-632.50,-35.4221,-61.6132
9747404,-169.50,784.50,-26.2013,-63.8795
9751310,-88.50,751.50,-17.1611,-68.0358
9755216,-193.50,-698.50,-9.0619,-62.6366
9759122,-329.50,-1615.50,-3.1832,-48.4641
9763028,-308.50,-803.50,2.2055,-36.2068
9766934,-159.50,710.50,8.9597,-30.8517
9770840,-60.50,877.50,15.9186,-26.8225
9774746,-158.50,-512.50,20.6498,-26.7680
9778652,-335.50,-1604.50,15.7610,-31.3705
9782558,-354.50,-1024.50,0.3373,-40.2810
9786464,-222.50,470.50,-14.7749,-63.4511
9790370,-122.50,920.50,-24.1128,-83.1973
9794276,-202.50,-351.50,-30.7283,-77.8216
9798182,-352.50,-1585.50,-35.6389,-62.9116
9802088,-393.50,-1189.50,-37.5807,-55.7230
9805994,-241.50,348.50,-34.4454,-56.4969
9809900,-124.50,996.50,-26.0430,-51.3308
9813806,-180.50,-169.50,-20.6435,-42.1817
9817712,-332.50,-1514.50,-21.5112,-44.5557
9821618,-397.50,-1332.50,-23.9790,-50.1421
9825524,-271.50,178.50,-25.2714,-50.0497
9829430,-137.50,1015.50,-23.3219,-41.2609
9833336,-140.50,66.50,-16.1303,-25.0084
9837242,-284.50,-1380.50,-2.7982,-11.5515
9841148,-364.50,-1395.50,9.8917,-1.6968
9845054,-239.50,46.50,19.0000,9.2160
9848960,-86.50,1072.50,30.5098,23.9733
9852866,-80.50,285.50,43.2090,37.5940
9856772,-220.50,-1206.50,53.3722,42.5108
9860678,-340.50,-1472.50,56.3709,43.1158
9864584,-252.50,-127.50,50.2856,43.1148
9868490,-111.50,1062.50,42.5245,48.8657
9872396,-65.50,474.50,41.1036,59.4809
9876302,-193.50,-1051.50,50.3568,61.8478
9880208,-312.50,-1542.50,62.5840,56.6992
9884114,-262.50,-318.50,65.5671,51.0712
9888020,-116.50,977.50,58.6088,49.8410
9891926,-83.50,631.50,47.4550,52.5519
9895832,-224.50,-902.50,35.1751,53.0189
9899738,-351.50,-1580.50,24.3978,50.9913
9903644,-321.50,-512.50,17.9655,51.1911
9907550,-175.50,889.50,13.0139,53.9967
9911456,-108.50,752.50,8.0994,53.7214
9915362,-238.50,-736.50,2.9929,47.1701
9919268,-365.50,-1608.50,-2.0904,40.5525
9923174,-346.50,-746.50,-1.7115,34.8940
9927080,-190.50,726.50,3.8360,23.9424
9930986,-139.50,848.50,3.7914,15.9041
9934892,-193.50,-556.50,-0.4289,19.7065
9938798,-374.50,-1562.50,0.0677,35.5747
9942704,-389.50,-900.50,-4.1884,54.0475
9946610,-216.50,606.50,-9.6759,54.6142
9950516,-117.50,995.50,-3.5711,50.3442
9954422,-172.50,-335.50,8.2026,60.2714
9958328,-303.50,-1548.50,23.3189,65.0389
9962234,-324.50,-1090.50,41.3696,53.4002
9966140,-154.50,443.50,60.3898,35.6194
9970046,-48.50,1055.50,77.8598,34.5066
9973952,-109.50,-154.50,83.5520,51.6524
9977858,-270.50,-1467.50,77.3167,60.7207
9981764,-324.50,-1199.50,68.8638,62.2460
9985670,-204.50,326.50,62.8385,67.3430
9989576,-77.50,1131.50,59.0440,82.2436
9993482,-109.50,66.50,56.2701,98.0485
9997388,-271.50,-1367.50,53.6885,92.2106
10001294,-341.50,-1327.50,50.6446,75.5761
10005200,-234.50,114.50,48.6874,63.8585
10009106,-105.50,1103.50,46.2868,61.5074
10013012,-128.50,219.50,38.8539,64.7471
10016918,-266.50,-1272.50,30.9640,57.0642
10020824,-362.50,-1460.50,29.2354,45.5466
10024730,-284.50,-80.50,28.3182,42.0826
10028636,-124.50,1090.50,25.5672,52.6370
10032542,-54.50,466.50,35.5784,79.2415
10036448,-206.50,-1071.50,60.4313,101.8298
10040354,-370.50,-1549.50,68.4113,96.9974
10044260,-316.50,-300.50,45.3420,64.2858
10048166,-158.50,933.50,18.2677,27.6253
10052072,-109.50,537.50,8.8784,6.7591
10055978,-220.50,-975.50,16.5516,8.6407
10059884,-344.50,-1600.50,31.3644,25.3446
10063790,-272.50,-463.50,46.7087,41.9185
10067696,-136.50,903.50,58.2578,52.9701
10071602,-82.50,721.50,57.7565,56.9387
10075508,-213.50,-768.50,46.5018,59.5414
10079414,-339.50,-1587.50,36.0717,66.4199
10083320,-309.50,-637.50,35.5226,73.7946
10087226,-149.50,819.50,43.1207,76.8730
10091132,-70.50,869.50,50.5958,77.3352
10095038,-161.50,-560.50,54.9375,80.9236
10098944,-310.50,-1553.50,57.6678,88.8553
10102850,-335.50,-825.50,54.6192,92.3444
10106756,-176.50,671.50,45.6954,80.9502
10110662,-64.50,981.50,43.3096,69.8221
10114568,-143.50,-358.50,49.9275,77.5515
10118474,-278.50,-1493.50,59.2080,95.7611
10122380,-303.50,-969.50,68.7827,108.8879
10126286,-158.50,550.50,75.6915,104.7702
10130192,-56.50,1103.50,76.8700,100.1712
10134098,-126.50,-173.50,70.1777,106.3964
10138004,-273.50,-1454.50,61.3580,102.4335
10141910,-335.50,-1140.50,56.1850,90.8830
10145816,-216.50,379.50,50.1685,80.9381
10149722,-79.50,1133.50,44.3376,81.9061
10153628,-142.50,-7.50,39.3455,88.5875
10157534,-318.50,-1413.50,27.0187,74.3642
10161440,-381.50,-1326.50,11.1720,48.9063
10165346,-271.50,141.50,3.3664,28.8278
10169252,-129.50,1067.50,3.2854,20.3340
10173158,-152.50,142.50,3.8922,22.2407
10177064,-290.50,-1321.50,4.4663,21.1960
10180970,-374.50,-1422.50,8.9213,24.1173
10184876,-274.50,-40.50,15.8445,31.3269
10188782,-131.50,1040.50,20.3132,31.5801
10192688,-149.50,327.50,16.0998,27.1841
10196594,-303.50,-1182.50,2.1927,22.8873
10200500,-398.50,-1545.50,-9.7118,20.8599
10204406,-317.50,-240.50,-10.2916,18.0060
10208312,-166.50,976.50,-4.7918,15.2969
10212218,-134.50,499.50,-0.8864,15.8509
10216124,-251.50,-1010.50,4.0110,22.7034
10220030,-364.50,-1580.50,13.7420,34.9771
10223936,-305.50,-400.50,24.0213,44.1751
10227842,-149.50,938.50,30.2323,49.5211
10231748,-69.50,703.50,37.0844,55.8584
10235654,-195.50,-809.50,48.3023,65.8347
10239560,-348.50,-1582.50,52.7481,73.1709
10243466,-314.50,-575.50,45.6740,72.9643
10247372,-145.50,875.50,40.5792,72.9424
10251278,-63.50,842.50,45.5661,77.1541
10255184,-158.50,-603.50,56.0922,83.1512
10259090,-291.50,-1545.50,67.4845,91.4816
10262996,-287.50,-724.50,76.0823,100.1698
10266902,-137.50,763.50,78.3140,101.9389
10270808,-54.50,998.50,74.6173,102.0420
10274714,-165.50,-392.50,64.2916,108.7386
10278620,-316.50,-1508.50,49.8015,112.7157
10282526,-349.50,-938.50,37.2836,102.7894
10286432,-214.50,563.50,26.2862,74.9634
10290338,-114.50,1038.50,15.7981,51.7839
10294244,-174.50,-258.50,9.1878,50.7776
10298150,-319.50,-1497.50,10.5873,53.8760
10302056,-378.50,-1134.50,14.1680,50.0681
10305962,-224.50,391.50,14.5577,37.0878
10309868,-128.50,1082.50,13.5727,31.2326
10313774,-174.50,-68.50,7.2395,41.3037
10317680,-321.50,-1429.50,0.8051,46.1613
10321586,-383.50,-1264.50,1.3867,43.5831
10325492,-264.50,181.50,4.2765,31.1431
10329398,-112.50,1104.50,8.8561,19.8152
10333304,-127.50,112.50,17.6779,27.9373
10337210,-267.50,-1339.50,28.9765,33.7094
10341116,-353.50,-1364.50,37.9039,35.0018
10345022,-248.50,50.50,41.3012,42.2807
10348928,-113.50,1115.50,40.0089,52.2079
10352834,-138.50,301.50,31.3833,58.2439
10356740,-280.50,-1202.50,17.6145,48.3346
10360646,-384.50,-1489.50,8.6044,34.2304
10364552,-308.50,-171.50,4.8298,24.5137
10368458,-159.50,1008.50,1.7698,15.2547
10372364,-143.50,447.50,-1.7103,8.2819
10376270,-232.50,-1028.50,2.7945,12.4872
10380176,-304.50,-1518.50,28.0000,35.6169
10384082,-277.50,-354.50,56.9481,52.1188
10387988,-170.50,900.50,55.5606,34.0253
10391894,-143.50,556.50,25.2981,-6.2548
10395800,-253.50,-948.50,-1.8730,-35.2650
10399706,-377.50,-1644.50,-8.8337,-37.9038
10403612,-341.50,-580.50,-4.6205,-25.8574
10407518,-170.50,825.50,2.8382,-13.6350
10411424,-111.50,707.50,12.4885,-10.2648
10415330,-216.50,-758.50,18.5541,-14.1645
10419236,-338.50,-1647.50,21.7880,-14.8601
10423142,-318.50,-770.50,27.6340,-11.0025
10427048,-158.50,734.50,36.0029,-3.8822
10430954,-52.50,859.50,48.3486,7.4579
10434860,-170.50,-534.50,58.4039,17.7696
10438766,-290.50,-1593.50,59.4911,24.5463
10442672,-319.50,-895.50,57.0784,31.9689
10446578,-175.50,594.50,52.1923,35.0664
10450484,-79.50,994.50,46.5369,34.9861
10454390,-149.50,-317.50,43.6924,42.8521
10458296,-309.50,-1521.50,41.1028,51.1706
10462202,-350.50,-1069.50,34.6739,51.2308
10466108,-207.50,450.50,27.8012,42.3786
10470014,-79.50,1082.50,29.4314,40.6967
10473920,-153.50,-145.50,33.7921,49.7110
10477826,-309.50,-1464.50,29.4357,45.7200
10481732,-348.50,-1227.50,22.8601,34.7538
10485638,-213.50,291.50,25.8748,29.8313
10489544,-72.50,1136.50,37.7961,41.9211
10493450,-105.50,71.50,49.3752,64.0831
10497356,-286.50,-1352.50,49.1876,65.1876
10501262,-358.50,-1314.50,36.1303,56.4489
10505168,-267.50,107.50,21.3327,51.8974
10509074,-111.50,1132.50,13.5911,52.3045
10512980,-126.50,252.50,14.0085,58.5963
10516886,-257.50,-1232.50,19.1206,53.9781
10520792,-363.50,-1450.50,23.8803,42.6349
10524698,-260.50,-96.50,25.6859,32.1222
10528604,-113.50,1072.50,27.9095,27.6266
10532510,-120.50,416.50,26.9840,32.0308
10536416,-212.50,-1034.50,26.5415,42.4877
10540322,-290.50,-1453.50,43.5825,68.9458
10544228,-306.50,-302.50,56.4229,79.3877
10548134,-236.50,894.50,23.5705,35.2040
10552040,-256.50,430.50,-46.3138,-40.7497
10555946,-489.50,-1178.50,-126.0122,-117.8672
10559852,-724.50,-1892.50,-216.7918,-192.2714
10563758,-788.50,-894.50,-320.2947,-270.9363
10567664,-749.50,353.50,-426.5260,-364.0108
10571570,-756.50,117.50,-522.4771,-463.4134
10575476,-953.50,-1444.50,-599.7671,-544.6415
10579382,-1146.50,-2047.50,-663.2608,-556.4819
10583288,-1231.50,-1469.50,-724.9974,-534.5321
10587194,-1120.50,-115.50,-787.2066,-609.6735
10591100,-1064.50,-116.50,-831.5090,-746.1171
10595006,-1215.50,-1594.50,-855.2163,-837.7785
10598912,-1374.50,-2047.50,-873.5416,-787.9533
10602818,-1378.50,-1761.50,-882.7042,-638.0173
10606724,-1201.50,-428.50,-870.2955,-643.9801
10610630,-1007.50,-184.50,-823.6506,-797.4372
10614536,-1114.50,-1510.50,-758.1315,-904.6577
10618442,-1242.50,-2047.50,-712.8817,-833.9584
10622348,-1266.50,-1881.50,-689.6190,-631.7789
10626254,-1109.50,-492.50,-669.4267,-565.6291
10630160,-913.50,16.50,-634.1498,-645.8342
10634066,-881.50,-1146.50,-566.6833,-695.6704
10637972,-972.50,-2047.50,-476.9469,-636.5974
10641878,-934.50,-1887.50,-385.0695,-501.0282
10645784,-709.50,-401.50,-291.3861,-421.8106
10649690,-453.50,369.50,-186.1879,-395.0586
10653596,-437.50,-629.50,-79.4105,-347.9131
10657502,-552.50,-1965.50,2.2838,-304.8023
10661408,-495.50,-1786.50,68.7748,-273.8699
10665314,-349.50,-260.50,143.7625,-214.9562
10669220,-142.50,714.50,213.9405,-110.3323
10673126,-81.50,-85.50,274.1310,5.2982
10677032,-146.50,-1484.50,339.2746,82.0541
10680938,-208.50,-1551.50,404.9849,117.7731
10684844,-79.50,-134.50,453.8383,153.0444
10688750,111.50,1023.50,486.7793,223.0853
10692656,146.50,358.50,513.3890,310.5174
10696562,14.50,-1121.50,532.1811,356.1998
10700468,-82.50,-1464.50,541.3252,348.6287
10704374,-17.50,-165.50,542.2654,335.3040
10708280,113.50,1127.50,531.9881,366.5918
10712186,146.50,608.50,511.8352,424.1869
10716092,46.50,-895.50,498.6107,439.1890
10719998,-54.50,-1454.50,504.5893,408.0852
10723904,-2.50,-272.50,518.9490,385.5550
10727810,153.50,1149.50,525.7320,417.8423
10731716,199.50,848.50,520.6689,480.8376
10735622,79.50,-658.50,507.5128,498.4100
10739528,-53.50,-1423.50,493.6806,461.3653
10743434,-14.50,-408.50,485.9862,426.0915
10747340,144.50,1072.50,485.4528,438.1531
10751246,204.50,1002.50,483.6152,478.6275
10755152,97.50,-436.50,472.6584,489.9909
10759058,-64.50,-1391.50,454.6388,462.6974
10762964,-84.50,-590.50,431.4620,428.3964
10766870,56.50,902.50,406.1646,414.7854
10770776,157.50,1179.50,388.0305,437.0792
10774682,58.50,-250.50,377.6676,465.1917
10778588,-101.50,-1408.50,366.0395,441.9849
10782494,-144.50,-783.50,348.5862,385.6763
10786400,-10.50,733.50,327.8143,357.4525
10790306,110.50,1293.50,312.5265,385.6558
10794212,39.50,-64.50,305.5711,432.5211
10798118,-127.50,-1348.50,298.1681,419.6968
10802024,-156.50,-944.50,289.3242,363.9173
10805930,-31.50,558.50,285.0396,330.0452
10809836,81.50,1328.50,280.3561,345.8875
10813742,26.50,86.50,267.9604,379.4185
10817648,-143.50,-1323.50,249.8067,353.8081
10821554,-207.50,-1135.50,232.5412,289.6233
10825460,-96.50,336.50,221.2505,253.8779
10829366,45.50,1253.50,215.6709,261.4072
10833272,19.50,213.50,211.8364,280.0536
10837178,-149.50,-1241.50,203.9863,261.1149
10841084,-245.50,-1260.50,189.5920,228.5861
10844990,-158.50,165.50,172.7092,224.0986
10848896,-12.50,1298.50,158.6390,255.4738
10852802,-15.50,406.50,148.8416,288.7365
10856708,-160.50,-1090.50,142.1488,269.3340
10860614,-272.50,-1391.50,136.5925,222.7915
10864520,-196.50,-105.50,130.0714,185.5504
10868426,-74.50,1116.50,118.5419,164.9033
10872332,-72.50,493.50,97.0265,157.6072
10876238,-221.50,-1039.50,70.8841,137.1097
10880144,-369.50,-1583.50,46.9879,102.8318
10884050,-356.50,-424.50,19.5327,63.2712
10887956,-258.50,848.50,-19.6840,21.7338
10891862,-309.50,460.50,-77.8498,-19.4306
10895768,-512.50,-1160.50,-155.9524,-75.7704
10899674,-689.50,-1931.50,-234.9353,-152.7921
10903580,-732.50,-959.50,-300.5363,-233.5184
10907486,-586.50,407.50,-351.4894,-301.8168
10911392,-565.50,221.50,-385.0912,-358.5969
10915298,-841.50,-1353.50,-432.6713,-422.4560
10919204,-1048.50,-2047.50,-519.5497,-454.4508
10923110,-1166.50,-1523.50,-621.0393,-461.6942
10927016,-1046.50,-124.50,-710.8066,-548.8864
10930922,-991.50,-61.50,-769.0407,-681.1010
10934828,-1135.50,-1455.50,-798.1809,-759.9778
10938734,-1298.50,-2047.50,-815.9092,-701.3194
10942640,-1256.50,-1719.50,-812.3098,-549.6235
10946546,-1121.50,-312.50,-783.6979,-525.9070
10950452,-1001.50,31.50,-753.4354,-624.6467
10954358,-1053.50,-1273.50,-728.0252,-695.4360
10958267,-1198.50,-2047.50,-699.4945,-649.1525
10962173,-1217.50,-1828.50,-670.2926,-511.8956
10966079,-1039.50,-370.50,-639.1261,-457.9792
10969985,-932.50,190.50,-607.6163,-498.7276
10973891,-933.50,-914.50,-579.2289,-522.3143
10977797,-1116.50,-2047.50,-551.7440,-485.6055
10981703,-1141.50,-1910.50,-529.4545,-416.4368
10985609,-913.50,-465.50,-493.2654,-391.3409
10989515,-780.50,298.50,-433.6760,-403.4435
10993421,-793.50,-688.50,-384.2022,-407.5844
10997327,-959.50,-2047.50,-359.1356,-403.4162
11001233,-997.50,-1944.50,-342.7754,-379.0775
11005139,-880.50,-531.50,-321.9796,-329.6313
11009045,-734.50,414.50,-302.0159,-280.8288
11012951,-736.50,-394.50,-289.3763,-252.4385
11016857,-824.50,-1868.50,-268.1399,-251.6420
11020763,-898.50,-2004.50,-227.5992,-258.4455
11024669,-755.50,-623.50,-180.1901,-235.2649
11028575,-486.50,547.50,-121.0334,-172.4441
11032481,-488.50,-76.50,-52.8262,-103.5105
11036387,-725.50,-1602.50,-26.6592,-78.5957
11040293,-872.50,-2043.50,-61.5137,-103.6403
11044199,-762.50,-792.50,-103.4024,-133.5513
11048105,-560.50,482.50,-104.7706,-125.7238
11052011,-512.50,122.50,-74.9938,-82.8409
11055917,-578.50,-1365.50,-33.4547,-40.6863
11059823,-628.50,-1983.50,26.1528,-22.2774
11063729,-596.50,-884.50,87.2807,-17.8438
11067635,-477.50,475.50,106.6870,-6.1114
11071541,-461.50,297.50,78.2089,12.4020
11075447,-594.50,-1184.50,36.2305,19.0425
11079353,-686.50,-1981.50,19.2419,11.2191
11083259,-617.50,-1039.50,41.4199,10.1287
11087165,-397.50,432.50,88.3721,32.5289
11091071,-246.50,574.50,147.4451,83.8661
11094977,-276.50,-745.50,216.4641,159.2691
11098883,-330.50,-1737.50,294.7048,226.6044
11102789,-322.50,-976.50,365.8467,260.7363
11106695,-160.50,617.50,402.7604,293.3546
11110601,7.50,976.50,418.8134,361.6951
11114507,37.50,-276.50,459.7191,445.1705
11118413,-64.50,-1421.50,533.1597,500.6346
11122319,-31.50,-847.50,605.2567,523.3446
11126225,154.50,749.50,657.1520,551.5159
11130131,303.50,1453.50,692.6445,633.0313
11134037,271.50,76.50,717.1418,718.9754
11137943,80.50,-1248.50,725.7690,702.6773
11141849,28.50,-964.50,711.0282,616.7502
11145755,105.50,560.50,677.5297,555.9686
11149661,185.50,1445.50,628.4165,570.7006
11153567,90.50,144.50,567.4325,606.6426
11157473,-111.50,-1358.50,504.8127,540.4653
11161379,-260.50,-1314.50,441.3032,404.6692
11165285,-230.50,34.50,367.3578,289.6390
11169191,-175.50,913.50,281.3813,204.8999
11173097,-266.50,-44.50,192.4669,140.7906
11177003,-512.50,-1632.50,106.0509,69.3438
11180909,-687.50,-1802.50,19.6994,-14.8655
11184815,-574.50,-423.50,-50.0955,-76.2413
11188721,-399.50,656.50,-73.8895,-97.5490
11192627,-422.50,-6.50,-65.6790,-92.0835
11196533,-622.50,-1579.50,-69.4058,-88.5165
11200439,-735.50,-1929.50,-93.9063,-101.1399
11204345,-670.50,-614.50,-116.9415,-107.2827
11208251,-512.50,625.50,-128.5472,-90.7489
11212157,-479.50,134.50,-131.1034,-72.6715
11216063,-616.50,-1425.50,-126.8920,-77.0379
11219969,-732.50,-1969.50,-118.5389,-91.3721
11223875,-687.50,-808.50,-111.1722,-89.5442
11227781,-514.50,548.50,-108.0458,-72.9932
11231687,-488.50,279.50,-109.5867,-61.4567
11235593,-610.50,-1213.50,-115.8690,-61.6937
11239499,-719.50,-1978.50,-114.8123,-60.6165
11243405,-570.50,-987.50,-81.5419,-52.5819
11247311,-396.50,478.50,-17.9223,-40.2437
11251217,-370.50,464.50,25.3960,-24.0596
11255123,-478.50,-930.50,23.8302,-1.9104
11259029,-540.50,-1887.50,22.8703,27.0316
11262935,-472.50,-1045.50,60.2021,54.8137
11266841,-365.50,486.50,102.7734,81.7637
11270747,-271.50,682.50,110.6599,104.6028
11274653,-273.50,-633.50,115.3871,119.5631
11278559,-436.50,-1765.50,145.8039,134.2109
11282465,-520.50,-1160.50,158.5455,143.4237
11286371,-288.50,410.50,144.3900,149.9203
11290277,-164.50,871.50,151.5533,168.7761
11294183,-186.50,-343.50,185.4015,197.9051
11298089,-271.50,-1551.50,232.1079,232.2207
11301995,-250.50,-1086.50,289.1765,278.9468
11305901,-33.50,511.50,350.5317,340.1199
11309807,141.50,1369.50,412.6048,430.8007
11313713,117.50,178.50,464.1361,530.1226
11317619,-8.50,-1144.50,497.1684,574.5389
11321525,-32.50,-870.50,519.2405,594.0767
11325431,221.50,670.50,555.4493,640.7353
11329337,448.50,2047.50,626.8828,773.6161
11333243,561.50,752.50,725.3362,949.5689
11337149,479.50,-648.50,830.2898,987.7828
11341055,448.50,-622.50,914.1329,941.9164
11344961,647.50,902.50,970.4534,953.1667
11348867,893.50,2047.50,1025.5212,1015.5989
11352773,967.50,1285.50,1090.4657,1082.3400
11356679,845.50,-217.50,1148.0768,1114.1040
11360585,771.50,-441.50,1180.4959,1126.2082
11364491,874.50,883.50,1188.7295,1135.6017
11368397,1061.50,2047.50,1185.5700,1120.6312
11372303,1073.50,1623.50,1177.0467,1101.6323
11376209,899.50,-65.50,1155.4136,1094.1781
11380115,773.50,-512.50,1119.8222,1068.7406
11384021,833.50,666.50,1083.3994,1036.2401
11387927,1008.50,2047.50,1055.3998,1015.7966
11391833,1006.50,1850.50,1028.4039,1028.1881
11395739,819.50,51.50,984.2146,1033.6401
11399645,614.50,-613.50,917.4480,969.1153
11403551,612.50,432.50,839.4137,896.5837
11407457,752.50,2047.50,767.8925,890.4055
11411363,778.50,1975.50,710.6539,945.3475
11415269,627.50,174.50,661.3065,949.7613
11419175,432.50,-691.50,613.3138,846.6288
11423081,434.50,178.50,565.9917,748.4962
11426987,587.50,2047.50,525.9921,764.2820
11430893,665.50,2047.50,496.5982,864.8249
11434799,558.50,304.50,474.4865,863.6040
11438705,375.50,-753.50,454.3977,719.9771
11442611,351.50,-89.50,429.6004,596.7540
11446517,464.50,1757.50,395.3334,587.9814
11450423,546.50,2047.50,351.9508,661.9621
11454329,459.50,437.50,311.3774,666.8534
11458235,283.50,-784.50,284.5806,557.1872
11462141,220.50,-346.50,263.2339,456.1013
11466047,345.50,1275.50,235.5384,406.4933
11469953,400.50,2047.50,195.2734,413.1019
11473859,305.50,497.50,141.1054,424.5795
11477765,134.50,-868.50,91.5825,352.3112
11481671,77.50,-621.50,64.3397,264.4125
11485577,199.50,942.50,52.5983,220.5050
11489483,323.50,2047.50,42.0563,240.1243
11493389,289.50,629.50,29.3301,284.5641
11497295,107.50,-864.50,17.1620,234.5756
11501201,25.50,-821.50,3.7920,147.9924
11505107,112.50,624.50,-13.8120,98.3816
11509013,262.50,2047.50,-33.9030,117.1665
11512919,231.50,741.50,-51.5587,176.7265
11516825,78.50,-789.50,-64.2501,136.9128
11520731,-45.50,-990.50,-74.9611,55.2372
11524637,50.50,340.50,-88.2473,8.2304
11528543,197.50,1825.50,-101.5649,-3.0706
11532449,176.50,848.50,-117.1102,14.9997
11536355,27.50,-722.50,-136.6696,-19.2337
11540261,-85.50,-1154.50,-149.5803,-65.7743
11544167,-17.50,87.50,-153.9340,-85.8185
11548073,126.50,1631.50,-159.9581,-93.4489
11551979,145.50,938.50,-173.4462,-95.3831
11555885,-12.50,-639.50,-191.6691,-137.4539
11559791,-140.50,-1298.50,-207.5728,-174.4147
11563697,-102.50,-194.50,-217.7185,-184.6679
11567603,58.50,1309.50,-225.3658,-210.3417
11571509,94.50,1018.50,-234.5896,-247.1881
11575415,-41.50,-540.50,-247.2191,-277.9210
11579321,-133.50,-1361.50,-250.4857,-270.4017
11583227,-100.50,-396.50,-234.0781,-237.3320
11587133,-15.50,1122.50,-227.8470,-237.7952
11591039,54.50,1131.50,-253.5186,-277.0420
11594945,-19.50,-369.50,-277.5014,-309.5456
11598851,-182.50,-1409.50,-276.9170,-302.9032
11602757,-207.50,-667.50,-275.2580,-284.7757
11606663,-98.50,847.50,-293.2897,-312.5108
11610569,16.50,1158.50,-318.4430,-374.0683
11614475,-68.50,-229.50,-327.8953,-400.5952
11618381,-221.50,-1435.50,-322.9316,-373.8501
11622287,-243.50,-879.50,-316.6154,-337.9137
11626193,-104.50,688.50,-313.6463,-340.5414
11630099,16.50,1264.50,-311.9882,-368.6476
11634005,-37.50,-43.50,-306.9889,-376.6106
11637911,-176.50,-1365.50,-295.9377,-357.9707
11641817,-207.50,-1007.50,-279.9902,-326.0165
11645723,-80.50,560.50,-265.7776,-310.3043
11649629,31.50,1392.50,-261.7154,-311.0698
11653535,-9.50,176.50,-267.2021,-306.9616
11657441,-174.50,-1274.50,-273.9235,-309.4941
11661347,-241.50,-1151.50,-278.4316,-308.7975
11665253,-116.50,337.50,-278.7125,-312.1228
11669159,11.50,1360.50,-275.3474,-328.5391
11673065,-29.50,327.50,-277.8487,-339.3417
11676971,-200.50,-1199.50,-290.5139,-349.2903
11680877,-278.50,-1313.50,-303.6845,-347.5818
11684783,-201.50,103.50,-310.9017,-344.5497
11688689,-48.50,1246.50,-315.4233,-363.7625
11692595,-46.50,448.50,-316.6115,-391.7339
11696501,-193.50,-1103.50,-313.9211,-407.7770
11700407,-314.50,-1455.50,-313.4529,-394.2921
11704313,-285.50,-156.50,-325.9768,-380.6493
11708219,-108.50,1129.50,-346.1836,-399.2735
11712125,-96.50,593.50,-355.3619,-427.2219
11716031,-233.50,-968.50,-355.0849,-432.7972
11719937,-356.50,-1537.50,-353.5810,-405.8955
11723843,-296.50,-362.50,-350.5237,-379.8991
11727749,-126.50,1062.50,-343.6056,-383.4703
11731655,-60.50,761.50,-330.5932,-398.6769
11735561,-175.50,-794.50,-313.9308,-402.2262
11739467,-305.50,-1557.50,-299.1558,-380.5974
11743373,-286.50,-553.50,-291.9421,-354.5623
11747279,-130.50,937.50,-293.0540,-358.7746
11751185,-54.50,855.50,-294.9708,-388.1315
11755091,-170.50,-629.50,-293.9912,-409.2392
11758997,-318.50,-1583.50,-293.5555,-393.3967
11762903,-322.50,-766.50,-295.7667,-362.5361
11766809,-194.50,755.50,-303.4926,-365.1014
11770715,-90.50,965.50,-312.9283,-394.9269
11774621,-190.50,-459.50,-315.9463,-409.6358
11778527,-358.50,-1594.50,-317.3909,-394.3123
11782433,-376.50,-994.50,-322.2596,-374.2151
11786339,-236.50,559.50,-325.9445,-384.5622
11790245,-120.50,1014.50,-324.9365,-414.0848
11794151,-187.50,-274.50,-319.5244,-420.9396
11798057,-386.50,-1565.50,-319.5365,-397.4937
11801963,-399.50,-1192.50,-327.0123,-375.5020
11805869,-288.50,367.50,-330.1768,-385.8380
11809775,-154.50,1068.50,-329.2560,-408.4682
11813681,-212.50,-102.50,-328.2276,-408.7464
11817587,-365.50,-1500.50,-326.2238,-389.7025
11821493,-412.50,-1327.50,-319.8587,-367.3105
11825399,-318.50,169.50,-312.5368,-366.6236
11829305,-184.50,1056.50,-313.7507,-389.4342
11833211,-207.50,93.50,-318.4666,-398.8605
11837117,-341.50,-1405.50,-314.5457,-381.1240
11841023,-424.50,-1444.50,-301.5152,-353.0097
11844929,-317.50,-4.50,-288.5898,-339.9904
11848835,-166.50,1037.50,-279.2550,-353.2512
11852741,-175.50,263.50,-273.3876,-370.2595
11856647,-336.50,-1273.50,-273.6052,-365.1663
11860553,-434.50,-1571.50,-277.3364,-343.1138
11864459,-371.50,-232.50,-281.2056,-335.5269
11868365,-203.50,943.50,-283.4288,-357.7389
11872271,-178.50,397.50,-279.0562,-385.1534
11876177,-356.50,-1180.50,-276.4040,-388.0653
11880083,-479.50,-1688.50,-285.9913,-370.3986
11883989,-454.50,-486.50,-302.8635,-361.2412
11887895,-344.50,832.50,-327.6487,-377.7004
11891801,-298.50,486.50,-355.7762,-404.4040
11895707,-443.50,-1087.50,-372.5815,-417.5154
11899613,-592.50,-1788.50,-380.3125,-409.8019
11903519,-585.50,-763.50,-390.4990,-400.5888
11907425,-453.50,654.50,-407.0810,-417.1124
11911331,-360.50,533.50,-418.3812,-449.4447
11915237,-479.50,-959.50,-413.4633,-463.4944
11919143,-603.50,-1836.50,-399.1362,-442.0566
11923049,-597.50,-981.50,-383.9619,-410.1294
11926955,-415.50,544.50,-368.5065,-402.7910
11930861,-314.50,679.50,-348.2925,-409.3071
11934767,-399.50,-742.50,-326.2813,-403.6644
11938673,-527.50,-1791.50,-306.2380,-377.1809
11942579,-520.50,-1116.50,-284.3277,-343.7434
11946485,-335.50,436.50,-257.0338,-331.0493
11950391,-240.50,835.50,-229.6199,-330.9065
11954297,-310.50,-444.50,-214.2864,-310.1891
11958203,-481.50,-1684.50,-211.9608,-269.4248
11962109,-463.50,-1221.50,-206.9543,-239.1503
11966015,-332.50,327.50,-188.7760,-237.8594
11969921,-184.50,945.50,-166.6040,-247.4052
11973827,-207.50,-224.50,-143.2325,-239.3670
11977733,-372.50,-1584.50,-119.6851,-214.9222
11981639,-466.50,-1350.50,-113.5225,-194.6020
11985545,-368.50,173.50,-131.4402,-194.2175
11989451,-207.50,989.50,-150.9542,-203.8910
11993357,-221.50,-25.50,-149.2082,-202.0033
11997267,-381.50,-1487.50,-133.6124,-188.5334
12001173,-399.50,-1453.50,-111.9896,-171.6625
12005079,-308.50,13.50,-84.5992,-160.5400
12008985,-142.50,1011.50,-64.3527,-159.0913
12012891,-150.50,201.50,-54.4047,-153.8504
12016797,-335.50,-1326.50,-55.3757,-138.0007
12020703,-424.50,-1544.50,-66.9549,-122.3813
12024609,-320.50,-165.50,-71.8030,-119.0463
12028515,-156.50,993.50,-62.2537,-125.1827
12032421,-145.50,396.50,-50.0575,-124.0558
12036327,-271.50,-1149.50,-41.7178,-106.7503
12040233,-364.50,-1582.50,-30.0560,-82.6895
12044139,-213.50,-303.50,-0.8485,-65.4023
12048045,-79.50,989.50,39.8280,-58.2459
12051951,-50.50,609.50,59.8548,-53.6879
12055857,-184.50,-949.50,55.1860,-43.6457
12059763,-306.50,-1602.50,47.8849,-31.5296
12063669,-255.50,-480.50,46.9539,-24.6424
12067575,-62.50,927.50,55.1302,-24.0187
12071481,23.50,747.50,75.6529,-27.3468
12075387,-129.50,-751.50,94.0028,-26.2179
12079293,-285.50,-1583.50,90.6219,-10.8586
12083199,-266.50,-664.50,73.1516,5.9654
12087105,-120.50,819.50,57.1262,3.9112
12091011,-42.50,864.50,45.9000,-11.5915
12094917,-118.50,-576.50,44.7178,-22.2677
12098823,-257.50,-1588.50,57.5296,-16.0947
12102729,-259.50,-848.50,72.9227,-0.7090
12106635,-113.50,687.50,78.1620,4.1992
12110541,-11.50,1040.50,74.9963,8.6964
12114447,-84.50,-350.50,73.0319,24.5282
12118353,-253.50,-1513.50,74.1994,37.4258
12122259,-298.50,-1013.50,69.2547,40.1296
12126165,-143.50,542.50,59.0011,28.5996
12130071,-42.50,1124.50,52.0074,22.7017
12133977,-84.50,-140.50,49.8484,36.6186
12137883,-234.50,-1439.50,55.5505,49.1954
12141789,-274.50,-1142.50,66.8830,54.4727
12145695,-148.50,403.50,74.9916,51.8490
12149601,-0.50,1200.50,79.2267,55.0430
12153507,-57.50,60.50,80.8826,67.3315
12157413,-218.50,-1373.50,76.8144,61.5375
12161319,-298.50,-1289.50,68.6524,45.2753
12165225,-212.50,178.50,56.2530,30.6955
12169131,-81.50,1149.50,37.8044,20.6597
12173037,-79.50,234.50,24.2243,23.1515
12176943,-216.50,-1264.50,27.3713,27.9722
12180849,-317.50,-1393.50,38.9702,33.7646
12184755,-257.50,27.50,38.2392,42.4791
12188661,-104.50,1173.50,22.5702,54.2844
12192567,-80.50,441.50,11.3778,65.5703
12196473,-218.50,-1097.50,14.8194,64.6441
12200379,-319.50,-1460.50,25.3232,61.9742
12204285,-236.50,-158.50,36.0624,63.8512
12208191,-94.50,1111.50,42.2290,64.9940
12212097,-63.50,618.50,39.8242,65.1863
12216003,-192.50,-946.50,34.7555,61.0839
12219909,-303.50,-1540.50,35.8288,55.3761
12223815,-246.50,-362.50,43.4958,52.2960
12227721,-84.50,1015.50,52.3334,52.0301
12231627,-43.50,758.50,55.6823,51.3294
12235533,-168.50,-780.50,50.8436,48.0948
12239439,-317.50,-1561.50,41.3566,48.4659
12243345,-281.50,-575.50,33.2540,50.8436
12247251,-127.50,879.50,30.8120,43.8541
12251157,-52.50,845.50,31.8167,27.0183
12255063,-180.50,-623.50,28.6768,13.0620
12258969,-315.50,-1599.50,21.0402,12.3737
12262875,-310.50,-813.50,17.4112,14.4380
12266781,-175.50,697.50,15.9699,2.0929
12270687,-93.50,944.50,8.6765,-12.6225
12274593,-184.50,-447.50,-1.9806,-10.9569
12278499,-335.50,-1606.50,-8.8761,-2.9794
12282405,-382.50,-1057.50,-15.0655,-11.6878
12286311,-272.50,485.50,-31.4403,-42.9580
12290217,-159.50,960.50,-53.3831,-69.0746
12294123,-234.50,-342.50,-67.0591,-74.3627
12298029,-390.50,-1629.50,-71.6246,-75.8898
12301935,-453.50,-1288.50,-75.3984,-85.5207
12305841,-332.50,285.50,-84.0313,-101.5411
12309747,-234.50,947.50,-97.5157,-109.8554
12313653,-319.50,-205.50,-118.9985,-112.5310
12317559,-532.50,-1626.50,-153.7900,-123.8151
12321465,-664.50,-1502.50,-203.0600,-142.6970
12325371,-566.50,-34.50,-254.9571,-171.6877
12329277,-431.50,820.50,-287.3688,-206.6312
12333183,-462.50,-132.50,-296.4856,-229.9562
12337089,-659.50,-1652.50,-301.8296,-241.0101
12340995,-747.50,-1704.50,-314.7673,-245.5995
12344901,-673.50,-290.50,-328.4929,-246.7344
12348807,-516.50,753.50,-336.5479,-252.3691
12352713,-456.50,47.50,-326.3200,-251.2218
12356619,-591.50,-1440.50,-292.7802,-222.8977
12360525,-678.50,-1728.50,-255.8356,-176.8271
12364431,-602.50,-378.50,-231.1226,-141.4163
12368337,-411.50,807.50,-213.8964,-129.1221
12372243,-369.50,297.50,-193.4320,-128.3146
12376149,-442.50,-1240.50,-162.4359,-118.8814
12380055,-558.50,-1744.50,-122.7839,-97.3028
12383961,-492.50,-515.50,-90.9529,-73.9957
12387867,-328.50,809.50,-74.3207,-57.7288
12391773,-226.50,554.50,-58.3686,-43.0634
12395679,-335.50,-1001.50,-32.3543,-21.4382
12399585,-405.50,-1701.50,2.9915,-0.8991
12403491,-339.50,-608.50,47.2554,20.8980
12407397,-178.50,851.50,87.5153,50.2256
12411303,-106.50,784.50,107.2790,78.1441
12415209,-195.50,-680.50,112.4469,101.7056
12419115,-336.50,-1593.50,116.5744,123.5191
12423021,-308.50,-725.50,124.2334,137.6286
12426927,-150.50,759.50,135.1062,135.3826
12430833,-18.50,935.50,151.0664,125.8026
12434739,-72.50,-459.50,176.5628,129.2906
12438645,-207.50,-1536.50,206.2690,147.0987
12442551,-232.50,-864.50,224.9089,164.8803
12446457,-64.50,656.50,230.9105,168.0433
12450363,69.50,1101.50,239.2911,167.1664
12454269,-18.50,-244.50,248.9258,176.3591
12458175,-159.50,-1482.50,249.5488,178.5043
12462081,-175.50,-1024.50,251.0670,172.2535
12465987,-38.50,546.50,260.4948,171.2827
12469893,95.50,1222.50,269.8614,189.2040
12473799,102.50,-16.50,282.7635,214.4311
12477705,-57.50,-1342.50,303.3617,218.1732
12481611,-158.50,-1135.50,309.9968,211.6439
12485517,-64.50,388.50,289.0395,203.3608
12489423,71.50,1323.50,259.2386,213.7063
12493329,50.50,191.50,240.1052,239.7613
12497235,-89.50,-1249.50,235.0634,231.4953
12501141,-150.50,-1236.50,242.1056,208.5582
12505047,-42.50,221.50,255.9842,201.3131
12508953,118.50,1328.50,268.8304,215.3382
12512859,106.50,393.50,273.7377,237.2473
12516765,-56.50,-1103.50,265.5232,228.3117
12520671,-163.50,-1349.50,248.6125,206.0765
12524577,-65.50,17.50,237.1010,190.8502
12528483,79.50,1261.50,235.5451,189.6950
12532389,77.50,563.50,230.1911,199.7436
12536295,-74.50,-973.50,212.7510,192.0167
12540201,-193.50,-1440.50,193.1657,176.6347
12544107,-122.50,-187.50,183.1154,166.4160
12548013,6.50,1126.50,178.3513,157.6181
12551919,45.50,704.50,167.3296,149.1274
12555825,-88.50,-856.50,152.6305,135.7700
12559731,-256.50,-1536.50,135.7255,122.4333
12563637,-214.50,-432.50,115.1708,111.4070
12567543,-49.50,987.50,102.5542,101.6403
12571449,21.50,827.50,102.6448,96.3582
12575355,-92.50,-690.50,106.4308,96.1354
12579261,-210.50,-1536.50,111.4907,102.5896
12583167,-176.50,-593.50,123.1550,114.4209
12587073,-42.50,890.50,133.8179,120.0303
12590979,-5.50,960.50,123.9533,113.8251
12594885,-114.50,-512.50,93.1509,101.7262
12598791,-220.50,-1562.50,71.8586,88.9809
12602697,-238.50,-785.50,75.6535,85.7640
12606603,-79.50,721.50,86.3243,88.5219
12610509,10.50,1098.50,90.8609,92.5752
12614415,-106.50,-310.50,81.7857,101.6690
12618321,-239.50,-1519.50,62.9333,98.5531
12622227,-249.50,-982.50,56.3506,85.2619
12626133,-117.50,544.50,63.8444,71.3971
12630039,10.50,1119.50,71.7593,59.9765
12633945,-100.50,-168.50,68.0690,54.2225
12637851,-252.50,-1487.50,48.4974,42.9682
12641757,-308.50,-1189.50,28.7271,32.7028
12645663,-160.50,349.50,22.7665,26.0617
12649569,-29.50,1158.50,29.4611,28.4253
12653475,-88.50,41.50,34.5884,42.6813
12657381,-255.50,-1376.50,26.9218,48.2681
12661287,-331.50,-1296.50,12.6970,49.1934
12665193,-228.50,171.50,0.0781,46.4152
12669099,-95.50,1156.50,-9.6699,39.6189
12673005,-129.50,208.50,-19.5571,35.3534
12676911,-290.50,-1294.50,-31.4677,23.3164
12680817,-365.50,-1453.50,-39.3579,11.7194
12684723,-271.50,-40.50,-38.4426,6.3863
12688629,-137.50,1094.50,-36.8585,4.6858
12692535,-116.50,393.50,-38.7162,7.6919
12696441,-239.50,-1116.50,-33.7404,15.4600
12700347,-374.50,-1513.50,-25.6853,30.2206
12704253,-317.50,-214.50,-31.4779,37.0483
12708159,-143.50,1072.50,-43.5215,34.5947
12712065,-78.50,564.50,-39.2430,30.6562
12715971,-207.50,-972.50,-18.8638,23.3469
12719877,-322.50,-1562.50,-0.1763,24.7670
12723783,-303.50,-408.50,3.5519,32.3739
12727689,-118.50,959.50,-3.1638,29.5972
12731595,-34.50,731.50,1.0337,20.0187
12735501,-136.50,-783.50,21.4218,19.8671
12739407,-281.50,-1572.50,40.3270,34.1792
12743313,-242.50,-576.50,48.0762,49.8847
12747219,-107.50,901.50,47.1583,55.9561
12751125,-42.50,880.50,37.6446,52.6665
12755031,-170.50,-580.50,20.3488,47.3874
12758937,-308.50,-1536.50,3.5748,54.1481
12762843,-312.50,-780.50,-4.6494,63.7328
12766749,-162.50,714.50,-6.7210,47.3751
12770655,-52.50,976.50,-4.9629,19.4261
12774561,-140.50,-425.50,0.4088,10.1046
12778467,-318.50,-1579.50,-0.1195,11.5338
12782373,-358.50,-1000.50,-13.6216,8.2925
12786279,-239.50,505.50,-35.1302,-10.6871
12790185,-130.50,1007.50,-55.1910,-34.5854
12794091,-207.50,-286.50,-68.7848,-41.5246
12797997,-358.50,-1581.50,-75.6144,-42.2474
12801903,-378.50,-1200.50,-71.9974,-45.2251
12805809,-250.50,329.50,-59.3739,-50.4070
12809715,-121.50,1060.50,-49.1058,-50.7253
12813621,-145.50,-94.50,-42.7489,-40.3928
12817527,-305.50,-1483.50,-35.5937,-35.0683
12821433,-365.50,-1316.50,-30.1424,-31.3254
12825339,-236.50,183.50,-25.0943,-25.0076
12829245,-101.50,1099.50,-18.5087,-18.4270
12833151,-125.50,112.50,-15.9521,-11.9890
12837057,-258.50,-1356.50,-14.8784,-14.4766
12840963,-340.50,-1416.50,-8.3836,-13.6724
12844869,-243.50,9.50,-0.9959,-6.4678
12848775,-105.50,1105.50,0.2550,0.2977
12852681,-111.50,327.50,-5.6779,8.0346
12856587,-271.50,-1185.50,-16.2578,11.9333
12860493,-382.50,-1510.50,-28.1928,14.3608
12864399,-292.50,-168.50,-35.4320,13.0164
12868305,-150.50,1071.50,-36.0123,12.3602
12872211,-143.50,486.50,-39.5526,12.8893
12876117,-274.50,-1045.50,-48.0532,5.8241
12880023,-389.50,-1590.50,-51.9891,0.9440
12883929,-321.50,-368.50,-48.2549,0.5271
12887835,-160.50,979.50,-40.3700,2.1452
12891741,-96.50,654.50,-30.4607,3.9146
12895647,-203.50,-870.50,-17.2012,4.2462
12899553,-334.50,-1599.50,-3.3051,10.7339
12903459,-296.50,-544.50,4.8516,20.5329
12907365,-127.50,902.50,9.3561,25.8729
12911271,-66.50,784.50,13.4780,20.9231
12915177,-170.50,-671.50,14.9748,12.0243
12919083,-328.50,-1604.50,12.5429,15.6738
12922989,-322.50,-751.50,5.4293,21.9404
12926895,-161.50,725.50,-1.1919,10.6888
12930801,-68.50,885.50,-0.7226,-11.1833
12934707,-172.50,-520.50,1.5631,-21.9441
12938613,-294.50,-1616.50,4.0099,-17.2032
12942519,-292.50,-955.50,14.4473,-10.2868
12946425,-157.50,553.50,26.7112,-17.0657
12950331,-61.50,1010.50,28.0624,-25.1060
12954237,-117.50,-298.50,23.5531,-10.1414
12958143,-274.50,-1545.50,23.7201,10.8053
12962049,-303.50,-1103.50,26.8984,17.2956
12965955,-175.50,438.50,28.2274,10.4946
12969861,-15.50,1134.50,33.2594,14.0477
12973767,-70.50,-93.50,46.3176,35.1390
12977673,-239.50,-1452.50,54.4404,41.2202
12981579,-303.50,-1217.50,49.1819,35.4064
12985485,-165.50,291.50,42.2114,32.2314
12989391,-29.50,1190.50,43.5292,40.2869
12993297,-63.50,135.50,46.9906,61.3733
12997203,-222.50,-1328.50,45.4640,66.1886
13001109,-293.50,-1310.50,42.3067,59.5189
13005015,-207.50,121.50,38.7408,55.7484
13008921,-63.50,1165.50,31.4366,52.5149
13012827,-74.50,291.50,22.9439,48.9119
13016733,-223.50,-1193.50,17.3772,40.1923
13020639,-287.50,-1386.50,20.5288,46.9752
13024545,-141.50,-47.50,43.6413,65.9619
13028451,-78.50,1087.50,65.1414,62.8925
13032357,-111.50,429.50,43.5662,32.2912
13036266,-266.50,-1116.50,-5.9509,-4.8348
13040172,-392.50,-1610.50,-43.5527,-30.1074
13044078,-300.50,-356.50,-57.4089,-47.3945
13047984,-138.50,967.50,-50.4261,-54.3866
13051890,-105.50,587.50,-37.0662,-45.7318
13055796,-230.50,-941.50,-29.0303,-30.0630
13059702,-322.50,-1615.50,-20.1898,-15.0268
13063608,-296.50,-512.50,-9.4692,-8.1115
13067514,-126.50,913.50,-5.4992,-7.1928
13071420,-57.50,734.50,-2.3154,-8.3204
13075326,-176.50,-729.50,4.9842,-6.5822
13079232,-320.50,-1590.50,8.3089,8.7809
13083138,-303.50,-660.50,3.8838,27.1798
13087044,-130.50,848.50,-0.3637,36.7756
13090950,-47.50,893.50,4.1179,37.3402
13094856,-158.50,-529.50,10.6898,30.8029
13098762,-303.50,-1558.50,11.0268,31.3780
13102668,-316.50,-828.50,5.9348,40.8716
13106574,-168.50,673.50,-2.0345,39.2472
13110480,-48.50,1038.50,-4.3420,31.4112
13114386,-134.50,-318.50,2.8128,37.7560
13118292,-286.50,-1516.50,9.9046,47.5860
13122198,-273.50,-998.50,17.7018,49.0265
13126104,-136.50,511.50,31.2293,37.7209
13130010,-25.50,1143.50,40.5699,30.8741
13133916,-111.50,-126.50,36.7852,45.2198
13137822,-283.50,-1459.50,21.5824,50.6284
13141728,-328.50,-1137.50,4.5934,44.3069
13145634,-200.50,358.50,-5.0454,38.9153
13149540,-72.50,1164.50,-7.5696,35.8227
13153446,-127.50,37.50,-9.4536,36.3260
13157352,-306.50,-1401.50,-17.8004,22.1226
13161258,-352.50,-1305.50,-27.9828,5.6768
13165164,-246.50,134.50,-30.6370,-1.4835
13169070,-120.50,1139.50,-32.2076,-4.1442
13172976,-143.50,208.50,-39.0525,0.4653
13176882,-290.50,-1294.50,-44.1256,-3.7492
13180788,-384.50,-1442.50,-44.7163,-12.2152
13184694,-302.50,-77.50,-48.3525,-19.0423
13188600,-145.50,1057.50,-55.3206,-30.3023
13192506,-143.50,356.50,-58.0019,-38.5718
13196412,-285.50,-1174.50,-55.6767,-43.0611
13200318,-410.50,-1570.50,-55.4126,-43.5416
13204224,-334.50,-303.50,-61.8776,-48.2606
13208130,-180.50,955.50,-69.1903,-62.0615
13212036,-160.50,466.50,-72.9752,-77.9875
13215942,-296.50,-1069.50,-75.0785,-90.9329
13219848,-400.50,-1659.50,-72.7395,-90.6318
13223754,-331.50,-512.50,-62.7993,-81.2644
13227660,-174.50,880.50,-50.6556,-73.9275
13231566,-129.50,634.50,-44.3819,-70.1708
13235472,-240.50,-860.50,-42.1739,-66.4813
13239378,-356.50,-1668.50,-35.2890,-56.7241
13243284,-314.50,-676.50,-22.8204,-46.7877
13247190,-144.50,801.50,-9.8962,-41.0924
13251096,-80.50,769.50,-0.4709,-41.5426
13255002,-186.50,-646.50,2.9402,-43.3231
13258908,-328.50,-1615.50,3.0310,-28.5399
13262814,-318.50,-828.50,2.7183,-6.7179
13266720,-160.50,682.50,2.8411,-1.8139
13270626,-62.50,912.50,6.0639,-11.3115
13274532,-144.50,-433.50,13.1774,-15.3629
13278438,-301.50,-1589.50,19.7684,-6.7873
13282344,-317.50,-1007.50,20.4291,0.3888
13286250,-188.50,506.50,14.0884,-8.5167
13290156,-68.50,991.50,6.5911,-24.5094
13294062,-129.50,-262.50,6.9007,-27.9424
13297968,-297.50,-1564.50,11.7724,-24.2216
13301874,-346.50,-1217.50,9.5511,-29.4936
13305780,-204.50,316.50,2.1891,-45.3817
13309686,-77.50,1023.50,-0.1661,-54.6277
13313592,-132.50,-92.50,1.3773,-48.0444
13317498,-310.50,-1481.50,-2.2906,-38.9344
13321404,-364.50,-1300.50,-11.5533,-26.5991
13325310,-240.50,189.50,-16.9618,-10.4065
13329216,-118.50,1116.50,-18.3260,5.6083
13333122,-140.50,144.50,-21.5250,19.7609
13337028,-282.50,-1351.50,-21.4784,16.6104
13340934,-349.50,-1391.50,-13.2576,8.3242
13344840,-255.50,7.50,-4.1042,10.4804
13348746,-109.50,1131.50,-2.0538,20.1627
13352652,-84.50,368.50,0.0568,38.4798
13356558,-209.50,-1135.50,13.9286,53.9319
13360464,-304.50,-1445.50,33.8253,64.1970
13364370,-232.50,-142.50,44.3272,66.0237
13368276,-94.50,1119.50,39.8411,63.0175
13372182,-81.50,543.50,26.8631,64.6693
13376088,-207.50,-981.50,17.4954,61.6352
13379994,-319.50,-1494.50,18.0187,62.8928
13383900,-246.50,-308.50,24.6134,71.3588
13387806,-89.50,1072.50,32.3087,79.6580
13391712,-43.50,730.50,37.8905,86.5629
13395618,-179.50,-793.50,38.6385,83.6148
13399524,-312.50,-1536.50,33.8469,76.9523
13403430,-300.50,-514.50,22.7703,70.1623
13407336,-128.50,927.50,10.2573,59.3712
13411242,-38.50,821.50,10.7968,46.0520
13415148,-132.50,-639.50,27.4140,34.7035
13419054,-254.50,-1563.50,48.8035,35.6407
13422960,-217.50,-730.50,68.7728,39.7128
13426866,-75.50,767.50,82.7477,30.6431
13430772,10.50,935.50,85.6075,17.9159
13434678,-111.50,-452.50,77.1194,17.4706
13438584,-303.50,-1572.50,54.5414,24.0055
13442490,-302.50,-908.50,25.6689,24.5808
13446396,-165.50,617.50,8.3122,17.7755
13450302,-47.50,1058.50,5.5293,16.8664
13454208,-143.50,-248.50,7.3797,30.4617
13458114,-321.50,-1517.50,0.7585,38.7009
13462020,-368.50,-1096.50,-16.8632,27.4208
13465926,-229.50,431.50,-33.9894,4.4306
13469832,-112.50,1077.50,-42.1453,-10.6237
13473738,-154.50,-83.50,-41.5706,-5.7994
13477644,-315.50,-1442.50,-36.0178,5.2170
13481550,-375.50,-1225.50,-32.5953,12.6886
13485456,-250.50,272.50,-34.0934,11.9252
13489362,-109.50,1122.50,-35.0687,8.1198
13493268,-140.50,85.50,-32.8268,6.5741
13497174,-296.50,-1378.50,-29.7656,-5.0179
13501080,-369.50,-1356.50,-27.4431,-14.2767
13504986,-273.50,54.50,-27.6452,-14.4051
13508892,-138.50,1109.50,-33.2566,-13.8899
13512798,-145.50,270.50,-41.2958,-9.1335
13516704,-288.50,-1238.50,-44.0463,-8.7759
13520610,-367.50,-1473.50,-37.8067,-10.8384
13524516,-270.50,-140.50,-25.6167,-14.1215
13528422,-107.50,1067.50,-13.0303,-18.4589
13532328,-108.50,432.50,-6.4538,-17.2728
13536234,-236.50,-1098.50,-6.4351,-19.2978
13540140,-344.50,-1542.50,-4.8198,-17.9380
13544046,-266.50,-319.50,1.0515,-11.0694
13547952,-112.50,1008.50,6.9624,-7.1807
13551858,-53.50,613.50,13.1535,-4.3266
13555764,-196.50,-926.50,20.1184,-5.6810
13559670,-335.50,-1582.50,20.1990,-5.8943
13563576,-294.50,-488.50,11.5229,0.8830
13567482,-136.50,929.50,2.6365,8.4073
13571388,-73.50,751.50,-0.8724,8.1468
13575294,-198.50,-738.50,-1.0766,-0.2527
13579200,-335.50,-1584.50,-1.8466,-0.4917
13583106,-322.50,-696.50,-4.3003,6.2999
13587012,-161.50,785.50,-7.6736,1.5702
13590918,-98.50,837.50,-11.8857,-15.4693
13594824,-214.50,-592.50,-20.8216,-34.2725
13598730,-367.50,-1647.50,-33.0043,-45.5705
13602636,-374.50,-936.50,-42.3599,-51.7101
13606542,-227.50,566.50,-48.1191,-64.2969
13610448,-130.50,898.50,-51.4241,-79.2876
13614354,-212.50,-401.50,-52.6922,-77.2207
13618260,-370.50,-1617.50,-52.7288,-60.8818
13622166,-381.50,-1103.50,-50.7048,-51.3141
13626072,-244.50,439.50,-46.2770,-52.9664
13629978,-98.50,1007.50,-38.2596,-52.2168
13633884,-146.50,-186.50,-23.0972,-39.8446
13637790,-303.50,-1506.50,-6.6499,-24.0487
13641696,-334.50,-1204.50,4.4870,-11.3832
13645602,-188.50,309.50,15.1394,-5.7146
13649508,-41.50,1106.50,29.1360,-0.7790
13653414,-77.50,47.50,42.5467,12.5532
13657320,-209.50,-1402.50,54.4483,18.0445
13661226,-302.50,-1296.50,62.7657,16.4726
13665132,-196.50,162.50,59.0374,21.3870
13669038,-56.50,1152.50,47.5299,32.2698
13672944,-89.50,253.50,36.2024,44.4772
13676850,-223.50,-1236.50,28.9832,46.3164
13680756,-324.50,-1392.50,28.8728,44.1629
13684662,-227.50,-15.50,29.6385,43.2511
13688568,-74.50,1163.50,28.7161,48.0811
13692474,-68.50,447.50,28.1822,60.8119
13696380,-229.50,-1068.50,24.8920,63.4558
13700286,-332.50,-1454.50,18.5132,62.2304
13704192,-268.50,-206.50,12.6782,59.3801
13708098,-104.50,1093.50,8.8841,52.1342
13712004,-85.50,603.50,6.3634,48.8751
13715910,-220.50,-957.50,3.0586,38.2699
13719816,-335.50,-1557.50,1.5624,22.6392
13723722,-284.50,-433.50,3.8525,12.3789
13727628,-143.50,976.50,2.8547,8.8860
13731534,-109.50,723.50,-7.6375,10.9113
13735440,-230.50,-782.50,-21.9439,9.8721
13739346,-365.50,-1576.50,-29.7788,11.3156
13743252,-330.50,-616.50,-29.7530,16.3371
13747158,-176.50,857.50,-26.9301,15.2969
13751064,-111.50,823.50,-26.6375,5.3079
13754970,-204.50,-616.50,-27.6568,-9.5122
13758876,-345.50,-1601.50,-24.1698,-14.1726
13762782,-351.50,-841.50,-20.6089,-12.7729
13766688,-191.50,677.50,-21.7607,-21.3671
13770594,-98.50,953.50,-22.1975,-27.0430
13774500,-177.50,-420.50,-18.9810,-17.4828
13778406,-305.50,-1545.50,-10.0362,-1.8741
13782312,-337.50,-992.50,0.9271,8.4914
13786218,-226.50,511.50,-1.6071,-2.4515
13790124,-37.50,1042.50,-5.1654,-19.7951
13794030,-107.50,-207.50,13.5184,-12.9553
13797936,-265.50,-1505.50,35.3491,2.3600
13801842,-314.50,-1167.50,40.2230,2.5452
13805748,-193.50,352.50,33.4536,-13.3679
13809654,-58.50,1074.50,25.3590,-26.0730
13813560,-111.50,-34.50,21.2493,-21.4237
13817466,-269.50,-1432.50,18.0948,-13.9639
13821372,-318.50,-1261.50,17.4746,-5.3965
13825278,-191.50,221.50,24.1560,7.4183
13829184,-46.50,1153.50,34.7011,21.4051
13833090,-53.50,206.50,44.3756,36.4804
13836996,-206.50,-1274.50,52.3623,40.9290
13840902,-270.50,-1333.50,59.9050,41.9954
13844808,-150.50,82.50,71.7674,50.7030
13848714,-21.50,1191.50,82.7410,64.6567
13852620,-32.50,430.50,80.0182,79.1126
13856526,-144.50,-1052.50,73.6721,87.8009
13860432,-173.50,-1295.50,91.2716,111.8360
13864338,-97.50,-28.50,129.6024,145.1291
13868244,-63.50,1107.50,136.1627,137.5611
13872150,-127.50,499.50,76.8018,76.3771
13876056,-292.50,-1068.50,-9.8800,-2.2192
13879962,-468.50,-1656.50,-79.2390,-63.4974
13883868,-493.50,-552.50,-138.8126,-116.3555
13887774,-354.50,719.50,-195.9252,-179.3835
13891680,-361.50,379.50,-237.8138,-242.3972
13895586,-537.50,-1198.50,-272.4101,-293.8260
13899492,-716.50,-1993.50,-313.8199,-338.3786
13903398,-673.50,-1039.50,-351.4898,-387.8516
13907304,-529.50,392.50,-368.1299,-436.3078
13911210,-473.50,293.50,-367.9703,-465.7908
13915116,-568.50,-1157.50,-361.0037,-472.9072
13919022,-701.50,-2047.50,-348.4084,-455.2204
13922928,-660.50,-1251.50,-331.2553,-430.2322
13926834,-494.50,269.50,-309.4395,-423.2674
13930740,-350.50,444.50,-277.7669,-419.8447
13934646,-386.50,-876.50,-229.2224,-395.3135
13938552,-512.50,-1906.50,-174.4498,-341.2840
13942458,-480.50,-1276.50,-130.3701,-281.5952
13946364,-309.50,291.50,-95.4213,-246.2826
13950270,-186.50,723.50,-64.8953,-221.0641
13954176,-238.50,-525.50,-39.3378,-187.1866
13958082,-368.50,-1737.50,-17.0831,-150.2531
13961988,-382.50,-1308.50,3.1280,-120.9333
13965894,-239.50,271.50,19.9335,-100.2473
13969800,-108.50,907.50,33.2679,-74.9643
13973706,-138.50,-222.50,46.9712,-45.8214
13977612,-290.50,-1583.50,61.2407,-27.1708
13981518,-326.50,-1352.50,72.2090,-17.1499
13985424,-200.50,171.50,80.8887,-5.3632
13989330,-65.50,1005.50,88.2021,12.2863
13993236,-80.50,32.50,94.8270,30.8122
13997142,-212.50,-1445.50,105.1743,36.8116
14001048,-310.50,-1423.50,113.0906,34.5670
14004954,-209.50,-14.50,108.4311,34.4035
14008860,-75.50,993.50,97.2670,31.0256
14012766,-110.50,183.50,84.1929,24.2293
14016672,-252.50,-1334.50,69.1274,14.7141
14020578,-350.50,-1581.50,58.7834,4.8652
14024484,-278.50,-222.50,52.1095,0.2044
14028390,-176.50,929.50,37.4298,0.5167
14032296,-136.50,339.50,17.8175,0.7122
14036202,-278.50,-1215.50,10.3067,-4.8455
14040108,-410.50,-1679.50,8.7782,-13.8667
14044014,-392.50,-457.50,-6.8832,-21.5594
14047920,-266.50,811.50,-37.7431,-30.4772
14051826,-281.50,432.50,-74.6938,-44.4821
14055732,-468.50,-1173.50,-118.9680,-69.9210
14059638,-649.50,-1873.50,-172.6895,-110.0035
14063544,-655.50,-874.50,-227.9937,-159.1467
14067450,-556.50,489.50,-278.1071,-213.4514
14071356,-586.50,298.50,-329.9958,-264.6765
14075266,-764.50,-1220.50,-392.2517,-305.2615
14079172,-917.50,-2047.50,-449.8897,-322.3047
14083078,-974.50,-1325.50,-492.9340,-339.5988
14086984,-964.50,87.50,-550.0482,-406.0237
14090890,-937.50,122.50,-631.4945,-494.1715
14094796,-1041.50,-1345.50,-696.3752,-559.0273
14098702,-1234.50,-2047.50,-726.3946,-538.7373
14102608,-1324.50,-1707.50,-754.1804,-465.1856
14106514,-1196.50,-264.50,-792.9261,-501.7303
14110420,-1025.50,46.50,-803.2009,-614.4352
14114326,-1087.50,-1281.50,-765.6709,-676.0521
14118232,-1226.50,-2047.50,-716.6063,-618.0922
14122138,-1234.50,-1843.50,-681.1147,-481.5384
14126044,-1071.50,-400.50,-649.4954,-452.2939
14129950,-951.50,86.50,-615.4144,-534.3776
14133856,-974.50,-1101.50,-583.0556,-605.1765
14137762,-1103.50,-2047.50,-551.0760,-577.7754
14141668,-1110.50,-1967.50,-514.5077,-464.0862
14145574,-941.50,-540.50,-468.0718,-417.8498
14149480,-784.50,183.50,-414.3943,-457.1596
14153386,-820.50,-836.50,-370.9333,-491.0107
14157292,-977.50,-2047.50,-350.6917,-474.9232
14161198,-1030.50,-2005.50,-344.0479,-404.6409
14165104,-943.50,-687.50,-338.0470,-357.6247
14169010,-771.50,223.50,-327.8866,-372.7779
14172916,-766.50,-575.50,-307.1407,-392.7649
14176822,-875.50,-2047.50,-276.1866,-392.9968
14180728,-953.50,-2047.50,-242.7327,-365.8212
14184634,-824.50,-757.50,-210.0404,-305.0860
14188540,-604.50,339.50,-166.9006,-252.7019
14192446,-580.50,-255.50,-113.2402,-220.0540
14196352,-672.50,-1772.50,-66.4924,-200.1651
14200258,-755.50,-2047.50,-28.7300,-186.8092
14204164,-636.50,-858.50,7.9849,-161.5394
14208070,-437.50,353.50,50.4071,-139.4834
14211976,-370.50,22.50,96.4425,-114.0217
14215882,-473.50,-1490.50,136.0026,-75.3907
14219788,-574.50,-2047.50,165.3969,-51.5956
14223694,-526.50,-944.50,184.2540,-41.4364
14227600,-345.50,418.50,196.3309,-21.2518
14231506,-271.50,265.50,210.5778,18.5115
14235412,-349.50,-1220.50,231.4582,57.3397
14239318,-424.50,-1985.50,263.7335,68.9981
14243224,-368.50,-1001.50,306.4207,73.9565
14247130,-216.50,471.50,341.5126,106.7250
14251036,-79.50,540.50,365.2888,166.3128
14254942,-112.50,-840.50,399.2630,223.9377
14258848,-289.50,-1783.50,435.2071,256.7272
14262754,-278.50,-1024.50,445.1701,268.0899
14266660,-90.50,511.50,444.8007,283.1787
14270566,41.50,838.50,461.0441,329.3776
14274472,7.50,-475.50,491.8694,390.7662
14278378,-110.50,-1592.50,526.4239,423.1455
14282284,-94.50,-1012.50,558.7017,426.7387
14286190,87.50,579.50,590.2849,444.3268
14290096,225.50,1201.50,621.0911,516.2245
14294002,205.50,-48.50,646.8095,609.8255
14297908,80.50,-1297.50,668.9014,648.2010
14301814,75.50,-916.50,691.1982,641.5371
14305720,220.50,645.50,713.5117,650.0383
14309626,341.50,1586.50,726.5433,726.6032
14313532,314.50,304.50,724.3879,824.0245
14317438,183.50,-1054.50,718.4733,822.3034
14321344,144.50,-904.50,721.0485,762.5142
14325250,267.50,592.50,730.6349,740.1255
14329156,412.50,1823.50,737.9726,810.6753
14333062,400.50,592.50,737.4674,915.4770
14336968,240.50,-875.50,727.9851,892.8528
14340874,135.50,-978.50,708.0921,790.1218
14344780,210.50,412.50,679.8930,727.6799
14348686,355.50,1791.50,652.1538,758.4388
14352592,379.50,759.50,635.2812,832.9628
14356498,226.50,-762.50,627.9789,803.3865
14360404,109.50,-1116.50,616.9235,704.4984
14364310,155.50,192.50,594.7333,640.0536
14368216,304.50,1685.50,567.0350,660.0210
14372122,329.50,977.50,543.8200,735.3193
14376028,183.50,-601.50,525.4380,736.3457
14379934,65.50,-1142.50,508.1868,669.9666
14383840,129.50,13.50,496.8302,618.1541
14387746,270.50,1534.50,490.9417,615.9047
14391652,298.50,1127.50,478.1326,649.5595
14395558,144.50,-472.50,450.4159,637.7105
14399464,16.50,-1214.50,417.2169,578.6874
14403370,39.50,-210.50,393.8464,532.4339
14407276,183.50,1314.50,379.8889,517.6703
14411182,250.50,1245.50,367.5766,529.3278
14415088,135.50,-309.50,354.1897,528.9169
14418994,-20.50,-1243.50,337.8899,499.5215
14422900,-36.50,-432.50,316.6775,465.9209
14426806,103.50,1073.50,292.6243,433.6977
14430712,177.50,1310.50,270.5765,414.2576
14434618,87.50,-178.50,252.0931,408.4364
14438524,-78.50,-1298.50,235.9289,388.0481
14442430,-111.50,-709.50,218.2364,351.5368
14446336,61.50,809.50,205.4220,304.9414
14450242,138.50,1354.50,201.6717,281.4059
14454148,49.50,-53.50,190.3354,293.4013
14458054,-93.50,-1294.50,171.0642,290.4766
14461960,-133.50,-925.50,159.4014,264.7644
14465866,-0.50,657.50,155.3785,236.2296
14469772,116.50,1378.50,152.3335,232.9639
14473678,59.50,113.50,145.6319,246.7763
14477584,-86.50,-1263.50,136.9585,230.8197
14481490,-133.50,-1080.50,133.7881,201.0294
14485396,-40.50,434.50,132.1668,179.0306
14489302,70.50,1373.50,119.5638,176.4410
14493208,43.50,285.50,98.7886,188.2218
14497114,-106.50,-1160.50,83.5334,179.9808
14501020,-193.50,-1192.50,75.6837,167.2614
14504926,-112.50,227.50,66.3381,157.4964
14508832,33.50,1345.50,53.9707,149.0878
14512738,38.50,464.50,46.7225,149.8336
14516644,-120.50,-1016.50,44.0796,144.7002
14520550,-224.50,-1321.50,37.4482,139.6767
14524456,-144.50,-0.50,27.6920,123.6451
14528362,-5.50,1239.50,19.1912,96.3292
14532268,-0.50,599.50,9.0778,79.3635
14536174,-152.50,-935.50,-5.5418,67.2177
14540080,-269.50,-1432.50,-21.1522,63.4463
14543986,-189.50,-220.50,-28.5247,59.9125
14547892,-41.50,1103.50,-25.3620,43.0775
14551798,10.50,731.50,-19.8319,22.6850
14555704,-117.50,-820.50,-16.4568,8.5618
14559610,-161.50,-1484.50,-2.6124,10.8458
14563516,-78.50,-383.50,36.4260,29.6075
14567422,65.50,1133.50,79.0915,60.1739
14571328,29.50,919.50,80.4989,84.0593
14575234,-112.50,-607.50,32.4876,71.1971
14579140,-235.50,-1484.50,-19.4394,44.4441
14583046,-210.50,-594.50,-40.1635,32.9710
14586952,-76.50,914.50,-41.6535,24.1424
14590858,17.50,1069.50,-40.0078,21.4327
14594764,-63.50,-372.50,-32.7292,36.0620
14598670,-178.50,-1389.50,-17.2403,62.4762
14602576,-156.50,-697.50,2.8468,88.5778
14606482,37.50,845.50,28.4674,93.5287
14610388,142.50,1326.50,59.0313,101.7976
14614294,97.50,-64.50,86.6381,138.0765
14618200,-47.50,-1250.50,106.7344,166.6889
14622106,-40.50,-767.50,120.0774,175.9856
14626012,112.50,772.50,132.5856,168.5472
14629918,223.50,1595.50,144.5999,187.8756
14633824,194.50,204.50,154.3574,244.2538
14637730,63.50,-1098.50,167.8613,256.2953
14641636,26.50,-821.50,182.0385,238.0084
14645542,176.50,720.50,192.5100,231.7184
14649448,276.50,1807.50,197.6670,274.4219
14653354,230.50,464.50,190.5377,342.4036
14657260,64.50,-958.50,173.4472,323.3630
14661166,15.50,-880.50,157.8426,268.1052
14665072,123.50,583.50,150.7973,251.6856
14668978,241.50,1885.50,146.1180,293.7384
14672884,205.50,697.50,133.8515,358.6750
14676790,80.50,-757.50,120.6834,339.4628
14680696,-11.50,-948.50,115.4854,289.4216
14684602,61.50,410.50,108.6446,266.9803
14688508,175.50,1887.50,90.2445,289.4114
14692414,177.50,902.50,66.9643,339.6028
14696320,14.50,-641.50,47.2919,308.8828
14700226,-111.50,-1104.50,26.5232,234.5119
14704132,-60.50,129.50,0.1886,178.8847
14708038,61.50,1584.50,-27.5012,149.0805
14711944,70.50,974.50,-52.5540,144.6142
14715850,-62.50,-591.50,-71.1649,117.3002
14719756,-175.50,-1234.50,-80.6874,86.0971
14723662,-133.50,-129.50,-85.2323,69.3658
14727568,19.50,1328.50,-89.2011,45.8822
14731474,80.50,1071.50,-88.6082,21.1852
14735380,-53.50,-478.50,-85.0965,0.5342
14739286,-207.50,-1324.50,-91.7232,-6.5058
14743192,-179.50,-394.50,-109.2069,-11.6300
14747098,-44.50,1098.50,-125.5431,-40.7655
14751004,44.50,1152.50,-132.1528,-75.6244
14754910,-63.50,-348.50,-128.3218,-87.7496
14758816,-196.50,-1348.50,-122.4653,-76.2398
14762722,-189.50,-607.50,-119.9575,-62.3870
14766628,-69.50,882.50,-123.7773,-84.7093
14770534,35.50,1264.50,-131.5625,-121.6055
14774440,-48.50,-178.50,-132.8188,-122.9579
14778346,-196.50,-1337.50,-129.2671,-104.1953
14782252,-232.50,-800.50,-131.7476,-91.3898
14786158,-100.50,720.50,-142.1125,-107.8254
14790064,-0.50,1366.50,-152.4100,-129.8799
14793970,-78.50,7.50,-159.7568,-120.2842
14797876,-248.50,-1291.50,-169.8237,-109.9562
14801782,-320.50,-975.50,-188.1891,-110.4634
14805688,-170.50,537.50,-206.2492,-128.3387
14809594,-45.50,1371.50,-207.9264,-150.5723
14813500,-91.50,150.50,-198.6882,-154.0772
14817406,-224.50,-1253.50,-189.2586,-161.9215
14821312,-239.50,-1125.50,-172.4185,-162.6159
14825218,-144.50,304.50,-150.2058,-165.6453
14829124,-62.50,1259.50,-147.8872,-196.8798
14833030,-63.50,284.50,-166.2168,-229.7749
14836936,-212.50,-1185.50,-177.1784,-241.3976
14840842,-324.50,-1312.50,-181.6844,-226.6747
14844748,-216.50,73.50,-191.0720,-218.3530
14848654,-90.50,1209.50,-197.7924,-235.9987
14852560,-84.50,436.50,-199.3732,-256.4665
14856466,-239.50,-1061.50,-200.0824,-261.6740
14860372,-341.50,-1437.50,-203.9125,-244.2356
14864278,-262.50,-138.50,-209.0548,-234.3994
14868184,-104.50,1114.50,-208.1183,-251.6574
14872090,-73.50,603.50,-199.2424,-272.7667
14875996,-208.50,-914.50,-188.7290,-272.0375
14879902,-334.50,-1487.50,-185.5195,-243.6259
14883808,-271.50,-316.50,-189.1219,-219.7797
14887714,-121.50,1038.50,-190.8888,-226.4133
14891620,-84.50,747.50,-189.8494,-251.8076
14895526,-172.50,-777.50,-184.4175,-268.1572
14899432,-344.50,-1558.50,-178.4795,-260.4928
14903338,-324.50,-564.50,-187.6875,-250.7398
14907244,-172.50,878.50,-204.7824,-264.3115
14911150,-90.50,834.50,-209.5370,-291.7234
14915056,-229.50,-622.50,-206.8083,-302.4644
14918962,-373.50,-1585.50,-212.1780,-284.4025
14922868,-377.50,-761.50,-224.0933,-262.0380
14926774,-210.50,727.50,-230.5190,-265.3488
14930680,-143.50,966.50,-228.7389,-283.9014
14934586,-198.50,-444.50,-221.9348,-286.1462
14938492,-336.50,-1514.50,-207.3204,-262.3877
14942398,-330.50,-916.50,-188.0103,-228.8720
14946304,-207.50,596.50,-174.9312,-224.1869
14950210,-80.50,1097.50,-169.1359,-240.3123
14954116,-160.50,-207.50,-164.0392,-235.8683
14958022,-296.50,-1453.50,-158.5784,-214.9622
14961928,-329.50,-1074.50,-152.6044,-197.7032
14965834,-201.50,431.50,-147.1040,-206.2524
14969740,-66.50,1146.50,-141.5746,-227.7014
14973646,-100.50,-38.50,-130.8348,-230.7798
14977552,-258.50,-1391.50,-118.8406,-222.1443
14981458,-314.50,-1218.50,-113.7480,-207.5264
14985364,-207.50,253.50,-115.4572,-204.7350
14989270,-82.50,1166.50,-120.4168,-215.4861
14993176,-112.50,163.50,-125.9096,-215.2711
14997082,-244.50,-1286.50,-126.3977,-207.2799
15000988,-319.50,-1326.50,-119.4999,-192.8815
15004894,-245.50,61.50,-115.9221,-187.9516
15008800,-106.50,1093.50,-122.6761,-209.8155
15012706,-111.50,294.50,-130.7075,-238.1481
15016612,-269.50,-1194.50,-135.8227,-248.1980
15020518,-358.50,-1487.50,-140.3756,-235.0874
15024424,-328.50,-162.50,-149.7868,-225.7234
15028330,-162.50,1023.50,-164.8692,-236.0988
15032236,-149.50,464.50,-172.2383,-249.1133
15036142,-292.50,-1042.50,-171.9464,-244.1394
15040048,-405.50,-1548.50,-173.2348,-219.4754
15043954,-316.50,-335.50,-169.7660,-200.5774
15047860,-173.50,975.50,-157.6825,-201.7457
15051766,-130.50,643.50,-147.4148,-210.8994
15055672,-260.50,-863.50,-144.6326,-208.4025
15059578,-429.50,-1585.50,-153.2272,-191.2168
15063484,-335.50,-523.50,-163.7801,-179.1038
15067390,-185.50,883.50,-155.5566,-182.6824
15071296,-117.50,766.50,-137.7364,-195.9968
15075202,-228.50,-687.50,-126.5950,-200.4308
15079108,-356.50,-1599.50,-120.5569,-185.9323
15083014,-333.50,-733.50,-114.8403,-173.9758
15086920,-182.50,734.50,-108.6552,-183.5054
15090826,-90.50,858.50,-102.2207,-204.7780
15094732,-212.50,-550.50,-99.5877,-216.4602
15098638,-362.50,-1632.50,-106.4186,-213.3039
15102544,-353.50,-960.50,-113.4471,-209.0448
15106450,-218.50,534.50,-112.6745,-219.6609
15110356,-123.50,944.50,-111.0208,-233.4188
15114262,-202.50,-360.50,-112.1397,-224.4575
15118168,-354.50,-1582.50,-113.2740,-202.3535
15122074,-372.50,-1125.50,-111.7770,-189.4992
15125980,-239.50,394.50,-107.4368,-194.7764
15129886,-126.50,1034.50,-103.6699,-200.4196
15133792,-168.50,-174.50,-99.6682,-189.7344
15137698,-325.50,-1512.50,-93.1008,-179.9670
15141604,-404.50,-1272.50,-93.2509,-177.0021
15145510,-245.50,234.50,-98.4636,-179.1279
15149416,-114.50,1058.50,-92.6719,-179.9210
15153322,-158.50,18.50,-82.1563,-172.2601
15157228,-308.50,-1397.50,-78.7738,-164.2680
15161134,-393.50,-1338.50,-81.0151,-147.0479
15165040,-271.50,81.50,-84.1769,-127.6700
15168946,-142.50,1102.50,-84.2012,-120.7313
15172852,-148.50,239.50,-82.9742,-117.1020
15176758,-277.50,-1263.50,-77.5726,-118.4790
15180664,-382.50,-1471.50,-68.6005,-121.5969
15184570,-294.50,-138.50,-66.1562,-127.9533
15188476,-145.50,1023.50,-68.9161,-140.5832
15192382,-154.50,385.50,-73.3608,-146.5446
15196288,-292.50,-1122.50,-80.0129,-141.4552
15200194,-409.50,-1573.50,-85.3448,-129.7364
15204100,-340.50,-322.50,-88.7206,-124.8774
15208006,-186.50,961.50,-90.1403,-128.2654
15211912,-141.50,553.50,-86.8795,-129.9451
15215818,-260.50,-968.50,-77.5732,-126.5403
15219724,-378.50,-1621.50,-65.5362,-118.2255
15223630,-335.50,-513.50,-57.5971,-112.9462
15227536,-186.50,862.50,-56.8869,-115.7049
15231442,-112.50,688.50,-56.8030,-122.4419
15235348,-230.50,-776.50,-51.0074,-119.2918
15239254,-354.50,-1623.50,-42.7076,-101.0667
15243160,-317.50,-682.50,-33.5003,-84.6231
15247066,-170.50,767.50,-24.8449,-82.6759
15250972,-80.50,800.50,-18.8989,-95.2185
15254878,-155.50,-585.50,-9.0556,-103.5059
15258784,-335.50,-1615.50,0.0688,-91.5946
15262690,-355.50,-895.50,-8.0796,-80.6771
15266596,-205.50,591.50,-26.4969,-92.6154
15270502,-95.50,931.50,-34.2822,-107.1784
15274408,-180.50,-396.50,-29.6984,-96.6073
15278314,-314.50,-1570.50,-21.2224,-73.3133
15282220,-333.50,-1053.50,-11.2753,-61.6908
15286126,-190.50,464.50,-2.2636,-68.8822
15290032,-92.50,1020.50,0.7288,-76.8372
15293938,-170.50,-210.50,-6.3504,-69.4620
15297844,-335.50,-1540.50,-20.4918,-65.3949
15301750,-378.50,-1244.50,-32.3396,-76.5090
15305656,-239.50,272.50,-34.4762,-93.4347
15309562,-109.50,1043.50,-27.5586,-96.7611
15313468,-152.50,-53.50,-20.2077,-84.6936
15317374,-305.50,-1456.50,-17.3216,-79.7226
15321280,-394.50,-1352.50,-20.5853,-77.9215
15325186,-277.50,80.50,-29.2035,-77.3211
15329092,-131.50,1040.50,-33.7251,-81.5252
15332998,-155.50,141.50,-31.8414,-78.2118
15336904,-286.50,-1326.50,-26.9091,-70.6662
15340810,-367.50,-1453.50,-17.4571,-60.2583
15344716,-271.50,-80.50,-7.6886,-52.0708
15348622,-114.50,1033.50,-1.2259,-51.2015
15352528,-92.50,329.50,6.4281,-50.4080
15356434,-258.50,-1151.50,12.7536,-44.9844
15360340,-367.50,-1523.50,9.5812,-30.3406
15364246,-303.50,-264.50,-0.1990,-22.6712
15368152,-143.50,995.50,-7.9836,-28.1278
15372058,-108.50,509.50,-8.7477,-31.3325
15375964,-236.50,-1011.50,-3.1453,-31.0644
15379870,-337.50,-1581.50,6.9174,-25.6353
15383776,-266.50,-431.50,21.9469,-16.4672
15387682,-111.50,945.50,36.8211,-7.3392
15391588,-69.50,682.50,42.5945,0.1541
15395494,-184.50,-831.50,40.3879,-0.4782
15399400,-328.50,-1642.50,36.8171,-10.0746
15403306,-314.50,-674.50,29.8066,-27.6765
15407212,-168.50,753.50,17.6478,-49.5211
15411118,-100.50,718.50,6.2624,-69.9719
15415024,-205.50,-702.50,0.2462,-79.4495
15418930,-355.50,-1676.50,-1.8217,-71.6669
15422836,-350.50,-862.50,-3.8860,-58.6915
15426742,-207.50,624.50,-7.4162,-53.2903
15430648,-114.50,864.50,-10.9279,-52.7398
15434554,-218.50,-485.50,-15.0406,-44.4323
15438460,-361.50,-1631.50,-19.9868,-31.8043
15442366,-383.50,-1044.50,-22.5822,-30.0458
15446272,-239.50,454.50,-23.1013,-43.8426
15450178,-130.50,947.50,-22.6090,-55.9382
15454084,-188.50,-282.50,-19.6431,-43.5948
15457990,-345.50,-1562.50,-14.7398,-20.6094
15461896,-368.50,-1186.50,-8.9326,-10.9519
15465802,-239.50,335.50,-2.2255,-14.7943
15469708,-142.50,1043.50,-1.9074,-13.0668
15473614,-189.50,-82.50,-11.9053,1.6231
15477520,-336.50,-1471.50,-20.1458,8.7531
15481426,-403.50,-1295.50,-20.8814,7.5042
15485332,-297.50,188.50,-22.2658,9.5873
15489238,-164.50,1104.50,-27.2798,21.4805
15493144,-173.50,128.50,-28.8621,39.3302
15497050,-316.50,-1348.50,-21.9694,39.8213
15500956,-397.50,-1395.50,-12.4040,30.1241
15504862,-287.50,13.50,-5.6387,28.2714
15508768,-138.50,1099.50,0.6348,36.0882
15512674,-130.50,306.50,7.7988,46.5761
15516580,-264.50,-1184.50,16.1648,46.2450
15520486,-341.50,-1487.50,27.9399,44.0372
15524392,-236.50,-188.50,45.2963,40.6700
15528298,-32.50,1059.50,72.4363,38.2101
15532204,-24.50,502.50,102.4489,47.9135
15536110,-185.50,-1014.50,112.6983,58.1997
15540016,-332.50,-1565.50,95.8035,59.3806
15543922,-312.50,-404.50,62.3909,43.8047
15547828,-160.50,947.50,27.7707,22.1572
15551734,-118.50,630.50,7.3748,16.5885
15555640,-222.50,-880.50,5.9134,22.9515
15559546,-354.50,-1615.50,16.2760,29.8162
15563452,-316.50,-593.50,25.4697,28.4718
15567358,-157.50,837.50,28.6920,19.8668
15571266,-107.50,735.50,26.9224,11.4807
15575172,-193.50,-710.50,24.2983,8.3216
15579078,-349.50,-1616.50,26.0392,17.3827
15582984,-322.50,-767.50,28.6381,29.8880
15586890,-175.50,730.50,30.5728,33.3102
15590796,-94.50,882.50,30.7955,32.7262
15594702,-190.50,-490.50,27.3843,37.7756
15598608,-335.50,-1590.50,24.1338,46.9096
15602514,-319.50,-929.50,27.8108,50.1541
15606420,-179.50,560.50,38.2772,40.3543
15610326,-100.50,967.50,41.5806,25.8773
15614232,-191.50,-313.50,29.4855,25.2142
15618138,-335.50,-1551.50,14.1670,34.0824
15622044,-367.50,-1104.50,8.2274,38.3099
15625950,-239.50,400.50,7.8090,32.3692
15629856,-105.50,1035.50,9.1873,25.0182
15633762,-160.50,-114.50,14.3304,31.2710
15637668,-320.50,-1468.50,18.3852,41.8870
15641574,-346.50,-1236.50,21.7801,47.0275
15645480,-226.50,239.50,29.8589,44.4302
15649386,-69.50,1107.50,41.2842,44.3659
15653292,-101.50,116.50,53.7931,62.0907
15657198,-266.50,-1340.50,60.3497,78.0297
15661104,-331.50,-1317.50,58.4305,81.8887
15665010,-220.50,104.50,56.7515,82.6199
15668916,-49.50,1136.50,63.0334,85.5121
15672822,-56.50,281.50,76.6850,88.9121
15676728,-221.50,-1211.50,85.2886,80.2586
15680634,-333.50,-1456.50,78.8482,67.0876
15684540,-259.50,-113.50,61.5273,56.2075
15688446,-109.50,1093.50,44.4166,55.3646
15692352,-79.50,478.50,37.8255,71.0263
15696258,-214.50,-1051.50,43.7547,82.7072
15700164,-325.50,-1505.50,53.3237,83.6987
15704070,-256.50,-301.50,58.4276,76.2128
15707976,-115.50,1008.50,56.5866,64.0737
15711882,-111.50,595.50,43.5961,55.0016
15715788,-245.50,-920.50,22.5390,46.2687
15719694,-374.50,-1585.50,6.7303,42.3208
15723600,-328.50,-512.50,0.8943,41.4789
15727506,-158.50,912.50,2.5838,40.9708
15731412,-96.50,749.50,9.7489,45.5376
15735318,-210.50,-719.50,17.2678,52.3907
15739224,-351.50,-1584.50,21.0413,60.3627
15743130,-335.50,-689.50,19.6425,62.0020
15747036,-181.50,803.50,14.7132,55.7023
15750942,-88.50,873.50,12.9906,52.0448
15754848,-197.50,-527.50,15.9979,54.4014
15758754,-328.50,-1557.50,20.1954,63.3097
15762660,-318.50,-842.50,27.5109,72.3001
15766566,-154.50,673.50,38.7789,71.9697
15770472,-70.50,1033.50,47.2204,74.1367
15774378,-150.50,-309.50,47.1392,87.5802
15778284,-310.50,-1520.50,42.3289,92.3201
15782190,-341.50,-1010.50,36.2467,81.5084
15786096,-207.50,511.50,28.6126,66.8203
15790002,-75.50,1105.50,24.8679,64.7107
15793908,-116.50,-106.50,32.1917,81.4203
15797814,-274.50,-1441.50,46.0763,92.1729
15801720,-350.50,-1141.50,49.7906,88.2578
15805626,-236.50,351.50,36.2125,78.8179
15809532,-105.50,1168.50,18.6006,77.9041
15813438,-130.50,100.50,11.7238,94.1159
15817344,-298.50,-1336.50,13.8932,101.9450
15821250,-367.50,-1241.50,14.8087,98.0829
15825156,-257.50,175.50,12.8392,92.3145
15829062,-98.50,1155.50,13.9784,83.3500
15832968,-126.50,250.50,17.7325,77.4652
15836874,-276.50,-1262.50,17.8957,63.8277
15840780,-399.50,-1404.50,10.3066,47.2195
15844686,-291.50,-38.50,-1.8893,40.6681
15848592,-147.50,1109.50,-8.7375,42.6238
15852498,-148.50,432.50,-11.7575,52.2068
15856404,-273.50,-1071.50,-13.0812,62.1563
15860310,-332.50,-1432.50,0.4132,76.4649
15864216,-224.50,-207.50,33.2913,86.0968
15868122,-155.50,1021.50,52.9983,70.6160
15872028,-127.50,541.50,33.0578,38.2633
15875934,-241.50,-978.50,6.2261,10.9459
15879840,-384.50,-1589.50,-1.9025,1.1053
15883746,-331.50,-477.50,-5.1760,-3.1720
15887652,-192.50,902.50,-11.3253,-10.9603
15891558,-130.50,666.50,-16.8334,-15.9821
15895464,-237.50,-825.50,-15.1991,-17.1561
15899370,-362.50,-1618.50,-5.9960,-12.0335
15903276,-314.50,-672.50,6.0575,-7.3489
15907182,-143.50,809.50,20.9218,-8.1892
15911088,-77.50,784.50,34.5624,-10.0735
15914994,-182.50,-626.50,39.4676,-11.2188
15918900,-326.50,-1615.50,37.1818,-5.1909
15922806,-304.50,-822.50,35.9652,4.6324
15926712,-168.50,688.50,37.6885,10.5206
15930618,-52.50,944.50,41.0889,15.8962
15934524,-129.50,-414.50,50.1086,23.4093
15938430,-299.50,-1566.50,57.6120,27.5466
15942336,-299.50,-1013.50,56.4041,21.3883
15946242,-144.50,511.50,57.5831,4.8960
15950148,-28.50,1062.50,66.3784,3.4576
15954054,-88.50,-186.50,76.0344,31.6251
15957960,-207.50,-1471.50,87.8275,56.8046
15961866,-239.50,-1118.50,104.8361,60.7048
15965772,-126.50,427.50,115.2859,56.8482
15969678,8.50,1173.50,113.6543,68.4429
15973584,-37.50,35.50,110.3666,91.8290
15977490,-191.50,-1362.50,109.1876,94.9001
15981396,-237.50,-1162.50,109.8146,92.8672
15985302,-159.50,291.50,107.3506,104.8357
15989208,-80.50,1114.50,85.7019,99.9723
15993114,-175.50,87.50,37.3977,52.7517
15997020,-350.50,-1444.50,-21.6769,-26.6274
16000926,-514.50,-1557.50,-77.9282,-99.7722
16004832,-549.50,-255.50,-149.8747,-159.0255
16008738,-512.50,722.50,-250.4527,-229.4173
16012644,-543.50,-6.50,-348.3219,-295.6542
16016550,-747.50,-1599.50,-414.2850,-337.9556
16020456,-829.50,-1938.50,-448.7073,-370.7420
16024362,-789.50,-704.50,-460.3185,-409.1198
16028268,-691.50,434.50,-471.2710,-460.1766
16032174,-710.50,-57.50,-497.1407,-504.6976
16036080,-826.50,-1633.50,-521.6515,-521.8519
16039986,-868.50,-2047.50,-514.5330,-505.3266
16043892,-863.50,-1024.50,-483.9353,-480.9819
16047798,-748.50,281.50,-473.7753,-502.0368
16051704,-680.50,49.50,-482.0391,-534.8294
16055610,-776.50,-1485.50,-475.0974,-528.4859
16059516,-896.50,-2047.50,-453.2952,-480.1521
16063422,-847.50,-1206.50,-432.3083,-425.6302
16067328,-670.50,238.50,-409.4060,-427.2309
16071234,-569.50,160.50,-375.1677,-456.6530
16075140,-641.50,-1282.50,-332.7157,-463.8356
16079046,-737.50,-2047.50,-290.9655,-427.5033
16082952,-717.50,-1359.50,-256.2807,-372.2795
16086858,-517.50,178.50,-224.3727,-359.4447
16090764,-353.50,365.50,-175.6190,-360.1555
16094670,-450.50,-958.50,-117.6094,-332.3619
16098576,-591.50,-2015.50,-85.0580,-288.4087
16102482,-552.50,-1364.50,-72.3540,-247.1758
16106388,-336.50,202.50,-41.4448,-212.4906
16110294,-208.50,619.50,13.3300,-173.6410
16114200,-257.50,-612.50,63.0959,-132.8208
16118106,-394.50,-1823.50,91.6116,-99.3182
16122012,-409.50,-1372.50,105.6014,-73.1936
16125918,-269.50,201.50,115.5122,-44.0903
16129824,-146.50,820.50,125.2047,-6.2456
16133730,-157.50,-287.50,138.5197,27.8122
16137636,-306.50,-1649.50,156.8166,44.3225
16141542,-376.50,-1424.50,166.3537,47.0784
16145448,-269.50,119.50,159.4939,57.6843
16149354,-145.50,943.50,146.6158,87.8575
16153260,-169.50,-43.50,137.7249,114.7843
16157166,-319.50,-1536.50,134.2792,108.8433
16161072,-364.50,-1498.50,137.5058,86.6063
16164978,-249.50,-69.50,150.5404,83.9646
16168884,-120.50,944.50,164.4617,99.9057
16172790,-117.50,164.50,169.1958,118.5025
16176696,-260.50,-1373.50,168.6888,122.8912
16180602,-412.50,-1605.50,156.9869,109.4581
16184508,-359.50,-277.50,124.5200,94.7674
16188414,-258.50,848.50,82.0756,82.8039
16192320,-305.50,246.50,35.8111,66.6517
16196226,-513.50,-1350.50,-20.9790,37.3029
16200132,-699.50,-1881.50,-89.2406,-13.6278
16204038,-706.50,-739.50,-162.0585,-82.2739
16207944,-630.50,469.50,-232.3399,-157.0822
16211850,-650.50,98.50,-297.0989,-219.5966
16215756,-817.50,-1513.50,-352.2369,-265.4248
16219662,-1033.50,-2047.50,-403.5223,-282.7964
16223568,-1076.50,-1274.50,-466.1741,-298.0768
16227474,-977.50,51.50,-534.2476,-384.2519
16231380,-984.50,-136.50,-592.6058,-499.7600
16235286,-1108.50,-1664.50,-635.8628,-573.8669
16239192,-1244.50,-2047.50,-655.7320,-530.8830
16243098,-1224.50,-1538.50,-651.7118,-401.4966
16247004,-1038.50,-106.50,-629.5091,-386.5606
16250910,-892.50,-1.50,-585.2677,-465.0529
16254816,-959.50,-1401.50,-525.6841,-501.9562
16258722,-1086.50,-2047.50,-473.7739,-438.6643
16262628,-1077.50,-1633.50,-439.4653,-317.4945
16266534,-911.50,-189.50,-413.5382,-298.4859
16270440,-780.50,135.50,-384.5632,-362.5242
16274346,-817.50,-1128.50,-348.2435,-391.6645
16278252,-975.50,-2047.50,-313.7491,-342.6662
16282158,-1053.50,-1750.50,-302.3794,-257.2414
16286064,-845.50,-239.50,-302.9660,-236.1653
16289970,-719.50,274.50,-281.9043,-258.9625
16293876,-693.50,-845.50,-237.8214,-261.9952
16297782,-852.50,-2047.50,-188.3100,-236.8122
16301688,-888.50,-1839.50,-152.8339,-203.0120
16305594,-788.50,-319.50,-138.2653,-185.7043
16309500,-655.50,416.50,-137.4342,-165.2420
16313406,-644.50,-552.50,-133.6289,-132.7524
16317312,-745.50,-1938.50,-107.8858,-110.4141
16321218,-778.50,-1852.50,-62.0768,-100.5437
16325124,-657.50,-376.50,-14.4142,-78.8719
16329030,-512.50,553.50,18.4671,-33.5549
16332936,-538.50,-268.50,29.0018,9.8437
16336842,-622.50,-1755.50,32.4602,19.8340
16340748,-698.50,-1905.50,52.0898,1.9191
16344654,-666.50,-516.50,69.9849,-3.2164
16348560,-517.50,598.50,63.6404,28.8060
16352466,-460.50,17.50,57.2038,82.7917
16356372,-602.50,-1520.50,67.9331,118.9958
16360278,-668.50,-1906.50,86.0102,113.8142
16364184,-545.50,-632.50,116.9020,99.2568
16368090,-398.50,592.50,157.8951,110.3233
16371996,-370.50,170.50,181.9484,133.0742
16375902,-512.50,-1392.50,179.0685,132.2909
16379808,-606.50,-1987.50,167.9988,100.2683
16383714,-596.50,-898.50,162.2669,67.7095
16387620,-492.50,446.50,147.8431,58.1039
16391526,-463.50,234.50,117.0148,65.2204
16395432,-600.50,-1292.50,82.4410,61.7071
16399338,-751.50,-2047.50,53.0788,41.1295
16403244,-701.50,-1135.50,38.2934,26.7364
16407150,-512.50,307.50,50.9523,26.3788
16411056,-361.50,368.50,93.8000,43.8025
16414962,-428.50,-976.50,151.4093,83.5687
16418868,-546.50,-1893.50,198.4063,136.0006
16422774,-512.50,-1121.50,228.6648,183.8049
16426680,-324.50,406.50,257.1211,221.7504
16430586,-141.50,735.50,300.3988,269.0043
16434492,-160.50,-561.50,361.6650,327.0668
16438398,-220.50,-1667.50,430.6081,368.2253
16442304,-170.50,-1036.50,502.1908,395.6866
16446210,27.50,576.50,572.0284,446.2447
16450116,147.50,1151.50,625.0397,535.3394
16454022,97.50,-92.50,647.8368,618.8145
16457928,-63.50,-1374.50,644.4173,639.1006
16461834,-98.50,-1061.50,630.2643,606.0718
16465740,67.50,510.50,625.4577,577.2218
16469646,176.50,1261.50,633.0735,597.5190
16473552,143.50,131.50,634.6233,636.5471
16477458,-47.50,-1252.50,619.7494,633.2713
16481364,-166.50,-1168.50,583.6090,594.3184
16485270,-112.50,251.50,527.5541,547.0589
16489176,-29.50,1091.50,463.4725,501.4853
16493082,-144.50,95.50,392.4275,449.7235
16496988,-360.50,-1454.50,310.3627,369.7521
16500894,-434.50,-1578.50,240.4856,279.0539
16504800,-388.50,-201.50,201.7209,217.9743
16508706,-268.50,804.50,175.5624,189.0386
16512612,-298.50,143.50,146.5426,178.6615
16516518,-445.50,-1385.50,118.9220,179.4792
16520424,-521.50,-1722.50,105.5091,174.4248
16524330,-466.50,-433.50,106.6326,160.3986
16528236,-326.50,752.50,105.0819,150.3787
16532142,-310.50,304.50,95.6932,153.2599
16536048,-444.50,-1210.50,85.4275,168.5147
16539954,-562.50,-1743.50,78.0597,181.7270
16543860,-515.50,-629.50,72.4143,178.3372
16547766,-367.50,699.50,66.7735,162.0808
16551672,-297.50,458.50,66.4120,156.0050
16555578,-340.50,-1039.50,86.7697,165.9728
16559484,-428.50,-1741.50,132.1348,180.5192
16563390,-446.50,-719.50,168.0703,200.5014
16567296,-340.50,693.50,159.9040,221.6996
16571202,-278.50,633.50,124.2191,230.2765
16575108,-335.50,-853.50,103.6788,217.1917
16579014,-422.50,-1767.50,119.2617,190.8322
16582920,-442.50,-940.50,148.5372,174.4419
16586826,-356.50,575.50,150.2746,179.8515
16590732,-269.50,734.50,123.0329,196.1655
16594638,-322.50,-672.50,103.0339,195.9275
16598544,-522.50,-1786.50,94.6796,169.0771
16602450,-568.50,-1201.50,71.7851,131.0866
16606356,-398.50,330.50,47.7269,100.5467
16610266,-242.50,781.50,57.3592,99.5754
16614172,-289.50,-477.50,93.2993,124.5097
16618078,-384.50,-1698.50,129.9389,145.7246
16621984,-329.50,-1219.50,174.2073,164.9400
16625890,-168.50,378.50,234.8227,206.3002
16629796,-14.50,1136.50,291.6827,284.1752
16633702,-0.50,-8.50,334.6528,371.4736
16637608,-98.50,-1320.50,373.3091,419.1979
16641514,-61.50,-1029.50,420.0485,447.3718
16645420,143.50,592.50,487.2225,507.9511
16649326,352.50,1797.50,570.0466,652.3134
16653232,411.50,562.50,650.7685,814.3037
16657138,334.50,-809.50,719.8443,847.3363
16661044,283.50,-788.50,770.1299,811.1949
16664950,443.50,707.50,803.6705,814.4167
16668856,640.50,2047.50,838.3261,895.1087
16672762,688.50,1075.50,878.7722,1014.2170
16676668,565.50,-399.50,910.2425,1047.6464
16680574,511.50,-638.50,926.5504,1015.4007
16684480,670.50,740.50,946.8402,996.4556
16688386,883.50,2047.50,988.4173,1012.4867
16692292,927.50,1491.50,1034.4257,1062.5535
16696198,797.50,-134.50,1056.4086,1088.5075
16700104,700.50,-568.50,1051.6713,1066.3790
16704010,783.50,688.50,1039.9593,1043.6534
16707916,976.50,2047.50,1038.8770,1044.4373
16711822,991.50,1792.50,1041.0573,1069.5150
16715728,833.50,37.50,1021.0133,1074.4741
16719634,609.50,-614.50,963.8377,1015.0527
16723540,688.50,438.50,892.5926,945.2967
16727446,816.50,2047.50,846.5962,932.9704
16731352,839.50,1957.50,816.2426,985.7258
16735258,750.50,175.50,784.0795,999.3609
16739164,581.50,-668.50,757.7027,910.9914
16743070,599.50,231.50,732.9872,822.3653
16746976,757.50,2047.50,710.6331,834.0008
16750882,833.50,2047.50,694.3378,921.4814
16754788,715.50,368.50,674.6755,928.1745
16758694,565.50,-608.50,647.9984,828.9424
16762600,538.50,80.50,619.4467,757.6487
16766506,662.50,2047.50,588.6226,797.0335
16770412,748.50,2047.50,555.3160,883.9646
16774318,639.50,511.50,520.5693,833.3846
16778224,463.50,-604.50,482.7624,688.0679
16782130,426.50,-111.50,446.6370,621.7471
16786036,511.50,1751.50,411.7080,657.5450
16789942,619.50,2047.50,373.0053,713.6225
16793848,511.50,679.50,332.0932,661.8314
16797754,347.50,-622.50,290.9312,543.9100
16801660,286.50,-349.50,257.2486,483.1713
16805566,394.50,1247.50,233.7040,464.9480
16809472,499.50,2047.50,211.2761,456.6544
16813378,441.50,774.50,183.9664,429.5063
16817284,244.50,-648.50,149.7143,366.5470
16821190,140.50,-591.50,108.2700,319.6863
16825096,244.50,880.50,69.3729,289.3848
16829002,387.50,2047.50,46.1453,278.3630
16832908,304.50,886.50,26.0799,284.4245
16836814,193.50,-633.50,0.2953,241.8413
16840720,77.50,-815.50,-15.4088,182.2109
16844626,128.50,554.50,-30.5877,135.4585
16848532,287.50,2047.50,-54.5013,135.8067
16852438,285.50,1023.50,-72.1747,184.4647
16856344,113.50,-575.50,-86.2769,159.4105
16860250,-30.50,-1007.50,-110.0901,78.6655
16864156,26.50,255.50,-141.1434,10.0151
16868062,166.50,1879.50,-167.5883,-2.5462
16871968,180.50,1119.50,-187.1200,41.1712
16875874,26.50,-512.50,-205.5820,23.5879
16879780,-104.50,-1144.50,-223.6373,-43.3169
16883686,-47.50,16.50,-234.8256,-90.2750
16887592,97.50,1624.50,-238.3121,-100.3054
16891498,129.50,1238.50,-244.6938,-79.5331
16895404,-10.50,-410.50,-260.4323,-93.4596
16899310,-145.50,-1258.50,-277.7940,-141.2301
16903216,-128.50,-288.50,-288.6113,-186.4335
16907122,30.50,1277.50,-293.5439,-228.6685
16911028,115.50,1265.50,-292.4764,-253.4490
16914934,6.50,-290.50,-287.2464,-258.2095
16918840,-142.50,-1301.50,-284.5190,-251.4506
16922746,-122.50,-523.50,-282.9796,-249.1609
16926652,35.50,1015.50,-276.7424,-282.5782
16930558,125.50,1365.50,-269.1941,-321.0942
16934464,-26.50,-176.50,-277.0988,-324.9160
16938370,-186.50,-1373.50,-305.6288,-325.0790
16942276,-205.50,-832.50,-331.7677,-345.8940
16946182,-56.50,688.50,-340.0595,-403.4174
16950088,-1.50,1270.50,-346.0057,-467.8745
16953994,-59.50,-78.50,-361.9593,-479.5909
16957900,-232.50,-1364.50,-375.7040,-448.8255
16961806,-272.50,-1002.50,-381.6101,-410.8447
16965712,-174.50,547.50,-389.2255,-406.8296
16969618,-56.50,1382.50,-403.1524,-423.2295
16973524,-111.50,125.50,-416.2394,-418.9409
16977430,-280.50,-1295.50,-423.5682,-412.4158
16981336,-310.50,-1168.50,-422.4541,-407.7000
16985242,-178.50,334.50,-407.7544,-417.8397
16989148,-66.50,1359.50,-392.3723,-438.1142
16993054,-81.50,286.50,-389.0209,-440.2483
16996960,-227.50,-1215.50,-387.1757,-439.0568
17000866,-325.50,-1320.50,-383.1294,-432.2182
17004772,-221.50,115.50,-383.6843,-433.3903
17008678,-56.50,1311.50,-381.8145,-446.5537
17012584,-62.50,464.50,-372.3542,-447.5048
17016490,-207.50,-1054.50,-362.7257,-437.7819
17020396,-294.50,-1406.50,-354.6342,-413.1390
17024302,-202.50,-81.50,-344.2533,-403.1150
17028208,-56.50,1202.50,-334.6442,-427.4738
17032114,-41.50,626.50,-331.4053,-453.7932
17036020,-207.50,-943.50,-336.7813,-458.1739
17039926,-319.50,-1507.50,-347.1273,-436.9631
17043832,-271.50,-309.50,-355.2166,-422.4935
17047738,-113.50,1054.50,-359.4491,-443.5245
17051644,-56.50,744.50,-357.3217,-478.4238
17055550,-185.50,-800.50,-347.8704,-485.7836
17059456,-315.50,-1583.50,-338.5513,-458.4865
17063362,-303.50,-537.50,-338.0170,-436.8456
17067268,-159.50,925.50,-348.9017,-449.3778
17071174,-81.50,849.50,-359.2293,-479.7640
17075080,-185.50,-630.50,-356.4182,-487.6757
17078986,-310.50,-1583.50,-342.4449,-455.5629
17082892,-300.50,-720.50,-327.0595,-418.6885
17086798,-138.50,788.50,-316.9230,-419.4134
17090704,-81.50,993.50,-314.8500,-445.4665
17094610,-153.50,-418.50,-317.7228,-447.7527
17098516,-312.50,-1569.50,-316.3272,-418.7300
17102422,-309.50,-926.50,-310.5281,-397.2899
17106328,-157.50,610.50,-302.5018,-412.7087
17110234,-63.50,1090.50,-294.5390,-440.2528
17114140,-143.50,-264.50,-292.3388,-439.4922
17118046,-294.50,-1519.50,-293.1717,-416.1289
17121952,-318.50,-1104.50,-290.7270,-393.3464
17125858,-196.50,459.50,-286.9073,-394.6965
17129764,-82.50,1164.50,-287.2138,-406.6230
17133670,-128.50,-52.50,-288.1123,-398.8396
17137576,-284.50,-1420.50,-284.2477,-378.0614
17141482,-334.50,-1224.50,-278.2520,-354.3667
17145388,-208.50,290.50,-272.5086,-350.4516
17149294,-79.50,1243.50,-267.1161,-356.4199
17153200,-111.50,165.50,-263.2964,-343.5180
17157106,-256.50,-1313.50,-259.0539,-330.9345
17161012,-303.50,-1322.50,-248.3227,-319.5797
17164918,-203.50,119.50,-232.6931,-313.7121
17168824,-58.50,1237.50,-221.8007,-317.4323
17172730,-62.50,356.50,-216.1508,-314.1009
17176636,-240.50,-1148.50,-215.8205,-306.0909
17180542,-345.50,-1430.50,-226.0057,-290.1187
17184448,-244.50,-81.50,-237.0733,-286.2961
17188354,-116.50,1155.50,-240.5945,-304.0629
17192260,-78.50,499.50,-238.9739,-321.3213
17196166,-210.50,-1053.50,-228.8326,-329.9441
17200072,-335.50,-1557.50,-216.9317,-323.1157
17203978,-303.50,-303.50,-220.3201,-315.5414
17207884,-125.50,1057.50,-233.0951,-318.5108
17211790,-72.50,670.50,-232.5339,-321.0180
17215696,-192.50,-884.50,-216.7142,-315.4246
17219602,-334.50,-1598.50,-203.2126,-299.5862
17223508,-285.50,-512.50,-200.3309,-290.8958
17227414,-121.50,915.50,-199.4527,-304.4276
17231320,-90.50,779.50,-199.0419,-326.6511
17235226,-218.50,-724.50,-207.4917,-330.4677
17239132,-344.50,-1629.50,-217.0230,-309.0611
17243038,-317.50,-725.50,-215.5651,-290.2020
17246944,-176.50,768.50,-209.1995,-298.8189
17250850,-84.50,888.50,-205.1448,-321.1274
17254756,-191.50,-547.50,-201.3291,-323.8397
17258662,-318.50,-1620.50,-195.2637,-300.5995
17262568,-303.50,-887.50,-183.0936,-273.0555
17266474,-192.50,641.50,-173.6352,-265.9390
17270380,-118.50,994.50,-182.3355,-279.6856
17274286,-174.50,-347.50,-196.5729,-286.0430
17278192,-337.50,-1580.50,-198.1957,-273.2999
17282098,-365.50,-1087.50,-194.9694,-258.3884
17286004,-222.50,454.50,-193.4522,-263.3084
17289910,-95.50,1065.50,-187.3716,-278.3149
17293816,-154.50,-182.50,-176.5302,-279.3552
17297722,-305.50,-1540.50,-167.1595,-272.5263
17301628,-354.50,-1256.50,-162.1729,-264.1849
17305534,-236.50,294.50,-161.4180,-258.5040
17309440,-97.50,1136.50,-160.8921,-249.9232
17313346,-134.50,38.50,-156.1075,-232.2269
17317252,-282.50,-1413.50,-148.9618,-221.2865
17321158,-346.50,-1343.50,-142.0653,-211.4977
17325064,-220.50,113.50,-133.5523,-204.9729
17328970,-70.50,1145.50,-120.8965,-207.4994
17332876,-90.50,208.50,-108.8116,-209.2118
17336782,-271.50,-1292.50,-108.4943,-212.9079
17340688,-389.50,-1508.50,-125.5805,-213.1299
17344594,-301.50,-129.50,-149.4656,-220.8329
17348500,-148.50,1045.50,-163.0078,-238.8972
17352406,-138.50,365.50,-162.5421,-245.9258
17356312,-273.50,-1167.50,-154.6032,-236.8890
17360218,-372.50,-1598.50,-143.8106,-216.8617
17364124,-281.50,-317.50,-130.9363,-206.5379
17368030,-138.50,1022.50,-119.3481,-206.2900
17371936,-120.50,574.50,-117.1449,-196.8286
17375842,-266.50,-1002.50,-124.8407,-184.3940
17379748,-378.50,-1643.50,-132.3108,-177.0949
17383654,-337.50,-490.50,-133.9577,-174.5416
17387560,-173.50,917.50,-132.5850,-176.4673
17391466,-111.50,683.50,-127.3300,-184.0061
17395372,-222.50,-846.50,-116.7550,-192.1214
17399278,-356.50,-1682.50,-105.5188,-188.2699
17403184,-331.50,-687.50,-99.2742,-174.6631
17407090,-160.50,813.50,-95.7113,-162.6382
17410996,-78.50,829.50,-87.6836,-158.6436
17414902,-192.50,-642.50,-78.8115,-158.8060
17418808,-349.50,-1669.50,-77.9822,-154.0337
17422714,-357.50,-878.50,-85.9106,-146.3036
17426620,-191.50,634.50,-93.2541,-149.4600
17430526,-98.50,944.50,-91.6120,-159.0293
17434432,-197.50,-436.50,-87.5576,-151.9257
17438338,-353.50,-1629.50,-88.7747,-133.3424
17442244,-367.50,-1065.50,-91.1294,-123.7897
17446150,-204.50,493.50,-86.9582,-129.9589
17450056,-92.50,1043.50,-75.8115,-134.5629
17453962,-172.50,-218.50,-68.1195,-118.8005
17457868,-326.50,-1549.50,-68.3434,-98.4619
17461774,-386.50,-1199.50,-72.8382,-89.1564
17465680,-233.50,355.50,-76.7661,-90.7378
17469586,-78.50,1147.50,-68.8478,-85.1861
17473492,-121.50,-10.50,-49.6955,-65.2968
17477398,-292.50,-1451.50,-36.1821,-58.6202
17481304,-348.50,-1318.50,-33.8679,-63.2780
17485210,-233.50,168.50,-34.8619,-68.3716
17489116,-86.50,1138.50,-34.4257,-71.6881
17493022,-111.50,171.50,-32.4333,-66.2246
17496928,-292.50,-1329.50,-34.1200,-62.3674
17500834,-400.50,-1436.50,-46.2982,-57.8523
17504740,-304.50,-16.50,-64.1243,-54.2297
17508646,-117.50,1138.50,-70.2780,-51.6828
17512552,-82.50,347.50,-52.8376,-46.0934
17516458,-223.50,-1189.50,-22.3901,-49.1987
17520364,-341.50,-1566.50,-1.2869,-55.4104
17524270,-271.50,-240.50,0.4823,-64.6321
17528176,-111.50,1040.50,-8.2497,-73.3274
17532082,-78.50,501.50,-13.9772,-72.9613
17535988,-211.50,-1050.50,-11.4284,-69.9453
17539894,-357.50,-1617.50,-7.8456,-60.6760
17543800,-313.50,-422.50,-13.7742,-50.4814
17547706,-140.50,1039.50,-23.6364,-35.4421
17551612,-75.50,688.50,-23.9901,-15.1728
17555518,-208.50,-860.50,-16.3741,-14.4497
17559424,-334.50,-1650.50,-8.6600,-25.3817
17563330,-314.50,-622.50,-3.9872,-33.3222
17567236,-164.50,853.50,-6.8430,-41.6832
17571142,-84.50,772.50,-14.2682,-53.4238
17575048,-185.50,-700.50,-15.7370,-63.0462
17578954,-349.50,-1644.50,-12.3483,-52.7233
17582860,-328.50,-812.50,-10.3492,-31.6407
17586766,-193.50,707.50,-11.1867,-28.6436
17590672,-81.50,935.50,-13.8920,-36.5711
17594578,-169.50,-477.50,-12.1401,-30.4151
17598484,-357.50,-1625.50,-10.9886,-15.7949
17602390,-387.50,-980.50,-21.5909,-8.2681
17606296,-242.50,551.50,-36.8516,-15.6230
17610202,-111.50,1043.50,-42.7458,-24.6034
17614108,-174.50,-276.50,-36.0110,-14.2124
17618014,-325.50,-1584.50,-23.2141,-2.9591
17621920,-369.50,-1161.50,-12.0376,-6.5381
17625826,-264.50,384.50,-11.9911,-18.7085
17629732,-136.50,1086.50,-24.8735,-25.4259
17633638,-188.50,-124.50,-38.2655,-21.0987
17637544,-346.50,-1548.50,-43.5039,-27.5941
17641450,-392.50,-1339.50,-38.8258,-41.1186
17645356,-249.50,170.50,-23.6629,-48.8621
17649262,-88.50,1072.50,-2.1890,-50.4088
17653168,-148.50,59.50,10.3278,-42.5462
17657074,-286.50,-1448.50,7.6193,-39.4923
17660980,-381.50,-1454.50,3.5985,-38.9052
17664886,-265.50,5.50,4.5142,-31.0366
17668792,-98.50,1094.50,10.7421,-18.9220
17672698,-94.50,269.50,21.6001,-5.8559
17676604,-276.50,-1250.50,25.7986,2.2861
17680510,-402.50,-1536.50,14.2859,10.3308
17684416,-335.50,-182.50,-7.0433,11.2700
17688322,-194.50,1061.50,-28.3949,5.8838
17692228,-146.50,464.50,-40.3657,8.8328
17696134,-271.50,-1080.50,-33.5358,18.1813
17700040,-357.50,-1553.50,-9.7966,37.2901
17703946,-266.50,-308.50,22.4432,60.0684
17707852,-142.50,1023.50,44.3986,69.0350
17711758,-137.50,656.50,34.6208,62.5171
17715664,-272.50,-908.50,4.0352,51.6732
17719570,-406.50,-1632.50,-18.1845,45.6638
17723476,-361.50,-534.50,-23.0473,43.0480
17727382,-145.50,976.50,-9.7362,52.3575
17731288,-70.50,787.50,19.2898,67.3412
17735194,-253.50,-746.50,33.3365,60.0217
17739100,-414.50,-1673.50,12.4366,38.1521
17743006,-382.50,-773.50,-14.6149,20.1459
17746912,-194.50,774.50,-17.9012,10.4558
17750818,-79.50,878.50,1.8660,11.0971
17754724,-182.50,-560.50,26.7918,16.3128
17758630,-335.50,-1647.50,41.6777,24.0918
17762536,-336.50,-942.50,47.1185,30.5504
17766442,-180.50,612.50,49.0431,26.6635
17770348,-79.50,1003.50,48.0820,22.3098
17774254,-141.50,-333.50,47.7930,33.7353
17778160,-303.50,-1578.50,53.7251,51.5957
17782066,-349.50,-1091.50,58.4934,60.0852
17785972,-204.50,464.50,54.6977,53.0696
17789878,-79.50,1087.50,48.5942,44.1380
17793784,-127.50,-144.50,47.3387,48.1370
17797690,-284.50,-1516.50,52.9195,52.5539
17801596,-302.50,-1233.50,67.0772,54.4870
17805502,-196.50,294.50,82.6596,54.5086
17809408,-47.50,1168.50,86.9578,59.4816
17813314,-90.50,87.50,83.1323,78.8782
17817220,-254.50,-1401.50,78.7021,87.2052
17821126,-303.50,-1327.50,79.8523,83.9796
17825032,-196.50,138.50,88.5470,84.5023
17828938,-68.50,1199.50,90.8852,90.9594
17832844,-67.50,327.50,83.4049,110.2322
17836750,-235.50,-1259.50,77.4503,118.6748
17840656,-333.50,-1433.50,73.8759,107.0196
17844562,-244.50,-50.50,69.2902,94.4508
17848468,-81.50,1171.50,65.7221,92.6499
17852374,-90.50,478.50,61.6565,101.7044
17856280,-245.50,-1099.50,53.0176,102.4276
17860186,-357.50,-1524.50,44.2826,95.8648
17864092,-292.50,-265.50,39.4943,87.6634
17867998,-130.50,1078.50,35.7771,77.8870
17871904,-130.50,603.50,27.1522,71.7349
17875810,-262.50,-965.50,12.7909,62.3309
17879716,-383.50,-1615.50,4.9767,55.6623
17883622,-313.50,-468.50,10.7256,55.9796
17887528,-136.50,976.50,24.9500,59.3835
17891434,-54.50,771.50,42.9197,65.2472
17895340,-159.50,-725.50,63.3249,76.0470
17899246,-306.50,-1582.50,80.2925,96.3748
17903152,-261.50,-623.50,89.0449,110.1274
17907058,-111.50,895.50,92.0531,107.5942
17910964,-30.50,912.50,90.0814,97.8915
17914870,-144.50,-529.50,85.2466,92.0514
17918776,-277.50,-1583.50,83.9477,97.6239
17922682,-258.50,-821.50,91.3430,100.9143
17926588,-116.50,722.50,100.3301,89.1103
17930494,-66.50,1039.50,92.5875,77.8151
17934400,-147.50,-344.50,68.9661,82.8939
17938306,-310.50,-1560.50,51.2105,91.4851
17942212,-319.50,-1024.50,47.1361,85.9066
17946118,-186.50,550.50,48.0266,66.9923
17950024,-112.50,1093.50,39.6399,54.5588
17953930,-190.50,-196.50,17.9574,55.0295
17957836,-335.50,-1548.50,0.9102,49.2955
17961742,-378.50,-1203.50,-0.8476,38.1822
17965648,-253.50,364.50,1.7103,32.6063
17969554,-88.50,1136.50,6.4820,38.0712
17973460,-140.50,-10.50,18.7932,47.9830
17977366,-321.50,-1469.50,25.4844,41.6677
17981272,-395.50,-1332.50,16.8206,31.2109
17985178,-265.50,149.50,5.1878,27.7796
17989084,-105.50,1125.50,5.3684,25.1609
17992990,-105.50,175.50,19.5080,27.4336
17996896,-271.50,-1349.50,36.6096,26.8748
18000802,-383.50,-1451.50,39.8279,27.1982
18004708,-271.50,-30.50,29.3479,31.8831
18008614,-98.50,1141.50,24.8772,39.2276
18012520,-100.50,394.50,31.8342,53.4725
18016426,-239.50,-1164.50,40.6483,61.9465
18020332,-367.50,-1520.50,44.3037,64.5505
18024238,-261.50,-186.50,43.2486,66.6166
18028144,-90.50,1088.50,47.4464,66.9400
18032050,-70.50,562.50,55.6260,64.3793
18035956,-207.50,-1007.50,59.4537,57.5428
18039862,-348.50,-1592.50,57.9341,55.0778
18043768,-303.50,-402.50,48.8358,55.1545
18047674,-130.50,1013.50,37.2309,55.4356
18051580,-52.50,722.50,37.2480,58.0540
18055486,-172.50,-846.50,51.5708,54.8391
18059392,-367.50,-1630.50,57.9334,49.0023
18063298,-344.50,-623.50,39.5749,44.0412
18067204,-177.50,886.50,15.2488,37.9325
18071110,-102.50,820.50,4.3131,32.3861
18075016,-201.50,-637.50,5.9712,31.5352
18078922,-350.50,-1616.50,14.7731,44.8351
18082828,-324.50,-784.50,25.8550,60.4348
18086734,-153.50,755.50,37.7325,59.9718
18090640,-79.50,964.50,43.9514,50.4211
18094546,-200.50,-432.50,34.3247,48.4673
18098452,-365.50,-1592.50,14.6174,56.5207
18102358,-366.50,-975.50,2.4538,60.0028
18106267,-180.50,590.50,8.9187,49.5085
18110173,-72.50,1071.50,26.7567,41.1158
18114079,-161.50,-255.50,35.9525,45.9994
18117985,-366.50,-1583.50,25.3758,43.5937
18121891,-421.50,-1187.50,-0.0694,25.1686
18125797,-278.50,390.50,-24.0095,4.7877
18129703,-159.50,1073.50,-36.7731,-2.7975
18133609,-189.50,-79.50,-38.7567,4.5235
18137515,-318.50,-1493.50,-24.1651,14.1921
18141421,-344.50,-1307.50,7.5823,21.0828
18145327,-222.50,221.50,38.8052,22.3991
18149233,-100.50,1126.50,48.7151,22.6954
18153139,-128.50,113.50,38.8733,26.5498
18157045,-290.50,-1416.50,28.3976,18.8564
18160951,-350.50,-1423.50,29.1830,8.9849
18164857,-239.50,61.50,39.1057,18.0253
18168763,-25.50,1237.50,57.7105,54.4203
18172669,31.50,385.50,95.3682,101.6924
18176575,-275.50,-1274.50,117.0445,100.3027
18180481,-463.50,-1620.50,67.7782,37.9731
18184387,-383.50,-285.50,-17.5369,-37.8872
18188293,-255.50,873.50,-77.3279,-101.5579
18192199,-313.50,252.50,-119.4825,-156.3349
18196105,-549.50,-1398.50,-174.5016,-208.0581
18200011,-718.50,-1942.50,-239.6865,-253.3882
18203917,-677.50,-765.50,-292.6950,-294.7923
18207823,-575.50,496.50,-333.3285,-349.6552
18211729,-602.50,135.50,-381.0970,-413.9921
18215635,-760.50,-1496.50,-431.7096,-463.3837
18219541,-860.50,-2047.50,-453.4137,-461.3690
18223447,-813.50,-1140.50,-438.1940,-424.3566
18227353,-661.50,286.50,-417.3932,-436.7166
18231259,-558.50,180.50,-405.0041,-486.5138
18235165,-703.50,-1359.50,-391.4868,-511.2323
18239071,-789.50,-2047.50,-370.5639,-472.4215
18242977,-766.50,-1323.50,-338.7787,-394.9978
18246883,-586.50,223.50,-309.2820,-374.4990
18250789,-446.50,363.50,-283.4587,-395.5382
18254695,-542.50,-1044.50,-250.4454,-391.9229
18258601,-628.50,-2047.50,-209.3688,-351.5244
18262507,-645.50,-1406.50,-166.8290,-299.6632
18266413,-440.50,190.50,-135.2777,-275.3587
18270319,-320.50,565.50,-110.6415,-265.2210
18274225,-372.50,-692.50,-84.9252,-237.6072
18278131,-482.50,-1902.50,-51.7856,-188.9797
18282037,-512.50,-1402.50,-14.0855,-138.8828
18285943,-322.50,225.50,15.3270,-98.7188
18289849,-149.50,859.50,44.8267,-55.1281
18293755,-185.50,-278.50,81.6064,-2.6294
18297661,-333.50,-1657.50,115.2982,42.1318
18301567,-372.50,-1398.50,138.9477,63.0476
18305473,-236.50,191.50,151.8546,72.2293
18309379,-93.50,1008.50,155.5557,91.4621
18313285,-111.50,-27.50,157.6070,113.3299
18317191,-270.50,-1501.50,165.1916,120.4237
18321097,-345.50,-1462.50,174.0838,119.4804
18325003,-233.50,23.50,176.7671,120.7881
18328909,-101.50,1020.50,169.8101,123.8866
18332815,-117.50,160.50,155.7183,124.5719
18336721,-261.50,-1391.50,146.9115,115.9430
18340627,-351.50,-1573.50,150.5904,106.9965
18344533,-254.50,-165.50,158.2799,110.6419
18348439,-112.50,1011.50,158.3483,123.6767
18352345,-76.50,384.50,153.4444,138.8594
18356251,-239.50,-1196.50,152.9300,147.4911
18360157,-324.50,-1621.50,157.9853,147.9531
18364063,-229.50,-352.50,170.7592,144.8946
18367969,-143.50,963.50,173.4929,141.7626
18371875,-142.50,544.50,142.7071,141.7930
18375781,-271.50,-1026.50,102.3511,141.8924
18379687,-387.50,-1659.50,86.2856,143.5743
18383593,-328.50,-533.50,91.8027,148.7276
18387499,-170.50,913.50,100.3263,155.4244
18391405,-121.50,707.50,101.5074,161.6224
18395311,-224.50,-831.50,100.6162,159.3587
18399217,-345.50,-1678.50,108.4327,152.9130
18403123,-338.50,-746.50,117.6053,146.5348
18407029,-184.50,768.50,114.1970,136.7255
18410935,-80.50,797.50,108.4314,127.1384
18414841,-184.50,-684.50,113.8347,115.9352
18418747,-326.50,-1687.50,123.6817,109.7380
18422653,-297.50,-925.50,133.4870,117.3940
18426559,-128.50,630.50,146.9062,125.8933
18430465,-31.50,955.50,159.7041,133.7916
18434371,-134.50,-428.50,162.5147,147.1375
18438277,-284.50,-1597.50,156.1493,159.3810
18442183,-254.50,-1012.50,158.0597,175.1815
18446089,-215.50,474.50,157.7198,179.3450
18449995,-156.50,938.50,119.4442,144.6008
18453901,-216.50,-305.50,64.0253,94.3906
18457807,-432.50,-1706.50,25.6680,54.3866
18461713,-515.50,-1423.50,-9.1955,12.1066
18465619,-364.50,174.50,-40.8535,-24.1478
18469525,-255.50,865.50,-53.6309,-35.7615
18473431,-344.50,-230.50,-62.7943,-39.4306
18477337,-525.50,-1710.50,-84.8902,-53.1523
18481243,-560.50,-1598.50,-103.8655,-71.0075
18485149,-452.50,-80.50,-105.1581,-79.7831
18489055,-292.50,842.50,-96.4818,-77.5594
18492961,-280.50,-34.50,-79.1028,-67.4813
18496867,-398.50,-1556.50,-48.4322,-51.9783
18500773,-459.50,-1665.50,-12.5520,-36.7128
18504679,-380.50,-214.50,10.2400,-22.2741
18508585,-225.50,908.50,12.4116,-5.5118
18512491,-206.50,235.50,10.5948,16.3426
18516397,-318.50,-1296.50,22.5356,44.3901
18520303,-400.50,-1652.50,47.3689,71.7986
18524209,-331.50,-307.50,68.2277,89.8615
18528115,-164.50,947.50,75.6191,100.0493
18532021,-116.50,457.50,81.3938,104.2728
18535927,-250.50,-1122.50,92.8477,102.0445
18539833,-363.50,-1679.50,102.4889,101.2463
18543739,-312.50,-512.50,105.0486,104.0485
18547645,-146.50,910.50,103.5970,109.0638
18551551,-121.50,651.50,99.8804,121.5228
18555457,-242.50,-913.50,92.0593,131.6238
18559363,-354.50,-1679.50,88.2044,133.4439
18563269,-317.50,-682.50,93.7764,132.6548
18567175,-170.50,822.50,98.8458,130.5774
18571081,-102.50,803.50,97.2413,134.6900
18574987,-188.50,-686.50,97.0323,144.3295
18578893,-369.50,-1668.50,97.2141,150.6282
18582799,-346.50,-866.50,88.5265,146.2481
18586705,-207.50,674.50,77.7638,130.2004
18590611,-129.50,907.50,69.3283,119.5494
18594517,-209.50,-521.50,62.9945,120.3370
18598423,-349.50,-1665.50,64.1717,119.7306
18602329,-351.50,-1077.50,71.6228,110.9262
18606235,-201.50,501.50,80.1041,94.7136
18610141,-79.50,974.50,88.9432,87.8481
18614047,-149.50,-337.50,97.9607,94.7152
18617953,-319.50,-1631.50,100.3926,96.5110
18621859,-281.50,-1231.50,105.2063,91.6481
18625765,-188.50,368.50,120.1488,91.3215
18629671,-59.50,1072.50,125.8981,106.8263
18633577,-100.50,-108.50,122.5840,126.6825
18637483,-296.50,-1521.50,116.2410,126.6219
18641389,-342.50,-1330.50,101.4278,118.2539
18645295,-207.50,226.50,91.7430,121.1304
18649201,-63.50,1154.50,96.5645,141.9596
18653107,-82.50,155.50,107.7558,169.7731
18657013,-235.50,-1349.50,116.9970,178.1747
18660919,-310.50,-1374.50,120.4538,175.5789
18664825,-209.50,95.50,118.5294,180.9416
18668731,-58.50,1198.50,115.2528,195.4168
18672637,-54.50,374.50,115.7395,208.2779
18676543,-213.50,-1209.50,118.1696,197.5581
18680449,-331.50,-1509.50,112.6624,169.7821
18684355,-253.50,-156.50,97.3085,144.5924
18688261,-82.50,1085.50,85.6233,130.9258
18692167,-70.50,511.50,85.1898,130.5404
18696073,-218.50,-1062.50,86.3165,133.1761
18699979,-338.50,-1581.50,81.7789,134.3975
18703885,-284.50,-335.50,72.9971,134.4333
18707791,-114.50,1005.50,65.5150,131.4094
18711697,-63.50,666.50,66.2556,124.3988
18715603,-200.50,-912.50,71.4274,115.1609
18719509,-350.50,-1621.50,69.0710,110.9973
18723415,-308.50,-542.50,57.7723,114.3633
18727321,-157.50,914.50,46.4062,117.1107
18731227,-79.50,790.50,41.4443,111.5142
18735133,-175.50,-708.50,46.8806,103.4565
18739039,-350.50,-1618.50,53.4446,107.0941
18742945,-324.50,-754.50,48.8179,113.1638
18746851,-173.50,784.50,40.5427,105.5136
18750757,-93.50,919.50,34.9863,94.9881
18754663,-170.50,-529.50,33.5850,90.8019
18758569,-306.50,-1612.50,41.7244,92.0427
18762475,-318.50,-949.50,53.2768,92.8945
18766381,-169.50,607.50,57.6444,80.5697
18770287,-66.50,1040.50,55.6947,72.1138
18774193,-174.50,-322.50,47.3027,83.6345
18778099,-310.50,-1570.50,35.3166,93.2169
18782005,-335.50,-1119.50,32.2491,88.7283
18785911,-188.50,470.50,38.4593,76.4849
18789817,-60.50,1123.50,46.5726,77.3452
18793723,-129.50,-136.50,50.9119,89.6243
18797629,-300.50,-1536.50,46.0313,80.3388
18801535,-354.50,-1296.50,35.1454,54.8618
18805441,-271.50,299.50,19.3820,42.4174
18809347,-155.50,1087.50,-4.9854,47.5373
18813253,-229.50,-20.50,-34.5885,39.7595
18817159,-481.50,-1552.50,-76.8768,-2.6859
18821065,-558.50,-1565.50,-131.2713,-57.0082
18824971,-528.50,-115.50,-181.0783,-104.1129
18828877,-429.50,766.50,-229.9684,-159.6410
18832783,-474.50,-127.50,-277.7205,-233.5436
18836689,-696.50,-1732.50,-320.0870,-304.6097
18840595,-944.50,-2011.50,-382.9615,-361.0056
18844501,-968.50,-740.50,-485.1736,-426.5251
18848407,-890.50,304.50,-598.0436,-522.6418
18852313,-940.50,-367.50,-686.2166,-624.1511
18856219,-1137.50,-1994.50,-745.3754,-692.6395
18860125,-1295.50,-2047.50,-785.4071,-658.7040
18864031,-1199.50,-1156.50,-803.9266,-564.5123
18867937,-1060.50,61.50,-797.6557,-594.1941
18871843,-1009.50,-353.50,-781.2253,-713.8082
18875749,-1135.50,-1919.50,-762.2040,-777.5432
18879655,-1231.50,-2047.50,-735.7486,-694.1677
18883561,-1208.50,-1305.50,-708.0245,-522.7828
18887467,-997.50,65.50,-683.9079,-487.9213
18891373,-901.50,-126.50,-649.6880,-569.1603
18895279,-1040.50,-1641.50,-611.5129,-617.3613
18899185,-1178.50,-2047.50,-590.0462,-550.9540
18903091,-1090.50,-1398.50,-569.6024,-410.3513
18906997,-836.50,66.50,-518.0432,-372.7426
18910903,-757.50,102.50,-446.7681,-423.8239
18914809,-860.50,-1328.50,-398.2502,-451.0473
18918715,-1007.50,-2047.50,-379.3996,-402.7151
18922621,-975.50,-1537.50,-365.7494,-315.2716
18926527,-815.50,5.50,-345.6353,-303.0771
18930433,-749.50,313.50,-332.8685,-328.4816
18934339,-795.50,-1050.50,-329.6004,-321.7874
18938245,-916.50,-2047.50,-310.6678,-286.9151
18942151,-909.50,-1644.50,-271.5488,-245.4721
18946057,-768.50,-53.50,-235.3383,-237.8636
18949963,-641.50,467.50,-215.6783,-230.9704
18953869,-670.50,-734.50,-200.4051,-198.2909
18957775,-809.50,-2033.50,-174.8797,-175.0195
18961681,-822.50,-1715.50,-142.0946,-174.3800
18965587,-687.50,-114.50,-112.4350,-167.7608
18969493,-559.50,611.50,-95.2732,-126.2420
18973399,-581.50,-456.50,-86.9225,-76.8936
18977305,-740.50,-1878.50,-76.8338,-61.0423
18981211,-783.50,-1750.50,-63.0764,-70.4542
18985117,-655.50,-216.50,-46.1461,-65.0323
18989023,-468.50,707.50,-23.3230,-26.7845
18992929,-483.50,-144.50,4.2811,23.6503
18996835,-650.50,-1638.50,23.2477,56.2976
19000741,-705.50,-1735.50,32.0043,64.4745
19004647,-562.50,-265.50,49.7543,77.1527
19008553,-397.50,858.50,79.4055,120.6744
19012459,-410.50,176.50,100.4368,176.1169
19016365,-584.50,-1358.50,99.3698,206.3441
19020271,-665.50,-1697.50,89.2872,206.1718
19024177,-554.50,-335.50,93.3423,207.5119
19028083,-384.50,919.50,112.4272,236.4143
19031989,-394.50,430.50,124.0902,273.8273
19035895,-536.50,-1148.50,117.4991,282.8154
19039801,-655.50,-1732.50,107.4644,257.5744
19043707,-608.50,-528.50,101.8088,230.7849
19047613,-432.50,856.50,97.6304,235.9782
19051519,-370.50,599.50,100.6334,264.2711
19055425,-512.50,-973.50,109.1015,275.8092
19059331,-616.50,-1768.50,118.0416,251.5489
19063237,-582.50,-761.50,128.9598,215.1321
19067143,-399.50,715.50,138.9547,199.9326
19071049,-302.50,706.50,151.6609,213.5002
19074955,-441.50,-798.50,164.8596,229.8865
19078861,-580.50,-1759.50,167.7560,224.7598
19082767,-558.50,-905.50,166.2667,213.8859
19086673,-381.50,596.50,170.0063,215.0587
19090579,-267.50,829.50,181.5971,224.5388
19094485,-269.50,-520.50,212.5939,243.8614
19098391,-396.50,-1670.50,266.6218,262.6656
19102297,-389.50,-1045.50,316.1933,263.9477
19106203,-206.50,559.50,344.7319,265.3593
19110109,-96.50,1098.50,359.9280,303.3800
19114015,-156.50,-208.50,366.7558,362.3608
19117921,-303.50,-1460.50,371.7947,391.2363
19121827,-278.50,-1007.50,386.9742,398.5500
19125733,-122.50,610.50,414.7471,423.4261
19129639,31.50,1468.50,442.1035,497.8612
19133545,-30.50,174.50,457.6860,582.4161
19137451,-148.50,-1212.50,465.9777,586.7630
19141357,-157.50,-1008.50,483.9607,544.1234
19145266,-13.50,559.50,512.1921,531.3636
19149172,171.50,1791.50,539.1687,609.4908
19153078,195.50,502.50,569.9089,726.3444
19156984,59.50,-944.50,605.6770,726.5368
19160890,21.50,-975.50,636.1807,659.4871
19164796,154.50,532.50,658.8133,637.3312
19168702,327.50,2047.50,675.1703,725.7645
19172608,349.50,891.50,688.3670,867.7716
19176514,243.50,-617.50,706.6145,876.3654
19180420,179.50,-915.50,732.5478,795.8022
19184326,278.50,455.50,754.6691,744.7291
19188232,466.50,2047.50,765.9799,779.6439
19192138,501.50,1226.50,773.7096,877.8193
19196044,349.50,-419.50,777.1780,883.2188
19199950,234.50,-938.50,769.5078,799.6641
19203856,298.50,292.50,753.5239,731.1019
19207762,437.50,2047.50,732.0227,754.0951
19211668,485.50,1472.50,708.1696,853.4466
19215574,348.50,-281.50,689.8750,853.8257
19219480,199.50,-1032.50,673.8904,735.3504
19223386,238.50,37.50,652.8739,627.8499
19227292,369.50,1786.50,626.2250,610.7163
19231198,429.50,1596.50,596.6857,676.9462
19235104,290.50,-168.50,569.4611,690.4509
19239010,143.50,-1101.50,545.7420,603.2256
19242916,144.50,-220.50,523.1485,512.3137
19246822,285.50,1436.50,498.3546,469.6676
19250728,371.50,1727.50,474.2267,496.7911
19254634,272.50,-26.50,458.1318,534.4609
19258540,126.50,-1142.50,450.0881,490.5488
19262446,114.50,-445.50,443.4123,416.3141
19266352,227.50,1153.50,426.7112,365.3274
19270258,321.50,1811.50,397.5218,371.8713
19274164,237.50,131.50,369.6521,416.6677
19278070,87.50,-1122.50,353.4485,395.1797
19281976,63.50,-643.50,346.9212,338.7564
19285882,197.50,923.50,342.2518,293.8994
19289788,295.50,1860.50,330.9758,292.5229
19293694,213.50,287.50,309.1328,331.2352
19297600,58.50,-1092.50,284.1517,305.6511
19301506,-8.50,-863.50,264.4452,246.5917
19305412,134.50,685.50,251.2210,201.8364
19309318,335.50,1873.50,257.2623,205.0096
19313224,304.50,490.50,284.9553,258.0947
19317130,87.50,-980.50,297.4671,252.8266
19321036,-53.50,-1008.50,264.0256,210.0172
19324942,64.50,454.50,207.2894,165.6215
19328848,241.50,1810.50,174.4114,148.0277
19332754,247.50,627.50,177.4790,172.0584
19336660,145.50,-849.50,201.7829,161.0330
19340566,53.50,-1081.50,232.4465,152.0761
19344472,167.50,336.50,253.6967,161.7864
19348378,370.50,1954.50,268.9815,202.8865
19352284,421.50,966.50,291.8716,276.8013
19356190,281.50,-586.50,316.6371,278.3234
19360096,217.50,-1024.50,337.4149,254.2239
19364002,295.50,272.50,357.4281,258.2483
19367908,471.50,2047.50,370.5402,304.6707
19371814,535.50,1299.50,376.5054,382.4891
19375720,399.50,-345.50,381.2700,372.0373
19379626,240.50,-996.50,376.2999,315.7070
19383532,315.50,128.50,361.7852,293.0110
19387438,471.50,1975.50,351.3694,317.8519
19391344,505.50,1610.50,339.2218,389.6668
19395250,387.50,-174.50,318.8432,389.3320
19399156,240.50,-1033.50,301.3257,309.0746
19403062,259.50,-73.50,289.4663,250.2340
19406968,450.50,1811.50,283.1959,256.9488
19410874,496.50,1877.50,278.9059,337.7916
19414780,385.50,43.50,264.1388,377.3262
19418686,208.50,-1026.50,240.5425,309.0644
19422592,162.50,-271.50,209.7790,228.6114
19426498,275.50,1381.50,166.4442,170.6053
19430404,342.50,2013.50,116.7741,173.4585
19434310,250.50,159.50,75.0963,218.8219
19438216,77.50,-1057.50,49.7724,188.5282
19442122,53.50,-518.50,36.6642,123.7674
19446028,170.50,1081.50,24.9226,65.6449
19449934,272.50,2032.50,6.0193,52.4485
19453840,211.50,304.50,-14.4379,96.0155
19457746,55.50,-1045.50,-24.7249,79.2498
19461652,15.50,-730.50,-24.4876,32.9494
19465558,103.50,827.50,-28.4637,-10.1548
19469464,240.50,1993.50,-45.5430,-29.0021
19473370,181.50,438.50,-65.0098,-4.4623
19477276,26.50,-1000.50,-78.3314,-27.7908
19481182,-54.50,-888.50,-86.3099,-52.5456
19485088,58.50,579.50,-92.8704,-65.3540
19488994,175.50,1882.50,-103.4119,-89.8511
19492900,148.50,582.50,-120.1301,-98.5054
19496806,-17.50,-944.50,-137.5017,-133.3360
19500712,-126.50,-1116.50,-152.5033,-153.1580
19504618,-36.50,298.50,-167.1884,-163.8035
19508524,123.50,1660.50,-176.9925,-201.8671
19512430,103.50,705.50,-182.8793,-235.1542
19516336,-50.50,-847.50,-192.6865,-257.4738
19520242,-157.50,-1265.50,-202.6976,-236.9588
19524148,-95.50,48.50,-209.2577,-218.3499
19528054,27.50,1472.50,-221.5375,-255.3989
19531960,51.50,801.50,-241.7464,-315.4241
19535866,-108.50,-788.50,-260.8121,-359.2200
19539772,-222.50,-1408.50,-272.6895,-341.4421
19543678,-155.50,-218.50,-273.0416,-305.9358
19547584,11.50,1247.50,-263.5365,-328.7064
19551490,48.50,918.50,-255.6635,-391.3293
19555396,-113.50,-642.50,-262.0421,-423.3380
19559302,-254.50,-1454.50,-281.1868,-379.9543
19563208,-219.50,-446.50,-296.5573,-322.7401
19567114,-82.50,1054.50,-304.0965,-341.5152
19571020,-15.50,976.50,-311.8436,-425.1491
19574926,-123.50,-520.50,-317.7196,-481.0695
19578832,-261.50,-1507.50,-315.8653,-445.4105
19582738,-270.50,-684.50,-311.9107,-375.8398
19586644,-102.50,835.50,-311.6414,-379.0933
19590550,15.50,1126.50,-305.3571,-444.8478
19594456,-68.50,-289.50,-288.3760,-465.7972
19598362,-197.50,-1454.50,-267.8167,-405.7063
19602268,-261.50,-873.50,-257.3490,-338.1506
19606174,-175.50,642.50,-276.9937,-356.1217
19610080,-45.50,1201.50,-313.2733,-435.9801
19613986,-143.50,-193.50,-335.5210,-478.3815
19617892,-307.50,-1510.50,-345.3992,-463.8341
19621798,-337.50,-1130.50,-348.9626,-429.8208
19625704,-184.50,432.50,-341.0674,-432.0963
19629610,-61.50,1201.50,-326.2815,-472.6036
19633516,-113.50,-15.50,-316.6118,-492.1406
19637422,-270.50,-1418.50,-314.1633,-467.6995
19641328,-314.50,-1215.50,-309.9769,-408.6641
19645234,-207.50,288.50,-302.4248,-373.1434
19649140,-64.50,1271.50,-297.9860,-391.2873
19653046,-89.50,210.50,-295.9991,-414.7183
19656952,-232.50,-1295.50,-290.9820,-412.0343
19660858,-300.50,-1331.50,-280.1356,-375.0123
19664764,-198.50,106.50,-267.0557,-345.2196
19668670,-47.50,1220.50,-257.9876,-365.7555
19672576,-79.50,373.50,-258.2308,-405.8970
19676482,-234.50,-1154.50,-268.7505,-415.3893
19680388,-318.50,-1456.50,-276.5692,-375.4279
19684294,-236.50,-110.50,-272.8812,-341.1356
19688200,-84.50,1175.50,-265.9188,-355.1051
19692106,-76.50,555.50,-264.0448,-386.2149
19696012,-219.50,-1009.50,-267.0380,-394.4228
19699918,-340.50,-1542.50,-270.4954,-362.6848
19703824,-273.50,-303.50,-271.4632,-329.7726
19707730,-96.50,1071.50,-266.0166,-338.0253
19711636,-58.50,688.50,-254.6814,-375.4389
19715542,-194.50,-876.50,-246.9125,-399.2053
19719448,-332.50,-1620.50,-247.0770,-379.6259
19723354,-302.50,-552.50,-252.4500,-350.3337
19727260,-142.50,947.50,-258.4996,-353.2868
19731166,-59.50,815.50,-257.1782,-378.9544
19735072,-205.50,-682.50,-251.8730,-389.0179
19738978,-314.50,-1615.50,-248.5798,-356.8697
19742884,-298.50,-719.50,-240.1417,-313.7810
19746790,-159.50,801.50,-232.5051,-311.3784
19750696,-69.50,944.50,-233.4136,-345.4420
19754602,-175.50,-481.50,-235.8952,-362.1083
19758508,-321.50,-1599.50,-235.9369,-333.5102
19762414,-335.50,-929.50,-234.6553,-297.8408
19766320,-184.50,619.50,-233.9080,-305.2287
19770226,-80.50,1039.50,-232.3847,-341.7151
19774132,-153.50,-304.50,-228.1763,-353.1810
19778038,-325.50,-1581.50,-224.8074,-329.0545
19781944,-367.50,-1103.50,-228.2631,-298.6082
19785850,-223.50,457.50,-234.9913,-294.7886
19789756,-82.50,1136.50,-232.9225,-310.3721
19793662,-154.50,-111.50,-223.2424,-311.0101
19797568,-328.50,-1492.50,-220.2811,-294.9391
19801474,-367.50,-1230.50,-223.5094,-268.9825
19805380,-239.50,291.50,-221.6142,-256.8532
19809286,-89.50,1175.50,-212.9110,-268.4464
19813192,-117.50,80.50,-200.5470,-277.2487
19817098,-286.50,-1422.50,-190.6071,-279.6541
19821004,-314.50,-1391.50,-180.2769,-272.5360
19824910,-180.50,67.50,-157.8564,-267.7167
19828816,-50.50,1144.50,-134.3185,-277.8152
19832722,-79.50,254.50,-129.5612,-283.3809
19836628,-234.50,-1292.50,-138.5763,-278.3440
19840534,-335.50,-1474.50,-147.0231,-255.3914
19844440,-246.50,-108.50,-152.1878,-231.1032
19848346,-121.50,1101.50,-159.8595,-235.1366
19852252,-106.50,442.50,-170.9363,-251.3034
19856158,-244.50,-1116.50,-175.0146,-251.6724
19860064,-337.50,-1562.50,-166.3916,-226.8564
19863970,-271.50,-286.50,-153.5096,-202.1148
19867876,-122.50,1078.50,-147.9882,-197.2389
19871782,-92.50,630.50,-150.6844,-202.0476
19875688,-211.50,-913.50,-151.3156,-200.9463
19879594,-336.50,-1586.50,-144.6751,-178.9334
19883500,-271.50,-456.50,-134.7828,-155.1062
19887406,-110.50,979.50,-124.5870,-155.5886
19891312,-50.50,765.50,-115.7993,-176.8834
19895218,-180.50,-751.50,-111.1775,-193.8505
19899124,-333.50,-1636.50,-113.8416,-184.1855
19903030,-319.50,-687.50,-124.0564,-167.7006
19906936,-156.50,830.50,-134.1618,-170.8030
19910842,-82.50,873.50,-136.8842,-189.1723
19914748,-177.50,-574.50,-132.8773,-198.7286
19918654,-321.50,-1646.50,-124.9226,-184.5910
19922560,-334.50,-898.50,-119.8505,-168.3097
19926466,-182.50,629.50,-122.4736,-178.9600
19930372,-92.50,958.50,-127.3593,-206.2661
19934278,-154.50,-389.50,-126.1848,-210.4992
19938184,-309.50,-1613.50,-116.3394,-184.3207
19942090,-326.50,-1072.50,-105.5806,-158.3596
19945996,-192.50,506.50,-100.9963,-154.5758
19949902,-63.50,1081.50,-99.1805,-159.9410
19953808,-118.50,-175.50,-92.8521,-152.4664
19957714,-272.50,-1508.50,-82.5596,-133.4932
19961620,-317.50,-1198.50,-74.7336,-113.1941
19965526,-205.50,358.50,-74.4280,-108.0096
19969432,-89.50,1152.50,-82.9765,-113.3136
19973338,-133.50,18.50,-94.1758,-113.4516
19977244,-297.50,-1440.50,-101.3867,-115.2764
19981150,-367.50,-1309.50,-105.1130,-108.5039
19985056,-235.50,159.50,-103.9686,-97.1231
19988962,-107.50,1171.50,-98.0395,-96.4007
19992868,-121.50,211.50,-94.1485,-96.6236
19996774,-271.50,-1302.50,-91.8420,-97.2755
20000680,-375.50,-1437.50,-91.1523,-90.4231
20004586,-270.50,-40.50,-94.1861,-84.2389
20008492,-131.50,1126.50,-96.7321,-91.3775
20012398,-141.50,379.50,-100.6543,-99.2907
20016304,-302.50,-1182.50,-109.5976,-104.8465
20020210,-400.50,-1550.50,-118.0228,-100.0899
20024116,-286.50,-264.50,-113.5421,-94.4728
20028022,-149.50,1039.50,-98.0285,-102.6308
20031928,-115.50,511.50,-88.0005,-115.7436
20035834,-258.50,-1048.50,-85.6292,-125.3802
20039740,-367.50,-1626.50,-83.6668,-116.7622
20043646,-280.50,-457.50,-74.5544,-97.7269
20047552,-137.50,951.50,-60.1977,-91.4287
20051458,-79.50,699.50,-51.7141,-94.0151
20055364,-205.50,-829.50,-48.0724,-88.6940
20059270,-351.50,-1625.50,-47.4151,-67.5912
20063176,-314.50,-624.50,-51.3376,-47.4668
20067082,-139.50,891.50,-51.8285,-42.2039
20070988,-68.50,859.50,-44.0977,-44.1755
20074894,-171.50,-601.50,-34.0901,-41.0034
20078800,-308.50,-1594.50,-25.3123,-23.3076
20082706,-306.50,-778.50,-20.0588,-4.5308
20086612,-160.50,752.50,-22.1719,-5.8553
20090518,-76.50,991.50,-28.9780,-19.8642
20094424,-154.50,-384.50,-32.1639,-19.7517
20098330,-320.50,-1577.50,-30.1058,-4.1465
20102236,-337.50,-972.50,-30.7565,2.2428
20106142,-192.50,594.50,-35.1183,-8.8996
20110048,-88.50,1089.50,-38.2603,-18.8350
20113954,-154.50,-228.50,-38.6132,-16.2724
20117860,-320.50,-1552.50,-37.4534,-16.1711
20121766,-348.50,-1168.50,-36.7963,-24.2194
20125672,-220.50,401.50,-36.2599,-34.8912
20129578,-109.50,1123.50,-38.4019,-37.4067
20133484,-150.50,-38.50,-42.5399,-26.9496
20137390,-302.50,-1467.50,-41.4214,-19.6895
20141296,-408.50,-1288.50,-43.6383,-16.1332
20145202,-260.50,211.50,-54.7309,-16.2733
20149108,-128.50,1141.50,-58.8633,-21.2684
20153014,-138.50,162.50,-52.0600,-17.9590
20156920,-303.50,-1348.50,-43.2535,-11.3169
20160826,-388.50,-1416.50,-39.9493,-6.5830
20164732,-272.50,20.50,-40.2937,-7.6633
20168638,-128.50,1131.50,-37.7338,-12.8823
20172544,-137.50,336.50,-35.7346,-11.9658
20176450,-277.50,-1205.50,-35.0898,-8.7462
20180356,-365.50,-1514.50,-29.7901,-2.0142
20184262,-288.50,-178.50,-22.1872,0.3494
20188168,-145.50,1091.50,-21.1319,-3.9096
20192074,-125.50,503.50,-26.4625,-4.9458
20195980,-250.50,-1066.50,-27.9114,-7.8214
20199886,-366.50,-1585.50,-21.5504,-5.9342
20203792,-297.50,-382.50,-13.8121,-0.9343
20207698,-117.50,977.50,-4.8284,-7.0074
20211604,-79.50,650.50,6.6537,-18.2886
20215510,-207.50,-910.50,13.8226,-23.2689
20219416,-360.50,-1628.50,11.4676,-14.7661
20223322,-321.50,-575.50,1.2537,-0.2795
20227228,-158.50,899.50,-7.1251,5.4563
20231134,-88.50,789.50,-6.9909,1.3745
20235040,-207.50,-701.50,-2.9063,-2.6037
20238946,-367.50,-1624.50,-3.5594,6.9067
20242852,-330.50,-757.50,-7.3910,21.5181
20246758,-153.50,763.50,-1.8646,20.6400
20250664,-42.50,939.50,16.5351,12.4942
20254570,-168.50,-468.50,32.6585,20.0795
20258476,-355.50,-1604.50,27.1750,38.2136
20262382,-411.50,-964.50,-2.7679,38.8311
20266288,-267.50,583.50,-40.6276,13.3927
20270194,-143.50,1006.50,-61.9393,-10.2345
20274100,-219.50,-312.50,-59.8483,-7.7437
20278006,-386.50,-1604.50,-50.4945,3.7156
20281912,-394.50,-1152.50,-42.2205,2.3386
20285818,-253.50,421.50,-31.8311,-8.3218
20289724,-141.50,1051.50,-25.4209,-13.9340
20293630,-168.50,-127.50,-22.9317,-7.8525
20297536,-319.50,-1536.50,-12.6709,-1.0695
20301442,-367.50,-1280.50,2.9037,2.0718
20305348,-251.50,256.50,12.0334,5.7882
20309254,-98.50,1117.50,14.1317,12.9064
20313160,-111.50,79.50,19.9033,23.5757
20317066,-270.50,-1416.50,31.8161,25.5379
20320972,-338.50,-1403.50,42.3594,21.3747
20324878,-234.50,79.50,47.9809,21.2370
20328784,-84.50,1120.50,48.7062,26.4028
20332690,-117.50,272.50,43.0530,33.9393
20336596,-257.50,-1248.50,34.1606,38.7871
20340502,-346.50,-1486.50,32.7320,46.2234
20344408,-264.50,-131.50,37.5054,46.2083
20348314,-125.50,1072.50,36.1780,33.7270
20352220,-114.50,432.50,26.9305,23.9390
20356126,-252.50,-1137.50,19.5272,18.2437
20360032,-362.50,-1583.50,20.1080,19.8403
20363938,-310.50,-338.50,21.7246,24.8753
20367844,-145.50,987.50,18.6277,21.6524
20371750,-110.50,591.50,15.4913,15.3309
20375656,-216.50,-959.50,19.0794,15.5914
20379562,-319.50,-1605.50,34.4772,30.1689
20383468,-285.50,-512.50,52.8951,48.6418
20387374,-112.50,964.50,62.0442,59.1153
20391280,-68.50,767.50,62.9623,64.4536
20395186,-168.50,-738.50,61.0978,64.2804
20399092,-310.50,-1596.50,62.3233,70.2597
20402998,-304.50,-671.50,62.4486,82.4559
20406904,-149.50,850.50,56.0484,85.7646
20410810,-70.50,918.50,49.2198,82.4758
20414716,-161.50,-530.50,47.4007,80.6361
20418622,-308.50,-1567.50,50.5637,87.6825
20422528,-330.50,-846.50,51.1685,97.8784
20426434,-176.50,699.50,45.1057,93.8413
20430340,-93.50,1055.50,37.2049,86.6623
20434246,-161.50,-322.50,31.2582,92.7981
20438152,-298.50,-1524.50,33.6681,101.6751
20442058,-314.50,-1040.50,45.4382,99.9795
20445964,-149.50,511.50,61.3806,79.3021
20449870,-44.50,1116.50,75.6771,62.4365
20453776,-108.50,-137.50,79.4729,70.8111
20457682,-271.50,-1502.50,73.6246,78.2080
20461588,-333.50,-1201.50,63.8643,71.5912
20465494,-201.50,337.50,54.1845,59.5936
20469400,-62.50,1107.50,51.3996,49.0825
20473306,-104.50,22.50,54.6258,44.7094
20477212,-255.50,-1446.50,57.6595,38.6939
20481118,-333.50,-1357.50,58.0429,32.7965
20485024,-236.50,125.50,52.7624,30.2538
20488930,-76.50,1104.50,46.1648,28.7189
20492836,-110.50,192.50,43.6170,29.0140
20496742,-265.50,-1341.50,39.5249,23.6797
20500648,-367.50,-1470.50,31.7613,20.5578
20504554,-258.50,-63.50,26.3490,26.7757
20508460,-84.50,1065.50,31.6672,30.0617
20512366,-82.50,381.50,44.3348,28.2592
20516272,-246.50,-1182.50,48.5335,26.7135
20520178,-356.50,-1580.50,40.9474,26.6067
20524084,-292.50,-283.50,30.5968,22.5670
20527990,-132.50,1019.50,22.9125,18.5543
20531896,-60.50,598.50,26.2813,30.7737
20535802,-172.50,-984.50,47.1874,54.4445
20539708,-348.50,-1631.50,63.9279,63.1969
20543614,-333.50,-484.50,49.6901,46.5890
20547520,-177.50,905.50,17.3397,21.3464
20551426,-111.50,665.50,-3.2784,2.9355
20555332,-214.50,-858.50,-2.7027,-2.9434
20559238,-303.50,-1631.50,17.8757,12.1137
20563144,-236.50,-651.50,55.6889,38.2661
20567050,-100.50,881.50,90.0818,58.0627
20570956,-22.50,858.50,99.8374,69.6727
20574862,-128.50,-591.50,92.9858,75.0689
20578768,-282.50,-1573.50,84.4018,86.4202
20582674,-276.50,-765.50,78.2987,105.0980
20586580,-137.50,779.50,73.9898,115.5215
20590486,-36.50,1040.50,69.6838,118.8983
20594392,-111.50,-367.50,68.7485,121.9227
20598298,-270.50,-1520.50,71.6094,123.4407
20602204,-316.50,-981.50,68.4496,116.6423
20606110,-157.50,576.50,59.1884,92.2827
20610016,-58.50,1079.50,53.4281,70.2320
20613922,-97.50,-207.50,53.5342,68.7694
20617828,-252.50,-1509.50,60.2133,73.1376
20621734,-285.50,-1163.50,69.9789,71.3728
20625640,-213.50,405.50,67.9400,61.6549
20629546,-106.50,1149.50,43.8547,61.5764
20633452,-147.50,-20.50,14.2907,73.4827
20637358,-310.50,-1435.50,-1.8786,72.4449
20641266,-352.50,-1279.50,-3.1784,66.2428
20645172,-224.50,231.50,8.7211,65.7887
20649078,-35.50,1177.50,32.8931,71.9254
20652984,-124.50,192.50,50.6254,83.3475
20656890,-248.50,-1295.50,44.3337,85.2674
20660796,-263.50,-1300.50,45.9983,97.2598
20664702,-222.50,48.50,65.8036,116.0778
20668608,-193.50,1001.50,49.0291,82.1181
20672514,-207.50,231.50,-14.7674,-0.6122
20676420,-415.50,-1355.50,-80.3895,-71.2460
20680326,-553.50,-1711.50,-132.3373,-112.5767
20684232,-559.50,-465.50,-183.0901,-154.4488
20688138,-466.50,686.50,-240.5682,-218.2284
20692044,-512.50,129.50,-301.2897,-285.1803
20695950,-706.50,-1497.50,-360.5187,-334.9159
20699856,-826.50,-2047.50,-408.5591,-369.4358
20703762,-783.50,-929.50,-432.3402,-402.6267
20707668,-578.50,371.50,-426.8729,-449.6953
20711574,-559.50,87.50,-402.0396,-491.1942
20715480,-723.50,-1498.50,-390.5493,-505.6453
20719386,-833.50,-2047.50,-399.4178,-474.6034
20723292,-810.50,-1229.50,-405.4555,-427.9737
20727198,-591.50,251.50,-393.2817,-441.9294
20731104,-512.50,180.50,-358.7325,-480.0906
20735010,-594.50,-1273.50,-317.3439,-479.4014
20738916,-731.50,-2047.50,-285.4954,-425.5181
20742822,-708.50,-1345.50,-266.2313,-357.7129
20746728,-552.50,191.50,-255.2596,-348.8611
20750634,-450.50,341.50,-244.2052,-372.1842
20754540,-521.50,-1011.50,-226.9973,-372.0130
20758446,-655.50,-2047.50,-204.1511,-336.2535
20762352,-642.50,-1478.50,-180.4415,-296.3164
20766258,-456.50,134.50,-153.4307,-283.9167
20770164,-399.50,545.50,-131.5322,-268.4010
20774070,-424.50,-703.50,-123.1545,-232.8137
20777976,-546.50,-1921.50,-107.2037,-191.8684
20781882,-548.50,-1489.50,-75.6201,-158.3105
20785788,-367.50,105.50,-38.4262,-134.8316
20789694,-266.50,725.50,-6.0040,-109.1476
20793600,-319.50,-390.50,7.5666,-80.1891
20797506,-470.50,-1744.50,7.2272,-53.6382
20801412,-481.50,-1536.50,12.3195,-34.4547
20805318,-349.50,-2.50,30.3822,-24.7943
20809224,-207.50,832.50,51.3832,-13.3922
20813130,-222.50,-124.50,68.4637,6.7686
20817036,-369.50,-1588.50,82.9136,26.6129
20820942,-446.50,-1586.50,90.7686,39.3963
20824848,-338.50,-143.50,90.2281,45.9655
20828754,-178.50,871.50,90.4962,49.5785
20832660,-188.50,100.50,97.5239,58.3021
20836566,-365.50,-1455.50,100.0726,65.7903
20840472,-479.50,-1737.50,86.6081,53.5215
20844378,-421.50,-383.50,60.7841,26.2401
20848284,-273.50,768.50,35.1797,4.9226
20852190,-286.50,147.50,17.2544,-10.1497
20856096,-531.50,-1471.50,-12.0072,-38.5676
20860002,-700.50,-1968.50,-70.9451,-83.4585
20863908,-702.50,-809.50,-143.5837,-134.1541
20867814,-682.50,379.50,-224.2611,-198.8106
20871720,-697.50,7.50,-314.5200,-270.5944
20875626,-855.50,-1627.50,-385.4671,-328.1474
20879532,-1056.50,-2047.50,-429.4693,-329.1891
20883438,-1112.50,-1352.50,-479.3211,-308.0250
20887344,-1066.50,-68.50,-554.8860,-397.2805
20891250,-1039.50,-266.50,-635.6616,-556.3739
20895156,-1152.50,-1814.50,-683.4418,-664.4840
20899062,-1237.50,-2047.50,-680.4712,-606.6956
20902968,-1273.50,-1609.50,-652.8842,-424.5797
20906874,-1068.50,-176.50,-630.7354,-386.4945
20910780,-991.50,-125.50,-606.3313,-487.0292
20914686,-1065.50,-1552.50,-577.0327,-559.9846
20918592,-1179.50,-2047.50,-547.1708,-499.2700
20922498,-1138.50,-1705.50,-509.5903,-337.8189
20926404,-975.50,-258.50,-465.6256,-298.5996
20930310,-847.50,83.50,-423.1077,-369.3339
20934216,-930.50,-1256.50,-389.6489,-408.7590
20938122,-1049.50,-2047.50,-366.3289,-361.1468
20942028,-1033.50,-1789.50,-339.9060,-252.2309
20945934,-880.50,-274.50,-303.9753,-213.5836
20949840,-751.50,259.50,-268.7871,-234.3836
20953746,-821.50,-923.50,-245.0428,-238.8360
20957652,-926.50,-2047.50,-228.2659,-215.8524
20961558,-889.50,-1882.50,-193.5187,-176.6466
20965464,-719.50,-345.50,-132.6509,-159.4046
20969370,-624.50,383.50,-79.2541,-143.8521
20973276,-680.50,-624.50,-63.8387,-115.6558
20977182,-818.50,-2044.50,-71.5558,-110.1626
20981088,-842.50,-1930.50,-69.3342,-122.6462
20984994,-719.50,-450.50,-48.5780,-109.8033
20988900,-512.50,471.50,-13.0074,-61.6451
20992806,-472.50,-319.50,41.1016,-7.5466
20996712,-638.50,-1777.50,93.9954,26.6685
21000618,-760.50,-1961.50,109.1472,28.7490
21004524,-627.50,-570.50,96.3455,18.7718
21008430,-462.50,550.50,96.1677,37.5536
21012336,-415.50,-54.50,119.6898,86.4302
21016242,-585.50,-1615.50,146.3276,116.1201
21020148,-708.50,-2034.50,151.1154,92.1767
21024054,-581.50,-756.50,145.3952,51.8540
21027960,-370.50,511.50,164.1489,53.8176
21031866,-419.50,113.50,190.0076,97.8780
21035772,-609.50,-1483.50,175.5963,124.2095
21039678,-741.50,-2047.50,130.7338,102.5710
21043584,-692.50,-998.50,95.3519,66.5078
21047490,-512.50,383.50,83.8223,48.1002
21051396,-442.50,239.50,94.2471,67.7989
21055302,-549.50,-1292.50,117.3101,103.1299
21059208,-616.50,-2047.50,150.1068,112.6062
21063114,-528.50,-1087.50,197.1759,112.9354
21067020,-300.50,427.50,254.0749,139.1447
21070926,-186.50,511.50,311.9611,200.4733
21074832,-222.50,-870.50,368.4283,271.2325
21078738,-290.50,-1822.50,430.1160,318.3496
21082644,-242.50,-970.50,492.0597,352.0026
21086550,-74.50,612.50,534.3416,408.5780
21090456,90.50,978.50,562.0090,500.2572
21094362,96.50,-359.50,606.7642,590.8228
21098268,-47.50,-1512.50,666.2059,627.4622
21102174,-49.50,-955.50,703.3480,612.1533
21106080,78.50,621.50,706.0393,597.3101
21109986,189.50,1251.50,689.2764,637.0823
21113892,160.50,-63.50,677.3607,704.6395
21117798,16.50,-1355.50,683.2734,714.1707
21121704,-16.50,-1033.50,693.2839,670.1402
21125610,25.50,479.50,679.0161,628.2420
21129516,79.50,1214.50,622.3594,616.8373
21133422,-52.50,6.50,536.7562,609.9884
21137328,-323.50,-1510.50,437.6850,542.0706
21141234,-430.50,-1441.50,336.5113,425.3584
21145140,-337.50,19.50,259.6116,331.3765
21149046,-228.50,867.50,216.4722,285.1274
21152952,-238.50,-42.50,197.2950,264.3277
21156858,-397.50,-1542.50,194.1567,245.2642
21160764,-554.50,-1625.50,182.6804,227.6481
21164670,-512.50,-188.50,139.4591,227.6861
21168576,-367.50,842.50,85.3479,241.5664
21172482,-322.50,135.50,61.7527,246.2598
21176388,-421.50,-1348.50,81.8314,244.1650
21180294,-558.50,-1697.50,113.9371,245.5989
21184200,-481.50,-379.50,122.5611,245.0513
21188106,-370.50,816.50,107.3377,244.0614
21192012,-358.50,304.50,80.3885,240.5285
21195918,-405.50,-1190.50,70.5938,235.4935
21199824,-480.50,-1725.50,103.1104,240.4325
21203730,-429.50,-534.50,149.5600,253.2046
21207636,-316.50,767.50,166.8669,261.9029
21211542,-286.50,502.50,149.6177,259.9493
21215448,-383.50,-1052.50,126.3354,246.8182
21219354,-542.50,-1829.50,113.9806,218.8101
21223260,-457.50,-847.50,112.3480,181.0887
21227166,-274.50,609.50,131.5339,155.8771
21231072,-219.50,591.50,159.9074,160.7039
21234978,-354.50,-864.50,166.3252,183.6193
21238884,-462.50,-1784.50,154.4088,201.6017
21242790,-444.50,-969.50,150.2579,207.4359
21246696,-285.50,496.50,158.0442,198.5665
21250602,-216.50,690.50,164.7281,182.8423
21254508,-298.50,-726.50,163.3715,168.5239
21258414,-440.50,-1752.50,159.3446,163.0822
21262320,-367.50,-1057.50,170.7491,189.8109
21266226,-115.50,532.50,221.6301,247.7575
21270132,-12.50,1055.50,295.4416,323.5919
21274038,-58.50,-252.50,345.5461,393.6044
21277944,-112.50,-1442.50,378.7632,426.0228
21281850,-98.50,-976.50,424.6888,442.7175
21285756,102.50,611.50,478.0872,473.5286
21289662,294.50,1552.50,534.2158,561.4666
21293568,299.50,301.50,594.2698,692.3270
21297474,214.50,-990.50,651.6474,761.3322
21301380,214.50,-748.50,702.1366,775.3354
21305286,437.50,838.50,752.8725,800.8056
21309192,677.50,2047.50,821.0975,899.5149
21313098,679.50,839.50,897.1769,1036.1877
21317004,541.50,-587.50,945.9021,1065.9701
21320910,511.50,-575.50,962.4058,1022.4910
21324816,673.50,905.50,974.0170,1007.2425
21328722,816.50,2047.50,989.4677,1032.5461
21332628,804.50,1196.50,992.4519,1070.4615
21336534,667.50,-308.50,981.1186,1073.8794
21340440,590.50,-580.50,968.6422,1051.1354
21344346,721.50,787.50,964.5505,1027.6893
21348252,897.50,2047.50,971.7696,1019.6764
21352158,880.50,1453.50,974.8258,1030.0505
21356064,688.50,-191.50,950.4494,1015.6151
21359970,541.50,-687.50,897.8827,960.5381
21363876,595.50,543.50,838.1329,903.7531
21367782,727.50,2047.50,787.7582,897.9883
21371688,750.50,1637.50,749.0004,942.3547
21375594,592.50,-123.50,717.6581,931.4086
21379500,435.50,-831.50,684.7500,828.0770
21383406,454.50,241.50,643.5882,726.9044
21387312,590.50,2047.50,598.2017,735.9451
21391218,639.50,1803.50,558.8592,845.8242
21395124,534.50,30.50,535.3892,870.1947
21399030,369.50,-847.50,522.7335,756.0676
21402936,420.50,63.50,510.0833,649.8784
21406842,563.50,2029.50,498.2351,677.1715
21410748,666.50,2047.50,489.5842,823.8982
21414654,560.50,235.50,485.3418,868.2434
21418560,373.50,-796.50,474.4909,737.2221
21422466,364.50,-98.50,446.5761,611.2386
21426372,490.50,1709.50,410.9483,591.9046
21430278,580.50,2047.50,377.8474,653.2509
21434184,458.50,382.50,347.3088,663.3864
21438090,299.50,-808.50,317.3999,568.1800
21441996,266.50,-332.50,292.3116,481.1508
21445902,407.50,1328.50,273.5725,445.9651
21449808,467.50,2047.50,250.4839,457.9040
21453714,391.50,534.50,215.8594,471.3137
21457620,219.50,-787.50,182.1770,423.3167
21461526,144.50,-542.50,154.9088,369.1360
21465432,274.50,1003.50,129.1179,327.9255
21469338,391.50,2047.50,108.3947,314.7391
21473244,334.50,691.50,91.8597,333.2368
21477150,160.50,-754.50,74.5606,306.3592
21481056,83.50,-724.50,55.8893,262.2988
21484962,190.50,706.50,37.5067,219.7041
21488868,314.50,2047.50,19.6443,203.3224
21492774,298.50,815.50,3.8100,229.3796
21496680,142.50,-690.50,-5.3124,203.4931
21500586,51.50,-911.50,-9.8956,153.3939
21504492,118.50,457.50,-20.5364,113.7194
21508398,275.50,2047.50,-38.5553,118.4094
21512304,261.50,943.50,-54.7200,166.4611
21516210,82.50,-633.50,-71.7143,127.1996
21520116,-50.50,-1098.50,-97.0926,44.0360
21524022,9.50,165.50,-126.5639,-12.5322
21527928,144.50,1670.50,-153.3699,-46.7541
21531834,150.50,989.50,-176.9546,-61.8054
21535740,16.50,-591.50,-194.7812,-99.2858
21539646,-110.50,-1245.50,-202.7714,-125.0510
21543552,-80.50,-121.50,-209.4089,-132.8088
21547458,45.50,1363.50,-227.1343,-164.8451
21551364,83.50,1079.50,-252.8685,-208.0323
21555270,-25.50,-474.50,-269.7660,-232.9439
21559176,-175.50,-1332.50,-272.6315,-219.6610
21563082,-153.50,-387.50,-274.8192,-205.0026
21566988,-0.50,1123.50,-281.8759,-239.6067
21570894,73.50,1131.50,-287.2798,-301.0064
21574800,-51.50,-366.50,-290.7583,-332.6701
21578706,-207.50,-1406.50,-297.8753,-314.6191
21582612,-204.50,-637.50,-307.7088,-288.6001
21586518,-67.50,878.50,-317.1257,-312.8355
21590424,42.50,1259.50,-322.1968,-360.1408
21594330,-57.50,-191.50,-320.0571,-361.7170
21598236,-216.50,-1373.50,-318.0000,-324.6138
21602142,-223.50,-823.50,-318.5228,-293.8566
21606048,-110.50,707.50,-321.7555,-313.0544
21609954,-1.50,1321.50,-331.3757,-360.0743
21613860,-81.50,-45.50,-341.7407,-374.5423
21617766,-239.50,-1343.50,-347.5911,-359.1564
21621672,-272.50,-997.50,-348.2926,-331.6287
21625578,-134.50,511.50,-343.6445,-333.2975
21629484,-14.50,1389.50,-337.5955,-360.2281
21633390,-85.50,150.50,-338.1438,-361.8919
21637296,-220.50,-1264.50,-342.5483,-350.6428
21641202,-303.50,-1161.50,-343.3048,-335.6828
21645108,-189.50,301.50,-346.1278,-343.4028
21649014,-47.50,1331.50,-350.3729,-379.0502
21652920,-63.50,302.50,-347.7293,-398.4720
21656826,-209.50,-1182.50,-338.0473,-395.3433
21660732,-302.50,-1289.50,-329.1067,-368.3357
21664638,-208.50,110.50,-328.4950,-351.2655
21668544,-64.50,1302.50,-333.1795,-367.0722
21672450,-93.50,491.50,-340.6745,-383.4984
21676356,-213.50,-985.50,-346.5656,-375.1507
21680262,-303.50,-1364.50,-339.7044,-333.1073
21684168,-264.50,-94.50,-332.1658,-313.9912
21688074,-118.50,1152.50,-341.0755,-358.6658
21691980,-94.50,588.50,-353.8672,-423.3307
21695886,-238.50,-956.50,-357.8500,-454.5242
21699792,-356.50,-1540.50,-357.1997,-436.1036
21703698,-299.50,-326.50,-356.1079,-407.7019
21707604,-129.50,1069.50,-351.9883,-403.5086
21711510,-86.50,755.50,-343.0934,-418.0919
21715416,-234.50,-773.50,-338.3640,-424.9656
21719322,-354.50,-1564.50,-341.3374,-403.7153
21723228,-329.50,-531.50,-344.2614,-380.3730
21727134,-186.50,912.50,-347.5314,-390.2992
21731040,-92.50,866.50,-347.5724,-424.7947
21734946,-191.50,-574.50,-335.0192,-433.2203
21738852,-335.50,-1549.50,-317.7181,-392.9614
21742758,-320.50,-713.50,-307.6075,-351.2448
21746664,-171.50,782.50,-304.0903,-355.9501
21750570,-79.50,1006.50,-301.6770,-390.5348
21754476,-176.50,-392.50,-298.1832,-400.9021
21758382,-317.50,-1536.50,-293.7955,-374.1856
21762288,-333.50,-924.50,-289.0582,-348.8244
21766194,-178.50,592.50,-284.2728,-363.5835
21770100,-63.50,1098.50,-276.1913,-396.6087
21774006,-145.50,-218.50,-266.9761,-396.8443
21777912,-312.50,-1494.50,-264.9531,-369.1349
21781818,-329.50,-1091.50,-266.7857,-344.1690
21785724,-184.50,448.50,-261.4601,-346.0273
21789630,-66.50,1164.50,-250.6190,-362.5454
21793536,-120.50,-63.50,-243.3111,-367.6887
21797442,-271.50,-1444.50,-239.5532,-367.3175
21801348,-305.50,-1256.50,-232.1512,-358.5024
21805254,-196.50,223.50,-221.8458,-358.4211
21809160,-78.50,1122.50,-219.5645,-378.9941
21813066,-120.50,92.50,-227.6797,-394.6531
21816972,-272.50,-1373.50,-236.3467,-395.0070
21820878,-362.50,-1396.50,-241.0632,-375.3808
21824784,-254.50,31.50,-244.4520,-357.2460
21828690,-140.50,1104.50,-249.8377,-361.9279
21832596,-152.50,281.50,-259.5178,-372.2279
21836502,-290.50,-1225.50,-265.3053,-369.7321
21840408,-393.50,-1517.50,-262.6807,-349.7644
21844314,-289.50,-185.50,-256.6447,-340.5946
21848220,-143.50,1049.50,-248.3150,-353.9523
21852126,-128.50,441.50,-240.9669,-366.2864
21856032,-256.50,-1094.50,-234.5919,-364.5562
21859938,-376.50,-1594.50,-227.8693,-344.0749
21863844,-305.50,-369.50,-224.2920,-325.0482
21867750,-142.50,960.50,-220.6216,-328.3515
21871656,-102.50,607.50,-213.0453,-342.2312
21875562,-249.50,-942.50,-207.8737,-345.4605
21879468,-396.50,-1657.50,-213.4047,-331.9357
21883374,-334.50,-575.50,-222.8864,-317.5378
21887280,-168.50,847.50,-221.3666,-318.7583
21891186,-112.50,710.50,-210.8715,-335.2663
21895092,-229.50,-761.50,-202.5781,-343.0131
21898998,-367.50,-1664.50,-198.5193,-322.3514
21902904,-340.50,-748.50,-195.4588,-292.0806
21906810,-191.50,746.50,-192.5476,-279.7028
21910716,-92.50,871.50,-187.6282,-285.9443
21914622,-207.50,-545.50,-180.3410,-286.7506
21918528,-354.50,-1638.50,-176.7830,-271.0567
21922434,-379.50,-943.50,-180.7277,-256.9056
21926340,-239.50,559.50,-191.3641,-266.4402
21930246,-130.50,933.50,-199.6252,-292.6924
21934152,-236.50,-381.50,-201.9121,-301.0931
21938058,-399.50,-1629.50,-206.9657,-285.8898
21941964,-410.50,-1153.50,-211.5560,-272.2848
21945870,-286.50,392.50,-210.4999,-276.2894
21949776,-142.50,1018.50,-205.1923,-283.1416
21953682,-173.50,-187.50,-188.7460,-272.5384
21957588,-330.50,-1546.50,-164.1696,-254.5789
21961494,-378.50,-1278.50,-147.2772,-239.9442
21965400,-252.50,246.50,-141.8208,-234.1603
21969306,-129.50,1083.50,-142.4998,-231.9041
21973212,-170.50,30.50,-145.8249,-220.4861
21977118,-303.50,-1423.50,-144.2773,-208.1760
21981024,-400.50,-1372.50,-138.2346,-195.5803
21984930,-284.50,74.50,-137.9957,-187.8005
21988836,-128.50,1097.50,-137.9873,-189.7727
21992742,-118.50,202.50,-127.0920,-191.9384
21996648,-265.50,-1293.50,-108.6637,-193.2775
22000554,-365.50,-1502.50,-95.4038,-186.9479
22004460,-258.50,-149.50,-90.5920,-185.6381
22008366,-94.50,1040.50,-84.1071,-196.0996
22012272,-79.50,395.50,-73.2313,-195.8747
22016178,-208.50,-1133.50,-61.5175,-180.4007
22020084,-305.50,-1572.50,-48.4324,-159.0242
22023990,-241.50,-320.50,-37.6744,-150.5136
22027896,-96.50,1007.50,-36.3865,-155.0870
22031802,-62.50,579.50,-42.2763,-153.4080
22035708,-194.50,-951.50,-46.5378,-142.1541
22039614,-341.50,-1593.50,-50.0381,-123.2274
22043520,-305.50,-485.50,-59.7139,-110.0942
22047426,-156.50,931.50,-72.8311,-112.2710
22051332,-127.50,720.50,-86.2890,-121.0092
22055238,-229.50,-780.50,-97.1307,-125.7752
22059144,-367.50,-1631.50,-97.7565,-118.6009
22063050,-337.50,-688.50,-91.3692,-110.1458
22066956,-189.50,795.50,-86.5347,-113.5721
22070862,-111.50,842.50,-85.2412,-122.3337
22074768,-207.50,-580.50,-83.8353,-119.8422
22078674,-335.50,-1597.50,-76.7857,-98.8547
22082580,-319.50,-869.50,-63.0588,-80.6982
22086486,-154.50,638.50,-46.2608,-90.3525
22090392,-79.50,974.50,-34.8972,-107.7733
22094298,-170.50,-369.50,-36.4785,-98.4211
22098204,-320.50,-1586.50,-44.1169,-77.1020
22102110,-340.50,-1055.50,-47.8485,-74.3509
22106016,-192.50,464.50,-46.3886,-94.4377
22109922,-84.50,1023.50,-42.1195,-114.4389
22113828,-142.50,-204.50,-37.9007,-109.3018
22117734,-303.50,-1538.50,-34.8717,-92.4100
22121640,-335.50,-1199.50,-32.6253,-81.8318
22125546,-221.50,341.50,-31.8478,-76.8184
22129452,-95.50,1118.50,-34.5415,-67.3821
22133358,-127.50,14.50,-35.9273,-50.4932
22137266,-285.50,-1428.50,-32.0432,-44.6396
22141172,-355.50,-1310.50,-29.1788,-47.5193
22145078,-259.50,148.50,-33.5532,-51.1995
22148984,-96.50,1134.50,-38.6074,-52.4916
22152890,-100.50,208.50,-31.7078,-42.1928
22156796,-277.50,-1299.50,-21.0288,-34.5945
22160702,-357.50,-1424.50,-20.9441,-33.6661
22164608,-278.50,-50.50,-27.9731,-38.4788
22168514,-128.50,1102.50,-35.6926,-46.6055
22172420,-129.50,356.50,-40.7252,-47.4783
22176326,-265.50,-1155.50,-40.7790,-46.3651
22180232,-384.50,-1509.50,-39.0795,-37.0972
22184138,-305.50,-225.50,-40.4287,-26.3087
22188044,-144.50,1061.50,-41.1568,-23.9172
22191950,-109.50,534.50,-36.4214,-24.3376
22195856,-235.50,-1000.50,-27.6961,-29.3596
22199762,-380.50,-1589.50,-22.8788,-30.4328
22203668,-316.50,-426.50,-26.4746,-28.5814
22207574,-138.50,955.50,-26.2599,-30.2865
22211480,-105.50,674.50,-19.1794,-34.3071
22215386,-218.50,-829.50,-15.4806,-37.1353
22219292,-354.50,-1626.50,-14.0669,-30.9772
22223198,-340.50,-655.50,-15.3277,-29.5735
22227104,-174.50,835.50,-20.4748,-39.6710
22231010,-111.50,795.50,-23.6891,-46.0831
22234916,-236.50,-655.50,-27.9820,-43.6922
22238822,-341.50,-1628.50,-29.4835,-32.2986
22242728,-271.50,-837.50,-8.3632,-24.1669
22246634,-177.50,663.50,20.7557,-35.4792
22250540,-108.50,900.50,19.9466,-52.5461
22254446,-210.50,-476.50,-4.3001,-52.2288
22258352,-362.50,-1628.50,-24.3015,-40.0830
22262258,-383.50,-1013.50,-33.9291,-32.5980
22266164,-254.50,509.50,-40.2509,-37.1187
22270070,-143.50,987.50,-45.7516,-45.3033
22273976,-207.50,-297.50,-45.4602,-43.0963
22277882,-344.50,-1595.50,-37.2679,-39.9084
22281788,-371.50,-1199.50,-24.5421,-43.4187
22285694,-268.50,333.50,-18.4877,-50.0362
22289600,-132.50,1017.50,-22.5883,-54.2448
22293506,-207.50,-111.50,-28.8980,-49.4339
22297412,-352.50,-1516.50,-35.1911,-43.4423
22301318,-398.50,-1313.50,-36.4424,-36.1476
22305224,-286.50,163.50,-31.4423,-28.0736
22309130,-124.50,1065.50,-22.8643,-24.8078
22313036,-150.50,106.50,-9.2849,-17.4537
22316942,-312.50,-1392.50,0.5415,-11.6927
22320848,-382.50,-1421.50,1.2695,-9.2204
22324754,-289.50,7.50,-1.1799,-2.5707
22328660,-136.50,1078.50,-2.3573,5.1728
22332566,-143.50,305.50,-0.4575,12.7471
22336472,-277.50,-1220.50,4.3281,17.1582
22340378,-358.50,-1517.50,13.0769,19.4938
22344284,-266.50,-201.50,25.2084,15.2719
22348190,-105.50,1058.50,37.2077,11.2231
22352096,-111.50,480.50,42.5582,19.5565
22356002,-270.50,-1066.50,33.7037,26.2386
22359908,-382.50,-1575.50,17.1111,28.5248
22363814,-310.50,-378.50,7.7483,29.1693
22367720,-159.50,980.50,8.3509,27.3036
22371626,-126.50,624.50,10.4124,25.7096
22375532,-233.50,-914.50,12.9930,19.7476
22379438,-346.50,-1638.50,22.3614,14.7060
22383344,-319.50,-595.50,31.8257,12.2846
22387250,-144.50,855.50,35.1802,8.5490
22391156,-63.50,731.50,42.8664,3.5733
22395062,-184.50,-729.50,55.3770,0.5520
22398968,-346.50,-1642.50,57.2186,9.4676
22402874,-352.50,-781.50,41.8238,20.5627
22406780,-192.50,736.50,21.8738,20.5536
22410686,-93.50,891.50,15.6673,20.4601
22414592,-188.50,-515.50,23.7493,29.5814
22418498,-328.50,-1608.50,34.1462,41.6811
22422404,-316.50,-948.50,43.8205,45.3459
22426310,-166.50,583.50,54.2540,35.0059
22430216,-53.50,996.50,63.6646,26.6652
22434122,-132.50,-312.50,70.4594,36.3025
22438028,-289.50,-1571.50,72.6440,47.9711
22441934,-297.50,-1105.50,73.8791,47.8544
22445840,-150.50,448.50,81.1123,42.9131
22449746,-28.50,1078.50,91.5056,45.9276
22453652,-98.50,-103.50,95.9915,59.2306
22457558,-259.50,-1473.50,91.4295,67.5983
22461464,-288.50,-1227.50,87.1598,68.1784
22465370,-196.50,293.50,85.4779,66.9020
22469276,-70.50,1131.50,76.4284,69.9687
22473182,-113.50,82.50,63.1638,75.9602
22477088,-261.50,-1385.50,55.5715,69.2799
22480994,-319.50,-1350.50,56.9860,60.1822
22484900,-226.50,96.50,61.2443,59.9337
22488806,-110.50,1141.50,55.4757,66.3686
22492712,-107.50,275.50,43.1143,76.7370
22496618,-269.50,-1241.50,36.7251,76.1016
22500524,-373.50,-1455.50,31.7226,70.4779
22504430,-287.50,-85.50,22.3531,68.9122
22508336,-132.50,1109.50,15.5475,71.9372
22512242,-113.50,476.50,16.8745,81.5121
22516148,-256.50,-1075.50,22.9360,86.7962
22520054,-342.50,-1513.50,30.5510,87.9090
22523960,-271.50,-271.50,40.1274,87.1278
22527866,-94.50,1074.50,51.0808,88.1497
22531772,-25.50,686.50,68.5228,101.9182
22535678,-143.50,-866.50,93.0950,118.7656
22539584,-308.50,-1556.50,105.3567,121.9122
22543490,-278.50,-476.50,91.3217,105.1181
22547396,-141.50,943.50,64.4798,80.0889
22551302,-83.50,743.50,43.3326,60.4635
22555208,-196.50,-752.50,34.9134,47.8146
22559114,-320.50,-1621.50,38.1034,46.0682
22563020,-292.50,-730.50,46.9373,41.9795
22566926,-160.50,775.50,50.7939,25.1348
22570832,-90.50,833.50,43.2774,10.9536
22574738,-164.50,-590.50,36.3232,9.2898
22578644,-338.50,-1626.50,36.2210,19.4140
22582550,-325.50,-912.50,34.0619,27.7140
22586456,-192.50,605.50,29.9110,17.6513
22590362,-109.50,925.50,23.5805,0.5439
22594268,-165.50,-398.50,18.3558,-0.3443
22598174,-334.50,-1601.50,19.6352,13.2205
22602080,-340.50,-1095.50,22.1181,20.3923
22605986,-212.50,461.50,24.1635,12.9422
22609892,-89.50,1023.50,26.3211,8.9127
22613798,-146.50,-209.50,29.3196,17.3214
22617704,-290.50,-1552.50,34.4874,20.9242
22621610,-297.50,-1260.50,46.2467,13.1193
22625516,-185.50,300.50,63.0472,4.9667
22629422,-74.50,1081.50,68.8096,12.8326
22633328,-111.50,-4.50,61.1378,31.3789
22637234,-239.50,-1455.50,57.3289,34.9924
22641140,-298.50,-1344.50,65.3254,30.4130
22645046,-206.50,127.50,72.5857,32.4972
22648952,-79.50,1089.50,68.1148,36.8047
22652858,-97.50,186.50,57.8060,39.9307
22656764,-246.50,-1331.50,50.4216,35.5088
22660670,-364.50,-1470.50,41.3686,29.0134
22664576,-255.50,-82.50,28.6898,25.6757
22668482,-117.50,1054.50,22.7395,23.4605
22672388,-96.50,367.50,25.4902,26.7433
22676294,-241.50,-1166.50,31.2266,33.2575
22680200,-336.50,-1544.50,35.5534,41.2635
22684106,-268.50,-256.50,37.0875,45.5905
22688012,-64.50,1035.50,45.3292,47.4512
22691918,-33.50,571.50,66.5444,55.9060
22695824,-176.50,-989.50,83.3287,63.7300
22699730,-297.50,-1584.50,83.2838,65.7247
22703636,-241.50,-434.50,76.7990,64.1759
22707542,-79.50,964.50,74.6702,62.6108
22711448,-15.50,714.50,79.5238,63.3267
22715354,-128.50,-811.50,88.4397,62.3602
22719260,-239.50,-1593.50,99.1489,64.9898
22723166,-210.50,-643.50,109.9103,67.5492
22727072,-56.50,880.50,115.6463,65.3441
22730978,10.50,842.50,114.7688,66.8300
22734884,-106.50,-630.50,108.2973,64.3109
22738790,-257.50,-1615.50,97.1367,57.8196
22742696,-258.50,-827.50,84.7577,54.0038
22746602,-112.50,695.50,74.7261,46.1956
22750508,-25.50,941.50,68.3625,38.7030
22754414,-121.50,-431.50,63.0429,41.4899
22758320,-296.50,-1590.50,52.7778,49.8922
22762226,-316.50,-1025.50,36.9716,49.1186
22766132,-180.50,511.50,23.5499,31.1995
22770038,-66.50,989.50,17.8684,11.6625
22773944,-141.50,-270.50,16.9843,8.0686
22777850,-307.50,-1556.50,13.8053,15.3014
22781756,-357.50,-1198.50,5.0398,20.7406
22785662,-226.50,359.50,-4.8097,18.2787
22789568,-120.50,1063.50,-12.9355,19.0629
22793474,-175.50,-82.50,-22.6161,24.9132
22797380,-338.50,-1494.50,-33.2192,20.1607
22801286,-383.50,-1341.50,-38.1297,10.6583
22805192,-262.50,163.50,-33.8618,5.7182
22809098,-115.50,1088.50,-24.4583,10.5908
22813004,-124.50,138.50,-13.2411,27.1162
22816910,-316.50,-1369.50,-8.6184,35.8732
22820816,-394.50,-1428.50,-18.2429,34.0799
22824722,-271.50,7.50,-26.2268,34.8642
22828628,-127.50,1084.50,-21.1212,39.6829
22832534,-107.50,325.50,-10.3954,44.3620
22836440,-230.50,-1199.50,5.2892,46.0267
22840346,-311.50,-1501.50,26.6017,50.9918
22844252,-207.50,-170.50,48.4312,57.1799
22848158,-49.50,1099.50,66.2102,66.0227
22852064,-17.50,560.50,77.3023,84.0777
22855970,-178.50,-986.50,79.3331,99.5047
22859876,-306.50,-1508.50,69.8229,108.7579
22863782,-254.50,-328.50,54.2436,110.7805
22867688,-100.50,1015.50,41.3419,100.5911
22871594,-80.50,697.50,30.3513,86.1059
22875500,-222.50,-862.50,15.8875,72.4645
22879406,-362.50,-1581.50,0.0582,64.7188
22883312,-332.50,-543.50,-12.5929,66.2193
22887218,-172.50,901.50,-20.5571,67.5069
22891124,-112.50,804.50,-23.8444,60.9870
22895030,-232.50,-682.50,-26.2348,50.6581
22898936,-368.50,-1614.50,-28.5200,46.0819
22902842,-362.50,-769.50,-29.7587,43.9460
22906748,-206.50,742.50,-32.0417,35.1487
22910654,-121.50,896.50,-34.0991,24.6027
22914560,-188.50,-512.50,-29.6339,19.8965
22918466,-354.50,-1614.50,-19.5920,21.6009
22922372,-380.50,-973.50,-18.2405,21.7419
22926278,-225.50,561.50,-26.7959,10.3668
22930184,-136.50,971.50,-34.4818,-2.4376
22934090,-234.50,-367.50,-44.2744,-7.9711
22937996,-367.50,-1615.50,-53.7357,-15.3827
22941902,-448.50,-1199.50,-60.4909,-27.1203
22945808,-330.50,339.50,-77.2548,-44.9282
22949714,-241.50,963.50,-103.5263,-60.7951
22953620,-334.50,-237.50,-133.1068,-68.5819
22957526,-528.50,-1650.50,-166.3919,-85.0422
22961432,-630.50,-1474.50,-202.8353,-117.1418
22965338,-550.50,35.50,-242.3316,-154.6702
22969244,-454.50,807.50,-281.6018,-188.0407
22973150,-544.50,-169.50,-320.7277,-209.9603
22977056,-704.50,-1633.50,-356.3244,-212.8610
22980962,-795.50,-1650.50,-376.9842,-203.7793
22984868,-753.50,-269.50,-393.0727,-212.1909
22988774,-645.50,693.50,-422.4681,-252.0515
22992680,-665.50,-90.50,-454.0865,-291.5388
22996586,-816.50,-1620.50,-469.6237,-301.7422
23000492,-855.50,-1836.50,-459.5750,-289.6005
23004398,-756.50,-448.50,-426.0070,-267.9779
23008304,-590.50,705.50,-388.8657,-247.5142
23012210,-527.50,165.50,-354.8833,-228.1400
23016116,-664.50,-1391.50,-319.9925,-202.8841
23020022,-751.50,-1817.50,-291.3721,-176.8033
23023928,-618.50,-561.50,-260.8646,-153.3848
23027834,-421.50,751.50,-214.3165,-133.4161
23031740,-430.50,387.50,-174.5593,-117.9731
23035646,-531.50,-1184.50,-162.5387,-110.3339
23039552,-612.50,-1825.50,-152.2535,-108.2961
23043458,-530.50,-720.50,-122.7679,-99.2227
23047364,-335.50,716.50,-82.6475,-81.4000
23051270,-239.50,577.50,-39.8743,-61.1714
23055176,-348.50,-900.50,-1.8973,-40.2322
23059082,-461.50,-1727.50,24.1645,-12.6124
23062988,-399.50,-792.50,45.1723,20.2902
23066894,-208.50,688.50,72.1779,41.5678
23070800,-84.50,785.50,108.0990,47.0116
23074706,-156.50,-656.50,148.7066,48.1448
23078612,-311.50,-1676.50,179.1534,53.4810
23082518,-302.50,-952.50,188.8174,63.9263
23086424,-125.50,585.50,190.7005,70.6996
23090330,-5.50,933.50,201.6783,76.7111
23094236,-66.50,-418.50,221.5643,87.8545
23098142,-210.50,-1604.50,241.5388,95.8523
23102048,-208.50,-1103.50,257.0821,97.8684
23105954,-65.50,470.50,268.1828,96.7758
23109860,18.50,1066.50,267.5424,108.6743
23113766,-46.50,-162.50,252.4574,134.4546
23117672,-178.50,-1480.50,240.9384,149.7911
23121578,-195.50,-1182.50,247.6999,154.0034
23125484,-66.50,374.50,263.4977,158.3161
23129390,48.50,1198.50,270.1862,177.6071
23133296,29.50,93.50,268.0039,205.1306
23137202,-132.50,-1348.50,267.7225,207.2895
23141108,-195.50,-1275.50,266.9611,191.9261
23145014,-93.50,202.50,260.5302,180.8538
23148920,55.50,1231.50,252.3133,187.5843
23152826,26.50,300.50,246.7485,208.2845
23156732,-135.50,-1206.50,240.1069,210.1476
23160638,-228.50,-1391.50,228.8064,193.3661
23164544,-132.50,31.50,216.5830,178.3606
23168450,23.50,1209.50,209.4546,182.9369
23172356,53.50,497.50,212.8857,201.7760
23176262,-84.50,-1039.50,225.4630,206.7005
23180168,-193.50,-1449.50,235.1089,199.1823
23184074,-118.50,-148.50,233.9663,189.6017
23187980,10.50,1166.50,222.9124,189.9562
23191886,62.50,675.50,210.1760,199.8378
23195792,-76.50,-894.50,206.6158,195.8415
23199698,-186.50,-1501.50,209.3074,181.2558
23203604,-181.50,-349.50,203.2685,171.5467
23207510,27.50,1078.50,191.0691,172.7595
23211416,64.50,823.50,190.6255,180.2563
23215322,-93.50,-718.50,188.8490,176.9517
23219228,-228.50,-1511.50,171.3776,168.6018
23223134,-206.50,-543.50,152.3249,165.8934
23227040,-37.50,969.50,142.3594,165.7815
23230946,42.50,990.50,142.8905,173.1764
23234852,-66.50,-488.50,147.7521,184.0597
23238758,-209.50,-1478.50,149.6279,189.6623
23242664,-194.50,-716.50,149.3573,185.9647
23246570,-83.50,797.50,142.4881,165.6615
23250476,-28.50,1106.50,118.3067,149.2666
23254382,-114.50,-328.50,86.5914,151.7591
23258288,-266.50,-1487.50,68.0766,149.8089
23262194,-264.50,-938.50,66.5071,134.5004
23266100,-114.50,643.50,74.7169,115.3768
23270006,-17.50,1232.50,81.6242,123.9401
23273912,-114.50,-136.50,75.5837,153.8759
23277818,-245.50,-1423.50,62.9063,153.2239
23281724,-283.50,-1084.50,59.0941,130.6271
23285630,-127.50,483.50,65.3319,112.3569
23289536,-18.50,1300.50,73.5812,122.9560
23293442,-72.50,79.50,74.5560,154.5049
23297348,-207.50,-1354.50,72.1557,149.7111
23301254,-283.50,-1216.50,72.2587,118.9795
23305160,-143.50,286.50,71.6730,97.4249
23309066,-13.50,1259.50,73.0063,95.7804
23312972,-44.50,240.50,74.1685,105.5942
23316878,-198.50,-1281.50,71.5600,92.5465
23320784,-271.50,-1384.50,68.6678,64.6237
23324690,-196.50,54.50,62.7939,45.0893
23328596,-62.50,1165.50,48.7167,38.3330
23332502,-52.50,393.50,35.8759,40.1570
23336408,-216.50,-1138.50,31.6217,40.3654
23340314,-319.50,-1487.50,27.0539,41.0241
23344220,-241.50,-156.50,18.6363,35.8814
23348126,-76.50,1104.50,13.6378,26.5806
23352032,-63.50,565.50,14.7960,23.9108
23355938,-210.50,-1006.50,15.0128,22.6954
23359844,-342.50,-1577.50,7.7754,18.7268
23363750,-275.50,-354.50,-3.5432,13.0124
23367656,-125.50,1034.50,-11.3847,13.6928
23371562,-81.50,720.50,-14.4656,19.6909
23375468,-201.50,-840.50,-13.5435,18.8664
23379374,-336.50,-1611.50,-10.6661,12.7507
23383280,-296.50,-574.50,-10.6966,4.7087
23387186,-132.50,880.50,-11.8298,-7.3358
23391092,-50.50,806.50,-7.2820,-22.2507
23394998,-152.50,-687.50,4.2496,-32.3598
23398904,-317.50,-1631.50,11.7831,-29.2114
23402810,-321.50,-799.50,3.2373,-23.5562
23406716,-194.50,713.50,-18.7372,-34.2039
23410622,-112.50,919.50,-41.7035,-49.8394
23414528,-240.50,-514.50,-60.4068,-51.3339
23418434,-342.50,-1632.50,-69.0602,-44.8638
23422340,-350.50,-993.50,-59.4648,-41.5704
23426246,-201.50,539.50,-44.3330,-52.2806
23430152,-126.50,1008.50,-41.5548,-64.8558
23434058,-198.50,-319.50,-50.8330,-58.3789
23437964,-350.50,-1580.50,-59.2534,-45.9121
23441870,-378.50,-1188.50,-60.6416,-45.2426
23445776,-239.50,365.50,-58.5712,-62.9183
23449682,-126.50,1045.50,-56.1494,-78.3583
23453588,-164.50,-152.50,-52.7971,-75.1857
23457494,-330.50,-1541.50,-48.0393,-72.2211
23461400,-384.50,-1344.50,-47.4652,-74.5575
23465306,-272.50,196.50,-52.7743,-77.8049
23469212,-120.50,1117.50,-55.9193,-67.2854
23473118,-140.50,90.50,-48.8693,-39.2671
23477024,-288.50,-1396.50,-35.6049,-24.0956
23480930,-345.50,-1407.50,-23.3236,-22.9231
23484836,-236.50,58.50,-13.0860,-21.5540
23488742,-128.50,1114.50,-12.3339,-18.4465
23492648,-144.50,272.50,-25.9024,-17.0473
23496554,-288.50,-1260.50,-40.2621,-23.9718
23500460,-383.50,-1551.50,-45.4173,-33.7569
23504366,-297.50,-175.50,-46.2130,-46.0830
23508272,-138.50,1023.50,-44.8905,-57.2557
23512178,-86.50,449.50,-34.0022,-57.2074
23516084,-254.50,-1103.50,-18.1217,-45.3065
23519990,-360.50,-1597.50,-14.1599,-29.1924
23523896,-303.50,-338.50,-20.9780,-20.6748
23527802,-175.50,990.50,-32.8298,-19.9998
23531708,-113.50,619.50,-43.6697,-23.1092
23535614,-239.50,-930.50,-42.0740,-25.3890
23539520,-376.50,-1633.50,-35.6611,-21.1838
23543426,-368.50,-529.50,-42.2398,-15.1822
23547332,-178.50,912.50,-55.1923,-11.8141
23551238,-112.50,768.50,-53.6451,-12.6307
23555144,-219.50,-720.50,-40.6858,-12.0801
23559050,-350.50,-1631.50,-29.2910,-3.2115
23562956,-335.50,-719.50,-23.2619,2.5022
23566862,-172.50,791.50,-21.3546,-2.6708
23570768,-97.50,912.50,-19.9337,-8.3001
23574674,-181.50,-549.50,-17.6323,-8.1598
23578580,-344.50,-1622.50,-15.9926,-6.9515
23582486,-349.50,-916.50,-19.1203,-8.3980
23586392,-184.50,615.50,-21.4832,-18.9385
23590298,-79.50,1005.50,-15.4342,-29.0547
23594204,-161.50,-358.50,-7.6426,-23.5206
23598110,-328.50,-1579.50,-7.3556,-14.1397
23602016,-335.50,-1106.50,-10.7689,-13.6709
23605922,-181.50,458.50,-6.1440,-25.4185
23609828,-79.50,1083.50,2.8546,-30.8232
23613734,-173.50,-163.50,-1.5419,-19.2779
23617640,-313.50,-1520.50,-17.0748,-13.8515
23621546,-362.50,-1266.50,-25.0726,-20.3983
23625452,-218.50,274.50,-21.3275,-33.5666
23629358,-79.50,1130.50,-10.8440,-34.9022
23633267,-105.50,25.50,1.8252,-19.0192
23637173,-266.50,-1425.50,11.2366,-14.9714
23641079,-335.50,-1359.50,13.8709,-16.5488
23644985,-239.50,113.50,9.2073,-12.9364
23648891,-92.50,1158.50,1.1884,-4.7993
23652797,-121.50,235.50,-5.6873,7.3985
23656703,-264.50,-1288.50,-9.9312,4.4979
23660609,-377.50,-1477.50,-13.9258,-5.6154
23664515,-281.50,-76.50,-21.4173,-10.8336
23668421,-120.50,1093.50,-26.2201,-12.6758
23672327,-129.50,390.50,-26.2841,-15.0071
23676233,-282.50,-1151.50,-30.3817,-23.1654
23680139,-382.50,-1583.50,-36.4103,-26.6209
23684045,-286.50,-271.50,-33.9541,-24.0488
23687951,-111.50,1049.50,-19.9720,-15.3202
23691857,-92.50,608.50,-5.2023,-0.6869
23695763,-257.50,-953.50,-5.5747,9.7285
23699669,-390.50,-1594.50,-21.6746,15.3486
23703575,-303.50,-447.50,-32.9190,16.0372
23707481,-105.50,945.50,-20.4881,9.0070
23711387,-90.50,746.50,0.0989,-1.8111
23715293,-236.50,-792.50,-0.6302,-7.2785
23719199,-367.50,-1642.50,-16.6996,-6.5765
23723105,-325.50,-658.50,-25.2059,-6.1739
23727011,-158.50,816.50,-22.2673,-10.5865
23730917,-74.50,847.50,-13.9116,-20.9852
23734823,-182.50,-618.50,-4.3950,-27.7609
23738729,-315.50,-1625.50,4.9676,-21.3144
23742635,-292.50,-844.50,15.4660,-8.1659
23746541,-143.50,676.50,23.5888,-6.6958
23750447,-33.50,999.50,27.3997,-11.4276
23754353,-126.50,-386.50,31.9032,-1.5309
23758259,-233.50,-1544.50,44.3047,17.8337
23762165,-269.50,-955.50,61.6809,38.3090
23766071,-162.50,555.50,60.9558,43.8539
23769977,-49.50,1097.50,39.2196,30.6502
23773883,-114.50,-207.50,22.3196,18.9050
23777789,-313.50,-1547.50,13.2048,3.4738
23781695,-322.50,-1196.50,3.7291,-15.2787
23785601,-177.50,370.50,4.2563,-24.3204
23789507,-21.50,1168.50,18.9042,-10.4047
23793413,-52.50,18.50,40.7362,20.1875
23797319,-236.50,-1392.50,56.1540,35.5873
23801225,-277.50,-1248.50,57.7280,42.1323
23805131,-164.50,250.50,55.2754,50.1239
23809037,-19.50,1265.50,53.4544,65.0384
23812943,-42.50,249.50,52.5653,85.2172
23816849,-193.50,-1250.50,54.9296,80.5523
23820755,-287.50,-1365.50,56.7911,63.6624
23824661,-200.50,67.50,50.6149,54.5386
23828567,-47.50,1254.50,38.4550,62.0609
23832473,-46.50,442.50,30.7107,80.9526
23836379,-195.50,-1088.50,30.4175,80.4469
23840285,-306.50,-1471.50,31.4575,66.9268
23844191,-224.50,-149.50,28.5467,48.9019
23848097,-72.50,1163.50,22.8811,38.1679
23852003,-48.50,594.50,17.8708,42.3129
23855909,-184.50,-978.50,16.6294,37.1428
23859815,-334.50,-1570.50,14.0424,22.6354
23863721,-264.50,-373.50,4.6766,8.2645
23867627,-114.50,1023.50,-4.6230,-0.9886
23871533,-63.50,722.50,-9.6071,-3.2378
23875439,-192.50,-825.50,-10.5958,-5.1680
23879345,-326.50,-1604.50,-8.9408,-3.9096
23883251,-274.50,-561.50,-5.6088,0.4253
23887157,-127.50,911.50,-2.4731,1.6503
23891063,-59.50,851.50,-4.2642,-3.7271
23894969,-153.50,-628.50,-5.0800,-8.7616
23898875,-320.50,-1599.50,-2.1396,-3.0126
23902781,-330.50,-764.50,-8.5122,3.4535
23906687,-176.50,752.50,-25.0593,-5.3274
23910593,-93.50,971.50,-38.7104,-19.8287
23914499,-184.50,-447.50,-44.3675,-21.1934
23918405,-322.50,-1605.50,-41.2751,-16.0855
23922311,-350.50,-975.50,-35.1213,-19.6593
23926217,-220.50,564.50,-38.6840,-36.6382
23930123,-104.50,1056.50,-49.3868,-49.2369
23934029,-185.50,-251.50,-55.7221,-37.1010
23937935,-335.50,-1557.50,-56.1612,-21.2138
23941841,-372.50,-1136.50,-53.5501,-20.7484
23945747,-240.50,425.50,-52.0944,-29.4455
23949653,-104.50,1151.50,-51.5117,-27.1468
23953559,-159.50,-79.50,-48.5402,-13.4270
23957465,-301.50,-1473.50,-42.8986,-16.2159
23961371,-367.50,-1280.50,-36.4145,-26.3945
23965277,-245.50,234.50,-34.1355,-32.9647
23969183,-111.50,1162.50,-36.2372,-32.5808
23973089,-139.50,119.50,-38.7450,-21.7787
23976995,-286.50,-1365.50,-38.1056,-21.3643
23980901,-362.50,-1404.50,-33.2156,-26.3404
23984807,-252.50,38.50,-27.4654,-31.0432
23988713,-114.50,1118.50,-24.8756,-38.1211
23992619,-124.50,297.50,-27.6328,-39.9120
23996525,-271.50,-1216.50,-31.8647,-36.7864
24000431,-356.50,-1514.50,-30.8005,-28.1255
24004337,-264.50,-146.50,-23.7414,-25.8133
24008243,-108.50,1108.50,-15.9359,-26.0801
24012149,-105.50,496.50,-13.8719,-18.7504
24016055,-255.50,-1071.50,-19.8858,-16.9851
24019961,-367.50,-1570.50,-28.0302,-17.7288
24023867,-284.50,-329.50,-29.1744,-16.3558
24027773,-100.50,1038.50,-18.0931,-14.4044
24031679,-81.50,651.50,-3.8698,-13.8121
24035585,-224.50,-909.50,-2.6314,-20.6904
24039491,-348.50,-1613.50,-11.0502,-24.0878
24043397,-310.50,-528.50,-17.5912,-19.5236
24047303,-152.50,931.50,-21.6913,-16.3014
24051209,-88.50,785.50,-23.7782,-19.5512
24055115,-246.50,-722.50,-29.4748,-26.8171
24059021,-353.50,-1642.50,-38.6065,-28.2042
24062927,-318.50,-719.50,-35.5418,-23.7564
24066833,-143.50,801.50,-19.7558,-20.4092
24070739,-47.50,927.50,-1.6590,-19.5715
24074645,-146.50,-521.50,13.4538,-17.8767
24078551,-303.50,-1617.50,20.4866,-14.9249
24082457,-312.50,-898.50,17.6206,-12.6840
24086363,-176.50,621.50,7.1036,-19.5881
24090269,-72.50,1040.50,-4.6009,-29.3649
24094175,-157.50,-334.50,-10.5289,-24.5355
24098081,-321.50,-1573.50,-12.2593,-17.5023
24101987,-368.50,-1086.50,-18.2920,-17.6731
24105893,-229.50,457.50,-30.5938,-26.9710
24109799,-100.50,1085.50,-38.9664,-38.0480
24113705,-157.50,-174.50,-36.9229,-40.4856
24117611,-318.50,-1565.50,-30.5490,-51.4534
24121517,-369.50,-1277.50,-27.1641,-66.0898
24125423,-235.50,279.50,-26.8848,-67.2886
24129329,-105.50,1136.50,-26.8735,-51.4188
24133235,-125.50,51.50,-24.1612,-27.6177
24137141,-278.50,-1416.50,-15.8451,-19.6475
24141047,-357.50,-1341.50,-7.8971,-16.6967
24144953,-240.50,112.50,-6.4973,-10.3364
24148859,-92.50,1149.50,-7.1891,-9.7017
24152765,-100.50,240.50,-5.3982,-10.7165
24156671,-244.50,-1273.50,0.1081,-15.6872
24160577,-333.50,-1462.50,7.8499,-14.4660
24164483,-233.50,-67.50,14.1603,-8.0115
24168389,-52.50,1138.50,22.2904,-2.5392
24172295,-9.50,436.50,40.2568,3.0772
24176201,-207.50,-1112.50,54.8864,0.1849
24180107,-320.50,-1563.50,47.0956,-4.5939
24184013,-248.50,-262.50,29.9216,-8.7133
24187919,-108.50,1086.50,17.0937,-5.5419
24191825,-69.50,598.50,6.7478,2.4840
24195731,-195.50,-933.50,3.8068,1.4504
24199637,-306.50,-1580.50,11.8693,6.0531
24203543,-257.50,-440.50,23.5474,15.1574
24207449,-82.50,1003.50,31.6218,18.7145
24211355,-33.50,773.50,35.5392,18.3858
24215261,-180.50,-753.50,31.1631,13.2156
24219167,-336.50,-1604.50,16.0595,12.3676
24223073,-297.50,-636.50,1.1940,15.0802
24226979,-153.50,890.50,-6.0321,16.0266
24230885,-54.50,937.50,-7.4796,21.1097
24234791,-74.50,-489.50,11.6808,37.9561
24238697,-224.50,-1569.50,54.4907,58.3474
24242603,-329.50,-885.50,69.7741,44.6988
24246509,-194.50,624.50,29.8846,-15.3808
24250415,-112.50,894.50,-21.9950,-79.9406
24254321,-219.50,-493.50,-54.9673,-114.0694
24258227,-381.50,-1740.50,-73.5541,-129.1018
24262133,-474.50,-1238.50,-92.7286,-154.6430
24266039,-315.50,310.50,-118.4611,-197.1493
24269945,-245.50,770.50,-140.5754,-242.0741
24273851,-346.50,-494.50,-165.8209,-278.5509
24277757,-512.50,-1857.50,-195.5186,-302.8887
24281663,-582.50,-1536.50,-216.2389,-317.9523
24285569,-418.50,48.50,-221.3070,-324.6528
24289475,-308.50,751.50,-213.2831,-322.7199
24293381,-346.50,-324.50,-207.2759,-317.6537
24297287,-457.50,-1748.50,-198.5504,-305.7148
24301193,-543.50,-1599.50,-179.0977,-279.0135
24305099,-404.50,-90.50,-161.7573,-248.7321
24309005,-224.50,874.50,-143.2088,-225.7599
24312911,-208.50,-15.50,-114.0529,-200.9631
24316817,-320.50,-1513.50,-77.2807,-171.4651
24320723,-398.50,-1579.50,-40.8185,-136.3216
24324629,-270.50,-133.50,-11.5416,-97.5853
24328535,-74.50,1040.50,16.7839,-59.9375
24332441,-68.50,327.50,44.7839,-21.9793
24336347,-189.50,-1192.50,64.1806,10.5002
24340253,-290.50,-1561.50,78.1646,34.0374
24344159,-202.50,-239.50,90.1304,41.5303
24348065,-62.50,1066.50,95.0536,42.7897
24351971,-24.50,534.50,90.9987,50.2480
24355877,-180.50,-1024.50,82.6719,52.4420
24359783,-300.50,-1615.50,73.8534,50.5274
24363689,-240.50,-404.50,69.5182,51.0028
24367595,-79.50,1023.50,71.1044,62.0848
24371501,-42.50,731.50,70.4432,80.5712
24375407,-175.50,-815.50,62.1198,87.9544
24379313,-281.50,-1613.50,56.7691,85.6049
24383219,-232.50,-590.50,66.7421,79.9749
24387125,-48.50,935.50,87.3078,79.9902
24391031,15.50,858.50,104.7853,86.1327
24394937,-111.50,-629.50,106.8387,83.4879
24398843,-284.50,-1644.50,91.6219,72.5468
24402749,-282.50,-830.50,69.3274,53.7923
24406655,-144.50,679.50,49.7859,24.1549
24410561,-72.50,848.50,32.5615,-11.2936
24414467,-193.50,-569.50,12.1784,-42.1271
24418373,-414.50,-1751.50,-19.0685,-62.2672
24422279,-448.50,-1186.50,-60.9597,-87.2950
24426185,-347.50,379.50,-101.7540,-125.5977
24430091,-303.50,814.50,-144.2776,-155.4800
24433997,-557.50,-638.50,-217.2663,-189.7590
24437903,-897.50,-2047.50,-345.2867,-269.7591
24441809,-1040.50,-1748.50,-501.1747,-382.7769
24445715,-1010.50,-286.50,-636.2968,-497.8923
24449621,-1082.50,236.50,-757.5076,-611.2459
24453527,-1261.50,-1064.50,-891.2103,-730.0892
24457433,-1500.50,-2047.50,-1013.4557,-762.8184
24461339,-1641.50,-2047.50,-1098.0997,-659.1124
24465245,-1564.50,-869.50,-1154.1028,-637.3812
24469151,-1407.50,-72.50,-1181.3197,-796.1126
24473057,-1383.50,-1069.50,-1163.8914,-957.0878
24476963,-1523.50,-2047.50,-1109.2623,-936.3880
24480869,-1516.50,-2047.50,-1038.1438,-713.4248
24484775,-1391.50,-970.50,-963.2242,-551.5666
24488681,-1231.50,-16.50,-904.8660,-624.7377
24492587,-1252.50,-849.50,-874.3461,-779.2892
24496493,-1354.50,-2047.50,-852.5767,-821.0627
24500399,-1400.50,-2047.50,-811.7298,-669.9609
24504305,-1250.50,-1152.50,-748.0260,-505.4553
24508211,-1024.50,-0.50,-672.9068,-536.9398
24512117,-982.50,-543.50,-599.1470,-645.8300
24516023,-1082.50,-2047.50,-537.6373,-686.2117
24519929,-1140.50,-2047.50,-481.9440,-599.8645
24523835,-1032.50,-1202.50,-425.0300,-440.1711
24527741,-856.50,105.50,-375.7542,-392.0191
24531647,-776.50,-207.50,-336.9078,-426.6476
24535553,-870.50,-1770.50,-296.6075,-445.4018
24539459,-976.50,-2047.50,-252.5914,-403.4113
24543365,-896.50,-1329.50,-212.7477,-312.0932
24547271,-712.50,94.50,-178.3751,-295.0370
24551177,-622.50,-21.50,-146.5778,-324.0842
24555083,-738.50,-1502.50,-118.1740,-330.5027
24558989,-786.50,-2047.50,-83.7138,-290.5529
24562895,-725.50,-1428.50,-30.5728,-215.5869
24566801,-512.50,137.50,29.0616,-186.1538
24570707,-408.50,267.50,79.6812,-164.8730
24574613,-479.50,-1103.50,118.6372,-120.9008
24578519,-558.50,-2047.50,156.9625,-88.8381
24582425,-460.50,-1339.50,214.1357,-56.0153
24586331,-244.50,304.50,289.3384,8.9514
24590237,-86.50,715.50,363.0339,122.6521
24594143,-122.50,-569.50,424.2964,230.5833
24598049,-222.50,-1779.50,475.7270,262.6764
24601955,-233.50,-1283.50,515.2858,237.1485
24605861,-85.50,384.50,533.7596,244.3434
24609767,112.50,1053.50,547.1893,341.3549
24613673,74.50,-143.50,578.7098,458.3831
24617579,-60.50,-1489.50,614.9797,492.0220
24621485,-58.50,-1149.50,642.8432,466.1823
24625391,70.50,432.50,663.0870,475.4591
24629297,199.50,1379.50,668.4209,565.8608
24633203,150.50,235.50,658.8665,671.2046
24637109,28.50,-1231.50,650.2794,675.9188
24641015,-44.50,-1184.50,651.2740,602.6725
24644921,80.50,290.50,652.0786,552.9775
24648827,193.50,1459.50,642.9768,590.3774
24652733,151.50,417.50,620.3037,665.5483
24656639,-22.50,-1141.50,588.9370,644.7367
24660545,-173.50,-1396.50,549.9778,536.0622
24664451,-194.50,-62.50,485.2117,434.2561
24668357,-82.50,1045.50,397.2550,377.4028
24672266,-213.50,274.50,305.1442,338.2909
24676172,-463.50,-1410.50,203.1067,252.3990
24680078,-689.50,-1964.50,89.1809,109.7779
24683984,-763.50,-824.50,-33.6862,-45.1084
24687890,-597.50,443.50,-143.8435,-157.2846
24691796,-566.50,32.50,-197.1285,-195.5804
24695702,-741.50,-1581.50,-204.2084,-200.3156
24699608,-879.50,-2047.50,-208.0016,-193.6623
24703514,-800.50,-1055.50,-211.5001,-168.3991
24707420,-640.50,391.50,-203.2462,-154.0880
24711326,-584.50,220.50,-190.9234,-139.2410
24715232,-707.50,-1313.50,-182.3861,-118.4950
24719138,-833.50,-2047.50,-174.2952,-103.3395
24723044,-779.50,-1199.50,-160.4459,-91.1932
24726950,-561.50,351.50,-132.8125,-87.2708
24730856,-456.50,400.50,-90.8325,-67.4421
24734762,-556.50,-1036.50,-51.2589,-36.7702
24738668,-735.50,-2047.50,-33.5732,-24.3652
24742574,-736.50,-1365.50,-39.8521,-38.5067
24746480,-544.50,179.50,-47.3754,-66.8672
24750386,-422.50,477.50,-35.0115,-72.6146
24754292,-491.50,-848.50,-8.4132,-50.1753
24758198,-604.50,-2001.50,23.7342,-25.4034
24762104,-547.50,-1430.50,68.1959,-6.2558
24766010,-328.50,230.50,129.4882,30.8073
24769916,-164.50,757.50,195.5399,99.9959
24773822,-186.50,-440.50,252.2596,165.7241
24777728,-305.50,-1718.50,299.0489,200.4433
24781634,-326.50,-1327.50,336.6685,223.9836
24785540,-90.50,339.50,374.1324,274.4780
24789446,80.50,1159.50,424.2870,370.7326
24793352,62.50,39.50,472.9716,462.7307
24797258,-64.50,-1348.50,507.5348,493.2562
24801164,-85.50,-1167.50,536.6897,496.8428
24805070,74.50,368.50,566.0452,523.2080
24808976,255.50,1553.50,593.7089,606.1598
24812882,250.50,481.50,616.5222,712.1869
24816788,134.50,-1026.50,637.2637,730.9248
24820694,73.50,-1126.50,660.5823,681.9091
24824600,176.50,367.50,676.8419,661.2156
24828506,336.50,1904.50,676.1936,754.6900
24832412,321.50,846.50,663.0049,903.6213
24836318,214.50,-724.50,653.0081,909.6211
24840224,113.50,-1087.50,657.8462,807.7339
24844130,218.50,208.50,667.3082,731.0967
24848036,371.50,1835.50,668.8378,750.8113
24851942,384.50,1066.50,658.5911,841.2683
24855848,243.50,-580.50,641.4778,837.5036
24859754,100.50,-1162.50,623.3855,741.9816
24863660,169.50,11.50,603.8896,666.8311
24867566,336.50,1654.50,587.8229,668.5078
24871472,352.50,1171.50,572.5717,719.2180
24875378,192.50,-466.50,547.0443,698.9388
24879284,60.50,-1252.50,516.9835,616.0977
24883190,93.50,-239.50,494.9205,555.2345
24887096,266.50,1402.50,481.4737,545.2775
24891002,340.50,1314.50,474.5786,577.9383
24894908,218.50,-276.50,470.5632,587.2591
24898814,63.50,-1263.50,462.9455,551.2042
24902720,124.50,-432.50,457.8667,509.7825
24906626,341.50,1200.50,472.0806,488.1340
24910532,453.50,1615.50,502.9341,527.4742
24914438,242.50,-44.50,508.7800,590.7920
24918344,31.50,-1253.50,459.0267,568.0507
24922250,25.50,-671.50,389.8579,477.8421
24926156,151.50,912.50,341.7896,393.2692
24930062,269.50,1584.50,314.0636,375.0093
24933968,193.50,98.50,302.9728,420.0802
24937874,-1.50,-1222.50,299.0215,429.4260
24941780,-30.50,-808.50,287.8862,397.1084
24945686,115.50,784.50,272.6361,367.3174
24949592,304.50,1711.50,270.0158,382.1452
24953498,262.50,336.50,289.4109,434.6587
24957404,102.50,-1080.50,314.8296,436.3316
24961310,83.50,-864.50,333.5326,408.9296
24965216,214.50,673.50,346.0855,397.9279
24969122,398.50,1947.50,353.4576,441.5589
24973028,368.50,595.50,361.8335,518.4362
24976934,226.50,-911.50,373.0007,498.4286
24980840,177.50,-917.50,387.7458,434.5077
24984746,274.50,561.50,398.3885,416.3712
24988652,447.50,2047.50,394.7573,469.3764
24992558,435.50,878.50,385.6211,554.6910
24996464,284.50,-669.50,380.3668,539.1954
25000370,226.50,-944.50,385.2644,477.6681
25004276,304.50,401.50,395.6069,448.0808
25008182,458.50,2047.50,391.9901,473.6349
25012088,460.50,1149.50,372.7204,543.3205
25015994,303.50,-495.50,351.4531,529.7342
25019900,181.50,-1011.50,335.2233,459.6819
25023806,225.50,199.50,318.0555,412.4313
25027712,398.50,2042.50,295.7469,435.0082
25031618,411.50,1378.50,273.8704,520.7353
25035524,246.50,-345.50,250.6393,511.2519
25039430,91.50,-1076.50,223.2644,416.6508
25043336,123.50,-32.50,194.8709,345.7631
25047242,273.50,1665.50,167.1318,315.5189
25051148,316.50,1415.50,140.7569,316.5569
25055054,134.50,-261.50,110.3768,288.3753
25058960,-47.50,-1180.50,70.1117,238.3588
25062866,-32.50,-301.50,29.7027,210.3168
25066772,133.50,1354.50,3.0037,186.2001
25070678,205.50,1511.50,-10.6650,171.4631
25074584,109.50,-149.50,-16.3527,155.9883
25078490,-74.50,-1234.50,-18.9147,125.9466
25082396,-80.50,-569.50,-27.6641,104.4359
25086302,53.50,990.50,-45.6696,61.1881
25090208,143.50,1502.50,-69.1331,6.7688
25094114,43.50,-32.50,-90.9440,-11.0487
25098020,-114.50,-1281.50,-102.8544,-12.3904
25101926,-146.50,-815.50,-105.7096,-9.4384
25105832,-9.50,772.50,-110.0713,-29.0977
25109738,101.50,1559.50,-121.5556,-56.4735
25113644,48.50,159.50,-131.7765,-51.7013
25117550,-134.50,-1236.50,-134.6828,-47.7743
25121456,-180.50,-986.50,-136.3628,-47.9358
25125362,-42.50,574.50,-139.2263,-62.1211
25129268,93.50,1552.50,-141.5237,-86.3499
25133174,58.50,322.50,-142.3212,-93.4252
25137080,-104.50,-1184.50,-139.1096,-105.7270
25140986,-163.50,-1145.50,-132.0856,-108.9515
25144892,-67.50,336.50,-128.9660,-112.0573
25148798,80.50,1488.50,-136.5797,-133.2177
25152704,55.50,470.50,-148.2116,-151.3016
25156610,-111.50,-1088.50,-156.0853,-168.1778
25160516,-217.50,-1300.50,-162.1460,-164.2580
25164422,-132.50,109.50,-171.7645,-156.1504
25168328,23.50,1381.50,-184.4633,-174.0275
25172234,9.50,623.50,-196.8306,-200.9099
25176140,-146.50,-961.50,-207.7594,-218.3075
25180046,-264.50,-1409.50,-214.6521,-203.1117
25183952,-175.50,-120.50,-216.1703,-184.1888
25187858,10.50,1285.50,-210.1982,-196.7918
25191764,73.50,791.50,-193.0155,-221.8173
25195670,-98.50,-801.50,-174.8900,-234.3302
25199576,-255.50,-1455.50,-175.9216,-212.4406
25203482,-244.50,-338.50,-200.7755,-186.9811
25207388,-89.50,1124.50,-235.9805,-207.4107
25211294,-49.50,877.50,-264.5515,-259.7677
25215200,-174.50,-719.50,-278.3430,-301.6985
25219106,-321.50,-1597.50,-278.9733,-305.9785
25223012,-320.50,-688.50,-279.1831,-302.3829
25226918,-153.50,867.50,-288.1906,-335.4771
25230824,-65.50,940.50,-295.5013,-377.7592
25234730,-207.50,-556.50,-298.2170,-381.2555
25238636,-366.50,-1594.50,-304.7679,-341.0490
25242542,-355.50,-860.50,-310.2358,-300.2731
25246448,-169.50,714.50,-304.8084,-310.5616
25250354,-59.50,1072.50,-289.0864,-346.9732
25254260,-154.50,-344.50,-273.4904,-350.2570
25258166,-313.50,-1536.50,-264.2089,-313.5921
25262072,-340.50,-985.50,-259.9311,-268.3987
25265978,-184.50,608.50,-259.5176,-258.3360
25269884,-72.50,1202.50,-261.1223,-277.0238
25273790,-129.50,-114.50,-260.6933,-282.4716
25277696,-271.50,-1457.50,-250.1720,-267.3284
25281602,-321.50,-1148.50,-232.2547,-245.1966
25285508,-192.50,429.50,-222.9886,-246.4241
25289414,-84.50,1232.50,-230.1548,-268.9579
25293320,-128.50,78.50,-245.2713,-279.5079
25297226,-287.50,-1373.50,-252.1067,-270.3989
25301132,-353.50,-1263.50,-247.0271,-243.7804
25305038,-226.50,245.50,-239.0211,-229.3309
25308944,-90.50,1249.50,-235.1012,-243.1334
25312850,-100.50,263.50,-234.3767,-260.3277
25316756,-245.50,-1285.50,-227.5244,-268.6926
25320662,-329.50,-1428.50,-213.1751,-262.5831
25324568,-249.50,-1.50,-205.1560,-261.3905
25328474,-96.50,1140.50,-210.7122,-285.2771
25332380,-93.50,407.50,-219.2097,-311.7815
25336286,-241.50,-1151.50,-220.0660,-310.7108
25340192,-328.50,-1536.50,-211.0059,-280.2837
25344098,-264.50,-182.50,-199.6202,-255.7958
25348004,-101.50,1120.50,-196.8351,-256.4012
25351910,-80.50,606.50,-200.1053,-267.5372
25355816,-224.50,-991.50,-202.5115,-270.6798
25359722,-325.50,-1583.50,-198.5346,-254.6146
25363628,-261.50,-377.50,-186.3170,-235.3481
25367534,-84.50,1067.50,-172.3512,-230.1306
25371440,-45.50,796.50,-163.0882,-231.7094
25375346,-176.50,-774.50,-161.0046,-226.6951
25379252,-303.50,-1552.50,-160.4445,-202.9122
25383158,-252.50,-533.50,-153.8589,-174.3634
25387064,-92.50,976.50,-144.1292,-171.2666
25390970,-33.50,912.50,-140.2598,-194.8781
25394876,-159.50,-592.50,-145.2392,-217.4741
25398782,-304.50,-1583.50,-152.2898,-211.7039
25402688,-300.50,-777.50,-156.3501,-195.2221
25406594,-143.50,765.50,-159.5582,-207.8993
25410500,-56.50,997.50,-162.4826,-240.1892
25414406,-173.50,-443.50,-166.8741,-255.4120
25418312,-309.50,-1594.50,-170.7171,-243.1234
25422218,-331.50,-988.50,-168.9622,-222.8503
25426124,-157.50,591.50,-163.2693,-225.6606
25430030,-22.50,1106.50,-149.9340,-239.8565
25433936,-117.50,-246.50,-133.4800,-236.8085
25437842,-345.50,-1570.50,-138.4078,-228.1474
25441748,-385.50,-1192.50,-168.6340,-228.2645
25445654,-233.50,419.50,-194.0565,-238.8572
25449560,-104.50,1146.50,-198.0662,-243.0794
25453466,-126.50,-53.50,-186.0040,-232.0807
25457372,-280.50,-1457.50,-163.2098,-217.4651
25461278,-320.50,-1286.50,-138.7214,-197.8534
25465184,-213.50,256.50,-124.5869,-187.6661
25469090,-57.50,1200.50,-123.2582,-189.1743
25472996,-85.50,173.50,-123.3601,-185.3899
25476902,-256.50,-1329.50,-120.4240,-178.8416
25480808,-340.50,-1375.50,-119.7842,-163.7292
25484714,-237.50,100.50,-122.4935,-148.0049
25488620,-82.50,1191.50,-126.1061,-147.1188
25492526,-79.50,358.50,-125.9396,-157.5425
25496432,-239.50,-1204.50,-120.8502,-169.5578
25500338,-346.50,-1519.50,-116.5913,-170.1626
25504244,-259.50,-137.50,-116.8271,-168.8845
25508150,-96.50,1119.50,-118.7639,-173.6357
25512056,-79.50,511.50,-119.2963,-180.2284
25515962,-226.50,-1077.50,-117.9703,-186.9857
25519868,-336.50,-1593.50,-113.6152,-181.2821
25523774,-286.50,-346.50,-109.7381,-168.8587
25527680,-136.50,1022.50,-114.6250,-168.2221
25531586,-97.50,673.50,-125.8386,-177.8138
25535492,-226.50,-912.50,-132.1936,-183.7641
25539398,-360.50,-1635.50,-129.8935,-174.5498
25543304,-303.50,-556.50,-122.4420,-159.8157
25547210,-143.50,889.50,-114.3507,-163.5323
25551116,-64.50,782.50,-107.7972,-185.7674
25555022,-179.50,-724.50,-100.2501,-195.9693
25558928,-314.50,-1638.50,-90.3312,-174.7050
25562834,-305.50,-718.50,-82.5844,-140.2281
25566740,-142.50,801.50,-81.2489,-124.8814
25570646,-62.50,957.50,-83.8463,-132.1639
25574552,-144.50,-512.50,-83.3978,-138.2297
25578458,-294.50,-1612.50,-75.2339,-131.3488
25582364,-319.50,-928.50,-68.2030,-121.0540
25586270,-182.50,631.50,-73.9356,-127.0249
25590176,-81.50,1050.50,-87.4031,-141.2681
25594082,-176.50,-337.50,-99.4724,-142.9331
25597988,-336.50,-1589.50,-107.5347,-138.0012
25601894,-370.50,-1145.50,-110.9330,-136.6198
25605800,-215.50,444.50,-109.2671,-148.2049
25609706,-88.50,1091.50,-102.5274,-158.7992
25613612,-169.50,-166.50,-98.4522,-155.6638
25617518,-325.50,-1551.50,-101.7791,-154.0639
25621424,-380.50,-1321.50,-104.6940,-155.6871
25625330,-271.50,238.50,-107.5739,-163.0070
25629236,-137.50,1071.50,-115.2256,-173.2961
25633142,-170.50,-0.50,-121.4576,-177.9100
25637048,-324.50,-1471.50,-119.8798,-177.5801
25640954,-408.50,-1436.50,-114.6179,-164.3690
25644860,-301.50,51.50,-113.5745,-149.2940
25648766,-130.50,1078.50,-112.5234,-147.4246
25652672,-140.50,201.50,-104.1466,-151.7434
25656578,-320.50,-1321.50,-98.0180,-151.1131
25660484,-420.50,-1551.50,-102.9771,-138.4242
25664390,-320.50,-138.50,-109.7703,-128.3964
25668296,-160.50,1057.50,-109.5137,-128.1961
25672202,-168.50,407.50,-108.4446,-127.6220
25676108,-312.50,-1170.50,-111.8622,-123.4004
25680014,-413.50,-1621.50,-111.4264,-113.6935
25683920,-321.50,-332.50,-100.6594,-106.6263
25687826,-156.50,980.50,-85.2099,-110.4821
25691732,-113.50,574.50,-73.0301,-118.1205
25695638,-248.50,-1028.50,-64.9297,-120.7595
25699544,-366.50,-1688.50,-57.3825,-117.3154
25703450,-273.50,-556.50,-42.8649,-113.4495
25707356,-146.50,867.50,-26.7522,-117.9840
25711262,-90.50,688.50,-26.2809,-129.0704
25715168,-223.50,-862.50,-36.5041,-134.0557
25719074,-367.50,-1712.50,-44.4744,-124.8328
25722980,-353.50,-745.50,-50.6095,-107.6089
25726886,-209.50,769.50,-59.9566,-98.4448
25730792,-126.50,843.50,-70.2738,-98.4358
25734698,-222.50,-628.50,-72.0895,-92.9760
25738604,-362.50,-1658.50,-63.1368,-74.8612
25742510,-354.50,-892.50,-50.6716,-52.7593
25746416,-181.50,655.50,-39.1193,-46.3316
25750322,-64.50,1006.50,-25.1999,-49.1974
25754228,-149.50,-373.50,-9.8426,-36.7217
25758134,-302.50,-1596.50,1.1225,-17.1869
25762040,-342.50,-1069.50,3.2023,-11.9540
25765946,-188.50,511.50,-2.3079,-25.1555
25769852,-72.50,1116.50,-6.4247,-30.3999
25773758,-130.50,-190.50,-4.8093,-15.4994
25777664,-278.50,-1524.50,2.4396,-6.4177
25781570,-354.50,-1233.50,7.3349,-9.4824
25785476,-222.50,337.50,0.2995,-21.9158
25789382,-95.50,1136.50,-10.8903,-28.8634
25793288,-139.50,-16.50,-17.4175,-23.6945
25797194,-308.50,-1460.50,-20.5199,-26.0176
25801100,-308.50,-1364.50,-11.5697,-27.8450
25805006,-234.50,173.50,8.0962,-21.4791
25808912,-133.50,1136.50,6.6642,-12.9649
25812818,-190.50,154.50,-25.1821,-15.1131
25816724,-336.50,-1378.50,-58.6716,-36.7474
25820630,-431.50,-1540.50,-73.3828,-57.2936
25824536,-313.50,-95.50,-71.9724,-68.5234
25828442,-145.50,1058.50,-59.7467,-71.0991
25832348,-143.50,338.50,-43.4288,-63.4031
25836254,-290.50,-1213.50,-32.6525,-51.4436
25840160,-354.50,-1598.50,-21.9438,-36.2542
25844066,-294.50,-266.50,-8.0070,-27.7938
25847972,-156.50,1013.50,-5.8353,-30.3765
25851878,-114.50,511.50,-13.6294,-37.1737
25855784,-280.50,-1049.50,-19.2258,-39.2404
25859690,-399.50,-1640.50,-25.8881,-26.7228
25863596,-321.50,-435.50,-29.0973,-8.3723
25867502,-162.50,976.50,-22.6756,4.2819
25871408,-98.50,736.50,-11.9425,13.2580
25875314,-217.50,-813.50,0.1825,24.8840
25879220,-358.50,-1615.50,9.2811,40.6560
25883126,-303.50,-591.50,13.6885,52.5160
25887032,-142.50,908.50,19.2789,55.0766
25890938,-81.50,880.50,23.9063,50.7237
25894844,-201.50,-630.50,21.9181,44.0124
25898750,-346.50,-1636.50,16.2540,39.4940
25902656,-330.50,-799.50,12.6939,37.7808
25906562,-175.50,719.50,12.5000,29.6118
25910468,-77.50,989.50,15.0899,18.7530
25914374,-170.50,-433.50,20.1122,23.4280
25918280,-324.50,-1557.50,24.5359,43.7606
25922186,-335.50,-975.50,25.7369,62.3604
25926092,-174.50,592.50,26.8648,57.2879
25929998,-68.50,1114.50,30.9981,46.3196
25933904,-126.50,-233.50,37.4229,51.5386
25937810,-285.50,-1548.50,45.2945,50.7967
25941716,-326.50,-1151.50,49.3988,41.1972
25945622,-185.50,414.50,47.5765,31.6023
25949528,-63.50,1149.50,45.0891,29.9233
25953434,-117.50,-60.50,43.6509,36.2941
25957340,-300.50,-1483.50,38.8166,30.2193
25961246,-362.50,-1322.50,27.8246,18.4557
25965152,-227.50,201.50,19.0152,8.6996
25969058,-71.50,1136.50,22.2165,4.2033
25972964,-76.50,93.50,37.5453,4.8270
25976870,-237.50,-1397.50,56.0251,-4.3362
25980776,-335.50,-1452.50,63.1033,-8.1130
25984682,-246.50,15.50,53.1346,-0.6607
25988588,-121.50,1120.50,32.6678,7.9009
25992494,-143.50,307.50,9.4503,14.4868
25996400,-278.50,-1222.50,-5.3230,16.4311
26000306,-380.50,-1563.50,-5.2570,18.7450
26004212,-297.50,-194.50,-0.4235,12.6579
26008118,-146.50,1054.50,-0.1400,2.2076
26012024,-117.50,459.50,-1.2951,-3.7872
26015930,-248.50,-1120.50,2.9777,-11.8552
26019836,-367.50,-1653.50,11.1311,-15.7736
26023742,-322.50,-404.50,12.5552,-13.6942
26027648,-165.50,963.50,4.3359,-10.6080
26031554,-111.50,621.50,-2.2901,-10.0108
26035460,-242.50,-921.50,-0.5818,-7.7023
26039366,-366.50,-1646.50,4.8548,7.9365
26043272,-320.50,-574.50,10.6491,26.6702
26047178,-143.50,891.50,18.4025,31.4637
26051084,-66.50,793.50,30.0459,25.5837
26054990,-192.50,-706.50,39.7616,24.5196
26058896,-358.50,-1642.50,37.2417,36.2443
26062802,-319.50,-754.50,28.0312,47.9375
26066708,-172.50,765.50,24.9439,44.6202
26070614,-81.50,942.50,26.0113,35.9039
26074520,-185.50,-516.50,26.2504,37.4550
26078426,-365.50,-1631.50,20.8943,43.0919
26082332,-365.50,-956.50,9.2572,42.3093
26086238,-208.50,579.50,2.4885,26.8093
26090144,-94.50,1013.50,5.5971,8.7029
26094050,-175.50,-353.50,12.2822,7.8891
26097956,-345.50,-1628.50,14.7262,9.7865
26101862,-382.50,-1168.50,10.0973,3.1980
26105768,-255.50,400.50,0.6084,-8.9196
26109674,-130.50,1066.50,-9.1546,-13.0119
26113580,-178.50,-178.50,-12.4283,-3.8316
26117486,-332.50,-1573.50,-6.8809,-4.0290
26121392,-370.50,-1328.50,4.0832,-12.0089
26125298,-234.50,202.50,16.8005,-19.9069
26129204,-104.50,1023.50,25.5298,-32.0599
26133110,-136.50,-15.50,26.9624,-42.2865
26137016,-287.50,-1486.50,27.1481,-44.4995
26140922,-362.50,-1459.50,30.4251,-33.6396
26144828,-239.50,32.50,35.3054,-18.3390
26148734,-90.50,1063.50,41.0409,-8.6320
26152640,-132.50,194.50,40.1395,-5.7217
26156546,-275.50,-1327.50,30.5326,-7.6736
26160452,-367.50,-1567.50,25.0136,-4.8558
26164358,-269.50,-192.50,27.3858,-7.2498
26168266,-85.50,991.50,36.1704,-21.5383
26172172,-80.50,363.50,49.2897,-31.9492
26176078,-239.50,-1200.50,55.1174,-30.3463
26179984,-354.50,-1672.50,50.2703,-22.0969
26183890,-289.50,-369.50,41.9994,-16.1699
26187796,-112.50,944.50,37.4411,-12.1275
26191702,-65.50,511.50,42.0454,-15.1479
26195608,-207.50,-1026.50,51.0306,-21.6173
26199514,-333.50,-1679.50,55.8472,-10.7586
26203420,-225.50,-550.50,65.9030,10.1815
26207326,-96.50,892.50,83.1289,22.5880
26211232,-35.50,722.50,87.9543,27.1013
26215138,-175.50,-798.50,79.1296,32.0649
26219044,-288.50,-1679.50,72.9746,40.7812
26222950,-288.50,-718.50,72.7480,47.1392
26226856,-141.50,770.50,65.7985,44.1179
26230762,-47.50,849.50,54.7094,34.1560
26234668,-178.50,-623.50,48.7800,28.8123
26238574,-329.50,-1652.50,42.3633,35.2835
26242480,-332.50,-928.50,34.6272,44.1319
26246386,-175.50,598.50,29.1543,33.8885
26250292,-65.50,976.50,28.7667,19.8199
26254198,-161.50,-398.50,32.3071,32.2499
26258104,-337.50,-1628.50,30.6739,50.8054
26262010,-367.50,-1085.50,20.2374,53.9291
26265916,-223.50,485.50,7.9975,47.5561
26269822,-101.50,1093.50,1.6083,51.2892
26273728,-153.50,-204.50,4.2806,67.4405
26277634,-314.50,-1563.50,13.2904,66.5823
26281540,-368.50,-1244.50,19.2337,52.0525
26285446,-225.50,317.50,18.9649,43.2224
26289352,-96.50,1135.50,17.9544,50.3254
26293258,-149.50,-13.50,15.7531,65.8683
26297164,-320.50,-1466.50,9.7286,61.9839
26301070,-383.50,-1359.50,3.6540,52.4657
26304976,-260.50,128.50,2.3092,51.7053
26308882,-114.50,1127.50,4.7413,53.7319
26312788,-131.50,185.50,7.5522,58.5660
26316694,-223.50,-1329.50,21.0406,57.2730
26320600,-370.50,-1509.50,40.9180,51.0330
26324506,-288.50,-61.50,37.2221,43.2507
26328412,-130.50,1097.50,15.6971,43.1658
26332318,-116.50,368.50,4.1891,50.8337
26336224,-248.50,-1170.50,8.7610,54.6196
26340130,-341.50,-1564.50,23.7523,60.9769
26344036,-253.50,-226.50,40.6951,68.2285
26347942,-65.50,1075.50,56.9955,75.7621
26351848,-56.50,570.50,69.1404,82.0417
26355754,-207.50,-997.50,67.4402,79.6094
26359660,-337.50,-1605.50,55.4550,77.6851
26363566,-280.50,-408.50,45.3394,80.9887
26367472,-120.50,1011.50,40.6408,88.5304
26371378,-68.50,725.50,38.7762,91.5906
26375284,-204.50,-818.50,36.3275,82.6058
26379190,-356.50,-1639.50,30.0997,74.6988
26383096,-333.50,-629.50,19.5391,71.1934
26387002,-166.50,861.50,10.0478,65.3741
26390908,-72.50,829.50,9.9733,55.0876
26394814,-190.50,-648.50,17.7499,45.6938
26398720,-324.50,-1652.50,25.5970,47.0311
26402626,-301.50,-825.50,34.7885,53.7415
26406532,-176.50,662.50,39.7003,45.0575
26410438,-73.50,912.50,32.8059,19.2609
26414344,-161.50,-464.50,25.4955,8.6413
26418250,-335.50,-1644.50,22.6483,21.2956
26422156,-354.50,-1034.50,17.0967,31.9329
26426062,-188.50,511.50,13.4511,25.1527
26429968,-96.50,1019.50,14.0446,13.7593
26433874,-204.50,-298.50,4.5894,13.8701
26437780,-345.50,-1603.50,-12.6915,14.7658
26441686,-367.50,-1220.50,-16.1780,11.6081
26445592,-223.50,342.50,-4.6428,5.7541
26449498,-114.50,1100.50,3.7807,9.6100
26453404,-163.50,-78.50,0.9344,29.1662
26457310,-304.50,-1488.50,-1.1835,39.7775
26461216,-344.50,-1302.50,8.8383,45.1103
26465122,-242.50,189.50,20.6938,49.4152
26469028,-111.50,1123.50,19.4165,46.5571
26472934,-137.50,112.50,10.0801,43.6521
26476840,-294.50,-1407.50,4.8096,31.7260
26480746,-399.50,-1468.50,0.5176,17.8175
26484652,-282.50,-30.50,-7.0489,11.1827
26488558,-143.50,1072.50,-12.3034,7.9610
26492464,-143.50,278.50,-14.3066,8.6422
26496370,-284.50,-1268.50,-12.4835,7.4828
26500276,-383.50,-1583.50,-6.2513,7.1344
26504182,-309.50,-250.50,-3.1525,2.6092
26508088,-148.50,1003.50,-5.8428,-7.7846
26511994,-117.50,447.50,-6.4331,-11.0122
26515900,-260.50,-1106.50,-1.6348,-4.8202
26519806,-368.50,-1628.50,4.4585,10.2479
26523712,-298.50,-387.50,10.5934,27.6283
26527618,-134.50,987.50,16.5785,40.6854
26531524,-93.50,631.50,20.3443,43.4113
26535430,-225.50,-913.50,20.7376,35.4297
26539336,-369.50,-1660.50,17.2162,32.3608
26543242,-336.50,-591.50,9.2922,35.3210
26547148,-175.50,864.50,0.7736,34.3684
26551054,-118.50,752.50,-4.7598,24.9400
26554960,-237.50,-741.50,-9.0638,13.9585
26558866,-394.50,-1691.50,-14.6193,13.1784
26562772,-360.50,-808.50,-18.7609,15.7661
26566678,-222.50,701.50,-19.8276,9.5076
26570584,-120.50,848.50,-20.3985,-4.6992
26574490,-239.50,-581.50,-21.4893,-14.7753
26578396,-399.50,-1685.50,-26.8845,-12.5737
26582302,-417.50,-1050.50,-36.9775,-11.5810
26586208,-273.50,496.50,-47.3641,-30.2407
26590114,-180.50,907.50,-56.6202,-52.7839
26594020,-254.50,-407.50,-63.1330,-53.8814
26597926,-407.50,-1681.50,-63.3658,-42.6633
26601832,-424.50,-1231.50,-56.6467,-38.5117
26605738,-290.50,336.50,-48.4281,-45.6167
26609644,-154.50,981.50,-42.3813,-49.6046
26613550,-205.50,-191.50,-35.4745,-37.4699
26617456,-345.50,-1581.50,-24.6859,-20.6878
26621362,-379.50,-1327.50,-9.2396,-8.2468
26625268,-241.50,207.50,8.0991,-0.5641
26629174,-79.50,1094.50,25.4136,10.4776
26633080,-140.50,35.50,37.3485,27.7659
26636986,-304.50,-1446.50,34.8830,31.2205
26640892,-366.50,-1416.50,26.7421,28.4666
26644798,-254.50,45.50,25.4398,31.8203
26648704,-81.50,1106.50,32.3950,37.7448
26652610,-72.50,240.50,48.2950,45.5795
26656516,-217.50,-1292.50,68.0911,45.1011
26660422,-317.50,-1517.50,80.8189,42.9408
26664328,-228.50,-156.50,81.7105,40.5805
26668234,-79.50,1072.50,75.1680,36.7662
26672140,-65.50,432.50,67.9454,41.7662
26676046,-216.50,-1135.50,63.4402,46.4488
26679952,-350.50,-1593.50,57.3650,47.8466
26683858,-273.50,-336.50,47.5653,47.1853
26687764,-124.50,1009.50,39.2632,45.0006
26691670,-82.50,601.50,34.2903,46.4556
26695576,-222.50,-968.50,32.2201,46.4545
26699482,-367.50,-1640.50,28.7985,46.0019
26703388,-312.50,-549.50,22.0318,43.2166
26707294,-165.50,882.50,15.5432,31.6627
26711200,-79.50,695.50,13.5527,15.2922
26715106,-207.50,-819.50,18.8067,2.5864
26719012,-373.50,-1721.50,20.2640,-1.7476
26722918,-349.50,-786.50,10.7866,-6.5701
26726824,-205.50,726.50,-1.6730,-15.6742
26730730,-106.50,803.50,-9.2078,-21.9355
26734636,-221.50,-621.50,-9.5800,-16.9540
26738542,-358.50,-1688.50,-6.2036,-0.2151
26742448,-345.50,-942.50,1.4302,13.0433
26746354,-207.50,609.50,8.9585,13.4493
26750260,-89.50,960.50,10.7909,12.9854
26754166,-162.50,-392.50,14.6353,24.9228
26758072,-308.50,-1616.50,24.7315,39.8032
26761978,-312.50,-1092.50,38.4786,44.5491
26765884,-166.50,469.50,52.2694,37.5987
26769790,-32.50,1040.50,62.7224,30.3295
26773696,-88.50,-191.50,71.2150,34.4435
26777602,-253.50,-1551.50,76.9936,40.3248
26781508,-300.50,-1238.50,77.4558,41.3944
26785414,-184.50,317.50,72.4678,40.9728
26789320,-63.50,1120.50,61.7282,47.2125
26793226,-120.50,17.50,46.6739,59.6150
26797132,-277.50,-1456.50,33.1306,57.8679
26801038,-390.50,-1357.50,19.7692,47.7774
26804944,-238.50,111.50,7.2767,41.1881
26808850,-81.50,1149.50,9.8872,43.2268
26812756,-111.50,209.50,21.1405,57.4559
26816662,-242.50,-1317.50,28.2414,60.4813
26820568,-360.50,-1469.50,31.6155,53.3846
26824474,-257.50,-68.50,27.7822,47.6854
26828380,-92.50,1106.50,23.3543,44.9240
26832286,-76.50,384.50,26.6513,47.9094
26836192,-243.50,-1167.50,30.5292,46.7743
26840098,-336.50,-1561.50,30.4726,45.4756
26844004,-273.50,-271.50,29.9283,43.1036
26847910,-96.50,1040.50,29.8741,37.8788
26851816,-63.50,551.50,32.3462,37.0384
26855722,-217.50,-1012.50,33.8721,35.7169
26859628,-362.50,-1609.50,26.5695,38.4513
26863534,-303.50,-450.50,14.5132,45.5020
26867440,-133.50,961.50,8.4792,47.9120
26871346,-79.50,698.50,9.6164,43.1218
26875252,-189.50,-840.50,14.4743,32.8422
26879158,-335.50,-1646.50,21.4362,29.5298
26883064,-303.50,-669.50,25.4529,31.7477
26886970,-140.50,817.50,25.2417,25.4501
26890876,-74.50,789.50,21.9512,9.7266
26894782,-178.50,-671.50,16.8868,-3.8404
26898688,-331.50,-1679.50,14.5514,-3.2086
26902594,-322.50,-872.50,15.2099,3.7646
26906500,-170.50,647.50,15.3268,0.0459
26910406,-70.50,898.50,13.7784,-12.5185
26914312,-176.50,-466.50,9.9001,-13.6860
26918218,-324.50,-1647.50,5.2234,-0.3739
26922124,-352.50,-1063.50,2.8608,6.6435
26926030,-203.50,505.50,0.6505,-1.1853
26929936,-89.50,999.50,-2.2479,-8.1490
26933842,-168.50,-256.50,-5.5592,0.1110
26937748,-313.50,-1605.50,-7.0275,9.5238
26941654,-332.50,-1210.50,0.9613,6.8853
26945560,-175.50,374.50,18.8024,5.5640
26949466,-53.50,1138.50,35.1471,25.3916
26953372,-89.50,-18.50,42.1833,57.9420
26957278,-253.50,-1437.50,44.5737,72.6671
26961184,-303.50,-1260.50,47.6590,75.8141
26965090,-169.50,237.50,53.8939,79.5065
26968996,-38.50,1181.50,59.6179,82.0701
26972902,-56.50,191.50,59.6685,86.2546
26976808,-244.50,-1336.50,53.7043,77.8076
26980714,-322.50,-1401.50,42.8717,62.9663
26984620,-223.50,35.50,33.6851,56.7380
26988526,-68.50,1168.50,29.2948,61.1687
26992432,-51.50,390.50,30.7928,74.7850
26996338,-244.50,-1164.50,32.2582,81.1376
27000244,-358.50,-1494.50,21.2360,77.4744
27004150,-284.50,-185.50,2.9603,63.3575
27008056,-111.50,1083.50,-8.6979,43.9095
27011962,-109.50,495.50,-13.0862,30.2729
27015868,-256.50,-1087.50,-18.1397,13.1899
27019774,-371.50,-1611.50,-22.1670,0.5949
27023680,-317.50,-410.50,-22.6310,0.2341
27027586,-148.50,976.50,-23.7508,2.2999
27031492,-108.50,655.50,-25.8092,4.3424
27035398,-239.50,-921.50,-27.5846,1.1526
27039304,-356.50,-1654.50,-24.7238,-3.4309
27043210,-294.50,-613.50,-12.3171,-3.0250
27047116,-133.50,867.50,3.0596,-2.9341
27051022,-88.50,769.50,6.8959,-6.5373
27054928,-207.50,-719.50,-2.7217,-10.6451
27058834,-348.50,-1656.50,-11.6399,-5.2559
27062740,-334.50,-793.50,-13.2502,5.0550
27066646,-169.50,737.50,-12.1993,5.6910
27070552,-58.50,907.50,-6.9148,0.1728
27074458,-186.50,-527.50,-0.5903,-2.3466
27078364,-352.50,-1653.50,-5.0821,-2.8585
27082270,-348.50,-1003.50,-14.8515,-7.3189
27086176,-200.50,555.50,-18.8109,-20.1075
27090082,-78.50,990.50,-17.2870,-28.6358
27093988,-130.50,-325.50,-7.3311,-19.6229
27097894,-307.50,-1606.50,7.3708,-7.1879
27101800,-362.50,-1151.50,9.2894,-3.4676
27105706,-239.50,421.50,-6.8187,-5.2320
27109612,-109.50,1083.50,-26.3324,-1.7413
27113518,-152.50,-102.50,-33.4167,11.6088
27117424,-308.50,-1504.50,-26.1961,19.8493
27121330,-364.50,-1277.50,-15.2307,19.0240
27125236,-219.50,254.50,-6.6050,14.4336
27129142,-80.50,1123.50,0.7532,13.0688
27133048,-124.50,98.50,2.9264,20.0969
27136954,-284.50,-1401.50,-0.9796,21.8516
27140860,-367.50,-1373.50,-5.1149,21.7416
27144766,-257.50,95.50,-8.1582,29.5504
27148672,-111.50,1165.50,-11.5751,41.8977
27152578,-132.50,301.50,-17.1040,51.9588
27156484,-285.50,-1234.50,-23.2623,48.3257
27160390,-389.50,-1455.50,-26.3981,45.1293
27164296,-284.50,-104.50,-25.8107,46.8150
27168202,-145.50,1131.50,-25.1468,45.4333
27172108,-143.50,496.50,-31.6348,48.2349
27176014,-268.50,-1084.50,-38.4344,47.1143
27179920,-380.50,-1551.50,-33.7773,41.2927
27183826,-305.50,-294.50,-23.9762,37.3376
27187732,-164.50,1093.50,-21.5276,42.4213
27191638,-136.50,682.50,-30.3006,58.2523
27195544,-256.50,-917.50,-39.2284,60.6661
27199450,-386.50,-1594.50,-37.9462,47.5091
27203356,-334.50,-480.50,-31.9647,38.9888
27207266,-143.50,995.50,-23.1500,42.7864
27211172,-84.50,786.50,-9.7470,46.5305
27215078,-207.50,-746.50,-0.0932,33.7436
27218984,-341.50,-1634.50,3.3198,18.4690
27222890,-316.50,-722.50,5.6429,9.7704
27226796,-156.50,816.50,6.9938,0.9279
27230702,-79.50,883.50,5.9554,-5.4618
27234608,-188.50,-559.50,2.7983,-7.0599
27238514,-314.50,-1606.50,3.6760,2.4862
27242420,-307.50,-890.50,13.5660,16.0662
27246326,-175.50,656.50,20.6630,12.2292
27250232,-88.50,1006.50,13.4700,-0.7832
27254138,-172.50,-351.50,0.2413,-0.8464
27258044,-344.50,-1590.50,-9.4367,6.0943
27261950,-364.50,-1087.50,-16.2117,3.8831
27265856,-228.50,505.50,-21.1583,-6.8733
27269762,-122.50,1104.50,-26.5041,-5.6360
27273668,-184.50,-153.50,-32.6171,9.8352
27277574,-333.50,-1500.50,-33.5082,18.0601
27281480,-354.50,-1205.50,-24.4002,19.2493
27285386,-207.50,367.50,-7.1391,20.2866
27289292,-94.50,1174.50,6.2658,28.1312
27293198,-160.50,69.50,2.7156,40.2598
27297104,-303.50,-1410.50,-9.7148,36.2991
27301010,-367.50,-1312.50,-13.8456,26.5926
27304916,-245.50,177.50,-9.8810,26.0341
27308822,-97.50,1193.50,-4.1680,32.3844
27312728,-97.50,257.50,4.4690,39.9914
27316634,-253.50,-1280.50,15.9129,33.3340
27320540,-348.50,-1439.50,21.9485,21.8206
27324446,-249.50,-24.50,19.1065,17.1779
27328352,-112.50,1150.50,11.8626,17.9932
27332258,-105.50,435.50,4.1614,22.1162
27336164,-252.50,-1135.50,0.6951,18.8269
27340070,-351.50,-1548.50,2.5898,11.1835
27343976,-256.50,-255.50,8.8180,0.4198
27347882,-80.50,1040.50,20.7152,-13.6477
27351788,-79.50,567.50,30.2070,-23.5042
27355694,-239.50,-1024.50,24.0005,-31.2033
27359600,-397.50,-1625.50,1.4830,-33.8850
27363506,-341.50,-473.50,-25.6771,-31.1955
27367412,-160.50,944.50,-39.5403,-31.7372
27371318,-114.50,705.50,-35.6181,-35.7929
27375224,-252.50,-814.50,-29.5274,-34.7747
27379130,-374.50,-1613.50,-27.7960,-17.8948
27383036,-330.50,-639.50,-23.4391,2.2339
27386942,-180.50,874.50,-18.5848,6.8247
27390848,-110.50,858.50,-19.6015,0.1061
27394754,-203.50,-643.50,-19.8389,-12.4166
27398660,-354.50,-1642.50,-13.6091,-21.7648
27402566,-365.50,-866.50,-11.9899,-25.2286
27406472,-198.50,699.50,-19.2368,-32.5392
27410378,-85.50,974.50,-20.3795,-34.3209
27414284,-176.50,-426.50,-10.2291,-22.7992
27418190,-322.50,-1595.50,1.6269,-9.3495
27422096,-340.50,-1037.50,8.7029,-6.4893
27426002,-201.50,546.50,8.0309,-19.2261
27429908,-62.50,1061.50,6.4768,-27.7424
27433814,-138.50,-226.50,12.5319,-19.3977
27437720,-303.50,-1545.50,18.6579,-10.6773
27441626,-356.50,-1186.50,15.9382,-10.0184
27445532,-224.50,378.50,6.1558,-17.3198
27449438,-84.50,1120.50,-1.1358,-20.6926
27453344,-140.50,-41.50,-1.2817,-14.8915
27457250,-303.50,-1471.50,-0.1626,-16.3426
27461156,-339.50,-1333.50,3.3598,-22.3519
27465062,-221.50,174.50,12.1680,-29.4041
27468968,-114.50,1118.50,12.7530,-34.7373
27472874,-143.50,151.50,-1.5116,-30.2228
27476780,-292.50,-1374.50,-14.0166,-28.7530
27480686,-358.50,-1440.50,-12.2823,-29.3075
27484592,-288.50,-15.50,-8.1120,-27.2760
27488498,-150.50,1066.50,-17.3058,-33.8997
27492404,-131.50,317.50,-28.8888,-45.0363
27496310,-254.50,-1224.50,-22.8296,-47.3050
27500216,-346.50,-1560.50,-2.7820,-38.9427
27504122,-250.50,-221.50,15.7612,-34.9404
27508028,-95.50,1041.50,26.6027,-37.5136
27511934,-78.50,464.50,29.6611,-42.8896
27515840,-234.50,-1107.50,24.9670,-56.0962
27519746,-341.50,-1664.50,17.3469,-66.4262
27523652,-277.50,-478.50,14.4450,-74.1088
27527558,-146.50,862.50,11.4014,-92.5599
27531464,-149.50,558.50,-6.1167,-116.1907
27535370,-261.50,-1015.50,-31.4995,-131.9859
27539276,-399.50,-1758.50,-44.6432,-134.2990
27543182,-341.50,-730.50,-43.7433,-130.5043
27547088,-196.50,730.50,-38.3687,-134.5312
27550994,-137.50,661.50,-37.0225,-144.7085
27554900,-239.50,-815.50,-38.0446,-144.8396
27558806,-375.50,-1727.50,-34.4661,-122.6051
27562712,-346.50,-886.50,-27.3985,-93.5167
27566618,-204.50,642.50,-22.3273,-85.3533
27570524,-142.50,822.50,-26.1794,-92.3019
27574430,-209.50,-589.50,-32.5023,-92.4813
27578336,-344.50,-1695.50,-26.2703,-80.0942
27582242,-334.50,-1069.50,-10.3975,-69.0365
27586148,-149.50,511.50,9.6953,-72.6474
27590054,-34.50,944.50,34.9161,-74.6939
27593960,-100.50,-367.50,57.4880,-62.7051
27597866,-242.50,-1617.50,71.9547,-46.3041
27601772,-273.50,-1202.50,78.7728,-35.3664
27605678,-182.50,372.50,70.9547,-37.6666
27609584,-118.50,1023.50,40.1689,-41.3839
27613490,-196.50,-183.50,-3.3503,-40.3379
27617396,-321.50,-1553.50,-31.3791,-43.4324
27621302,-386.50,-1342.50,-34.4750,-42.6206
27625208,-256.50,167.50,-30.0423,-43.4343
27629114,-144.50,1023.50,-29.2849,-51.6889
27633020,-162.50,7.50,-30.1236,-55.9523
27636926,-312.50,-1468.50,-27.1119,-56.6015
27640832,-381.50,-1465.50,-22.3795,-50.6325
27644738,-271.50,18.50,-20.1941,-37.0875
27648644,-157.50,1051.50,-22.6055,-23.7897
27652550,-176.50,224.50,-32.1183,-17.3432
27656456,-330.50,-1301.50,-43.5320,-17.9967
27660362,-420.50,-1540.50,-51.6033,-13.7121
27664268,-358.50,-159.50,-60.2408,-4.8868
27668174,-221.50,1022.50,-73.2706,-1.2099
27672080,-207.50,402.50,-83.7145,-6.1261
27675986,-317.50,-1183.50,-80.7429,-19.7124
27679892,-378.50,-1637.50,-59.2282,-29.7178
27683798,-331.50,-382.50,-32.8261,-28.0750
27687704,-208.50,927.50,-26.7924,-25.6080
27691610,-221.50,560.50,-47.2799,-28.1857
27695516,-344.50,-1007.50,-76.9715,-29.5115
27699422,-444.50,-1663.50,-91.8915,-22.3578
27703328,-400.50,-575.50,-88.3266,-10.3871
27707234,-271.50,841.50,-84.0934,-9.2171
27711140,-219.50,652.50,-87.3194,-26.9003
27715046,-334.50,-880.50,-91.2355,-54.7803
27718952,-373.50,-1727.50,-77.9889,-68.0584
27722858,-430.50,-812.50,-55.3553,-59.1805
27726764,-308.50,691.50,-62.2136,-51.2768
27730670,-219.50,791.50,-86.6248,-51.4608
27734576,-271.50,-655.50,-86.6981,-48.5014
27738482,-388.50,-1710.50,-61.0939,-40.1031
27742388,-372.50,-966.50,-32.8021,-29.2862
27746294,-254.50,603.50,-18.3207,-18.2394
27750200,-207.50,980.50,-25.3219,0.2368
27754106,-290.50,-375.50,-48.2921,27.7928
27758012,-418.50,-1564.50,-66.4176,51.6793
27761918,-431.50,-1052.50,-68.9630,67.6309
27765824,-308.50,563.50,-63.5841,80.1759
27769730,-205.50,1241.50,-58.4071,116.5455
27773636,-255.50,-8.50,-53.5261,177.1228
27777542,-375.50,-1280.50,-45.2267,224.7496
27781448,-409.50,-920.50,-33.8214,269.1860
27785354,-296.50,744.50,-25.4482,333.4963
27789260,-182.50,2000.50,-22.2440,482.2265
27793166,-202.50,511.50,-18.1452,652.8319
27797072,-333.50,-861.50,-8.9691,661.7829
27800978,-385.50,-710.50,0.8245,600.3198
27804884,-298.50,882.50,4.2673,615.0303
27808790,-175.50,2047.50,0.7177,697.9245
27812696,-191.50,1109.50,-3.2926,799.3150
27816602,-318.50,-319.50,-2.8778,862.9814
27820508,-399.50,-400.50,-0.5906,913.7466
27824414,-330.50,1167.50,-3.2664,987.1620
27828320,-200.50,2047.50,-11.0932,1015.6969
27832226,-207.50,1764.50,-18.4684,1002.8150
27836132,-321.50,171.50,-21.6730,1064.8337
27840038,-399.50,-138.50,-17.0351,1166.7620
27843944,-315.50,1390.50,-4.8135,1257.0402
27847850,-188.50,2047.50,7.4866,1248.3068
27851756,-156.50,2047.50,13.8419,1112.0552
27855662,-257.50,455.50,19.4660,1071.7773
27859568,-374.50,21.50,25.8660,1164.7369
27863474,-356.50,1407.50,21.0502,1299.9842
27867380,-245.50,2047.50,0.7271,1315.1363
27871286,-220.50,2047.50,-24.9166,1107.1597
27875192,-310.50,715.50,-41.4235,964.3214
27879098,-441.50,78.50,-45.0602,1046.4518
27883004,-398.50,1221.50,-43.4669,1214.5547
27886910,-262.50,2047.50,-38.4285,1245.5691
27890816,-207.50,2047.50,-32.8365,1034.3071
27894722,-280.50,955.50,-28.7046,861.0498
27898628,-389.50,118.50,-19.7024,935.8853
27902534,-382.50,1009.50,-7.9341,1108.4977
27906440,-223.50,2047.50,3.6287,1148.1054
27910346,-116.50,2047.50,22.2248,957.7077
27914252,-197.50,1264.50,43.6285,787.3538
27918158,-346.50,237.50,51.0898,879.8092
27922064,-352.50,898.50,44.1953,1070.4309
27925970,-232.50,2047.50,36.8435,1117.3222
27929876,-144.50,2047.50,32.9222,928.0585
27933782,-206.50,1594.50,29.1236,740.8847
27937688,-347.50,315.50,24.8767,829.2421
27941594,-398.50,759.50,17.5923,1003.1579
27945500,-284.50,2047.50,7.0883,1045.4038
27949406,-168.50,2047.50,1.2306,883.7334
27953312,-191.50,1889.50,5.9784,701.5373
27957218,-363.50,368.50,11.0512,773.2255
27961124,-413.50,592.50,4.2260,904.7850
27965030,-287.50,2047.50,-1.7211,937.4917
27968936,-161.50,2047.50,5.7896,826.4826
27972842,-162.50,2047.50,20.1755,651.9091
27976748,-317.50,498.50,30.5827,688.0866
27980654,-416.50,447.50,25.2976,794.8819
27984560,-313.50,2047.50,10.1521,842.7991
27988466,-140.50,2047.50,10.2783,785.5062
27992372,-98.50,2047.50,36.5706,594.8425
27996278,-323.50,596.50,55.7979,547.6788
28000184,-450.50,163.50,30.8083,595.1895
28004090,-394.50,2047.50,-16.4384,653.3293
28007996,-222.50,2047.50,-42.7422,691.3245
28011902,-133.50,2047.50,-28.6595,542.6672
28015808,-250.50,833.50,12.9280,458.2461
28019714,-373.50,-45.50,44.6707,483.9931
28023620,-332.50,1286.50,49.0433,419.9693
28027526,-153.50,2047.50,44.3931,321.3681
28031432,-15.50,2047.50,64.0848,241.4313
28035338,-186.50,1328.50,100.3412,345.6686
28039244,-430.50,-398.50,91.9588,473.8069
28043150,-463.50,192.50,21.9697,191.7687
28047056,-207.50,2047.50,-35.6798,-177.0435
28050962,39.50,2047.50,0.7155,-158.8593
28054868,-78.50,1821.50,102.6372,213.4261
28058774,-370.50,-306.50,148.2607,540.4834
28062680,-454.50,-0.50,87.8413,308.9893
28066586,-230.50,2047.50,6.4298,-112.3843
28070492,10.50,2047.50,5.8366,-154.8809
28074398,-51.50,2047.50,79.6990,145.8568
28078304,-337.50,97.50,127.5564,507.7408
28082210,-466.50,144.50,86.7058,450.8425
28086116,-237.50,2047.50,17.4562,138.1116
28090022,7.50,2047.50,16.2902,10.9029
28093928,-44.50,2047.50,77.5274,107.2173
28097834,-303.50,638.50,115.7054,402.3351
28101740,-453.50,387.50,84.8240,544.1424
28105646,-236.50,2047.50,33.2801,406.6429
28109552,48.50,2047.50,43.3921,214.6173
28113458,-0.50,2047.50,107.2135,106.3304
28117364,-306.50,980.50,131.6767,282.5793
28121270,-557.50,417.50,64.0347,498.0737
28125176,-399.50,2047.50,-40.8064,472.6743
28129082,-109.50,2047.50,-80.0578,300.5652
28132988,-32.50,2047.50,-28.4482,102.9815
28136894,-270.50,1346.50,40.6424,202.3571
28140800,-512.50,413.50,46.4384,466.0552
28144706,-404.50,2047.50,-6.0861,512.1935
28148612,-83.50,2047.50,-31.9093,360.3475
28152518,54.50,2047.50,19.3179,105.3145
28156424,-222.50,1706.50,86.8711,140.8588
28160330,-512.50,335.50,77.2660,421.4924
28164236,-431.50,2047.50,4.1867,499.5598
28168142,-142.50,2047.50,-38.7594,378.2020
28172048,21.50,2047.50,-9.0819,107.7774
28175954,-148.50,1934.50,54.5710,78.1291
28179860,-399.50,311.50,87.6589,338.9079
28183766,-393.50,2047.50,69.2411,450.5562
28187672,-128.50,2047.50,39.4655,388.1660
28191578,16.50,2047.50,39.2892,123.0517
28195484,-145.50,2047.50,58.1657,18.3184
28199390,-431.50,304.50,56.3712,222.0912
28203296,-447.50,1335.50,23.5262,242.8286
28207202,-201.50,2047.50,-6.2970,84.5014
28211108,16.50,2047.50,1.5651,-103.4033
28215014,-121.50,2047.50,35.7926,-110.1127
28218920,-430.50,285.50,45.1334,87.0365
28222826,-463.50,782.50,15.3376,48.9175
28226732,-241.50,2047.50,-12.0678,-145.7509
28230638,-13.50,2047.50,-8.1424,-250.3841
28234544,-98.50,2047.50,18.2597,-196.5914
28238450,-382.50,335.50,34.0723,-23.3568
28242356,-491.50,402.50,17.9738,-86.7185
28246266,-256.50,2047.50,-5.7850,-276.2011
28250172,29.50,2047.50,5.8046,-315.2990
28254078,-15.50,2047.50,51.6031,-245.5605
28257984,-315.50,395.50,80.7925,-121.7080
28261890,-450.50,92.50,66.0892,-210.0904
28265796,-274.50,2047.50,35.3268,-378.6983
28269702,-26.50,2047.50,21.7480,-348.1919
28273608,-13.50,2047.50,32.3152,-269.2640
28277514,-295.50,511.50,47.1100,-195.2588
28281420,-472.50,-144.50,39.3428,-296.3360
28285326,-345.50,2047.50,12.2773,-436.6427
28289232,-47.50,2047.50,-2.7963,-347.8020
28293138,-19.50,2047.50,10.2766,-271.7222
28297044,-294.50,649.50,23.9275,-252.2782
28300950,-456.50,-354.50,17.9076,-369.0397
28304856,-320.50,1847.50,13.9517,-517.0447
28308762,-63.50,2047.50,23.6329,-420.2955
28312668,16.50,2047.50,37.2481,-328.9125
28316574,-214.50,816.50,46.8946,-309.8889
28320480,-463.50,-530.50,39.9375,-417.3400
28324386,-399.50,1005.50,14.3001,-676.9287
28328292,-116.50,2047.50,-6.2304,-737.3584
28332198,-1.50,2047.50,-3.3089,-589.2105
28336104,-192.50,938.50,12.9598,-424.3638
28340010,-446.50,-693.50,20.7202,-468.2078
28343916,-410.50,412.50,12.7606,-782.8365
28347822,-143.50,2047.50,2.9957,-919.8123
28351728,13.50,2047.50,6.0600,-724.2974
28355634,-160.50,1051.50,17.8834,-491.2037
28359540,-442.50,-800.50,18.9488,-516.2519
28363446,-495.50,-47.50,-4.8247,-859.8138
28367352,-225.50,2047.50,-37.4796,-1023.5889
28371258,-0.50,2047.50,-41.8377,-783.1682
28375164,-112.50,1344.50,-11.0680,-492.3532
28379070,-438.50,-814.50,12.3433,-472.1599
28382976,-522.50,-546.50,-6.1470,-853.2493
28386882,-213.50,2047.50,-32.7479,-1094.9452
28390788,6.50,2047.50,-22.0552,-833.8351
28394694,-74.50,1498.50,10.3537,-509.3744
28398600,-345.50,-814.50,33.9323,-486.4484
28402506,-431.50,-952.50,41.8527,-886.3317
28406412,-237.50,2047.50,36.6189,-1140.5007
28410318,6.50,2047.50,27.1879,-833.2589
28414224,-65.50,1781.50,22.4343,-470.2902
28418130,-367.50,-720.50,14.4985,-423.6315
28422036,-512.50,-1317.50,-5.6319,-840.1467
28425942,-293.50,1231.50,-22.6098,-1267.3343
28429848,-47.50,2047.50,-21.4300,-1141.8047
28433754,-58.50,1995.50,-11.5289,-711.2684
28437660,-304.50,-627.50,-0.9579,-472.2634
28441566,-484.50,-1605.50,6.1940,-805.6676
28445472,-328.50,591.50,2.9056,-1315.9627
28449378,-37.50,2047.50,-0.1190,-1305.9197
28453284,-8.50,2047.50,8.9323,-862.6681
28457190,-280.50,-447.50,17.7837,-540.2319
28461096,-489.50,-1845.50,11.4684,-804.3038
28465002,-366.50,-37.50,-3.6525,-1349.9103
28468908,-62.50,2047.50,-8.4833,-1424.3851
28472814,33.50,2047.50,7.6741,-973.3506
28476720,-161.50,23.50,39.4809,-557.1613
28480626,-441.50,-1956.50,60.7025,-688.0446
28484532,-404.50,-751.50,43.5350,-1265.8555
28488438,-82.50,2047.50,11.6012,-1496.5171
28492344,182.50,2047.50,30.9589,-1072.6227
28496250,112.50,1297.50,129.3243,-439.2724
28500156,-289.50,-1380.50,222.0782,-146.1174
28504062,-524.50,-1824.50,176.9150,-704.7826
28507968,-266.50,819.50,15.6939,-1599.5226
28511874,138.50,2047.50,-70.8736,-1719.6255
28515780,163.50,1631.50,24.8434,-962.3597
28519686,-258.50,-1236.50,171.2450,-258.3544
28523592,-592.50,-2038.50,161.8029,-553.4516
28527498,-425.50,338.50,-12.3553,-1429.1856
28531404,32.50,2047.50,-142.8031,-1686.7987
28535310,176.50,1925.50,-70.2808,-1020.4099
28539216,-196.50,-1012.50,103.9381,-270.5127
28543122,-576.50,-2047.50,150.4303,-427.5542
28547028,-445.50,-96.50,19.1787,-1224.6885
28550934,-9.50,2047.50,-108.1109,-1564.1912
28554840,173.50,2047.50,-70.6323,-1028.7722
28558746,-157.50,-783.50,70.8553,-328.0996
28562652,-538.50,-2047.50,127.3335,-390.8289
28566558,-466.50,-633.50,33.9222,-1097.3787
28570464,-52.50,2047.50,-78.6132,-1488.0898
28574370,141.50,2047.50,-70.6314,-1053.0891
28578276,-138.50,-512.50,31.2343,-406.3005
28582182,-534.50,-2047.50,82.7258,-389.1305
28586088,-527.50,-1053.50,12.0250,-983.1622
28589994,-101.50,2047.50,-86.2314,-1368.5305
28593900,133.50,2047.50,-83.0601,-1003.6516
28597806,-79.50,-303.50,12.1914,-448.1714
28601712,-480.50,-2047.50,78.1549,-419.6512
28605618,-530.50,-1487.50,36.5027,-932.6691
28609524,-172.50,1933.50,-55.3382,-1302.7215
28613430,144.50,2047.50,-75.7748,-986.0850
28617336,-3.50,-32.50,5.3802,-485.4079
28621242,-410.50,-2047.50,86.4451,-430.0983
28625148,-538.50,-1797.50,66.8626,-865.2303
28629054,-202.50,1126.50,-19.9217,-1309.2475
28632960,149.50,2047.50,-53.4828,-1194.4160
28636866,55.50,269.50,11.4587,-714.4057
28640772,-358.50,-2047.50,88.3629,-493.6742
28644678,-559.50,-2013.50,74.9476,-789.8824
28648584,-248.50,656.50,-9.4530,-1213.5401
28652490,119.50,2047.50,-52.3672,-1189.7769
28656396,73.50,655.50,-5.7374,-750.8734
28660302,-352.50,-2047.50,56.6527,-474.9675
28664208,-598.50,-2047.50,41.9415,-694.2715
28668114,-350.50,224.50,-39.9286,-1071.3938
28672020,72.50,2047.50,-87.4005,-1104.9112
28675926,96.50,919.50,-42.4615,-743.5073
28679832,-303.50,-2047.50,31.6802,-490.1594
28683738,-591.50,-2047.50,38.4407,-666.1178
28687644,-378.50,-191.50,-23.4118,-964.1508
28691550,48.50,2047.50,-65.8706,-1004.4359
28695456,123.50,1202.50,-33.3245,-690.3925
28699362,-270.50,-1921.50,24.8749,-450.6329
28703268,-624.50,-2047.50,21.6113,-594.2728
28707174,-453.50,-712.50,-45.9126,-863.1859
28711080,-2.50,2047.50,-90.1671,-946.8588
28714986,145.50,1393.50,-54.7249,-669.9916
28718892,-207.50,-1770.50,13.6054,-439.1920
28722798,-591.50,-2047.50,28.4835,-556.9119
28726704,-477.50,-1193.50,-22.0528,-785.5734
28730610,-79.50,1897.50,-71.1146,-902.8861
28734516,119.50,1676.50,-66.8175,-657.1650
28738422,-176.50,-1536.50,-23.6169,-398.6465
28742328,-556.50,-2047.50,-0.0717,-476.0484
28746234,-527.50,-1588.50,-25.6211,-685.3693
28750140,-98.50,1203.50,-60.0871,-916.4432
28754046,151.50,1986.50,-49.1580,-817.7278
28757952,-101.50,-1199.50,-2.0002,-489.1456
28761858,-512.50,-2047.50,22.8561,-407.0629
28765764,-524.50,-1834.50,1.1458,-547.1497
28769670,-136.50,822.50,-31.0764,-803.2689
28773576,176.50,2047.50,-26.3631,-802.1835
28777482,-19.50,-807.50,16.4585,-513.5423
28781388,-476.50,-2047.50,41.9554,-375.7577
28785294,-582.50,-1990.50,10.3951,-448.9420
28789200,-230.50,471.50,-44.9737,-679.8976
28793106,107.50,2047.50,-66.0405,-738.9328
28797012,-1.50,-416.50,-37.2199,-507.7602
28800918,-430.50,-2047.50,1.1566,-354.0561
28804824,-596.50,-2047.50,-0.0260,-373.8174
28808730,-272.50,63.50,-33.7268,-560.2492
28812636,118.50,2047.50,-47.1086,-662.1968
28816542,63.50,-47.50,-15.8982,-484.3412
28820448,-369.50,-2047.50,22.1758,-333.2617
28824354,-592.50,-2047.50,19.6921,-322.4036
28828260,-325.50,-277.50,-17.1775,-443.1277
28832166,78.50,2047.50,-41.7249,-542.3112
28836072,69.50,324.50,-28.8216,-404.0013
28839978,-341.50,-2047.50,-4.1735,-286.1566
28843884,-605.50,-2047.50,-4.8040,-290.3773
28847790,-369.50,-604.50,-27.9014,-362.4053
28851696,55.50,2047.50,-38.9166,-431.7996
28855602,115.50,640.50,-19.4098,-309.5378
28859508,-239.50,-2047.50,14.1741,-241.2607
28863414,-555.50,-2047.50,30.6191,-289.1250
28867320,-401.50,-972.50,15.1929,-326.7811
28871226,25.50,1696.50,-8.3258,-412.0018
28875132,119.50,972.50,-11.4884,-355.7857
28879038,-207.50,-2047.50,1.0556,-294.0349
28882944,-556.50,-2047.50,8.2535,-321.3375
28886850,-442.50,-1289.50,-1.3552,-300.5507
28890756,-16.50,1303.50,-13.4338,-378.6324
28894662,170.50,1203.50,-5.1440,-390.9233
28898568,-131.50,-1813.50,19.6092,-328.3242
28902474,-512.50,-2047.50,33.5466,-296.0926
28906380,-444.50,-1617.50,26.4789,-233.3316
28910286,-46.50,941.50,15.1393,-336.3958
28914192,195.50,1405.50,17.0613,-404.2574
28918098,-63.50,-1448.50,33.6684,-318.7347
28922004,-437.50,-2047.50,49.9799,-224.5583
28925910,-453.50,-1774.50,53.2819,-125.4063
28929816,-79.50,454.50,43.2387,-252.9030
28933722,176.50,979.50,30.3985,-501.5738
28937628,-31.50,-1238.50,25.1140,-596.1750
28941534,-399.50,-2047.50,30.8983,-449.8718
28945440,-442.50,-1853.50,46.5184,-155.6918
28949346,-143.50,165.50,51.8987,-134.4761
28953252,82.50,860.50,21.8659,-397.7661
28957158,-79.50,-991.50,-29.1004,-596.5461
28961064,-410.50,-2047.50,-51.5956,-496.8254
28964970,-493.50,-1928.50,-26.2199,-164.3319
28968876,-192.50,-2.50,9.0619,-42.3683
28972782,64.50,849.50,8.4966,-248.8799
28976688,-37.50,-706.50,-25.6874,-483.7574
28980594,-351.50,-2047.50,-42.0612,-454.8393
28984500,-462.50,-1999.50,-9.1441,-159.5983
28988406,-240.50,-224.50,31.5133,8.9438
28992312,34.50,784.50,22.4140,-152.6825
28996218,15.50,-453.50,-21.0071,-407.7989
29000124,-312.50,-2047.50,-37.6457,-433.9149
29004030,-465.50,-2033.50,-7.9209,-171.4206
29007936,-308.50,-355.50,24.6047,63.4781
29011842,11.50,825.50,11.7717,-0.4290
29015748,-15.50,-210.50,-35.5367,-240.0847
29019654,-301.50,-2047.50,-66.7589,-352.2467
29023560,-491.50,-2047.50,-47.7040,-179.2649
29027466,-304.50,-484.50,0.0464,93.0930
29031372,-33.50,842.50,15.7481,127.9260
29035278,-22.50,33.50,-26.8228,-79.4206
29039184,-286.50,-1850.50,-76.5564,-231.9045
29043090,-512.50,-2047.50,-73.8810,-106.0558
29046996,-382.50,-730.50,-34.6705,155.6946
29050902,-81.50,734.50,-17.4015,190.1060
29054808,23.50,210.50,-39.9014,-25.5537
29058714,-216.50,-1651.50,-60.4903,-190.7640
29062620,-488.50,-2047.50,-45.7348,-73.8982
29066526,-431.50,-906.50,-17.8613,205.3165
29070432,-130.50,711.50,-17.9287,284.1101
29074338,7.50,443.50,-50.5775,107.3779
29078244,-199.50,-1382.50,-77.7067,-60.0895
29082150,-456.50,-2047.50,-63.0455,13.9838
29086056,-404.50,-1070.50,-14.9539,259.3770
29089962,-120.50,650.50,17.6445,354.3412
29093868,37.50,621.50,2.0802,211.0542
29097774,-117.50,-1117.50,-29.1782,41.5558
29101680,-406.50,-2047.50,-25.1133,74.9226
29105586,-431.50,-1228.50,7.9652,286.7757
29109492,-157.50,511.50,24.6703,392.9929
29113398,42.50,747.50,4.5906,274.4276
29117304,-114.50,-886.50,-29.8829,101.7661
29121210,-331.50,-2047.50,-29.1702,98.6354
29125116,-352.50,-1413.50,28.7761,276.2770
29129022,-113.50,362.50,88.4563,396.8611
29132928,71.50,851.50,85.4292,320.5540
29136834,-64.50,-652.50,31.0431,163.0727
29140740,-322.50,-2047.50,-6.5716,123.9044
29144646,-420.50,-1592.50,9.1430,254.0407
29148552,-229.50,181.50,32.8463,379.1545
29152458,-48.50,906.50,5.5501,343.3163
29156364,-111.50,-404.50,-59.5469,208.6231
29160270,-370.50,-1980.50,-94.4914,155.1069
29164176,-463.50,-1744.50,-66.7493,254.8945
29168082,-287.50,-15.50,-19.7083,378.0354
29171988,-49.50,910.50,-13.9502,363.6777
29175894,-94.50,-192.50,-52.3334,235.9146
29179800,-364.50,-1832.50,-86.8130,172.9854
29183706,-512.50,-1840.50,-81.8560,269.7992
29187612,-354.50,-171.50,-54.7826,411.8522
29191518,-109.50,929.50,-51.1889,426.1587
29195424,-91.50,-20.50,-80.2248,296.1562
29199330,-356.50,-1750.50,-105.8176,183.0281
29203236,-579.50,-1992.50,-107.1838,224.0486
29207142,-464.50,-457.50,-102.1756,347.8565
29211048,-255.50,741.50,-122.7012,360.5482
29214954,-303.50,64.50,-190.8279,216.7308
29218860,-559.50,-1698.50,-276.8158,86.9759
29222766,-847.50,-2047.50,-330.7846,136.9430
29226672,-946.50,-975.50,-382.9714,261.9995
29230578,-787.50,311.50,-490.4038,195.3803
29234484,-850.50,-220.50,-641.5703,-69.6289
29238390,-1138.50,-2032.50,-786.0246,-306.6295
29242296,-1438.50,-2047.50,-878.1085,-245.5251
29246202,-1413.50,-1512.50,-912.5658,23.8831
29250108,-1175.50,-175.50,-924.0916,12.6372
29254014,-1167.50,-436.50,-958.2771,-310.8594
29257920,-1328.50,-2047.50,-1013.1085,-570.0586
29261826,-1576.50,-2047.50,-1030.1982,-437.8290
29265732,-1522.50,-1710.50,-992.2945,-36.9912
29269638,-1256.50,-313.50,-938.4662,56.9627
29273544,-1101.50,-357.50,-906.9920,-225.0067
29277450,-1192.50,-1985.50,-888.8576,-513.0210
29281356,-1263.50,-2047.50,-820.3237,-447.4636
29285266,-1373.50,-1842.50,-707.4465,-57.3460
29289172,-1228.50,-456.50,-660.0804,92.7608
29293078,-995.50,-208.50,-694.1145,-128.7428
29296984,-1009.50,-1716.50,-705.9927,-380.7944
29300890,-1199.50,-2047.50,-643.6300,-337.0643
29304796,-1232.50,-1941.50,-544.8818,-1.5770
29308702,-964.50,-519.50,-459.6425,155.9218
29312608,-633.50,-13.50,-388.8233,4.5637
29316514,-665.50,-1332.50,-315.5321,-182.5790
29320420,-929.50,-2047.50,-254.0638,-156.7423
29324326,-996.50,-1997.50,-212.2813,90.0475
29328232,-804.50,-552.50,-180.1865,228.7786
29332138,-478.50,183.50,-149.1722,147.8223
29336044,-378.50,-959.50,-91.1809,22.9341
29339950,-690.50,-2047.50,-15.8043,17.0059
29343856,-857.50,-2016.50,21.1342,166.9898
29347762,-690.50,-562.50,17.7710,296.1917
29351668,-442.50,336.50,5.2634,290.6796
29355574,-422.50,-666.50,-5.9307,205.3276
29359480,-565.50,-2047.50,8.5546,141.7689
29363386,-661.50,-2047.50,74.5533,195.2324
29367292,-543.50,-635.50,156.9371,317.9926
29371198,-292.50,486.50,196.4907,388.2954
29375104,-73.50,-239.50,217.6478,385.0559
29379010,-239.50,-1914.50,280.1745,339.7422
29382916,-527.50,-2047.50,344.6113,324.0765
29386822,-357.50,-641.50,366.0270,407.4559
29390728,-15.50,706.50,389.5336,532.1295
29394634,110.50,247.50,434.8425,617.4347
29398540,-33.50,-1433.50,480.0854,638.6182
29402446,-206.50,-1973.50,527.6036,616.5085
29406352,-75.50,-591.50,587.2483,635.3423
29410258,232.50,1011.50,650.3122,749.2284
29414164,354.50,750.50,689.3989,894.0010
29418070,212.50,-926.50,697.7804,956.1554
29421976,-43.50,-1793.50,697.5732,913.7474
29425882,-13.50,-618.50,699.5502,862.7323
29429788,246.50,1101.50,701.5282,906.5864
29433694,389.50,1039.50,694.1812,1013.8247
29437600,219.50,-687.50,670.2168,1041.9082
29441506,-79.50,-1741.50,635.4215,953.0788
29445412,-128.50,-837.50,598.8886,858.6676
29449318,111.50,859.50,568.8555,844.8021
29453224,235.50,1075.50,537.2004,887.8899
29457130,64.50,-542.50,485.7208,895.1385
29461036,-290.50,-1871.50,415.2960,810.4436
29464942,-385.50,-1327.50,344.0677,673.3528
29468848,-305.50,336.50,271.3423,559.6924
29472754,-207.50,756.50,171.0695,504.2955
29476660,-400.50,-750.50,46.0444,456.7422
29480566,-796.50,-2047.50,-79.6486,389.9483
29484472,-954.50,-1865.50,-188.1459,318.0415
29488378,-736.50,-202.50,-252.5586,227.2173
29492284,-555.50,610.50,-274.8740,178.6683
29496190,-640.50,-708.50,-294.7095,191.6558
29500096,-882.50,-2047.50,-316.5539,209.2540
29504002,-1000.50,-1989.50,-314.1010,224.8884
29507908,-795.50,-350.50,-287.2738,220.9782
29511814,-520.50,663.50,-253.1941,223.2704
29515720,-493.50,-399.50,-221.0976,253.7955
29519626,-751.50,-2047.50,-194.3938,254.2432
29523532,-913.50,-2047.50,-176.4591,227.4852
29527438,-753.50,-462.50,-163.2598,233.3803
29531344,-428.50,829.50,-141.0264,299.2688
29535250,-284.50,-15.50,-90.8783,392.7454
29539156,-482.50,-1859.50,-14.8798,409.0308
29543062,-654.50,-2047.50,54.7777,344.5336
29546968,-512.50,-576.50,101.1695,319.6566
29550874,-224.50,1015.50,130.7659,399.2035
29554780,-102.50,506.50,153.1604,560.9879
29558686,-240.50,-1348.50,187.3897,671.2974
29562592,-377.50,-2047.50,249.2117,623.7140
29566498,-190.50,-559.50,337.4339,526.4386
29570404,134.50,1431.50,432.8646,604.6595
29574310,302.50,1341.50,507.5968,907.8408
29578216,165.50,-674.50,558.1267,1160.6903
29582122,-40.50,-1762.50,598.1637,1111.2662
29586028,59.50,-469.50,637.5125,903.4659
29589934,432.50,2047.50,691.4567,945.9009
29593840,680.50,2047.50,767.9143,1334.9324
29597746,511.50,-192.50,838.6631,1598.5552
29601652,256.50,-1622.50,868.1958,1410.2245
29605558,259.50,-654.50,864.6286,1032.0647
29609464,581.50,1892.50,863.4943,931.1285
29613370,818.50,2047.50,885.4307,1197.7563
29617276,671.50,105.50,912.3771,1408.5758
29621182,357.50,-1576.50,909.9207,1279.3511
29625088,244.50,-946.50,868.4935,963.5096
29628994,511.50,1487.50,814.6221,809.6511
29632900,780.50,2047.50,790.4722,968.5628
29636806,686.50,397.50,799.6101,1171.0799
29640712,313.50,-1578.50,794.3468,1129.4877
29644618,151.50,-1349.50,741.0927,844.1054
29648524,413.50,1006.50,675.4783,609.9143
29652430,710.50,2047.50,652.8593,690.8841
29656336,655.50,793.50,667.7034,953.2150
29660242,306.50,-1444.50,669.4450,1057.5402
29664148,91.50,-1651.50,626.8434,828.1461
29668054,272.50,653.50,559.0034,528.4179
29671960,585.50,2047.50,513.1534,538.2681
29675866,576.50,1105.50,505.4263,807.8480
29679772,227.50,-1327.50,499.1527,966.7129
29683678,-56.50,-1999.50,452.3313,742.4885
29687584,103.50,167.50,377.9467,367.4748
29691490,451.50,2047.50,333.8161,324.0287
29695396,490.50,1477.50,337.7002,657.8635
29699302,133.50,-1141.50,338.5896,922.4396
29703208,-164.50,-2047.50,292.6288,752.2691
29707114,-46.50,-250.50,223.2926,363.7704
29711020,336.50,2047.50,189.6306,261.6928
29714926,455.50,1814.50,211.3452,584.7011
29718832,125.50,-890.50,236.8265,891.1905
29722738,-216.50,-2047.50,208.5530,758.3681
29726644,-180.50,-661.50,136.8043,366.2763
29730550,220.50,2047.50,86.3996,220.3906
29734456,400.50,2047.50,99.6118,527.1962
29738362,140.50,-621.50,138.2523,841.3219
29742268,-248.50,-2047.50,134.0959,724.9599
29746174,-240.50,-1092.50,79.1569,332.4529
29750080,112.50,2047.50,29.8139,163.8011
29753986,336.50,2047.50,27.7623,448.6540
29757892,113.50,-307.50,50.1786,727.9394
29761798,-239.50,-2047.50,51.8033,629.0950
29765704,-277.50,-1376.50,25.3752,291.7967
29769610,-21.50,1681.50,-11.9751,104.2400
29773516,266.50,2047.50,-36.8579,296.4894
29777422,121.50,-15.50,-29.3530,533.4683
29781328,-302.50,-2047.50,-24.1106,493.8520
29785234,-463.50,-1711.50,-69.2760,215.6731
29789140,-137.50,1078.50,-133.9224,-23.2715
29793046,226.50,2047.50,-143.7944,55.8988
29796952,110.50,290.50,-97.6385,297.1347
29800858,-260.50,-2047.50,-63.6885,359.8351
29804764,-404.50,-1928.50,-71.3884,153.6958
29808670,-77.50,656.50,-83.5980,-75.1721
29812576,319.50,2047.50,-53.3961,-40.7208
29816482,223.50,641.50,1.5642,188.8623
29820388,-191.50,-2047.50,14.1901,282.6542
29824294,-469.50,-2047.50,-40.2723,100.7864
29828200,-210.50,267.50,-114.6742,-106.0826
29832106,174.50,2047.50,-141.1150,-84.8789
29836012,163.50,878.50,-117.1623,116.3926
29839918,-239.50,-1965.50,-102.7842,196.3674
29843824,-538.50,-2047.50,-136.0488,47.3423
29847730,-320.50,-133.50,-188.1947,-98.8896
29851636,80.50,2047.50,-203.2025,-83.0527
29855542,154.50,1157.50,-174.2112,90.5765
29859448,-234.50,-1732.50,-149.7584,174.7337
29863354,-565.50,-2047.50,-171.1732,59.9628
29867260,-409.50,-545.50,-217.3536,-65.5659
29871166,-5.50,2047.50,-236.4858,-80.1766
29875072,133.50,1527.50,-215.1813,94.8835
29878978,-185.50,-1418.50,-184.2934,221.4343
29882884,-512.50,-2047.50,-176.2343,128.1474
29886790,-418.50,-908.50,-187.8791,-15.7055
29890696,-6.50,2047.50,-190.6052,-62.5637
29894602,181.50,1901.50,-169.0343,130.5583
29898508,-113.50,-1096.50,-144.0276,292.0974
29902414,-489.50,-2047.50,-146.3347,189.9642
29906320,-441.50,-1261.50,-168.8258,7.2102
29910226,-16.50,2047.50,-172.8340,-57.2703
29914132,215.50,2047.50,-143.6638,144.9618
29918038,-42.50,-725.50,-113.8554,296.8778
29921944,-472.50,-2047.50,-121.7097,188.0731
29925850,-479.50,-1536.50,-158.2666,9.7347
29929756,-96.50,1381.50,-178.6139,-138.3693
29933662,213.50,2047.50,-160.1256,-94.2756
29937568,48.50,-346.50,-119.2247,46.8474
29941474,-357.50,-2047.50,-90.7485,75.2688
29945380,-537.50,-1769.50,-107.5276,-6.4409
29949286,-213.50,910.50,-162.2472,-159.7266
29953192,147.50,2047.50,-196.2794,-194.9337
29957098,-0.50,-26.50,-186.2219,-88.0932
29961004,-444.50,-2047.50,-179.0345,-24.1534
29964910,-591.50,-1962.50,-200.4007,-64.5214
29968816,-271.50,565.50,-221.5430,-181.6760
29972722,64.50,2047.50,-221.5431,-219.2149
29976628,22.50,336.50,-207.3121,-126.0988
29980534,-376.50,-2047.50,-190.9730,-67.4967
29984440,-573.50,-2047.50,-184.8627,-105.7707
29988346,-292.50,211.50,-184.8488,-186.1555
29992252,95.50,2047.50,-174.6578,-211.8754
29996158,95.50,706.50,-154.0852,-127.3896
30000064,-317.50,-2047.50,-142.3104,-87.7716
30003970,-610.50,-2047.50,-159.0955,-143.3015
30007876,-357.50,-121.50,-187.2775,-178.8398
30011782,46.50,2047.50,-190.2832,-172.3903
30015688,109.50,977.50,-168.8814,-105.1355
30019594,-245.50,-1892.50,-146.4981,-98.9930
30023500,-544.50,-2047.50,-137.1438,-160.1913
30027406,-364.50,-473.50,-137.5652,-159.6977
30031312,48.50,2047.50,-132.8324,-136.1500
30035218,162.50,1342.50,-119.3706,-54.5252
30039124,-208.50,-1568.50,-113.4755,-24.1657
30043030,-541.50,-2047.50,-126.6428,-79.5102
30046936,-421.50,-835.50,-142.4727,-101.2836
30050842,9.50,2047.50,-139.9401,-104.3666
30054748,148.50,1710.50,-125.3577,0.6193
30058654,-132.50,-1233.50,-116.5992,64.5459
30062560,-521.50,-2047.50,-118.9453,-3.7473
30066466,-463.50,-1205.50,-129.2101,-70.0191
30070372,-33.50,2047.50,-130.9196,-92.4833
30074278,163.50,2047.50,-118.1617,59.0574
30078184,-99.50,-861.50,-110.9211,164.2410
30082090,-512.50,-2047.50,-120.5400,72.0124
30085996,-513.50,-1497.50,-138.0090,-43.2673
30089902,-120.50,1390.50,-145.7463,-171.2441
30093808,138.50,2047.50,-139.9489,-173.9055
30097714,-61.50,-518.50,-131.6769,-82.3440
30101620,-440.50,-2047.50,-123.3172,-50.1022
30105526,-524.50,-1692.50,-115.9421,-59.8455
30109432,-186.50,853.50,-118.7964,-179.6123
30113338,107.50,2047.50,-130.9984,-272.9036
30117244,-79.50,-240.50,-147.8081,-230.6102
30121150,-453.50,-2047.50,-162.0827,-167.8584
30125056,-587.50,-1877.50,-163.2361,-126.2391
30128962,-292.50,462.50,-162.7415,-198.4696
30132868,37.50,2047.50,-172.4795,-296.8921
30136774,-79.50,16.50,-186.9537,-285.8565
30140680,-452.50,-2047.50,-195.7309,-250.7029
30144586,-589.50,-1972.50,-184.2688,-199.5016
30148492,-317.50,183.50,-158.6655,-194.8462
30152398,5.50,2047.50,-148.8909,-244.8629
30156304,-29.50,313.50,-162.1960,-254.4536
30160210,-373.50,-2047.50,-169.2174,-279.0274
30164116,-577.50,-2047.50,-151.1832,-266.4299
30168022,-350.50,-104.50,-126.2466,-212.6827
30171928,-13.50,2047.50,-121.7072,-202.4343
30175834,-26.50,556.50,-144.5747,-213.2630
30179740,-335.50,-1920.50,-165.9062,-284.9195
30183646,-578.50,-2047.50,-154.6238,-289.5408
30187552,-376.50,-356.50,-122.8478,-178.9955
30191458,-10.50,2020.50,-100.8533,-122.2124
30195364,61.50,802.50,-99.9665,-146.2097
30199270,-255.50,-1656.50,-105.4211,-253.4088
30203176,-465.50,-2047.50,-86.9322,-264.6615
30207082,-365.50,-641.50,-46.6673,-132.6596
30210988,-21.50,1638.50,-30.9970,-118.7738
30214894,78.50,998.50,-55.5394,-235.5507
30218800,-202.50,-1386.50,-85.6564,-349.8358
30222706,-525.50,-2047.50,-93.5560,-293.5026
30226612,-426.50,-932.50,-81.3903,-110.1230
30230518,-117.50,1296.50,-75.4666,-112.4237
30234424,18.50,1151.50,-100.9637,-288.2044
30238330,-210.50,-1077.50,-135.9177,-407.8822
30242236,-512.50,-2047.50,-137.1142,-311.0852
30246142,-460.50,-1165.50,-102.7711,-95.6304
30250048,-153.50,1047.50,-74.0356,-83.4740
30253954,48.50,1323.50,-81.8874,-263.8782
30257860,-133.50,-815.50,-102.1510,-395.3554
30261766,-425.50,-2047.50,-91.7019,-322.9489
30265672,-433.50,-1359.50,-48.0400,-115.0075
30269578,-130.50,813.50,-12.1427,-69.2563
30273484,91.50,1495.50,-15.9403,-216.5241
30277390,-64.50,-534.50,-42.6746,-343.0413
30281296,-378.50,-2047.50,-50.8220,-311.3272
30285202,-456.50,-1524.50,-28.9195,-139.9419
30289108,-193.50,567.50,-11.5220,-68.2757
30293014,68.50,1648.50,-25.5944,-169.5135
30296920,-47.50,-271.50,-54.7339,-282.2721
30300826,-382.50,-2047.50,-68.2547,-301.1884
30304732,-512.50,-1740.50,-58.4964,-194.1360
30308638,-257.50,306.50,-46.1182,-115.5377
30312544,35.50,1742.50,-50.4337,-159.7538
30316450,-47.50,40.50,-70.1297,-228.4906
30320356,-377.50,-2047.50,-86.6302,-274.7640
30324266,-530.50,-1915.50,-80.7361,-235.1113
30328172,-320.50,70.50,-63.4282,-153.8661
30332078,-5.50,1902.50,-61.7097,-117.8598
30335984,-24.50,336.50,-77.1166,-120.8173
30339890,-310.50,-1882.50,-83.4667,-187.2313
30343796,-489.50,-2036.50,-59.3199,-205.3683
30347702,-303.50,-172.50,-21.5332,-138.2217
30351608,13.50,1967.50,-5.3123,-71.2407
30355514,61.50,649.50,-14.8692,-39.2942
30359420,-249.50,-1717.50,-26.2170,-120.0017
30363326,-528.50,-2047.50,-30.7069,-173.5722
30367232,-388.50,-520.50,-36.5331,-115.9292
30371138,-15.50,2047.50,-39.5306,-36.9200
30375044,141.50,1409.50,-23.8707,108.8733
30378950,-180.50,-1469.50,3.2097,153.9747
30382856,-546.50,-2047.50,2.2087,42.8229
30386762,-466.50,-1008.50,-34.7650,-61.9707
30390668,-45.50,2047.50,-59.4030,-84.4387
30394574,121.50,1840.50,-42.8168,109.3325
30398480,-143.50,-1113.50,-13.4532,258.0310
30402386,-512.50,-2047.50,-7.1468,161.2316
30406292,-473.50,-1327.50,-24.6268,3.1181
30410198,-66.50,1853.50,-33.1795,-80.1955
30414104,163.50,2047.50,-11.3660,78.1718
30418010,-70.50,-728.50,18.6140,240.8447
30421916,-463.50,-2047.50,23.5969,179.2862
30425822,-512.50,-1585.50,-1.7316,32.0148
30429728,-124.50,1339.50,-26.5334,-110.5073
30433634,162.50,2047.50,-17.8041,-72.7792
30437540,-27.50,-369.50,10.8586,60.6482
30441446,-432.50,-2047.50,20.3192,85.3388
30445352,-528.50,-1795.50,0.8338,16.0056
30449258,-174.50,918.50,-20.0561,-114.3213
30453164,163.50,2047.50,-11.8110,-135.5770
30457070,16.50,-6.50,15.4639,-33.3786
30460976,-410.50,-2047.50,21.3969,20.9982
30464882,-566.50,-1978.50,-5.9076,-18.9112
30468788,-246.50,542.50,-34.8383,-129.2410
30472694,96.50,2047.50,-36.9094,-163.8500
30476600,10.50,347.50,-23.1032,-74.7162
30480506,-417.50,-2047.50,-24.3916,-20.7014
30484412,-602.50,-2047.50,-47.2404,-53.8838
30488318,-285.50,175.50,-58.7419,-123.9854
30492224,81.50,2047.50,-38.1884,-148.6534
30496130,74.50,677.50,-7.7649,-75.7015
30500036,-312.50,-2047.50,7.9770,-50.0656
30503942,-591.50,-2047.50,-2.0581,-99.7079
30507848,-321.50,-195.50,-21.1282,-122.7017
30511754,95.50,2047.50,-12.2401,-118.2074
30515660,176.50,975.50,26.7912,-51.7726
30519566,-184.50,-1981.50,65.5927,-58.1005
30523472,-512.50,-2047.50,73.3806,-136.2688
30527378,-360.50,-517.50,47.7791,-121.1489
30531284,48.50,2047.50,21.9249,-72.7471
30535190,114.50,1361.50,12.2360,21.9430
30539096,-254.50,-1632.50,-1.7693,44.5810
30543002,-578.50,-2047.50,-27.9132,-28.7628
30546908,-463.50,-884.50,-48.0630,-47.4474
30550814,-79.50,2047.50,-54.8563,-36.7258
30554720,81.50,1680.50,-54.4317,71.5659
30558626,-208.50,-1307.50,-49.9522,116.5087
30562532,-573.50,-2047.50,-47.7519,31.9460
30566438,-512.50,-1232.50,-51.6431,-15.7836
30570344,-109.50,2047.50,-52.1172,-11.2263
30574250,116.50,2047.50,-40.8499,150.3114
30578156,-130.50,-853.50,-23.4975,253.1181
30582062,-514.50,-2047.50,-13.4664,159.3193
30585968,-529.50,-1469.50,-16.9110,55.4421
30589874,-165.50,1657.50,-27.9592,-13.5301
30593780,112.50,2047.50,-33.1634,47.4078
30597686,-90.50,-486.50,-26.2980,109.5872
30601592,-512.50,-2047.50,-22.8897,74.6809
30605498,-580.50,-1715.50,-34.2454,32.5397
30609404,-200.50,1093.50,-42.8374,-58.5689
30613310,125.50,2047.50,-30.2943,-92.7422
30617216,-18.50,-132.50,-5.5776,-47.7842
30621122,-450.50,-2047.50,6.3924,-13.7253
30625028,-592.50,-1928.50,-5.9309,-7.3168
30628934,-239.50,720.50,-21.9185,-76.9575
30632840,133.50,2047.50,-13.7900,-124.6474
30636746,41.50,263.50,12.3243,-85.9918
30640652,-383.50,-2047.50,27.2061,-42.8314
30644558,-586.50,-2047.50,17.4439,-37.2994
30648464,-322.50,355.50,-6.4696,-84.1106
30652370,91.50,2047.50,-19.5300,-122.7964
30656276,73.50,607.50,-6.3138,-92.0676
30660182,-336.50,-2047.50,13.4157,-72.1978
30664088,-569.50,-2047.50,17.5368,-79.9979
30667994,-308.50,-15.50,16.2496,-76.8116
30671900,109.50,2047.50,27.1292,-86.8233
30675806,145.50,901.50,47.5543,-69.6530
30679712,-239.50,-2047.50,61.4262,-99.2568
30683618,-543.50,-2047.50,57.8609,-149.7245
30687524,-332.50,-373.50,46.7878,-101.8922
30691430,80.50,2047.50,46.6573,-57.2786
30695336,144.50,1253.50,51.3437,-11.8108
30699242,-217.50,-1739.50,44.8473,-22.8653
30703148,-600.50,-2047.50,21.4364,-71.4872
30707054,-452.50,-751.50,-9.9029,-42.0474
30710960,-26.50,2047.50,-24.0462,-21.9818
30714866,107.50,1622.50,-19.0311,46.7930
30718772,-188.50,-1407.50,-11.1995,69.8417
30722678,-595.50,-2047.50,-11.6223,10.0709
30726584,-526.50,-1101.50,-27.1512,2.1146
30730490,-79.50,2047.50,-38.0460,9.4645
30734396,139.50,2000.50,-25.0839,127.2557
30738302,-121.50,-1034.50,-1.4610,193.4012
30742208,-516.50,-2047.50,14.0000,105.1683
30746114,-546.50,-1416.50,9.8030,37.1848
30750020,-143.50,1743.50,-9.2702,-12.2986
30753926,131.50,2047.50,-19.3200,45.0301
30757832,-99.50,-648.50,-14.0431,95.5161
30761738,-512.50,-2047.50,-9.4684,55.7563
30765644,-536.50,-1668.50,-6.8275,31.8008
30769550,-175.50,1234.50,0.0890,-43.1703
30773456,107.50,2047.50,1.3056,-75.5222
30777362,-67.50,-272.50,-8.2059,-46.7443
30781268,-470.50,-2047.50,-16.3643,-22.4112
30785174,-582.50,-1892.50,-15.7629,1.1691
30789080,-239.50,800.50,-11.5148,-67.5743
30792986,111.50,2047.50,-6.4332,-135.7632
30796892,9.50,98.50,1.6121,-118.3449
30800798,-428.50,-2047.50,6.3387,-73.8314
30804704,-616.50,-2043.50,-1.9616,-38.7806
30808610,-293.50,431.50,-13.9932,-80.3320
30812516,80.50,2047.50,-14.3820,-139.8926
30816422,31.50,461.50,-7.3239,-127.4014
30820328,-369.50,-2047.50,-1.0525,-99.3427
30824234,-587.50,-2047.50,4.4553,-72.4750
30828140,-323.50,94.50,10.2218,-58.1928
30832046,97.50,2047.50,19.4972,-84.9348
30835952,87.50,787.50,29.2484,-90.2750
30839858,-308.50,-2047.50,28.9938,-114.9269
30843764,-585.50,-2047.50,20.8459,-131.4308
30847670,-367.50,-254.50,15.9291,-72.8702
30851576,39.50,2047.50,17.0233,-46.9994
30855482,114.50,1099.50,19.4634,-38.6152
30859388,-271.50,-1900.50,17.7246,-86.7889
30863294,-559.50,-2047.50,14.8020,-135.2229
30867200,-408.50,-661.50,19.2758,-72.4528
30871106,10.50,2047.50,26.5579,-33.4590
30875012,132.50,1441.50,28.1614,9.7988
30878918,-200.50,-1588.50,24.7928,-6.9746
30882824,-539.50,-2047.50,23.0207,-63.4177
30886730,-439.50,-1024.50,27.7691,-28.3576
30890636,-20.50,2047.50,35.2476,-0.8775
30894542,176.50,1875.50,42.0763,96.8191
30898448,-94.50,-1199.50,51.4538,141.0691
30902354,-463.50,-2047.50,64.9636,63.3080
30906260,-420.50,-1345.50,78.5482,28.0257
30910166,-43.50,2003.50,83.2359,26.8759
30914072,171.50,2047.50,71.2975,139.2541
30917978,-94.50,-804.50,47.3762,181.3931
30921884,-493.50,-2047.50,25.2437,88.1656
30925790,-542.50,-1593.50,11.2491,42.6113
30929696,-154.50,1356.50,2.4495,-29.7517
30933602,122.50,2047.50,-2.1670,-53.3802
30937508,-58.50,-437.50,-2.7201,-27.9503
30941414,-463.50,-2047.50,1.2086,-14.1374
30945320,-572.50,-1834.50,4.3189,16.0971
30949226,-202.50,906.50,2.5113,-50.3870
30953132,144.50,2047.50,6.4182,-124.3732
30957038,-15.50,-30.50,13.9556,-110.1263
30960944,-425.50,-2047.50,12.8926,-58.7255
30964850,-575.50,-1999.50,8.3268,-8.6377
30968756,-226.50,587.50,11.5679,-47.4285
30972662,138.50,2047.50,24.4762,-111.3391
30976568,65.50,341.50,37.0015,-110.8890
30980474,-366.50,-2047.50,38.7947,-83.7238
30984380,-588.50,-2047.50,27.7930,-45.3920
30988286,-307.50,183.50,12.7099,-47.5101
30992192,91.50,2047.50,6.7015,-98.5106
30996098,81.50,673.50,10.9241,-108.6981
31000004,-309.50,-2047.50,18.5741,-111.3518
31003910,-568.50,-2047.50,24.7117,-98.6770
31007816,-364.50,-144.50,22.8762,-46.0837
31011722,53.50,2047.50,13.8364,-44.6098
31015628,91.50,989.50,6.6732,-53.1072
31019534,-271.50,-2017.50,4.7304,-107.1086
31023440,-570.50,-2047.50,8.2168,-151.3659
31027346,-390.50,-512.50,15.0286,-73.1896
31031252,8.50,2047.50,17.9559,-21.1864
31035158,109.50,1360.50,11.7472,12.7744
31039064,-226.50,-1685.50,3.2287,-10.2240
31042970,-564.50,-2047.50,1.6466,-58.5393
31046876,-453.50,-898.50,4.2609,-15.0544
31050782,-53.50,2047.50,2.6087,8.2771
31054688,103.50,1715.50,-6.5153,73.1671
31058594,-222.50,-1355.50,-20.4786,84.2029
31062500,-614.50,-2047.50,-37.7760,15.5215
31066406,-549.50,-1292.50,-52.0788,9.4322
31070312,-132.50,2047.50,-53.9326,16.2225
31074218,93.50,2047.50,-45.9190,138.0491
31078124,-179.50,-1001.50,-39.5718,191.5421
31082030,-604.50,-2047.50,-45.1176,88.1854
31085936,-616.50,-1567.50,-60.9764,32.7760
31089842,-269.50,1454.50,-81.4826,-41.6034
31093748,-47.50,2047.50,-112.2290,-48.5509
31097654,-370.50,-774.50,-165.3887,-35.1098
31101560,-879.50,-2047.50,-246.6609,-68.8940
31105466,-1026.50,-1904.50,-339.9444,-49.0231
31109372,-700.50,656.50,-418.7431,-163.5771
31113278,-436.50,2047.50,-472.8633,-294.8974
31117184,-721.50,-664.50,-525.1805,-299.2184
31121090,-1215.50,-2047.50,-598.0520,-267.1812
31124996,-1379.50,-2047.50,-669.9206,-149.9113
31128902,-1139.50,-30.50,-725.8908,-208.5140
31132808,-821.50,1708.50,-776.9196,-454.9175
31136714,-933.50,-610.50,-813.2465,-597.4529
31140620,-1386.50,-2047.50,-827.3837,-562.8202
31144526,-1572.50,-2047.50,-830.1259,-298.4171
31148432,-1300.50,-514.50,-828.1583,-191.3491
31152338,-870.50,1339.50,-816.7219,-465.1419
31156244,-896.50,-339.50,-787.4746,-726.6645
31160150,-1279.50,-2047.50,-748.2132,-710.2756
31164056,-1493.50,-2047.50,-708.5130,-381.6915
31167962,-1245.50,-862.50,-673.1373,-169.4955
31171868,-815.50,1214.50,-645.1992,-394.4166
31175774,-746.50,-15.50,-613.7894,-671.2066
31179680,-1133.50,-2047.50,-575.7994,-699.1403
31183586,-1416.50,-2047.50,-545.1174,-421.2515
31187492,-1180.50,-1135.50,-519.5575,-167.5030
31191398,-751.50,1073.50,-488.3670,-325.2799
31195304,-655.50,281.50,-458.4871,-591.5818
31199210,-975.50,-2047.50,-431.1450,-670.5771
31203116,-1263.50,-2047.50,-394.1295,-468.2468
31207022,-1162.50,-1420.50,-358.6313,-195.6118
31210928,-719.50,913.50,-342.6544,-284.8448
31214834,-544.50,589.50,-330.3475,-512.5383
31218740,-847.50,-2047.50,-306.0362,-619.2700
31222646,-1188.50,-2047.50,-275.3661,-504.5992
31226552,-1092.50,-1697.50,-244.0624,-239.5368
31230458,-639.50,753.50,-211.7264,-260.8746
31234364,-437.50,883.50,-181.2757,-428.0607
31238270,-699.50,-2040.50,-159.7178,-549.0197
31242176,-1049.50,-2047.50,-138.6717,-532.8011
31246082,-1013.50,-1919.50,-107.9386,-288.9807
31249988,-584.50,511.50,-73.8034,-246.9476
31253894,-274.50,1123.50,-37.3171,-365.5264
31257800,-477.50,-1628.50,4.4216,-437.2646
31261706,-862.50,-2047.50,43.1302,-409.7016
31265612,-910.50,-2047.50,69.7622,-200.7034
31269518,-528.50,279.50,82.2968,-169.1619
31273424,-222.50,1376.50,86.3339,-269.1218
31277330,-372.50,-1182.50,92.3048,-298.7111
31281236,-777.50,-2047.50,106.3070,-273.0616
31285142,-906.50,-2047.50,119.1484,-106.0090
31289048,-542.50,10.50,123.1408,-69.5961
31292954,-212.50,1638.50,124.0410,-147.8170
31296860,-312.50,-692.50,125.2825,-137.0667
31300766,-702.50,-2047.50,133.7140,-118.4768
31304672,-850.50,-2047.50,154.0424,-21.2155
31308578,-533.50,-214.50,177.0765,10.1157
31312484,-152.50,1875.50,193.4772,-24.1897
31316390,-170.50,-138.50,207.1960,48.3562
31320296,-644.50,-2047.50,212.9927,61.7434
31324202,-860.50,-2047.50,198.8063,62.9474
31328108,-576.50,-512.50,185.4120,53.4042
31332014,-144.50,1890.50,195.0201,17.4806
31335920,-140.50,208.50,216.1880,86.5053
31339826,-526.50,-2047.50,230.4016,74.5648
31343732,-802.50,-2047.50,235.1212,37.2010
31347638,-604.50,-832.50,232.8731,52.0340
31351544,-145.50,1766.50,232.2637,29.9592
31355450,-61.50,585.50,245.3456,91.3549
31359356,-427.50,-2047.50,263.3035,71.9436
31363262,-751.50,-2047.50,271.8656,3.1087
31367168,-614.50,-1107.50,268.0969,39.3643
31371074,-173.50,1427.50,259.4210,18.0665
31374980,48.50,913.50,271.3018,32.4688
31378886,-288.50,-2047.50,309.4503,1.5640
31382792,-682.50,-2047.50,333.9893,-71.1689
31386698,-613.50,-1396.50,322.2104,-0.5412
31390604,-182.50,1236.50,297.1860,19.8672
31394510,-12.50,1299.50,278.7780,63.0930
31398416,-249.50,-1749.50,274.0138,85.2415
31402322,-611.50,-2047.50,292.2157,19.5708
31406228,-564.50,-1647.50,323.1858,52.7222
31410134,-149.50,993.50,346.2693,35.9193
31414040,110.50,1741.50,356.8076,92.6474
31417946,-113.50,-1331.50,362.4597,203.3935
31421852,-522.50,-2047.50,368.1966,165.5387
31425758,-577.50,-1839.50,367.3311,136.7184
31429664,-207.50,720.50,353.9281,64.9001
31433570,67.50,2047.50,331.8512,111.1988
31437476,-121.50,-912.50,309.6991,271.1947
31441382,-546.50,-2047.50,294.7341,252.8113
31445288,-617.50,-2026.50,291.7276,178.3911
31449194,-213.50,462.50,307.1143,78.4788
31453100,123.50,2047.50,333.7703,97.1690
31457006,-34.50,-428.50,345.3057,250.6674
31460912,-463.50,-2047.50,332.9583,265.1560
31464818,-613.50,-2047.50,315.8339,215.1693
31468724,-293.50,175.50,307.2992,142.8972
31472630,98.50,2047.50,307.5275,141.0321
31476536,103.50,25.50,325.7484,260.3971
31480442,-344.50,-2047.50,355.9920,271.8230
31484348,-587.50,-2047.50,363.2077,219.1473
31488254,-342.50,-140.50,337.9903,174.9922
31492160,34.50,2047.50,301.1043,174.6803
31496066,62.50,383.50,276.2699,270.2402
31499972,-304.50,-2047.50,280.5613,253.8757
31503878,-592.50,-2047.50,299.0532,176.5832
31507784,-425.50,-458.50,295.6563,168.6178
31511690,-2.50,2047.50,267.2633,200.0205
31515596,48.50,706.50,241.6202,296.8046
31519502,-319.50,-2047.50,229.9194,244.4820
31523408,-605.50,-2047.50,231.7245,116.7180
31527314,-424.50,-782.50,246.2810,132.2745
31531220,-51.50,2047.50,253.7912,210.8550
31535126,43.50,1077.50,234.4568,345.8547
31539032,-313.50,-2047.50,200.3478,277.2217
31542938,-659.50,-2047.50,174.6180,73.5671
31546844,-522.50,-1135.50,169.7705,74.6070
31550750,-74.50,1776.50,186.5332,150.3703
31554656,147.50,1482.50,216.4603,287.6452
31558562,-175.50,-1647.50,242.5535,311.4098
31562468,-601.50,-2047.50,240.7241,182.1877
31566374,-512.50,-1452.50,220.8020,153.0857
31570280,-21.50,1443.50,227.9520,133.9857
31574186,181.50,1881.50,261.0411,227.8364
31578092,-136.50,-1263.50,267.4041,329.4963
31581998,-512.50,-2047.50,241.8422,260.0360
31585904,-476.50,-1653.50,233.0501,212.2094
31589810,-154.50,1115.50,239.8579,150.5378
31593716,176.50,2047.50,233.7194,190.5856
31597622,-19.50,-752.50,232.3524,311.1937
31601528,-446.50,-2047.50,241.6940,306.1140
31605434,-491.50,-1855.50,249.3831,258.5757
31609340,-109.50,811.50,259.7243,162.6792
31613246,234.50,2047.50,272.6252,151.2046
31617152,94.50,-314.50,284.1903,248.1204
31621058,-284.50,-2047.50,299.1229,271.7125
31624964,-395.50,-1998.50,323.0024,245.8081
31628870,-72.50,573.50,343.1024,178.8526
31632776,301.50,2047.50,347.2079,172.7830
31636682,221.50,150.50,345.0975,254.7638
31640588,-192.50,-2047.50,345.7956,272.7866
31644494,-381.50,-2047.50,347.3828,237.0921
31648400,-62.50,309.50,351.0430,200.1069
31652306,373.50,2047.50,365.6002,210.6872
31656212,321.50,610.50,383.8304,283.7422
31660118,-99.50,-2047.50,383.9558,285.1233
31664024,-342.50,-2047.50,368.8489,218.7555
31667930,-101.50,97.50,355.0205,220.0527
31671836,366.50,2047.50,354.5553,278.2480
31675742,475.50,1063.50,382.3656,354.3405
31679648,129.50,-1818.50,433.5868,355.7892
31683554,-160.50,-2047.50,478.2458,280.9226
31687460,98.50,-44.50,507.1676,298.8073
31691366,573.50,2047.50,539.2550,381.5608
31695272,719.50,1665.50,578.6624,482.3302
31699178,368.50,-1230.50,610.8993,562.1219
31703084,129.50,-2047.50,640.2441,526.3378
31706990,334.50,-209.50,688.6327,476.6617
31710896,739.50,2047.50,736.6150,486.0760
31714802,982.50,2047.50,761.0130,559.9351
31718708,576.50,-728.50,765.1007,652.4646
31722614,222.50,-2047.50,742.6256,630.2933
31726520,275.50,-517.50,709.8191,536.5616
31730426,692.50,2047.50,683.0638,503.4025
31734332,911.50,2047.50,661.4034,543.5754
31738238,608.50,-341.50,642.9314,575.1450
31742144,193.50,-2047.50,619.7990,549.6283
31746050,185.50,-863.50,591.7032,483.5659
31749956,572.50,2047.50,561.4507,479.9853
31753862,815.50,2047.50,528.6469,541.8283
31757768,570.50,13.50,495.2154,529.8149
31761674,174.50,-2047.50,471.3209,470.1656
31765580,95.50,-1167.50,459.3541,406.3226
31769486,438.50,2047.50,439.7013,447.6366
31773392,739.50,2047.50,405.1937,561.5337
31777298,563.50,331.50,372.8888,512.2572
31781204,113.50,-2047.50,349.3350,390.6748
31785110,-25.50,-1476.50,325.4225,299.2694
31789016,321.50,2047.50,300.0219,385.9107
31792922,679.50,2047.50,282.0684,581.0017
31796828,531.50,672.50,267.6471,524.3129
31800734,109.50,-1892.50,248.2495,365.3965
31804640,-80.50,-1736.50,229.3947,263.7153
31808546,212.50,1315.50,211.9572,259.7710
31812452,575.50,2047.50,190.3274,327.7108
31816358,474.50,1005.50,159.5190,303.0934
31820266,30.50,-1728.50,118.7290,274.5590
31824172,-223.50,-1967.50,78.7498,232.5751
31828078,86.50,785.50,58.0348,189.4904
31831984,470.50,2047.50,59.3743,197.6179
31835890,386.50,1250.50,45.3102,184.4458
31839796,-48.50,-1537.50,-5.8073,195.3578
31843702,-325.50,-2047.50,-58.6279,189.0928
31847608,-115.50,331.50,-83.9735,163.8873
31851514,311.50,2047.50,-89.3325,155.7677
31855420,368.50,1635.50,-90.3267,165.6462
31859326,11.50,-1209.50,-91.1611,231.0236
31863232,-334.50,-2047.50,-91.6829,252.3839
31867138,-170.50,-66.50,-96.5336,210.5064
31871044,256.50,2047.50,-103.3296,165.0548
31874950,410.50,1977.50,-104.0642,181.3154
31878856,91.50,-889.50,-93.5175,267.1605
31882762,-274.50,-2047.50,-78.0914,281.9726
31886668,-186.50,-468.50,-72.4001,214.2589
31890574,242.50,2047.50,-77.7677,155.3068
31894480,425.50,2047.50,-86.0351,168.7560
31898386,98.50,-559.50,-97.9202,216.9939
31902292,-304.50,-2047.50,-115.9736,219.1077
31906198,-288.50,-881.50,-135.2148,164.9087
31910104,112.50,2047.50,-153.0743,128.3667
31914010,327.50,2047.50,-172.6219,164.4982
31917916,85.50,-258.50,-191.0358,167.2166
31921822,-332.50,-2047.50,-199.7288,130.5075
31925728,-358.50,-1217.50,-199.8783,90.0888
31929634,19.50,2047.50,-200.6509,110.6072
31933540,317.50,2047.50,-205.4816,199.5025
31937446,119.50,64.50,-209.6320,162.0688
31941352,-296.50,-2047.50,-208.9293,66.5525
31945258,-399.50,-1510.50,-206.2688,11.9592
31949164,-54.50,1815.50,-210.1369,50.2975
31953070,267.50,2047.50,-223.3018,155.1028
31956976,129.50,362.50,-237.3900,102.4305
31960882,-332.50,-2047.50,-249.7814,-14.0860
31964788,-479.50,-1775.50,-262.8904,-78.6210
31968694,-158.50,1113.50,-271.1036,-90.7056
31972600,190.50,2047.50,-276.6240,-64.5717
31976506,144.50,720.50,-280.3500,-75.9835
31980412,-275.50,-2047.50,-273.3124,-95.3367
31984318,-520.50,-1990.50,-267.3728,-140.0668
31988224,-254.50,647.50,-278.1352,-164.8539
31992130,129.50,2047.50,-297.2922,-147.2000
31996036,142.50,1008.50,-307.5059,-139.2839
31999942,-252.50,-1827.50,-299.9612,-122.4907
32003848,-512.50,-2047.50,-283.6069,-124.8169
32007754,-269.50,229.50,-269.3603,-126.7176
32011660,157.50,2047.50,-256.8949,-133.8385
32015566,213.50,1314.50,-245.9372,-139.2672
32019472,-190.50,-1558.50,-242.3942,-113.0105
32023378,-512.50,-2047.50,-250.0587,-92.7226
32027284,-356.50,-158.50,-263.9140,-76.8328
32031190,35.50,2047.50,-281.9467,-95.9489
32035096,176.50,1697.50,-297.4735,-89.4023
32039002,-169.50,-1263.50,-296.8684,-41.9871
32042908,-514.50,-2047.50,-284.9350,-33.0627
32046814,-398.50,-571.50,-273.7548,-47.9538
32050720,34.50,2047.50,-265.4103,-85.6365
32054626,211.50,2047.50,-258.6333,-42.2368
32058532,-88.50,-916.50,-251.9539,40.9141
32062438,-490.50,-2047.50,-248.1130,31.5104
32066344,-453.50,-966.50,-252.9422,-29.2688
32070250,-34.50,2047.50,-262.0522,-80.0638
32074156,208.50,2047.50,-263.9958,-34.5280
32078062,-45.50,-578.50,-256.0223,-0.7590
32081968,-431.50,-2047.50,-241.6382,-32.3357
32085874,-460.50,-1266.50,-228.1274,-60.8760
32089780,-82.50,2047.50,-227.2237,-50.5130
32093686,198.50,2047.50,-237.4318,29.9140
32097592,-8.50,-208.50,-245.1230,9.7493
32101498,-463.50,-2047.50,-250.9873,-70.6667
32105404,-512.50,-1537.50,-257.0629,-100.8475
32109310,-133.50,1602.50,-252.1085,-107.2086
32113216,176.50,2047.50,-241.5946,-78.4981
32117122,20.50,111.50,-239.9043,-113.6041
32121028,-412.50,-2047.50,-244.4479,-159.4044
32124934,-538.50,-1791.50,-246.1185,-163.3063
32128840,-218.50,995.50,-244.2039,-193.6557
32132746,144.50,2047.50,-244.4126,-227.9204
32136652,80.50,450.50,-241.0050,-247.7780
32140558,-335.50,-2047.50,-226.8508,-233.5869
32144464,-542.50,-1981.50,-213.0791,-218.6281
32148370,-248.50,581.50,-209.3904,-234.5060
32152276,128.50,2047.50,-212.5485,-261.6999
32156182,106.50,795.50,-217.0619,-268.9244
32160088,-286.50,-2047.50,-214.8182,-261.2348
32163994,-543.50,-2047.50,-205.6399,-266.8847
32167900,-303.50,211.50,-199.7590,-248.1064
32171806,112.50,2047.50,-198.3455,-239.4525
32175712,146.50,1104.50,-196.5243,-241.3116
32179618,-226.50,-1779.50,-191.6582,-231.5367
32183524,-522.50,-2047.50,-183.0573,-215.7186
32187430,-335.50,-143.50,-175.2907,-171.8426
32191336,73.50,2047.50,-173.8594,-172.3542
32195242,159.50,1449.50,-179.9598,-179.8773
32199148,-207.50,-1481.50,-189.8155,-167.3029
32203054,-546.50,-2047.50,-197.5763,-154.9446
32206960,-388.50,-534.50,-195.3337,-122.8907
32210866,16.50,2047.50,-185.0202,-136.3881
32214772,160.50,1829.50,-182.2890,-111.8961
32218678,-147.50,-1154.50,-186.6245,-66.9479
32222584,-512.50,-2047.50,-184.8847,-75.6377
32226490,-434.50,-925.50,-176.1486,-89.6414
32230396,-20.50,2047.50,-167.2416,-117.2789
32234302,203.50,2047.50,-160.5801,-61.4611
32238208,-79.50,-788.50,-155.0946,-9.1967
32242114,-494.50,-2047.50,-155.5440,-41.0827
32246020,-491.50,-1263.50,-163.5112,-78.4604
32249926,-78.50,2047.50,-169.0560,-90.0606
32253832,173.50,2047.50,-168.1420,-14.5121
32257738,-47.50,-450.50,-166.3447,-16.2404
32261644,-463.50,-2047.50,-164.5099,-91.6188
32265550,-533.50,-1548.50,-164.2290,-116.9624
32269456,-160.50,1535.50,-168.8886,-149.0100
32273362,154.50,2047.50,-173.3397,-147.2895
32277268,-5.50,-89.50,-170.7745,-158.7701
32281174,-431.50,-2047.50,-163.0867,-168.9622
32285080,-559.50,-1791.50,-158.6186,-150.0262
32288986,-232.50,991.50,-163.1241,-196.9121
32292892,138.50,2047.50,-169.2166,-255.8788
32296798,37.50,241.50,-164.5898,-272.1722
32300704,-385.50,-2047.50,-152.8709,-242.1994
32304610,-562.50,-1981.50,-144.3022,-202.3757
32308516,-271.50,593.50,-142.6287,-224.5422
32312422,112.50,2047.50,-146.0825,-275.0735
32316328,64.50,631.50,-148.5790,-280.4882
32320234,-352.50,-2047.50,-148.3506,-250.8107
32324140,-591.50,-2047.50,-148.5542,-228.7842
32328046,-335.50,235.50,-149.9928,-219.8809
32331952,79.50,2047.50,-148.9226,-240.7164
32335858,91.50,914.50,-144.1396,-255.3005
32339764,-297.50,-2012.50,-139.0458,-272.9121
32343670,-571.50,-2047.50,-133.0931,-279.6784
32347576,-350.50,-122.50,-122.9889,-217.3603
32351482,67.50,2047.50,-110.9299,-189.5409
32355388,144.50,1286.50,-103.3819,-184.6560
32359294,-233.50,-1663.50,-102.9657,-180.3777
32363200,-542.50,-2047.50,-103.9407,-173.7783
32367106,-388.50,-520.50,-98.6968,-131.6027
32371012,-0.50,2047.50,-96.1055,-141.8774
32374918,128.50,1622.50,-107.3317,-129.1463
32378824,-184.50,-1365.50,-118.3300,-108.4796
32382730,-532.50,-2047.50,-113.5812,-116.1924
32386636,-460.50,-904.50,-102.8710,-97.3292
32390542,-63.50,2047.50,-103.8180,-110.5933
32394448,141.50,1968.50,-113.4183,-51.1624
32398354,-128.50,-1025.50,-114.1131,-0.1489
32402260,-512.50,-2047.50,-102.8315,-40.7674
32406166,-464.50,-1263.50,-87.4113,-72.5477
32410072,-81.50,2047.50,-75.8290,-86.7677
32413978,170.50,2047.50,-74.3454,-2.0947
32417884,-68.50,-653.50,-76.8969,23.0978
32421790,-480.50,-2047.50,-77.7393,-47.2094
32425696,-512.50,-1539.50,-77.6615,-76.8681
32429602,-143.50,1591.50,-78.0063,-118.2895
32433508,139.50,2047.50,-82.6245,-110.3822
32437414,-41.50,-245.50,-89.0485,-101.1885
32441320,-428.50,-2047.50,-85.8587,-103.8671
32445226,-554.50,-1743.50,-75.6766,-80.8671
32449132,-197.50,1103.50,-73.2849,-127.4904
32453038,124.50,2047.50,-77.8828,-182.9210
32456944,-0.50,102.50,-82.5399,-198.7786
32460850,-399.50,-2047.50,-81.2468,-172.3087
32464756,-559.50,-1932.50,-72.3333,-125.8042
32468662,-250.50,690.50,-65.3684,-150.5393
32472568,137.50,2047.50,-60.8940,-209.9733
32476474,83.50,490.50,-50.7452,-222.8342
32480380,-324.50,-2047.50,-37.5276,-191.2289
32484286,-544.50,-2047.50,-30.0921,-158.6811
32488192,-271.50,290.50,-29.4358,-165.8586
32492098,135.50,2047.50,-27.4466,-208.9653
32496004,127.50,800.50,-21.3497,-220.6155
32499910,-297.50,-2047.50,-21.9734,-219.1548
32503816,-576.50,-2047.50,-35.8232,-211.1625
32507722,-364.50,-72.50,-53.3220,-163.3437
32511628,51.50,2047.50,-62.9804,-158.6979
32515534,113.50,1119.50,-62.6352,-165.9072
32519440,-252.50,-1854.50,-56.4486,-182.1916
32523346,-564.50,-2047.50,-49.7872,-188.1046
32527252,-421.50,-452.50,-49.5207,-126.2381
32531158,-6.50,2047.50,-57.7233,-112.6616
32535064,113.50,1478.50,-66.1552,-98.5131
32538970,-206.50,-1536.50,-65.5516,-93.4662
32542876,-546.50,-2047.50,-54.7535,-106.8611
32546782,-446.50,-821.50,-42.7905,-69.1032
32550688,-16.50,2047.50,-35.4977,-68.0771
32554594,147.50,1862.50,-32.1104,-14.5292
32558500,-144.50,-1179.50,-32.6382,27.7735
32562406,-520.50,-2047.50,-32.7720,-9.5358
32566312,-446.50,-1172.50,-25.0524,-24.1599
32570218,-40.50,2047.50,-9.8131,-33.8244
32574124,187.50,2047.50,1.4828,49.5785
32578030,-59.50,-751.50,4.5145,96.1463
32581936,-462.50,-2047.50,4.9797,42.4657
32585842,-527.50,-1455.50,-2.8377,7.3197
32589748,-88.50,1766.50,-14.3533,-29.8981
32593654,193.50,2047.50,-9.2460,2.6763
32597560,-48.50,-369.50,-1.6649,12.6276
32601466,-457.50,-2047.50,-10.4781,-15.8424
32605372,-527.50,-1700.50,-19.1372,-12.6948
32609278,-161.50,1175.50,-16.6034,-77.3267
32613184,167.50,2047.50,-9.5467,-136.0657
32617090,21.50,-41.50,-3.6218,-142.8089
32620996,-388.50,-2047.50,1.2494,-110.4486
32624902,-568.50,-1925.50,0.0902,-63.4095
32628808,-260.50,727.50,-16.0172,-111.3824
32632714,128.50,2047.50,-32.4827,-188.9026
32636620,81.50,329.50,-25.0102,-194.8632
32640526,-384.50,-2047.50,-7.8952,-147.7261
32644432,-655.50,-2047.50,-21.2253,-99.6366
32648338,-372.50,326.50,-62.9255,-121.6560
32652244,59.50,2047.50,-87.1706,-187.2108
32656150,29.50,676.50,-79.3385,-193.9346
32660056,-356.50,-2047.50,-62.5344,-167.9861
32663962,-593.50,-2047.50,-45.6724,-138.3388
32667868,-396.50,-8.50,-35.4917,-103.4718
32671774,50.50,2047.50,-36.3048,-122.6709
32675680,94.50,987.50,-33.3013,-138.0580
32679586,-277.50,-1981.50,-23.6703,-161.7929
32683492,-561.50,-2047.50,-11.5771,-172.9171
32687398,-374.50,-349.50,3.2820,-100.2969
32691304,48.50,2047.50,15.1178,-70.4033
32695210,163.50,1366.50,21.2519,-56.4003
32699116,-207.50,-1621.50,21.7912,-56.1306
32703022,-524.50,-2047.50,20.4375,-64.2581
32706928,-383.50,-680.50,28.7634,-13.3690
32710834,32.50,2047.50,43.3090,-3.9872
32714740,206.50,1778.50,51.4276,37.1135
32718646,-98.50,-1263.50,55.7144,70.1115
32722552,-468.50,-2047.50,61.4346,40.4077
32726458,-410.50,-1072.50,66.2967,32.0166
32730364,-9.50,2047.50,65.1646,14.7546
32734270,192.50,2047.50,54.9568,93.3605
32738176,-77.50,-879.50,40.6585,151.8509
32742082,-481.50,-2047.50,30.5485,100.8426
32745988,-512.50,-1381.50,21.6042,58.4226
32749894,-110.50,1924.50,9.4841,32.6169
32753800,138.50,2047.50,-1.9607,95.8892
32757706,-100.50,-556.50,-15.4865,100.0261
32761612,-521.50,-2047.50,-31.7465,29.2203
32765518,-587.50,-1644.50,-42.6005,17.0956
32769424,-187.50,1327.50,-41.1746,-30.4129
32773330,129.50,2047.50,-28.4753,-60.6737
32777236,-44.50,-156.50,-18.2732,-60.0612
32781142,-448.50,-2047.50,-15.2447,-41.0018
32785048,-552.50,-1871.50,-7.1670,-2.4040
32788954,-220.50,866.50,5.5497,-53.9590
32792860,150.50,2047.50,14.4540,-126.3677
32796766,42.50,210.50,20.5285,-134.2262
32800672,-393.50,-2047.50,21.1944,-92.3911
32804578,-591.50,-2037.50,12.5248,-45.7268
32808484,-319.50,479.50,-4.1430,-74.6149
32812390,14.50,2047.50,-30.9890,-136.5022
32816296,-10.50,570.50,-59.7262,-142.3166
32820202,-417.50,-2047.50,-70.9481,-115.0684
32824108,-650.50,-2047.50,-65.4310,-80.0385
32828014,-382.50,92.50,-54.4497,-61.7397
32831920,32.50,2047.50,-40.7787,-97.9190
32835826,69.50,878.50,-26.1472,-116.9848
32839732,-323.50,-2047.50,-14.0942,-137.0595
32843638,-600.50,-2047.50,-6.9792,-143.0729
32847544,-394.50,-258.50,-1.5983,-75.3947
32851450,19.50,2047.50,3.2952,-52.8734
32855356,142.50,1271.50,11.3241,-41.9041
32859266,-175.50,-1728.50,34.3648,-40.2285
32863172,-581.50,-2047.50,53.4310,-46.0804
32867078,-452.50,-627.50,38.8624,-0.0773
32870984,-8.50,2047.50,14.2655,-2.4510
32874890,139.50,1629.50,9.2997,24.2867
32878796,-207.50,-1428.50,11.8866,42.8802
32882702,-555.50,-2047.50,10.6968,16.2685
32886608,-460.50,-1000.50,15.4301,31.9445
32890514,-54.50,2047.50,24.9646,26.2114
32894420,145.50,1945.50,26.8137,95.6114
32898326,-132.50,-1073.50,23.0259,138.6583
32902232,-527.50,-2047.50,21.3005,83.0661
32906138,-512.50,-1327.50,21.3960,57.7533
32910044,-117.50,2047.50,19.6176,58.5063
32913950,142.50,2047.50,15.9325,155.3862
32917856,-91.50,-696.50,13.9133,172.4317
32921762,-480.50,-2047.50,17.7895,82.2050
32925668,-531.50,-1588.50,27.1224,52.2493
32929574,-175.50,1415.50,29.5056,-4.1946
32933480,133.50,2047.50,20.9388,-27.9918
32937386,-34.50,-306.50,15.4880,-19.2387
32941292,-434.50,-2047.50,21.9600,-4.2137
32945198,-546.50,-1811.50,34.3773,35.3496
32949104,-192.50,959.50,42.7436,-17.7783
32953010,143.50,2047.50,44.8364,-92.0813
32956916,9.50,71.50,40.4172,-100.5753
32960822,-412.50,-2047.50,31.0139,-58.6509
32964728,-570.50,-1983.50,25.2206,-2.8674
32968634,-239.50,618.50,30.0995,-26.3710
32972540,140.50,2047.50,43.2454,-87.2621
32976446,97.50,480.50,57.1218,-96.0470
32980352,-311.50,-2047.50,68.2611,-65.2318
32984258,-529.50,-2047.50,75.3774,-28.8536
32988164,-258.50,278.50,79.0425,-19.5403
32992070,131.50,2047.50,79.9741,-51.4611
32995976,122.50,817.50,75.0391,-67.9201
32999882,-286.50,-2047.50,63.8374,-81.1003
33003788,-570.50,-2047.50,49.9896,-82.0222
33007694,-334.50,-85.50,41.7861,-27.6656
33011600,74.50,2047.50,44.0343,-13.1787
33015506,123.50,1133.50,45.6211,-21.8947
33019412,-256.50,-1855.50,38.1765,-51.1189
33023318,-590.50,-2047.50,25.3575,-67.3792
33027224,-440.50,-470.50,10.9405,-1.6514
33031130,-19.50,2047.50,-0.5922,21.0220
33035036,103.50,1483.50,-6.1895,35.2526
33038942,-227.50,-1546.50,-6.3291,26.6567
33042848,-586.50,-2047.50,-3.5867,0.5647
33046754,-466.50,-874.50,1.1221,36.8446
33050660,-32.50,2047.50,11.1801,41.1160
33054566,149.50,1863.50,22.9890,99.8751
33058472,-150.50,-1182.50,28.5813,139.3780
33062378,-529.50,-2047.50,29.1490,94.5889
33066284,-490.50,-1230.50,29.6638,76.5595
33070190,-76.50,2047.50,31.0566,66.7241
33074096,135.50,2047.50,28.4572,156.0736
33078002,-111.50,-811.50,19.6305,192.5155
33081908,-517.50,-2047.50,12.7043,116.9845
33085814,-545.50,-1502.50,10.7140,82.6775
33089720,-163.50,1600.50,7.9698,34.8225
33093626,130.50,2047.50,4.7243,39.7261
33097532,-65.50,-432.50,5.4862,50.2142
33101438,-512.50,-2047.50,4.3097,38.0989
33105344,-574.50,-1749.50,-1.2900,59.0066
33109250,-205.50,1083.50,0.1573,-1.0741
33113156,118.50,2047.50,7.3341,-67.5626
33117062,-21.50,-70.50,10.7958,-72.5698
33120968,-430.50,-2047.50,13.6314,-36.7663
33124874,-594.50,-1955.50,16.6181,16.0890
33128780,-304.50,665.50,7.6581,-28.0546
33132686,64.50,2047.50,-12.1645,-107.2876
33136592,-20.50,292.50,-25.8240,-116.7053
33140498,-449.50,-2047.50,-31.0092,-77.8868
33144404,-623.50,-2047.50,-29.9837,-24.9656
33148310,-352.50,286.50,-22.1485,-31.6759
33152216,20.50,2047.50,-19.8031,-92.1909
33156122,-2.50,655.50,-28.2965,-105.3735
33160028,-372.50,-2047.50,-31.6424,-92.3374
33163934,-638.50,-2047.50,-22.8658,-64.7385
33167840,-406.50,-50.50,-15.7709,-21.5045
33171746,15.50,2047.50,-13.4352,-36.8613
33175652,51.50,942.50,-10.2639,-59.4085
33179558,-308.50,-2038.50,-5.7471,-109.0042
33183464,-608.50,-2047.50,1.6196,-136.0803
33187370,-445.50,-399.50,5.6560,-49.1309
33191276,-20.50,2047.50,2.6211,-0.4460
33195182,91.50,1355.50,1.0999,22.4194
33199088,-250.50,-1692.50,5.4641,8.2142
33202994,-577.50,-2047.50,13.6702,-22.1647
33206900,-460.50,-784.50,22.2970,23.2033
33210806,-33.50,2047.50,27.9793,35.1655
33214712,124.50,1697.50,30.3138,79.3642
33218618,-176.50,-1345.50,30.9502,95.0792
33222524,-552.50,-2047.50,31.9079,52.5098
33226430,-474.50,-1166.50,35.5805,58.2369
33230336,-100.50,2047.50,36.8788,55.4784
33234242,114.50,2047.50,27.0011,152.6062
33238148,-158.50,-964.50,12.6389,211.8416
33242054,-529.50,-2047.50,7.6186,139.7740
33245960,-492.50,-1407.50,21.1851,100.1095
33249866,-134.50,1827.50,40.7777,79.2240
33253772,111.50,2047.50,39.8844,131.5691
33257678,-110.50,-591.50,21.3676,136.8682
33261584,-529.50,-2047.50,3.9112,75.2366
33265490,-576.50,-1690.50,-3.6642,69.2043
33269396,-189.50,1189.50,2.5919,4.3633
33273302,128.50,2047.50,18.0969,-51.1739
33277208,-29.50,-202.50,31.7403,-44.1963
33281114,-445.50,-2047.50,38.1058,-7.0806
33285020,-578.50,-1897.50,37.2098,45.6310
33288926,-250.50,811.50,30.1750,-0.3964
33292832,103.50,2047.50,23.0871,-75.3609
33296738,43.50,208.50,28.4408,-79.4848
33300644,-378.50,-2047.50,46.3169,-34.1120
33304550,-561.50,-2047.50,58.7112,13.1450
33308456,-260.50,467.50,60.3000,-11.9811
33312362,121.50,2047.50,60.4236,-69.0234
33316268,91.50,607.50,63.4232,-69.5060
33320174,-321.50,-2047.50,66.7267,-40.7575
33324080,-550.50,-2047.50,67.0399,-12.5793
33327986,-331.50,122.50,61.6861,7.5959
33331892,71.50,2047.50,50.1575,-17.4182
33335798,95.50,882.50,40.9410,-40.7516
33339704,-303.50,-2047.50,36.4480,-78.0472
33343610,-592.50,-2047.50,30.2360,-94.2741
33347516,-399.50,-271.50,23.1190,-25.2405
33351422,-0.50,2047.50,16.5494,2.1736
33355328,97.50,1221.50,11.5322,5.4726
33359234,-261.50,-1795.50,11.8849,-22.4320
33363140,-585.50,-2047.50,14.8972,-47.0576
33367046,-464.50,-655.50,13.7914,14.6726
33370952,-48.50,2047.50,7.0684,35.3162
33374858,91.50,1584.50,-0.2254,66.3428
33378764,-245.50,-1468.50,-6.9892,67.6044
33382670,-623.50,-2047.50,-17.8817,29.3800
33386576,-555.50,-1046.50,-32.0625,51.6968
33390482,-114.50,2047.50,-38.4311,54.3512
33394388,86.50,1957.50,-30.7574,135.6419
33398294,-170.50,-1108.50,-16.6204,182.7987
33402200,-554.50,-2047.50,-2.2978,116.6409
33406106,-559.50,-1371.50,4.3915,83.3121
33410012,-149.50,1922.50,0.7367,62.8975
33413918,98.50,2047.50,-3.4267,136.3638
33417824,-134.50,-717.50,-5.5639,165.7566
33421730,-538.50,-2047.50,-7.3255,101.2077
33425636,-557.50,-1605.50,-2.5456,85.2089
33429542,-180.50,1393.50,10.1634,32.5984
33433448,99.50,2047.50,17.4191,7.7638
33437354,-47.50,-306.50,17.0698,16.5735
33441260,-440.50,-2047.50,25.4655,30.6280
33445166,-544.50,-1832.50,42.6601,67.2472
33449072,-179.50,938.50,57.5757,10.6924
33452978,154.50,2047.50,67.8252,-63.3192
33456884,44.50,59.50,72.9368,-70.5607
33460790,-388.50,-2047.50,72.0392,-31.7110
33464696,-553.50,-2000.50,65.4709,21.8719
33468602,-232.50,551.50,60.6633,-9.1433
33472508,149.50,2047.50,65.1120,-79.5924
33476414,70.50,458.50,70.4507,-85.6849
33480320,-331.50,-2047.50,67.9361,-49.5652
33484226,-546.50,-2047.50,64.4764,-7.3387
33488132,-260.50,189.50,68.5776,-1.7927
33492038,83.50,2047.50,70.3838,-48.2927
33495944,102.50,765.50,59.4658,-69.1666
33499850,-288.50,-2047.50,50.0064,-81.9292
33503756,-574.50,-2047.50,46.8355,-74.2501
33507662,-358.50,-154.50,41.1583,-12.7724
33511568,61.50,2047.50,37.9824,-2.9615
33515474,118.50,1102.50,39.7688,-11.8616
33519380,-273.50,-1904.50,36.3234,-48.8751
33523286,-588.50,-2047.50,24.0376,-74.6759
33527192,-431.50,-540.50,12.6600,-5.9646
33531098,-13.50,2047.50,8.0362,22.1007
33535004,150.50,1467.50,14.1661,46.1288
33538910,-220.50,-1562.50,25.5879,41.6068
33542816,-542.50,-2047.50,29.7767,12.6358
33546722,-428.50,-880.50,35.2841,54.7068
33550628,-13.50,2047.50,46.0531,69.3143
33554534,167.50,1876.50,51.6883,134.5352
33558440,-130.50,-1176.50,51.0112,173.4158
33562346,-530.50,-2047.50,44.8404,122.1418
33566252,-512.50,-1260.50,30.8034,95.5468
33570158,-97.50,2047.50,15.2832,81.3316
33574064,129.50,2047.50,7.4053,174.6893
33577970,-114.50,-831.50,5.5885,210.2320
33581876,-525.50,-2047.50,5.0576,126.3941
33585782,-547.50,-1538.50,3.5411,87.8783
33589688,-142.50,1512.50,4.8094,27.3203
33593594,143.50,2047.50,11.9167,18.1403
33597500,-33.50,-459.50,21.8719,34.6707
33601406,-413.50,-2047.50,38.1886,34.5646
33605312,-512.50,-1776.50,57.4470,62.9856
33609218,-154.50,1048.50,65.0238,4.6166
33613124,131.50,2047.50,55.0812,-62.3144
33617030,6.50,-86.50,36.2619,-65.6330
33620936,-416.50,-2047.50,24.8639,-31.1849
33624842,-586.50,-1966.50,18.9384,22.7193
33628748,-269.50,663.50,7.9458,-14.1446
33632654,89.50,2047.50,-2.8674,-85.9389
33636560,33.50,302.50,-4.1180,-93.8148
33640466,-382.50,-2047.50,3.9815,-59.5558
33644372,-565.50,-2047.50,14.3312,-10.7956
33648278,-268.50,321.50,26.7982,-9.4085
33652184,148.50,2047.50,45.0678,-56.4015
33656090,162.50,679.50,69.3525,-69.8150
33659996,-239.50,-2047.50,92.1702,-67.0977
33663902,-512.50,-2047.50,99.4711,-49.4542
33667808,-268.50,-33.50,93.2890,-6.2970
33671714,101.50,2047.50,82.7242,-14.2488
33675620,115.50,993.50,61.7494,-30.2664
33679526,-254.50,-1973.50,36.1458,-66.6974
33683432,-570.50,-2047.50,20.6324,-86.8571
33687338,-393.50,-414.50,13.3397,-16.7182
33691244,-0.50,2047.50,6.2839,11.3494
33695150,110.50,1328.50,-2.9675,21.7757
33699056,-260.50,-1700.50,-12.9238,-3.9970
33702962,-591.50,-2047.50,-22.4294,-36.3153
33706868,-466.50,-788.50,-25.6940,20.0926
33710774,-52.50,2047.50,-22.2813,43.3687
33714680,123.50,1747.50,-17.6771,98.5792
33718586,-175.50,-1312.50,-10.8423,126.4640
33722492,-562.50,-2047.50,-5.6540,82.6681
33726398,-474.50,-1146.50,-3.0096,78.3033
33730304,-47.50,2047.50,7.4231,72.4597
33734210,161.50,2047.50,21.2043,165.1618
33738116,-83.50,-899.50,28.8284,224.2173
33742022,-459.50,-2047.50,37.5950,160.6950
33745928,-473.50,-1404.50,48.1041,118.7376
33749834,-110.50,1776.50,46.0241,81.2016
33753740,166.50,2047.50,31.8324,115.8073
33757646,-62.50,-538.50,19.3053,125.7030
33761552,-440.50,-2047.50,16.3837,83.0084
33765458,-544.50,-1672.50,18.6431,83.3950
33769364,-207.50,1200.50,7.9460,20.6258
33773270,118.50,2047.50,-12.0741,-35.3183
33777176,-18.50,-169.50,-17.7874,-34.8015
33781082,-437.50,-2047.50,-8.8955,-3.3031
33784988,-559.50,-1903.50,-0.1086,43.2473
33788894,-233.50,798.50,3.0195,-6.7729
33792800,118.50,2047.50,2.3782,-81.5467
33796706,13.50,199.50,-0.3351,-88.5997
33800612,-388.50,-2047.50,-2.6886,-50.2050
33804518,-575.50,-2047.50,-1.8310,-3.3305
33808424,-270.50,459.50,2.2981,-20.4858
33812330,117.50,2047.50,10.1653,-71.4925
33816236,100.50,623.50,21.8296,-70.9490
33820142,-276.50,-2047.50,37.7138,-45.0985
33824048,-568.50,-2047.50,45.5061,-21.2376
33827954,-370.50,47.50,24.5443,-11.8411
33831860,48.50,2047.50,-9.2808,-50.3246
33835766,121.50,865.50,-17.2575,-72.6621
33839672,-270.50,-2047.50,0.9419,-103.4518
33843578,-556.50,-2047.50,16.0994,-114.1011
33847484,-360.50,-273.50,20.6659,-34.6618
33851390,51.50,2047.50,22.7725,1.5902
33855296,145.50,1241.50,23.6724,7.9945
33859202,-193.50,-1718.50,25.5620,-10.7686
33863108,-540.50,-2047.50,27.5872,-23.8461
33867014,-408.50,-621.50,24.6890,37.0091
33870920,-16.50,2047.50,16.2282,52.9919
33874826,144.50,1655.50,5.7522,85.4303
33878732,-168.50,-1384.50,0.8928,100.5887
33882638,-512.50,-2047.50,5.5112,68.0964
33886544,-418.50,-981.50,19.5189,80.7559
33890450,-13.50,2047.50,36.3232,80.1659
33894356,192.50,2047.50,44.4304,163.9340
33898262,-106.50,-1024.50,39.2445,222.5940
33902168,-494.50,-2047.50,24.9991,156.5851
33906074,-489.50,-1340.50,12.7167,102.3316
33909980,-98.50,1894.50,6.5910,64.4741
33913886,143.50,2047.50,1.1489,122.0092
33917792,-85.50,-681.50,-7.0349,143.3097
33921698,-484.50,-2047.50,-13.6095,83.3068
33925604,-561.50,-1580.50,-18.4588,74.7041
33929510,-165.50,1396.50,-23.0570,32.2621
33933416,144.50,2047.50,-19.2577,8.3181
33937322,-34.50,-249.50,-11.0595,12.1544
33941228,-431.50,-2047.50,-6.3476,25.8458
33945134,-550.50,-1803.50,-2.3646,62.0114
33949040,-213.50,947.50,-1.3569,10.5144
33952946,114.50,2047.50,-6.2801,-61.9677
33956852,-47.50,111.50,-22.2960,-74.2924
33960758,-393.50,-2047.50,-37.1893,-38.4969
33964664,-549.50,-2007.50,-25.3310,6.7724
33968570,-254.50,560.50,-1.6281,-28.0877
33972476,122.50,2047.50,9.6854,-92.9910
33976382,80.50,477.50,13.9212,-98.7102
33980288,-325.50,-2047.50,17.9485,-69.1785
33984194,-558.50,-2047.50,17.8413,-32.4120
33988100,-314.50,254.50,10.1728,-12.9818
33992006,80.50,2047.50,0.3095,-36.5183
33995912,65.50,830.50,-8.6333,-53.2681
33999818,-306.50,-2047.50,-16.6015,-75.6362
34003724,-571.50,-2047.50,-17.4445,-84.5181
34007630,-342.50,-113.50,-8.3878,-27.4096
34011536,79.50,2047.50,7.7078,-6.2252
34015442,112.50,1136.50,17.2528,-13.6099
34019348,-266.50,-1791.50,6.5474,-41.0325
34023254,-595.50,-2047.50,-15.8878,-49.3429
34027160,-444.50,-512.50,-34.4954,12.8761
34031066,-33.50,2047.50,-43.4255,23.9709
34034972,111.50,1498.50,-42.3350,37.1218
34038878,-226.50,-1476.50,-35.5395,37.4876
34042784,-574.50,-2047.50,-31.4974,20.5065
34046690,-463.50,-879.50,-28.7214,54.9818
34050596,-50.50,2047.50,-21.9959,55.2077
34054502,127.50,1901.50,-16.8391,115.8608
34058408,-177.50,-1145.50,-19.7806,155.9864
34062314,-588.50,-2047.50,-33.7640,103.9793
34066220,-584.50,-1248.50,-58.6340,75.6932
34070126,-175.50,2047.50,-82.7306,65.0768
34074032,80.50,2047.50,-89.4000,157.4751
34077938,-152.50,-781.50,-78.2757,189.7610
34081844,-532.50,-2047.50,-60.3305,108.2599
34085750,-543.50,-1503.50,-40.7690,74.3648
34089656,-155.50,1499.50,-23.2543,19.0021
34093562,133.50,2047.50,-12.3041,3.8850
34097468,-56.50,-402.50,-7.9349,14.2453
34101374,-463.50,-2047.50,-6.3169,18.0176
34105280,-540.50,-1748.50,-2.3644,48.6992
34109186,-169.50,1043.50,7.1598,-6.7190
34113092,155.50,2047.50,18.7147,-76.1532
34116998,10.50,-1.50,23.2116,-78.1751
34120904,-428.50,-2047.50,15.4320,-34.4331
34124810,-581.50,-1934.50,0.0407,17.7201
34128716,-265.50,683.50,-12.7973,-19.1037
34132622,77.50,2047.50,-21.4093,-89.4336
34136528,65.50,423.50,-19.3598,-91.7597
34140434,-349.50,-2047.50,0.9043,-45.9806
34144340,-644.50,-2047.50,5.7078,-10.9730
34148246,-395.50,282.50,-30.4839,-37.0338
34152152,12.50,2047.50,-70.7424,-98.0447
34156058,-17.50,674.50,-85.8067,-114.0517
34159964,-412.50,-2047.50,-88.2359,-112.6565
34163870,-641.50,-2047.50,-83.1537,-93.1335
34167776,-397.50,-79.50,-65.2183,-45.7349
34171682,27.50,2047.50,-41.2945,-53.6228
34175588,66.50,991.50,-24.8995,-68.6030
34179494,-303.50,-1927.50,-21.5648,-98.7520
34183400,-626.50,-2047.50,-26.8761,-108.3846
34187306,-447.50,-384.50,-34.3650,-27.2116
34191212,-47.50,2047.50,-40.0854,8.7834
34195118,70.50,1355.50,-44.5738,16.4055
34199024,-246.50,-1593.50,-41.9660,-5.1437
34202930,-575.50,-2047.50,-27.4109,-24.1814
34206836,-463.50,-767.50,-10.9585,27.5281
34210742,-47.50,2047.50,-2.6276,39.3656
34214648,129.50,1747.50,-0.4896,83.3003
34218554,-170.50,-1243.50,1.5576,105.1716
34222460,-540.50,-2047.50,4.7434,67.3551
34226366,-512.50,-1160.50,3.8605,60.9542
34230272,-96.50,2047.50,-2.6506,48.7703
34234178,117.50,2047.50,-8.4633,140.1996
34238084,-114.50,-879.50,-8.1743,195.3637
34241990,-481.50,-2047.50,4.4103,127.3026
34245896,-512.50,-1423.50,21.7178,83.5729
34249802,-130.50,1663.50,25.8288,31.5016
34253708,122.50,2047.50,15.7437,44.5646
34257614,-96.50,-492.50,-0.9353,65.9556
34261520,-489.50,-2047.50,-13.5228,52.4862
34265426,-560.50,-1673.50,-13.4511,63.4614
34269332,-189.50,1168.50,-5.6416,-0.5321
34273238,122.50,2047.50,1.8306,-60.9456
34277144,-34.50,-157.50,3.5948,-65.0234
34281050,-419.50,-2047.50,4.6633,-37.8669
34284956,-559.50,-1897.50,11.7999,9.6209
34288862,-257.50,750.50,13.1821,-35.3765
34292768,102.50,2047.50,4.3955,-111.0384
34296674,39.50,225.50,2.8952,-116.7538
34300580,-378.50,-2047.50,12.9502,-76.1713
34304486,-573.50,-2038.50,19.2844,-29.9313
34308392,-281.50,405.50,18.2696,-47.4903
34312298,107.50,2047.50,19.3772,-101.8342
34316204,70.50,623.50,22.9578,-102.5816
34320110,-290.50,-2047.50,29.1670,-79.4159
34324016,-554.50,-2047.50,38.4805,-57.1732
34327922,-330.50,53.50,38.3075,-35.5271
34331828,48.50,2047.50,24.7478,-57.6860
34335734,65.50,912.50,5.7709,-72.5150
34339640,-305.50,-1999.50,-9.7291,-99.7395
34343546,-569.50,-2047.50,-11.2879,-112.3563
34347452,-378.50,-271.50,0.9924,-40.1067
34351358,28.50,2047.50,14.0404,-5.8858
34355266,123.50,1276.50,19.3701,2.2364
34359172,-220.50,-1648.50,20.1807,-10.0697
34363078,-547.50,-2047.50,20.4201,-18.1521
34366984,-410.50,-613.50,21.9282,37.3622
34370890,-13.50,2047.50,23.1649,49.3672
34374796,135.50,1619.50,19.9193,70.8260
34378702,-190.50,-1320.50,12.3760,72.2375
34382608,-554.50,-2047.50,2.7250,45.6877
34386514,-512.50,-1000.50,-9.4997,64.8323
34390420,-96.50,2047.50,-21.7620,64.2236
34394326,114.50,2046.50,-25.4425,149.5014
34398232,-120.50,-965.50,-15.5503,210.2427
34402138,-512.50,-2047.50,1.2310,147.4129
34406044,-512.50,-1338.50,10.2401,91.6911
34409950,-98.50,1869.50,12.1635,50.9073
34413856,147.50,2047.50,16.2604,104.4021
34417762,-80.50,-596.50,16.6366,131.0501
34421668,-463.50,-2047.50,13.9208,83.8211
34425574,-514.50,-1597.50,17.5388,69.1358
34429480,-149.50,1307.50,23.7440,2.2122
34433386,141.50,2047.50,24.4232,-41.6591
34437292,-25.50,-239.50,19.4451,-34.9077
34441198,-433.50,-2047.50,14.4151,-10.0458
34445104,-574.50,-1826.50,8.3003,30.1654
34449010,-189.50,890.50,5.2219,-21.8097
34452916,160.50,2047.50,18.3874,-94.8145
34456822,-32.50,76.50,23.8160,-109.8897
34460728,-464.50,-2047.50,-5.6438,-84.2529
34464634,-612.50,-1999.50,-39.6337,-34.6726
34468540,-328.50,496.50,-50.6063,-54.5016
34472446,46.50,2047.50,-50.1349,-116.1238
34476352,12.50,462.50,-45.1703,-124.2919
34480258,-388.50,-2047.50,-34.8440,-101.5298
34484164,-597.50,-2047.50,-23.7523,-65.9762
34488070,-323.50,159.50,-11.8701,-46.2420
34491976,79.50,2047.50,2.1101,-75.3627
34495882,101.50,817.50,15.4060,-87.3133
34499788,-272.50,-2047.50,27.3578,-105.5469
34503694,-570.50,-2047.50,32.6300,-113.6241
34507600,-349.50,-196.50,28.4586,-56.4971
34511506,79.50,2047.50,28.9045,-38.0742
34515412,129.50,1136.50,35.4012,-37.3872
34519318,-209.50,-1775.50,38.5113,-57.1541
34523224,-539.50,-2047.50,39.9832,-64.8700
34527130,-408.50,-532.50,35.3315,1.1517
34531036,-15.50,2047.50,19.7273,20.2374
34534942,93.50,1534.50,-1.9920,43.3235
34538848,-241.50,-1441.50,-22.5722,48.6465
34542754,-562.50,-2047.50,-30.2181,25.8105
34546660,-462.50,-870.50,-19.8411,55.3726
34550566,-84.50,2047.50,-10.0432,62.2573
34554472,128.50,1919.50,-11.5823,127.5996
34558378,-152.50,-1062.50,-9.8955,170.8148
34562284,-556.50,-2047.50,-6.9533,122.6321
34566190,-512.50,-1224.50,-11.3859,90.9761
34570096,-118.50,2047.50,-14.8454,80.7648
34574002,127.50,2047.50,-13.6032,170.4509
34577908,-99.50,-676.50,-8.4401,201.8281
34581814,-483.50,-2047.50,1.5442,128.5201
34585720,-512.50,-1470.50,12.8219,93.5975
34589626,-126.50,1577.50,21.0617,50.2644
34593532,128.50,2047.50,20.9659,51.3880
34597438,-63.50,-282.50,9.3547,57.3015
34601344,-451.50,-2047.50,-0.4643,51.7133
34605250,-537.50,-1722.50,3.3576,67.1122
34609156,-192.50,1083.50,11.6242,9.2147
34613062,129.50,2047.50,14.2527,-52.5614
34616968,-15.50,51.50,10.0476,-62.6842
34620874,-431.50,-2047.50,1.1427,-33.2728
34624780,-575.50,-1951.50,-6.1990,4.5278
34628686,-278.50,651.50,-10.5789,-41.4619
34632592,27.50,2047.50,-24.4224,-111.1417
34636498,-48.50,363.50,-50.7720,-121.7765
34640404,-488.50,-2047.50,-76.9947,-95.5281
34644310,-709.50,-2047.50,-100.3268,-57.1818
34648216,-446.50,215.50,-119.9152,-66.6905
34652122,-114.50,2047.50,-138.1407,-124.0521
34656028,-196.50,615.50,-171.4009,-146.6393
34659934,-623.50,-2047.50,-220.5702,-158.4663
34663840,-948.50,-2047.50,-273.2965,-135.1485
34667746,-788.50,-340.50,-329.4166,-105.7663
34671652,-445.50,2047.50,-387.2933,-158.5839
34675558,-422.50,736.50,-435.3577,-196.6448
34679464,-860.50,-2047.50,-473.0127,-258.9426
34683370,-1265.50,-2047.50,-522.6748,-260.2251
34687276,-1189.50,-911.50,-597.8796,-181.7611
34691182,-800.50,1703.50,-672.7711,-260.1782
34695088,-747.50,783.50,-721.2184,-375.8641
34698994,-1157.50,-2047.50,-757.3965,-474.3918
34702900,-1536.50,-2047.50,-797.5515,-437.4768
34706806,-1442.50,-1425.50,-829.9231,-268.1333
34710712,-1077.50,916.50,-848.7758,-403.9253
34714618,-865.50,709.50,-852.8235,-697.5299
34718524,-1167.50,-2047.50,-834.0614,-839.2910
34722430,-1502.50,-2047.50,-800.2189,-685.5257
34726336,-1436.50,-1737.50,-761.6782,-344.6280
34730242,-996.50,663.50,-720.7593,-366.6254
34734148,-755.50,956.50,-679.2853,-624.3946
34738054,-958.50,-1828.50,-635.6570,-765.0968
34741960,-1333.50,-2047.50,-589.2134,-652.7569
34745866,-1312.50,-1905.50,-545.3361,-323.7141
34749772,-916.50,407.50,-508.1115,-302.0062
34753678,-634.50,1149.50,-479.0492,-533.0769
34757584,-788.50,-1422.50,-450.6173,-657.8801
34761490,-1180.50,-2047.50,-414.2853,-555.5441
34765396,-1231.50,-2040.50,-377.7614,-259.9241
34769302,-831.50,165.50,-343.1495,-229.4160
34773208,-461.50,1433.50,-299.8031,-414.3888
34777114,-576.50,-977.50,-247.8027,-485.3076
34781020,-972.50,-2047.50,-201.5422,-404.7679
34784926,-1109.50,-2047.50,-172.9707,-174.8622
34788832,-767.50,-53.50,-159.0489,-127.8628
34792738,-396.50,1720.50,-145.6418,-253.9211
34796644,-512.50,-513.50,-133.2924,-278.5982
34800550,-890.50,-2047.50,-126.7809,-240.9052
34804456,-1039.50,-2047.50,-109.7009,-106.6294
34808362,-736.50,-343.50,-77.0061,-67.8689
34812268,-322.50,1840.50,-41.6155,-164.5012
34816174,-358.50,-88.50,-13.5261,-165.1308
34820080,-780.50,-2047.50,-4.0222,-152.7078
34823986,-968.50,-2047.50,-2.9377,-83.7319
34827892,-675.50,-632.50,19.7325,-34.9871
34831798,-296.50,1793.50,56.1670,-107.5838
34835704,-290.50,255.50,70.5585,-117.4718
34839610,-680.50,-2047.50,59.3781,-141.4166
34843516,-974.50,-2047.50,43.1108,-116.0864
34847422,-761.50,-959.50,37.0097,-40.9507
34851328,-335.50,1462.50,46.8009,-119.4661
34855234,-213.50,557.50,68.7817,-186.6384
34859140,-559.50,-2047.50,94.6615,-226.1060
34863046,-879.50,-2047.50,114.1022,-192.4878
34866952,-762.50,-1257.50,120.3282,-63.6645
34870858,-354.50,1222.50,114.2529,-104.8693
34874764,-180.50,882.50,109.0415,-176.5303
34878670,-447.50,-2047.50,123.5088,-233.4116
34882576,-768.50,-2047.50,159.9308,-246.6480
34886482,-702.50,-1509.50,196.7712,-101.6113
34890388,-278.50,1071.50,215.7449,-77.7762
34894294,-69.50,1325.50,222.6285,-84.5156
34898200,-352.50,-1604.50,223.8999,-57.7794
34902106,-772.50,-2047.50,213.6425,-60.1466
34906012,-718.50,-1737.50,201.1028,8.9420
34909918,-296.50,818.50,208.9402,-38.7805
34913824,-12.50,1695.50,235.8780,-50.8539
34917730,-248.50,-1181.50,259.9131,44.5460
34921636,-660.50,-2047.50,265.9915,66.0902
34925542,-728.50,-1896.50,255.9741,87.7300
34929448,-352.50,553.50,241.1635,8.4441
34933354,-64.50,1999.50,229.3627,1.4759
34937260,-238.50,-796.50,220.2811,135.3913
34941166,-669.50,-2047.50,211.1396,149.5057
34945072,-756.50,-2046.50,205.6668,118.7433
34948978,-384.50,230.50,213.6306,20.4070
34952884,-47.50,2047.50,230.6948,-6.0264
34956790,-165.50,-335.50,239.9319,134.1571
34960696,-558.50,-2047.50,242.2606,175.7085
34964602,-736.50,-2047.50,245.8186,155.1726
34968508,-389.50,-32.50,252.9052,93.0466
34972414,-2.50,2047.50,268.5872,64.1785
34976320,-33.50,131.50,289.2730,175.7708
34980226,-450.50,-2047.50,304.1155,203.8359
34984132,-660.50,-2047.50,309.0455,163.5687
34988038,-393.50,-325.50,309.9386,126.0130
34991944,31.50,2047.50,315.3912,112.8978
34995850,45.50,485.50,326.7348,208.5750
34999756,-357.50,-2047.50,334.2388,199.9259
35003662,-649.50,-2047.50,327.9671,121.4837
35007568,-450.50,-639.50,310.5138,116.1221
35011474,-56.50,2047.50,289.5757,143.5024
35015380,15.50,772.50,271.3013,244.2252
35019286,-296.50,-2047.50,270.1005,189.4241
35023192,-618.50,-2047.50,288.8155,52.8823
35027098,-469.50,-917.50,303.6135,81.1901
35031004,-47.50,2005.50,303.6084,169.5665
35034910,127.50,1151.50,305.4824,306.4312
35038816,-154.50,-1814.50,326.6961,268.2412
35042722,-512.50,-2047.50,357.3043,109.7015
35046628,-444.50,-1231.50,369.0611,108.7008
35050534,-22.50,1727.50,358.6496,148.2200
35054440,183.50,1585.50,348.2552,269.1556
35058346,-72.50,-1369.50,352.6187,325.9433
35062252,-462.50,-2047.50,365.1334,241.1067
35066158,-469.50,-1480.50,364.7235,205.7467
35070064,-64.50,1462.50,346.6751,171.0762
35073970,187.50,2038.50,330.2140,276.2149
35077876,19.50,-879.50,335.7297,421.8371
35081782,-346.50,-2047.50,368.4133,384.8231
35085688,-350.50,-1644.50,410.2357,298.1781
35089594,-24.50,1166.50,430.4594,205.6342
35093500,274.50,2047.50,417.8843,235.0436
35097406,112.50,-366.50,399.2815,352.3746
35101312,-252.50,-2047.50,402.1049,372.5832
35105218,-301.50,-1761.50,429.1746,327.8885
35109124,64.50,1010.50,465.6120,267.8432
35113030,419.50,2047.50,493.8070,291.2502
35116936,318.50,173.50,511.5570,375.1742
35120842,-52.50,-2047.50,527.5276,394.3608
35124748,-183.50,-1857.50,547.0208,340.2449
35128654,122.50,830.50,561.8896,299.4135
35132560,511.50,2047.50,567.3399,338.3233
35136466,455.50,669.50,570.8166,406.6138
35140372,55.50,-2047.50,572.4428,409.1156
35144278,-122.50,-1969.50,573.1167,316.8384
35148184,119.50,565.50,573.2542,276.5906
35152090,535.50,2047.50,569.1479,338.5739
35155996,562.50,1099.50,571.3230,417.6955
35159902,149.50,-1724.50,576.9433,458.7359
35163808,-111.50,-2047.50,568.5593,400.3638
35167714,111.50,292.50,552.4086,349.2943
35171620,542.50,2047.50,545.5986,375.1567
35175526,617.50,1535.50,551.4292,446.1172
35179432,267.50,-1324.50,561.1830,527.3711
35183338,13.50,-2047.50,573.8462,507.5317
35187244,167.50,15.50,589.2379,445.1445
35191150,583.50,2047.50,594.2701,431.3339
35195056,699.50,2032.50,586.1790,506.9515
35198962,378.50,-881.50,574.9356,640.5795
35202868,53.50,-2047.50,568.6364,634.3527
35206774,153.50,-307.50,566.3626,515.9974
35210680,571.50,2047.50,561.9439,451.4389
35214586,752.50,2047.50,555.9783,481.6790
35218492,435.50,-541.50,545.6815,546.0056
35222398,58.50,-2047.50,525.6584,538.2165
35226304,69.50,-718.50,498.0587,455.2695
35230210,455.50,2047.50,466.2559,414.4921
35234116,673.50,2047.50,436.5932,457.9762
35238022,415.50,-206.50,413.4050,479.8177
35241928,21.50,-2047.50,395.2430,449.3383
35245834,-18.50,-1038.50,378.2984,386.7640
35249740,357.50,2047.50,358.8042,394.6830
35253646,635.50,2047.50,341.2357,477.1401
35257552,444.50,131.50,330.8337,454.6351
35261458,38.50,-2047.50,325.0755,374.4331
35265364,-40.50,-1320.50,319.4272,305.1274
35269270,317.50,2047.50,312.9424,366.2064
35273176,623.50,2047.50,304.7518,512.6059
35277082,467.50,485.50,290.4937,462.8117
35280988,63.50,-1993.50,273.0550,331.2439
35284894,-106.50,-1574.50,255.6829,241.9109
35288800,171.50,1623.50,228.6122,276.2637
35292706,500.50,2047.50,190.3820,385.9214
35296612,415.50,847.50,156.1293,349.0023
35300518,5.50,-1809.50,135.6783,284.5181
35304424,-181.50,-1781.50,126.8481,238.3944
35308330,80.50,1008.50,121.7769,215.8967
35312236,442.50,2047.50,111.2588,224.5356
35316142,426.50,1168.50,96.3921,197.9009
35320048,35.50,-1627.50,86.0727,215.3023
35323954,-239.50,-1967.50,76.0092,208.3572
35327860,-56.50,552.50,52.0876,168.0570
35331766,321.50,2047.50,15.7948,147.5572
35335672,351.50,1489.50,-16.4193,142.8658
35339578,16.50,-1358.50,-29.6699,202.8522
35343484,-222.50,-2047.50,-14.7401,218.8282
35347390,-104.50,151.50,7.0464,172.1691
35351296,191.50,2047.50,-13.8340,132.5164
35355202,246.50,1804.50,-83.2305,140.8786
35359108,-62.50,-1124.50,-146.0079,207.8490
35363014,-392.50,-2047.50,-166.7345,212.8912
35366920,-299.50,-306.50,-167.2111,154.7262
35370826,100.50,2047.50,-171.3855,104.4636
35374732,255.50,2047.50,-176.5919,135.3671
35378638,-63.50,-804.50,-182.2783,216.9459
35382544,-437.50,-2047.50,-195.8315,215.0002
35386450,-385.50,-750.50,-213.5971,137.0417
35390356,-3.50,2047.50,-226.6043,77.2969
35394266,192.50,2047.50,-235.1973,111.6424
35398172,-45.50,-512.50,-239.4171,146.7720
35402078,-427.50,-2047.50,-237.2034,121.5571
35405984,-453.50,-1103.50,-237.6666,74.8900
35409890,-60.50,2047.50,-243.3531,70.9716
35413796,227.50,2047.50,-238.2602,142.6081
35417702,27.50,-178.50,-219.5655,130.6669
35421608,-388.50,-2047.50,-207.3866,59.0889
35425514,-448.50,-1405.50,-210.6653,13.8732
35429420,-96.50,2035.50,-217.2373,62.8211
35433326,208.50,2047.50,-218.2768,190.0314
35437232,27.50,145.50,-220.3452,140.7807
35441138,-399.50,-2047.50,-234.0625,6.0591
35445044,-512.50,-1675.50,-252.3140,-61.5568
35448950,-177.50,1296.50,-257.7465,-76.5715
35452856,166.50,2047.50,-248.9046,-51.7293
35456762,94.50,487.50,-233.4711,-70.0493
35460668,-335.50,-2047.50,-221.8570,-94.4386
35464574,-490.50,-1881.50,-220.1073,-117.1896
35468480,-218.50,825.50,-220.5309,-132.7759
35472386,160.50,2047.50,-218.6477,-129.7673
35476292,109.50,855.50,-216.9025,-132.2906
35480198,-274.50,-1961.50,-216.9251,-120.3099
35484104,-512.50,-2028.50,-218.0282,-138.4927
35488010,-234.50,449.50,-213.5042,-149.7482
35491916,167.50,2047.50,-196.4808,-141.1908
35495822,170.50,1179.50,-179.6403,-134.5845
35499728,-216.50,-1693.50,-179.6823,-104.5188
35503634,-476.50,-2047.50,-187.7564,-92.5361
35507540,-320.50,55.50,-194.6570,-88.4551
35511446,78.50,2047.50,-205.3234,-104.8952
35515352,171.50,1515.50,-213.1056,-107.0622
35519258,-175.50,-1442.50,-210.3989,-73.1415
35523164,-512.50,-2047.50,-207.9315,-62.9992
35527070,-373.50,-364.50,-212.6351,-62.8610
35530976,46.50,2047.50,-214.3341,-89.8281
35534882,171.50,1955.50,-210.0737,-50.9230
35538788,-143.50,-1090.50,-209.0821,39.4284
35542694,-512.50,-2047.50,-214.5547,39.7471
35546600,-456.50,-761.50,-226.5733,-16.6507
35550506,-28.50,2047.50,-236.2771,-74.4328
35554412,173.50,2047.50,-231.2094,-37.0739
35558318,-104.50,-761.50,-219.3650,19.9040
35562224,-490.50,-2047.50,-214.8301,2.5792
35566130,-468.50,-1135.50,-216.2301,-40.3618
35570036,-80.50,2047.50,-216.4247,-65.1135
35573942,187.50,2047.50,-211.0172,-4.6248
35577848,-40.50,-404.50,-200.4110,5.3556
35581754,-433.50,-2047.50,-191.4174,-45.6301
35585660,-494.50,-1411.50,-189.5312,-71.4767
35589566,-139.50,2001.50,-196.2601,-42.8381
35593472,133.50,2047.50,-209.2586,52.1090
35597378,-64.50,-70.50,-226.2592,10.6515
35601284,-465.50,-2047.50,-242.0574,-95.6814
35605190,-576.50,-1719.50,-248.9769,-136.8792
35609096,-239.50,1219.50,-249.2753,-183.0653
35613002,96.50,2047.50,-246.5607,-204.7299
35616908,-17.50,267.50,-240.9547,-214.2301
35620814,-427.50,-2047.50,-235.4963,-198.6092
35624720,-592.50,-1936.50,-233.1810,-182.4156
35628626,-278.50,782.50,-231.0182,-216.5849
35632532,78.50,2047.50,-225.6749,-253.4898
35636438,13.50,620.50,-222.2332,-259.7140
35640344,-404.50,-2047.50,-226.1277,-237.9242
35644250,-608.50,-2047.50,-232.6581,-229.5644
35648156,-361.50,366.50,-234.9620,-239.8649
35652062,63.50,2047.50,-228.3730,-260.8228
35655968,65.50,903.50,-211.5261,-268.3937
35659874,-354.50,-2016.50,-201.6880,-274.4759
35663780,-606.50,-2047.50,-207.9078,-280.6020
35667686,-367.50,-27.50,-208.6225,-237.6860
35671592,58.50,2047.50,-190.6586,-223.1375
35675498,117.50,1234.50,-167.6953,-223.7016
35679404,-232.50,-1704.50,-153.0446,-217.1869
35683310,-562.50,-2047.50,-148.7002,-205.8573
35687216,-410.50,-385.50,-154.2773,-156.9641
35691122,17.50,2047.50,-159.5152,-158.4188
35695028,158.50,1622.50,-152.3828,-147.1257
35698934,-184.50,-1380.50,-139.5002,-119.3373
35702840,-540.50,-2047.50,-135.4697,-120.1772
35706746,-447.50,-757.50,-140.9098,-103.6301
35710652,-21.50,2047.50,-144.3906,-119.4039
35714558,144.50,2023.50,-142.4588,-63.2185
35718464,-147.50,-1036.50,-141.9585,4.1415
35722370,-528.50,-2047.50,-144.1042,-28.0745
35726276,-485.50,-1162.50,-144.7625,-77.3624
35730182,-101.50,2047.50,-145.2855,-113.2140
35734088,135.50,2047.50,-148.4064,-45.4838
35737994,-94.50,-645.50,-147.7031,-6.8247
35741900,-488.50,-2047.50,-139.1099,-50.7509
35745806,-512.50,-1413.50,-129.7179,-73.1543
35749712,-124.50,1893.50,-123.6353,-77.0562
35753618,139.50,2047.50,-121.7703,-19.4451
35757524,-61.50,-285.50,-126.6581,-37.5694
35761430,-470.50,-2047.50,-133.7818,-102.8283
35765336,-550.50,-1700.50,-135.7098,-114.2789
35769242,-210.50,1242.50,-134.8021,-164.5481
35773148,94.50,2047.50,-139.1614,-202.9577
35777054,11.50,55.50,-139.0576,-214.4179
35780960,-401.50,-2047.50,-121.6355,-193.5836
35784866,-545.50,-1889.50,-102.3846,-150.9221
35788772,-239.50,813.50,-96.7347,-178.0461
35792678,113.50,2047.50,-100.7867,-234.9982
35796584,41.50,407.50,-105.0724,-257.4799
35800490,-382.50,-2047.50,-107.3577,-235.2692
35804396,-575.50,-2047.50,-110.5509,-201.5158
35808302,-300.50,434.50,-111.3356,-205.4426
35812208,64.50,2047.50,-111.3896,-238.5106
35816114,71.50,797.50,-111.8159,-243.0595
35820020,-303.50,-2047.50,-103.1990,-230.9039
35823926,-544.50,-2047.50,-86.3020,-222.5243
35827832,-324.50,64.50,-73.1143,-189.8134
35831738,53.50,2047.50,-72.4139,-191.0071
35835644,102.50,1077.50,-81.2764,-205.7090
35839550,-266.50,-1856.50,-87.6509,-219.6759
35843456,-554.50,-2047.50,-86.7119,-214.7426
35847362,-369.50,-292.50,-79.6761,-147.8302
35851268,35.50,2047.50,-70.1035,-131.1996
35855174,167.50,1481.50,-59.8078,-124.7044
35859080,-170.50,-1503.50,-46.8981,-109.0504
35862986,-527.50,-2047.50,-40.8428,-104.3030
35866892,-434.50,-662.50,-51.1348,-70.6245
35870798,-38.50,2047.50,-70.4035,-82.0456
35874704,144.50,1835.50,-82.4439,-51.9123
35878610,-143.50,-1183.50,-77.7007,-15.3352
35882516,-512.50,-2047.50,-65.1396,-36.7552
35886422,-493.50,-1071.50,-63.2588,-48.5456
35890328,-110.50,2047.50,-78.5263,-71.6573
35894234,95.50,2047.50,-99.4763,-3.3911
35898140,-153.50,-854.50,-112.6027,39.2422
35902046,-526.50,-2047.50,-112.0153,-16.1376
35905952,-527.50,-1395.50,-100.4262,-49.5022
35909858,-143.50,1835.50,-87.4462,-77.8158
35913764,102.50,2047.50,-82.9648,-34.6400
35917670,-110.50,-463.50,-90.0125,-23.3252
35921576,-512.50,-2047.50,-100.1329,-61.2788
35925482,-565.50,-1624.50,-102.0062,-56.8955
35929388,-196.50,1324.50,-92.6525,-99.8084
35933294,112.50,2047.50,-79.1776,-136.2889
35937200,-44.50,-108.50,-71.3255,-150.5506
35941106,-426.50,-2047.50,-66.5800,-138.5414
35945012,-543.50,-1842.50,-55.8578,-93.7060
35948918,-237.50,866.50,-46.2056,-127.5064
35952824,103.50,2047.50,-47.2839,-194.8535
35956730,12.50,253.50,-52.2488,-215.3082
35960636,-401.50,-2047.50,-55.1135,-184.5363
35964542,-584.50,-2032.50,-58.0085,-140.2602
35968448,-284.50,477.50,-57.7557,-159.1088
35972354,71.50,2047.50,-53.5562,-212.2043
35976260,29.50,601.50,-54.0637,-222.6312
35980166,-397.50,-2047.50,-64.9494,-205.3710
35984072,-628.50,-2047.50,-81.8178,-174.9347
35987978,-360.50,105.50,-87.8798,-145.0986
35991884,49.50,2047.50,-73.7869,-166.2452
35995790,70.50,918.50,-53.8944,-185.2002
35999696,-322.50,-2009.50,-46.2534,-209.1290
36003602,-585.50,-2047.50,-48.8375,-214.8540
36007508,-394.50,-258.50,-48.2760,-145.3777
36011414,27.50,2047.50,-41.0046,-121.1040
36015320,115.50,1270.50,-30.3619,-117.9520
36019226,-258.50,-1699.50,-25.4116,-128.1174
36023132,-608.50,-2047.50,-36.3312,-133.0006
36027038,-418.50,-612.50,-47.1515,-73.3016
36030944,-44.50,2047.50,-42.9844,-62.1420
36034850,94.50,1616.50,-41.6046,-41.5340
36038756,-188.50,-1388.50,-42.3713,-38.7595
36042662,-548.50,-2047.50,-32.4041,-65.3701
36046568,-512.50,-1002.50,-29.2558,-40.2712
36050474,-127.50,2047.50,-46.8747,-38.2027
36054380,84.50,2031.50,-67.2968,44.4730
36058286,-159.50,-1028.50,-67.4233,103.5395
36062192,-527.50,-2047.50,-48.3503,43.3983
36066098,-512.50,-1315.50,-28.2129,2.3554
36070004,-110.50,1970.50,-16.3342,-12.1636
36073910,125.50,2047.50,-11.5248,62.6510
36077816,-105.50,-640.50,-14.3771,79.5124
36081722,-512.50,-2047.50,-22.6016,10.8854
36085628,-579.50,-1589.50,-33.5667,-7.6395
36089534,-237.50,1329.50,-49.6787,-73.4968
36093440,65.50,2047.50,-65.4688,-118.3916
36097346,-111.50,-278.50,-71.7926,-111.8058
36101252,-512.50,-2047.50,-70.5156,-82.6705
36105158,-622.50,-1824.50,-67.0048,-34.4012
36109064,-270.50,880.50,-61.9050,-91.2186
36112970,89.50,2047.50,-49.8049,-176.8126
36116876,-27.50,65.50,-32.4665,-187.7227
36120782,-412.50,-2047.50,-17.8128,-143.0177
36124688,-557.50,-1996.50,-2.7562,-81.0075
36128594,-239.50,551.50,15.7144,-98.8655
36132500,133.50,2047.50,33.3882,-161.0063
36136406,90.50,475.50,46.9715,-169.3070
36140312,-313.50,-2047.50,55.0876,-139.5717
36144218,-566.50,-2047.50,51.1031,-100.0570
36148124,-308.50,186.50,34.9001,-88.4337
36152030,57.50,2047.50,18.1645,-126.9433
36155936,62.50,774.50,5.4009,-147.6378
36159842,-314.50,-2047.50,-0.8730,-166.3495
36163748,-582.50,-2047.50,0.4142,-161.5454
36167654,-381.50,-185.50,2.6099,-98.1928
36171560,19.50,2047.50,1.9773,-86.4731
36175466,55.50,1073.50,-4.8853,-98.0130
36179372,-285.50,-1865.50,-15.7812,-136.4172
36183278,-574.50,-2047.50,-16.0564,-150.5661
36187184,-412.50,-546.50,-2.5324,-69.9193
36191090,-9.50,2047.50,11.1618,-38.9597
36194996,129.50,1471.50,18.5627,-16.5147
36198902,-208.50,-1508.50,21.7272,-18.7255
36202808,-559.50,-2047.50,18.7888,-39.2115
36206714,-460.50,-872.50,12.7796,5.6610
36210620,-72.50,2047.50,7.8289,19.6764
36214526,97.50,1879.50,-0.0500,82.1166
36218432,-188.50,-1106.50,-9.2668,123.2883
36222338,-560.50,-2047.50,-14.0684,82.0150
36226244,-512.50,-1255.50,-12.2349,55.2187
36230150,-37.50,2029.50,7.7928,33.3120
36234056,144.50,2047.50,38.8806,119.1135
36237962,-94.50,-786.50,48.6970,154.5614
36241868,-512.50,-2047.50,35.9576,78.3142
36245774,-547.50,-1505.50,17.3757,47.2695
36249680,-132.50,1472.50,8.2556,-10.3171
36253586,146.50,2047.50,17.6387,-29.5759
36257492,-63.50,-412.50,27.9846,-17.0020
36261398,-461.50,-2047.50,27.5336,-8.6628
36265304,-558.50,-1742.50,23.3116,26.6998
36269210,-202.50,1019.50,18.8119,-27.0516
36273116,129.50,2047.50,18.0815,-99.5564
36277022,16.50,-41.50,27.0172,-106.3313
36280928,-395.50,-2047.50,41.8508,-67.5989
36284834,-561.50,-1935.50,48.1475,-10.9828
36288740,-238.50,637.50,41.6507,-44.3051
36292646,105.50,2047.50,32.8511,-118.7952
36296552,45.50,341.50,29.1102,-128.3091
36300458,-351.50,-2047.50,34.1137,-91.6934
36304364,-565.50,-2047.50,41.3003,-47.3060
36308270,-290.50,299.50,41.0220,-49.4796
36312176,85.50,2047.50,36.1030,-94.4610
36316082,78.50,688.50,32.6862,-104.9804
36319988,-298.50,-2047.50,35.9607,-104.3541
36323894,-580.50,-2047.50,39.7432,-90.4528
36327800,-344.50,-44.50,35.1165,-43.3235
36331706,55.50,2047.50,30.2067,-42.8959
36335612,122.50,986.50,33.2816,-57.5193
36339518,-257.50,-1947.50,40.7087,-98.1658
36343424,-575.50,-2047.50,40.5978,-117.1745
36347330,-413.50,-398.50,28.9628,-38.4110
36351236,16.50,2047.50,19.4680,0.0239
36355142,134.50,1349.50,23.0236,13.4535
36359048,-180.50,-1599.50,37.2779,-3.3205
36362954,-527.50,-2047.50,52.3579,-21.6295
36366860,-410.50,-750.50,59.0131,32.6981
36370766,10.50,2047.50,60.5047,49.6710
36374672,159.50,1749.50,60.0880,95.5107
36378578,-144.50,-1262.50,54.1977,113.7236
36382484,-512.50,-2047.50,47.1106,69.8069
36386390,-448.50,-1130.50,46.0300,66.8532
36390296,-51.50,2047.50,49.3826,65.2569
36394202,148.50,2047.50,47.3412,158.6568
36398108,-129.50,-895.50,34.1531,207.7556
36402014,-521.50,-2047.50,17.1647,133.6820
36405920,-544.50,-1423.50,4.6804,88.4083
36409826,-160.50,1671.50,-4.1388,39.2820
36413732,103.50,2047.50,-10.3271,57.3174
36417638,-97.50,-514.50,-12.2746,79.0187
36421544,-485.50,-2047.50,-7.2055,60.7421
36425450,-541.50,-1677.50,5.4280,69.9713
36429356,-168.50,1165.50,20.2957,6.4455
36433262,124.50,2047.50,28.6393,-52.0518
36437168,-16.50,-142.50,27.9897,-48.2441
36441074,-424.50,-2047.50,27.3571,-12.7583
36444980,-576.50,-1887.50,26.1077,34.9424
36448886,-250.50,756.50,17.4543,-13.7833
36452792,112.50,2047.50,11.0165,-91.6855
36456698,32.50,211.50,16.7048,-100.0366
36460604,-366.50,-2047.50,29.9845,-62.0309
36464510,-558.50,-2031.50,40.3401,-14.4641
36468416,-272.50,398.50,42.0306,-30.7051
36472322,81.50,2047.50,35.4290,-86.7127
36476228,19.50,591.50,19.0109,-91.0945
36480134,-346.50,-2047.50,3.3248,-71.6196
36484040,-609.50,-2047.50,-0.4829,-46.4439
36487946,-376.50,42.50,-3.9061,-21.4480
36491852,41.50,2047.50,-7.5307,-44.2529
36495758,65.50,883.50,-2.8891,-60.1544
36499664,-305.50,-2041.50,3.8119,-95.3207
36503570,-601.50,-2047.50,5.8365,-114.9888
36507476,-399.50,-305.50,4.9699,-41.4052
36511382,7.50,2047.50,6.8293,-4.1773
36515288,112.50,1209.50,12.6883,2.8292
36519194,-239.50,-1732.50,20.0947,-26.6812
36523100,-579.50,-2047.50,22.0974,-46.5745
36527006,-442.50,-656.50,17.1384,21.0188
36530912,-43.50,2047.50,11.3653,47.2575
36534818,112.50,1618.50,7.2373,83.8553
36538724,-184.50,-1361.50,9.4903,95.0274
36542630,-572.50,-2047.50,13.6072,64.5274
36546536,-472.50,-1024.50,13.3042,78.8933
36550442,-62.50,2047.50,17.5877,76.4802
36554348,144.50,1998.50,26.2781,159.6972
36558254,-137.50,-996.50,29.8208,215.1924
36562160,-536.50,-2047.50,24.5416,154.4071
36566066,-527.50,-1361.50,14.3598,106.9464
36569972,-170.50,1749.50,1.1666,48.5383
36573878,85.50,2047.50,-15.6400,76.8170
36577784,-115.50,-660.50,-23.4942,111.3448
36581690,-516.50,-2047.50,-16.2474,84.1071
36585596,-588.50,-1615.50,-9.6679,83.2593
36589502,-207.50,1233.50,-11.8602,12.9893
36593408,131.50,2047.50,-7.0027,-42.5281
36597314,-40.50,-300.50,10.3660,-32.4596
36601220,-460.50,-2047.50,22.2515,-0.8804
36605126,-575.50,-1849.50,21.3203,45.5893
36609032,-250.50,833.50,14.1155,-9.2367
36612938,90.50,2047.50,5.9330,-88.3413
36616844,-15.50,74.50,1.7878,-89.7724
36620750,-405.50,-2047.50,6.2390,-46.4503
36624656,-573.50,-1999.50,17.9645,7.1774
36628562,-250.50,467.50,31.8811,-20.0932
36632468,126.50,2047.50,46.3202,-89.3721
36636374,57.50,479.50,53.7119,-90.0004
36640280,-342.50,-2047.50,49.2749,-54.5138
36644186,-541.50,-2047.50,46.7806,-19.1572
36648092,-281.50,160.50,55.3715,-5.8355
36651998,113.50,2047.50,66.1751,-36.4229
36655904,106.50,795.50,68.3150,-49.7373
36659810,-266.50,-2047.50,63.3485,-72.7439
36663716,-538.50,-2047.50,60.8242,-81.7271
36667622,-338.50,-191.50,60.8071,-20.7355
36671528,48.50,2047.50,55.7616,2.2482
36675434,128.50,1113.50,46.7863,2.1198
36679340,-228.50,-1809.50,42.8370,-29.1812
36683246,-548.50,-2047.50,43.3856,-46.8393
36687152,-396.50,-564.50,42.6924,18.6665
36691058,-2.50,2047.50,38.7326,40.7778
36694964,86.50,1459.50,24.2299,61.1086
36698870,-237.50,-1503.50,0.9557,48.3217
36702776,-591.50,-2047.50,-15.7034,17.1027
36706682,-484.50,-922.50,-18.8138,57.6577
36710588,-82.50,2047.50,-13.6670,73.9469
36714494,140.50,1847.50,-3.1824,141.9208
36718400,-160.50,-1170.50,10.6723,166.2075
36722306,-538.50,-2047.50,16.8898,100.5699
36726212,-512.50,-1280.50,13.3221,80.6732
36730118,-124.50,1950.50,6.4637,71.8279
36734024,122.50,2047.50,1.0308,156.6821
36737930,-104.50,-757.50,3.0774,201.3638
36741836,-512.50,-2047.50,8.9611,138.3953
36745742,-526.50,-1542.50,12.8296,103.9183
36749648,-141.50,1363.50,18.5765,23.6047
36753554,157.50,2047.50,28.3045,-14.8510
36757460,-36.50,-386.50,36.8015,11.3052
36761366,-449.50,-2047.50,38.3252,41.7566
36765272,-559.50,-1762.50,31.5846,79.9114
36769178,-204.50,965.50,21.3499,18.7715
36773084,155.50,2047.50,21.1704,-57.8991
36776990,29.50,-10.50,35.5689,-57.4240
36780896,-386.50,-2047.50,49.5016,-13.2025
36784802,-552.50,-1963.50,51.0895,34.9255
36788708,-262.50,605.50,39.3104,-6.6273
36792614,85.50,2047.50,19.6902,-76.9403
36796520,26.50,336.50,4.6416,-81.9089
36800426,-364.50,-2047.50,4.4336,-53.0675
36804332,-568.50,-2047.50,15.0726,-14.3890
36808238,-303.50,240.50,23.7326,-15.0562
36812144,69.50,2047.50,23.0035,-59.2407
36816050,48.50,685.50,13.3524,-67.1463
36819956,-328.50,-2047.50,3.9452,-69.7882
36823862,-573.50,-2047.50,5.2242,-60.8569
36827768,-408.50,-111.50,4.9363,-15.4393
36831674,64.50,2047.50,0.2170,-16.2638
36835580,103.50,998.50,9.7196,-23.1681
36839486,-261.50,-1903.50,22.8754,-52.9264
36843392,-572.50,-2047.50,24.6113,-67.3487
36847298,-398.50,-456.50,21.5621,2.7018
36851204,29.50,2047.50,23.5512,29.5021
36855110,153.50,1363.50,33.2646,46.6588
36859016,-192.50,-1595.50,42.0039,32.4404
36862922,-522.50,-2047.50,44.6536,6.5640
36866828,-412.50,-802.50,46.3741,54.2224
36870734,-24.50,2047.50,44.8940,71.9754
36874640,140.50,1761.50,34.4848,127.9640
36878546,-148.50,-1224.50,24.1114,154.1250
36882452,-536.50,-2047.50,19.4440,108.8438
36886358,-464.50,-1162.50,18.8030,98.2620
36890266,-69.50,2047.50,23.3348,93.7965
36894172,159.50,2047.50,27.9660,191.6291
36898078,-105.50,-837.50,27.4617,244.6290
36901984,-514.50,-2047.50,20.0806,172.1622
36905890,-522.50,-1436.50,9.7729,122.2849
36909796,-144.50,1653.50,3.5880,68.7595
36913702,161.50,2047.50,6.1621,85.4020
36917608,-48.50,-444.50,17.0951,110.5216
36921514,-452.50,-2047.50,25.9183,98.2146
36925420,-526.50,-1669.50,28.6031,105.2354
36929326,-172.50,1157.50,27.9608,41.4388
36933232,145.50,2047.50,25.1850,-16.6295
36937138,-8.50,-69.50,21.8134,-13.2377
36941044,-412.50,-2047.50,19.8111,23.1152
36944950,-527.50,-1889.50,24.5576,62.7042
36948856,-185.50,767.50,37.8383,12.7851
36952762,139.50,2047.50,47.7009,-57.3054
36956668,89.50,299.50,49.9973,-59.8427
36960574,-334.50,-2047.50,54.6926,-20.7653
36964480,-512.50,-2044.50,59.8178,11.6062
36968386,-208.50,415.50,65.5412,-13.1632
36972292,179.50,2047.50,76.5407,-59.7266
36976198,150.50,663.50,86.2372,-56.7481
36980104,-250.50,-2047.50,88.8937,-39.7739
36984010,-491.50,-2047.50,86.4197,-28.3223
36987916,-303.50,45.50,74.9885,-8.1654
36991822,87.50,2047.50,50.7282,-23.3210
36995728,91.50,907.50,23.4650,-40.1214
36999634,-278.50,-2007.50,3.4691,-81.9021
37003540,-608.50,-2047.50,-11.2168,-103.6145
37007446,-412.50,-357.50,-25.6038,-35.2824
37011352,16.50,2047.50,-29.9559,-6.3042
37015258,158.50,1259.50,-13.3031,6.6333
37019164,-221.50,-1682.50,10.0753,-7.0522
37023070,-634.50,-2047.50,3.0372,-22.0523
37026976,-493.50,-729.50,-35.4203,28.7620
37030882,-59.50,2047.50,-60.2838,34.9980
37034788,123.50,1595.50,-52.9819,66.2192
37038694,-186.50,-1359.50,-31.2962,71.9437
37042600,-513.50,-2047.50,-8.2813,39.7628
37046506,-444.50,-1064.50,14.5914,63.7267
37050412,-37.50,2047.50,29.0593,72.1434
37054318,176.50,2031.50,30.8748,166.9643
37058224,-132.50,-975.50,21.6140,226.6712
37062130,-536.50,-2047.50,1.3482,157.4888
37066036,-521.50,-1368.50,-16.1116,105.1978
37069942,-114.50,1829.50,-17.9448,67.0845
37073848,176.50,2047.50,-5.5337,118.6274
37077754,-31.50,-607.50,14.6402,143.3883
37081660,-433.50,-2047.50,33.1794,94.5192
37085566,-512.50,-1614.50,40.2388,84.3640
37089472,-163.50,1269.50,30.1134,22.7332
37093378,129.50,2047.50,8.6226,-22.0700
37097284,-38.50,-220.50,-10.8764,-14.0502
37101190,-443.50,-2047.50,-18.4122,13.9393
37105096,-573.50,-1856.50,-16.1370,51.8486
37109002,-245.50,781.50,-16.4751,-17.9508
37112908,91.50,2047.50,-24.0302,-110.5837
37116814,-13.50,127.50,-32.7478,-109.9495
37120720,-416.50,-2047.50,-34.8589,-54.2634
37124626,-609.50,-2012.50,-32.0448,0.9382
37128532,-310.50,449.50,-32.8505,-28.6684
37132438,48.50,2047.50,-38.8660,-97.9651
37136344,-15.50,501.50,-50.5203,-101.4131
37140250,-385.50,-2047.50,-58.6321,-71.5500
37144156,-617.50,-2047.50,-51.8702,-37.6655
37148062,-362.50,81.50,-40.3270,-27.0803
37151968,45.50,2047.50,-32.5195,-67.3594
37155874,32.50,797.50,-31.2710,-82.4677
37159780,-351.50,-2047.50,-39.6926,-102.8314
37163686,-613.50,-2047.50,-45.7495,-107.7073
37167592,-398.50,-256.50,-39.0551,-42.4014
37171498,-3.50,2047.50,-29.1527,-21.9612
37175404,93.50,1098.50,-24.3897,-25.1930
37179310,-252.50,-1827.50,-17.2345,-65.2171
37183216,-575.50,-2047.50,-7.0731,-86.9454
37187122,-419.50,-601.50,-0.3558,-9.3778
37191028,-15.50,2047.50,2.2815,25.2720
37194934,133.50,1498.50,2.4505,55.2105
37198840,-181.50,-1423.50,5.8588,57.5965
37202746,-546.50,-2047.50,11.0047,37.3117
37206652,-450.50,-944.50,12.7191,68.9070
37210558,-72.50,2047.50,8.7205,70.7976
37214464,114.50,1916.50,-4.0259,141.9371
37218370,-150.50,-1064.50,-14.5171,188.9283
37222276,-559.50,-2047.50,-17.2478,136.6876
37226182,-546.50,-1294.50,-24.4151,99.7475
37230088,-158.50,2005.50,-37.1058,79.9582
37233994,77.50,2047.50,-48.4247,168.8408
37237900,-175.50,-749.50,-59.0371,196.6505
37241806,-582.50,-2047.50,-70.5946,110.3659
37245712,-612.50,-1579.50,-77.6525,71.0236
37249618,-223.50,1380.50,-74.5781,1.1719
37253524,87.50,2047.50,-61.9765,-24.6675
37257430,-110.50,-369.50,-49.1970,-2.2565
37261336,-493.50,-2047.50,-41.5764,17.0174
37265242,-584.50,-1783.50,-31.4145,53.4772
37269148,-226.50,951.50,-18.4837,-2.0704
37273054,109.50,2047.50,-8.2029,-75.4432
37276960,-17.50,34.50,-2.2201,-74.5560
37280866,-441.50,-2047.50,-2.3666,-28.8723
37284772,-591.50,-1965.50,-6.0590,20.2067
37288678,-271.50,586.50,-6.3310,-18.9298
37292584,101.50,2047.50,-0.5203,-90.2303
37296490,58.50,439.50,10.7283,-88.5146
37300396,-367.50,-2047.50,21.6588,-45.3755
37304302,-565.50,-2047.50,25.2475,-11.2893
37308208,-303.50,253.50,24.9963,-18.4670
37312114,65.50,2047.50,20.4460,-60.4235
37316020,53.50,768.50,8.5784,-66.8144
37319926,-314.50,-2047.50,1.2442,-68.8809
37323832,-580.50,-2047.50,5.8855,-68.8932
37327738,-368.50,-110.50,11.1770,-27.6391
37331644,37.50,2047.50,10.2130,-24.2700
37335550,95.50,1066.50,7.8329,-28.6185
37339456,-267.50,-1887.50,7.9559,-56.4663
37343362,-589.50,-2047.50,7.4486,-75.7697
37347268,-443.50,-453.50,-0.5113,-7.8535
37351174,-22.50,2047.50,-11.7841,22.7035
37355080,107.50,1412.50,-14.4029,39.4742
37358986,-196.50,-1546.50,-2.8376,26.7941
37362892,-540.50,-2047.50,16.2938,3.1563
37366798,-432.50,-815.50,29.8731,47.2195
37370704,-40.50,2047.50,31.0999,60.1953
37374610,158.50,1776.50,26.5238,110.1898
37378516,-155.50,-1170.50,24.6055,133.6693
37382422,-528.50,-2047.50,21.7132,93.8074
37386328,-464.50,-1201.50,20.8926,82.2352
37390234,-58.50,2047.50,28.6864,70.7649
37394140,160.50,2047.50,35.9029,164.8501
37398046,-105.50,-800.50,32.4688,215.2340
37401952,-527.50,-2047.50,17.3958,145.0645
37405858,-541.50,-1470.50,-0.9390,97.7984
37409764,-153.50,1665.50,-10.3216,47.2703
37413670,141.50,2047.50,-6.9084,68.0894
37417576,-72.50,-463.50,0.9801,80.6524
37421482,-523.50,-2047.50,-3.9074,50.5151
37425388,-597.50,-1742.50,-22.8359,52.8655
37429294,-239.50,1046.50,-37.0983,-24.2241
37433200,79.50,2047.50,-40.6352,-96.6235
37437106,-54.50,-111.50,-38.4027,-88.1657
37441012,-464.50,-2047.50,-31.7069,-41.3756
37444918,-585.50,-1939.50,-21.0897,11.3812
37448824,-271.50,672.50,-11.3957,-36.2879
37452730,80.50,2047.50,-9.7547,-114.6946
37456636,37.50,271.50,-7.1671,-116.2179
37460542,-381.50,-2047.50,5.9006,-73.1502
37464448,-548.50,-2047.50,21.6853,-27.0979
37468354,-266.50,354.50,35.3482,-36.2731
37472260,128.50,2047.50,45.4953,-83.7388
37476166,85.50,678.50,48.0097,-83.7800
37480072,-306.50,-2047.50,43.2093,-67.0868
37483978,-556.50,-2047.50,38.1397,-52.9501
37487884,-322.50,21.50,35.8354,-23.0329
37491790,101.50,2047.50,37.9215,-32.0759
37495696,145.50,971.50,46.8630,-43.9272
37499602,-220.50,-1968.50,58.1421,-76.0634
37503508,-528.50,-2047.50,64.3074,-95.6288
37507414,-338.50,-322.50,63.1967,-25.3136
37511320,80.50,2047.50,61.8130,10.6184
37515226,178.50,1347.50,63.1533,25.8681
37519132,-157.50,-1602.50,65.7257,20.0258
37523038,-512.50,-2047.50,66.5596,7.3105
37526944,-385.50,-646.50,61.4865,57.0732
37530850,28.50,2047.50,55.0744,71.2557
37534756,192.50,1783.50,52.4374,115.7656
37538662,-120.50,-1246.50,52.6843,147.8799
37542568,-490.50,-2047.50,52.6134,112.3158
37546474,-413.50,-1007.50,53.1144,101.7174
37550380,9.50,2047.50,59.0251,93.0562
37554286,213.50,2047.50,66.2233,171.1916
37558192,-73.50,-830.50,63.7747,226.5263
37562098,-452.50,-2047.50,54.4688,176.2293
37566004,-447.50,-1325.50,51.0226,128.8766
37569910,-57.50,2047.50,52.5776,121.0326
37573816,205.50,2047.50,52.0995,210.6883
37577722,-17.50,-437.50,49.1936,217.6281
37581628,-432.50,-2047.50,44.5397,137.5816
37585534,-489.50,-1585.50,39.5921,102.4750
37589440,-114.50,1424.50,37.4746,47.7952
37593346,160.50,2047.50,33.0082,27.8438
37597252,-15.50,-122.50,18.4975,18.4571
37601158,-440.50,-2047.50,0.6520,17.3581
37605064,-546.50,-1838.50,-8.7590,40.6726
37608970,-206.50,912.50,-7.5654,-11.4696
37612876,137.50,2047.50,-2.9038,-76.7998
37616782,55.50,225.50,3.2788,-87.0368
37620688,-360.50,-2047.50,13.5245,-53.2452
37624594,-550.50,-2008.50,19.1218,-13.7621
37628500,-244.50,543.50,15.8324,-37.0576
37632406,147.50,2047.50,15.0133,-87.8355
37636312,94.50,597.50,19.9971,-95.1279
37640218,-405.50,-2047.50,7.2382,-75.7740
37644124,-669.50,-2047.50,-38.1987,-54.1507
37648030,-486.50,51.50,-97.8085,-58.5848
37651936,-138.50,2047.50,-157.4013,-111.0250
37655842,-208.50,677.50,-219.2911,-155.5289
37659748,-645.50,-2047.50,-283.0895,-209.1736
37663654,-987.50,-2047.50,-341.4298,-198.0518
37667560,-904.50,-628.50,-403.6234,-147.7398
37671466,-574.50,2047.50,-483.8965,-198.0820
37675372,-516.50,752.50,-559.7508,-239.6671
37679278,-949.50,-2047.50,-610.3538,-323.7441
37683184,-1363.50,-2047.50,-656.9954,-334.2145
37687090,-1281.50,-1199.50,-715.6311,-233.5720
37690996,-897.50,1264.50,-769.8474,-372.3888
37694902,-780.50,715.50,-803.5915,-600.3464
37698808,-1115.50,-2047.50,-816.5177,-708.9354
37702714,-1487.50,-2047.50,-815.7251,-579.5257
37706620,-1457.50,-1606.50,-816.3689,-309.6314
37710526,-1010.50,809.50,-820.2868,-399.2143
37714432,-780.50,797.50,-805.1050,-686.9221
37718338,-1039.50,-2047.50,-767.2298,-848.1690
37722244,-1404.50,-2047.50,-723.8515,-729.0970
37726150,-1370.50,-1861.50,-684.3787,-380.7108
37730056,-958.50,573.50,-651.9235,-362.7868
37733962,-685.50,1011.50,-624.6600,-599.3564
37737868,-895.50,-1715.50,-596.6472,-745.7291
37741774,-1248.50,-2047.50,-559.7236,-651.1000
37745680,-1265.50,-1983.50,-511.5606,-323.0979
37749586,-860.50,347.50,-463.3551,-273.5084
37753492,-527.50,1294.50,-421.5442,-466.1826
37757398,-648.50,-1231.50,-377.8050,-566.5651
37761304,-1055.50,-2047.50,-331.3751,-484.1480
37765210,-1114.50,-2047.50,-289.7528,-221.4750
37769116,-749.50,133.50,-251.9266,-175.1198
37773022,-418.50,1602.50,-223.2417,-317.0484
37776928,-527.50,-751.50,-209.3902,-361.9329
37780834,-884.50,-2047.50,-191.9070,-309.7580
37784740,-1045.50,-2047.50,-159.6085,-133.4087
37788646,-747.50,-160.50,-133.3089,-96.4824
37792552,-352.50,1791.50,-121.1228,-211.6425
37796458,-367.50,-246.50,-102.9061,-215.9092
37800364,-731.50,-2047.50,-67.2794,-171.9211
37804270,-960.50,-2047.50,-29.8012,-68.8312
37808176,-701.50,-447.50,-11.4603,-40.5056
37812082,-262.50,1868.50,-2.0331,-129.4882
37815988,-188.50,126.50,26.9333,-123.2622
37819894,-548.50,-2047.50,76.4932,-118.3858
37823800,-788.50,-2047.50,123.8008,-77.3528
37827706,-556.50,-719.50,158.3235,-23.0209
37831612,-111.50,1872.50,186.1165,-60.6436
37835518,-15.50,511.50,213.5317,-34.1514
37839424,-392.50,-2047.50,233.9244,-63.9324
37843330,-705.50,-2047.50,238.2978,-95.2565
37847236,-516.50,-987.50,239.7922,-29.4687
37851142,-79.50,1681.50,254.2437,-36.7382
37855048,43.50,905.50,271.7930,-11.6597
37858954,-320.50,-2047.50,272.4933,-54.2724
37862860,-697.50,-2047.50,251.9485,-131.4223
37866766,-578.50,-1308.50,229.8844,-63.2145
37870672,-114.50,1409.50,232.5005,-56.6511
37874578,65.50,1326.50,255.4060,-20.8639
37878484,-235.50,-1759.50,270.2013,4.1442
37882390,-616.50,-2047.50,268.9850,-43.6765
37886296,-584.50,-1583.50,262.8267,-3.8216
37890202,-154.50,1185.50,260.8550,-31.8210
37894108,48.50,1762.50,259.7502,15.9205
37898014,-182.50,-1324.50,252.1123,124.2636
37901920,-559.50,-2047.50,250.8460,105.0642
37905826,-559.50,-1740.50,266.4952,96.4914
37909732,-178.50,986.50,285.2508,38.3021
37913638,149.50,2047.50,298.7844,82.7048
37917544,-9.50,-753.50,318.4039,235.7733
37921450,-397.50,-2047.50,347.0690,249.5843
37925356,-458.50,-1845.50,375.3849,201.9782
37929266,-77.50,856.50,398.6375,128.5553
37933172,272.50,2047.50,417.0355,152.8399
37937078,181.50,-184.50,436.6158,272.9681
37940984,-196.50,-2047.50,464.8460,296.8386
37944890,-324.50,-1948.50,496.2049,245.1967
37948796,58.50,723.50,525.8599,189.7360
37952702,434.50,2047.50,555.6934,228.4551
37956608,396.50,409.50,580.6577,339.8071
37960514,47.50,-2047.50,607.5384,365.2677
37964420,-94.50,-2009.50,648.4758,282.0384
37968326,192.50,576.50,690.3934,236.2823
37972232,606.50,2047.50,714.3264,304.2644
37976138,592.50,935.50,720.9271,411.6539
37980044,192.50,-1935.50,716.0353,432.9723
37983950,-26.50,-2047.50,709.4119,326.6527
37987856,229.50,383.50,714.2098,285.6748
37991762,678.50,2047.50,731.4781,370.0074
37995668,723.50,1374.50,749.8819,470.9073
37999574,337.50,-1477.50,753.3153,527.2186
38003480,64.50,-2047.50,744.1209,473.9714
38007386,282.50,138.50,743.4833,422.6631
38011292,648.50,2047.50,745.3332,449.7465
38015198,751.50,1791.50,727.1857,522.8110
38019104,373.50,-1133.50,694.7204,590.3465
38023010,17.50,-2047.50,659.3729,541.2963
38026916,127.50,-264.50,625.7848,452.2522
38030822,551.50,2047.50,601.2710,434.1023
38034728,705.50,2047.50,586.2210,510.2868
38038634,368.50,-783.50,569.9777,594.6888
38042540,-18.50,-2047.50,544.5144,550.5719
38046446,16.50,-676.50,513.0169,441.0751
38050352,431.50,2047.50,483.6113,404.0512
38054258,625.50,2047.50,460.5855,473.3902
38058164,353.50,-433.50,440.0307,518.3949
38062070,-33.50,-2047.50,423.6232,470.3897
38065976,-45.50,-1027.50,413.3453,388.1877
38069882,322.50,2047.50,398.5104,385.5523
38073788,571.50,2047.50,373.0264,480.5018
38077694,329.50,-86.50,342.1577,483.3072
38081600,-75.50,-2047.50,315.0325,399.8492
38085506,-163.50,-1319.50,295.3117,321.3515
38089412,166.50,2047.50,271.4850,367.1641
38093318,451.50,2047.50,236.8124,513.9505
38097224,267.50,222.50,200.2015,476.0651
38101130,-159.50,-2047.50,170.2753,327.6917
38105036,-297.50,-1602.50,148.5538,225.5889
38108942,12.50,1589.50,128.7769,249.0489
38112848,358.50,2047.50,108.4580,361.8879
38116754,247.50,561.50,92.6918,341.4803
38120660,-173.50,-2047.50,81.4916,240.7589
38124566,-350.50,-1837.50,73.2121,147.5670
38128472,-41.50,996.50,70.8603,131.5361
38132378,323.50,2047.50,71.9462,188.9203
38136284,279.50,943.50,68.4104,206.7578
38140190,-136.50,-1884.50,59.1638,204.9282
38144096,-372.50,-2008.50,47.9928,153.1594
38148002,-140.50,561.50,35.8962,113.9978
38151908,240.50,2047.50,20.4625,131.4794
38155814,277.50,1258.50,6.7721,153.3818
38159720,-126.50,-1628.50,0.4006,187.1194
38163626,-425.50,-2047.50,-8.0739,174.2786
38167532,-200.50,163.50,-17.0960,149.0394
38171438,223.50,2047.50,-13.3872,140.5600
38175344,305.50,1626.50,-2.6870,162.6637
38179250,-66.50,-1318.50,0.5379,223.8423
38183156,-328.50,-2047.50,4.5301,226.4566
38187062,-255.50,-226.50,11.3546,190.3763
38190968,93.50,2047.50,-11.0880,156.4408
38194874,246.50,1941.50,-57.6220,186.3105
38198780,-70.50,-1055.50,-85.3204,250.8879
38202686,-433.50,-2047.50,-88.9111,230.5640
38206592,-392.50,-668.50,-93.4442,169.1978
38210498,16.50,2047.50,-109.2639,129.1844
38214404,206.50,2047.50,-124.6267,175.0938
38218310,-67.50,-754.50,-131.7022,219.4479
38222216,-472.50,-2047.50,-136.2376,179.7931
38226122,-437.50,-1106.50,-140.8591,117.8276
38230028,-30.50,2047.50,-138.0794,94.5279
38233934,208.50,2047.50,-130.4519,168.2313
38237840,-16.50,-412.50,-127.6057,182.6857
38241746,-420.50,-2047.50,-128.1960,117.8042
38245652,-478.50,-1396.50,-131.2865,73.5054
38249558,-86.50,2047.50,-134.8841,107.0646
38253464,192.50,2047.50,-135.1450,225.4011
38257370,27.50,-92.50,-134.8582,187.4246
38261276,-385.50,-2047.50,-133.5299,57.6031
38265182,-512.50,-1679.50,-134.7558,-0.5215
38269088,-175.50,1359.50,-144.3064,-20.4089
38272994,172.50,2047.50,-152.7053,1.3300
38276900,99.50,267.50,-144.2299,-12.4688
38280806,-352.50,-2047.50,-126.9750,-36.6492
38284712,-512.50,-1884.50,-123.7351,-46.1667
38288618,-207.50,884.50,-130.4057,-67.8338
38292524,166.50,2047.50,-132.9711,-78.2807
38296430,85.50,655.50,-135.1033,-82.5806
38300336,-338.50,-2047.50,-145.4100,-77.2031
38304242,-556.50,-2042.50,-159.4658,-95.8031
38308148,-281.50,497.50,-164.5861,-110.8731
38312054,115.50,2047.50,-158.5795,-104.9341
38315960,117.50,983.50,-150.5815,-95.9909
38319866,-285.50,-1919.50,-148.7911,-88.8385
38323772,-559.50,-2047.50,-153.8169,-99.3643
38327678,-335.50,135.50,-158.0329,-75.9754
38331584,74.50,2047.50,-155.5804,-60.1863
38335490,115.50,1337.50,-154.6995,-56.9571
38339396,-242.50,-1628.50,-160.2489,-42.3420
38343302,-536.50,-2047.50,-160.4157,-40.6990
38347208,-360.50,-265.50,-148.1258,-20.2253
38351114,57.50,2047.50,-131.6916,-29.4071
38355020,150.50,1725.50,-126.4566,-11.4924
38358926,-193.50,-1333.50,-137.7053,31.0220
38362832,-526.50,-2047.50,-149.7358,21.0831
38366738,-422.50,-683.50,-149.3609,6.5613
38370644,-20.50,2047.50,-144.6841,-22.5551
38374550,166.50,2047.50,-143.8280,30.5829
38378456,-127.50,-952.50,-142.6024,109.7355
38382362,-518.50,-2047.50,-141.8822,90.2334
38386268,-512.50,-1092.50,-151.1500,29.8095
38390174,-74.50,2047.50,-163.5681,-20.5104
38394080,148.50,2047.50,-163.5192,35.0105
38397986,-118.50,-635.50,-160.5876,65.0395
38401892,-493.50,-2047.50,-161.4963,17.5100
38405798,-494.50,-1361.50,-152.9081,-6.4756
38409704,-109.50,2047.50,-136.5244,17.8926
38413610,169.50,2047.50,-125.9313,111.7848
38417516,-24.50,-274.50,-122.9291,80.5993
38421422,-440.50,-2047.50,-122.4005,-23.9846
38425328,-527.50,-1656.50,-123.4626,-56.9611
38429234,-157.50,1399.50,-123.9949,-86.6720
38433140,179.50,2047.50,-118.1396,-89.4043
38437046,55.50,93.50,-104.7170,-105.3545
38440952,-347.50,-2047.50,-87.6204,-111.1952
38444858,-488.50,-1866.50,-73.0144,-92.0293
38448764,-191.50,927.50,-70.2525,-120.2294
38452670,139.50,2047.50,-84.5860,-159.1746
38456576,77.50,411.50,-102.6480,-185.4601
38460482,-346.50,-2047.50,-109.1427,-181.0556
38464388,-574.50,-2047.50,-114.1717,-162.2531
38468294,-334.50,495.50,-133.1575,-172.6439
38472200,47.50,2047.50,-159.5545,-199.6407
38476106,38.50,740.50,-174.5136,-210.9297
38480012,-368.50,-2047.50,-174.9012,-214.6014
38483918,-618.50,-2047.50,-172.1652,-207.2521
38487824,-384.50,107.50,-169.5592,-167.2862
38491730,23.50,2047.50,-164.6638,-162.7425
38495636,53.50,1077.50,-161.3440,-175.2165
38499542,-307.50,-1861.50,-160.9208,-187.1772
38503448,-607.50,-2047.50,-158.2766,-184.4430
38507354,-417.50,-258.50,-151.9621,-124.8318
38511260,-41.50,2047.50,-149.7152,-112.3409
38515166,63.50,1475.50,-158.3272,-106.7981
38519072,-285.50,-1551.50,-168.6264,-94.7374
38522978,-617.50,-2047.50,-171.8093,-98.5061
38526884,-465.50,-639.50,-164.0936,-67.1088
38530790,-40.50,2047.50,-144.3410,-74.7350
38534696,99.50,1865.50,-128.1938,-36.1239
38538602,-194.50,-1209.50,-125.1677,12.2117
38542508,-570.50,-2047.50,-126.3568,-11.7662
38546414,-512.50,-1007.50,-127.8059,-27.7368
38550320,-78.50,2047.50,-124.9585,-47.7669
38554226,144.50,2047.50,-111.9752,14.9641
38558132,-127.50,-813.50,-98.6575,61.2054
38562038,-495.50,-2047.50,-90.7376,19.5613
38565944,-486.50,-1312.50,-80.3345,-9.5337
38569850,-92.50,2047.50,-68.1407,-7.5202
38573756,176.50,2047.50,-59.9299,72.6337
38577662,-58.50,-447.50,-58.9704,61.6949
38581568,-446.50,-2047.50,-62.5365,-22.3509
38585474,-512.50,-1566.50,-61.9098,-39.6379
38589380,-148.50,1456.50,-59.2285,-70.0330
38593286,137.50,2047.50,-62.7477,-85.5538
38597192,-36.50,-133.50,-74.5255,-114.5465
38601098,-454.50,-2047.50,-88.2044,-130.3972
38605004,-588.50,-1855.50,-98.0734,-101.9355
38608910,-254.50,907.50,-104.9059,-146.0286
38612816,107.50,2047.50,-105.0453,-211.6095
38616722,-17.50,221.50,-100.7120,-226.6279
38620628,-414.50,-2047.50,-99.2144,-192.2742
38624534,-591.50,-2034.50,-96.5170,-145.9106
38628440,-269.50,541.50,-87.2322,-164.7943
38632346,112.50,2047.50,-71.9174,-215.0036
38636252,102.50,607.50,-52.8151,-222.8245
38640158,-287.50,-2047.50,-31.0348,-200.3585
38644064,-513.50,-2047.50,-12.3085,-170.0621
38647970,-259.50,181.50,-2.0883,-145.2336
38651876,127.50,2047.50,0.1820,-166.1003
38655782,115.50,901.50,-8.5784,-190.9716
38659688,-293.50,-2014.50,-29.7816,-219.6156
38663594,-588.50,-2047.50,-55.0331,-223.5809
38667500,-388.50,-205.50,-72.9186,-154.2993
38671406,31.50,2047.50,-77.2580,-132.0833
38675312,121.50,1278.50,-70.1052,-130.8115
38679218,-226.50,-1692.50,-57.8066,-132.7171
38683124,-558.50,-2047.50,-48.4684,-129.8934
38687030,-406.50,-527.50,-45.6101,-69.5835
38690936,19.50,2047.50,-42.5607,-59.2636
38694842,163.50,1711.50,-35.6946,-33.2964
38698748,-154.50,-1327.50,-28.2072,-1.3525
38702654,-512.50,-2047.50,-22.6610,-14.4765
38706560,-441.50,-908.50,-22.1497,-10.0496
38710466,-34.50,2047.50,-27.7553,-29.5543
38714372,161.50,2047.50,-34.4840,34.2262
38718278,-138.50,-990.50,-40.5951,93.7962
38722184,-532.50,-2047.50,-49.6047,47.9566
38726090,-512.50,-1273.50,-58.7859,3.7856
38729996,-106.50,2047.50,-62.1326,-14.4319
38733902,159.50,2047.50,-56.6766,64.4707
38737808,-84.50,-627.50,-47.2408,78.2413
38741714,-484.50,-2047.50,-42.2951,4.2111
38745620,-541.50,-1510.50,-43.6782,-12.5411
38749526,-164.50,1467.50,-49.8159,-55.7629
38753432,146.50,2047.50,-53.0731,-81.8360
38757338,-24.50,-270.50,-46.7458,-93.2557
38761244,-463.50,-2047.50,-40.3634,-89.3239
38765150,-559.50,-1764.50,-42.5277,-48.0205
38769056,-231.50,1039.50,-49.4597,-83.5890
38772962,103.50,2047.50,-58.2298,-145.1197
38776868,-13.50,95.50,-64.1142,-167.1372
38780774,-409.50,-2047.50,-59.8228,-141.9126
38784680,-569.50,-1968.50,-47.2025,-92.5036
38788586,-277.50,639.50,-39.5018,-115.5765
38792492,109.50,2047.50,-40.0776,-175.7369
38796398,47.50,475.50,-38.7382,-189.8474
38800304,-399.50,-2047.50,-41.1056,-163.0232
38804210,-623.50,-2047.50,-55.7623,-125.2047
38808116,-367.50,273.50,-72.3847,-115.8423
38812022,39.50,2047.50,-79.5491,-150.7021
38815928,57.50,784.50,-73.8327,-172.2068
38819834,-312.50,-2047.50,-56.9133,-188.6858
38823740,-574.50,-2047.50,-36.3972,-182.9854
38827646,-352.50,-82.50,-20.8617,-119.7887
38831552,38.50,2047.50,-15.9615,-103.2119
38835458,106.50,1102.50,-20.9081,-117.0658
38839364,-260.50,-1845.50,-26.0342,-150.0556
38843270,-572.50,-2047.50,-26.3061,-158.8003
38847176,-428.50,-463.50,-27.0929,-85.1909
38851082,-15.50,2047.50,-32.3454,-62.1049
38854988,113.50,1474.50,-37.4906,-50.6182
38858894,-255.50,-1506.50,-43.4198,-53.5364
38862800,-549.50,-2047.50,-46.3676,-66.5435
38866706,-428.50,-815.50,-30.0163,-21.4723
38870612,-44.50,2047.50,-9.1423,-13.8085
38874518,121.50,1853.50,-9.9940,34.6474
38878424,-137.50,-1155.50,-18.1503,63.9246
38882330,-528.50,-2047.50,-14.9743,22.9729
38886236,-524.50,-1171.50,-16.1582,14.1124
38890142,-111.50,2047.50,-29.5436,11.9581
38894048,117.50,2047.50,-39.0195,95.3408
38897954,-127.50,-783.50,-39.9981,125.2613
38901860,-494.50,-2047.50,-32.9783,53.0704
38905766,-493.50,-1450.50,-14.0311,23.4245
38909672,-144.50,1600.50,2.4688,-20.6861
38913578,138.50,2047.50,1.0243,-21.5990
38917484,-53.50,-418.50,-7.0516,-17.5205
38921390,-451.50,-2047.50,-7.8443,-28.3954
38925296,-545.50,-1690.50,-4.2245,-0.6783
38929202,-196.50,1136.50,-4.5029,-43.5998
38933108,117.50,2047.50,-9.5163,-101.7508
38937014,-16.50,-52.50,-14.1518,-117.2022
38940920,-431.50,-2047.50,-15.6223,-92.7945
38944826,-600.50,-1893.50,-19.8302,-39.6609
38948732,-271.50,726.50,-28.9371,-67.7168
38952638,95.50,2047.50,-31.3228,-137.6490
38956544,20.50,326.50,-24.0632,-155.0042
38960450,-367.50,-2047.50,-12.9822,-123.8401
38964356,-569.50,-2047.50,-1.5976,-82.0483
38968266,-289.50,369.50,5.2783,-89.9234
38972172,86.50,2047.50,6.5561,-135.0878
38976078,48.50,661.50,1.0231,-147.1879
38979984,-350.50,-2047.50,-10.8136,-144.9614
38983890,-620.50,-2047.50,-24.1888,-126.1786
38987796,-384.50,7.50,-34.8277,-82.4198
38991702,7.50,2047.50,-39.3866,-87.7257
38995608,35.50,963.50,-43.1654,-106.0024
38999514,-322.50,-1943.50,-47.6604,-140.0852
39003420,-603.50,-2047.50,-44.0175,-148.4727
39007326,-415.50,-335.50,-31.4827,-69.2319
39011232,7.50,2047.50,-16.3529,-36.1789
39015138,122.50,1323.50,-2.0921,-31.7586
39019044,-239.50,-1625.50,5.7248,-52.1690
39022950,-576.50,-2047.50,2.2365,-66.3065
39026856,-460.50,-693.50,-5.9002,-6.9273
39030762,-47.50,2047.50,-10.7068,11.0610
39034668,115.50,1698.50,-11.2222,45.2004
39038574,-188.50,-1259.50,-8.9041,58.9433
39042480,-559.50,-2047.50,-6.9613,30.3719
39046386,-474.50,-1049.50,-3.1004,42.9955
39050292,-64.50,2047.50,7.3176,43.6627
39054198,157.50,2047.50,19.2054,126.4476
39058104,-79.50,-864.50,30.8122,180.1147
39062010,-465.50,-2047.50,44.7233,123.4439
39065916,-494.50,-1352.50,50.6712,79.4066
39069822,-138.50,1923.50,37.0510,58.7926
39073728,137.50,2047.50,14.8955,123.4717
39077634,-77.50,-527.50,3.3633,126.5435
39081540,-512.50,-2047.50,-2.6415,55.4750
39085446,-548.50,-1643.50,-8.9074,36.2299
39089352,-178.50,1266.50,-5.0132,-27.5055
39093258,127.50,2047.50,5.0848,-71.5448
39097164,-36.50,-182.50,8.7681,-69.6139
39101070,-434.50,-2047.50,8.2927,-45.4013
39104976,-576.50,-1844.50,8.0764,1.9491
39108882,-252.50,825.50,3.2717,-41.4492
39112788,94.50,2047.50,-4.2870,-118.3339
39116694,-12.50,167.50,-9.2633,-134.8655
39120600,-428.50,-2047.50,-13.5737,-101.4659
39124506,-612.50,-2023.50,-18.1482,-51.6589
39128412,-320.50,429.50,-21.1858,-74.2191
39132318,57.50,2047.50,-21.2227,-139.1387
39136224,-5.50,502.50,-23.1995,-151.5361
39140130,-396.50,-2047.50,-29.9273,-133.9400
39144036,-623.50,-2047.50,-32.5084,-95.8524
39147942,-367.50,101.50,-26.7248,-60.5847
39151848,51.50,2047.50,-14.3649,-82.0301
39155754,84.50,848.50,2.4520,-100.2947
39159660,-310.50,-2047.50,14.3077,-132.2352
39163566,-594.50,-2047.50,14.2653,-144.9453
39167472,-381.50,-236.50,11.6447,-71.0957
39171378,66.50,2047.50,22.0031,-36.4088
39175284,173.50,1189.50,47.2433,-33.4760
39179190,-253.50,-1750.50,60.7437,-60.4088
39183096,-628.50,-2047.50,34.8308,-74.8499
39187002,-476.50,-624.50,-8.2077,-12.8594
39190908,-45.50,2047.50,-28.1310,1.9572
39194814,131.50,1552.50,-18.3475,26.8056
39198720,-223.50,-1422.50,-0.7535,29.9712
39202626,-591.50,-2047.50,1.7721,4.4310
39206532,-524.50,-977.50,-8.8353,34.2495
39210438,-105.50,2047.50,-19.6000,39.8794
39214344,98.50,1956.50,-24.2765,116.5922
39218250,-154.50,-1041.50,-18.4421,167.2706
39222156,-554.50,-2047.50,-5.2233,113.0094
39226062,-512.50,-1296.50,7.3299,78.5016
39229968,-92.50,2047.50,21.0656,73.7973
39233874,131.50,2047.50,30.2042,170.1058
39237780,-97.50,-665.50,25.3695,191.2541
39241686,-493.50,-2047.50,19.4878,104.7274
39245592,-546.50,-1568.50,21.3126,68.0237
39249498,-163.50,1394.50,23.2114,1.2815
39253404,112.50,2047.50,19.0112,-28.2629
39257310,-60.50,-286.50,9.7320,-13.4375
39261216,-458.50,-2047.50,7.2647,9.6970
39265122,-534.50,-1787.50,20.7974,47.3101
39269028,-172.50,976.50,43.5230,-5.9234
39272934,153.50,2047.50,59.4122,-76.3821
39276840,12.50,107.50,57.5749,-80.1096
39280746,-399.50,-2047.50,45.7473,-35.9221
39284652,-559.50,-1960.50,39.0295,12.3382
39288558,-269.50,624.50,35.5993,-18.3541
39292464,111.50,2047.50,29.6785,-80.3597
39296370,55.50,477.50,27.9856,-89.8065
39300276,-360.50,-2047.50,31.2108,-62.3007
39304182,-576.50,-2047.50,32.8211,-32.1080
39308088,-342.50,249.50,26.9429,-31.6107
39311994,71.50,2047.50,15.7900,-68.1858
39315900,78.50,787.50,12.7656,-81.3643
39319806,-298.50,-2047.50,21.4519,-92.8209
39323712,-576.50,-2047.50,31.8970,-93.0561
39327618,-355.50,-95.50,36.2271,-37.5222
39331524,71.50,2047.50,39.1566,-21.1593
39335430,129.50,1105.50,44.6309,-27.9332
39339336,-211.50,-1803.50,51.8819,-51.1956
39343242,-530.50,-2047.50,61.6141,-55.9748
39347148,-379.50,-463.50,66.1812,9.0244
39351054,33.50,2047.50,61.5244,24.1041
39354960,142.50,1479.50,51.7384,36.8554
39358866,-207.50,-1481.50,38.4983,37.6558
39362772,-559.50,-2047.50,25.4208,23.4608
39366678,-431.50,-822.50,22.5623,59.6055
39370584,-12.50,2047.50,32.8483,61.7632
39374490,178.50,1844.50,45.6191,111.9810
39378396,-115.50,-1128.50,53.9628,144.3261
39382302,-494.50,-2047.50,57.8395,104.5166
39386208,-490.50,-1202.50,52.4640,85.8669
39390114,-81.50,2047.50,37.0664,72.8296
39394020,158.50,2047.50,25.2118,160.9764
39397926,-89.50,-721.50,23.8205,208.1184
39401832,-476.50,-2047.50,28.8065,148.2440
39405738,-530.50,-1489.50,31.7410,103.3086
39409644,-153.50,1495.50,23.0288,18.9823
39413550,125.50,2047.50,8.5814,-7.5455
39417456,-68.50,-411.50,-0.6253,12.5523
39421362,-481.50,-2047.50,-2.8695,27.2125
39425268,-581.50,-1726.50,-3.5914,57.4041
39429174,-209.50,1097.50,-5.2854,3.5848
39433080,103.50,2047.50,-5.6405,-56.8136
39436986,-48.50,-22.50,-9.7663,-58.4505
39440892,-464.50,-2047.50,-18.1713,-23.1909
39444798,-604.50,-1921.50,-22.0834,21.9592
39448704,-284.50,675.50,-20.3514,-23.5214
39452610,78.50,2047.50,-17.8089,-99.6995
39456516,-21.50,338.50,-19.6646,-106.4051
39460422,-429.50,-2047.50,-26.5219,-66.8383
39464328,-612.50,-2047.50,-28.0901,-26.3737
39468234,-305.50,337.50,-16.0106,-36.4989
39472140,114.50,2047.50,8.1350,-82.0024
39476046,127.50,709.50,38.9029,-84.9779
39479952,-250.50,-2047.50,69.6771,-74.1990
39483858,-512.50,-2047.50,90.4045,-63.3248
39487764,-279.50,7.50,95.1062,-26.3257
39491670,110.50,2047.50,88.3589,-27.2169
39495576,106.50,977.50,69.2725,-43.3152
39499482,-271.50,-1958.50,40.9282,-86.9322
39503388,-591.50,-2047.50,17.7738,-108.8516
39507294,-428.50,-393.50,1.4507,-37.6824
39511200,-18.50,2047.50,-12.0886,-6.4373
39515106,75.50,1347.50,-22.2104,9.5771
39519012,-239.50,-1604.50,-23.6516,3.6439
39522918,-573.50,-2047.50,-12.3504,-9.4417
39526824,-442.50,-736.50,2.7417,39.1826
39530730,-47.50,2047.50,9.3916,47.8721
39534636,145.50,1743.50,9.4557,91.3994
39538542,-194.50,-1253.50,9.2315,117.8320
39542448,-576.50,-2047.50,1.5373,83.0799
39546354,-525.50,-1122.50,-13.0449,75.6884
39550260,-104.50,2047.50,-21.7839,61.9928
39554166,110.50,2047.50,-21.2457,151.3011
39558072,-175.50,-905.50,-21.5544,206.6155
39561978,-597.50,-2047.50,-33.5233,137.9002
39565884,-605.50,-1411.50,-52.5555,90.8089
39569790,-184.50,1808.50,-61.4355,57.9550
39573696,82.50,2047.50,-54.1145,106.6525
39577602,-116.50,-517.50,-41.3759,124.4447
39581508,-530.50,-2047.50,-30.6615,79.1093
39585414,-592.50,-1647.50,-24.1841,74.0378
39589320,-208.50,1264.50,-19.5574,20.1454
39593226,101.50,2047.50,-13.9124,-20.5105
39597132,-38.50,-142.50,-7.5662,-21.6327
39601038,-447.50,-2047.50,2.4573,-1.3313
39604944,-590.50,-1871.50,10.8001,37.3609
39608850,-251.50,826.50,9.7190,-10.3922
39612756,120.50,2047.50,8.5414,-80.8721
39616662,34.50,229.50,17.1614,-88.0588
39620568,-367.50,-2047.50,32.2378,-50.1272
39624474,-533.50,-2036.50,49.0223,-9.3614
39628380,-252.50,441.50,60.9426,-37.6421
39632286,131.50,2047.50,61.9486,-96.4490
39636192,102.50,614.50,58.9537,-95.0072
39640098,-316.50,-2047.50,57.4087,-64.8680
39644004,-577.50,-2047.50,50.0922,-39.4898
39647910,-302.50,81.50,40.9205,-24.6433
39651816,83.50,2047.50,39.4309,-53.5678
39655722,95.50,897.50,36.4822,-69.4547
39659628,-280.50,-2039.50,29.4191,-96.9030
39663534,-566.50,-2047.50,27.6556,-113.0446
39667440,-370.50,-268.50,29.9788,-45.0751
39671346,34.50,2047.50,29.6577,-13.7038
39675252,130.50,1222.50,26.6087,-9.0211
39679158,-223.50,-1738.50,26.9110,-33.5843
39683064,-557.50,-2047.50,29.6409,-50.6378
39686970,-412.50,-622.50,30.6893,13.8331
39690876,-12.50,2047.50,28.3870,35.9884
39694782,199.50,1601.50,31.9793,64.7604
39698688,-180.50,-1369.50,42.8987,72.4920
39702594,-561.50,-2047.50,36.5895,47.3779
39706500,-485.50,-979.50,15.2907,69.8842
39710406,-78.50,2047.50,0.2006,70.6678
39714312,151.50,2029.50,-2.7530,152.7146
39718218,-112.50,-993.50,8.2569,214.4144
39722124,-543.50,-2047.50,17.9338,157.3485
39726030,-524.50,-1310.50,11.6922,107.1251
39729936,-111.50,2047.50,3.2493,93.9891
39733842,141.50,2047.50,3.0468,186.4538
39737748,-76.50,-591.50,6.3977,208.2002
39741654,-463.50,-2047.50,15.5006,130.2283
39745560,-517.50,-1605.50,29.2476,89.6499
39749466,-141.50,1471.50,36.4061,24.6256
39753372,171.50,2047.50,36.2931,12.3821
39757278,-31.50,-226.50,31.7592,25.3757
39761184,-451.50,-2047.50,21.2542,34.6724
39765090,-584.50,-1800.50,8.4564,62.1818
39768996,-255.50,978.50,-6.7802,6.1948
39772902,74.50,2047.50,-24.7493,-63.0818
39776808,-37.50,139.50,-38.2868,-71.6592
39780714,-435.50,-2047.50,-38.6040,-32.5678
39784620,-590.50,-1981.50,-24.6889,13.1033
39788526,-303.50,610.50,-11.6877,-16.8724
39792432,80.50,2047.50,-10.5083,-76.8221
39796338,41.50,511.50,-10.5551,-86.2579
39800244,-392.50,-2047.50,-8.0366,-59.7434
39804150,-627.50,-2047.50,-13.2513,-29.3748
39808056,-399.50,213.50,-29.1133,-27.7009
39811962,33.50,2047.50,-43.4588,-67.8214
39815868,114.50,880.50,-30.2897,-73.3541
39819774,-338.50,-2047.50,-0.7084,-68.7435
39823680,-705.50,-2047.50,-9.7301,-72.8216
39827586,-529.50,-221.50,-64.6288,-45.6728
39831492,-150.50,2047.50,-123.2018,-60.4320
39835398,-136.50,974.50,-170.9134,-89.8194
39839304,-512.50,-2031.50,-211.0811,-168.5553
39843210,-851.50,-2047.50,-235.4360,-210.0439
39847116,-732.50,-731.50,-248.4243,-123.4760
39851022,-335.50,2047.50,-264.4292,-89.1607
39854928,-239.50,1218.50,-288.0269,-76.9388
39858834,-573.50,-1841.50,-312.1051,-147.5572
39862740,-928.50,-2047.50,-322.7871,-212.4475
39866646,-840.50,-1168.50,-318.5819,-131.1274
39870552,-446.50,1808.50,-314.2098,-125.1423
39874458,-192.50,1569.50,-307.4757,-113.0775
39878364,-464.50,-1486.50,-282.1497,-114.4736
39882270,-815.50,-2047.50,-244.4922,-136.4978
39886176,-781.50,-1485.50,-209.9684,-72.4441
39890082,-389.50,1438.50,-190.0105,-125.3197
39893988,-102.50,1974.50,-180.4431,-138.8442
39897894,-324.50,-1071.50,-163.2162,-63.9839
39901800,-722.50,-2047.50,-139.9450,-37.5167
39905706,-756.50,-1685.50,-122.4567,0.2436
39909612,-334.50,1107.50,-106.9250,-83.2761
39913518,-62.50,2047.50,-90.9270,-150.1332
39917424,-248.50,-631.50,-85.3916,-98.1245
39921330,-598.50,-2047.50,-77.0715,-42.4137
39925236,-696.50,-1862.50,-49.9412,17.5417
39929142,-322.50,815.50,-21.3767,-46.4695
39933048,-10.50,2047.50,-7.5368,-131.3071
39936954,-114.50,-197.50,-5.1791,-110.7885
39940860,-512.50,-2047.50,1.4151,-56.6302
39944766,-644.50,-2020.50,19.5276,4.5116
39948672,-309.50,494.50,42.5848,-38.0041
39952578,53.50,2047.50,61.3779,-115.9962
39956484,11.50,241.50,73.2511,-100.3534
39960390,-388.50,-2047.50,85.3494,-52.0616
39964296,-591.50,-2047.50,98.0010,-0.4126
39968202,-319.50,159.50,105.9928,-5.3082
39972108,64.50,2047.50,107.4699,-65.0182
39976014,71.50,585.50,105.9850,-72.2681
39979920,-333.50,-2047.50,105.6998,-69.9600
39983826,-571.50,-2047.50,107.7159,-49.9810
39987732,-340.50,-143.50,115.5567,1.9859
39991638,91.50,2047.50,129.6209,-1.0865
39995544,154.50,926.50,145.4901,-6.3002
39999450,-222.50,-2036.50,155.6576,-57.7747
40003356,-524.50,-2047.50,156.6772,-101.1316
40007262,-338.50,-461.50,157.1814,-19.3526
40011168,78.50,2047.50,162.6693,40.4360
40015074,182.50,1311.50,165.2362,75.7324
40018980,-161.50,-1670.50,159.7912,52.9002
40022886,-530.50,-2047.50,147.8880,10.3307
40026792,-425.50,-828.50,131.7544,55.3513
40030698,-8.50,2047.50,118.6831,79.1145
40034604,167.50,1676.50,113.4940,138.6098
40038510,-174.50,-1352.50,106.7655,145.5273
40042416,-555.50,-2047.50,89.8965,80.4477
40046322,-473.50,-1224.50,78.7578,75.9204
40050228,-96.50,2047.50,80.2443,83.0677
40054134,101.50,2011.50,72.6450,198.5774
40058040,-196.50,-1068.50,46.4273,237.8935
40061946,-665.50,-2047.50,4.2631,123.5503
40065852,-735.50,-1619.50,-52.1960,55.9906
40069758,-353.50,1127.50,-105.8447,-86.0903
40073664,-100.50,2047.50,-138.8061,-161.7204
40077570,-448.50,-936.50,-176.2281,-116.4723
40081476,-990.50,-2047.50,-257.7802,-89.6611
40085382,-1103.50,-1941.50,-361.4282,-38.1434
40089288,-782.50,494.50,-438.1750,-163.6975
40093194,-513.50,2005.50,-484.9661,-325.1872
40097100,-772.50,-811.50,-531.3418,-325.8365
40101006,-1258.50,-2047.50,-592.4611,-275.4701
40104912,-1388.50,-2047.50,-644.3356,-132.5456
40108818,-1068.50,25.50,-664.1332,-157.2772
40112724,-666.50,1735.50,-655.4434,-368.5678
40116630,-723.50,-512.50,-621.2369,-472.5689
40120536,-1173.50,-2047.50,-579.9423,-420.7784
40124442,-1364.50,-2047.50,-557.9027,-190.7687
40128348,-1053.50,-317.50,-549.0054,-101.8621
40132254,-670.50,1751.50,-539.3063,-274.1707
40136160,-666.50,-105.50,-523.9080,-391.7443
40140066,-1039.50,-2047.50,-492.6220,-377.3448
40143972,-1258.50,-2047.50,-447.2250,-195.1604
40147878,-1007.50,-596.50,-406.4478,-69.4348
40151784,-576.50,1723.50,-379.9169,-190.3706
40155690,-565.50,243.50,-365.5814,-307.5680
40159596,-895.50,-2047.50,-350.9841,-346.6635
40163502,-1146.50,-2047.50,-316.0676,-230.1769
40167408,-975.50,-844.50,-274.5185,-66.9080
40171314,-573.50,1611.50,-258.7893,-123.3690
40175220,-431.50,623.50,-257.0716,-227.1014
40179126,-733.50,-2047.50,-232.5535,-305.2396
40183032,-1057.50,-2047.50,-186.6096,-262.9216
40186938,-916.50,-1174.50,-148.9197,-99.1533
40190844,-490.50,1358.50,-129.9822,-130.9423
40194750,-348.50,944.50,-124.2724,-233.5045
40198656,-668.50,-2047.50,-125.5195,-322.9753
40202562,-1004.50,-2047.50,-120.9566,-325.0526
40206468,-915.50,-1468.50,-101.8868,-146.1500
40210374,-492.50,1181.50,-77.8452,-119.0865
40214280,-290.50,1318.50,-62.3481,-169.3380
40218186,-559.50,-1649.50,-56.2935,-194.5821
40222092,-920.50,-2047.50,-47.2514,-188.5028
40225998,-879.50,-1693.50,-24.8291,-59.3589
40229904,-469.50,947.50,3.7795,-71.6712
40233810,-252.50,1810.50,17.3400,-91.8043
40237716,-450.50,-1208.50,13.1511,-22.1793
40241622,-827.50,-2047.50,17.8038,-10.3613
40245528,-854.50,-1885.50,41.4519,29.9749
40249434,-526.50,656.50,58.7679,-39.8746
40253340,-210.50,2047.50,54.4845,-70.1638
40257246,-369.50,-752.50,48.9213,40.2712
40261152,-782.50,-2047.50,55.0331,72.7565
40265058,-847.50,-2036.50,70.6024,77.9049
40268964,-512.50,365.50,92.0593,-7.7434
40272870,-170.50,2047.50,106.1661,-60.7001
40276776,-224.50,-332.50,119.3996,27.9279
40280682,-621.50,-2047.50,146.9828,64.2184
40284588,-804.50,-2047.50,171.8985,87.7652
40288494,-530.50,67.50,172.0168,53.2250
40292400,-127.50,2047.50,159.9143,2.9952
40296306,-163.50,144.50,161.5694,68.2424
40300212,-527.50,-2047.50,181.4952,94.9629
40304118,-642.50,-2047.50,224.7283,98.2402
40308024,-393.50,-200.50,283.7471,94.9709
40311930,-4.50,2047.50,320.0158,71.6537
40315836,39.50,511.50,328.9254,120.5064
40319742,-338.50,-2047.50,335.7663,100.6619
40323648,-616.50,-2047.50,341.0986,57.7651
40327554,-408.50,-454.50,338.3793,96.5877
40331460,46.50,2047.50,341.2118,133.8608
40335366,118.50,931.50,357.8844,206.2445
40339272,-262.50,-2047.50,368.3694,153.1881
40343178,-528.50,-2047.50,368.1828,32.0856
40347084,-332.50,-665.50,382.1180,83.7684
40350990,129.50,2047.50,417.1907,195.4256
40354896,298.50,1443.50,459.7392,330.0895
40358802,-9.50,-1560.50,495.8549,345.6583
40362708,-264.50,-2047.50,530.5095,237.0746
40366614,-166.50,-854.50,571.4422,227.8718
40370520,240.50,2047.50,596.9529,293.4295
40374426,450.50,2032.50,600.1013,465.1250
40378332,217.50,-972.50,607.2415,577.5119
40382238,-164.50,-2047.50,624.8296,484.1802
40386144,-68.50,-1088.50,643.2999,368.6110
40390050,419.50,2047.50,677.5493,357.7311
40393956,646.50,2047.50,723.6297,488.5216
40397862,437.50,-431.50,750.6492,560.5491
40401768,61.50,-2047.50,759.8879,492.1966
40405674,51.50,-1257.50,765.7192,409.6455
40409580,454.50,2047.50,771.0094,431.0931
40413486,769.50,2047.50,779.5513,561.6350
40417392,592.50,25.50,790.7101,566.8420
40421298,206.50,-2047.50,799.2984,465.7495
40425204,115.50,-1472.50,801.7048,380.9352
40429110,466.50,2037.50,794.3431,442.4772
40433016,816.50,2047.50,783.7494,615.5439
40436922,673.50,415.50,776.7764,581.5073
40440828,242.50,-2047.50,763.8599,425.9061
40444734,90.50,-1693.50,740.8553,311.9857
40448640,390.50,1328.50,714.7195,303.8511
40452546,752.50,2047.50,690.6280,376.4922
40456452,681.50,782.50,672.8616,373.2207
40460358,254.50,-1903.50,657.9824,347.6956
40464266,28.50,-1902.50,635.9040,299.4946
40468172,271.50,822.50,603.2846,260.3838
40472078,656.50,2047.50,568.2995,268.3229
40475984,650.50,1131.50,543.8762,274.1305
40479890,238.50,-1648.50,529.1496,317.3198
40483796,-14.50,-2037.50,514.5224,316.0867
40487702,195.50,432.50,498.2181,270.1760
40491608,583.50,2047.50,478.6446,245.3268
40495514,629.50,1488.50,456.0837,254.7276
40499420,270.50,-1375.50,439.0634,324.1916
40503326,-38.50,-2047.50,429.8467,344.9239
40507232,101.50,67.50,416.3465,306.9580
40511138,511.50,2047.50,393.3272,266.8391
40515044,630.50,1869.50,373.1940,282.7521
40518950,278.50,-1071.50,361.0586,369.1744
40522856,-79.50,-2047.50,346.6429,382.9734
40526762,9.50,-318.50,323.9499,322.5601
40530668,400.50,2047.50,295.7272,268.0072
40534574,555.50,2047.50,266.9060,285.4449
40538480,230.50,-751.50,239.6657,351.5079
40542386,-186.50,-2047.50,207.9450,351.6039
40546292,-152.50,-760.50,170.4028,285.2945
40550198,254.50,2047.50,140.7178,233.1653
40554104,471.50,2047.50,126.0273,260.5642
40558010,201.50,-434.50,116.4172,284.8185
40561916,-207.50,-2047.50,102.6678,263.3769
40565822,-232.50,-1129.50,85.1844,219.2980
40569728,131.50,2047.50,65.3484,212.9765
40573634,388.50,2047.50,42.8654,280.1393
40577540,176.50,-118.50,21.6502,260.4748
40581446,-252.50,-2047.50,4.0943,187.8376
40585352,-337.50,-1421.50,-12.4291,144.6866
40589258,39.50,2047.50,-23.8364,200.2115
40593164,319.50,2047.50,-31.0083,331.1794
40597070,192.50,245.50,-40.0465,280.2315
40600976,-213.50,-2047.50,-42.2436,147.9606
40604882,-368.50,-1711.50,-39.9140,70.7718
40608788,-100.50,1264.50,-55.0765,39.2317
40612694,257.50,2047.50,-86.9189,56.7347
40616600,149.50,542.50,-112.8369,39.2469
40620506,-272.50,-2047.50,-128.3864,18.5292
40624412,-472.50,-1922.50,-140.4786,-8.5706
40628318,-178.50,788.50,-147.4405,-30.7383
40632224,213.50,2047.50,-145.1317,-27.9373
40636130,221.50,893.50,-131.3948,-28.3698
40640036,-209.50,-1901.50,-116.6945,-7.9124
40643942,-436.50,-2047.50,-114.1915,-14.1851
40647848,-207.50,411.50,-117.5220,-27.3695
40651754,199.50,2047.50,-119.2086,-30.6602
40655660,242.50,1219.50,-118.1306,-31.0478
40659566,-148.50,-1624.50,-116.2034,4.3782
40663472,-447.50,-2047.50,-119.9027,29.4183
40667378,-266.50,18.50,-127.8201,34.6513
40671284,142.50,2047.50,-134.5617,6.9361
40675190,240.50,1617.50,-138.4761,6.4274
40679096,-101.50,-1342.50,-138.2454,62.9029
40683002,-429.50,-2047.50,-134.0021,84.5349
40686908,-318.50,-366.50,-131.9417,71.8117
40690814,81.50,2047.50,-138.8271,30.4266
40694720,200.50,1949.50,-156.6236,50.3407
40698626,-140.50,-1071.50,-183.7986,113.8713
40702532,-495.50,-2047.50,-208.2711,105.0365
40706438,-429.50,-795.50,-217.0771,60.4412
40710344,-32.50,2047.50,-216.6562,16.8994
40714250,191.50,2047.50,-215.0570,55.7687
40718156,-58.50,-720.50,-206.9135,101.5081
40722062,-431.50,-2047.50,-190.6502,78.5021
40725968,-447.50,-1160.50,-178.2457,40.0802
40729874,-62.50,2047.50,-180.1803,24.0059
40733780,191.50,2047.50,-190.0014,86.2614
40737686,-24.50,-358.50,-196.7365,86.3913
40741592,-430.50,-2047.50,-197.9632,28.5738
40745498,-462.50,-1448.50,-192.4536,1.0654
40749404,-80.50,1788.50,-178.3434,-1.3813
40753310,183.50,2047.50,-168.9868,45.9876
40757216,37.50,-46.50,-173.7445,11.1720
40761122,-370.50,-2047.50,-177.2626,-54.7103
40765028,-512.50,-1728.50,-177.6039,-69.3969
40768934,-190.50,1178.50,-187.0271,-101.2118
40772840,160.50,2047.50,-198.3877,-123.7966
40776746,80.50,301.50,-195.9685,-143.0098
40780652,-362.50,-2047.50,-186.3176,-136.7546
40784558,-545.50,-1935.50,-188.5271,-121.2720
40788464,-225.50,754.50,-195.2387,-142.9900
40792370,119.50,2047.50,-195.5073,-172.2303
40796276,66.50,653.50,-199.5396,-184.6636
40800182,-332.50,-2047.50,-206.9918,-175.8894
40804088,-549.50,-2047.50,-207.4657,-174.2912
40807994,-318.50,367.50,-204.5512,-170.8498
40811900,90.50,2047.50,-204.1552,-174.7742
40815806,159.50,986.50,-192.8456,-177.5518
40819712,-205.50,-1840.50,-162.6373,-161.0520
40823618,-553.50,-2047.50,-144.9113,-140.0585
40827524,-383.50,-20.50,-166.1498,-110.5714
40831430,41.50,2047.50,-198.5706,-126.0620
40835336,135.50,1335.50,-207.6077,-137.5874
40839242,-219.50,-1583.50,-197.4300,-117.1346
40843148,-518.50,-2047.50,-182.6269,-95.8972
40847054,-393.50,-394.50,-170.2935,-63.6989
40850960,14.50,2047.50,-167.6048,-82.6764
40854866,141.50,1691.50,-174.4278,-75.1318
40858772,-196.50,-1314.50,-186.1900,-45.6910
40862678,-523.50,-2047.50,-193.4141,-51.6488
40866584,-432.50,-796.50,-185.2979,-48.1740
40870490,-26.50,2047.50,-170.4277,-69.3026
40874396,193.50,2047.50,-158.1220,-10.6863
40878302,-95.50,-960.50,-147.6157,57.9841
40882208,-464.50,-2047.50,-140.8979,25.5260
40886114,-459.50,-1135.50,-138.5686,-19.0190
40890020,-64.50,2047.50,-140.8851,-40.7346
40893926,176.50,2047.50,-145.4913,24.3088
40897832,-93.50,-609.50,-155.1372,36.6652
40901738,-463.50,-2047.50,-167.2473,-26.6904
40905644,-515.50,-1407.50,-168.7790,-44.9437
40909550,-125.50,1811.50,-162.0329,-40.7398
40913456,160.50,2047.50,-154.5847,5.3449
40917362,-28.50,-213.50,-151.8971,-17.0081
40921268,-401.50,-2047.50,-149.1000,-71.0691
40925174,-512.50,-1688.50,-138.2085,-75.0680
40929080,-165.50,1220.50,-129.1349,-116.0711
40932986,161.50,2047.50,-127.2387,-153.4187
40936892,48.50,142.50,-126.5430,-169.7721
40940798,-362.50,-2047.50,-123.3733,-151.0230
40944704,-538.50,-1890.50,-122.4191,-115.9330
40948610,-237.50,806.50,-128.7293,-141.1266
40952516,118.50,2047.50,-137.4701,-190.0677
40956422,64.50,511.50,-141.8878,-207.7702
40960328,-338.50,-2047.50,-139.9094,-185.1463
40964234,-552.50,-2047.50,-135.4998,-165.0573
40968140,-292.50,436.50,-133.2314,-172.3473
40972046,67.50,2047.50,-137.3513,-195.3726
40975952,67.50,858.50,-148.2690,-199.9129
40979858,-322.50,-2003.50,-156.8683,-192.5498
40983764,-594.50,-2047.50,-160.4365,-187.7316
40987670,-372.50,80.50,-161.5427,-150.6148
40991576,33.50,2047.50,-157.9578,-142.5227
40995482,85.50,1155.50,-153.0948,-156.3184
40999388,-267.50,-1733.50,-150.2747,-161.7108
41003294,-574.50,-2047.50,-146.6725,-146.4389
41007200,-399.50,-301.50,-140.2752,-91.7845
41011106,7.50,2047.50,-131.7538,-92.3420
41015012,114.50,1520.50,-127.6719,-95.5038
41018918,-240.50,-1439.50,-134.3590,-84.8362
41022824,-559.50,-2047.50,-143.5013,-81.2032
41026730,-442.50,-687.50,-139.7029,-49.9740
41030636,-48.50,2047.50,-128.3788,-60.8002
41034542,114.50,1882.50,-126.1924,-25.7537
41038448,-170.50,-1092.50,-130.7438,18.0278
41042354,-536.50,-2047.50,-130.7684,-0.9807
41046260,-512.50,-1072.50,-129.1164,-19.3942
41050166,-97.50,2047.50,-129.9900,-43.5994
41054072,141.50,2047.50,-125.1722,20.4668
41057978,-101.50,-738.50,-113.4490,58.1464
41061884,-512.50,-2047.50,-106.5137,9.6266
41065790,-533.50,-1382.50,-109.9884,-21.5719
41069696,-175.50,1817.50,-119.9289,-50.2945
41073602,123.50,2047.50,-127.3672,-14.5259
41077508,-47.50,-427.50,-119.8031,-21.7802
41081414,-434.50,-2047.50,-97.7145,-72.6055
41085320,-490.50,-1647.50,-71.9615,-69.2188
41089226,-141.50,1260.50,-51.4716,-109.3450
41093132,144.50,2047.50,-47.5951,-148.5013
41097038,11.50,-46.50,-58.9526,-159.4571
41100944,-410.50,-2047.50,-70.3232,-139.8979
41104850,-543.50,-1870.50,-75.7923,-97.8386
41108756,-239.50,816.50,-78.5477,-136.2978
41112662,94.50,2047.50,-84.4508,-203.6697
41116568,22.50,318.50,-92.0971,-217.6704
41120474,-399.50,-2047.50,-96.3961,-182.3323
41124380,-588.50,-2047.50,-99.7490,-144.0774
41128286,-303.50,420.50,-99.9445,-167.8128
41132192,35.50,2047.50,-100.9622,-220.8794
41136098,25.50,660.50,-109.3518,-225.2435
41140004,-362.50,-2047.50,-114.1648,-205.2156
41143910,-628.50,-2047.50,-114.5648,-180.8938
41147816,-399.50,95.50,-119.6308,-144.5546
41151722,23.50,2047.50,-119.9658,-151.8387
41155628,55.50,947.50,-109.6378,-172.9312
41159534,-332.50,-1949.50,-103.3557,-205.1430
41163440,-634.50,-2047.50,-109.9167,-209.4582
41167346,-435.50,-264.50,-116.8631,-133.0630
41171252,-36.50,2047.50,-113.9784,-103.3424
41175158,74.50,1322.50,-106.6894,-100.7654
41179064,-271.50,-1614.50,-99.8648,-109.9107
41182970,-596.50,-2047.50,-94.8675,-111.8943
41186876,-459.50,-641.50,-88.9788,-59.7686
41190782,-31.50,2047.50,-76.7178,-56.7927
41194688,155.50,1708.50,-56.5957,-27.8749
41198594,-134.50,-1285.50,-31.6141,-4.0052
41202500,-563.50,-2047.50,-22.3384,-25.5745
41206406,-512.50,-1065.50,-42.9568,-27.0011
41210312,-109.50,2047.50,-69.8024,-49.7286
41214218,103.50,2010.50,-81.2536,25.3042
41218124,-146.50,-972.50,-79.0546,78.4905
41222030,-557.50,-2047.50,-73.9077,20.7745
41225936,-561.50,-1362.50,-75.9238,-13.9643
41229842,-162.50,1791.50,-79.6849,-51.4261
41233748,111.50,2047.50,-75.7036,-14.7114
41237654,-111.50,-588.50,-68.6200,9.7556
41241560,-488.50,-2047.50,-61.7130,-21.7170
41245466,-536.50,-1586.50,-48.1230,-15.3147
41249372,-162.50,1343.50,-30.2555,-57.2734
41253278,144.50,2047.50,-17.4930,-90.9768
41257184,-16.50,-185.50,-12.9931,-93.7831
41261090,-415.50,-2047.50,-11.5396,-76.5699
41264996,-530.50,-1824.50,-6.1029,-37.7545
41268902,-194.50,893.50,1.7757,-86.5025
41272808,143.50,2047.50,6.4007,-158.4295
41276714,46.50,155.50,6.6917,-171.3942
41280620,-378.50,-2047.50,3.9867,-136.9038
41284526,-545.50,-1983.50,0.4603,-85.4839
41288432,-266.50,535.50,-1.7535,-99.0836
41292338,80.50,2047.50,-9.0842,-153.6003
41296244,90.50,554.50,-14.8545,-163.0666
41300150,-322.50,-2047.50,-5.8414,-139.8672
41304056,-542.50,-2047.50,6.3469,-112.4948
41307962,-300.50,192.50,12.0261,-95.6714
41311868,94.50,2047.50,13.4201,-117.4616
41315774,95.50,863.50,9.2629,-132.0428
41319680,-288.50,-2017.50,-0.3508,-153.0179
41323586,-550.50,-2047.50,-6.2504,-159.1906
41327492,-352.50,-169.50,-1.8474,-97.2291
41331398,46.50,2047.50,4.5039,-74.0474
41335304,108.50,1168.50,2.0588,-79.2828
41339210,-243.50,-1736.50,-7.4844,-103.6590
41343116,-591.50,-2047.50,-19.1745,-107.7026
41347022,-432.50,-559.50,-29.3400,-43.9254
41350928,-20.50,2047.50,-30.2288,-32.9493
41354834,99.50,1490.50,-27.7766,-23.3164
41358740,-209.50,-1432.50,-29.9097,-33.1407
41362646,-559.50,-2047.50,-29.8800,-50.3936
41366552,-477.50,-920.50,-25.9348,-6.3968
41370458,-82.50,2047.50,-24.6964,3.9791
41374364,64.50,1903.50,-35.9532,69.1923
41378270,-172.50,-1058.50,-52.0304,109.3575
41382176,-538.50,-2047.50,-49.5021,62.8174
41386082,-512.50,-1270.50,-32.3851,36.6319
41389988,-141.50,1991.50,-23.0891,19.2898
41393894,119.50,2047.50,-24.3230,99.4609
41397800,-111.50,-697.50,-24.0719,131.9628
41401706,-525.50,-2047.50,-23.7133,65.1729
41405612,-574.50,-1513.50,-30.8227,38.6487
41409518,-192.50,1439.50,-38.3422,-18.6056
41413424,109.50,2047.50,-35.8642,-43.1579
41417330,-63.50,-328.50,-25.5374,-34.5589
41421236,-460.50,-2047.50,-14.8704,-22.3480
41425142,-553.50,-1763.50,-5.5864,10.5072
41429048,-184.50,986.50,5.9828,-45.5640
41432954,144.50,2047.50,20.6474,-117.4685
41436860,18.50,57.50,29.8372,-118.6342
41440766,-369.50,-2047.50,33.4800,-72.3157
41444672,-537.50,-1938.50,37.8049,-20.5746
41448578,-222.50,631.50,40.5598,-52.6465
41452484,126.50,2047.50,40.3353,-119.6386
41456390,66.50,419.50,37.4336,-130.1894
41460296,-329.50,-2047.50,35.4051,-100.9429
41464202,-542.50,-2047.50,36.6704,-66.9883
41468108,-297.50,240.50,34.9833,-72.7712
41472014,91.50,2047.50,28.5137,-118.0397
41475920,109.50,709.50,27.0727,-131.4745
41479826,-282.50,-2047.50,33.4759,-139.3204
41483732,-529.50,-2047.50,40.3287,-129.4558
41487638,-323.50,-125.50,44.8760,-77.0185
41491544,47.50,2047.50,41.1504,-74.1788
41495450,107.50,1038.50,27.2860,-80.5983
41499356,-266.50,-1837.50,13.5330,-98.5682
41503262,-572.50,-2047.50,4.2516,-97.9298
41507168,-398.50,-450.50,1.7966,-27.2566
41511074,15.50,2047.50,8.6532,-8.9914
41514980,134.50,1433.50,17.9833,5.8333
41518886,-196.50,-1486.50,22.7965,11.1948
41522792,-538.50,-2047.50,22.7487,4.8728
41526698,-431.50,-796.50,21.7021,42.2430
41530604,-47.50,2047.50,19.0054,40.0996
41534510,117.50,1799.50,9.7706,85.5307
41538416,-162.50,-1140.50,0.5349,117.6345
41542322,-527.50,-2047.50,0.2756,85.1617
41546228,-463.50,-1138.50,8.8921,76.4438
41550134,-66.50,2047.50,21.8771,69.7963
41554040,119.50,2047.50,24.6411,156.5394
41557946,-98.50,-768.50,15.1980,198.8049
41561852,-481.50,-2047.50,13.0893,131.6690
41565758,-512.50,-1401.50,18.1289,92.6018
41569664,-116.50,1619.50,20.9562,43.6286
41573570,171.50,2047.50,28.3076,46.2070
41577476,-6.50,-379.50,42.9096,61.1301
41581382,-342.50,-2047.50,67.8905,57.4873
41585288,-428.50,-1660.50,100.7499,71.3214
41589194,-197.50,1054.50,101.0528,-4.3426
41593100,105.50,2047.50,52.0421,-88.3588
41597006,-26.50,-70.50,3.7344,-92.6782
41600912,-513.50,-2047.50,-26.1551,-45.8865
41604818,-698.50,-1964.50,-67.0875,-3.6753
41608724,-374.50,595.50,-109.6240,-80.2963
41612630,10.50,2047.50,-119.8818,-177.3243
41616536,-143.50,149.50,-112.9967,-183.7240
41620442,-564.50,-2047.50,-127.8706,-147.4520
41624348,-772.50,-2047.50,-157.1692,-85.2349
41628254,-463.50,162.50,-170.2058,-94.7621
41632160,-122.50,2047.50,-165.4898,-173.3301
41636066,-129.50,436.50,-161.5435,-194.8215
41639972,-514.50,-2047.50,-158.6615,-192.1252
41643878,-781.50,-2047.50,-155.8216,-143.4984
41647784,-529.50,-202.50,-155.8296,-88.3003
41651690,-124.50,2047.50,-148.4420,-121.9314
41655596,-90.50,752.50,-135.9979,-145.7502
41659502,-444.50,-2047.50,-126.5520,-192.4392
41663408,-724.50,-2047.50,-116.5976,-198.9183
41667314,-549.50,-539.50,-106.1550,-105.4798
41671220,-110.50,2047.50,-94.1913,-75.6613
41675126,-8.50,1155.50,-77.0259,-56.8466
41679032,-341.50,-1740.50,-61.2136,-78.3610
41682938,-657.50,-2047.50,-50.1614,-96.9995
41686844,-517.50,-814.50,-37.8572,-22.4611
41690750,-110.50,2047.50,-24.0355,7.3599
41694656,80.50,1570.50,-9.6062,56.3053
41698562,-209.50,-1354.50,9.5416,64.2338
41702468,-572.50,-2047.50,27.0882,26.4772
41706374,-493.50,-1133.50,37.2423,47.1434
41710280,-94.50,2047.50,44.5465,56.7160
41714186,103.50,1969.50,46.7064,155.7556
41718092,-163.50,-972.50,40.7840,207.1412
41721998,-540.50,-2047.50,34.1146,134.3659
41725904,-559.50,-1404.50,29.9692,92.0943
41729810,-83.50,1611.50,38.9189,31.7862
41733716,142.50,2047.50,65.7000,43.8412
41737622,-107.50,-590.50,75.8049,86.3016
41741528,-512.50,-2047.50,57.1906,82.3863
41745434,-541.50,-1618.50,42.6312,93.4501
41749340,-201.50,1168.50,43.3755,30.1212
41753246,109.50,2047.50,44.6599,-28.3494
41757152,-32.50,-210.50,47.2099,-19.4649
41761058,-429.50,-2047.50,58.2833,15.0050
41764964,-530.50,-1829.50,73.4739,60.4785
41768870,-184.50,759.50,88.2042,9.2486
41772776,132.50,2047.50,95.6742,-72.9643
41776682,35.50,173.50,92.0783,-73.2417
41780588,-370.50,-2047.50,87.0133,-25.2627
41784494,-556.50,-2031.50,83.9915,13.6418
41788400,-266.50,393.50,77.9056,-27.9300
41792306,111.50,2047.50,72.8335,-94.6113
41796212,75.50,511.50,74.7773,-87.2532
41800118,-335.50,-2047.50,78.6081,-57.2503
41804024,-574.50,-2047.50,74.7965,-30.1819
41807930,-335.50,37.50,63.4524,-17.9439
41811836,57.50,2047.50,52.7993,-50.5565
41815742,112.50,789.50,54.2566,-61.4032
41819648,-256.50,-2047.50,71.4458,-90.9315
41823554,-638.50,-2047.50,72.3042,-105.1117
41827460,-576.50,-468.50,13.6616,-63.7955
41831366,-258.50,2047.50,-93.5673,-75.2919
41835272,-255.50,831.50,-201.9525,-102.4653
41839178,-740.50,-2047.50,-298.7950,-208.7341
41843084,-1197.50,-2047.50,-405.0576,-258.5077
41846990,-1216.50,-1185.50,-529.9838,-185.7379
41850896,-899.50,1134.50,-657.5652,-340.9000
41854802,-801.50,617.50,-756.4819,-604.9133
41858708,-1186.50,-2047.50,-816.6369,-731.0355
41862614,-1597.50,-2047.50,-858.4483,-575.9742
41866520,-1490.50,-1676.50,-881.8468,-285.9678
41870426,-1114.50,621.50,-877.7070,-402.3114
41874332,-908.50,595.50,-863.1816,-750.9354
41878238,-1141.50,-2047.50,-841.7387,-933.0414
41882144,-1488.50,-2047.50,-802.4278,-760.9581
41886050,-1391.50,-1882.50,-743.3090,-354.7651
41889956,-938.50,490.50,-666.5806,-321.9663
41893862,-687.50,963.50,-594.4200,-565.9342
41897768,-908.50,-1673.50,-551.6466,-705.2849
41901674,-1288.50,-2047.50,-530.5054,-593.6609
41905580,-1322.50,-1988.50,-511.4744,-267.1052
41909486,-932.50,256.50,-488.8218,-233.6025
41913392,-608.50,1184.50,-460.6499,-450.3290
41917298,-782.50,-1263.50,-429.9950,-567.9018
41921204,-1169.50,-2047.50,-403.6572,-478.6448
41925110,-1203.50,-2047.50,-370.3072,-196.4847
41929016,-844.50,62.50,-322.5324,-137.5846
41932922,-512.50,1467.50,-281.3164,-292.0788
41936828,-572.50,-780.50,-251.3505,-358.4274
41940734,-912.50,-2047.50,-207.8982,-302.6597
41944640,-1039.50,-2047.50,-148.3323,-107.6249
41948546,-740.50,-245.50,-100.3968,-63.3909
41952452,-412.50,1515.50,-85.4433,-217.3499
41956358,-478.50,-378.50,-97.1614,-289.5377
41960266,-866.50,-2047.50,-109.4837,-251.6384
41964172,-1103.50,-2047.50,-112.3812,-89.0495
41968078,-832.50,-623.50,-112.9872,-30.5340
41971984,-421.50,1427.50,-105.0072,-192.6408
41975890,-447.50,-127.50,-90.6357,-302.4526
41979796,-826.50,-2047.50,-85.0579,-299.3852
41983702,-1105.50,-2047.50,-88.0847,-146.2061
41987608,-914.50,-921.50,-96.5616,-22.7180
41991514,-546.50,1285.50,-112.0580,-145.3712
41995420,-475.50,177.50,-127.4113,-272.2562
41999326,-795.50,-2047.50,-124.5837,-305.9403
42003232,-1032.50,-2047.50,-91.2040,-191.6695
42007138,-783.50,-1142.50,-27.2789,-24.1286
42011044,-286.50,1318.50,59.4983,-54.2427
42014950,-257.50,669.50,125.5750,-99.3667
42018856,-642.50,-2047.50,120.7828,-142.2860
42022762,-861.50,-2047.50,91.5803,-152.9590
42026668,-682.50,-1314.50,119.0003,-27.2120
42030574,-173.50,1381.50,200.4019,29.3333
42034480,89.50,1319.50,300.0766,118.2561
42038386,-152.50,-1578.50,393.5853,185.7766
42042292,-446.50,-2047.50,466.6935,134.9392
42046198,-350.50,-1478.50,523.3951,127.9845
42050104,83.50,1392.50,567.0713,128.3603
42054010,310.50,1872.50,594.2054,278.2252
42057916,95.50,-1038.50,609.1010,444.4112
42061822,-264.50,-2047.50,624.3992,383.9814
42065728,-249.50,-1599.50,643.3815,271.1765
42069634,146.50,1232.50,659.6052,204.6150
42073540,425.50,2047.50,669.1804,320.7913
42077446,215.50,-537.50,670.0038,486.2401
42081352,-221.50,-2047.50,655.9627,449.5977
42085258,-303.50,-1813.50,627.1684,314.4789
42089164,-50.50,773.50,581.5244,175.8485
42093070,196.50,2047.50,510.9139,198.9776
42096976,18.50,-344.50,434.9994,320.4156
42100882,-465.50,-2047.50,371.6521,302.8269
42104788,-655.50,-2047.50,309.2076,213.0927
42108694,-428.50,183.50,237.4390,79.1922
42112600,-118.50,2047.50,163.1226,45.9898
42116506,-137.50,-15.50,121.4759,182.1827
42120412,-582.50,-2047.50,123.7666,229.0905
42124318,-762.50,-2047.50,131.4417,190.5612
42128224,-490.50,-54.50,128.8833,135.9709
42132130,-79.50,2047.50,131.0631,129.0990
42136036,-112.50,362.50,142.3973,229.2419
42139942,-478.50,-2047.50,154.8100,227.5993
42143848,-768.50,-2047.50,156.5538,157.1956
42147754,-559.50,-399.50,137.7953,133.2039
42151660,-154.50,2047.50,113.1765,148.5479
42155566,-102.50,711.50,105.8809,250.6218
42159472,-484.50,-2047.50,111.1514,224.7260
42163378,-762.50,-2047.50,114.7918,110.2447
42167284,-577.50,-735.50,117.4858,107.2405
42171190,-197.50,2047.50,117.7374,162.4363
42175096,-112.50,979.50,107.7183,279.6994
42179002,-348.50,-1996.50,110.6661,219.6523
42182908,-705.50,-2047.50,140.6422,53.9200
42186814,-638.50,-1090.50,153.3290,64.4955
42190720,-222.50,1760.50,132.6972,114.2869
42194626,-65.50,1274.50,113.7259,203.3315
42198532,-382.50,-1672.50,106.3651,191.5059
42202438,-778.50,-2047.50,93.6303,93.1441
42206344,-657.50,-1400.50,82.7871,112.4409
42210250,-192.50,1515.50,104.8629,117.4725
42214156,47.50,1792.50,155.7505,214.1292
42218062,-133.50,-1110.50,211.0143,330.7747
42221968,-446.50,-2047.50,270.5637,304.4229
42225874,-361.50,-1471.50,338.9586,272.8524
42229780,95.50,1702.50,412.1926,289.3984
42233686,400.50,2047.50,479.3391,440.6784
42237592,300.50,-399.50,540.9000,562.2721
42241498,39.50,-2047.50,620.8047,507.4161
42245404,32.50,-1458.50,716.3112,418.0708
42249310,492.50,1888.50,800.2197,463.0049
42253216,891.50,2047.50,875.6359,642.7038
42257122,786.50,309.50,946.7435,699.7641
42261028,462.50,-2047.50,1004.5304,610.0246
42264934,391.50,-1480.50,1051.8377,494.4266
42268840,779.50,1868.50,1092.1978,553.5387
42272746,1175.50,2047.50,1129.3729,742.6510
42276652,1143.50,832.50,1168.2144,746.6262
42280558,642.50,-1682.50,1182.9874,678.9986
42284464,464.50,-1596.50,1147.2762,620.6723
42288370,757.50,1437.50,1095.0769,619.1753
42292276,1168.50,2047.50,1068.5478,674.1345
42296182,1075.50,1264.50,1056.6055,643.2945
42300088,619.50,-1423.50,1021.6383,651.5842
42303994,356.50,-1742.50,959.2840,645.6214
42307900,559.50,943.50,893.4792,596.6436
42311806,944.50,2047.50,838.0131,567.4551
42315712,960.50,1616.50,798.9690,539.1318
42319618,549.50,-1168.50,770.1501,608.9001
42323524,238.50,-1930.50,736.6032,621.6897
42327430,400.50,477.50,694.1159,526.1057
42331336,768.50,2047.50,645.9342,458.3852
42335242,816.50,1951.50,594.5068,469.8374
42339148,419.50,-905.50,542.3210,589.9648
42343054,79.50,-2047.50,493.6824,600.4132
42346960,161.50,-8.50,448.3718,458.1600
42350866,554.50,2047.50,402.0788,361.6172
42354772,697.50,2047.50,363.8872,386.0091
42358678,360.50,-689.50,340.3084,486.0991
42362584,-30.50,-2047.50,317.7852,490.4883
42366490,-10.50,-470.50,281.0301,378.4385
42370396,405.50,2047.50,237.1867,306.4465
42374302,581.50,2047.50,205.0615,338.7840
42378208,317.50,-334.50,187.1984,404.6448
42382114,-74.50,-2047.50,178.3183,410.1414
42386020,-73.50,-862.50,170.2133,325.1645
42389926,277.50,2047.50,150.5816,278.3855
42393832,500.50,2047.50,116.2685,332.2907
42397738,277.50,-79.50,81.9044,343.7449
42401644,-130.50,-2047.50,62.1039,296.8437
42405550,-210.50,-1206.50,48.2929,222.0830
42409456,141.50,2047.50,27.1150,237.9308
42413362,425.50,2047.50,2.4637,353.1634
42417268,272.50,213.50,-13.0642,328.6536
42421174,-194.50,-2047.50,-24.2838,218.2643
42425080,-309.50,-1506.50,-46.1146,125.4104
42428986,-4.50,1763.50,-74.5471,150.4657
42432892,324.50,2047.50,-100.3452,273.0783
42436798,221.50,511.50,-116.1090,244.9039
42440704,-217.50,-2030.50,-123.1049,133.3287
42444610,-412.50,-1762.50,-136.7514,39.1847
42448516,-135.50,1054.50,-160.9779,9.3497
42452422,240.50,2047.50,-182.6189,45.8869
42456328,184.50,817.50,-191.7585,50.8055
42460234,-235.50,-1918.50,-195.6381,44.7041
42464140,-456.50,-1983.50,-202.0480,-1.4167
42468046,-175.50,559.50,-202.6898,-48.8766
42471952,256.50,2047.50,-186.3658,-48.7241
42475858,243.50,1151.50,-164.2281,-20.8346
42479764,-225.50,-1679.50,-170.5195,31.4076
42483670,-512.50,-2047.50,-211.6038,28.3360
42487576,-239.50,222.50,-239.7125,-0.7224
42491482,150.50,2047.50,-230.3949,-13.1499
42495388,234.50,1506.50,-213.0719,8.0499
42499294,-148.50,-1343.50,-206.4817,75.2684
42503200,-458.50,-2047.50,-207.9296,94.7943
42507106,-302.50,-127.50,-210.2549,67.2807
42511012,103.50,2047.50,-211.7610,31.9513
42514918,226.50,1917.50,-216.8661,64.1926
42518824,-97.50,-1024.50,-221.1362,155.7008
42522730,-480.50,-2047.50,-224.4333,161.1433
42526636,-399.50,-573.50,-235.4534,85.0649
42530542,24.50,2047.50,-248.5611,15.5759
42534448,202.50,2047.50,-253.8992,52.5723
42538354,-60.50,-704.50,-249.8024,130.5631
42542260,-440.50,-2047.50,-236.7108,126.7453
42546166,-410.50,-953.50,-224.3456,60.9250
42550072,-41.50,2047.50,-226.1223,16.3228
42553978,191.50,2047.50,-242.2829,67.8663
42557884,-47.50,-372.50,-257.0436,93.9278
42561790,-442.50,-2047.50,-258.9815,58.1023
42565696,-471.50,-1281.50,-252.5175,10.3783
42569602,-108.50,2047.50,-249.3505,18.6031
42573508,181.50,2047.50,-253.6407,114.3306
42577414,22.50,-80.50,-252.4582,88.3923
42581320,-382.50,-2047.50,-237.7544,-13.2145
42585226,-482.50,-1572.50,-222.6781,-67.6534
42589132,-127.50,1553.50,-217.7897,-74.2186
42593038,202.50,2047.50,-217.5828,-27.6043
42596944,59.50,239.50,-218.3697,-51.6375
42600850,-371.50,-2047.50,-223.8563,-103.9886
42604756,-525.50,-1826.50,-233.0019,-133.0070
42608662,-201.50,970.50,-238.0337,-164.3001
42612568,155.50,2047.50,-236.5157,-172.7114
42616474,83.50,610.50,-233.8364,-171.9467
42620380,-308.50,-2047.50,-229.1222,-161.1214
42624286,-512.50,-1998.50,-219.3556,-178.7181
42628192,-239.50,592.50,-210.3441,-198.4223
42632098,167.50,2047.50,-203.0930,-193.6709
42636004,122.50,962.50,-199.4730,-180.4719
42639910,-273.50,-1861.50,-206.1094,-152.4266
42643816,-513.50,-2047.50,-212.2382,-150.4559
42647722,-302.50,223.50,-209.9831,-150.4584
42651628,84.50,2047.50,-211.2895,-156.1528
42655534,154.50,1256.50,-216.2592,-160.8749
42659440,-181.50,-1605.50,-207.6223,-140.6003
42663346,-445.50,-2047.50,-179.3735,-122.8873
42667252,-303.50,-157.50,-151.6166,-99.8322
42671158,95.50,2047.50,-147.1085,-111.6222
42675064,175.50,1662.50,-163.6594,-100.6599
42678970,-183.50,-1304.50,-188.0759,-53.8049
42682876,-545.50,-2047.50,-212.4699,-46.5630
42686782,-428.50,-559.50,-229.8702,-57.9880
42690688,-29.50,2047.50,-237.0343,-91.5055
42694594,137.50,1983.50,-238.8085,-52.6017
42698500,-178.50,-996.50,-240.8067,13.6673
42702406,-514.50,-2047.50,-239.1668,-4.0735
42706312,-431.50,-975.50,-222.8811,-53.5431
42710218,-25.50,2047.50,-197.1038,-93.1926
42714124,172.50,2047.50,-182.7304,-36.9375
42718030,-116.50,-630.50,-190.5197,6.3104
42721936,-512.50,-2047.50,-211.0191,-26.9656
42725842,-512.50,-1289.50,-224.9925,-63.3029
42729748,-124.50,2047.50,-225.5219,-62.0387
42733654,146.50,2047.50,-219.1155,22.2501
42737560,-49.50,-288.50,-209.8342,9.4033
42741466,-433.50,-2047.50,-195.7796,-74.9590
42745372,-520.50,-1551.50,-182.7184,-105.6210
42749278,-143.50,1535.50,-178.0706,-122.3321
42753184,149.50,2047.50,-178.0915,-106.5379
42757090,-1.50,85.50,-180.2022,-125.1775
42760996,-385.50,-2047.50,-177.2117,-145.3900
42764902,-534.50,-1775.50,-168.0299,-138.2511
42768808,-218.50,1035.50,-167.5902,-164.8945
42772714,111.50,2047.50,-178.2393,-196.0142
42776620,14.50,413.50,-189.9919,-220.1332
42780526,-415.50,-2047.50,-199.3837,-214.0214
42784432,-591.50,-1977.50,-206.7918,-200.7183
42788338,-303.50,610.50,-208.5260,-215.1155
42792244,93.50,2047.50,-201.0504,-239.1157
42796150,57.50,766.50,-187.4096,-245.3447
42800056,-350.50,-2047.50,-178.1583,-238.3375
42803962,-591.50,-2047.50,-178.8542,-243.2881
42807868,-334.50,225.50,-180.7671,-228.0782
42811774,87.50,2047.50,-171.8060,-222.9158
42815680,112.50,1042.50,-154.2952,-229.5580
42819586,-271.50,-1809.50,-142.0973,-229.0612
42823492,-572.50,-2047.50,-142.2941,-213.7026
42827398,-408.50,-174.50,-154.6405,-169.0169
42831304,-26.50,2047.50,-176.1676,-174.1822
42835210,64.50,1370.50,-196.6032,-184.0751
42839116,-271.50,-1554.50,-202.0842,-180.6691
42843022,-604.50,-2047.50,-194.4522,-171.8207
42846928,-480.50,-552.50,-188.8906,-128.2867
42850834,-68.50,2047.50,-189.8271,-132.3220
42854740,107.50,1776.50,-186.3539,-103.7082
42858646,-168.50,-1221.50,-166.5662,-63.2160
42862552,-550.50,-2047.50,-141.3458,-75.9682
42866458,-458.50,-931.50,-128.3342,-83.2357
42870364,-70.50,2047.50,-125.3057,-104.7911
42874270,167.50,2047.50,-122.2011,-40.4025
42878176,-112.50,-819.50,-113.2850,23.7736
42882082,-492.50,-2047.50,-104.6633,-5.4651
42885988,-464.50,-1231.50,-97.5818,-43.7635
42889894,-79.50,2047.50,-88.8036,-56.0598
42893800,185.50,2047.50,-82.2450,17.4486
42897706,-45.50,-441.50,-78.9319,23.2827
42901612,-451.50,-2047.50,-79.5759,-41.3895
42905518,-521.50,-1497.50,-85.4447,-64.6916
42909424,-132.50,1583.50,-91.1072,-93.8382
42913330,171.50,2047.50,-87.9500,-90.0333
42917236,-0.50,-85.50,-80.1939,-105.1898
42921142,-397.50,-2047.50,-73.8265,-119.0279
42925048,-528.50,-1760.50,-69.8550,-104.6376
42928954,-200.50,1037.50,-73.9086,-152.7715
42932860,143.50,2047.50,-81.9241,-209.3100
42936766,23.50,255.50,-86.1698,-223.2701
42940672,-412.50,-2047.50,-92.1538,-190.1588
42944578,-579.50,-1945.50,-102.3646,-151.7255
42948484,-290.50,656.50,-110.3064,-173.3829
42952390,85.50,2047.50,-113.4612,-221.2406
42956296,29.50,601.50,-113.1543,-236.3611
42960202,-402.50,-2047.50,-116.5752,-218.6764
42964108,-648.50,-2047.50,-130.8017,-200.6176
42968014,-390.50,255.50,-147.6730,-195.5822
42971920,9.50,2047.50,-153.9822,-218.2607
42975826,35.50,928.50,-147.5380,-224.1731
42979732,-347.50,-1978.50,-134.4984,-221.7498
42983638,-616.50,-2047.50,-122.2853,-219.1331
42987544,-400.50,-111.50,-112.5253,-174.1261
42991450,-2.50,2047.50,-105.6519,-166.6836
42995356,81.50,1221.50,-102.8563,-173.8450
42999266,-271.50,-1663.50,-98.3775,-174.1423
43003172,-573.50,-2047.50,-88.2426,-157.7193
43007078,-431.50,-449.50,-77.4001,-97.5926
43010984,-37.50,2047.50,-75.7017,-94.5579
43014890,113.50,1622.50,-80.8380,-83.1771
43018796,-210.50,-1323.50,-79.7388,-60.1785
43022702,-560.50,-2047.50,-72.8682,-59.8193
43026608,-480.50,-792.50,-68.7772,-36.9127
43030514,-72.50,2047.50,-69.9308,-45.7273
43034420,115.50,2021.50,-72.8876,11.2487
43038326,-157.50,-945.50,-72.1324,74.2941
43042232,-538.50,-2047.50,-66.7123,45.7473
43046138,-513.50,-1180.50,-61.7891,-1.1663
43050044,-130.50,2047.50,-62.6873,-33.9109
43053950,101.50,2047.50,-70.0555,34.4348
43057856,-111.50,-639.50,-74.4685,53.6213
43061762,-514.50,-2047.50,-68.7790,-12.0045
43065668,-534.50,-1461.50,-58.8285,-36.4158
43069574,-181.50,1557.50,-53.3831,-79.3925
43073480,112.50,2047.50,-55.7125,-88.4715
43077386,-62.50,-310.50,-57.4976,-95.5570
43081292,-464.50,-2047.50,-52.2225,-105.2916
43085198,-596.50,-1715.50,-50.4967,-75.8657
43089104,-260.50,1072.50,-62.3641,-116.2052
43093010,80.50,2047.50,-75.2259,-176.3141
43096916,-21.50,63.50,-72.1528,-190.6994
43100822,-431.50,-2047.50,-56.9385,-159.3076
43104728,-623.50,-1916.50,-50.2278,-109.5162
43108634,-298.50,690.50,-57.8777,-134.1843
43112540,69.50,2047.50,-61.8291,-195.2541
43116446,15.50,413.50,-55.1690,-213.4667
43120352,-400.50,-2047.50,-47.5984,-191.3415
43124258,-591.50,-2047.50,-42.5962,-157.0396
43128164,-328.50,333.50,-35.9126,-152.0481
43132070,31.50,2047.50,-34.2167,-181.8796
43135976,27.50,771.50,-43.5122,-189.9518
43139882,-338.50,-2047.50,-49.1642,-193.7233
43143788,-590.50,-2047.50,-40.6251,-190.4676
43147694,-360.50,-25.50,-25.0848,-143.4147
43151600,37.50,2047.50,-12.1013,-132.7128
43155506,80.50,1077.50,-9.0605,-140.9630
43159412,-270.50,-1797.50,-12.8246,-155.1422
43163318,-577.50,-2047.50,-13.6181,-147.7031
43167224,-395.50,-351.50,-8.5583,-77.3689
43171130,7.50,2047.50,-0.0939,-58.9426
43175036,124.50,1453.50,5.2823,-55.4031
43178942,-195.50,-1456.50,8.2657,-54.6397
43182848,-538.50,-2047.50,12.9152,-54.2753
43186754,-417.50,-724.50,18.7511,-14.3117
43190660,-36.50,2047.50,21.5836,-17.5781
43194566,121.50,1798.50,13.5111,15.5792
43198472,-202.50,-1152.50,-5.1702,36.6690
43202378,-577.50,-2047.50,-26.3808,4.9388
43206284,-484.50,-1103.50,-32.5407,2.1007
43210190,-82.50,2047.50,-15.7231,-1.8642
43214096,92.50,2047.50,-3.9233,79.7527
43218002,-212.50,-838.50,-24.5187,110.7889
43221908,-584.50,-2047.50,-59.8210,33.9678
43225814,-557.50,-1391.50,-70.2288,1.2755
43229720,-201.50,1713.50,-56.5485,-22.2004
43233626,96.50,2047.50,-43.5680,5.8267
43237532,-90.50,-438.50,-29.8556,11.7909
43241438,-477.50,-2047.50,-11.0420,-18.6453
43245344,-561.50,-1642.50,2.5805,-8.0808
43249250,-182.50,1205.50,7.9829,-53.2694
43253156,117.50,2047.50,11.7028,-101.6408
43257062,-33.50,-41.50,12.8545,-106.1941
43260968,-435.50,-2047.50,11.7367,-75.8009
43264874,-561.50,-1848.50,13.6081,-30.5579
43268780,-232.50,816.50,17.9226,-65.0068
43272686,122.50,2047.50,23.7729,-129.5203
43276592,64.50,336.50,35.6056,-142.1888
43280498,-340.50,-2047.50,53.4121,-108.2198
43284404,-544.50,-2034.50,63.1000,-76.4491
43288310,-268.50,443.50,57.1001,-99.4950
43292216,83.50,2047.50,42.5415,-144.4908
43296122,77.50,682.50,31.1402,-145.1044
43300028,-303.50,-2047.50,34.1670,-128.5507
43303934,-530.50,-2047.50,47.9994,-115.1730
43307840,-289.50,109.50,61.2526,-85.3202
43311746,97.50,2047.50,67.9896,-87.4794
43315652,134.50,987.50,68.2217,-97.9514
43319558,-232.50,-1873.50,68.1481,-111.5306
43323464,-512.50,-2047.50,70.8687,-106.6362
43327370,-334.50,-227.50,73.0412,-42.7363
43331276,48.50,2047.50,68.6886,-24.5203
43335182,136.50,1345.50,57.1609,-26.0463
43339088,-221.50,-1571.50,44.6620,-33.5078
43342994,-577.50,-2047.50,29.3627,-35.0149
43346900,-451.50,-642.50,10.1883,5.7849
43350806,-55.50,2047.50,-4.2809,-0.6266
43354712,110.50,1674.50,-8.7110,22.4147
43358618,-204.50,-1261.50,-4.9982,40.6017
43362524,-589.50,-2047.50,-5.8162,22.2326
43366430,-525.50,-1010.50,-17.6416,34.0189
43370336,-105.50,2047.50,-26.1345,26.8233
43374242,115.50,2045.50,-19.6581,107.0774
43378148,-171.50,-915.50,-9.0119,163.5958
43382054,-568.50,-2047.50,-10.5776,104.9643
43385960,-561.50,-1349.50,-20.8726,54.1117
43389866,-179.50,1766.50,-28.7867,0.1550
43393772,70.50,2047.50,-33.4992,28.4027
43397678,-145.50,-608.50,-36.3420,48.6655
43401584,-553.50,-2047.50,-37.4723,12.7912
43405490,-610.50,-1626.50,-39.0007,12.9339
43409396,-254.50,1199.50,-42.5063,-54.6971
43413302,35.50,2047.50,-48.6076,-113.7244
43417208,-130.50,-278.50,-55.4478,-110.8045
43421114,-522.50,-2047.50,-56.2566,-81.8022
43425020,-661.50,-1853.50,-53.0156,-28.7086
43428926,-297.50,794.50,-50.7641,-73.1422
43432832,63.50,2047.50,-39.7047,-151.9056
43436738,-25.50,110.50,-17.8767,-156.7458
43440644,-417.50,-2047.50,4.6418,-113.6807
43444550,-586.50,-2005.50,21.6413,-58.3338
43448456,-265.50,464.50,34.0689,-74.9397
43452362,128.50,2047.50,50.0991,-133.9794
43456268,112.50,533.50,73.2697,-134.0309
43460174,-324.50,-2047.50,90.0601,-103.1707
43464080,-560.50,-2047.50,85.0991,-73.7500
43467986,-308.50,165.50,69.1831,-54.1795
43471892,61.50,2047.50,55.9535,-73.1885
43475798,67.50,851.50,42.5803,-84.6756
43479704,-300.50,-2001.50,33.6221,-106.0757
43483610,-566.50,-2047.50,36.6154,-112.9091
43487516,-314.50,-120.50,53.8778,-40.5616
43491422,58.50,2047.50,75.2016,-0.1985
43495328,80.50,1135.50,71.3741,-11.3548
43499234,-264.50,-1751.50,43.7864,-64.1837
43503140,-561.50,-2047.50,27.8215,-84.2809
43507046,-433.50,-559.50,29.1848,-14.0028
43510952,-46.50,2047.50,25.7789,11.6095
43514858,109.50,1521.50,17.1410,35.2521
43518764,-195.50,-1397.50,20.9151,37.0441
43522670,-557.50,-2047.50,32.4678,18.5351
43526576,-463.50,-917.50,37.0458,48.8339
43530482,-73.50,2047.50,34.1118,51.2178
43534388,125.50,1888.50,29.2324,114.2751
43538294,-152.50,-1069.50,28.9704,146.7682
43542200,-542.50,-2047.50,30.3361,92.4516
43546106,-495.50,-1266.50,30.1405,68.4305
43550012,-105.50,1975.50,33.3137,57.9137
43553918,125.50,2047.50,35.7093,140.8951
43557824,-96.50,-685.50,35.0767,175.0819
43561730,-512.50,-2047.50,33.4825,108.4220
43565636,-552.50,-1519.50,26.8159,77.4099
43569542,-168.50,1394.50,19.6701,10.9881
43573448,128.50,2047.50,21.5102,-20.6264
43577354,-52.50,-319.50,29.7441,-5.8427
43581260,-450.50,-2047.50,37.6028,15.1189
43585166,-549.50,-1742.50,42.5259,51.8222
43589072,-202.50,1022.50,43.4925,7.6615
43592978,125.50,2047.50,42.8279,-52.6298
43596884,-10.50,74.50,41.3054,-58.3685
43600790,-402.50,-2047.50,40.3369,-25.1257
43604696,-556.50,-1919.50,43.8236,18.4204
43608602,-239.50,655.50,49.1466,-8.5396
43612508,134.50,2047.50,55.8135,-66.7838
43616414,70.50,463.50,64.7980,-74.0211
43620320,-356.50,-2047.50,67.4485,-45.6633
43624226,-561.50,-2047.50,59.5845,-22.9914
43628132,-293.50,318.50,51.1774,-27.4849
43632038,100.50,2047.50,50.1048,-53.9234
43635944,112.50,790.50,57.1622,-57.2918
43639850,-273.50,-2047.50,68.9910,-66.5507
43643756,-559.50,-2047.50,72.9318,-75.5288
43647662,-330.50,-68.50,65.0494,-36.1568
43651568,99.50,2047.50,62.9795,-25.1347
43655474,162.50,1070.50,74.8744,-28.9278
43659380,-197.50,-1790.50,89.0503,-45.9510
43663286,-512.50,-2047.50,95.0784,-44.6765
43667192,-376.50,-436.50,87.4194,15.9285
43671098,22.50,2047.50,68.1952,24.7893
43675004,155.50,1398.50,52.5217,28.4218
43678910,-174.50,-1487.50,51.4637,19.3167
43682816,-527.50,-2047.50,56.0483,11.4986
43686722,-416.50,-794.50,56.6721,57.9685
43690628,-14.50,2047.50,54.7450,63.5167
43694534,143.50,1799.50,48.4839,111.6878
43698440,-157.50,-1132.50,37.0577,143.1213
43702346,-523.50,-2047.50,28.1066,108.8660
43706252,-485.50,-1156.50,25.4860,94.7657
43710158,-101.50,2047.50,22.0411,83.0142
43714064,127.50,2047.50,14.3626,172.1954
43717970,-111.50,-777.50,10.4194,217.0458
43721876,-512.50,-2047.50,12.2016,147.2925
43725782,-512.50,-1452.50,15.9799,99.2307
43729688,-148.50,1551.50,19.1210,29.6927
43733594,129.50,2047.50,17.4171,21.6098
43737500,-63.50,-444.50,14.6171,42.7800
43741406,-475.50,-2047.50,14.4723,43.2253
43745312,-584.50,-1705.50,8.7649,61.7451
43749218,-224.50,1044.50,-4.5150,-7.9254
43753124,82.50,2047.50,-15.3641,-82.4329
43757030,-45.50,-73.50,-18.5060,-75.8915
43760936,-432.50,-2047.50,-10.9582,-26.5547
43764842,-589.50,-1896.50,1.0779,26.3535
43768748,-260.50,711.50,5.3561,-12.4224
43772654,92.50,2047.50,5.4129,-82.7905
43776560,31.50,307.50,9.8487,-88.5638
43780466,-397.50,-2047.50,15.4187,-53.0503
43784372,-606.50,-2047.50,11.0637,-19.0965
43788278,-323.50,377.50,-0.0809,-34.2221
43792184,99.50,2047.50,1.3218,-74.8029
43796090,68.50,666.50,17.5155,-74.0067
43799996,-307.50,-2047.50,32.4479,-66.0603
43803902,-565.50,-2047.50,39.7078,-57.3814
43807808,-350.50,13.50,37.2918,-27.4775
43811714,48.50,2047.50,27.1467,-33.5007
43815620,93.50,945.50,19.4017,-44.4240
43819526,-258.50,-1908.50,21.4694,-70.9007
43823432,-546.50,-2047.50,32.4344,-76.1494
43827338,-372.50,-340.50,42.6119,-8.1958
43831244,43.50,2047.50,46.7389,13.7895
43835150,138.50,1302.50,46.7984,20.2336
43839056,-209.50,-1585.50,43.1825,9.5427
43842962,-542.50,-2047.50,37.6741,3.0344
43846868,-445.50,-706.50,30.3992,51.5685
43850774,-47.50,2047.50,17.8955,54.9858
43854680,151.50,1699.50,10.9169,93.5605
43858586,-101.50,-1225.50,28.7178,123.1496
43862492,-516.50,-2047.50,54.4505,101.0855
43866398,-537.50,-1116.50,43.3740,89.9866
43870304,-113.50,2047.50,1.6223,61.2332
43874210,102.50,2017.50,-24.7348,146.1146
43878116,-168.50,-932.50,-29.8276,204.1936
43882022,-591.50,-2047.50,-37.1214,138.0103
43885928,-593.50,-1391.50,-51.0592,92.0798
43889834,-200.50,1714.50,-58.4262,43.9483
43893740,97.50,2047.50,-51.1138,72.9709
43897646,-93.50,-560.50,-32.1583,101.2031
43901552,-484.50,-2047.50,-10.4278,74.8658
43905458,-534.50,-1614.50,9.1622,78.9581
43909364,-165.50,1221.50,25.8438,23.6881
43913270,130.50,2047.50,33.3701,-25.7124
43917176,-20.50,-179.50,29.1541,-23.6150
43921082,-420.50,-2047.50,24.5066,2.7704
43924988,-562.50,-1839.50,25.0339,44.6200
43928894,-237.50,815.50,23.4164,-1.7111
43932800,107.50,2047.50,18.5061,-74.0505
43936706,-3.50,176.50,11.3469,-82.6840
43940612,-386.50,-2047.50,6.3100,-49.0784
43944518,-574.50,-2018.50,10.5683,-8.6138
43948424,-281.50,443.50,18.2418,-33.8456
43952330,80.50,2047.50,20.4514,-90.0661
43956236,60.50,561.50,18.1974,-87.6408
43960142,-351.50,-2047.50,15.8609,-61.7170
43964048,-591.50,-2047.50,11.8706,-38.9783
43967954,-335.50,115.50,9.2741,-21.2460
43971860,55.50,2047.50,12.3433,-40.9444
43975766,82.50,855.50,14.8557,-52.9749
43979672,-271.50,-2013.50,18.1395,-81.7384
43983578,-559.50,-2047.50,26.3719,-95.6981
43987484,-367.50,-232.50,32.9824,-29.7744
43991390,38.50,2047.50,34.5796,1.0121
43995296,112.50,1175.50,31.0533,3.5767
43999202,-249.50,-1692.50,21.3275,-19.8197
44003108,-562.50,-2047.50,12.0215,-26.5434
44007014,-433.50,-573.50,9.8658,38.9514
44010920,-18.50,2047.50,11.6857,57.7074
44014826,112.50,1552.50,11.0151,79.0606
44018732,-216.50,-1358.50,3.5228,78.4571
44022638,-562.50,-2047.50,-5.6865,55.5183
44026544,-467.50,-952.50,-4.3701,78.9187
44030450,-56.50,2047.50,7.5390,78.6909
44034356,112.50,1927.50,13.3605,149.1063
44038262,-160.50,-1013.50,4.7530,191.0302
44042168,-546.50,-2047.50,-6.5048,136.1925
44046074,-512.50,-1273.50,-8.8448,104.3668
44049980,-108.50,2033.50,-0.5687,102.3669
44053886,144.50,2047.50,11.6482,198.7681
44057792,-67.50,-626.50,22.0376,223.1741
44061698,-493.50,-2047.50,26.2080,140.4197
44065604,-540.50,-1561.50,19.6687,95.9611
44069510,-168.50,1419.50,10.0784,26.7769
44073416,119.50,2047.50,4.6662,5.9734
44077322,-65.50,-281.50,-0.4641,20.9215
44081228,-463.50,-2047.50,-4.8510,32.8594
44085134,-565.50,-1774.50,-3.2046,61.7514
44089040,-236.50,928.50,-0.5034,2.2793
44092946,96.50,2047.50,-3.1954,-74.4163
44096852,-24.50,63.50,-8.1207,-81.0425
44100758,-428.50,-2047.50,-10.4339,-41.5913
44104664,-605.50,-1965.50,-11.3203,6.9644
44108570,-293.50,549.50,-13.6159,-26.3253
44112476,80.50,2047.50,-12.7353,-95.5873
44116382,14.50,460.50,-8.8572,-96.3644
44120288,-380.50,-2047.50,-6.9590,-58.0126
44124194,-579.50,-2047.50,-2.4612,-25.7652
44128100,-319.50,234.50,6.6491,-24.2917
44132006,59.50,2047.50,11.8608,-57.5336
44135912,62.50,791.50,9.3854,-64.2946
44139818,-316.50,-2047.50,6.4378,-74.6997
44143724,-575.50,-2047.50,8.6585,-81.5001
44147630,-358.50,-109.50,14.5211,-31.6194
44151536,46.50,2047.50,20.5574,-13.8842
44155442,106.50,1082.50,23.3950,-18.0857
44159348,-264.50,-1828.50,20.9999,-49.8789
44163254,-594.50,-2047.50,11.5726,-64.9873
44167160,-447.50,-450.50,-3.5623,6.6625
44171066,-20.50,2047.50,-13.7031,38.4008
44174972,105.50,1414.50,-11.7041,48.6821
44178878,-227.50,-1490.50,-5.3385,27.9232
44182784,-580.50,-2047.50,-4.0039,7.2015
44186690,-463.50,-836.50,-4.3193,52.7612
44190596,-57.50,2047.50,-0.2965,64.0784
44194502,148.50,1808.50,7.8571,117.7915
44198408,-140.50,-1132.50,19.3904,145.1729
44202314,-536.50,-2047.50,25.1033,102.5095
44206220,-512.50,-1208.50,16.9010,86.0767
44210126,-84.50,2047.50,7.9785,77.0467
44214032,144.50,2047.50,10.7244,172.3710
44217938,-88.50,-748.50,18.5353,219.4168
44221844,-431.50,-2047.50,33.8872,149.2264
44225750,-512.50,-1450.50,50.9311,106.1267
44229656,-207.50,1520.50,34.5433,41.2427
44233562,79.50,2047.50,-11.3073,26.5239
44237468,-86.50,-414.50,-39.3504,39.3919
44241374,-474.50,-2047.50,-33.0281,39.8383
44245280,-609.50,-1730.50,-21.0052,59.2967
44249186,-194.50,1040.50,-16.6885,-7.2589
44253092,140.50,2047.50,-0.2531,-77.0399
44256998,-4.50,-54.50,20.2528,-73.4303
44260904,-432.50,-2047.50,22.1841,-31.4189
44264810,-568.50,-1904.50,12.9238,20.2930
44268716,-262.50,688.50,7.0566,-13.3438
44272622,103.50,2047.50,6.1460,-81.6036
44276528,26.50,317.50,7.2900,-92.0770
44280434,-367.50,-2047.50,10.0707,-63.6039
44284340,-555.50,-2047.50,17.2119,-29.3581
44288246,-265.50,304.50,30.0951,-44.1882
44292152,130.50,2047.50,45.4981,-93.1631
44296058,135.50,666.50,60.3865,-94.8752
44299964,-239.50,-2047.50,75.2107,-85.0181
44303870,-461.50,-2047.50,93.0283,-71.9833
44307776,-224.50,-15.50,113.6383,-32.4926
44311682,183.50,2047.50,130.2606,-33.5422
44315588,210.50,1008.50,134.3242,-37.3798
44319494,-193.50,-1903.50,120.1411,-56.8171
44323400,-512.50,-2047.50,91.9559,-68.7515
44327306,-354.50,-351.50,63.3943,-7.0208
44331212,17.50,2047.50,38.3987,17.1681
44335118,119.50,1336.50,14.2703,25.6736
44339024,-209.50,-1608.50,-0.0119,6.9944
44342930,-547.50,-2047.50,-0.3684,-14.1777
44346836,-418.50,-712.50,5.7477,36.8439
44350742,-0.50,2047.50,14.6676,55.1772
44354648,179.50,1695.50,25.3209,95.2267
44358554,-120.50,-1250.50,35.5207,107.0359
44362460,-492.50,-2047.50,40.6345,70.0604
44366366,-448.50,-1088.50,37.6132,74.0303
44370272,-56.50,2047.50,28.3272,73.0021
44374178,144.50,2047.50,15.2464,165.4902
44378084,-106.50,-857.50,3.2302,224.1026
44381990,-512.50,-2047.50,-4.2281,160.9028
44385896,-494.50,-1392.50,-5.9153,106.6003
44389802,-94.50,1804.50,2.5877,63.3745
44393708,176.50,2047.50,16.7345,108.4398
44397614,-47.50,-481.50,23.2268,132.0907
44401520,-444.50,-2047.50,20.1041,94.1709
44405426,-520.50,-1647.50,15.3737,81.6043
44409332,-164.50,1190.50,10.4971,4.2185
44413238,143.50,2047.50,4.7898,-55.4582
44417144,-21.50,-143.50,-0.9848,-47.7499
44421050,-428.50,-2047.50,-6.3345,-9.7925
44424956,-561.50,-1864.50,-9.4159,34.1691
44428862,-223.50,830.50,-10.0308,-11.3372
44432768,129.50,2047.50,-6.8158,-77.8653
44436674,44.50,205.50,0.3697,-87.5837
44440580,-367.50,-2047.50,7.6458,-59.7603
44444486,-544.50,-2024.50,11.9412,-21.9297
44448392,-268.50,467.50,11.8858,-39.1943
44452298,110.50,2047.50,7.9585,-85.2070
44456204,69.50,567.50,3.5298,-90.6119
44460110,-328.50,-2047.50,0.3990,-80.8363
44464016,-559.50,-2047.50,-0.5222,-61.4555
44467922,-331.50,48.50,-1.3138,-44.6807
44471828,53.50,2047.50,-7.4179,-73.3823
44475734,71.50,848.50,-18.0006,-88.1677
44479640,-312.50,-2047.50,-27.8189,-119.4936
44483546,-592.50,-2047.50,-33.5180,-135.3287
44487452,-438.50,-316.50,-40.4766,-67.1514
44491358,10.50,2047.50,-47.4132,-39.4663
44495266,111.50,1187.50,-39.4763,-30.2534
44499172,-221.50,-1770.50,-19.2698,-54.5364
44503078,-538.50,-2047.50,-0.6880,-75.7946
44506984,-398.50,-649.50,11.5070,-9.6529
44510890,45.50,2047.50,22.8356,17.3079
44514796,178.50,1562.50,35.3408,50.6529
44518702,-194.50,-1401.50,30.4068,53.6021
44522608,-513.50,-2047.50,10.0203,22.7768
44526514,-416.50,-986.50,6.9564,50.5014
44530420,16.50,2047.50,26.9125,60.5184
44534326,213.50,1918.50,48.8845,133.6636
44538232,-90.50,-1056.50,54.4117,163.5742
44542138,-512.50,-2047.50,36.3584,96.6983
44546044,-512.50,-1321.50,5.3958,70.2086
44549950,-113.50,1914.50,-19.1395,58.4460
44553856,113.50,2047.50,-32.1668,132.5488
44557762,-109.50,-682.50,-40.6351,157.6003
44561668,-536.50,-2047.50,-47.7682,89.3302
44565574,-565.50,-1597.50,-53.0329,63.6461
44569480,-190.50,1327.50,-52.4869,-3.1843
44573386,80.50,2047.50,-52.6186,-37.9685
44577292,-111.50,-308.50,-63.7010,-22.5881
44581198,-512.50,-2047.50,-76.2877,-0.3140
44585104,-610.50,-1837.50,-77.0920,34.3766
44589010,-254.50,862.50,-68.2822,-32.4522
44592916,64.50,2047.50,-60.9774,-114.8247
44596822,-65.50,34.50,-63.5726,-114.8852
44600728,-478.50,-2047.50,-71.4463,-70.0529
44604634,-648.50,-2001.50,-76.8083,-15.8155
44608540,-310.50,511.50,-75.1207,-45.1744
44612446,112.50,2047.50,-54.9684,-112.5091
44616352,48.50,398.50,-21.3520,-119.3541
44620258,-463.50,-2047.50,-15.9729,-95.2126
44624164,-686.50,-2047.50,-54.9078,-55.1735
44628070,-418.50,142.50,-95.0589,-42.3522
44631976,-9.50,2047.50,-106.4742,-83.4591
44635882,-0.50,687.50,-97.7949,-105.2816
44639788,-384.50,-2047.50,-82.4927,-131.1019
44643694,-640.50,-2047.50,-66.7439,-124.0075
44647600,-425.50,-225.50,-54.3177,-56.9970
44651506,-4.50,2047.50,-47.7676,-47.2733
44655412,70.50,1058.50,-42.5951,-48.4401
44659318,-302.50,-1893.50,-35.7342,-80.1273
44663224,-591.50,-2047.50,-26.6894,-102.9995
44667130,-425.50,-541.50,-13.9123,-28.0200
44671036,-14.50,2047.50,-4.7783,8.7678
44674942,123.50,1410.50,-2.7982,32.0299
44678848,-189.50,-1554.50,3.7224,13.2326
44682754,-552.50,-2047.50,15.7607,-20.2494
44686660,-459.50,-925.50,19.7770,21.8282
44690566,-56.50,2047.50,11.9545,35.8397
44694472,112.50,1756.50,-2.0483,94.9480
44698378,-195.50,-1229.50,-16.7103,107.4166
44702284,-559.50,-2047.50,-24.4761,46.8673
44706190,-521.50,-1276.50,-21.7430,43.9071
44710096,-120.50,2047.50,-17.1829,56.4641
44714002,133.50,2047.50,-14.3460,169.9722
44717908,-111.50,-822.50,-7.5823,215.0895
44721814,-514.50,-2047.50,0.1664,126.0670
44725720,-527.50,-1512.50,5.1931,80.2345
44729626,-150.50,1484.50,7.5823,18.7161
44733532,114.50,2047.50,2.7291,9.2594
44737438,-62.50,-428.50,-5.0132,32.7443
44741344,-469.50,-2047.50,-3.2899,39.5091
44745250,-574.50,-1746.50,1.8005,64.1844
44749156,-259.50,1040.50,-8.5417,3.6905
44753062,70.50,2047.50,-31.9765,-62.4179
44756968,-54.50,-47.50,-45.4756,-60.0371
44760874,-425.50,-2047.50,-34.5959,-21.1519
44764780,-628.50,-1950.50,-17.5868,23.9899
44768686,-282.50,659.50,-17.5434,-20.9043
44772592,80.50,2047.50,-21.1386,-91.2827
44776498,26.50,319.50,-13.9333,-93.3701
44780404,-399.50,-2047.50,-3.8040,-58.2722
44784310,-620.50,-2047.50,-3.8258,-19.0865
44788216,-351.50,306.50,-15.3481,-26.8665
44792122,19.50,2047.50,-29.4595,-72.4866
44796028,-4.50,670.50,-42.8859,-79.2424
44799934,-384.50,-2047.50,-50.0522,-76.7529
44803840,-611.50,-2047.50,-41.9342,-64.8389
44807746,-394.50,-63.50,-25.2059,-27.3859
44811652,5.50,2047.50,-16.9198,-35.9115
44815558,64.50,947.50,-16.9604,-50.1758
44819464,-338.50,-2005.50,-20.3134,-96.9913
44823370,-624.50,-2047.50,-27.5244,-126.1966
44827276,-446.50,-445.50,-30.0530,-50.9771
44831182,-57.50,2047.50,-29.7769,-12.5210
44835088,73.50,1289.50,-32.2519,5.4289
44838994,-266.50,-1711.50,-29.0281,-23.6857
44842900,-612.50,-2047.50,-22.9005,-60.0564
44846806,-479.50,-815.50,-19.1775,-2.7240
44850712,27.50,2047.50,1.6490,23.7628
44854618,167.50,1697.50,41.1236,81.4616
44858524,-237.50,-1343.50,48.1747,100.2163
44862430,-601.50,-2047.50,8.1461,49.1964
44866336,-472.50,-1132.50,-16.7654,56.1540
44870242,-52.50,2047.50,3.9777,68.7198
44874148,159.50,2047.50,33.2958,171.7913
44878054,-42.50,-851.50,54.7325,238.6988
44881960,-361.50,-2047.50,93.2039,180.2983
44885866,-361.50,-1327.50,144.8386,140.2451
44889772,55.50,2047.50,179.5057,153.6925
44893678,335.50,2047.50,195.0682,251.0843
44897584,144.50,-349.50,206.2222,258.6389
44901490,-239.50,-2047.50,221.1875,184.5999
44905396,-312.50,-1519.50,235.2908,157.3781
44909302,53.50,1594.50,237.4724,142.2598
44913208,372.50,2047.50,231.8162,157.8217
44917114,198.50,35.50,225.4943,133.0135
44921020,-226.50,-2047.50,215.6973,105.8443
44924926,-398.50,-1777.50,196.0484,108.0678
44928832,-84.50,1066.50,164.2439,69.6248
44932738,240.50,2047.50,130.2272,30.9049
44936644,133.50,377.50,104.1868,10.5219
44940550,-293.50,-2047.50,87.4385,25.4684
44944456,-465.50,-1965.50,79.1471,43.5408
44948362,-179.50,641.50,76.9616,19.8464
44952268,175.50,2047.50,71.5337,-17.5358
44956174,150.50,727.50,61.2704,-29.0375
44960080,-271.50,-2047.50,53.6189,-16.4686
44963986,-524.50,-2047.50,43.9979,-15.0384
44967892,-303.50,249.50,26.2655,-8.9995
44971798,82.50,2047.50,4.3535,-18.6035
44975704,129.50,1023.50,-9.0868,-27.2761
44979610,-228.50,-1870.50,-2.3928,-24.4247
44983516,-512.50,-2047.50,15.9025,-15.4901
44987422,-330.50,-99.50,26.2040,30.6806
44991328,86.50,2047.50,24.7365,35.4761
44995234,169.50,1366.50,20.6576,25.8397
44999140,-181.50,-1583.50,18.4872,27.8035
45003046,-493.50,-2047.50,20.2642,33.5737
45006952,-354.50,-463.50,26.5217,76.5338
45010858,92.50,2047.50,37.4956,75.0831
45014764,224.50,1742.50,50.2757,90.5057
45018670,-90.50,-1249.50,55.6115,117.4587
45022576,-464.50,-2047.50,51.6502,105.9864
45026482,-421.50,-880.50,37.8365,102.7736
45030388,15.50,2047.50,21.2882,77.3258
45034294,218.50,2047.50,17.9088,133.9896
45038200,-68.50,-912.50,21.9966,190.3108
45042106,-445.50,-2047.50,22.8591,150.4290
45046012,-428.50,-1241.50,24.1087,105.5479
45049918,-37.50,2047.50,25.3973,85.5811
45053824,202.50,2047.50,21.1714,159.0204
45057730,-41.50,-512.50,9.9602,175.3651
45061636,-431.50,-2047.50,-0.5555,114.8269
45065542,-453.50,-1487.50,2.2144,91.3725
45069448,-50.50,1712.50,20.5159,74.8224
45073354,198.50,2047.50,34.3676,102.2166
45077260,-6.50,-152.50,21.2312,80.4633
45081166,-405.50,-2047.50,-4.2081,38.8400
45085072,-512.50,-1732.50,-15.7924,44.4069
45088978,-164.50,1138.50,-15.3759,6.4154
45092884,177.50,2047.50,-11.5979,-37.6397
45096790,119.50,222.50,3.1860,-56.6860
45100696,-271.50,-2047.50,35.5936,-34.3852
45104602,-512.50,-1922.50,54.3718,0.4179
45108508,-217.50,735.50,32.9786,-23.1071
45112414,150.50,2047.50,0.2275,-72.3120
45116320,138.50,613.50,-8.2265,-87.0736
45120226,-262.50,-2047.50,8.7389,-61.1938
45124132,-477.50,-2047.50,28.9454,-45.6968
45128038,-192.50,416.50,42.6985,-43.0980
45131944,181.50,2047.50,51.6581,-53.4865
45135850,192.50,944.50,51.3111,-63.6615
45139756,-226.50,-1934.50,41.3370,-62.6820
45143662,-520.50,-2047.50,21.7765,-56.7787
45147568,-276.50,74.50,5.4845,-12.3549
45151474,142.50,2047.50,9.6217,0.9259
45155380,222.50,1325.50,25.7239,-6.6607
45159286,-140.50,-1616.50,38.8543,6.6497
45163192,-512.50,-2047.50,35.0676,22.6394
45167098,-333.50,-305.50,15.0697,56.6136
45171004,151.50,2047.50,14.2248,42.9174
45174910,283.50,1674.50,43.6790,41.9074
45178816,-56.50,-1312.50,69.6683,68.9743
45182722,-399.50,-2047.50,76.9567,72.7448
45186628,-294.50,-678.50,78.7686,86.3662
45190534,128.50,2047.50,82.5019,69.0666
45194440,282.50,2047.50,80.0103,112.1643
45198346,-58.50,-942.50,58.6850,175.5102
45202252,-473.50,-2047.50,20.9425,154.4191
45206158,-442.50,-1082.50,-14.1075,106.7180
45210064,-35.50,2047.50,-32.5653,67.1759
45213970,176.50,2047.50,-41.5445,116.5196
45217876,-61.50,-612.50,-50.1406,134.3647
45221782,-442.50,-2047.50,-49.3819,86.6260
45225688,-463.50,-1391.50,-36.0456,65.3631
45229594,-62.50,1954.50,-21.4291,71.9948
45233500,198.50,2047.50,-16.1070,139.9007
45237406,-19.50,-239.50,-26.6205,115.6835
45241312,-418.50,-2047.50,-41.7369,40.3849
45245218,-520.50,-1640.50,-47.5988,27.0507
45249124,-144.50,1370.50,-47.2794,1.2564
45253030,205.50,2047.50,-39.8185,-14.3398
45256936,73.50,97.50,-24.7536,-45.3277
45260842,-423.50,-2047.50,-24.2692,-55.1455
45264748,-548.50,-1872.50,-46.8091,-29.7511
45268654,-218.50,855.50,-63.5812,-58.7275
45272560,147.50,2047.50,-63.0166,-111.1378
45276466,65.50,446.50,-58.5534,-135.0634
45280372,-361.50,-2047.50,-57.4113,-114.7734
45284278,-565.50,-2047.50,-59.8214,-88.4886
45288184,-283.50,462.50,-62.7234,-99.7909
45292090,121.50,2047.50,-62.5589,-133.1762
45295996,112.50,791.50,-56.8226,-143.1527
45299902,-292.50,-2047.50,-48.2458,-138.8614
45303808,-560.50,-2047.50,-44.2289,-132.2577
45307714,-316.50,134.50,-45.5284,-88.0910
45311620,101.50,2047.50,-45.0052,-74.0357
45315526,162.50,1136.50,-38.8666,-85.9426
45319432,-246.50,-1768.50,-33.6863,-88.0883
45323338,-533.50,-2047.50,-34.5844,-72.6785
45327244,-318.50,-207.50,-28.5195,-15.2545
45331150,110.50,2047.50,-10.0906,-9.5195
45335056,222.50,1573.50,6.2135,-7.5207
45338962,-121.50,-1433.50,15.0890,20.5210
45342868,-453.50,-2047.50,22.6467,29.0712
45346774,-349.50,-591.50,27.2868,45.9329
45350680,78.50,2047.50,23.9014,22.5638
45354586,241.50,1977.50,17.5121,59.0238
45358492,-72.50,-1109.50,13.7995,123.9445
45362398,-484.50,-2047.50,7.0238,105.1254
45366304,-402.50,-978.50,-3.5993,68.8858
45370210,20.50,2047.50,-5.9221,33.6762
45374116,219.50,2047.50,-4.1511,81.3731
45378022,-47.50,-742.50,-9.3745,115.9240
45381928,-431.50,-2047.50,-12.1979,79.2000
45385834,-418.50,-1284.50,-3.3876,58.6753
45389740,-34.50,2047.50,6.7092,67.6554
45393646,259.50,2047.50,10.0329,141.3320
45397552,37.50,-381.50,13.0867,118.2697
45401458,-385.50,-2047.50,15.5035,33.9348
45405364,-445.50,-1578.50,14.5819,14.7689
45409270,-89.50,1476.50,10.5531,-14.6800
45413176,206.50,2047.50,-1.2855,-25.3491
45417082,30.50,-62.50,-19.6918,-54.3388
45420988,-399.50,-2047.50,-35.9006,-70.4460
45424894,-537.50,-1853.50,-46.4073,-46.3786
45428800,-206.50,922.50,-55.2102,-89.7551
45432706,147.50,2047.50,-63.3047,-151.6044
45436612,49.50,256.50,-66.7589,-173.9714
45440518,-400.50,-2047.50,-69.3774,-149.8150
45444424,-587.50,-2047.50,-77.8024,-109.5969
45448330,-271.50,494.50,-83.9470,-133.2116
45452236,112.50,2047.50,-80.7612,-188.0849
45456142,74.50,625.50,-75.0123,-195.3494
45460048,-336.50,-2047.50,-70.9111,-170.5445
45463954,-572.50,-2047.50,-67.3106,-137.8538
45467860,-321.50,169.50,-64.7193,-104.7812
45471766,48.50,2047.50,-70.4288,-119.7879
45475672,66.50,931.50,-87.3636,-146.1783
45479578,-338.50,-1958.50,-104.0466,-171.5253
45483484,-588.50,-2047.50,-106.8228,-167.1059
45487390,-362.50,-164.50,-89.4049,-89.7388
45491296,58.50,2047.50,-64.1850,-61.9617
45495202,144.50,1334.50,-48.8057,-65.4618
45499108,-246.50,-1625.50,-48.1964,-69.4086
45503014,-574.50,-2047.50,-58.2342,-65.2269
45506920,-438.50,-522.50,-68.7554,-12.3653
45510826,-15.50,2047.50,-75.1526,-9.4261
45514732,142.50,1743.50,-75.6249,11.7862
45518638,-165.50,-1313.50,-65.3927,37.1309
45522544,-593.50,-2047.50,-59.4272,16.5430
45526450,-512.50,-921.50,-75.0500,19.2259
45530356,-50.50,2047.50,-88.5668,4.5473
45534262,157.50,2047.50,-78.2576,68.3813
45538168,-149.50,-969.50,-63.9691,120.4568
45542074,-558.50,-2047.50,-65.1227,70.7011
45545980,-573.50,-1257.50,-80.9261,34.5691
45549886,-120.50,2047.50,-95.0991,29.9427
45553792,138.50,2047.50,-90.3630,108.5824
45557698,-122.50,-592.50,-80.2707,111.0357
45561604,-542.50,-2047.50,-82.1099,31.8249
45565510,-584.50,-1541.50,-87.8917,11.2607
45569416,-176.50,1520.50,-86.4251,-25.4588
45573322,125.50,2047.50,-78.2319,-34.7939
45577228,-58.50,-271.50,-71.6859,-53.0930
45581134,-454.50,-2047.50,-63.7751,-70.9206
45585040,-580.50,-1780.50,-51.9235,-35.9486
45588946,-234.50,1021.50,-49.7350,-66.6635
45592852,113.50,2047.50,-57.9654,-124.9928
45596758,-8.50,128.50,-63.7022,-144.5367
45600664,-512.50,-2047.50,-75.3985,-116.1803
45604570,-644.50,-1981.50,-97.3858,-68.0906
45608476,-284.50,641.50,-99.6508,-90.5770
45612382,83.50,2047.50,-78.8208,-146.8955
45616288,48.50,511.50,-59.6374,-160.2727
45620194,-398.50,-2047.50,-49.0284,-135.2422
45624100,-658.50,-2047.50,-54.7612,-100.5069
45628006,-378.50,278.50,-74.2485,-88.2347
45631912,31.50,2047.50,-87.3701,-118.1658
45635818,64.50,881.50,-83.3216,-130.7787
45639724,-341.50,-2047.50,-66.0156,-136.2185
45643630,-670.50,-2047.50,-58.3714,-139.7582
45647536,-466.50,-127.50,-76.1494,-97.7587
45651442,-40.50,2047.50,-101.1118,-94.9899
45655348,62.50,1067.50,-107.6572,-118.3251
45659254,-353.50,-1908.50,-98.8585,-170.9284
45663160,-678.50,-2047.50,-96.0430,-190.3022
45667066,-536.50,-520.50,-103.1124,-101.2360
45670972,-143.50,2047.50,-119.8645,-62.1020
45674878,13.50,1407.50,-139.6703,-53.2986
45678784,-306.50,-1581.50,-139.5974,-83.1037
45682690,-654.50,-2047.50,-117.5882,-110.0675
45686596,-530.50,-893.50,-89.6799,-47.7230
45690502,-79.50,2047.50,-63.8228,-23.6140
45694408,133.50,1855.50,-41.1109,38.8487
45698314,-194.50,-1180.50,-27.5415,74.1772
45702220,-604.50,-2047.50,-31.0869,29.0154
45706126,-538.50,-1231.50,-38.7436,17.6383
45710032,-84.50,2047.50,-28.8217,13.9442
45713938,169.50,2047.50,-5.0510,102.9237
45717844,-105.50,-800.50,10.4312,135.8645
45721750,-537.50,-2047.50,7.3620,60.5128
45725656,-570.50,-1487.50,-5.0472,32.1440
45729562,-168.50,1488.50,-15.1971,-26.9800
45733468,123.50,2047.50,-20.4660,-51.5520
45737374,-96.50,-447.50,-25.8308,-44.6930
45741280,-523.50,-2047.50,-32.2285,-37.7340
45745186,-603.50,-1740.50,-32.3259,1.9499
45749092,-217.50,1007.50,-23.9756,-55.4806
45752998,160.50,2047.50,-7.6744,-137.6633
45756904,-29.50,-86.50,6.0053,-147.1762
45760810,-463.50,-2047.50,2.3135,-103.8813
45764716,-620.50,-1934.50,-8.5258,-37.5953
45768622,-264.50,624.50,-11.2765,-70.9854
45772528,73.50,2047.50,-12.2959,-155.0387
45776434,36.50,273.50,-14.9778,-172.4981
45780340,-367.50,-2047.50,-2.0178,-137.7251
45784246,-598.50,-2047.50,20.2955,-81.3714
45788152,-349.50,286.50,20.7238,-76.8373
45792058,37.50,2047.50,-4.5842,-128.5136
45795964,10.50,626.50,-33.2668,-146.3460
45799870,-401.50,-2047.50,-48.4983,-146.7815
45803776,-634.50,-2047.50,-44.6036,-120.9878
45807682,-382.50,-127.50,-25.1501,-79.4603
45811588,44.50,2047.50,-5.0122,-104.0166
45815494,83.50,879.50,3.9031,-129.6348
45819400,-288.50,-2018.50,6.1920,-177.3060
45823306,-623.50,-2047.50,7.5265,-190.1292
45827212,-440.50,-512.50,3.5014,-103.3733
45831118,-20.50,2047.50,-5.0683,-74.5728
45835024,87.50,1174.50,-13.5750,-73.2444
45838930,-284.50,-1734.50,-20.7938,-117.1950
45842836,-661.50,-2047.50,-30.4474,-138.2832
45846742,-512.50,-905.50,-39.0377,-61.3306
45850648,-74.50,2047.50,-35.9387,-40.9680
45854554,124.50,1465.50,-22.1448,-14.0613
45858460,-175.50,-1456.50,-1.6058,-48.6301
45862366,-596.50,-2047.50,13.1927,-98.3443
45866272,-526.50,-1318.50,11.4086,-53.8339
45870178,-97.50,1482.50,5.6169,-127.6351
45874084,144.50,1835.50,6.9725,-171.2825
45877990,-122.50,-1117.50,14.4060,-113.6823
45881896,-537.50,-2047.50,22.5954,-62.1178
45885802,-548.50,-1508.50,25.7206,6.2251
45889708,-149.50,1279.50,21.9659,-51.0343
45893614,125.50,2047.50,13.3145,-97.9051
45897520,-77.50,-579.50,7.9515,-30.8100
45901426,-463.50,-2047.50,18.7869,35.0652
45905332,-562.50,-1711.50,38.5865,71.7851
45909238,-207.50,1011.50,40.3759,-12.9783
45913144,99.50,2047.50,20.1728,-93.1031
45917050,-63.50,-223.50,-2.7209,-71.0668
45920956,-464.50,-2047.50,-9.4159,-19.5598
45924862,-597.50,-1891.50,2.7016,31.9631
45928768,-239.50,704.50,18.7168,-12.1090
45932674,126.50,2047.50,29.7610,-81.2821
45936580,15.50,181.50,33.1262,-73.4213
45940486,-399.50,-2047.50,31.3651,-34.2722
45944392,-591.50,-2042.50,32.6968,-0.6286
45948298,-276.50,371.50,38.1941,-26.3381
45952204,95.50,2047.50,41.2410,-73.7360
45956110,52.50,573.50,35.2973,-59.1276
45960016,-352.50,-2047.50,27.7610,-36.9676
45963922,-581.50,-2047.50,30.9102,-25.0035
45967828,-306.50,62.50,45.1496,-3.6988
45971734,102.50,2047.50,60.6999,-11.1156
45975640,113.50,882.50,64.8330,-12.0019
45979546,-281.50,-2047.50,57.9132,-51.6822
45983452,-584.50,-2047.50,49.7201,-90.5381
45987358,-349.50,-277.50,49.3042,-24.8772
45991267,71.50,2047.50,59.0484,26.6464
45995173,167.50,1232.50,68.6687,51.9510
45999079,-192.50,-1708.50,74.4433,30.0346
46002985,-544.50,-2047.50,76.8609,-0.9552
46006891,-386.50,-600.50,75.2206,54.6681
46010797,71.50,2047.50,79.7699,88.5783
46014703,235.50,1655.50,95.0680,137.9831
46018609,-93.50,-1316.50,111.1822,158.0742
46022515,-463.50,-2047.50,120.0624,120.8627
46026421,-392.50,-966.50,120.5963,119.0378
46030327,32.50,2047.50,114.4938,116.0833
46034233,234.50,2047.50,106.0412,209.6164
46038139,-78.50,-879.50,95.0806,289.0776
46042045,-492.50,-2047.50,79.0516,241.2041
46045951,-457.50,-1257.50,66.9132,178.4171
46049857,-47.50,2047.50,65.9972,159.1713
46053763,205.50,2047.50,67.2700,250.2873
46057669,-54.50,-545.50,60.6054,263.4230
46061575,-492.50,-2047.50,45.4085,174.7691
46065481,-527.50,-1551.50,31.1818,129.5502
46069387,-108.50,1567.50,31.3454,93.1549
46073293,190.50,2047.50,42.7299,113.2567
46077199,-47.50,-175.50,40.8215,115.6228
46081105,-472.50,-2047.50,19.6501,92.0538
46085011,-589.50,-1775.50,1.0408,95.5289
46088917,-200.50,1056.50,-2.5089,50.5262
46092823,167.50,2047.50,9.0218,9.8036
46096729,35.50,192.50,25.2730,3.4284
46100635,-414.50,-2047.50,30.8660,23.1374
46104541,-584.50,-1967.50,24.8260,46.3341
46108447,-224.50,641.50,22.6723,12.8396
46112353,181.50,2047.50,36.5201,-33.3985
46116259,103.50,581.50,54.1198,-31.3610
46120165,-338.50,-2047.50,57.7221,-3.7672
46124071,-588.50,-2047.50,45.9468,7.9300
46127977,-309.50,290.50,28.1308,5.0115
46131883,113.50,2047.50,17.3056,-13.7579
46135789,128.50,928.50,20.0894,-11.9516
46139695,-273.50,-2028.50,32.6315,-16.8495
46143601,-527.50,-2047.50,49.9061,-37.4147
46147507,-221.50,43.50,79.6051,18.3320
46151413,157.50,2047.50,112.2731,68.3165
46155319,78.50,1178.50,94.6194,57.8788
46159225,-357.50,-1806.50,14.8678,-2.5897
46163131,-718.50,-2047.50,-69.0305,-40.7844
46167037,-649.50,-512.50,-134.9460,8.3615
46170943,-271.50,2047.50,-203.1934,24.2838
46174849,-193.50,1424.50,-268.5290,32.3023
46178755,-574.50,-1551.50,-314.4621,3.1782
