ts_us,raw_ch0,raw_ch1,filt_ch0,filt_ch1
111273,-2047.50,-1024.50,-334.8237,-167.1993
115179,-2047.50,-2047.50,-1181.1920,-758.7338
119085,-2047.50,-1324.50,-1891.6994,-1418.5912
122991,-2047.50,1294.50,-2096.8059,-1148.2603
126897,-2047.50,2047.50,-2056.4938,225.1178
130803,-2047.50,-492.50,-1957.8344,1169.6894
134709,-2047.50,-2047.50,-1855.7880,475.2224
138615,-2047.50,-1601.50,-1783.4397,-898.2088
142521,-2047.50,949.50,-1766.2104,-1221.4497
146427,-2047.50,2047.50,-1780.3514,-129.7740
150333,-2047.50,-189.50,-1768.2245,901.9416
154239,-2047.50,-2047.50,-1706.8750,495.3401
158145,-2047.50,-1781.50,-1636.1968,-725.0728
162051,-2047.50,661.50,-1606.1492,-1154.8952
165957,-2047.50,2047.50,-1612.3601,-264.6241
169863,-2047.50,144.50,-1604.1434,747.0677
173769,-2047.50,-2047.50,-1552.1044,518.6690
177675,-2047.50,-1944.50,-1485.3837,-586.8124
181581,-2047.50,382.50,-1451.4082,-1093.3187
185487,-2047.50,2047.50,-1453.5267,-363.6296
189393,-2047.50,467.50,-1448.4348,622.9355
193299,-2047.50,-2047.50,-1404.3283,531.2612
197205,-2047.50,-2047.50,-1341.7753,-472.7004
201111,-2047.50,48.50,-1304.8831,-1028.8545
205017,-2047.50,2047.50,-1303.0297,-442.2493
208923,-2047.50,794.50,-1300.0670,513.6562
212829,-2047.50,-1864.50,-1263.1243,566.9021
216735,-2047.50,-2047.50,-1205.1958,-292.2153
220641,-2047.50,-298.50,-1166.4127,-873.9933
224547,-2047.50,2047.50,-1160.7984,-454.5296
228453,-2047.50,1090.50,-1159.0882,428.4023
232359,-2047.50,-1601.50,-1128.4974,593.2321
236266,-2047.50,-2047.50,-1075.4687,-126.1919
240172,-2047.50,-591.50,-1035.7255,-713.1142
244078,-2047.50,2047.50,-1026.6687,-428.2187
247984,-2047.50,1408.50,-1025.4955,391.2536
251890,-2047.50,-1306.50,-1000.4446,642.6360
255796,-2047.50,-2047.50,-952.4324,31.5423
259702,-2047.50,-898.50,-912.5501,-572.8597
263608,-2047.50,1791.50,-900.4452,-448.3111
267514,-2047.50,1791.50,-899.2443,273.5827
271420,-2047.50,-934.50,-878.9448,646.8836
275326,-2047.50,-2047.50,-835.9319,194.5451
279232,-2047.50,-1218.50,-796.6174,-425.4558
283138,-2047.50,1366.50,-781.9079,-486.7472
287044,-2047.50,2047.50,-780.2533,87.2018
290950,-2047.50,-609.50,-763.9569,542.1995
294856,-2047.50,-2047.50,-725.8169,254.7793
298762,-2047.50,-1478.50,-687.6623,-326.4003
302668,-2047.50,1077.50,-670.8177,-477.8604
306574,-2047.50,2047.50,-668.4075,-25.4576
310480,-2047.50,-237.50,-655.4202,424.0868
314386,-2047.50,-2047.50,-621.9397,251.1091
318292,-2047.50,-1711.50,-585.4253,-266.7130
322198,-2047.50,748.50,-566.9218,-473.3412
326104,-2047.50,2047.50,-563.5629,-118.5830
330010,-2047.50,38.50,-553.2535,311.7158
333916,-2047.50,-2047.50,-524.1537,207.0856
337822,-2047.50,-1882.50,-489.6537,-254.3388
341728,-2047.50,466.50,-469.9576,-460.6110
345634,-2047.50,2047.50,-465.5503,-152.9530
349540,-2047.50,358.50,-457.3561,263.1103
353446,-2047.50,-2047.50,-432.3119,197.4871
357352,-2047.50,-2033.50,-400.1018,-243.4002
361258,-2047.50,144.50,-379.6569,-463.4689
365164,-2047.50,2047.50,-374.1791,-192.3103
369070,-2047.50,647.50,-367.6085,220.6399
372976,-2047.50,-1917.50,-346.2652,203.4768
376882,-2047.50,-2047.50,-316.5309,-180.8950
380788,-2047.50,-159.50,-295.7486,-382.2507
384694,-2047.50,2047.50,-289.2412,-158.8153
388600,-2047.50,976.50,-283.8737,226.4942
392506,-2047.50,-1641.50,-265.8616,258.1131
396412,-2047.50,-2047.50,-238.7096,-64.7409
400318,-2047.50,-426.50,-217.9616,-264.5566
404224,-2047.50,2047.50,-210.5143,-98.0034
408130,-2047.50,1233.50,-205.9985,249.0128
412036,-2047.50,-1405.50,-190.9455,286.6923
415942,-2047.50,-2047.50,-166.4132,-10.5889
419848,-2047.50,-730.50,-146.0271,-206.8832
423754,-2047.50,1875.50,-137.7655,-96.0096
427660,-2047.50,1603.50,-133.8153,224.3474
431566,-2047.50,-1072.50,-121.3568,333.3827
435472,-2047.50,-2047.50,-99.4232,98.6090
439378,-2047.50,-1007.50,-79.6797,-121.3219
443284,-2047.50,1561.50,-70.7542,-103.6464
447190,-2047.50,1943.50,-67.1439,158.0325
451096,-2047.50,-719.50,-56.9310,336.1146
455002,-2047.50,-2047.50,-37.5267,178.6173
458908,-2047.50,-1265.50,-18.6592,-55.8392
462814,-2047.50,1263.50,-9.2347,-106.6735
466720,-2047.50,2047.50,-5.7932,86.4760
470626,-2047.50,-399.50,2.5011,265.9601
474532,-2047.50,-2047.50,19.4839,159.7641
478438,-2047.50,-1558.50,37.2886,-59.5551
482344,-2047.50,912.50,47.0413,-149.6490
486250,-2047.50,2047.50,50.4365,-13.0185
490156,-2047.50,-110.50,57.1132,160.2292
494062,-2047.50,-2047.50,71.8116,97.4088
497968,-2047.50,-1756.50,88.4111,-86.0776
501874,-2047.50,646.50,98.3226,-155.7388
505780,-2047.50,2047.50,101.7523,-26.5755
509686,-2047.50,118.50,107.0834,119.0185
513592,-2047.50,-2047.50,119.6554,34.3331
517498,-2047.50,-1949.50,134.9488,-151.8993
521404,-2047.50,322.50,144.8566,-201.8788
525310,-2047.50,2047.50,148.3662,-61.0071
529216,-2047.50,437.50,152.5932,101.1919
533122,-2047.50,-2020.50,163.2104,28.7606
537028,-2047.50,-2047.50,177.1348,-165.1897
540934,-2047.50,39.50,186.8880,-200.6710
544840,-2047.50,2047.50,190.4936,-44.1366
548746,-2047.50,783.50,193.8275,130.2138
552652,-2047.50,-1774.50,202.6687,87.8301
556558,-2047.50,-2047.50,215.1948,-75.7061
560464,-2047.50,-217.50,224.6573,-101.6293
564370,-2047.50,2047.50,228.3521,30.8954
568276,-2047.50,1101.50,230.9734,185.0665
572182,-2047.50,-1502.50,238.2191,147.0116
576088,-2047.50,-2047.50,249.3470,-6.2675
579994,-2047.50,-526.50,258.3999,-39.3391
583900,-2047.50,2047.50,262.1592,71.5793
587806,-2047.50,1439.50,264.2199,238.7158
591712,-2047.50,-1184.50,270.0476,233.0708
595618,-2047.50,-2047.50,279.8023,81.0209
599524,-2047.50,-856.50,288.3452,10.4954
603430,-2047.50,1776.50,292.1318,47.3689
607336,-2047.50,1831.50,293.7568,190.3096
611242,-2047.50,-840.50,298.3375,262.7484
615148,-2047.50,-2047.50,306.7646,162.8193
619054,-2047.50,-1161.50,314.7158,57.9083
622960,-2047.50,1349.50,318.4843,5.2532
626866,-2047.50,2047.50,319.7739,75.0380
630772,-2047.50,-480.50,323.2694,191.2174
634678,-2047.50,-2047.50,330.4310,169.0584
638584,-2047.50,-1406.50,337.7275,77.8685
642490,-2047.50,1103.50,341.4279,12.0407
646396,-2047.50,2047.50,342.4604,46.7859
650302,-2047.50,-190.50,345.0210,122.3903
654208,-2047.50,-2047.50,350.9916,95.4726
658114,-2047.50,-1662.50,357.5885,20.3523
662020,-2047.50,770.50,361.1697,-33.5873
665926,-2047.50,2047.50,362.0040,-8.0015
669832,-2047.50,96.50,363.7673,58.9160
673738,-2047.50,-2047.50,368.6302,33.2540
677644,-2047.50,-1873.50,374.4996,-41.3097
681550,-2047.50,466.50,377.9116,-74.2879
685456,-2047.50,2047.50,378.5902,-29.1987
689362,-2047.50,396.50,379.6802,42.0406
693268,-2047.50,-2047.50,383.5246,-0.3096
697174,-2047.50,-2014.50,388.6537,-97.9476
701080,-2047.50,170.50,391.8500,-106.7735
704986,-2047.50,2047.50,392.4014,-25.0411
708892,-2047.50,695.50,392.9283,58.5349
712798,-2047.50,-1833.50,395.8462,21.7883
716704,-2047.50,-2047.50,400.2363,-56.9122
720610,-2047.50,-137.50,403.1752,-45.9022
724516,-2047.50,2047.50,403.6165,25.8700
728422,-2047.50,1004.50,403.6769,98.3319
732328,-2047.50,-1565.50,405.7607,65.1764
736234,-2047.50,-2047.50,409.4248,-1.6474
740140,-2047.50,-424.50,412.0709,20.0206
744046,-2047.50,2047.50,412.4101,87.9882
747952,-2047.50,1321.50,412.0875,164.4333
751858,-2047.50,-1285.50,413.4281,132.7222
755764,-2047.50,-2047.50,416.3896,50.9733
759670,-2047.50,-711.50,418.7139,59.0999
763576,-2047.50,2017.50,418.9525,126.7226
767482,-2047.50,1733.50,418.3179,243.2019
771388,-2047.50,-930.50,419.0030,259.2092
775294,-2047.50,-2047.50,421.2933,160.0544
779200,-2047.50,-1006.50,423.2741,105.8289
783106,-2047.50,1623.50,423.4084,89.0952
787012,-2047.50,2034.50,422.5213,151.9921
790918,-2047.50,-632.50,422.6342,213.2135
794824,-2047.50,-2047.50,424.2915,163.0681
798730,-2047.50,-1300.50,425.9139,102.3637
802636,-2047.50,1207.50,425.9373,41.9325
806542,-2047.50,2047.50,424.8469,32.8438
810448,-2047.50,-321.50,424.4655,77.1418
814354,-2047.50,-2047.50,425.5328,75.7878
818260,-2047.50,-1520.50,426.7887,63.7795
822166,-2047.50,975.50,426.6927,44.1004
826072,-2047.50,2047.50,425.4389,39.1062
829978,-2047.50,-36.50,424.6352,45.1427
833884,-2047.50,-2047.50,425.1588,10.0182
837790,-2047.50,-1744.50,426.0467,-8.9488
841696,-2047.50,655.50,425.8223,-5.7137
845602,-2047.50,2047.50,424.4368,6.2972
849508,-2047.50,293.50,423.2763,18.8053
853414,-2047.50,-2047.50,423.3047,-23.0121
857320,-2047.50,-1961.50,423.8288,-71.1482
861226,-2047.50,304.50,423.4674,-71.5274
865132,-2047.50,2047.50,421.9750,-36.5372
869038,-2047.50,590.50,420.5167,1.2195
872944,-2047.50,-1944.50,420.0990,-35.5641
876850,-2047.50,-2047.50,420.2689,-86.9366
880756,-2047.50,-15.50,419.7630,-64.7422
884662,-2047.50,2047.50,418.1827,-11.6945
888568,-2047.50,880.50,416.4792,28.9347
892474,-2047.50,-1672.50,415.6642,-4.1336
896380,-2047.50,-2047.50,415.4940,-34.8518
900286,-2047.50,-276.50,414.8377,15.5939
904192,-2047.50,2047.50,413.1837,72.4359
908098,-2047.50,1187.50,411.2812,103.2460
912004,-2047.50,-1391.50,410.1168,54.9661
915910,-2047.50,-2047.50,409.6242,11.5763
919816,-2047.50,-606.50,408.8137,53.4331
923722,-2047.50,2047.50,407.0965,107.5538
927628,-2047.50,1515.50,405.0351,167.2540
931534,-2047.50,-1114.50,403.5672,134.4499
935440,-2047.50,-2047.50,402.7731,60.5340
939346,-2047.50,-899.50,401.8068,72.6208
943252,-2047.50,1713.50,400.0338,83.9933
947158,-2047.50,1872.50,397.8482,118.5488
951064,-2047.50,-818.50,396.1204,134.7238
954970,-2047.50,-2047.50,395.0480,91.3470
958876,-2047.50,-1210.50,393.9266,78.7482
962782,-2047.50,1303.50,392.1030,36.0620
966688,-2047.50,2047.50,389.8226,20.5078
970594,-2047.50,-469.50,387.8758,66.1887
974500,-2047.50,-2047.50,386.5497,75.9116
978406,-2047.50,-1452.50,385.2763,74.4908
982312,-2047.50,1005.50,383.4058,29.1010
986218,-2047.50,2047.50,381.0555,-14.0063
990124,-2047.50,-165.50,378.9275,-2.0267
994030,-2047.50,-2047.50,377.3735,2.2181
997936,-2047.50,-1674.50,375.9532,14.6116
1001842,-2047.50,753.50,374.0386,7.7220
1005748,-2047.50,2047.50,371.6390,-11.3640
1009654,-2047.50,175.50,369.3642,-9.5179
1013560,-2047.50,-2047.50,367.6086,-29.0563
1017466,-2047.50,-1872.50,366.0484,-41.7833
1021372,-2047.50,432.50,364.0919,-37.9338
1025278,-2047.50,2047.50,361.6602,-32.1843
1029184,-2047.50,465.50,359.2699,-22.9620
1033090,-2047.50,-1992.50,357.3388,-59.1720
1036996,-2047.50,-2032.50,355.6475,-94.2089
1040902,-2047.50,128.50,353.6512,-71.1659
1044808,-2047.50,2047.50,351.2012,-28.2795
1048714,-2047.50,790.50,348.7234,3.7360
1052620,-2047.50,-1743.50,346.6424,-20.3661
1056526,-2047.50,-2047.50,344.8304,-37.9726
1060432,-2047.50,-175.50,342.7964,1.7424
1064338,-2047.50,2047.50,340.3394,35.8066
1068244,-2047.50,1013.50,337.7990,41.6602
1072150,-2047.50,-1551.50,335.5928,-23.8618
1076056,-2047.50,-2047.50,333.6716,-56.5644
1079962,-2047.50,-522.50,331.6024,9.3061
1083868,-2047.50,2047.50,329.1475,66.5365
1087774,-2047.50,1366.50,326.5662,107.9507
1091680,-2047.50,-1229.50,324.2584,71.5612
1095586,-2047.50,-2047.50,322.2403,24.9330
1099492,-2047.50,-808.50,320.1389,60.4249
1103398,-2047.50,1850.50,317.6934,82.4932
1107304,-2047.50,1744.50,315.0901,120.0032
1111210,-2047.50,-888.50,312.7030,128.5931
1115116,-2047.50,-2047.50,310.6008,94.3609
1119022,-2047.50,-1100.50,308.4707,93.3874
1122928,-2047.50,1455.50,306.0404,52.1901
1126834,-2047.50,2047.50,303.4314,48.7476
1130740,-2047.50,-543.50,300.9856,106.8269
1134646,-2047.50,-2047.50,298.8128,117.7595
1138552,-2047.50,-1361.50,296.6579,102.8206
1142458,-2047.50,1129.50,294.2475,36.5355
1146364,-2047.50,2047.50,291.6467,-12.6579
1150270,-2047.50,-264.50,289.1612,6.7630
1154176,-2047.50,-2047.50,286.9312,21.4900
1158082,-2047.50,-1598.50,284.7560,36.9804
1161988,-2047.50,838.50,282.3693,10.3624
1165894,-2047.50,2047.50,279.7883,-30.5911
1169800,-2047.50,51.50,277.2805,-30.0597
1173706,-2047.50,-2047.50,275.0065,-32.7030
1177612,-2047.50,-1806.50,272.8161,-25.9898
1181518,-2047.50,539.50,270.4563,-27.6278
1185424,-2047.50,2047.50,267.9049,-41.8790
1189330,-2047.50,365.50,265.3903,-39.5737
1193236,-2047.50,-2047.50,263.0852,-67.2825
1197142,-2047.50,-1967.50,260.8849,-91.4578
1201048,-2047.50,199.50,258.5548,-76.2146
1204954,-2047.50,2047.50,256.0409,-56.3585
1208860,-2047.50,661.50,253.5334,-36.9420
1212766,-2047.50,-1859.50,251.2098,-60.5815
1216672,-2047.50,-2047.50,249.0054,-78.0116
1220578,-2047.50,-106.50,246.7073,-43.5827
1224484,-2047.50,2047.50,244.2375,-14.8152
1228390,-2047.50,931.50,241.7493,-0.2900
1232296,-2047.50,-1608.50,239.4190,-37.3403
1236202,-2047.50,-2047.50,237.2164,-48.8653
1240108,-2047.50,-398.50,234.9526,12.0314
1244014,-2047.50,2047.50,232.5322,52.6668
1247920,-2047.50,1217.50,230.0739,68.2728
1251826,-2047.50,-1358.50,227.7480,12.6942
1255732,-2047.50,-2047.50,225.5533,-23.9393
1259638,-2047.50,-719.50,223.3259,31.9907
1263544,-2047.50,1954.50,220.9589,72.0093
1267450,-2047.50,1552.50,218.5397,106.4159
1271356,-2047.50,-1040.50,216.2285,79.8141
1275266,-2047.50,-2047.50,214.0478,35.9460
1279172,-2047.50,-988.50,211.8588,65.9290
1283078,-2047.50,1605.50,209.5487,61.3824
1286984,-2047.50,1943.50,207.1763,73.9373
1290890,-2047.50,-666.50,204.8892,112.6410
1294796,-2047.50,-2047.50,202.7285,108.9857
1298702,-2047.50,-1280.50,200.5800,98.0831
1302608,-2047.50,1189.50,198.3291,24.2217
1306514,-2047.50,2047.50,196.0100,-27.9239
1310420,-2047.50,-381.50,193.7555,8.8414
1314326,-2047.50,-2047.50,191.6207,39.1058
1318232,-2047.50,-1506.50,189.5149,57.6869
1322138,-2047.50,925.50,187.3251,19.3561
1326044,-2047.50,2047.50,185.0645,-33.1938
1329950,-2047.50,-63.50,182.8502,-29.1057
1333856,-2047.50,-2047.50,180.7470,-19.7107
1337762,-2047.50,-1732.50,178.6857,-4.2944
1341668,-2047.50,634.50,176.5585,-16.7762
1345574,-2047.50,2047.50,174.3608,-47.2979
1349480,-2047.50,251.50,172.1933,-46.9094
1353386,-2047.50,-2047.50,170.1270,-60.6369
1357292,-2047.50,-1913.50,168.1124,-69.4727
1361198,-2047.50,309.50,166.0487,-62.5149
1365104,-2047.50,2047.50,163.9172,-60.6173
1369010,-2047.50,560.50,161.8022,-46.9608
1372916,-2047.50,-1966.50,159.7779,-72.4574
1376822,-2047.50,-2047.50,157.8120,-102.7431
1380728,-2047.50,-15.50,155.8125,-83.1667
1384634,-2047.50,2047.50,153.7496,-53.6837
1388540,-2047.50,849.50,151.6921,-24.4333
1392446,-2047.50,-1685.50,149.7143,-41.0703
1396352,-2047.50,-2047.50,147.7991,-46.7041
1400258,-2047.50,-266.50,145.8642,5.8939
1404164,-2047.50,2047.50,143.8718,41.0284
1408070,-2047.50,1124.50,141.8759,50.1816
1411976,-2047.50,-1420.50,139.9486,0.7187
1415882,-2047.50,-2047.50,138.0860,-20.4993
1419788,-2047.50,-597.50,136.2160,36.4270
1423694,-2047.50,2047.50,134.2953,79.3273
1427600,-2047.50,1415.50,132.3642,112.2002
1431506,-2047.50,-1145.50,130.4912,65.4442
1435412,-2047.50,-2047.50,128.6830,14.7307
1439318,-2047.50,-861.50,126.8780,58.2667
1443224,-2047.50,1686.50,125.0296,68.0625
1447130,-2047.50,1782.50,123.1659,68.7924
1451036,-2047.50,-784.50,121.3505,76.1894
1454942,-2047.50,-2047.50,119.5982,73.6648
1458848,-2047.50,-1205.50,117.8582,84.0034
1462754,-2047.50,1317.50,116.0823,23.1314
1466660,-2047.50,2047.50,114.2880,-7.1339
1470566,-2047.50,-512.50,112.5328,41.9003
1474472,-2047.50,-2047.50,110.8380,60.3010
1478378,-2047.50,-1448.50,109.1628,62.1579
1482284,-2047.50,1033.50,107.4593,10.6088
1486190,-2047.50,2047.50,105.7357,-36.3937
1490096,-2047.50,-162.50,104.0429,-14.2831
1494002,-2047.50,-2047.50,102.4071,6.4131
1497908,-2047.50,-1652.50,100.7964,22.7924
1501814,-2047.50,735.50,99.1649,-3.1548
1505720,-2047.50,2047.50,97.5127,-46.0649
1509626,-2047.50,137.50,95.8842,-46.6205
1513532,-2047.50,-2047.50,94.3083,-50.9992
1517438,-2047.50,-1853.50,92.7619,-48.7760
1521344,-2047.50,434.50,91.2016,-46.5333
1525250,-2047.50,2047.50,89.6213,-54.9160
1529156,-2047.50,477.50,88.0583,-43.2624
1533062,-2047.50,-1998.50,86.5434,-60.1298
1536968,-2047.50,-1989.50,85.0608,-82.5717
1540874,-2047.50,126.50,83.5709,-65.9530
1544780,-2047.50,2047.50,82.0622,-44.0468
1548686,-2047.50,782.50,80.5657,-21.1342
1552592,-2047.50,-1734.50,79.1124,-31.3651
1556498,-2047.50,-2047.50,77.6933,-36.4979
1560404,-2047.50,-133.50,76.2725,0.6114
1564310,-2047.50,2047.50,74.8352,27.2149
1568216,-2047.50,1078.50,73.4056,40.2811
1572122,-2047.50,-1472.50,72.0144,9.9685
1576028,-2047.50,-2047.50,70.6582,-1.4876
1579934,-2047.50,-462.50,69.3055,43.0319
1583840,-2047.50,2047.50,67.9386,71.7815
1587746,-2047.50,1360.50,66.5761,95.4735
1591652,-2047.50,-1220.50,65.2472,57.2944
1595558,-2047.50,-2047.50,63.9533,19.0987
1599464,-2047.50,-765.50,62.6673,57.2183
1603370,-2047.50,1986.50,61.3698,97.9326
1607276,-2047.50,1727.50,60.0742,159.8597
1611182,-2047.50,-905.50,58.8077,153.2106
1615088,-2047.50,-2047.50,57.5754,88.2708
1618994,-2047.50,-1087.50,56.3547,73.6393
1622900,-2047.50,1507.50,55.1254,33.6302
1626806,-2047.50,2047.50,53.8962,40.3681
1630712,-2047.50,-566.50,52.6917,101.0160
1634618,-2047.50,-2047.50,51.5204,106.9325
1638524,-2047.50,-1359.50,50.3634,86.5400
1642430,-2047.50,1180.50,49.2009,18.3971
1646336,-2047.50,2047.50,48.0372,-24.7369
1650242,-2047.50,-252.50,46.8945,2.6357
1654148,-2047.50,-2047.50,45.7831,23.7068
1658054,-2047.50,-1580.50,44.6885,37.5507
1661960,-2047.50,877.50,43.5911,3.4417
1665866,-2047.50,2047.50,42.4919,-42.0698
1669772,-2047.50,90.50,41.4102,-35.8955
1673678,-2047.50,-2047.50,40.3579,-24.0277
1677584,-2047.50,-1785.50,39.3241,-16.0307
1681490,-2047.50,573.50,38.2901,-29.2565
1685396,-2047.50,2047.50,37.2542,-53.6609
1689302,-2047.50,388.50,36.2327,-52.1408
1693208,-2047.50,-2047.50,35.2385,-69.3810
1697114,-2047.50,-1961.50,34.2637,-90.9492
1701020,-2047.50,222.50,33.2914,-86.0275
1704926,-2047.50,2047.50,32.3173,-76.1083
1708832,-2047.50,643.50,31.3551,-61.8192
1712738,-2047.50,-1868.50,30.4177,-83.8919
1716644,-2047.50,-2047.50,29.5005,-96.5204
1720550,-2047.50,-111.50,28.5880,-65.4298
1724456,-2047.50,2047.50,27.6741,-45.9975
1728362,-2047.50,931.50,26.7699,-30.4310
1732268,-2047.50,-1628.50,25.8882,-57.2054
1736174,-2047.50,-2047.50,25.0269,-64.0566
1740080,-2047.50,-398.50,24.1722,-7.4046
1743986,-2047.50,2047.50,23.3168,25.5875
1747892,-2047.50,1227.50,22.4693,42.4056
1751798,-2047.50,-1313.50,21.6421,7.6289
1755704,-2047.50,-2047.50,20.8350,-8.6443
1759610,-2047.50,-701.50,20.0361,41.2587
1763516,-2047.50,2002.50,19.2375,69.5261
1767422,-2047.50,1578.50,18.4453,108.8964
1771328,-2047.50,-1024.50,17.6710,91.0990
1775234,-2047.50,-2047.50,16.9165,45.7390
1779140,-2047.50,-1007.50,16.1715,58.4964
1783046,-2047.50,1609.50,15.4277,32.4095
1786952,-2047.50,1907.50,14.6891,34.0468
1790858,-2047.50,-677.50,13.9665,72.9161
1794764,-2047.50,-2047.50,13.2628,80.7594
1798670,-2047.50,-1292.50,12.5698,79.2917
1802576,-2047.50,1232.50,11.8788,8.3320
1806482,-2047.50,2047.50,11.1922,-36.8086
1810388,-2047.50,-380.50,10.5197,3.8082
1814294,-2047.50,-2047.50,9.8651,33.3815
1818200,-2047.50,-1536.50,9.2220,43.9586
1822106,-2047.50,937.50,8.5819,-8.3449
1826012,-2047.50,2047.50,7.9456,-62.5763
1829918,-2047.50,-76.50,7.3215,-50.9062
1833824,-2047.50,-2047.50,6.7144,-34.9318
1837730,-2047.50,-1746.50,6.1192,-17.7361
1841636,-2047.50,640.50,5.5279,-35.7246
1845542,-2047.50,2047.50,4.9400,-70.0476
1849448,-2047.50,255.50,4.3628,-65.1709
1853354,-2047.50,-2047.50,3.8014,-69.8763
1857260,-2047.50,-1924.50,3.2522,-76.2315
1861166,-2047.50,314.50,2.7077,-76.5275
1865072,-2047.50,2047.50,2.1665,-80.6791
1868978,-2047.50,510.50,1.6344,-73.8519
1872884,-2047.50,-2013.50,1.1170,-112.6090
1876790,-2047.50,-2047.50,0.6118,-145.8756
1880696,-2047.50,-63.50,0.1121,-121.2931
1884602,-2047.50,2047.50,-0.3845,-93.1628
1888508,-2047.50,786.50,-0.8730,-66.1332
1892414,-2047.50,-1775.50,-1.3482,-94.4988
1896320,-2047.50,-2047.50,-1.8113,-107.3857
1900226,-2047.50,-372.50,-2.2683,-52.4183
1904132,-2047.50,2047.50,-2.7221,-22.0569
1908038,-2047.50,1087.50,-3.1689,-2.9311
1911944,-2047.50,-1490.50,-3.6036,-39.4817
1915850,-2047.50,-2047.50,-4.0264,-57.4181
1919756,-2047.50,-643.50,-4.4427,5.4691
1923662,-2047.50,2014.50,-4.8557,43.9657
1927568,-2047.50,1386.50,-5.2626,70.7748
1931474,-2047.50,-1188.50,-5.6585,28.8291
1935380,-2047.50,-2047.50,-6.0429,-10.6880
1939286,-2047.50,-922.50,-6.4204,37.1834
1943192,-2047.50,1695.50,-6.7945,40.3939
1947098,-2047.50,1758.50,-7.1632,43.8113
1951004,-2047.50,-793.50,-7.5220,62.0574
1954910,-2047.50,-2047.50,-7.8699,69.9008
1958816,-2047.50,-1234.50,-8.2106,82.6002
1962722,-2047.50,1285.50,-8.5477,7.5177
1966628,-2047.50,2047.50,-8.8801,-32.7000
1970534,-2047.50,-525.50,-9.2036,25.5581
1974440,-2047.50,-2047.50,-9.5167,57.9627
1978346,-2047.50,-1477.50,-9.8225,62.2446
1982252,-2047.50,990.50,-10.1245,-4.2235
1986158,-2047.50,2047.50,-10.4222,-63.6613
1990064,-2047.50,-220.50,-10.7121,-40.4460
1993970,-2047.50,-2047.50,-10.9922,-15.7145
1997876,-2047.50,-1701.50,-11.2649,4.5397
2001782,-2047.50,688.50,-11.5337,-28.8266
2005688,-2047.50,2047.50,-11.7986,-77.6963
2009594,-2047.50,118.50,-12.0566,-65.6241
2013500,-2047.50,-2047.50,-12.3054,-54.6101
2017406,-2047.50,-1886.50,-12.5469,-48.1346
2021312,-2047.50,406.50,-12.7843,-55.2411
2025218,-2047.50,2047.50,-13.0182,-70.4197
2029124,-2047.50,445.50,-13.2458,-55.4486
2033030,-2047.50,-2031.50,-13.4651,-73.2310
2036936,-2047.50,-2022.50,-13.6771,-100.8536
2040842,-2047.50,99.50,-13.8849,-86.5357
2044748,-2047.50,2047.50,-14.0894,-60.1146
2048654,-2047.50,722.50,-14.2884,-34.6309
2052560,-2047.50,-1826.50,-14.4797,-62.8778
2056466,-2047.50,-2047.50,-14.6640,-81.0678
2060372,-2047.50,-228.50,-14.8440,-38.2232
2064278,-2047.50,2047.50,-15.0209,-8.6345
2068184,-2047.50,998.50,-15.1928,7.1487
2072090,-2047.50,-1582.50,-15.3578,-34.9030
2075996,-2047.50,-2047.50,-15.5161,-55.0871
2079902,-2047.50,-544.50,-15.6699,4.4305
2083808,-2047.50,2047.50,-15.8208,44.7141
2087714,-2047.50,1293.50,-15.9673,73.6726
2091620,-2047.50,-1297.50,-16.1075,29.3770
2095526,-2047.50,-2047.50,-16.2413,-11.4931
2099432,-2047.50,-838.50,-16.3707,37.0359
2103338,-2047.50,1781.50,-16.4972,47.2732
2107244,-2047.50,1626.50,-16.6199,52.5092
2111150,-2047.50,-956.50,-16.7368,46.7487
2115056,-2047.50,-2047.50,-16.8477,38.5228
2118962,-2047.50,-1139.50,-16.9542,69.4456
2122868,-2047.50,1419.50,-17.0579,26.8078
2126774,-2047.50,1996.50,-17.1583,10.7220
2130680,-2047.50,-621.50,-17.2534,67.5006
2134586,-2047.50,-2047.50,-17.3429,88.6934
2138492,-2047.50,-1394.50,-17.4282,86.3908
2142398,-2047.50,1102.50,-17.5106,15.6547
2146304,-2047.50,2047.50,-17.5900,-35.9870
2150210,-2047.50,-335.50,-17.6649,-5.5069
2154116,-2047.50,-2047.50,-17.7345,15.9284
2158022,-2047.50,-1633.50,-17.7999,31.0366
2161928,-2047.50,794.50,-17.8625,-10.6936
2165834,-2047.50,2047.50,-17.9225,-61.4776
2169740,-2047.50,-4.50,-17.9785,-47.3703
2173646,-2047.50,-2047.50,-18.0295,-34.2151
2177552,-2047.50,-1832.50,-18.0765,-22.4168
2181458,-2047.50,510.50,-18.1209,-35.9662
2185364,-2047.50,2047.50,-18.1628,-60.1684
2189270,-2047.50,339.50,-18.2011,-45.9929
2193176,-2047.50,-2047.50,-18.2350,-56.1814
2197082,-2047.50,-1977.50,-18.2650,-74.4943
2200988,-2047.50,220.50,-18.2924,-64.2737
2204894,-2047.50,2047.50,-18.3176,-46.7145
2208800,-2047.50,687.50,-18.3397,-17.1375
2212706,-2047.50,-1878.50,-18.3576,-28.6607
2216612,-2047.50,-2047.50,-18.3719,-51.2195
2220518,-2047.50,-116.50,-18.3837,-34.6662
2224424,-2047.50,2047.50,-18.3935,-17.7742
2228330,-2047.50,915.50,-18.4005,-0.8921
2232236,-2047.50,-1656.50,-18.4039,-34.4138
2236142,-2047.50,-2047.50,-18.4038,-49.6521
2240048,-2047.50,-392.50,-18.4012,11.7160
2243954,-2047.50,2047.50,-18.3968,56.4375
2247860,-2047.50,1229.50,-18.3900,79.5446
2251766,-2047.50,-1354.50,-18.3799,37.6288
2255672,-2047.50,-2047.50,-18.3666,6.9481
2259578,-2047.50,-709.50,-18.3509,54.4713
2263484,-2047.50,1976.50,-18.3336,86.4486
2267390,-2047.50,1530.50,-18.3141,119.2247
2271296,-2047.50,-1090.50,-18.2917,84.5905
2275202,-2047.50,-2047.50,-18.2663,31.5582
2279108,-2047.50,-1039.50,-18.2387,55.4343
2283014,-2047.50,1503.50,-18.2095,25.3388
2286920,-2047.50,1846.50,-18.1784,3.0990
2290826,-2047.50,-732.50,-18.1448,35.6732
2294732,-2047.50,-2047.50,-18.1085,61.9468
2298638,-2047.50,-1332.50,-18.0700,81.4147
2302544,-2047.50,1199.50,-18.0301,15.5897
2306450,-2047.50,2047.50,-17.9885,-26.0353
2310356,-2047.50,-350.50,-17.9448,34.2539
2314266,-2047.50,-2047.50,-17.8985,81.0363
2318172,-2047.50,-1577.50,-17.8502,81.3172
2322078,-2047.50,870.50,-17.8006,-2.1868
2325984,-2047.50,2047.50,-17.7496,-71.6234
2329890,-2047.50,-120.50,-17.6966,-50.0912
2333796,-2047.50,-2047.50,-17.6414,-25.0316
2337702,-2047.50,-1780.50,-17.5843,-5.8856
2341608,-2047.50,571.50,-17.5260,-32.5900
2345514,-2047.50,2047.50,-17.4665,-73.9132
2349420,-2047.50,192.50,-17.4053,-63.8114
2353326,-2047.50,-2047.50,-17.3421,-66.7610
2357232,-2047.50,-1945.50,-17.2771,-68.9334
2361138,-2047.50,270.50,-17.2110,-65.7930
2365044,-2047.50,2047.50,-17.1439,-68.7919
2368950,-2047.50,511.50,-17.0754,-50.3926
2372856,-2047.50,-2000.50,-17.0051,-77.2538
2376762,-2047.50,-2047.50,-16.9332,-107.8088
2380668,-2047.50,-24.50,-16.8602,-78.7944
2384574,-2047.50,2047.50,-16.7864,-40.9755
2388480,-2047.50,810.50,-16.7114,-11.6089
2392386,-2047.50,-1748.50,-16.6348,-42.3922
2396292,-2047.50,-2047.50,-16.5568,-60.1799
2400198,-2047.50,-298.50,-16.4778,-3.1215
2404104,-2047.50,2047.50,-16.3981,40.1782
2408010,-2047.50,1123.50,-16.3174,60.5013
2411916,-2047.50,-1455.50,-16.2353,18.5859
2415822,-2047.50,-2047.50,-16.1520,-6.2875
2419728,-2047.50,-577.50,-16.0678,52.5838
2423634,-2047.50,2047.50,-15.9829,103.2365
2427540,-2047.50,1469.50,-15.8973,146.8715
2431446,-2047.50,-1150.50,-15.8105,112.9356
2435352,-2047.50,-2047.50,-15.7226,58.1159
2439258,-2047.50,-897.50,-15.6339,79.4001
2443164,-2047.50,1747.50,-15.5447,79.2778
2447070,-2047.50,1813.50,-15.4548,100.2480
2450976,-2047.50,-808.50,-15.3640,120.7093
2454882,-2047.50,-2047.50,-15.2722,104.4528
2458788,-2047.50,-1204.50,-15.1797,102.3494
2462694,-2047.50,1351.50,-15.0868,43.0150
2466600,-2047.50,2047.50,-14.9934,19.3498
2470506,-2047.50,-512.50,-14.8992,68.5534
2474412,-2047.50,-2047.50,-14.8042,84.0969
2478318,-2047.50,-1487.50,-14.7085,77.6635
2482224,-2047.50,930.50,-14.6126,-5.5386
2486130,-2047.50,2047.50,-14.5163,-80.9759
2490036,-2047.50,-300.50,-14.4193,-64.5549
2493942,-2047.50,-2047.50,-14.3217,-42.4970
2497848,-2047.50,-1820.50,-14.2235,-27.6623
2501754,-2047.50,459.50,-14.1251,-107.0428
2505660,-2047.50,1859.50,-14.0265,-228.0550
2509566,-2047.50,-250.50,-13.9273,-278.8201
2513472,-2047.50,-2047.50,-13.8277,-277.6750
2517378,-2047.50,-2047.50,-13.7275,-196.7202
2521284,-2047.50,-94.50,-13.6272,-206.9436
2525190,-2047.50,1343.50,-13.5268,-404.5734
2529096,-2047.50,-241.50,-13.4260,-600.4602
2533002,-2047.50,-2047.50,-13.3248,-611.7818
2536908,-2047.50,-2047.50,-13.2233,-375.7047
2540814,-2047.50,-562.50,-13.1216,-214.5728
2544720,-2047.50,1072.50,-13.0199,-404.8657
2548626,-2047.50,-110.50,-12.9180,-690.1206
2552532,-2047.50,-2047.50,-12.8158,-752.0469
2556438,-2047.50,-2047.50,-12.7133,-488.8796
2560344,-2047.50,-894.50,-12.6107,-225.7150
2564250,-2047.50,926.50,-12.5082,-352.7454
2568156,-2047.50,112.50,-12.4056,-645.2960
2572062,-2047.50,-2047.50,-12.3028,-759.2451
2575968,-2047.50,-2047.50,-12.1998,-549.7128
2579874,-2047.50,-1174.50,-12.0968,-247.9401
2583780,-2047.50,819.50,-11.9940,-299.3193
2587686,-2047.50,342.50,-11.8911,-558.4926
2591592,-2047.50,-2047.50,-11.7881,-718.3846
2595498,-2047.50,-2047.50,-11.6851,-595.5661
2599404,-2047.50,-1386.50,-11.5820,-278.8019
2603310,-2047.50,785.50,-11.4792,-228.0895
2607216,-2047.50,727.50,-11.3765,-388.8618
2611122,-2047.50,-1674.50,-11.2737,-497.7454
2615028,-2047.50,-2047.50,-11.1710,-416.6954
2618934,-2047.50,-1482.50,-11.0683,-164.6170
2622840,-2047.50,784.50,-10.9658,-95.5683
2626746,-2047.50,1157.50,-10.8636,-177.8015
2630652,-2047.50,-1135.50,-10.7614,-217.5284
2634558,-2047.50,-2047.50,-10.6593,-164.7184
2638464,-2047.50,-1612.50,-10.5573,-25.1456
2642370,-2047.50,750.50,-10.4556,2.8789
2646276,-2047.50,1709.50,-10.3542,11.9282
2650182,-2047.50,-566.50,-10.2529,97.0302
2654088,-2047.50,-2047.50,-10.1518,125.4786
2657994,-2047.50,-1717.50,-10.0508,114.0756
2661900,-2047.50,635.50,-9.9501,73.3468
2665806,-2047.50,2047.50,-9.8498,126.3205
2669712,-2047.50,-117.50,-9.7497,271.5224
2673618,-2047.50,-2047.50,-9.6498,268.3781
2677524,-2047.50,-1848.50,-9.5501,158.2326
2681430,-2047.50,446.50,-9.4508,88.9880
2685336,-2047.50,2047.50,-9.3518,149.2892
2689242,-2047.50,324.50,-9.2532,292.3517
2693148,-2047.50,-2047.50,-9.1547,286.6515
2697054,-2047.50,-1961.50,-9.0566,151.5278
2700960,-2047.50,235.50,-8.9589,92.1254
2704866,-2047.50,2047.50,-8.8615,178.7040
2708772,-2047.50,614.50,-8.7645,307.6204
2712678,-2047.50,-1986.50,-8.6679,264.3855
2716584,-2047.50,-2047.50,-8.5715,108.1947
2720490,-2047.50,-239.50,-8.4755,43.6530
2724396,-2047.50,1943.50,-8.3800,93.0316
2728302,-2047.50,609.50,-8.2849,165.6777
2732208,-2047.50,-1982.50,-8.1902,68.4616
2736114,-2047.50,-2047.50,-8.0958,-59.0574
2740020,-2047.50,-713.50,-8.0018,-28.8861
2743926,-2047.50,1391.50,-7.9083,-30.0457
2747832,-2047.50,747.50,-7.8153,-84.9145
2751738,-2047.50,-1818.50,-7.7227,-155.6107
2755644,-2047.50,-2047.50,-7.6304,-148.5733
2759550,-2047.50,-1030.50,-7.5386,-17.2275
2763456,-2047.50,1228.50,-7.4473,0.3062
2767362,-2047.50,1007.50,-7.3566,-65.2099
2771268,-2047.50,-1493.50,-7.2662,-115.2247
2775174,-2047.50,-2047.50,-7.1762,-88.8475
2779080,-2047.50,-1244.50,-7.0868,40.6629
2782986,-2047.50,1101.50,-6.9978,58.1046
2786892,-2047.50,1412.50,-6.9094,26.2232
2790798,-2047.50,-1027.50,-6.8214,45.4572
2794704,-2047.50,-2047.50,-6.7339,79.6038
2798610,-2047.50,-1446.50,-6.6469,134.5244
2802516,-2047.50,976.50,-6.5604,107.0025
2806422,-2047.50,1934.50,-6.4745,134.4914
2810328,-2047.50,-520.50,-6.3891,267.1369
2814234,-2047.50,-2047.50,-6.3041,296.3381
2818140,-2047.50,-1580.50,-6.2196,237.1402
2822046,-2047.50,880.50,-6.1358,166.5446
2825952,-2047.50,2047.50,-6.0524,203.6843
2829858,-2047.50,-15.50,-5.9696,338.8426
2833764,-2047.50,-2047.50,-5.8873,361.5968
2837670,-2047.50,-1684.50,-5.8055,272.0195
2841576,-2047.50,822.50,-5.7242,223.8706
2845482,-2047.50,2047.50,-5.6436,291.6319
2849388,-2047.50,446.50,-5.5635,396.8328
2853294,-2047.50,-1861.50,-5.4839,411.2581
2857200,-2047.50,-1789.50,-5.4048,334.1291
2861106,-2047.50,655.50,-5.3263,293.0349
2865012,-2047.50,2047.50,-5.2484,348.3129
2868918,-2047.50,834.50,-5.1710,421.4313
2872824,-2047.50,-1579.50,-5.0942,441.2897
2876730,-2047.50,-1903.50,-5.0179,388.9739
2880636,-2047.50,381.50,-4.9422,337.7319
2884542,-2047.50,2047.50,-4.8671,360.6399
2888448,-2047.50,1189.50,-4.7926,422.3671
2892354,-2047.50,-1250.50,-4.7186,468.1699
2896260,-2047.50,-1902.50,-4.6451,456.3530
2900166,-2047.50,193.50,-4.5723,429.3639
2904072,-2047.50,2047.50,-4.5000,444.9481
2907978,-2047.50,1590.50,-4.4283,491.5702
2911884,-2047.50,-914.50,-4.3572,538.3826
2915790,-2047.50,-1908.50,-4.2866,522.0662
2919696,-2047.50,-113.50,-4.2166,465.5829
2923602,-2047.50,2047.50,-4.1472,455.3343
2927508,-2047.50,1917.50,-4.0784,515.3071
2931414,-2047.50,-660.50,-4.0101,568.7890
2935320,-2047.50,-1967.50,-3.9424,513.4850
2939226,-2047.50,-426.50,-3.8752,417.8208
2943132,-2047.50,2047.50,-3.8087,422.2433
2947038,-2047.50,2047.50,-3.7428,514.7494
2950944,-2047.50,-320.50,-3.6774,556.4856
2954850,-2047.50,-1967.50,-3.6126,485.4404
2958756,-2047.50,-750.50,-3.5483,382.5196
2962662,-2047.50,2047.50,-3.4847,400.9527
2966568,-2047.50,2047.50,-3.4216,509.7692
2970474,-2047.50,-38.50,-3.3591,502.7640
2974380,-2047.50,-1909.50,-3.2971,401.1516
2978286,-2047.50,-1053.50,-3.2358,320.2135
2982192,-2047.50,1887.50,-3.1750,358.8533
2986098,-2047.50,2047.50,-3.1148,464.9344
2990004,-2047.50,235.50,-3.0551,425.1362
2993910,-2047.50,-1842.50,-2.9960,312.4756
2997816,-2047.50,-1346.50,-2.9375,246.8459
3001722,-2047.50,1287.50,-2.8796,235.4726
3005628,-2047.50,2047.50,-2.8222,251.8815
3009534,-2047.50,495.50,-2.7654,223.8458
3013440,-2047.50,-1729.50,-2.7092,199.6084
3017346,-2047.50,-1598.50,-2.6535,191.1138
3021252,-2047.50,886.50,-2.5984,176.5052
3025158,-2047.50,2047.50,-2.5438,163.9993
3029064,-2047.50,752.50,-2.4898,136.5179
3032970,-2047.50,-1614.50,-2.4364,127.3340
3036876,-2047.50,-1837.50,-2.3835,119.8221
3040782,-2047.50,470.50,-2.3312,91.3047
3044688,-2047.50,2047.50,-2.2794,74.7479
3048594,-2047.50,1044.50,-2.2282,81.5061
3052500,-2047.50,-1394.50,-2.1775,110.8147
3056406,-2047.50,-1977.50,-2.1273,115.8440
3060312,-2047.50,170.50,-2.0777,86.8442
3064218,-2047.50,2047.50,-2.0287,77.1139
3068124,-2047.50,1319.50,-1.9802,96.0920
3072030,-2047.50,-1188.50,-1.9322,113.2177
3075936,-2047.50,-2047.50,-1.8848,97.5432
3079842,-2047.50,-175.50,-1.8379,65.4454
3083748,-2047.50,2047.50,-1.7916,70.4344
3087654,-2047.50,1642.50,-1.7457,128.0405
3091560,-2047.50,-915.50,-1.7004,164.9199
3095466,-2047.50,-2047.50,-1.6556,132.5758
3099372,-2047.50,-532.50,-1.6114,75.9527
3103278,-2047.50,2047.50,-1.5677,75.3746
3107184,-2047.50,1977.50,-1.5244,175.0524
3111090,-2047.50,-622.50,-1.4818,239.4249
3114996,-2047.50,-2047.50,-1.4396,173.9652
3118902,-2047.50,-884.50,-1.3979,69.3320
3122808,-2047.50,2047.50,-1.3567,66.4884
3126714,-2047.50,2047.50,-1.3161,188.6904
3130620,-2047.50,-335.50,-1.2759,222.2423
3134526,-2047.50,-2047.50,-1.2362,120.3346
3138432,-2047.50,-1198.50,-1.1971,17.3733
3142338,-2047.50,1552.50,-1.1584,-22.3563
3146244,-2047.50,2047.50,-1.1202,17.4831
3150150,-2047.50,-63.50,-1.0826,36.8390
3154056,-2047.50,-2047.50,-1.0454,-1.7967
3157962,-2047.50,-1470.50,-1.0086,-48.7237
3161868,-2047.50,1139.50,-0.9724,-79.6084
3165774,-2047.50,2047.50,-0.9367,-75.1466
3169680,-2047.50,224.50,-0.9014,-68.4360
3173586,-2047.50,-2011.50,-0.8666,-82.3642
3177492,-2047.50,-1721.50,-0.8322,-108.7516
3181398,-2047.50,762.50,-0.7984,-132.3054
3185304,-2047.50,2047.50,-0.7650,-134.1813
3189210,-2047.50,511.50,-0.7320,-125.0789
3193116,-2047.50,-1824.50,-0.6995,-113.0728
3197022,-2047.50,-1893.50,-0.6675,-105.6246
3200928,-2047.50,425.50,-0.6359,-116.5808
3204834,-2047.50,2047.50,-0.6048,-132.0281
3208740,-2047.50,826.50,-0.5741,-128.6163
3212646,-2047.50,-1633.50,-0.5439,-111.8678
3216552,-2047.50,-2047.50,-0.5141,-105.2968
3220458,-2047.50,89.50,-0.4847,-119.8010
3224364,-2047.50,2047.50,-0.4557,-130.3882
3228270,-2047.50,1105.50,-0.4272,-113.2277
3232176,-2047.50,-1420.50,-0.3992,-99.9856
3236082,-2047.50,-2047.50,-0.3715,-91.0150
3239988,-2047.50,-193.50,-0.3443,-73.2420
3243894,-2047.50,2047.50,-0.3174,-60.9085
3247800,-2047.50,1403.50,-0.2910,-41.1009
3251706,-2047.50,-1161.50,-0.2650,-47.4366
3255612,-2047.50,-2047.50,-0.2395,-62.3802
3259518,-2047.50,-571.50,-0.2143,-58.3136
3263424,-2047.50,2047.50,-0.1895,-47.3565
3267330,-2047.50,1785.50,-0.1651,21.3955
3271236,-2047.50,-838.50,-0.1411,60.5199
3275142,-2047.50,-2047.50,-0.1175,21.3071
3279048,-2047.50,-862.50,-0.0943,-20.9541
3282954,-2047.50,2003.50,-0.0715,-16.9110
3286860,-2047.50,2047.50,-0.0491,80.8366
3290766,-2047.50,-490.50,-0.0270,129.6535
3294672,-2047.50,-2047.50,-0.0053,62.3202
3298578,-2047.50,-1193.50,0.0160,-22.2186
3302484,-2047.50,1483.50,0.0370,-97.2135
3306390,-2047.50,2047.50,0.0575,-102.8260
3310296,-2047.50,-233.50,0.0778,-71.6258
3314202,-2047.50,-2047.50,0.0976,-68.9288
3318108,-2047.50,-1450.50,0.1171,-80.6917
3322014,-2047.50,1135.50,0.1363,-120.9328
3325920,-2047.50,2047.50,0.1551,-148.7995
3329826,-2047.50,79.50,0.1735,-143.8815
3333732,-2047.50,-2047.50,0.1916,-137.9039
3337638,-2047.50,-1690.50,0.2094,-139.8356
3341544,-2047.50,798.50,0.2268,-161.5778
3345450,-2047.50,2047.50,0.2439,-181.8728
3349356,-2047.50,384.50,0.2607,-180.2350
3353266,-2047.50,-1972.50,0.2771,-174.6468
3357172,-2047.50,-1886.50,0.2932,-174.6749
3361078,-2047.50,445.50,0.3090,-184.3997
3364984,-2047.50,2047.50,0.3245,-197.4343
3368890,-2047.50,652.50,0.3397,-196.4413
3372796,-2047.50,-1802.50,0.3545,-193.3390
3376702,-2047.50,-2047.50,0.3691,-188.5731
3380608,-2047.50,89.50,0.3833,-188.6187
3384514,-2047.50,2047.50,0.3972,-195.4389
3388420,-2047.50,945.50,0.4109,-181.3728
3392326,-2047.50,-1592.50,0.4242,-175.0941
3396232,-2047.50,-2047.50,0.4373,-160.2617
3400138,-2047.50,-216.50,0.4500,-128.5107
3404044,-2047.50,2047.50,0.4625,-122.5740
3407950,-2047.50,1241.50,0.4747,-113.6300
3411856,-2047.50,-1335.50,0.4866,-125.0921
3415762,-2047.50,-2047.50,0.4982,-125.3430
3419668,-2047.50,-536.50,0.5096,-89.2525
3423574,-2047.50,2047.50,0.5206,-70.8427
3427480,-2047.50,1585.50,0.5314,-31.0386
3431386,-2047.50,-1066.50,0.5420,-34.3134
3435292,-2047.50,-2047.50,0.5523,-72.2802
3439198,-2047.50,-846.50,0.5623,-67.1405
3443104,-2047.50,1903.50,0.5721,-58.6557
3447010,-2047.50,1943.50,0.5816,3.8039
3450916,-2047.50,-708.50,0.5909,45.3092
3454822,-2047.50,-2047.50,0.5999,5.8599
3458728,-2047.50,-1152.50,0.6087,-34.8558
3462634,-2047.50,1450.50,0.6172,-101.4431
3466540,-2047.50,2047.50,0.6255,-120.6276
3470446,-2047.50,-396.50,0.6335,-77.1920
3474352,-2047.50,-2047.50,0.6414,-56.4483
3478258,-2047.50,-1423.50,0.6490,-58.0887
3482164,-2047.50,1103.50,0.6563,-118.7173
3486070,-2047.50,2047.50,0.6635,-172.6201
3489976,-2047.50,-83.50,0.6704,-157.5250
3493882,-2047.50,-2047.50,0.6771,-128.0478
3497788,-2047.50,-1639.50,0.6836,-106.1192
3501694,-2047.50,912.50,0.6898,-113.8352
3505600,-2047.50,2047.50,0.6959,-131.0269
3509506,-2047.50,235.50,0.7017,-140.9250
3513412,-2047.50,-2047.50,0.7074,-160.0851
3517318,-2047.50,-1868.50,0.7128,-171.9491
3521224,-2047.50,502.50,0.7181,-182.4656
3525130,-2047.50,2047.50,0.7231,-191.1371
3529036,-2047.50,478.50,0.7280,-190.1907
3532942,-2047.50,-1957.50,0.7326,-208.3929
3536848,-2047.50,-2036.50,0.7371,-218.6525
3540754,-2047.50,92.50,0.7414,-214.5020
3544660,-2047.50,2047.50,0.7455,-215.3702
3548566,-2047.50,774.50,0.7494,-195.4790
3552472,-2047.50,-1743.50,0.7531,-193.1598
3556378,-2047.50,-2047.50,0.7567,-179.1937
3560284,-2047.50,-189.50,0.7601,-137.1535
3564190,-2047.50,2047.50,0.7633,-126.6691
3568096,-2047.50,1088.50,0.7663,-118.9801
3572002,-2047.50,-1481.50,0.7692,-135.5062
3575908,-2047.50,-2047.50,0.7719,-130.6680
3579814,-2047.50,-495.50,0.7745,-80.2449
3583720,-2047.50,2047.50,0.7769,-60.6711
3587626,-2047.50,1408.50,0.7791,-37.0852
3591532,-2047.50,-1204.50,0.7812,-56.1309
3595438,-2047.50,-2047.50,0.7831,-79.6757
3599344,-2047.50,-794.50,0.7849,-45.8266
3603250,-2047.50,1894.50,0.7865,-35.9729
3607156,-2047.50,1775.50,0.7880,0.1379
3611062,-2047.50,-881.50,0.7893,16.5623
3614968,-2047.50,-2047.50,0.7905,-11.4822
3618874,-2047.50,-1086.50,0.7916,-13.7369
3622780,-2047.50,1517.50,0.7925,-56.2922
3626686,-2047.50,2047.50,0.7933,-59.2868
3630592,-2047.50,-529.50,0.7940,-3.5722
3634498,-2047.50,-2047.50,0.7945,11.4165
3638404,-2047.50,-1346.50,0.7949,2.2424
3642310,-2047.50,1164.50,0.7952,-65.7648
3646216,-2047.50,2047.50,0.7953,-121.8644
3650122,-2047.50,-210.50,0.7954,-99.3821
3654028,-2047.50,-2047.50,0.7953,-65.4161
3657934,-2047.50,-1580.50,0.7951,-41.8299
3661840,-2047.50,889.50,0.7948,-74.0315
3665746,-2047.50,2047.50,0.7943,-122.9315
3669652,-2047.50,118.50,0.7938,-122.4101
3673558,-2047.50,-2047.50,0.7931,-108.8689
3677464,-2047.50,-1797.50,0.7924,-97.2880
3681370,-2047.50,607.50,0.7915,-104.5139
3685276,-2047.50,2047.50,0.7905,-122.0189
3689182,-2047.50,417.50,0.7895,-123.1451
3693088,-2047.50,-1982.50,0.7883,-133.1792
3696994,-2047.50,-1968.50,0.7870,-138.3481
3700900,-2047.50,266.50,0.7857,-129.8059
3704806,-2047.50,2047.50,0.7842,-125.7434
3708712,-2047.50,705.50,0.7826,-117.4997
3712618,-2047.50,-1790.50,0.7810,-127.3886
3716524,-2047.50,-2047.50,0.7793,-123.8650
3720430,-2047.50,-63.50,0.7775,-95.3062
3724336,-2047.50,2047.50,0.7756,-85.8001
3728242,-2047.50,988.50,0.7736,-79.7197
3732148,-2047.50,-1553.50,0.7715,-99.2032
3736054,-2047.50,-2047.50,0.7694,-92.9353
3739960,-2047.50,-385.50,0.7672,-42.9944
3743866,-2047.50,2047.50,0.7649,-24.7087
3747772,-2047.50,1315.50,0.7625,-7.6417
3751678,-2047.50,-1244.50,0.7600,-20.8538
3755584,-2047.50,-2047.50,0.7575,-26.0137
3759490,-2047.50,-634.50,0.7549,18.9633
3763396,-2047.50,2047.50,0.7523,53.0089
3767302,-2047.50,1658.50,0.7496,100.1655
3771208,-2047.50,-1004.50,0.7468,76.2252
3775114,-2047.50,-2047.50,0.7439,10.4371
3779020,-2047.50,-976.50,0.7410,10.8888
3782926,-2047.50,1654.50,0.7380,-4.1168
3786832,-2047.50,2047.50,0.7350,25.8352
3790738,-2047.50,-586.50,0.7319,95.9446
3794644,-2047.50,-2047.50,0.7288,100.8032
3798550,-2047.50,-1242.50,0.7256,70.4973
3802456,-2047.50,1316.50,0.7223,-3.9381
3806362,-2047.50,2047.50,0.7190,-46.2745
3810268,-2047.50,-272.50,0.7156,-16.2969
3814174,-2047.50,-2047.50,0.7122,12.7770
3818080,-2047.50,-1486.50,0.7088,25.7230
3821986,-2047.50,997.50,0.7053,-19.5681
3825892,-2047.50,2047.50,0.7017,-74.7578
3829798,-2047.50,60.50,0.6982,-69.2801
3833704,-2047.50,-2047.50,0.6945,-43.4024
3837610,-2047.50,-1712.50,0.6909,-27.5354
3841516,-2047.50,729.50,0.6871,-44.2134
3845422,-2047.50,2047.50,0.6834,-72.9716
3849328,-2047.50,361.50,0.6796,-77.2971
3853234,-2047.50,-2005.50,0.6758,-79.5640
3857140,-2047.50,-1911.50,0.6719,-82.7583
3861046,-2047.50,373.50,0.6680,-87.1880
3864952,-2047.50,2047.50,0.6641,-96.5446
3868858,-2047.50,634.50,0.6601,-92.0309
3872764,-2047.50,-1812.50,0.6562,-90.0952
3876670,-2047.50,-2047.50,0.6521,-81.6013
3880576,-2047.50,77.50,0.6481,-65.1055
3884482,-2047.50,2047.50,0.6440,-60.4864
3888388,-2047.50,946.50,0.6399,-50.9205
3892294,-2047.50,-1577.50,0.6358,-55.1573
3896200,-2047.50,-2047.50,0.6316,-41.2127
3900106,-2047.50,-243.50,0.6275,-4.4325
3904012,-2047.50,2047.50,0.6233,2.3842
3907918,-2047.50,1216.50,0.6191,3.5971
3911824,-2047.50,-1343.50,0.6148,-23.6469
3915730,-2047.50,-2047.50,0.6106,-28.1881
3919636,-2047.50,-580.50,0.6063,16.5581
3923542,-2047.50,2047.50,0.6020,40.7447
3927448,-2047.50,1575.50,0.5977,81.9833
3931354,-2047.50,-1028.50,0.5934,79.8930
3935260,-2047.50,-2047.50,0.5891,48.0784
3939166,-2047.50,-881.50,0.5847,54.0431
3943072,-2047.50,1815.50,0.5804,42.3005
3946978,-2047.50,1981.50,0.5760,87.4583
3950884,-2047.50,-687.50,0.5716,143.1503
3954790,-2047.50,-2047.50,0.5672,122.2702
3958696,-2047.50,-1170.50,0.5628,83.6546
3962602,-2047.50,1392.50,0.5584,7.8509
3966508,-2047.50,2047.50,0.5540,-25.3714
3970414,-2047.50,-417.50,0.5496,9.7440
3974320,-2047.50,-2047.50,0.5451,28.4016
3978226,-2047.50,-1427.50,0.5407,36.9363
3982132,-2047.50,1081.50,0.5363,-7.8873
3986038,-2047.50,2047.50,0.5318,-58.2171
3989944,-2047.50,-76.50,0.5274,-49.9506
3993850,-2047.50,-2047.50,0.5229,-28.3206
3997756,-2047.50,-1653.50,0.5185,-8.2343
4001662,-2047.50,777.50,0.5140,-30.5785
4005568,-2047.50,2047.50,0.5096,-72.8634
4009474,-2047.50,243.50,0.5051,-76.7587
4013380,-2047.50,-2047.50,0.5007,-73.4928
4017286,-2047.50,-1869.50,0.4962,-73.1208
4021192,-2047.50,464.50,0.4918,-77.7309
4025098,-2047.50,2047.50,0.4873,-87.3430
4029004,-2047.50,559.50,0.4829,-77.8581
4032910,-2047.50,-1865.50,0.4785,-68.5761
4036816,-2047.50,-2018.50,0.4740,-60.7674
4040722,-2047.50,178.50,0.4696,-52.4708
4044628,-2047.50,2047.50,0.4652,-52.6476
4048534,-2047.50,850.50,0.4608,-46.9884
4052440,-2047.50,-1628.50,0.4564,-49.1799
4056346,-2047.50,-2047.50,0.4520,-30.5791
4060252,-2047.50,-111.50,0.4476,7.0918
4064158,-2047.50,2047.50,0.4432,16.4794
4068064,-2047.50,1136.50,0.4389,12.7183
4071970,-2047.50,-1393.50,0.4345,-14.5149
4075876,-2047.50,-2047.50,0.4301,-10.8980
4079782,-2047.50,-377.50,0.4258,47.9059
4083688,-2047.50,2047.50,0.4215,86.8301
4087594,-2047.50,1419.50,0.4172,96.9693
4091500,-2047.50,-1190.50,0.4129,37.9098
4095406,-2047.50,-2047.50,0.4086,-9.9366
4099312,-2047.50,-794.50,0.4043,22.4263
4103218,-2047.50,1840.50,0.4000,35.2991
4107124,-2047.50,1744.50,0.3958,58.4583
4111030,-2047.50,-876.50,0.3915,61.1987
4114936,-2047.50,-2047.50,0.3873,36.2897
4118842,-2047.50,-1156.50,0.3831,36.6275
4122748,-2047.50,1365.50,0.3789,-31.9063
4126654,-2047.50,2047.50,0.3747,-60.7760
4130560,-2047.50,-533.50,0.3706,12.5302
4134466,-2047.50,-2047.50,0.3664,57.3821
4138372,-2047.50,-1377.50,0.3623,60.2808
4142278,-2047.50,1126.50,0.3582,-5.4078
4146184,-2047.50,2047.50,0.3541,-59.8026
4150090,-2047.50,-207.50,0.3500,-35.6806
4153996,-2047.50,-2047.50,0.3459,-6.2918
4157902,-2047.50,-1604.50,0.3419,12.2517
4161808,-2047.50,857.50,0.3379,-18.6984
4165714,-2047.50,2047.50,0.3339,-61.4545
4169620,-2047.50,105.50,0.3299,-60.1143
4173526,-2047.50,-2047.50,0.3259,-56.5918
4177432,-2047.50,-1807.50,0.3220,-49.5168
4181338,-2047.50,570.50,0.3180,-50.7701
4185244,-2047.50,2047.50,0.3141,-61.6866
4189150,-2047.50,460.50,0.3103,-53.2883
4193056,-2047.50,-1935.50,0.3064,-51.2021
4196962,-2047.50,-1969.50,0.3025,-52.8500
4200868,-2047.50,241.50,0.2987,-53.1323
4204774,-2047.50,2047.50,0.2949,-58.2278
4208680,-2047.50,759.50,0.2911,-46.5592
4212586,-2047.50,-1740.50,0.2874,-45.0681
4216492,-2047.50,-2047.50,0.2836,-40.0431
4220398,-2047.50,-47.50,0.2799,-16.6875
4224304,-2047.50,2047.50,0.2762,-6.3209
4228210,-2047.50,1037.50,0.2726,1.1301
4232116,-2047.50,-1480.50,0.2689,-14.6556
4236022,-2047.50,-2047.50,0.2653,-7.7488
4239928,-2047.50,-338.50,0.2617,39.3918
4243834,-2047.50,2047.50,0.2581,62.4063
4247740,-2047.50,1328.50,0.2545,73.0005
4251646,-2047.50,-1221.50,0.2510,39.3594
4255552,-2047.50,-2047.50,0.2475,19.7101
4259458,-2047.50,-703.50,0.2440,52.4519
4263364,-2047.50,1995.50,0.2405,70.8541
4267270,-2047.50,1682.50,0.2371,117.7567
4271176,-2047.50,-924.50,0.2337,120.9691
4275082,-2047.50,-2047.50,0.2303,79.5657
4278988,-2047.50,-994.50,0.2269,75.1447
4282894,-2047.50,1643.50,0.2236,47.6313
4286800,-2047.50,2031.50,0.2203,70.3833
4290706,-2047.50,-565.50,0.2170,130.6191
4294612,-2047.50,-2047.50,0.2137,129.4370
4298518,-2047.50,-1278.50,0.2104,98.0048
4302424,-2047.50,1254.50,0.2072,18.9481
4306330,-2047.50,2047.50,0.2040,-27.2880
4310236,-2047.50,-301.50,0.2008,0.0642
4314142,-2047.50,-2047.50,0.1977,22.4481
4318048,-2047.50,-1521.50,0.1946,36.3163
4321954,-2047.50,935.50,0.1915,-3.6932
4325860,-2047.50,2047.50,0.1884,-55.8870
4329766,-2047.50,26.50,0.1853,-50.8693
4333672,-2047.50,-2047.50,0.1823,-33.7804
4337578,-2047.50,-1745.50,0.1793,-19.6248
4341484,-2047.50,636.50,0.1763,-36.5045
4345390,-2047.50,2047.50,0.1734,-68.2293
4349296,-2047.50,307.50,0.1705,-71.7576
4353202,-2047.50,-2047.50,0.1676,-86.5712
4357108,-2047.50,-1940.50,0.1647,-98.5791
4361014,-2047.50,263.50,0.1618,-98.6397
4364920,-2047.50,2047.50,0.1590,-101.9784
4368826,-2047.50,598.50,0.1562,-85.8127
4372732,-2047.50,-1871.50,0.1534,-89.5146
4376638,-2047.50,-2047.50,0.1507,-91.0507
4380544,-2047.50,-16.50,0.1480,-66.1441
4384450,-2047.50,2047.50,0.1452,-51.7803
4388356,-2047.50,914.50,0.1426,-34.6927
4392266,-2047.50,-1588.50,0.1399,-41.3698
4396172,-2047.50,-2047.50,0.1373,-29.3142
4400078,-2047.50,-277.50,0.1347,19.2896
4403984,-2047.50,2047.50,0.1321,38.4502
4407890,-2047.50,1199.50,0.1296,42.0667
4411796,-2047.50,-1340.50,0.1270,4.2737
4415702,-2047.50,-2047.50,0.1245,-7.4562
4419608,-2047.50,-581.50,0.1220,46.6700
4423514,-2047.50,2047.50,0.1196,86.4067
4427420,-2047.50,1566.50,0.1172,130.1386
4431326,-2047.50,-1013.50,0.1147,115.7664
4435232,-2047.50,-2047.50,0.1124,75.0510
4439138,-2047.50,-870.50,0.1100,86.3550
4443044,-2047.50,1751.50,0.1077,77.7114
4446950,-2047.50,1936.50,0.1054,103.2477
4450856,-2047.50,-665.50,0.1031,142.7477
4454762,-2047.50,-2047.50,0.1008,131.7799
4458668,-2047.50,-1180.50,0.0986,108.5853
4462574,-2047.50,1377.50,0.0964,41.5511
4466480,-2047.50,2047.50,0.0942,11.4215
4470386,-2047.50,-367.50,0.0920,49.6678
4474292,-2047.50,-2047.50,0.0899,70.9212
4478198,-2047.50,-1462.50,0.0877,68.5481
4482104,-2047.50,1041.50,0.0856,7.0699
4486010,-2047.50,2047.50,0.0836,-46.8106
4489916,-2047.50,-69.50,0.0815,-31.8835
4493822,-2047.50,-2047.50,0.0795,-8.0598
4497728,-2047.50,-1665.50,0.0775,10.4622
4501634,-2047.50,753.50,0.0755,-9.4603
4505540,-2047.50,2047.50,0.0735,-47.0437
4509446,-2047.50,240.50,0.0716,-51.2051
4513352,-2047.50,-2047.50,0.0697,-56.0845
4517258,-2047.50,-1844.50,0.0678,-55.1363
4521164,-2047.50,480.50,0.0659,-40.5063
4525070,-2047.50,2047.50,0.0641,-35.4804
4528976,-2047.50,567.50,0.0623,-33.6561
4532882,-2047.50,-1860.50,0.0605,-42.3127
4536788,-2047.50,-2017.50,0.0587,-44.6096
4540694,-2047.50,143.50,0.0569,-37.5958
4544600,-2047.50,2047.50,0.0552,-36.3835
4548506,-2047.50,859.50,0.0535,-26.4674
4552412,-2047.50,-1625.50,0.0518,-28.4822
4556318,-2047.50,-2047.50,0.0501,-14.4846
4560224,-2047.50,-155.50,0.0485,18.7832
4564130,-2047.50,2047.50,0.0468,26.3563
4568036,-2047.50,1158.50,0.0452,30.6258
4571942,-2047.50,-1368.50,0.0436,13.4898
4575848,-2047.50,-2047.50,0.0421,17.5050
4579754,-2047.50,-479.50,0.0405,56.7587
4583660,-2047.50,2047.50,0.0390,72.4051
4587566,-2047.50,1472.50,0.0375,97.5804
4591472,-2047.50,-1109.50,0.0360,79.8066
4595378,-2047.50,-2047.50,0.0345,50.6435
4599284,-2047.50,-778.50,0.0331,72.6715
4603190,-2047.50,1935.50,0.0317,90.5878
4607096,-2047.50,1840.50,0.0303,144.4830
4611002,-2047.50,-756.50,0.0289,167.1526
4614908,-2047.50,-2047.50,0.0275,128.5981
4618814,-2047.50,-1082.50,0.0262,101.6980
4622720,-2047.50,1535.50,0.0249,51.1586
4626626,-2047.50,2047.50,0.0235,49.7166
4630532,-2047.50,-436.50,0.0223,97.0915
4634438,-2047.50,-2047.50,0.0210,105.0015
4638344,-2047.50,-1355.50,0.0197,88.2482
4642250,-2047.50,1159.50,0.0185,20.9458
4646156,-2047.50,2047.50,0.0173,-30.9990
4650062,-2047.50,-148.50,0.0161,-14.8257
4653968,-2047.50,-2047.50,0.0149,9.4032
4657874,-2047.50,-1600.50,0.0138,24.1856
4661780,-2047.50,847.50,0.0126,-9.9738
4665686,-2047.50,2047.50,0.0115,-57.0943
4669592,-2047.50,165.50,0.0104,-56.1122
4673498,-2047.50,-2047.50,0.0093,-46.0791
4677404,-2047.50,-1801.50,0.0082,-38.9625
4681310,-2047.50,569.50,0.0072,-41.4010
4685216,-1764.50,2047.50,46.3773,-53.6595
4689122,-1840.50,496.50,150.7910,-49.9307
4693028,-2047.50,-1922.50,183.5936,-48.8889
4696934,-2047.50,-1984.50,100.0825,-52.2232
4700840,-1875.50,192.50,43.3305,-62.1491
4704746,-1631.50,2047.50,121.4954,-77.5681
4708652,-1646.50,742.50,273.0650,-70.0822
4712558,-1917.50,-1729.50,328.0221,-69.6569
4716464,-1979.50,-2047.50,232.3925,-56.6845
4720370,-1690.50,-58.50,155.5106,-19.5180
4724276,-1380.50,2047.50,256.5619,-3.0745
4728182,-1344.50,1067.50,462.8411,4.2036
4732088,-1582.50,-1442.50,573.7884,-8.9757
4735994,-1727.50,-2047.50,510.3689,1.4879
4739900,-1510.50,-353.50,409.6819,45.6388
4743806,-1192.50,2047.50,446.7311,62.8591
4747712,-1164.50,1403.50,598.6607,79.6297
4751618,-1386.50,-1137.50,689.1787,69.1417
4755524,-1571.50,-2047.50,630.3700,61.1335
4759430,-1422.50,-664.50,523.0300,84.8908
4763336,-1077.50,2047.50,528.3241,103.9647
4767242,-976.50,1763.50,662.3604,162.5406
4771148,-1238.50,-831.50,763.9272,173.7988
4775054,-1446.50,-2047.50,714.5480,125.2658
4778960,-1298.50,-943.50,605.6401,104.5126
4782866,-936.50,1796.50,607.5310,95.5886
4786772,-820.50,2047.50,736.6859,145.2741
4790678,-1035.50,-460.50,841.7308,190.3602
4794584,-1272.50,-2047.50,811.0546,162.4032
4798490,-1167.50,-1224.50,712.6955,117.5868
4802396,-868.50,1377.50,689.8960,55.5734
4806302,-719.50,2047.50,771.6295,27.2570
4810208,-896.50,-176.50,851.7591,41.4647
4814114,-1156.50,-2047.50,831.3855,51.2460
4818020,-1138.50,-1506.50,737.9530,50.8719
4821926,-831.50,1008.50,691.4674,6.1901
4825832,-620.50,2047.50,752.5237,-40.3907
4829738,-752.50,121.50,843.8250,-40.1573
4833644,-1070.50,-2047.50,845.6912,-25.6820
4837550,-1122.50,-1736.50,748.0363,-18.4161
4841456,-868.50,649.50,663.4734,-43.2224
4845362,-687.50,2047.50,668.2440,-80.3079
4849268,-825.50,304.50,705.0957,-98.8755
4853174,-1181.50,-2047.50,670.5476,-126.6213
4857080,-1310.50,-1999.50,548.0579,-144.3578
4860986,-1102.50,87.50,432.7271,-174.5507
4864892,-894.50,2047.50,405.5233,-212.9022
4868798,-959.50,387.50,435.4522,-213.8064
4872704,-1362.50,-2047.50,418.3002,-258.2565
4876610,-1564.50,-2047.50,300.0130,-264.7224
4880516,-1437.50,-512.50,154.8865,-241.2882
4884422,-1208.50,1403.50,82.0741,-382.5828
4888328,-1279.50,271.50,77.5969,-582.3136
4892234,-1606.50,-2047.50,56.8547,-669.0812
4896140,-1775.50,-2047.50,-19.4230,-514.6777
4900046,-1632.50,-925.50,-96.8061,-286.9460
4903952,-1317.50,1046.50,-106.7076,-381.3310
4907858,-1280.50,375.50,-49.3431,-657.4043
4911764,-1544.50,-2047.50,-1.3659,-804.8208
4915670,-1705.50,-2047.50,-12.7254,-645.4038
4919576,-1491.50,-1199.50,-31.1648,-324.2576
4923482,-1169.50,898.50,11.5674,-322.7788
4927388,-1089.50,678.50,97.6662,-555.2314
4931294,-1349.50,-1762.50,150.7646,-687.3202
4935200,-1502.50,-2047.50,141.9519,-553.1407
4939106,-1333.50,-1346.50,129.7155,-247.5160
4943012,-969.50,897.50,176.7549,-194.5328
4946918,-804.50,1116.50,277.2541,-339.6910
4950824,-978.50,-1201.50,370.5661,-400.5436
4954730,-1184.50,-2047.50,407.3072,-290.7302
4958636,-1057.50,-1445.50,409.3202,-85.4881
4962542,-704.50,925.50,439.3537,-51.7103
4966448,-486.50,1872.50,519.6342,-65.3654
4970354,-625.50,-537.50,608.7313,39.3839
4974260,-886.50,-2047.50,648.0038,110.5203
4978166,-815.50,-1514.50,637.9829,115.2768
4982072,-440.50,945.50,649.1197,73.6818
4985978,-255.50,2047.50,711.1942,90.6851
4989884,-388.50,-12.50,770.2884,196.1317
4993790,-639.50,-2047.50,783.2054,225.5866
4997696,-613.50,-1611.50,768.4547,169.3634
5001602,-282.50,873.50,775.5312,139.2169
5005508,-16.50,2047.50,828.3294,184.3657
5009414,-115.50,406.50,892.9277,252.6803
5013320,-406.50,-1901.50,915.1784,257.3938
5017226,-447.50,-1789.50,889.7689,196.0339
5021132,-175.50,559.50,865.1103,147.1105
5025038,65.50,2047.50,871.8173,165.0827
5028944,-47.50,749.50,883.7539,226.0218
5032850,-366.50,-1674.50,859.3453,258.6551
5036756,-523.50,-1968.50,792.5811,218.8701
5040662,-272.50,242.50,725.9881,156.4115
5044568,-44.50,2047.50,699.3149,154.5425
5048474,-166.50,909.50,683.0344,193.8628
5052380,-558.50,-1618.50,619.9492,172.5199
5056286,-764.50,-2047.50,508.1817,109.9825
5060192,-655.50,-271.50,392.6111,68.8872
5064098,-425.50,2047.50,307.2071,76.2093
5068004,-494.50,924.50,249.8408,112.5541
5071910,-905.50,-1690.50,179.6953,21.1573
5075816,-1156.50,-2047.50,71.0711,-82.7912
5079722,-1065.50,-891.50,-41.4384,-75.5719
5083628,-832.50,1265.50,-121.2071,-160.6190
5087534,-815.50,810.50,-166.5355,-309.8215
5091440,-1057.50,-1707.50,-187.7074,-415.7643
5095346,-1273.50,-2047.50,-197.5006,-360.2871
5099252,-1182.50,-1274.50,-209.6421,-168.4436
5103158,-847.50,951.50,-215.1821,-182.5249
5107064,-750.50,1006.50,-196.4967,-340.8910
5110970,-952.50,-1365.50,-166.5296,-414.4436
5114876,-1190.50,-2047.50,-148.4997,-314.9224
5118782,-1048.50,-1442.50,-136.8582,-105.2627
5122688,-662.50,916.50,-97.6868,-78.3194
5126594,-512.50,1514.50,-28.2632,-143.6154
5130500,-687.50,-821.50,31.0478,-122.1228
5134406,-892.50,-2047.50,65.2548,-52.6228
5138312,-787.50,-1497.50,96.7038,41.4193
5142218,-408.50,969.50,149.3030,60.6233
5146124,-185.50,2047.50,223.5712,104.4671
5150030,-363.50,-208.50,286.1567,222.8415
5153936,-615.50,-2047.50,309.6248,239.3502
5157842,-560.50,-1596.50,315.6524,172.4598
5161748,-239.50,879.50,337.5833,128.2653
5165654,-18.50,2047.50,373.7957,170.5529
5169560,-132.50,302.50,405.3876,268.7191
5173466,-393.50,-1962.50,423.9081,290.7509
5177372,-414.50,-1707.50,432.9690,224.0033
5181278,-100.50,733.50,446.4175,189.3238
5185184,190.50,2047.50,479.4682,236.3602
5189090,75.50,675.50,517.7488,300.1859
5192996,-197.50,-1679.50,532.2081,321.3336
5196902,-246.50,-1870.50,530.6316,279.8481
5200808,-2.50,448.50,533.2150,230.4806
5204714,309.50,2047.50,546.0907,241.0790
5208620,267.50,1023.50,569.9902,294.4431
5212526,-33.50,-1389.50,585.5132,340.4011
5216432,-146.50,-1941.50,579.1981,330.5632
5220338,82.50,234.50,567.9330,295.5271
5224244,336.50,2047.50,560.4725,302.5060
5228150,311.50,1331.50,547.0721,338.0854
5232056,33.50,-1098.50,527.8413,366.8752
5235962,-155.50,-2020.50,505.7251,349.0938
5239868,-0.50,-74.50,476.6464,301.1811
5243774,304.50,2047.50,449.4495,304.6001
5247680,323.50,1639.50,435.2373,363.5097
5251586,56.50,-829.50,426.3102,401.3875
5255492,-149.50,-2015.50,412.9502,369.1511
5259398,12.50,-399.50,399.9944,307.6638
5263304,334.50,2047.50,398.9255,312.9027
5267210,389.50,1971.50,404.2330,408.8032
5271116,102.50,-532.50,393.1459,467.8769
5275022,-194.50,-2047.50,351.0348,398.0452
5278928,-122.50,-738.50,288.7574,282.2323
5282834,170.50,2047.50,235.3990,286.2518
5286740,274.50,2047.50,205.4599,410.3608
5290646,21.50,-228.50,186.3067,446.2405
5294552,-256.50,-2047.50,161.4869,347.2443
5298458,-200.50,-1040.50,133.7191,232.2561
5302364,79.50,1872.50,111.7637,245.5724
5306270,219.50,2047.50,93.0833,360.7300
5310176,26.50,47.50,76.4088,360.2398
5314082,-285.50,-1999.50,58.4844,257.5503
5317988,-291.50,-1293.50,32.1565,176.4244
5321894,-30.50,1371.50,0.8379,172.7570
5325800,144.50,2047.50,-28.2272,213.4282
5329706,-53.50,323.50,-56.1190,199.2167
5333612,-356.50,-1874.50,-86.4649,163.2280
5337518,-396.50,-1580.50,-113.0737,136.1709
5341424,-137.50,913.50,-130.9150,111.3068
5345330,93.50,2047.50,-140.9183,98.2637
5349236,-32.50,569.50,-144.3388,82.4915
5353142,-364.50,-1755.50,-152.9067,79.7355
5357048,-449.50,-1833.50,-173.7925,74.2081
5360954,-207.50,495.50,-195.5494,42.8203
5364860,52.50,2047.50,-206.8497,18.0871
5368766,-30.50,845.50,-208.5469,23.4488
5372672,-346.50,-1616.50,-211.8053,41.4433
5376578,-486.50,-2020.50,-225.3537,32.8739
5380484,-268.50,115.50,-244.1034,-5.3507
5384390,7.50,2047.50,-256.8893,-22.6567
5388296,-48.50,1104.50,-264.2951,7.3867
5392202,-334.50,-1407.50,-272.4714,33.5120
5396108,-488.50,-2047.50,-277.1331,32.6435
5400014,-293.50,-184.50,-275.2855,23.4246
5403920,-10.50,2047.50,-272.6106,25.3278
5407826,-14.50,1379.50,-275.9803,58.4792
5411732,-298.50,-1136.50,-285.5951,69.1473
5415638,-521.50,-2047.50,-299.3828,55.5492
5419544,-379.50,-513.50,-317.4565,47.9082
5423450,-76.50,2047.50,-332.5629,57.4187
5427356,-15.50,1725.50,-336.9863,125.0669
5431266,-273.50,-825.50,-333.2415,157.2531
5435172,-512.50,-2047.50,-330.3704,116.2598
5439078,-399.50,-831.50,-333.0376,68.7418
5442984,-102.50,2047.50,-338.0832,77.5060
5446890,-22.50,2047.50,-345.8142,196.5340
5450796,-261.50,-512.50,-356.6647,252.3813
5454702,-533.50,-2047.50,-367.6468,165.9993
5458608,-456.50,-1160.50,-376.1880,60.3155
5462514,-162.50,1575.50,-379.9262,-4.4115
5466420,-12.50,2047.50,-379.4818,22.0790
5470326,-252.50,-241.50,-381.1895,60.6788
5474232,-529.50,-2047.50,-390.9942,41.0346
5478138,-527.50,-1424.50,-405.0707,3.9004
5482044,-224.50,1134.50,-416.3382,-50.2350
5485950,-49.50,2047.50,-420.0949,-75.7141
5489856,-223.50,48.50,-418.3531,-60.3228
5493762,-512.50,-2047.50,-415.8815,-53.2206
5497668,-527.50,-1679.50,-412.3919,-65.0956
5501574,-237.50,767.50,-406.2917,-102.5312
5505480,-63.50,2047.50,-404.9255,-129.7537
5509386,-177.50,342.50,-411.8134,-116.9212
5513292,-479.50,-2032.50,-414.3602,-112.2385
5517198,-541.50,-1847.50,-410.2081,-124.6783
5521104,-276.50,464.50,-405.0884,-127.1584
5525010,-18.50,2047.50,-396.8843,-123.5848
5528916,-111.50,627.50,-385.6649,-114.2747
5532822,-436.50,-1833.50,-381.0705,-116.4982
5536728,-556.50,-1997.50,-389.5501,-120.2434
5540634,-228.50,239.50,-386.4238,-96.2884
5544540,54.50,2047.50,-350.3607,-67.0570
5548446,-127.50,858.50,-331.6272,-71.8767
5552352,-434.50,-1668.50,-369.3398,-125.2194
5556258,-574.50,-2047.50,-414.4451,-145.6589
5560164,-425.50,-335.50,-438.1194,-130.8579
5564070,-168.50,2047.50,-463.2916,-137.1444
5567976,-142.50,1098.50,-483.2523,-119.4505
5571882,-463.50,-1521.50,-483.6638,-143.9080
5575788,-671.50,-2047.50,-484.6767,-165.0798
5579694,-534.50,-717.50,-500.9653,-130.4561
5583600,-185.50,1894.50,-513.9713,-139.0946
5587506,-180.50,1296.50,-509.6448,-141.8567
5591412,-461.50,-1327.50,-504.9585,-180.5756
5595318,-686.50,-2047.50,-508.0709,-200.7895
5599224,-573.50,-1025.50,-513.1744,-134.9993
5603130,-241.50,1469.50,-515.2491,-162.6445
5607036,-170.50,1582.50,-509.5530,-216.6235
5610942,-404.50,-964.50,-499.4437,-210.3601
5614848,-639.50,-2047.50,-484.8980,-159.2170
5618754,-565.50,-1294.50,-470.3613,-86.1794
5622660,-236.50,1197.50,-461.7014,-138.3851
5626566,-81.50,1971.50,-448.4268,-182.5427
5630472,-290.50,-573.50,-424.8762,-111.8448
5634378,-561.50,-2047.50,-402.0145,-54.9120
5638284,-529.50,-1519.50,-390.4291,-41.6579
5642190,-199.50,957.50,-385.2088,-118.9328
5646096,-19.50,2047.50,-373.6456,-172.1293
5650002,-196.50,-234.50,-355.7524,-118.1735
5653908,-480.50,-2047.50,-338.7416,-76.2917
5657814,-466.50,-1699.50,-323.4479,-64.7694
5661720,-175.50,718.50,-309.6257,-106.0673
5665626,20.50,2047.50,-302.3228,-143.2299
5669532,-127.50,112.50,-301.8549,-115.4576
5673438,-435.50,-2047.50,-302.3630,-103.4933
5677344,-488.50,-1880.50,-302.6148,-110.2027
5681250,-214.50,431.50,-302.6415,-127.1832
5685156,22.50,2047.50,-300.8243,-135.0158
5689062,-79.50,433.50,-296.1624,-107.4534
5692968,-396.50,-2032.50,-290.8276,-122.9002
5696874,-512.50,-2010.50,-292.3749,-158.5274
5700780,-253.50,113.50,-299.2892,-152.3364
5704686,22.50,2047.50,-298.6738,-123.8904
5708592,-34.50,775.50,-287.7933,-78.1582
5712498,-365.50,-1775.50,-279.3003,-76.0640
5716404,-512.50,-2047.50,-283.1627,-91.3283
5720310,-288.50,-177.50,-291.0349,-72.0263
5724216,-12.50,2047.50,-293.7657,-53.5373
5728122,-47.50,1023.50,-296.7422,-32.1081
5732028,-356.50,-1577.50,-304.0074,-66.9168
5735934,-566.50,-2047.50,-316.1124,-94.3379
5739840,-386.50,-533.50,-331.4787,-52.4529
5743746,-106.50,2047.50,-344.7097,-18.2807
5747652,-88.50,1344.50,-355.3417,27.4423
5751558,-370.50,-1280.50,-361.4776,8.9354
5755464,-577.50,-2047.50,-359.1690,-31.9183
5759370,-421.50,-836.50,-349.0766,-7.8830
5763276,-101.50,1859.50,-334.4949,-1.0158
5767182,-42.50,1674.50,-323.0533,35.2858
5771088,-316.50,-949.50,-321.5691,48.4822
5774994,-577.50,-2047.50,-328.9656,21.9917
5778900,-470.50,-1137.50,-337.0849,23.8109
5782806,-144.50,1461.50,-336.2081,-27.0068
5786712,-30.50,2000.50,-326.6906,-29.5890
5790618,-271.50,-625.50,-317.9156,34.9034
5794524,-560.50,-2047.50,-316.9570,49.7145
5798430,-512.50,-1404.50,-323.7599,35.8217
5802336,-183.50,1098.50,-327.9128,-44.9422
5806242,-25.50,2047.50,-321.4827,-95.6280
5810148,-239.50,-329.50,-312.6087,-53.2697
5814054,-527.50,-2047.50,-308.6054,-22.1413
5817960,-543.50,-1657.50,-310.1223,-12.9710
5821866,-237.50,782.50,-316.3103,-70.3083
5825772,-47.50,2047.50,-320.3374,-124.3933
5829678,-208.50,-10.50,-318.4749,-98.8353
5833584,-528.50,-2047.50,-314.9272,-75.6177
5837490,-570.50,-1873.50,-314.8972,-68.9757
5841396,-285.50,464.50,-316.4609,-103.5537
5845302,-47.50,2047.50,-313.6139,-137.6144
5849208,-97.50,309.50,-293.7989,-111.0075
5853114,-384.50,-2047.50,-250.6272,-107.5947
5857020,-554.50,-2012.50,-222.2603,-123.0999
5860926,-346.50,111.50,-245.7743,-134.6510
5864832,-106.50,2047.50,-295.7329,-140.5422
5868738,-196.50,597.50,-332.4724,-107.2401
5872644,-527.50,-1961.50,-350.2322,-120.7381
5876550,-670.50,-2047.50,-359.5921,-143.9776
5880456,-431.50,-158.50,-361.9568,-106.0789
5884362,-140.50,2047.50,-353.5492,-69.9114
5888268,-182.50,887.50,-342.3786,-42.3450
5892174,-527.50,-1711.50,-344.2180,-78.8499
5896080,-696.50,-2047.50,-358.9292,-102.5320
5899986,-512.50,-448.50,-369.6126,-42.1803
5903892,-150.50,2047.50,-360.5363,3.3022
5907798,-128.50,1232.50,-330.3713,38.9676
5911704,-431.50,-1377.50,-302.4829,12.1312
5915610,-606.50,-2047.50,-287.1030,-16.8837
5919516,-471.50,-751.50,-274.4840,23.4642
5923422,-164.50,1919.50,-269.3295,37.9491
5927328,-95.50,1578.50,-270.8306,69.5118
5931234,-367.50,-1071.50,-268.9479,67.0095
5935140,-624.50,-2047.50,-266.1077,36.5633
5939046,-493.50,-1050.50,-263.3235,52.8649
5942952,-164.50,1567.50,-253.1318,19.7735
5946858,-65.50,1929.50,-239.8913,23.3753
5950764,-298.50,-717.50,-231.1527,77.2287
5954670,-543.50,-2047.50,-219.7471,88.0793
5958576,-483.50,-1328.50,-203.5643,80.5595
5962482,-148.50,1213.50,-189.3463,3.8485
5966388,-10.50,2047.50,-179.1804,-38.2839
5970294,-206.50,-382.50,-172.2274,14.7644
5974200,-491.50,-2047.50,-163.8607,52.0685
5978106,-452.50,-1556.50,-150.9749,60.0925
5982012,-134.50,935.50,-134.5032,2.1206
5985918,57.50,2047.50,-118.6587,-50.1654
5989824,-104.50,-52.50,-106.2905,-28.4301
5993730,-406.50,-2047.50,-95.5151,-4.4211
5997636,-432.50,-1789.50,-87.3863,3.1231
6001542,-131.50,637.50,-81.3075,-32.3335
6005448,98.50,2047.50,-73.5590,-66.2140
6009354,-77.50,247.50,-72.1531,-51.6626
6013260,-399.50,-2047.50,-85.2502,-53.3669
6017166,-512.50,-1965.50,-107.1448,-65.4710
6021072,-274.50,287.50,-134.2778,-77.8021
6024978,-45.50,2047.50,-163.3300,-83.9350
6028884,-155.50,534.50,-187.5177,-61.5349
6032790,-472.50,-2001.50,-202.1619,-82.7052
6036696,-591.50,-2047.50,-205.8610,-111.3205
6040602,-338.50,-47.50,-200.4745,-89.0446
6044508,-56.50,2047.50,-189.3243,-61.6649
6048414,-93.50,835.50,-177.0436,-31.1523
6052320,-408.50,-1752.50,-167.1135,-50.7622
6056226,-564.50,-2047.50,-161.1614,-63.8349
6060132,-350.50,-324.50,-156.0700,-12.2839
6064038,-48.50,2047.50,-148.6618,21.4919
6067944,-56.50,1133.50,-142.5078,40.5591
6071850,-357.50,-1470.50,-140.7304,3.3154
6075756,-556.50,-2047.50,-140.9466,-19.3360
6079662,-370.50,-631.50,-137.2058,34.7745
6083568,-73.50,2047.50,-130.0428,75.0084
6087474,-15.50,1458.50,-125.0189,117.7280
6091380,-274.50,-1209.50,-116.4383,81.8072
6095286,-544.50,-2047.50,-107.9792,21.5971
6099192,-412.50,-920.50,-111.5453,52.1017
6103098,-100.50,1776.50,-118.9308,68.4218
6107004,-28.50,1847.50,-124.8050,106.9210
6110910,-281.50,-812.50,-131.5417,135.8949
6114816,-524.50,-2047.50,-131.1736,112.5585
6118722,-356.50,-1216.50,-106.9431,101.6024
6122628,-1.50,1446.50,-54.9109,52.4674
6126534,35.50,2047.50,-20.2300,49.2005
6130440,-269.50,-527.50,-49.3267,89.1323
6134346,-518.50,-2047.50,-106.1466,81.1398
6138252,-471.50,-1466.50,-129.8947,74.1299
6142158,-190.50,1055.50,-127.6592,20.2988
6146064,7.50,2047.50,-124.6178,-27.6025
6149970,-164.50,-143.50,-112.4878,-2.1679
6153876,-433.50,-2047.50,-86.2204,28.7206
6157782,-447.50,-1711.50,-60.6940,42.1032
6161688,-152.50,761.50,-50.4900,-1.1339
6165594,61.50,2047.50,-50.8552,-47.1759
6169500,-94.50,186.50,-49.7151,-33.4746
6173406,-408.50,-2047.50,-46.7171,-18.1165
6177312,-474.50,-1892.50,-47.8595,-16.0834
6181218,-204.50,474.50,-55.1886,-28.7366
6185124,73.50,2047.50,-56.7406,-40.8977
6189030,-79.50,511.50,-49.9359,-26.5381
6192936,-394.50,-1976.50,-50.9271,-32.4284
6196842,-472.50,-2031.50,-54.5796,-50.5344
6200748,-230.50,112.50,-50.8162,-52.9245
6204654,41.50,2047.50,-47.1007,-49.3747
6208560,-18.50,819.50,-43.6811,-22.5056
6212466,-332.50,-1738.50,-37.2412,-14.8947
6216372,-512.50,-2047.50,-38.1789,-9.4988
6220278,-268.50,-158.50,-48.6208,22.0859
6224184,29.50,2047.50,-51.2950,33.1013
6228090,16.50,1111.50,-41.9644,41.4344
6231996,-310.50,-1487.50,-34.1063,20.6731
6235902,-494.50,-2047.50,-36.1313,15.6440
6239808,-330.50,-479.50,-45.6332,59.9840
6243714,-21.50,2047.50,-56.9661,81.6707
6247620,21.50,1447.50,-60.4475,110.9139
6251526,-290.50,-1182.50,-55.8941,100.1595
6255432,-512.50,-2047.50,-55.6433,74.7823
6259338,-368.50,-798.50,-59.7073,93.7475
6263244,-73.50,1979.50,-65.4530,105.1066
6267150,-2.50,1823.50,-74.5001,166.3591
6271056,-286.50,-880.50,-83.2161,188.4429
6274962,-556.50,-2047.50,-92.5566,135.0262
6278868,-463.50,-1113.50,-104.2263,104.9359
6282774,-158.50,1489.50,-115.3738,42.0902
6286680,-44.50,2047.50,-124.1777,31.3245
6290586,-271.50,-572.50,-125.7667,87.2544
6294492,-581.50,-2047.50,-123.9052,101.6689
6298398,-552.50,-1391.50,-133.1820,92.7603
6302304,-228.50,1153.50,-148.9832,22.2508
6306210,-67.50,2047.50,-154.8637,-32.1422
6310116,-262.50,-255.50,-149.0007,-8.6933
6314022,-559.50,-2047.50,-138.0405,19.7085
6317928,-558.50,-1615.50,-129.4816,42.8576
6321834,-234.50,865.50,-123.2749,8.8556
6325740,-28.50,2047.50,-113.1835,-41.5894
6329646,-148.50,86.50,-94.1090,-39.4485
6333552,-475.50,-2047.50,-69.8138,-26.2982
6337458,-518.50,-1836.50,-56.2242,-15.2773
6341364,-239.50,573.50,-56.4050,-29.5424
6345270,-8.50,2047.50,-61.1829,-52.1331
6349176,-126.50,384.50,-64.0410,-50.5969
6353082,-431.50,-2047.50,-59.5420,-69.3137
6356988,-527.50,-1989.50,-50.6633,-86.9139
6360894,-238.50,295.50,-40.8075,-65.2152
6364800,78.50,2047.50,-19.3226,-35.0534
6368706,-140.50,624.50,-10.0305,-33.0969
6372612,-545.50,-1949.50,-59.7506,-95.7145
6376518,-645.50,-2047.50,-132.3994,-129.7451
6380424,-492.50,-249.50,-176.0166,-102.1475
6384330,-283.50,2047.50,-217.1879,-93.3431
6388236,-344.50,722.50,-271.2172,-101.7081
6392142,-733.50,-1952.50,-320.8302,-203.9427
6396048,-933.50,-2047.50,-364.7280,-256.2855
6399954,-780.50,-767.50,-402.5582,-174.9818
6403860,-512.50,1359.50,-435.2431,-242.3472
6407766,-492.50,720.50,-458.1400,-422.3140
6411672,-793.50,-1890.50,-460.3440,-541.2627
6415578,-946.50,-2047.50,-439.4485,-453.0735
6419484,-752.50,-1077.50,-397.4380,-208.0515
6423390,-409.50,1172.50,-348.8019,-194.0228
6427296,-305.50,1061.50,-304.2108,-351.8276
6431202,-560.50,-1455.50,-261.2267,-423.8603
6435108,-800.50,-2047.50,-226.5305,-313.2105
6439014,-672.50,-1241.50,-206.3506,-93.6956
6442920,-301.50,1137.50,-187.3115,-73.7675
6446826,-161.50,1584.50,-154.1702,-159.1656
6450732,-398.50,-927.50,-114.2357,-148.3497
6454638,-646.50,-2047.50,-81.2491,-67.6176
6458544,-557.50,-1440.50,-55.7089,28.1376
6462450,-207.50,1004.50,-32.3158,-13.8108
6466356,-52.50,2047.50,-9.9397,-46.3131
6470266,-271.50,-557.50,6.3251,36.5358
6474172,-569.50,-2047.50,13.5325,70.1415
6478078,-549.50,-1633.50,14.1563,63.5579
6481984,-205.50,787.50,17.3175,-1.5114
6485890,-15.50,2047.50,29.5285,-38.3666
6489796,-173.50,-138.50,46.4381,26.6123
6493702,-454.50,-2047.50,68.2918,60.4671
6497608,-480.50,-1813.50,91.5933,51.1497
6501514,-218.50,557.50,98.5345,6.0251
6505420,28.50,2047.50,89.3100,-13.5007
6509326,-100.50,211.50,86.8064,33.8395
6513232,-415.50,-2047.50,96.5094,36.5974
6517138,-518.50,-1974.50,101.2293,1.1547
6521044,-246.50,247.50,92.5659,-25.7999
6524950,-4.50,2047.50,79.4245,-17.4761
6528856,-92.50,511.50,70.6934,33.1527
6532762,-430.50,-2021.50,66.7098,9.6793
6536668,-576.50,-2047.50,58.3963,-48.0608
6540574,-339.50,-92.50,42.7323,-43.3729
6544480,-64.50,2047.50,28.8616,-3.9422
6548386,-105.50,807.50,22.8868,53.7417
6552292,-442.50,-1778.50,21.3779,34.5739
6556198,-586.50,-2047.50,20.5021,-4.5806
6560104,-367.50,-388.50,25.8078,26.4958
6564010,-76.50,2047.50,34.0588,64.8888
6567916,-84.50,1113.50,34.6527,112.7343
6571822,-369.50,-1480.50,33.3146,88.7593
6575728,-559.50,-2047.50,40.5676,49.6553
6579634,-373.50,-660.50,54.7568,85.7383
6583540,-53.50,2039.50,68.9315,128.7351
6587446,-22.50,1523.50,75.6361,205.2376
6591352,-317.50,-1161.50,71.4188,206.9618
6595258,-559.50,-2047.50,61.6725,140.6655
6599164,-433.50,-933.50,53.2144,131.5980
6603070,-117.50,1705.50,47.7411,117.2454
6606976,-18.50,1890.50,45.7753,158.0808
6610882,-270.50,-799.50,49.8431,214.0105
6614788,-545.50,-2047.50,55.8398,195.3872
6618694,-463.50,-1257.50,56.5014,158.4204
6622600,-173.50,1259.50,48.4082,65.4424
6626506,-28.50,2047.50,35.1139,33.1612
6630412,-286.50,-525.50,23.6444,101.4182
6634318,-566.50,-2047.50,14.7967,129.8884
6638224,-570.50,-1536.50,4.7680,117.9565
6642130,-305.50,867.50,-17.8539,23.3333
6646036,-181.50,2047.50,-58.1418,-50.2732
6649942,-431.50,-378.50,-108.0438,-29.8469
6653848,-809.50,-2047.50,-163.5937,-20.9507
6657754,-898.50,-1884.50,-226.5657,-15.0005
6661660,-644.50,297.50,-290.6293,-110.8234
6665566,-554.50,1341.50,-355.9277,-329.7325
6669472,-846.50,-589.50,-443.5280,-534.6473
6673378,-1260.50,-2047.50,-552.6289,-550.3712
6677284,-1372.50,-2047.50,-649.7768,-312.0860
6681190,-1180.50,-388.50,-720.1877,-217.9377
6685096,-1033.50,895.50,-783.2070,-494.2407
6689002,-1167.50,-651.50,-842.2683,-837.3704
6692908,-1450.50,-2047.50,-866.2352,-870.7861
6696814,-1614.50,-2047.50,-856.9835,-495.0968
6700720,-1294.50,-858.50,-839.4378,-232.6102
6704626,-986.50,661.50,-802.6824,-484.5919
6708532,-1071.50,-448.50,-754.8712,-877.1213
6712438,-1391.50,-2047.50,-725.7483,-938.1789
6716344,-1518.50,-2047.50,-710.1409,-561.5661
6720250,-1310.50,-1068.50,-694.7500,-215.0102
6724156,-1012.50,688.50,-681.2339,-353.9251
6728062,-971.50,-104.50,-658.1482,-685.7683
6731968,-1234.50,-2047.50,-609.7636,-800.6743
6735874,-1361.50,-2047.50,-544.0962,-549.6989
6739780,-1161.50,-1247.50,-480.8254,-214.2625
6743686,-844.50,699.50,-436.2815,-253.5539
6747592,-805.50,271.50,-410.5558,-496.2214
6751498,-1061.50,-2047.50,-387.4325,-639.9117
6755404,-1245.50,-2047.50,-354.0059,-523.9779
6759310,-1119.50,-1469.50,-319.5496,-235.4531
6763216,-760.50,602.50,-294.2476,-212.0892
6767122,-620.50,560.50,-259.2741,-386.8252
6771028,-849.50,-1902.50,-204.5677,-522.9332
6774934,-1118.50,-2047.50,-156.6791,-474.3468
6778840,-1024.50,-1657.50,-137.5804,-220.5342
6782746,-669.50,469.50,-130.6591,-160.8071
6786652,-465.50,858.50,-101.6210,-278.3497
6790558,-607.50,-1449.50,-34.7379,-350.9684
6794464,-782.50,-2047.50,60.4816,-297.1055
6798370,-781.50,-1711.50,142.6416,-94.0525
6802276,-490.50,423.50,167.3392,-29.7018
6806182,-352.50,1163.50,145.9840,-95.3279
6810088,-558.50,-1000.50,116.6495,-135.2524
6813994,-830.50,-2047.50,102.7963,-122.4326
6817900,-780.50,-1912.50,117.3629,-25.3292
6821806,-399.50,255.50,164.1525,-13.8498
6825712,-268.50,1413.50,212.4311,-35.6710
6829618,-491.50,-564.50,210.3918,2.7891
6833524,-800.50,-2047.50,167.7196,16.3262
6837430,-820.50,-2031.50,138.4255,34.7309
6841336,-479.50,66.50,148.7620,17.2218
6845242,-206.50,1589.50,191.3609,31.7420
6849148,-309.50,-76.50,240.1767,130.2623
6853054,-556.50,-2047.50,283.2969,148.3351
6856960,-644.50,-2047.50,321.4483,101.3205
6860866,-306.50,-28.50,355.1007,88.2362
6864772,31.50,2047.50,401.8977,214.1805
6868678,-2.50,544.50,464.1498,448.0239
6872584,-266.50,-2031.50,522.1187,446.7802
6876490,-381.50,-2047.50,564.5468,228.8989
6880396,-112.50,-84.50,591.4606,152.3371
6884302,215.50,2047.50,614.8703,310.7035
6888208,240.50,1037.50,646.7767,553.2332
6892114,-38.50,-1486.50,685.1836,611.7688
6896020,-175.50,-2047.50,719.2902,463.1035
6899926,30.50,-286.50,742.4649,344.1921
6903832,349.50,2047.50,753.6296,403.4507
6907738,381.50,1427.50,757.7187,599.2172
6911644,67.50,-1174.50,755.8903,669.1634
6915550,-143.50,-2047.50,743.7113,531.7199
6919456,-2.50,-512.50,725.1961,401.9999
6923362,288.50,2047.50,702.4549,448.9295
6927268,276.50,1733.50,665.1443,644.9058
6931174,-130.50,-936.50,593.9546,702.5887
6935080,-399.50,-2047.50,498.2655,534.1967
6938986,-384.50,-1101.50,410.3501,336.2279
6942892,-185.50,1227.50,322.1341,184.4580
6946798,-192.50,1477.50,215.5898,146.5588
6950704,-512.50,-1113.50,107.2851,137.5150
6954610,-821.50,-2047.50,22.9426,95.8883
6958516,-773.50,-1634.50,-27.8805,89.6727
6962422,-448.50,671.50,-48.9947,-6.6761
6966328,-296.50,1430.50,-47.6267,-96.3061
6970234,-529.50,-872.50,-38.8931,-79.1132
6974140,-793.50,-2047.50,-31.5735,-25.1068
6978046,-754.50,-1765.50,-19.0598,63.2982
6981952,-429.50,497.50,-0.7568,48.6876
6985858,-238.50,1616.50,16.5700,1.1833
6989764,-373.50,-494.50,36.1779,22.9008
6993670,-655.50,-2047.50,65.0570,38.4323
6997576,-677.50,-1914.50,92.8763,68.3881
7001482,-338.50,305.50,113.6665,56.8371
7005388,-116.50,2035.50,134.6928,99.7743
7009294,-193.50,9.50,160.3354,241.4676
7013200,-473.50,-2047.50,196.6139,242.2274
7017106,-546.50,-2001.50,231.3385,138.5088
7021012,-213.50,141.50,256.0553,81.1053
7024918,80.50,2047.50,287.6505,144.5185
7028824,26.50,535.50,328.6924,306.6945
7032730,-257.50,-1934.50,368.2598,329.3764
7036636,-368.50,-2047.50,396.8962,207.6397
7040542,-90.50,44.50,413.6895,156.5541
7044448,231.50,2047.50,432.8246,246.5239
7048354,208.50,1011.50,460.0922,404.1015
7052260,-60.50,-1469.50,489.8354,461.8773
7056166,-206.50,-2047.50,516.8200,388.9131
7060072,49.50,-79.50,539.6969,328.1982
7063978,379.50,2047.50,563.9878,372.8145
7067884,409.50,1429.50,589.7842,492.6859
7071790,121.50,-1053.50,610.7320,556.4856
7075696,-86.50,-2047.50,618.8248,501.2042
7079602,83.50,-270.50,611.5603,424.3068
7083508,397.50,2047.50,597.8938,445.9828
7087414,459.50,1851.50,588.2299,571.5484
7091320,187.50,-704.50,586.8768,651.7234
7095226,-62.50,-2047.50,585.6829,576.1077
7099132,83.50,-559.50,578.7408,448.7875
7103038,386.50,2047.50,569.6083,450.1900
7106944,490.50,2047.50,558.9235,587.1190
7110850,208.50,-317.50,545.8662,666.8190
7114756,-79.50,-2007.50,525.0630,590.8536
7118662,-5.50,-783.50,497.4218,466.8934
7122568,307.50,2047.50,473.1570,485.3814
7126474,465.50,2047.50,459.7459,613.1441
7130380,225.50,-15.50,455.8336,616.3760
7134286,-47.50,-1906.50,453.2958,511.2192
7138192,-29.50,-1071.50,447.8530,421.6501
7142098,289.50,1902.50,438.0127,460.4861
7146004,458.50,2047.50,425.8458,576.0138
7149910,262.50,272.50,413.0891,539.3048
7153816,-66.50,-1796.50,396.9351,427.9747
7157722,-85.50,-1300.50,376.7406,371.9818
7161628,181.50,1341.50,353.3284,376.3868
7165534,399.50,2047.50,328.9171,396.2578
7169440,218.50,547.50,306.6836,351.4684
7173346,-128.50,-1679.50,281.4108,315.2895
7177252,-182.50,-1615.50,254.9825,299.0057
7181158,128.50,893.50,244.8413,271.3290
7185064,447.50,2047.50,264.2826,254.1106
7188970,345.50,880.50,302.3552,244.0562
7192876,-77.50,-1471.50,312.3193,278.2131
7196782,-227.50,-1797.50,267.4544,296.2542
7200688,53.50,558.50,211.5975,256.0398
7204594,320.50,2047.50,186.1992,218.2577
7208500,268.50,1168.50,181.5490,209.3198
7212406,-40.50,-1231.50,185.1815,254.3300
7216312,-194.50,-1871.50,192.7676,289.5072
7220218,80.50,351.50,204.6184,280.7848
7224124,387.50,2047.50,223.4220,269.5568
7228030,390.50,1535.50,239.2542,267.5504
7231936,107.50,-879.50,251.7173,315.7667
7235842,-88.50,-1805.50,265.0401,366.4928
7239748,140.50,151.50,278.0043,375.6334
7243654,492.50,2047.50,297.2125,362.5120
7247560,511.50,2020.50,315.1298,368.8813
7251466,192.50,-544.50,313.2089,434.5611
7255372,-8.50,-1798.50,300.1775,451.8631
7259278,149.50,-133.50,298.1646,401.3387
7263184,429.50,2047.50,296.0593,371.5624
7267090,537.50,2047.50,280.7148,361.8953
7270996,267.50,-218.50,270.5239,368.7857
7274902,-28.50,-1798.50,265.0848,370.3602
7278808,64.50,-463.50,248.9891,344.2078
7282714,352.50,2047.50,222.5952,349.5221
7286620,451.50,2047.50,187.9212,361.6369
7290526,205.50,68.50,154.8589,317.7754
7294432,-79.50,-1789.50,136.8125,277.9542
7298338,-43.50,-798.50,129.4732,255.7069
7302244,274.50,2047.50,120.8839,304.3687
7306150,417.50,2047.50,106.1430,369.1036
7310056,211.50,272.50,88.3595,282.5676
7313962,-101.50,-1744.50,75.2474,173.8531
7317868,-116.50,-1146.50,65.2169,138.7916
7321774,179.50,1687.50,50.9371,179.1656
7325680,350.50,2047.50,29.3090,231.3838
7329586,183.50,539.50,4.6173,159.6612
7333492,-144.50,-1618.50,-12.4469,93.3210
7337398,-204.50,-1419.50,-22.7728,90.0884
7341304,67.50,1158.50,-35.4627,90.5871
7345210,313.50,2047.50,-49.2006,73.8484
7349116,177.50,783.50,-58.3755,12.1449
7353022,-174.50,-1489.50,-68.4279,1.8651
7356928,-260.50,-1656.50,-82.0067,28.8307
7360834,-44.50,731.50,-98.0864,19.0588
7364740,211.50,2047.50,-122.0112,-15.2986
7368646,129.50,1060.50,-145.3892,-53.4700
7372552,-204.50,-1316.50,-157.9052,-33.1118
7376458,-356.50,-1847.50,-165.5384,-5.1846
7380364,-136.50,336.50,-175.0539,-34.1358
7384270,171.50,2047.50,-182.4220,-72.5553
7388176,127.50,1328.50,-183.7458,-79.4763
7392082,-192.50,-1132.50,-184.9545,-45.0234
7395988,-372.50,-1996.50,-187.9853,-38.0769
7399894,-171.50,39.50,-188.4597,-74.2709
7403800,114.50,2047.50,-190.1974,-79.3366
7407706,139.50,1662.50,-196.9354,-34.4407
7411612,-154.50,-833.50,-199.7241,22.4557
7415518,-385.50,-2047.50,-197.4064,11.1689
7419424,-252.50,-365.50,-201.6101,-71.0849
7423330,68.50,2047.50,-213.1624,-100.8177
7427236,141.50,2003.50,-220.2833,-7.6465
7431142,-158.50,-591.50,-221.6082,84.9191
7435048,-431.50,-2047.50,-228.8423,40.5099
7438954,-310.50,-725.50,-239.9583,-80.9209
7442860,59.50,2047.50,-235.9701,-104.2970
7446766,173.50,2047.50,-213.9665,4.9445
7450672,-157.50,-298.50,-206.8292,58.7938
7454578,-484.50,-2047.50,-239.1230,-13.9765
7458484,-383.50,-1084.50,-278.3715,-127.5093
7462390,-28.50,1797.50,-282.4368,-156.7239
7466296,92.50,2047.50,-265.9104,-73.1759
7470202,-122.50,-47.50,-259.9071,-47.8272
7474108,-408.50,-2047.50,-257.4860,-114.6641
7478014,-393.50,-1359.50,-248.2444,-192.3754
7481920,-84.50,1327.50,-242.1806,-222.9745
7485826,99.50,2047.50,-245.5179,-192.9915
7489732,-101.50,239.50,-254.9829,-178.2275
7493638,-410.50,-1967.50,-262.3878,-191.0908
7497544,-448.50,-1612.50,-262.6120,-220.3465
7501450,-153.50,943.50,-261.6109,-246.6913
7505356,61.50,2047.50,-265.7423,-245.9299
7509266,-75.50,511.50,-271.7535,-243.3731
7513172,-385.50,-1810.50,-269.3868,-234.3228
7517078,-460.50,-1816.50,-257.2532,-231.1623
7520984,-175.50,558.50,-244.4897,-251.8657
7524890,101.50,2047.50,-233.2888,-271.6492
7528796,-12.50,815.50,-224.9176,-268.1338
7532702,-335.50,-1603.50,-222.6615,-236.2207
7536608,-470.50,-1999.50,-223.8172,-220.1366
7540514,-236.50,204.50,-228.5591,-249.1889
7544420,59.50,2047.50,-234.8493,-275.7264
7548326,-4.50,1069.50,-237.8393,-263.9602
7552232,-306.50,-1428.50,-235.6778,-240.9456
7556138,-483.50,-2047.50,-228.4026,-228.4101
7560044,-252.50,-132.50,-219.8669,-231.9332
7563950,75.50,2047.50,-207.7732,-236.9571
7567856,102.50,1381.50,-187.5895,-207.1089
7571762,-200.50,-1137.50,-163.5610,-176.9568
7575668,-436.50,-2047.50,-150.4709,-168.3210
7579574,-286.50,-417.50,-158.9925,-169.8782
7583480,26.50,2047.50,-179.1795,-166.2118
7587386,64.50,1695.50,-196.0972,-117.7046
7591292,-245.50,-885.50,-207.5745,-98.4515
7595198,-512.50,-2047.50,-219.8005,-133.1968
7599104,-352.50,-785.50,-227.3165,-167.0622
7603010,-26.50,2047.50,-220.9955,-155.9171
7606916,77.50,2047.50,-209.2111,-42.3402
7610822,-180.50,-534.50,-198.8114,25.0913
7614728,-468.50,-2047.50,-191.5847,-41.3333
7618634,-392.50,-1092.50,-192.0623,-136.4643
7622540,-86.50,1650.50,-200.5197,-194.4145
7626446,63.50,2047.50,-211.0119,-165.2278
7630352,-188.50,-272.50,-217.0480,-131.1123
7634258,-479.50,-2047.50,-218.9706,-152.8755
7638164,-431.50,-1385.50,-214.4642,-188.4765
7642070,-101.50,1219.50,-202.3156,-238.5848
7645976,96.50,2047.50,-187.5673,-257.9392
7649882,-108.50,25.50,-175.4330,-241.4916
7653788,-453.50,-2047.50,-174.6441,-231.9332
7657694,-458.50,-1626.50,-183.7200,-236.8201
7661600,-160.50,874.50,-190.1392,-264.2474
7665506,67.50,2047.50,-190.9044,-285.6594
7669412,-97.50,326.50,-189.3269,-279.9555
7673318,-428.50,-2026.50,-188.2195,-276.5114
7677224,-512.50,-1840.50,-191.2141,-286.9543
7681130,-207.50,511.50,-195.2169,-301.0436
7685036,47.50,2047.50,-192.6104,-308.4413
7688942,-56.50,621.50,-184.7593,-293.7555
7692848,-376.50,-1795.50,-174.3262,-268.8425
7696754,-468.50,-1998.50,-159.3737,-252.0912
7700660,-219.50,221.50,-144.8825,-252.8837
7704566,79.50,2047.50,-136.5457,-262.2239
7708472,10.50,929.50,-131.3976,-252.7536
7712378,-334.50,-1519.50,-130.4026,-228.2346
7716284,-457.50,-2047.50,-129.7744,-194.4439
7720190,-268.50,-94.50,-125.9676,-181.1655
7724096,29.50,2047.50,-130.7831,-197.1309
7728002,13.50,1203.50,-141.5527,-197.3925
7731908,-321.50,-1343.50,-148.6104,-203.4049
7735814,-527.50,-2047.50,-155.3382,-195.2374
7739720,-336.50,-437.50,-160.7759,-164.7788
7743626,-9.50,2047.50,-159.7257,-152.8031
7747532,16.50,1550.50,-154.9322,-116.3698
7751438,-276.50,-1062.50,-150.5329,-107.0342
7755344,-520.50,-2047.50,-147.1808,-127.7191
7759250,-384.50,-741.50,-147.7107,-124.2505
7763156,-62.50,2047.50,-152.7153,-102.5722
7767062,46.50,1877.50,-153.1897,-21.1060
7770968,-252.50,-752.50,-146.3369,3.1919
7774874,-512.50,-2047.50,-142.1727,-60.9718
7778780,-401.50,-1071.50,-138.6925,-108.2117
7782686,-84.50,1632.50,-133.0305,-149.9510
7786592,51.50,2047.50,-130.7211,-127.1566
7790498,-184.50,-432.50,-126.9616,-79.6849
7794404,-485.50,-2047.50,-120.0314,-86.2396
7798310,-428.50,-1343.50,-115.0993,-109.5300
7802216,-96.50,1227.50,-110.3988,-169.0396
7806122,89.50,2047.50,-102.1295,-206.9436
7810028,-104.50,-136.50,-88.7624,-189.8524
7813934,-432.50,-2047.50,-76.3350,-169.8350
7817840,-447.50,-1597.50,-75.7062,-158.0979
7821746,-150.50,901.50,-86.9339,-190.4703
7825652,62.50,2047.50,-99.8588,-229.6688
7829558,-101.50,195.50,-104.7973,-223.5608
7833464,-405.50,-2047.50,-97.5837,-208.1532
7837370,-450.50,-1795.50,-82.0286,-201.1704
7841276,-180.50,624.50,-72.2572,-204.4374
7845182,80.50,2047.50,-73.4739,-212.2588
7849088,-37.50,505.50,-73.1320,-209.9772
7852994,-376.50,-1928.50,-68.3762,-210.7081
7856900,-484.50,-1974.50,-67.8966,-212.3242
7860806,-248.50,256.50,-76.8538,-213.6185
7864712,21.50,2047.50,-93.0115,-218.9565
7868618,-54.50,779.50,-105.5246,-210.1703
7872524,-376.50,-1728.50,-107.0778,-206.6837
7876430,-522.50,-2047.50,-101.5900,-194.3549
7880336,-289.50,-52.50,-96.0280,-167.6115
7884242,13.50,2047.50,-92.1638,-160.5353
7888148,-25.50,1088.50,-90.4999,-150.8658
7892054,-322.50,-1449.50,-88.2727,-151.0198
7895960,-494.50,-2047.50,-78.0043,-133.5467
7899866,-303.50,-342.50,-63.9198,-91.4476
7903772,16.50,2047.50,-55.6078,-78.5740
7907678,26.50,1407.50,-54.0325,-63.5848
7911584,-280.50,-1174.50,-57.0905,-73.8469
7915490,-512.50,-2047.50,-62.2919,-82.2409
7919396,-345.50,-689.50,-64.6324,-58.8149
7923302,-18.50,2047.50,-60.5999,-42.5097
7927208,31.50,1742.50,-57.3501,15.7661
7931114,-239.50,-884.50,-59.1620,26.4854
7935020,-483.50,-2047.50,-56.9970,-20.9459
7938926,-352.50,-946.50,-45.1628,-29.7562
7942832,63.50,1995.50,-15.1898,3.5935
7946738,143.50,2047.50,25.4472,105.6843
7950644,-203.50,-609.50,29.6329,119.8575
7954550,-527.50,-2047.50,-18.1160,15.4195
7958456,-393.50,-1277.50,-60.7822,-48.4830
7962362,-74.50,1311.50,-59.3989,-108.4364
7966268,91.50,2047.50,-40.4585,-136.7922
7970174,-142.50,-272.50,-29.2481,-109.5110
7974080,-431.50,-2047.50,-23.0328,-85.5218
7977986,-432.50,-1542.50,-19.1900,-69.9990
7981892,-144.50,934.50,-27.4785,-120.2116
7985798,64.50,2047.50,-45.2243,-183.7676
7989704,-101.50,58.50,-50.2336,-175.9298
7993610,-421.50,-2047.50,-38.0848,-140.6412
7997516,-451.50,-1766.50,-24.4678,-116.1126
8001422,-147.50,649.50,-18.1443,-137.8335
8005328,81.50,2047.50,-17.8107,-176.8456
8009234,-72.50,353.50,-21.7911,-178.4879
8013140,-412.50,-2047.50,-28.5810,-178.6459
8017046,-489.50,-1940.50,-34.3601,-180.5556
8020952,-233.50,310.50,-39.8269,-176.0664
8024858,61.50,2047.50,-43.6458,-178.6386
8028764,-38.50,651.50,-38.5849,-167.6580
8032670,-358.50,-1871.50,-27.6440,-168.5453
8036576,-473.50,-2047.50,-15.7160,-166.2536
8040482,-264.50,5.50,-11.5007,-141.6521
8044388,29.50,2047.50,-22.4146,-130.9103
8048294,-15.50,953.50,-34.1778,-119.1549
8052200,-306.50,-1592.50,-29.8968,-122.4682
8056106,-512.50,-2047.50,-17.6826,-104.8514
8060012,-296.50,-285.50,-16.3845,-56.3278
8063918,21.50,2047.50,-21.0152,-44.0149
8067824,9.50,1272.50,-22.7625,-37.4374
8071730,-303.50,-1291.50,-25.4197,-49.2968
8075636,-518.50,-2047.50,-28.5141,-42.7618
8079542,-354.50,-612.50,-31.2790,-3.1712
8083448,-24.50,2047.50,-33.6000,8.6080
8087354,33.50,1637.50,-31.9510,49.3867
8091260,-253.50,-1010.50,-25.3619,54.9090
8095166,-518.50,-2047.50,-21.0152,22.2829
8099072,-372.50,-942.50,-21.1042,18.7374
8102978,-63.50,1823.50,-21.8206,-0.5083
8106884,38.50,1968.50,-25.3546,42.8302
8110790,-230.50,-677.50,-29.2028,92.9667
8114696,-516.50,-2047.50,-31.3023,72.3374
8118602,-428.50,-1238.50,-32.8742,39.8694
8122508,-96.50,1363.50,-31.1706,-39.1304
8126414,45.50,2047.50,-27.7077,-75.6815
8130320,-142.50,-351.50,-17.9869,-29.6631
8134226,-448.50,-2047.50,1.4932,8.7243
8138132,-512.50,-1478.50,0.8070,20.5716
8142038,-234.50,1003.50,-42.2059,-45.3021
8145944,-40.50,2047.50,-92.9583,-116.4024
8149850,-239.50,-101.50,-115.9282,-113.7003
8153756,-549.50,-2047.50,-115.7647,-87.7049
8157662,-553.50,-1711.50,-104.5287,-56.2020
8161568,-239.50,699.50,-87.6354,-75.4808
8165474,-11.50,2047.50,-72.2992,-122.7864
8169380,-164.50,219.50,-64.0468,-127.2021
8173286,-477.50,-2047.50,-59.6199,-122.8865
8177192,-527.50,-1904.50,-50.2708,-112.7229
8181098,-225.50,374.50,-32.8244,-111.8526
8185004,46.50,2047.50,-11.9391,-127.7405
8188910,-92.50,551.50,-0.7867,-118.1659
8192816,-422.50,-1972.50,-6.6872,-122.5673
8196722,-527.50,-2047.50,-15.0577,-134.6051
8200628,-282.50,65.50,-15.8420,-120.7926
8204534,48.50,2047.50,-7.6602,-105.8463
8208440,-15.50,854.50,10.5860,-82.5052
8212346,-347.50,-1712.50,24.9806,-84.4817
8216252,-527.50,-2047.50,23.9625,-76.8620
8220158,-308.50,-233.50,13.0639,-34.7526
8224064,15.50,2047.50,6.4485,-21.7028
8227970,-24.50,1104.50,5.6742,-22.1088
8231876,-357.50,-1474.50,-2.1940,-59.2451
8235782,-559.50,-2047.50,-15.4132,-64.3312
8239688,-383.50,-573.50,-23.8547,-4.8255
8243594,-45.50,2047.50,-24.8196,24.5182
8247500,15.50,1450.50,-15.4306,56.0275
8251406,-308.50,-1167.50,-3.1173,38.0026
8255312,-536.50,-2047.50,0.2857,9.3038
8259218,-388.50,-869.50,1.3953,39.3151
8263124,-79.50,1898.50,2.4099,49.6311
8267030,30.50,1831.50,0.5638,97.0272
8270936,-250.50,-796.50,3.1310,126.5830
8274842,-533.50,-2047.50,5.8265,100.3987
8278748,-417.50,-1157.50,6.2629,84.2727
8282654,-73.50,1507.50,13.6074,28.2670
8286560,67.50,2047.50,26.2342,21.9399
8290466,-180.50,-471.50,35.8389,73.0662
8294372,-484.50,-2047.50,38.1787,87.1014
8298278,-444.50,-1411.50,34.2452,79.3088
8302184,-142.50,1137.50,24.6533,11.9443
8306090,52.50,2047.50,14.0074,-42.8080
8309996,-140.50,-194.50,15.0100,-29.9452
8313902,-445.50,-2047.50,28.4327,-8.3690
8317808,-440.50,-1637.50,43.9910,16.7118
8321714,-115.50,839.50,56.8880,-6.5314
8325620,107.50,2047.50,66.9909,-50.5526
8329526,-52.50,165.50,74.7168,-50.1573
8333432,-381.50,-2047.50,79.9904,-38.7796
8337338,-449.50,-1859.50,79.9071,-31.8391
8341244,-175.50,485.50,70.8403,-52.5929
8345150,79.50,2047.50,57.7276,-82.9495
8349056,-97.50,419.50,41.2699,-82.1038
8352962,-416.50,-2047.50,20.2328,-98.6898
8356868,-530.50,-2031.50,6.7527,-117.6087
8360774,-260.50,97.50,3.5393,-114.8127
8364680,47.50,2047.50,8.8081,-110.2741
8368586,-21.50,745.50,23.3930,-78.5359
8372492,-333.50,-1821.50,40.6640,-69.0675
8376398,-447.50,-2047.50,60.6667,-63.3943
8380304,-205.50,-130.50,83.6723,-21.8309
8384210,133.50,2047.50,105.4308,-1.4265
8388116,67.50,1059.50,117.9894,8.8393
8392022,-298.50,-1555.50,105.5684,-13.4699
8395928,-488.50,-2047.50,75.4842,-17.4351
8399834,-284.50,-428.50,55.4406,36.4978
8403740,31.50,2047.50,51.3225,65.6705
8407646,94.50,1347.50,58.7231,81.3183
8411552,-253.50,-1245.50,70.1525,51.0349
8415458,-473.50,-2047.50,70.6838,32.1389
8419364,-313.50,-748.50,65.6948,75.1532
8423270,29.50,2047.50,66.5040,108.5963
8427176,86.50,1706.50,68.5925,167.5185
8431082,-192.50,-894.50,67.8423,168.1177
8434988,-476.50,-2047.50,64.3877,119.9117
8438894,-367.50,-1075.50,56.8977,106.6380
8442800,-21.50,1611.50,50.4213,58.4488
8446706,90.50,2047.50,49.2629,70.3668
8450612,-190.50,-584.50,45.5398,132.5480
8454518,-488.50,-2047.50,34.8570,136.7797
8458424,-428.50,-1338.50,24.1238,115.4243
8462330,-98.50,1248.50,17.7654,42.1727
8466236,31.50,2047.50,8.8345,-4.4527
8470142,-188.50,-248.50,-5.2587,25.0871
8474048,-445.50,-2047.50,-4.6695,57.9070
8477954,-447.50,-1610.50,16.0163,69.1776
8481860,-190.50,855.50,20.3701,0.5160
8485766,28.50,2047.50,-2.9901,-72.7264
8489672,-138.50,16.50,-18.6350,-63.8854
8493578,-461.50,-2047.50,-12.9531,-32.5713
8497484,-484.50,-1805.50,-0.2999,-4.5144
8501390,-195.50,563.50,8.5496,-22.2660
8505296,58.50,2047.50,11.6317,-64.1254
8509202,-80.50,337.50,14.6291,-63.9214
8513108,-408.50,-2047.50,19.1162,-65.1822
8517014,-463.50,-1969.50,27.5745,-67.3388
8520920,-181.50,234.50,42.7973,-62.6411
8524826,100.50,2047.50,57.8550,-67.0854
8528732,10.50,653.50,67.8980,-51.8316
8532638,-358.50,-1908.50,67.0693,-58.7198
8536544,-446.50,-2047.50,60.0885,-66.2644
8540450,-224.50,-68.50,60.2760,-37.6946
8544356,82.50,2047.50,62.0716,-21.4697
8548266,48.50,937.50,64.0815,-8.6647
8552172,-302.50,-1674.50,66.4159,-32.1667
8556078,-468.50,-2047.50,62.5600,-37.5301
8559984,-269.50,-332.50,56.5184,24.5645
8563890,48.50,2047.50,51.3977,62.9942
8567796,49.50,1243.50,47.7870,75.3049
8571702,-254.50,-1382.50,47.9841,34.6592
8575608,-468.50,-2047.50,51.7928,11.9774
8579514,-324.50,-678.50,51.1153,61.6548
8583420,7.50,2047.50,41.7195,96.9969
8587326,50.50,1562.50,31.7479,140.8036
8591232,-233.50,-1071.50,27.0548,119.2749
8595138,-480.50,-2047.50,28.4267,70.6458
8599044,-339.50,-991.50,35.1592,86.7960
8602950,-15.50,1703.50,42.4864,71.1643
8606856,75.50,1925.50,42.6795,90.2769
8610762,-208.50,-710.50,33.4913,131.6982
8614668,-495.50,-2047.50,19.7230,127.6976
8618574,-456.50,-1301.50,2.1016,113.9330
8622480,-111.50,1260.50,-16.6783,28.4398
8626386,-9.50,2047.50,-32.3150,-22.2930
8630292,-225.50,-446.50,-45.5934,19.0145
8634198,-545.50,-2047.50,-52.7930,51.3099
8638104,-525.50,-1545.50,-57.3356,69.6180
8642010,-188.50,976.50,-61.1973,18.4238
8645916,-64.50,2047.50,-69.0381,-37.7983
8649822,-398.50,-319.50,-112.7200,-59.6879
8653728,-815.50,-2047.50,-204.3892,-89.6009
8657634,-908.50,-1924.50,-308.8826,-79.5901
8661540,-660.50,210.50,-394.0066,-169.7172
8665446,-556.50,1369.50,-467.2135,-402.6505
8669352,-790.50,-546.50,-546.2897,-616.8720
8673258,-1224.50,-2047.50,-628.1623,-626.2195
8677164,-1391.50,-2047.50,-710.5267,-365.6570
8681070,-1193.50,-548.50,-794.9479,-265.2372
8684976,-956.50,821.50,-864.9516,-588.4000
8688882,-1072.50,-660.50,-898.0405,-977.3489
8692788,-1487.50,-2047.50,-907.6917,-1002.5635
8696694,-1642.50,-2047.50,-926.9779,-575.8968
8700600,-1338.50,-1024.50,-942.2910,-281.5412
8704506,-1024.50,618.50,-923.4913,-560.0254
8708412,-1054.50,-512.50,-878.7524,-992.4898
8712318,-1378.50,-2047.50,-830.2211,-1065.6886
8716224,-1487.50,-2047.50,-783.4698,-653.7030
8720130,-1260.50,-1242.50,-737.9263,-271.2261
8724036,-920.50,577.50,-700.4265,-436.2805
8727942,-917.50,-176.50,-669.4698,-814.8319
8731848,-1204.50,-2047.50,-635.3435,-938.1199
8735754,-1364.50,-2047.50,-591.5553,-643.4599
8739660,-1172.50,-1433.50,-544.6310,-270.2378
8743566,-821.50,511.50,-507.9353,-343.8024
8747472,-779.50,163.50,-481.4602,-648.2933
8751378,-1064.50,-2047.50,-458.4036,-801.0452
8755284,-1230.50,-2047.50,-424.0087,-628.4163
8759190,-1057.50,-1582.50,-370.4475,-279.4270
8763096,-730.50,471.50,-322.0042,-252.3918
8767002,-628.50,464.50,-296.3284,-466.7535
8770908,-853.50,-1944.50,-273.1094,-636.2415
8774814,-1060.50,-2047.50,-228.9840,-575.5928
8778720,-879.50,-1732.50,-161.7483,-274.0819
8782626,-561.50,416.50,-95.5945,-178.4311
8786532,-454.50,815.50,-65.5638,-293.1438
8790438,-682.50,-1439.50,-65.7947,-383.3446
8794344,-948.50,-2047.50,-61.1890,-336.6522
8798250,-889.50,-1870.50,-42.6696,-136.7113
8802156,-526.50,304.50,-18.5846,-92.2105
8806062,-330.50,1087.50,10.5526,-171.3446
8809968,-476.50,-985.50,49.7038,-203.6828
8813874,-776.50,-2047.50,95.3109,-167.4512
8817780,-847.50,-1995.50,115.9161,-48.4087
8821686,-512.50,114.50,99.8601,-39.6272
8825592,-298.50,1221.50,83.5477,-101.3857
8829498,-425.50,-586.50,90.9153,-105.6666
8833404,-700.50,-2047.50,122.4050,-77.9826
8837310,-719.50,-2047.50,167.5231,-1.4040
8841216,-400.50,25.50,208.6823,34.2145
8845122,-108.50,1687.50,243.0270,91.1897
8849028,-180.50,-15.50,280.6449,217.0578
8852934,-447.50,-2047.50,327.9547,214.5402
8856840,-463.50,-2047.50,386.8529,126.4476
8860746,-146.50,-126.50,452.3757,96.9176
8864652,151.50,2047.50,506.9915,222.1877
8868558,112.50,592.50,541.9389,466.4563
8872464,-175.50,-1982.50,568.6049,476.7134
8876370,-303.50,-2047.50,592.6869,262.5714
8880276,-57.50,-251.50,608.1118,168.7613
8884182,295.50,2047.50,621.9353,300.3299
8888088,273.50,1057.50,642.5774,548.9288
8891994,-13.50,-1536.50,662.2880,610.5716
8895900,-169.50,-2047.50,679.1458,446.7787
8899806,28.50,-404.50,692.7330,331.2249
8903712,359.50,2047.50,698.0542,406.4187
8907618,405.50,1505.50,701.5963,631.3034
8911524,135.50,-1101.50,712.8116,728.9777
8915430,-97.50,-2047.50,724.7562,591.7708
8919336,63.50,-592.50,724.8081,442.4981
8923242,389.50,2047.50,716.0318,477.4150
8927148,469.50,1951.50,707.6088,711.0947
8931054,221.50,-690.50,707.1555,850.3714
8934960,-62.50,-2047.50,709.2689,710.7539
8938866,46.50,-838.50,699.3637,501.5137
8942772,380.50,2047.50,683.1550,500.6935
8946678,493.50,2047.50,671.0269,719.5474
8950584,192.50,-273.50,652.6717,834.3309
8954490,-95.50,-2047.50,620.8931,701.2708
8958396,-25.50,-1088.50,592.9568,498.7524
8962302,309.50,1929.50,581.9439,490.5888
8966208,464.50,2047.50,579.2860,682.8852
8970114,239.50,45.50,573.0974,749.4037
8974020,-73.50,-2046.50,560.3978,610.7005
8977926,-67.50,-1381.50,544.1697,424.0671
8981832,224.50,1373.50,524.3738,365.4714
8985738,430.50,2047.50,503.0553,466.1591
8989644,217.50,358.50,482.7666,541.8622
8993550,-111.50,-1919.50,459.8218,511.7691
8997456,-173.50,-1621.50,434.0343,403.5702
9001362,86.50,979.50,403.4573,333.4765
9005268,304.50,2047.50,367.6186,373.9296
9009174,147.50,643.50,334.7643,430.5524
9013080,-175.50,-1729.50,311.9592,441.4706
9016986,-265.50,-1822.50,300.1817,381.0882
9020892,-0.50,592.50,292.2947,307.0459
9024798,273.50,2047.50,284.4186,308.4628
9028704,137.50,873.50,272.0898,349.3404
9032610,-207.50,-1604.50,247.7100,358.7909
9036516,-346.50,-2028.50,219.7166,297.5897
9040422,-112.50,143.50,199.1242,214.0277
9044328,146.50,2047.50,180.7446,208.9996
9048234,97.50,1093.50,159.4686,276.2313
9052140,-242.50,-1454.50,140.2005,299.4234
9056046,-429.50,-2047.50,123.4273,251.2932
9059952,-258.50,-277.50,102.3845,193.3643
9063858,-6.50,2047.50,68.3447,187.4594
9067764,-82.50,1204.50,14.5671,238.8918
9071670,-447.50,-1462.50,-52.8755,193.7019
9075576,-710.50,-2047.50,-118.3009,95.4048
9079482,-655.50,-921.50,-184.4609,49.9104
9083388,-404.50,1434.50,-262.9579,-46.2578
9087294,-372.50,1134.50,-334.2595,-129.5228
9091200,-691.50,-1573.50,-376.1180,-198.9306
9095106,-1068.50,-2047.50,-415.3179,-208.9973
9099012,-986.50,-1443.50,-478.6773,-119.8608
9102918,-666.50,809.50,-535.7270,-211.5900
9106824,-573.50,1010.50,-558.2515,-407.4020
9110730,-808.50,-1423.50,-552.4241,-496.4417
9114636,-1028.50,-2047.50,-521.9652,-398.4045
9118542,-922.50,-1668.50,-472.4402,-169.9946
9122448,-597.50,667.50,-426.7440,-156.7171
9126354,-433.50,1327.50,-399.4493,-281.2529
9130260,-614.50,-988.50,-376.1737,-321.7624
9134166,-929.50,-2047.50,-349.6474,-251.2913
9138072,-899.50,-1791.50,-333.4792,-95.8793
9141978,-571.50,560.50,-325.6618,-82.0531
9145884,-336.50,1651.50,-308.3723,-138.2167
9149790,-492.50,-533.50,-274.1032,-123.1374
9153696,-803.50,-2047.50,-236.6895,-93.7727
9157602,-824.50,-1941.50,-213.2157,-42.9165
9161508,-492.50,296.50,-198.2892,-71.4580
9165414,-250.50,1852.50,-178.8505,-100.3054
9169320,-367.50,-47.50,-154.1724,-20.7519
9173226,-649.50,-2047.50,-123.6183,19.8026
9177132,-657.50,-2008.50,-80.6321,7.3943
9181038,-316.50,198.50,-23.3644,-11.5868
9184944,-98.50,2047.50,24.4063,36.0527
9188850,-170.50,450.50,40.7615,162.4414
9192756,-512.50,-2047.50,40.6680,157.5019
9196662,-573.50,-2047.50,46.1913,41.8742
9200568,-266.50,112.50,73.8915,26.6941
9204474,80.50,2047.50,125.4259,136.9859
9208380,93.50,912.50,188.4387,271.5403
9212286,-143.50,-1598.50,258.2853,294.2376
9216192,-264.50,-2047.50,326.9572,222.5356
9220098,-8.50,-83.50,379.5187,190.8687
9224004,335.50,2047.50,415.3875,242.5574
9227910,341.50,1323.50,441.1872,342.5803
9231816,36.50,-1225.50,455.3062,379.4742
9235722,-156.50,-2047.50,458.2210,325.6213
9239628,-2.50,-325.50,451.0911,278.0663
9243534,355.50,2047.50,441.1721,304.8526
9247440,351.50,1742.50,433.8191,414.9682
9251346,69.50,-920.50,420.8957,470.9676
9255252,-204.50,-2047.50,401.1061,392.8372
9259158,-109.50,-648.50,371.3408,296.8103
9263064,240.50,2047.50,339.2401,306.2889
9266970,235.50,1986.50,309.4879,439.7542
9270876,-104.50,-721.50,258.0558,482.5633
9274782,-489.50,-2047.50,175.8633,352.0049
9278688,-462.50,-1273.50,79.4991,187.9604
9282594,-216.50,1190.50,-10.8703,18.1343
9286500,-141.50,1903.50,-87.9913,-30.3121
9290406,-468.50,-847.50,-157.5080,7.4407
9294312,-865.50,-2047.50,-232.0229,-8.1593
9298218,-846.50,-1696.50,-306.7735,-20.1475
9302124,-559.50,592.50,-359.2714,-133.2607
9306030,-382.50,1566.50,-385.0311,-285.6464
9309936,-570.50,-671.50,-387.3125,-328.3043
9313842,-894.50,-2047.50,-374.0480,-268.0694
9317748,-900.50,-1903.50,-361.3579,-132.2509
9321654,-591.50,359.50,-354.4271,-126.4637
9325560,-414.50,1669.50,-356.7634,-220.2641
9329466,-547.50,-297.50,-364.0876,-251.2204
9333372,-810.50,-2047.50,-349.0570,-225.3868
9337278,-826.50,-2013.50,-302.5119,-137.2290
9341184,-542.50,156.50,-254.1691,-106.0243
9345090,-249.50,1962.50,-222.5157,-109.4257
9348996,-385.50,106.50,-201.7743,-65.3037
9352902,-674.50,-2047.50,-186.1390,-89.8746
9356808,-735.50,-2047.50,-162.3899,-113.3433
9360714,-464.50,-150.50,-129.2662,-99.1061
9364620,-179.50,2047.50,-103.5322,-70.2874
9368526,-239.50,567.50,-88.4496,18.1931
9372432,-561.50,-2047.50,-77.4938,-7.6813
9376338,-683.50,-2047.50,-65.9292,-96.1510
9380244,-385.50,-271.50,-41.4454,-59.0461
9384150,16.50,2047.50,13.0965,40.9974
9388056,11.50,1017.50,86.0176,147.2138
9391962,-268.50,-1583.50,144.2267,147.7105
9395868,-426.50,-2047.50,181.1511,86.0743
9399774,-206.50,-390.50,207.8442,107.9750
9403680,144.50,2047.50,230.7495,180.6920
9407586,222.50,1489.50,258.8304,279.2672
9411492,-32.50,-1120.50,298.4395,306.2972
9415398,-188.50,-2047.50,348.1508,249.8657
9419304,13.50,-540.50,402.6289,231.4554
9423210,329.50,2047.50,443.1234,282.7272
9427116,432.50,2032.50,458.1566,416.6576
9431022,176.50,-575.50,465.6612,514.7920
9434928,-66.50,-2047.50,477.2590,458.2857
9438834,55.50,-772.50,487.6564,342.1689
9442740,398.50,2047.50,494.4995,332.3536
9446646,546.50,2047.50,502.1569,435.7485
9450552,292.50,-158.50,511.2119,478.6697
9454458,16.50,-1997.50,514.4047,423.5223
9458364,80.50,-973.50,511.3479,349.7472
9462270,419.50,2047.50,507.7338,387.1467
9466176,624.50,2047.50,512.2750,497.3562
9470082,368.50,198.50,519.4783,468.4274
9473988,71.50,-1800.50,512.4458,392.3807
9477894,73.50,-1096.50,496.4876,381.9243
9481800,379.50,1904.50,480.0185,465.1759
9485706,575.50,2047.50,462.2277,542.3413
9489612,398.50,511.50,446.6122,433.6493
9493518,74.50,-1661.50,435.5367,327.2268
9497424,-5.50,-1373.50,420.0212,326.2126
9501330,274.50,1325.50,391.3197,354.4901
9505236,511.50,2047.50,360.6370,347.0082
9509142,378.50,816.50,341.6656,260.2109
9513048,17.50,-1485.50,328.0886,246.6267
9516954,-79.50,-1569.50,308.5475,300.2986
9520860,195.50,878.50,288.5586,310.8679
9524766,445.50,2047.50,273.3333,257.1449
9528672,336.50,1095.50,255.1222,173.6245
9532578,-19.50,-1356.50,230.1562,180.7418
9536484,-144.50,-1813.50,206.5425,220.1606
9540390,45.50,462.50,185.5123,203.4991
9544296,368.50,2047.50,164.3768,157.3468
9548202,293.50,1371.50,148.8880,123.6798
9552108,-37.50,-1129.50,134.1295,162.8337
9556014,-213.50,-1936.50,118.9269,199.4268
9559920,-16.50,132.50,108.8253,175.2286
9563826,287.50,2047.50,99.3084,141.7035
9567732,277.50,1665.50,85.7795,139.9228
9571638,-32.50,-913.50,70.7096,177.5573
9575544,-249.50,-2030.50,60.2878,174.7174
9579450,-86.50,-258.50,54.8807,117.6987
9583356,247.50,2047.50,52.2132,95.4168
9587266,297.50,1986.50,50.9599,157.6397
9591172,-31.50,-648.50,41.8852,228.5431
9595078,-287.50,-2047.50,20.7516,193.8547
9598984,-169.50,-648.50,0.6199,92.9414
9602890,175.50,2047.50,-7.7035,68.3990
9606796,276.50,2047.50,-6.4789,151.3747
9610702,6.50,-335.50,-4.8741,197.1749
9614608,-303.50,-2047.50,-12.3996,142.2053
9618514,-246.50,-1000.50,-31.5967,48.6795
9622420,73.50,2047.50,-54.4495,55.9369
9626326,250.50,2047.50,-66.2326,170.0550
9630232,10.50,-101.50,-62.8151,161.9351
9634138,-317.50,-2047.50,-61.0073,45.6064
9638044,-290.50,-1292.50,-69.7530,-40.0924
9641950,38.50,1535.50,-77.6545,-44.5981
9645856,210.50,2047.50,-82.1648,7.5095
9649762,50.50,240.50,-84.0250,5.1345
9653668,-256.50,-1935.50,-74.2410,-20.8036
9657574,-292.50,-1538.50,-60.1437,-40.9094
9661480,16.50,1107.50,-55.9720,-61.3858
9665386,250.50,2047.50,-57.9120,-71.0188
9669292,97.50,510.50,-59.6241,-95.3866
9673198,-272.50,-1822.50,-67.5388,-96.0404
9677104,-366.50,-1775.50,-88.2283,-88.1209
9681010,-79.50,715.50,-110.2738,-103.6787
9684916,183.50,2047.50,-120.4632,-124.6897
9688822,71.50,833.50,-122.8219,-136.3227
9692728,-271.50,-1641.50,-125.8863,-108.3507
9696634,-393.50,-1968.50,-130.3573,-91.5493
9700540,-130.50,330.50,-131.6517,-122.5983
9704446,154.50,2047.50,-129.8050,-155.6607
9708352,110.50,1094.50,-127.6207,-156.3892
9712258,-233.50,-1432.50,-125.8474,-122.3220
9716164,-412.50,-2047.50,-129.1331,-97.7106
9720070,-207.50,23.50,-139.4684,-104.2949
9723976,98.50,2047.50,-152.2233,-116.7262
9727882,93.50,1405.50,-161.4636,-104.3359
9731788,-232.50,-1188.50,-165.1377,-79.2782
9735694,-435.50,-2047.50,-165.4859,-69.5452
9739600,-285.50,-363.50,-168.2161,-82.0025
9743506,47.50,2047.50,-176.7440,-98.2373
9747412,61.50,1713.50,-188.0746,-60.5358
9751318,-240.50,-955.50,-200.7015,-28.4865
9755224,-463.50,-2047.50,-205.9869,-51.9243
9759130,-348.50,-726.50,-201.5159,-85.4300
9763036,-45.50,2047.50,-205.0374,-87.0922
9766942,80.50,2041.50,-214.5080,7.5059
9770848,-175.50,-624.50,-208.3559,71.5312
9774754,-476.50,-2047.50,-194.7760,13.3127
9778660,-386.50,-1071.50,-192.8009,-74.5216
9782566,-30.50,1819.50,-192.7682,-116.2672
9786472,116.50,2047.50,-182.6575,-61.1903
9790378,-160.50,-340.50,-175.7352,-31.8377
9794284,-454.50,-2047.50,-182.4025,-77.3982
9798190,-412.50,-1369.50,-189.1284,-124.1937
9802096,-10.50,1359.50,-175.4782,-172.6234
9806002,240.50,2047.50,-129.4691,-179.5311
9809908,-13.50,58.50,-80.1869,-151.5118
9813814,-386.50,-2047.50,-75.6389,-128.6609
9817720,-418.50,-1593.50,-110.7037,-137.2802
9821626,-101.50,1023.50,-145.2626,-179.2735
9825532,144.50,2047.50,-156.6528,-205.0672
9829438,-15.50,327.50,-147.6704,-207.1740
9833344,-316.50,-1999.50,-128.0655,-197.5897
9837250,-366.50,-1758.50,-102.8219,-188.5105
9841156,-48.50,742.50,-78.7600,-179.4743
9845062,225.50,2047.50,-59.9023,-178.8846
9848968,145.50,699.50,-41.0712,-185.6703
9852874,-153.50,-1674.50,-12.9932,-148.8362
9856780,-290.50,-1902.50,14.4982,-98.6850
9860686,16.50,510.50,28.2085,-86.1779
9864592,335.50,2047.50,42.3214,-106.8204
9868498,298.50,1105.50,66.4986,-125.9560
9872404,-37.50,-1359.50,90.7059,-76.6475
9876310,-180.50,-1904.50,106.3231,-0.8089
9880216,45.50,288.50,112.9615,30.0727
9884122,390.50,2047.50,116.6657,3.0396
9888028,393.50,1520.50,126.9507,-30.0922
9891934,33.50,-1044.50,136.0602,15.2724
9895840,-166.50,-1967.50,130.5607,71.0840
9899746,18.50,-0.50,118.5227,71.3752
9903652,320.50,2047.50,103.9359,41.8152
9907558,353.50,1865.50,84.7386,35.9163
9911464,22.50,-764.50,67.1636,84.9917
9915370,-216.50,-2006.50,54.2738,103.5984
9919276,-64.50,-329.50,48.0659,70.0164
9923182,235.50,2047.50,40.7972,52.3064
9927088,306.50,2047.50,21.7029,77.0059
9930994,39.50,-484.50,4.4139,104.9888
9934900,-259.50,-2047.50,-1.4108,78.1854
9938806,-175.50,-722.50,-9.5930,16.7990
9942712,167.50,2047.50,-23.0496,19.7890
9946618,269.50,2047.50,-36.3703,80.6651
9950524,-0.50,-222.50,-52.9213,67.5022
9954430,-296.50,-2047.50,-68.1876,-2.3816
9958336,-239.50,-1089.50,-73.0141,-56.5199
9962242,93.50,1950.50,-70.4694,-19.5981
9966148,240.50,2047.50,-72.8394,73.0143
9970054,13.50,44.50,-85.4145,31.4324
9973960,-314.50,-2017.50,-99.7789,-71.5692
9977866,-334.50,-1400.50,-111.9790,-120.6785
9981772,-10.50,1342.50,-123.6682,-125.9965
9985678,219.50,2047.50,-127.8382,-115.7999
9989584,16.50,336.50,-126.0071,-143.7857
9993490,-308.50,-1900.50,-127.4721,-151.4979
9997396,-328.50,-1647.50,-124.0275,-134.1478
10001302,-21.50,981.50,-109.8955,-131.4322
10005208,208.50,2047.50,-100.4529,-146.8465
10009114,51.50,618.50,-108.0749,-188.6069
10013020,-272.50,-1743.50,-121.5656,-186.7960
10016926,-380.50,-1856.50,-126.6529,-152.3050
10020832,-79.50,577.50,-123.5523,-151.2570
10024738,208.50,2047.50,-113.6055,-181.4681
10028644,144.50,916.50,-98.3703,-212.7195
10032550,-197.50,-1521.50,-82.9015,-186.6934
10036456,-347.50,-2011.50,-75.0133,-139.0465
10040362,-110.50,239.50,-77.8787,-138.1308
10044268,194.50,2047.50,-85.3817,-167.1107
10048174,178.50,1249.50,-87.3128,-179.0452
10052080,-190.50,-1273.50,-85.7279,-141.8065
10055986,-424.50,-2047.50,-99.9677,-95.8337
10059892,-334.50,-159.50,-147.7026,-104.5118
10063798,27.50,2047.50,-209.7077,-147.3167
10067704,53.50,1527.50,-237.9048,-147.1928
10071610,-291.50,-1100.50,-234.1984,-120.2318
10075516,-520.50,-2047.50,-231.4614,-106.8275
10079422,-320.50,-483.50,-225.6569,-103.9988
10083328,7.50,2047.50,-209.6157,-105.4943
10087234,51.50,1893.50,-201.9897,-52.2797
10091140,-229.50,-786.50,-207.0874,-4.1738
10095046,-512.50,-2047.50,-211.5827,-29.2364
10098952,-366.50,-781.50,-209.2234,-69.6327
10102858,-13.50,2047.50,-196.4711,-62.9532
10106764,119.50,2047.50,-177.5867,16.8039
10110670,-143.50,-463.50,-160.6595,39.5073
10114576,-422.50,-2047.50,-147.1323,-26.6656
10118482,-341.50,-1103.50,-133.7210,-84.4533
10122388,-1.50,1768.50,-121.1897,-93.8087
10126294,141.50,2047.50,-117.4525,-50.3373
10130200,-138.50,-150.50,-131.2184,-55.2121
10134106,-406.50,-2047.50,-148.7724,-101.6255
10138012,-395.50,-1388.50,-146.8050,-126.6112
10141918,-64.50,1328.50,-135.1564,-143.6760
10145824,129.50,2047.50,-130.4384,-148.6007
10149730,-79.50,155.50,-134.0854,-164.9064
10153636,-389.50,-2046.50,-138.3519,-178.2986
10157542,-429.50,-1647.50,-135.3147,-181.3498
10161448,-126.50,919.50,-132.6002,-193.9592
10165354,128.50,2047.50,-132.5589,-211.1584
10169260,-24.50,426.50,-128.7040,-229.6302
10173166,-372.50,-1933.50,-124.9259,-225.9108
10177072,-447.50,-1867.50,-124.3299,-208.9069
10180978,-158.50,579.50,-122.7371,-204.7559
10184884,109.50,2047.50,-120.3222,-216.0540
10188790,-8.50,738.50,-122.1009,-229.1113
10192696,-349.50,-1733.50,-127.6528,-215.6287
10196602,-456.50,-2031.50,-127.2129,-191.1422
10200508,-206.50,212.50,-118.5422,-191.4708
10204414,83.50,2047.50,-113.4002,-210.4211
10208320,30.50,1001.50,-115.4023,-219.1952
10212226,-308.50,-1550.50,-117.5580,-213.9079
10216132,-473.50,-2047.50,-116.1528,-185.3390
10220038,-251.50,-127.50,-111.5825,-151.2378
10223944,48.50,2047.50,-110.1431,-151.9473
10227850,49.50,1307.50,-114.6440,-154.6110
10231756,-281.50,-1288.50,-118.5171,-155.8911
10235662,-485.50,-2047.50,-118.1758,-139.4743
10239568,-305.50,-447.50,-114.1719,-102.2573
10243474,20.50,2047.50,-110.7427,-91.4767
10247380,61.50,1691.50,-111.6832,-58.4783
10251286,-234.50,-991.50,-112.7300,-39.9863
10255192,-478.50,-2047.50,-108.8841,-58.3120
10259098,-332.50,-761.50,-100.6421,-62.5020
10263004,-9.50,2047.50,-94.4455,-48.0259
10266910,74.50,2047.50,-97.1541,38.9215
10270816,-208.50,-641.50,-105.4212,88.2511
10274722,-492.50,-2047.50,-112.0455,30.1969
10278628,-390.50,-1085.50,-112.7306,-36.1800
10282534,-60.50,1714.50,-108.3325,-79.5805
10286440,97.50,2047.50,-102.3703,-59.2132
10290346,-111.50,-319.50,-88.1641,-37.1188
10294252,-416.50,-2047.50,-65.5197,-52.0528
10298158,-447.50,-1363.50,-60.8751,-65.8343
10302064,-105.50,1285.50,-83.3204,-110.2758
10305970,111.50,2047.50,-97.8513,-145.9331
10309876,-104.50,-32.50,-89.3964,-151.6372
10313782,-447.50,-2047.50,-82.0137,-141.6984
10317688,-454.50,-1616.50,-85.0190,-123.4071
10321594,-127.50,923.50,-85.5798,-143.7484
10325500,99.50,2047.50,-79.3093,-182.9385
10329406,-69.50,262.50,-74.0424,-199.6162
10333312,-430.50,-2047.50,-77.2334,-198.0702
10337218,-512.50,-1864.50,-90.3454,-192.0736
10341124,-201.50,557.50,-102.3665,-201.2291
10345030,67.50,2047.50,-101.4048,-218.3238
10348936,-73.50,541.50,-96.3880,-220.7917
10352842,-399.50,-1935.50,-96.3423,-219.2071
10356748,-538.50,-2032.50,-98.1596,-214.1812
10360654,-271.50,220.50,-103.2214,-205.0726
10364560,23.50,2047.50,-108.0366,-203.4140
10368466,-36.50,816.50,-106.0466,-199.8924
10372372,-368.50,-1712.50,-97.8509,-202.8421
10376278,-522.50,-2047.50,-87.1058,-179.2587
10380184,-268.50,-82.50,-74.5208,-130.6339
10384090,35.50,2047.50,-62.4758,-119.5319
10387996,-14.50,1135.50,-63.0958,-125.7443
10391902,-320.50,-1409.50,-73.1962,-135.8931
10395808,-518.50,-2047.50,-74.0256,-109.4825
10399714,-310.50,-390.50,-63.5902,-54.9700
10403620,11.50,2047.50,-52.7126,-44.9527
10407526,58.50,1498.50,-45.8298,-34.0997
10411432,-254.50,-1134.50,-39.6139,-39.1215
10415338,-483.50,-2047.50,-32.8478,-44.9422
10419244,-328.50,-688.50,-25.6562,-15.1679
10423150,32.50,2047.50,-15.6028,8.5341
10427056,113.50,1924.50,-3.1747,78.8507
10430962,-190.50,-810.50,3.0284,111.2780
10434868,-467.50,-2047.50,-1.6841,58.0955
10438774,-345.50,-1007.50,-6.0186,16.4535
10442680,-24.50,1758.50,-5.1413,-13.1809
10446586,101.50,2047.50,-7.8114,15.3498
10450492,-170.50,-486.50,-15.3148,45.3188
10454398,-459.50,-2047.50,-21.2039,22.4565
10458304,-428.50,-1306.50,-24.7153,1.6546
10462210,-110.50,1301.50,-33.9434,-56.0449
10466116,61.50,2047.50,-47.7238,-100.7619
10470022,-162.50,-197.50,-55.9738,-95.4311
10473928,-492.50,-2047.50,-59.0043,-76.0873
10477834,-480.50,-1565.50,-60.0010,-50.6522
10481740,-136.50,959.50,-54.4196,-80.2249
10485646,73.50,2047.50,-42.9242,-132.9005
10489552,-123.50,110.50,-37.6282,-145.4403
10493458,-450.50,-2047.50,-40.8670,-133.1582
10497364,-474.50,-1790.50,-39.1515,-109.4560
10501270,-182.50,642.50,-30.4912,-113.5612
10505176,80.50,2047.50,-24.1713,-141.7010
10509082,-62.50,419.50,-20.7683,-152.6797
10512988,-414.50,-2011.50,-21.0141,-158.9955
10516894,-520.50,-1983.50,-27.2848,-158.6796
10520800,-213.50,334.50,-30.8055,-144.6420
10524706,103.50,2047.50,-17.8021,-134.9732
10528612,-1.50,736.50,3.9094,-127.6396
10532518,-399.50,-1826.50,5.0670,-135.1604
10536424,-538.50,-2047.50,-17.9904,-130.6351
10540330,-263.50,-45.50,-33.4697,-106.4219
10544236,36.50,2047.50,-29.1771,-105.8574
10548142,-8.50,978.50,-23.0528,-109.6790
10552048,-319.50,-1605.50,-18.3138,-130.7186
10555954,-518.50,-2047.50,-9.5524,-117.8268
10559860,-300.50,-356.50,-3.5663,-54.8314
10563766,18.50,2047.50,-3.6952,-32.7294
10567672,18.50,1289.50,-8.9653,-28.6006
10571578,-319.50,-1341.50,-18.6650,-60.6216
10575484,-541.50,-2047.50,-27.4799,-71.6177
10579390,-344.50,-693.50,-25.4937,-19.6863
10583296,-15.50,2047.50,-14.3399,10.5634
10587202,59.50,1671.50,-5.5804,61.9137
10591108,-273.50,-990.50,-4.7092,68.3153
10595014,-541.50,-2047.50,-13.7056,31.9710
10598920,-409.50,-974.50,-23.4963,35.3705
10602826,-56.50,1743.50,-23.9653,14.0793
10606732,57.50,2047.50,-17.9711,47.1798
10610638,-217.50,-655.50,-11.4258,103.5015
10614544,-521.50,-2047.50,-9.0571,88.5496
10618450,-436.50,-1272.50,-10.1435,57.2505
10622356,-111.50,1303.50,-12.9406,-23.0991
10626266,58.50,2047.50,-17.0885,-74.2040
10630172,-175.50,-342.50,-16.0540,-43.2302
10634078,-477.50,-2047.50,-6.7208,-5.8346
10637984,-454.50,-1508.50,4.9623,21.6641
10641890,-128.50,1001.50,10.1818,-21.6731
10645796,66.50,2047.50,6.5152,-84.3778
10649702,-126.50,-47.50,1.6925,-91.3303
10653608,-446.50,-2047.50,4.2821,-73.9703
10657514,-474.50,-1733.50,12.9356,-41.8671
10661420,-176.50,701.50,16.0743,-50.0483
10665326,69.50,2047.50,10.7907,-89.1355
10669232,-94.50,277.50,5.3432,-100.6824
10673138,-430.50,-2047.50,3.5336,-105.9887
10677044,-494.50,-1921.50,7.4082,-99.1724
10680950,-185.50,347.50,18.4329,-93.4408
10684856,89.50,2047.50,31.7128,-106.0311
10688762,-15.50,599.50,40.7523,-100.8009
10692668,-333.50,-1914.50,49.1636,-101.6340
10696574,-481.50,-2047.50,57.8368,-99.6573
10700480,-230.50,45.50,55.7303,-78.3017
10704386,61.50,2047.50,43.7411,-70.0911
10708292,-2.50,870.50,32.0616,-64.3374
10712198,-334.50,-1711.50,26.4454,-86.0217
10716104,-512.50,-2047.50,26.6653,-81.9086
10720010,-283.50,-265.50,27.8261,-24.3131
10723916,48.50,2047.50,30.3807,0.8980
10727822,33.50,1168.50,34.3453,4.4825
10731728,-293.50,-1416.50,35.3655,-26.3567
10735634,-534.50,-2047.50,29.6475,-27.7034
10739540,-365.50,-585.50,15.0049,30.2840
10743446,-18.50,2047.50,0.6284,57.3735
10747352,16.50,1521.50,-4.4822,88.6420
10751258,-289.50,-1108.50,-4.7224,74.2206
10755164,-542.50,-2047.50,-4.0852,44.5824
10759070,-384.50,-879.50,0.0738,69.4870
10762976,-37.50,1890.50,9.0995,78.0530
10766882,53.50,1914.50,16.7378,128.9119
10770788,-217.50,-720.50,20.5619,168.7264
10774694,-485.50,-2047.50,27.2230,143.5654
10778600,-406.50,-1172.50,35.2310,115.4800
10782506,-63.50,1435.50,36.5118,41.8584
10786412,87.50,2047.50,34.6277,11.0545
10790318,-172.50,-457.50,34.5900,47.6918
10794224,-473.50,-2047.50,34.5003,66.4794
10798130,-433.50,-1433.50,35.3913,75.5093
10802036,-96.50,1109.50,37.0513,24.4329
10805942,77.50,2047.50,35.7150,-30.0288
10809848,-126.50,-138.50,32.0385,-24.0560
10813754,-434.50,-2047.50,34.2826,-2.8561
10817660,-431.50,-1658.50,46.2506,24.5154
10821566,-100.50,783.50,61.1558,0.3699
10825472,143.50,2047.50,74.6937,-50.7296
10829378,-18.50,183.50,87.3008,-58.1812
10833284,-346.50,-2047.50,98.0804,-50.4497
10837190,-396.50,-1839.50,107.2726,-32.4803
10841096,-117.50,502.50,110.9498,-22.9620
10845002,141.50,2047.50,104.6312,-37.0017
10848908,-15.50,511.50,89.9489,-42.7637
10852814,-361.50,-1971.50,70.8450,-56.7283
10856720,-493.50,-2008.50,53.0343,-64.9584
10860626,-239.50,150.50,36.2097,-52.9982
10864532,63.50,2047.50,23.2161,-47.6937
10868438,-10.50,807.50,21.0210,-35.6471
10872344,-335.50,-1723.50,27.5652,-36.3695
10876250,-512.50,-2047.50,33.7007,-22.9866
10880156,-268.50,-136.50,32.7027,15.9119
10884062,61.50,2047.50,32.3546,25.2907
10887968,29.50,1104.50,36.9923,25.8902
10891874,-293.50,-1450.50,40.4797,7.9865
10895780,-470.50,-2047.50,46.4992,17.9738
10899686,-303.50,-488.50,52.8574,61.9025
10903592,-10.50,2047.50,42.2696,68.2277
10907498,13.50,1396.50,16.8924,81.6017
10911404,-275.50,-1197.50,2.0439,60.5170
10915310,-533.50,-2047.50,3.4114,43.2612
10919216,-377.50,-796.50,5.2477,79.4248
10923122,-47.50,2034.50,2.7005,106.6366
10927028,45.50,1761.50,1.4844,170.6965
10930934,-223.50,-859.50,8.2952,178.9989
10934840,-512.50,-2047.50,18.0021,126.2842
10938746,-394.50,-1097.50,21.2527,107.5962
10942652,-46.50,1550.50,23.8010,55.6905
10946558,93.50,2047.50,31.3216,55.0592
10950464,-166.50,-551.50,39.8823,109.2888
10954370,-458.50,-2047.50,45.1274,118.3299
10958276,-417.50,-1351.50,45.5024,108.7121
10962182,-84.50,1200.50,40.4739,44.8140
10966088,108.50,2047.50,37.6116,-6.4871
10969994,-118.50,-245.50,42.2152,8.9008
10973900,-440.50,-2047.50,46.0873,31.3351
10977806,-426.50,-1601.50,47.1176,52.8294
10981712,-85.50,848.50,52.5830,11.7237
10985618,63.50,2047.50,51.6483,-49.4852
10989524,-113.50,62.50,31.7118,-50.7462
10993430,-436.50,-2047.50,13.2925,-32.7699
10997336,-481.50,-1804.50,11.6676,-9.1919
11001242,-152.50,587.50,20.4620,-10.9905
11005148,113.50,2047.50,36.6018,-34.9448
11009054,-28.50,389.50,52.2863,-39.6687
11012960,-370.50,-2047.50,57.9963,-57.6467
11016866,-461.50,-1976.50,56.5923,-72.3271
11020772,-208.50,226.50,50.5444,-64.1061
11024678,80.50,2047.50,40.4398,-57.6905
11028584,-2.50,703.50,35.4602,-39.8962
11032490,-335.50,-1832.50,39.2885,-40.8801
11036396,-489.50,-2047.50,43.5533,-38.8088
11040302,-224.50,-69.50,44.9782,-10.4112
11044208,78.50,2047.50,48.2188,-0.4618
11048114,51.50,976.50,53.2767,4.1144
11052020,-313.50,-1579.50,53.0237,-17.0213
11055926,-493.50,-2047.50,43.8828,-10.5214
11059832,-277.50,-372.50,36.5565,45.1113
11063738,49.50,2047.50,37.6865,66.8321
11067644,57.50,1291.50,40.4215,77.0006
11071550,-255.50,-1306.50,41.5302,47.4647
11075456,-478.50,-2047.50,43.3699,32.3508
11079362,-303.50,-703.50,47.1458,75.3200
11083268,42.50,2047.50,52.7535,103.1130
11087174,80.50,1637.50,54.5581,153.7571
11091080,-219.50,-989.50,47.2705,147.9421
11094986,-490.50,-2047.50,36.4775,101.1819
11098892,-368.50,-1008.50,28.2340,101.7591
11102798,-28.50,1689.50,23.5814,75.0772
11106704,67.50,1968.50,19.3474,93.9658
11110610,-205.50,-655.50,12.6123,138.6346
11114516,-512.50,-2047.50,4.1000,132.2150
11118422,-442.50,-1278.50,-5.4556,118.6151
11122328,-129.50,1305.50,-17.2340,53.7950
11126234,26.50,2047.50,-31.0493,14.9382
11130140,-186.50,-348.50,-36.2824,43.5818
11134046,-512.50,-2047.50,-30.1113,64.7477
11137952,-476.50,-1519.50,-23.2580,79.5385
11141858,-143.50,998.50,-17.6137,38.3367
11145764,65.50,2047.50,-10.8396,-12.4814
11149670,-138.50,-15.50,-5.6381,-9.3769
11153576,-450.50,-2047.50,-1.9452,6.5596
11157482,-478.50,-1745.50,3.9229,24.0389
11161388,-205.50,677.50,2.7713,2.7410
11165294,60.50,2047.50,-7.3744,-35.6661
11169200,-76.50,308.50,-7.0748,-35.7461
11173106,-408.50,-2047.50,6.1218,-35.5338
11177012,-460.50,-1919.50,22.4128,-37.5655
11180918,-192.50,346.50,35.0821,-37.3897
11184824,71.50,2047.50,35.2670,-44.9993
11188730,-34.50,605.50,26.8281,-37.3652
11192636,-380.50,-1934.50,19.3714,-49.2261
11196542,-516.50,-2047.50,13.0828,-62.8876
11200448,-265.50,7.50,6.0056,-47.1115
11204354,36.50,2047.50,0.9118,-35.0006
11208260,-12.50,882.50,1.3246,-18.7663
11212166,-357.50,-1690.50,3.7597,-32.0491
11216072,-533.50,-2047.50,2.0095,-29.3792
11219978,-294.50,-291.50,0.5591,19.6005
11223884,15.50,2047.50,4.1292,39.2369
11227790,15.50,1194.50,7.2450,49.5824
11231696,-270.50,-1416.50,14.4076,23.9842
11235602,-528.50,-2047.50,23.0757,14.0783
11239508,-350.50,-624.50,17.0815,59.1095
11243414,-15.50,2047.50,4.4695,81.3812
11247320,-13.50,1493.50,-7.9774,114.4802
11251226,-334.50,-1140.50,-29.2229,90.9284
11255132,-616.50,-2047.50,-56.1917,49.7652
11259038,-514.50,-977.50,-84.4533,67.2312
11262944,-200.50,1648.50,-113.4153,30.6136
11266850,-141.50,1723.50,-141.8700,5.6204
11270756,-432.50,-923.50,-168.1036,-0.5348
11274662,-778.50,-2047.50,-195.5485,-2.9516
11278568,-704.50,-1329.50,-228.1583,32.0509
11282474,-364.50,1083.50,-252.1262,-52.4784
11286380,-270.50,1877.50,-265.5360,-154.1341
11290286,-622.50,-741.50,-298.2196,-147.7142
11294192,-921.50,-2047.50,-350.8612,-101.9999
11298098,-879.50,-1663.50,-382.2218,-37.6209
11302004,-589.50,658.50,-388.7668,-117.4972
11305910,-463.50,1771.50,-405.0911,-266.0479
11309816,-656.50,-538.50,-431.0277,-304.4345
11313722,-998.50,-2047.50,-442.5760,-248.3074
11317628,-1009.50,-1906.50,-440.8684,-129.3312
11321534,-668.50,326.50,-432.0014,-147.3285
11325440,-420.50,1839.50,-411.1655,-260.7835
11329346,-564.50,-196.50,-380.5525,-280.7894
11333252,-879.50,-2047.50,-347.2919,-239.4305
11337158,-902.50,-1999.50,-313.5075,-144.0303
11341064,-561.50,155.50,-275.2123,-107.1921
11344970,-266.50,2047.50,-231.7218,-126.7435
11348876,-344.50,274.50,-186.4547,-90.8263
11352782,-648.50,-2047.50,-140.7938,-98.2760
11356688,-741.50,-2047.50,-100.2878,-110.8155
11360594,-430.50,-90.50,-67.8321,-86.7019
11364500,-91.50,2047.50,-33.1029,-68.3710
11368406,-145.50,658.50,6.3449,-22.3178
11372312,-431.50,-1929.50,45.0721,-46.7464
11376218,-561.50,-2047.50,83.7712,-83.0361
11380124,-295.50,-296.50,118.7969,-27.3796
11384030,59.50,2047.50,149.8998,32.5460
11387936,44.50,1019.50,178.4662,79.4818
11391842,-268.50,-1560.50,198.9609,54.8058
11395748,-436.50,-2047.50,215.0724,27.3729
11399654,-241.50,-550.50,230.4169,75.4253
11403560,91.50,2047.50,238.0270,118.5339
11407466,141.50,1403.50,241.2009,173.5164
11411372,-174.50,-1201.50,247.1173,166.7093
11415278,-364.50,-2047.50,258.3244,127.5372
11419184,-177.50,-784.50,281.3442,147.4654
11423090,128.50,2047.50,301.9375,190.2246
11426996,208.50,1840.50,300.6687,290.3145
11430902,-58.50,-780.50,292.7719,328.0511
11434808,-312.50,-2047.50,296.4622,263.6513
11438714,-207.50,-1058.50,305.0215,208.2030
11442620,135.50,1767.50,307.7408,180.1996
11446526,258.50,2047.50,305.0584,238.7976
11450432,-10.50,-423.50,299.1281,291.4028
11454338,-309.50,-2047.50,289.5619,257.4900
11458244,-252.50,-1305.50,279.3969,206.1803
11462150,80.50,1350.50,271.3090,147.8870
11466056,256.50,2047.50,266.5500,133.1013
11469962,23.50,-102.50,263.8638,153.9394
11473868,-316.50,-2047.50,255.2271,159.0380
11477774,-313.50,-1546.50,238.4389,150.0072
11481680,-0.50,1023.50,221.0925,115.5066
11485586,203.50,2047.50,207.2565,90.0391
11489492,27.50,193.50,198.6980,87.5177
11493398,-324.50,-2047.50,193.1110,81.1806
11497304,-367.50,-1789.50,184.4370,67.4250
11501210,-84.50,651.50,171.6888,44.8346
11505116,180.50,2047.50,160.1909,30.4443
11509022,73.50,497.50,162.1870,38.7589
11512928,-297.50,-1950.50,171.9144,42.3137
11516834,-375.50,-1966.50,172.2470,31.6917
11520740,-106.50,303.50,166.6518,20.4849
11524646,192.50,2047.50,163.9608,15.1252
11528552,109.50,793.50,167.3686,29.5189
11532458,-271.50,-1752.50,166.4426,37.0938
11536364,-403.50,-2047.50,152.7224,37.9508
11540270,-147.50,7.50,141.5518,51.5181
11544176,162.50,2047.50,141.4280,58.6119
11548082,161.50,1109.50,150.6270,72.7256
11551988,-218.50,-1478.50,159.6688,75.3686
11555894,-425.50,-2047.50,149.0023,82.0008
11559800,-222.50,-308.50,124.3038,107.9161
11563706,89.50,2047.50,103.2036,113.4258
11567612,143.50,1437.50,95.8001,132.9692
11571518,-178.50,-1186.50,105.7633,136.2729
11575424,-410.50,-2047.50,117.3203,127.0003
11579330,-238.50,-617.50,119.7961,141.0156
11583236,107.50,2047.50,119.4617,153.3772
11587142,162.50,1835.50,118.2572,217.9103
11591048,-132.50,-828.50,114.4350,257.1384
11594954,-410.50,-2047.50,108.5002,219.3439
11598860,-293.50,-943.50,100.3825,172.6858
11602766,51.50,1934.50,92.6723,151.5377
11606672,154.50,2047.50,86.5077,221.8994
11610578,-111.50,-512.50,80.6019,265.6288
11614484,-415.50,-2047.50,75.4437,212.9960
11618390,-335.50,-1238.50,71.7943,152.1479
11622296,-0.50,1457.50,70.0419,86.6509
11626202,140.50,2047.50,64.6935,70.5000
11630108,-91.50,-222.50,54.2216,89.1615
11634014,-412.50,-2047.50,46.1143,93.1277
11637920,-388.50,-1508.50,42.9499,89.8696
11641826,-68.50,1065.50,40.6308,41.3820
11645732,144.50,2047.50,37.6870,-5.1121
11649638,-74.50,61.50,33.5369,-9.0628
11653544,-373.50,-2047.50,30.8845,0.9224
11657450,-391.50,-1736.50,39.0513,13.4473
11661356,-66.50,741.50,54.5086,-2.4121
11665266,176.50,2047.50,66.2118,-31.4358
11669172,9.50,393.50,68.5865,-36.0540
11673078,-354.50,-2026.50,58.4031,-37.1005
11676984,-463.50,-1916.50,36.9164,-41.9009
11680890,-200.50,405.50,8.6268,-42.3940
11684796,73.50,2047.50,-16.6797,-46.4586
11688702,-46.50,688.50,-31.7493,-43.3913
11692608,-388.50,-1830.50,-39.1262,-42.2582
11696514,-512.50,-2047.50,-40.6073,-38.7322
11700420,-243.50,98.50,-36.2648,-24.0005
11704326,61.50,2047.50,-29.1871,-18.9055
11708232,-15.50,991.50,-27.2649,-13.0799
11712138,-363.50,-1583.50,-35.5875,-16.9784
11716044,-514.50,-2047.50,-42.9144,-3.6017
11719950,-287.50,-201.50,-38.6140,37.4544
11723856,68.50,2047.50,-24.7480,49.4593
11727762,68.50,1318.50,-5.9548,53.8344
11731668,-276.50,-1296.50,5.7732,43.0416
11735574,-494.50,-2047.50,2.9227,43.6785
11739480,-321.50,-559.50,-6.8747,71.6150
11743386,29.50,2047.50,-13.9841,77.4716
11747292,85.50,1685.50,-12.1537,117.7074
11751198,-218.50,-975.50,-3.4915,138.2706
11755104,-472.50,-2047.50,4.0702,114.8912
11759010,-352.50,-854.50,3.8695,105.3956
11762916,-12.50,2047.50,-5.2579,115.6053
11766822,96.50,2031.50,-13.5336,206.9542
11770728,-175.50,-639.50,-11.5979,249.6459
11774634,-482.50,-2047.50,-7.1099,179.4258
11778540,-385.50,-1161.50,-9.0512,110.8024
11782446,-44.50,1585.50,-12.5952,51.4596
11786352,103.50,2047.50,-14.0905,51.1418
11790258,-146.50,-293.50,-14.4954,81.6766
11794164,-461.50,-2047.50,-14.9659,87.6537
11798070,-392.50,-1418.50,-11.1747,80.9397
11801976,-48.50,1200.50,1.5541,27.8133
11805882,134.50,2047.50,13.1902,-19.1195
11809788,-81.50,-22.50,14.3470,-26.3472
11813694,-402.50,-2047.50,11.1255,-16.3760
11817600,-411.50,-1674.50,11.7865,-0.6391
11821506,-116.50,890.50,10.3433,-18.3594
11825412,155.50,2047.50,7.1830,-48.2199
11829318,-44.50,270.50,9.5051,-64.7942
11833224,-416.50,-2047.50,2.7851,-77.5977
11837130,-436.50,-1864.50,-9.2088,-75.2107
11841036,-153.50,511.50,-8.1023,-72.0687
11844942,131.50,2047.50,-1.2386,-83.6339
11848848,14.50,591.50,6.0878,-88.0845
11852754,-368.50,-1913.50,7.7441,-89.5822
11856660,-471.50,-2034.50,-1.9398,-88.7749
11860566,-207.50,144.50,-11.9130,-86.8398
11864472,83.50,2047.50,-18.1871,-95.3868
11868378,19.50,864.50,-21.6473,-90.8509
11872284,-305.50,-1701.50,-16.4839,-90.5320
11876190,-447.50,-2047.50,-1.4167,-72.3970
11880096,-210.50,-143.50,14.5424,-28.1156
11884002,119.50,2047.50,23.6339,-18.6586
11887908,101.50,1200.50,28.4232,-17.7114
11891814,-228.50,-1400.50,32.4779,-24.2290
11895720,-442.50,-2047.50,33.6875,-10.2750
11899626,-266.50,-453.50,26.5108,32.5185
11903532,71.50,2047.50,12.9513,40.5570
11907438,71.50,1533.50,-1.4379,57.4753
11911344,-233.50,-1121.50,-14.2073,51.1658
11915250,-463.50,-2047.50,-17.0626,33.8566
11919156,-309.50,-779.50,-9.8545,52.1855
11923062,41.50,2047.50,-2.4178,70.4899
11926968,129.50,1929.50,3.1675,147.1953
11930874,-149.50,-732.50,10.2215,189.5364
11934780,-448.50,-2047.50,14.3727,143.9829
11938686,-354.50,-1085.50,7.3542,93.8846
11942592,-13.50,1730.50,-6.3535,45.3264
11946498,119.50,2047.50,-15.9765,67.4335
11950404,-140.50,-453.50,-18.2055,96.8941
11954310,-456.50,-2047.50,-18.5590,73.6887
11958216,-398.50,-1359.50,-21.4231,53.4005
11962122,-78.50,1288.50,-27.3304,-0.3965
11966028,99.50,2047.50,-36.2149,-39.5158
11969934,-133.50,-104.50,-44.0800,-29.2555
11973840,-446.50,-2047.50,-46.9223,-5.4253
11977746,-421.50,-1615.50,-40.4173,9.8710
11981652,-108.50,918.50,-29.5672,-35.4234
11985558,111.50,2047.50,-26.0307,-92.7571
11989464,-63.50,183.50,-26.6464,-100.3008
11993370,-457.50,-2047.50,-33.8490,-82.6741
11997276,-544.50,-1839.50,-60.9081,-67.2198
12001182,-210.50,587.50,-91.4960,-83.4608
12005088,74.50,2047.50,-95.0486,-113.8533
12008994,-68.50,471.50,-77.2890,-119.6817
12012900,-393.50,-2013.50,-59.8147,-125.0399
12016806,-494.50,-1998.50,-46.9628,-129.0716
12020712,-216.50,226.50,-40.6416,-122.6487
12024618,67.50,2047.50,-42.3514,-124.2921
12028524,-14.50,775.50,-46.0749,-114.8723
12032430,-352.50,-1780.50,-45.0460,-108.9551
12036336,-464.50,-2047.50,-33.5107,-92.2065
12040242,-210.50,-61.50,-13.1907,-57.1206
12044148,81.50,2047.50,-0.7010,-53.0360
12048054,32.50,1099.50,-6.6104,-52.8470
12051960,-274.50,-1489.50,-14.7901,-55.3136
12055866,-457.50,-2047.50,-8.5168,-34.3934
12059772,-268.50,-356.50,0.3959,12.8282
12063678,65.50,2047.50,-1.4469,19.5646
12067584,37.50,1411.50,-13.5040,22.9382
12071490,-266.50,-1224.50,-29.8056,6.2249
12075396,-492.50,-2047.50,-36.5577,-1.2019
12079302,-316.50,-703.50,-31.3059,31.2860
12083208,19.50,2047.50,-24.2809,47.1200
12087114,70.50,1766.50,-23.5135,98.8509
12091020,-231.50,-900.50,-29.5552,112.0191
12094926,-468.50,-2047.50,-31.4136,70.9839
12098832,-360.50,-1016.50,-25.1277,55.4239
12102738,-32.50,1777.50,-24.1596,29.7449
12106644,80.50,2047.50,-32.1007,66.8377
12110550,-172.50,-574.50,-35.5352,111.8516
12114456,-479.50,-2047.50,-32.1541,87.4296
12118362,-415.50,-1304.50,-33.0600,55.5082
12122268,-73.50,1331.50,-39.0108,-14.2365
12126174,94.50,2047.50,-40.9399,-55.9242
12130080,-125.50,-249.50,-34.4685,-34.1199
12133986,-478.50,-2047.50,-30.0638,-6.3432
12137892,-442.50,-1536.50,-36.2120,15.5209
12141798,-106.50,1044.50,-40.4420,-17.7251
12145704,112.50,2047.50,-34.1739,-64.7271
12149610,-67.50,99.50,-20.8607,-70.1459
12153516,-396.50,-2047.50,-6.4595,-54.2191
12157422,-421.50,-1752.50,3.3935,-36.1710
12161328,-111.50,705.50,7.5656,-53.7320
12165234,127.50,2047.50,6.9030,-90.4221
12169140,-32.50,387.50,2.4736,-103.4074
12173046,-382.50,-2047.50,-4.6997,-111.0352
12176952,-467.50,-1941.50,-12.4064,-114.6643
12180858,-188.50,368.50,-19.3565,-106.3868
12184764,111.50,2047.50,-21.3009,-104.5077
12188670,-0.50,695.50,-15.6688,-100.0224
12192576,-365.50,-1860.50,-14.2196,-103.6146
12196482,-479.50,-2047.50,-19.9428,-101.2018
12200388,-232.50,53.50,-23.2767,-77.1409
12204294,91.50,2047.50,-21.6948,-67.7709
12208200,39.50,967.50,-14.9579,-68.5121
12212106,-308.50,-1648.50,-8.8842,-91.4933
12216012,-512.50,-2047.50,-13.8488,-87.4856
12219918,-280.50,-276.50,-26.6631,-32.9006
12223824,21.50,2047.50,-37.7405,-10.3344
12227730,45.50,1245.50,-42.7243,-11.3860
12231636,-278.50,-1348.50,-37.4360,-42.8067
12235542,-489.50,-2047.50,-26.4690,-43.9084
12239448,-316.50,-638.50,-19.4760,6.0926
12243354,14.50,2047.50,-20.2572,23.6883
12247260,54.50,1623.50,-27.4843,61.8324
12251166,-238.50,-1030.50,-33.3126,65.5222
12255072,-469.50,-2047.50,-27.9131,37.4967
12258978,-356.50,-915.50,-16.9271,47.8269
12262884,-12.50,1923.50,-15.0392,52.9725
12266790,107.50,2030.50,-16.3243,122.5039
12270696,-150.50,-656.50,-7.1513,175.4430
12274602,-431.50,-2047.50,8.8076,133.4962
12278508,-350.50,-1207.50,19.6142,81.5930
12282414,-10.50,1489.50,21.1216,11.6701
12286320,133.50,2047.50,17.4987,-8.4252
12290226,-96.50,-340.50,15.7726,21.3104
12294132,-383.50,-2047.50,23.1153,36.4447
12298038,-367.50,-1456.50,34.0744,43.6786
12301944,-47.50,1136.50,33.8926,-4.0834
12305850,107.50,2047.50,18.1251,-55.5476
12309756,-69.50,-15.50,0.0403,-56.5380
12313662,-412.50,-2047.50,-6.2283,-35.4005
12317568,-432.50,-1695.50,-7.3237,-13.8968
12321474,-101.50,801.50,-7.6929,-40.5643
12325380,102.50,2047.50,-7.1618,-86.1186
12329286,-53.50,301.50,-11.7824,-94.1951
12333192,-396.50,-2047.50,-17.8034,-86.2415
12337098,-440.50,-1889.50,-17.3052,-79.2782
12341004,-143.50,469.50,-8.6118,-83.2033
12344910,110.50,2047.50,-0.5627,-98.9035
12348816,-6.50,619.50,-0.6369,-96.9835
12352722,-361.50,-1897.50,-6.5635,-88.9138
12356628,-463.50,-2047.50,-12.6149,-85.2972
12360534,-175.50,151.50,-9.3001,-80.5610
12364440,127.50,2047.50,5.0359,-82.6895
12368346,76.50,910.50,22.2378,-74.8492
12372252,-287.50,-1676.50,31.6711,-73.6312
12376158,-431.50,-2047.50,29.9185,-57.7159
12380064,-218.50,-143.50,24.5013,-15.4113
12383970,86.50,2047.50,16.1890,-4.6541
12387876,75.50,1216.50,7.1675,-6.9682
12391782,-254.50,-1386.50,4.3046,-21.1000
12395688,-462.50,-2047.50,4.2326,-10.8534
12399594,-269.50,-463.50,2.7689,35.5211
12403500,74.50,2047.50,3.4759,49.5469
12407406,87.50,1581.50,5.1735,73.1026
12411312,-226.50,-1092.50,0.9571,72.8037
12415218,-484.50,-2047.50,-8.8630,52.5856
12419124,-337.50,-809.50,-19.6701,60.1788
12423030,11.50,2047.50,-25.3027,71.7516
12426936,94.50,1886.50,-23.3793,140.6235
12430842,-196.50,-772.50,-20.0395,160.6750
12434748,-466.50,-2047.50,-18.9351,102.8561
12438654,-404.50,-1146.50,-24.4792,63.7175
12442560,-81.50,1618.50,-42.9157,10.9240
12446466,30.50,2047.50,-67.3627,18.3954
12450372,-219.50,-460.50,-84.6240,58.6664
12454278,-532.50,-2047.50,-91.3773,57.1575
12458184,-472.50,-1391.50,-91.9519,49.7095
12462090,-122.50,1249.50,-86.4251,-1.5783
12465996,62.50,2047.50,-74.6863,-42.9405
12469902,-148.50,-141.50,-62.0471,-39.0393
12473808,-447.50,-2047.50,-49.2124,-24.6409
12477714,-460.50,-1616.50,-37.7752,-1.2090
12481620,-168.50,912.50,-39.5853,-24.2688
12485526,49.50,2047.50,-54.5834,-70.2312
12489432,-104.50,170.50,-62.6928,-86.1514
12493338,-416.50,-2047.50,-52.2315,-84.1073
12497244,-454.50,-1845.50,-31.3390,-70.5281
12501150,-140.50,569.50,-11.7808,-76.5882
12505056,161.50,2047.50,9.4111,-99.8648
12508962,19.50,535.50,33.2622,-96.5804
12512868,-340.50,-1956.50,42.2504,-83.5462
12516774,-448.50,-1995.50,31.9569,-78.6016
12520680,-197.50,231.50,14.5143,-80.6593
12524586,106.50,2047.50,1.1906,-93.4559
12528492,26.50,811.50,0.2522,-90.4849
12532398,-347.50,-1800.50,0.6661,-93.2814
12536304,-512.50,-2047.50,-12.3216,-88.6327
12540210,-274.50,-79.50,-30.7061,-54.1547
12544116,49.50,2047.50,-39.3525,-41.6185
12548022,16.50,1075.50,-36.5774,-43.2111
12551928,-317.50,-1540.50,-31.5827,-66.8280
12555834,-512.50,-2047.50,-29.8609,-61.6358
12559740,-308.50,-412.50,-30.0185,-6.6150
12563646,17.50,2047.50,-30.7273,13.0581
12567552,32.50,1392.50,-32.7836,24.1998
12571458,-280.50,-1248.50,-34.9556,3.1333
12575364,-512.50,-2047.50,-34.4995,-10.3115
12579270,-358.50,-726.50,-33.2837,30.3850
12583176,-12.50,2047.50,-33.2126,58.2113
12587082,49.50,1789.50,-33.5879,119.5833
12590988,-239.50,-910.50,-34.3411,133.7790
12594894,-527.50,-2047.50,-37.2821,83.6140
12598800,-388.50,-1042.50,-39.8922,62.5779
12602706,-33.50,1739.50,-33.3868,33.0980
12606612,89.50,2047.50,-20.5674,65.4613
12610518,-173.50,-533.50,-11.1868,118.8183
12614424,-469.50,-2047.50,-6.9165,109.8903
12618330,-400.50,-1317.50,-4.9866,81.1326
12622236,-60.50,1356.50,-3.4426,12.1225
12626142,87.50,2047.50,-5.4656,-24.4735
12630048,-140.50,-251.50,-12.1106,-10.2781
12633954,-456.50,-2047.50,-16.4984,3.5611
12637860,-431.50,-1564.50,-14.0851,20.0013
12641766,-122.50,977.50,-11.2142,-21.2637
12645672,93.50,2047.50,-13.5468,-77.4618
12649578,-102.50,55.50,-16.4317,-84.5275
12653484,-452.50,-2047.50,-20.2326,-68.5196
12657390,-526.50,-1811.50,-33.7815,-48.4810
12661296,-256.50,575.50,-61.6597,-80.8004
12665202,-45.50,2047.50,-98.3930,-135.3983
12669108,-218.50,281.50,-133.8952,-147.5111
12673014,-633.50,-2047.50,-170.7587,-152.9196
12676920,-801.50,-2047.50,-223.0834,-152.2059
12680826,-607.50,-56.50,-294.4895,-202.5399
12684732,-409.50,1858.50,-375.1481,-311.4636
12688638,-609.50,179.50,-458.2212,-387.4403
12692544,-1106.50,-2047.50,-553.8278,-432.8565
12696450,-1282.50,-2047.50,-655.8312,-348.0876
12700356,-1077.50,-689.50,-729.8158,-264.9351
12704266,-813.50,1116.50,-769.7863,-472.1673
12708172,-890.50,43.50,-793.6695,-779.2007
12712078,-1289.50,-2047.50,-814.7339,-871.0230
12715984,-1471.50,-2047.50,-835.3897,-609.1189
12719890,-1249.50,-1130.50,-841.4175,-314.2335
12723796,-949.50,736.50,-833.7963,-474.3443
12727702,-954.50,94.50,-827.8374,-860.4890
12731608,-1300.50,-2047.50,-825.5139,-1018.3250
12735514,-1469.50,-2047.50,-813.4953,-750.0335
12739420,-1274.50,-1429.50,-780.1302,-357.6537
12743326,-917.50,535.50,-737.7856,-425.3190
12747232,-853.50,272.50,-701.8309,-787.8002
12751138,-1157.50,-2047.50,-674.1037,-996.5234
12755044,-1391.50,-2047.50,-650.3752,-810.5550
12758950,-1245.50,-1679.50,-624.3436,-403.8770
12762856,-886.50,353.50,-596.8836,-385.9971
12766762,-763.50,469.50,-569.3289,-690.4183
12770668,-1006.50,-1912.50,-536.2269,-908.6609
12774574,-1241.50,-2047.50,-491.4237,-790.9614
12778480,-1135.50,-1839.50,-439.7090,-400.1284
12782386,-783.50,236.50,-397.5088,-308.8141
12786292,-596.50,720.50,-366.6693,-531.6157
12790198,-788.50,-1488.50,-329.5216,-705.6300
12794104,-1070.50,-2047.50,-281.1303,-618.9050
12798010,-1024.50,-1960.50,-236.9531,-302.8729
12801916,-633.50,134.50,-200.2772,-214.0836
12805822,-435.50,957.50,-163.7989,-373.7687
12809728,-652.50,-1057.50,-138.3481,-501.4863
12813634,-939.50,-2047.50,-123.9910,-451.8757
12817540,-948.50,-2047.50,-104.3360,-221.4136
12821446,-584.50,-34.50,-76.6820,-143.3975
12825352,-332.50,1121.50,-43.7432,-255.1149
12829258,-512.50,-619.50,-17.5399,-340.3836
12833164,-807.50,-2047.50,-1.8155,-312.7983
12837070,-870.50,-2047.50,16.7718,-148.3879
12840976,-591.50,-299.50,30.8732,-75.3691
12844882,-320.50,1174.50,31.3994,-172.4533
12848788,-436.50,-280.50,29.5007,-257.1832
12852694,-782.50,-2047.50,31.5531,-258.7343
12856600,-920.50,-2047.50,30.9471,-137.6088
12860506,-672.50,-666.50,20.8005,-57.2443
12864412,-303.50,1093.50,19.0520,-158.6753
12868318,-282.50,41.50,57.5156,-249.3971
12872224,-630.50,-2047.50,120.1472,-251.7635
12876130,-776.50,-2047.50,162.4016,-151.7964
12880036,-463.50,-796.50,191.3852,-19.8179
12883942,-276.50,1158.50,206.1730,-26.4091
12887848,-408.50,395.50,157.9121,-74.2921
12891754,-732.50,-2047.50,69.8874,-136.1081
12895660,-911.50,-2047.50,20.6838,-147.6779
12899566,-687.50,-1124.50,27.8491,-47.8950
12903472,-296.50,979.50,66.8636,-47.5949
12907378,-248.50,676.50,115.2106,-84.8825
12911284,-540.50,-1897.50,153.7932,-118.8860
12915190,-764.50,-2047.50,177.9340,-127.0041
12919096,-537.50,-1243.50,203.8001,-1.9684
12923002,-133.50,1077.50,249.1056,79.8929
12926908,34.50,1225.50,314.0403,151.3518
12930814,-239.50,-1235.50,380.5315,225.9174
12934720,-448.50,-2047.50,432.2030,218.6302
12938626,-269.50,-1332.50,479.9213,215.9089
12942532,98.50,1146.50,529.1437,222.4648
12946438,267.50,2047.50,566.8115,396.4631
12950344,67.50,-606.50,599.5389,641.7508
12954250,-198.50,-2047.50,637.6339,609.4661
12958156,-70.50,-1448.50,679.5569,406.9971
12962062,242.50,1141.50,712.4083,306.8793
12965968,447.50,2047.50,722.3162,447.2102
12969874,277.50,-99.50,729.2157,653.2324
12973780,-15.50,-2047.50,752.0769,628.3294
12977686,-1.50,-1605.50,775.2887,432.0278
12981592,337.50,960.50,784.5418,326.9705
12985498,538.50,2047.50,780.1347,445.1290
12989404,342.50,287.50,763.6422,617.1564
12993310,23.50,-2001.50,743.9164,597.3192
12997216,-32.50,-1752.50,729.9865,416.5713
13001122,295.50,752.50,720.9781,329.7898
13005028,544.50,2047.50,716.3343,446.0184
13008934,402.50,661.50,710.7979,598.8965
13012840,62.50,-1743.50,700.2378,607.3770
13016746,-47.50,-1900.50,685.5253,467.9878
13020652,233.50,432.50,667.0543,360.8971
13024558,480.50,2047.50,644.2981,419.2478
13028464,377.50,979.50,615.2581,551.0187
13032370,35.50,-1446.50,587.7002,596.5319
13036276,-112.50,-2028.50,568.9315,500.7703
13040182,107.50,173.50,550.7073,392.5877
13044088,406.50,2047.50,526.5866,427.4266
13047994,370.50,1314.50,504.9831,554.7155
13051900,45.50,-1211.50,494.2504,606.3934
13055806,-170.50,-2047.50,485.5482,516.2321
13059712,48.50,-185.50,469.8836,400.4691
13063618,382.50,2047.50,456.9456,413.1549
13067524,390.50,1645.50,451.5520,551.9090
13071430,73.50,-957.50,446.6180,626.9936
13075336,-143.50,-2047.50,441.1930,533.0520
13079242,-12.50,-470.50,430.9780,409.3322
13083148,301.50,2047.50,406.7779,426.0782
13087054,374.50,2003.50,378.8418,596.1880
13090960,99.50,-643.50,367.2404,694.9443
13094866,-209.50,-2047.50,362.7135,577.1692
13098772,-108.50,-828.50,342.4341,400.4231
13102678,255.50,2047.50,317.7219,394.8964
13106584,375.50,2047.50,309.9470,569.6427
13110490,134.50,-303.50,316.9168,644.7829
13114396,-176.50,-2047.50,324.3557,520.5889
13118302,-98.50,-1098.50,321.9367,362.3412
13122208,208.50,1809.50,309.2906,354.1935
13126114,382.50,2047.50,291.8857,490.1735
13130020,115.50,-16.50,274.2811,524.8778
13133926,-205.50,-2047.50,253.7977,410.4371
13137832,-227.50,-1420.50,228.1354,274.3478
13141738,90.50,1244.50,199.1398,221.1639
13145644,293.50,2047.50,175.5746,275.6654
13149550,112.50,283.50,165.7151,325.5115
13153456,-193.50,-1931.50,169.7653,311.8754
13157362,-229.50,-1654.50,180.6656,248.4775
13161268,64.50,910.50,183.4890,202.2400
13165174,304.50,2047.50,174.0397,223.0472
13169080,107.50,550.50,153.9926,248.8086
13172986,-239.50,-1829.50,123.9643,235.4007
13176892,-332.50,-1884.50,96.6632,180.5662
13180798,-46.50,494.50,81.2970,128.7311
13184704,240.50,2047.50,77.4522,136.0573
13188610,109.50,823.50,76.1302,177.0241
13192516,-248.50,-1624.50,63.7046,195.8633
13196422,-367.50,-2047.50,46.8117,163.4195
13200328,-100.50,190.50,41.2445,119.6532
13204234,198.50,2047.50,45.1646,130.6486
13208140,133.50,1111.50,45.8430,178.8813
13212046,-200.50,-1424.50,39.8895,191.1213
13215952,-362.50,-2047.50,35.9245,162.1370
13219858,-150.50,-123.50,36.4220,144.7372
13223764,135.50,2047.50,29.1922,165.7681
13227670,208.50,1464.50,23.0999,223.4869
13231576,-146.50,-1101.50,33.8179,252.3393
13235482,-384.50,-2047.50,37.5819,224.0657
13239388,-211.50,-474.50,22.4031,182.5034
13243294,123.50,2047.50,6.6696,179.6686
13247200,177.50,1810.50,-0.3487,262.4480
13251106,-128.50,-847.50,-1.3358,309.5031
13255012,-380.50,-2047.50,-1.5684,247.1609
13258918,-249.50,-842.50,-2.6731,165.2880
13262824,73.50,2047.50,-7.5971,162.7071
13266730,158.50,2047.50,-20.0914,290.0889
13270636,-117.50,-558.50,-34.7158,348.1369
13274542,-399.50,-2047.50,-42.8724,247.7804
13278448,-369.50,-1214.50,-53.1128,126.3853
13282354,-85.50,1415.50,-84.0961,28.3012
13286260,-0.50,2047.50,-136.2200,27.7726
13290166,-332.50,-486.50,-201.7284,55.9431
13294072,-734.50,-2047.50,-280.5502,17.9585
13297978,-729.50,-1694.50,-358.2392,-36.1117
13301884,-476.50,586.50,-419.0613,-188.6134
13305790,-456.50,1575.50,-490.6427,-379.0847
13309696,-762.50,-689.50,-596.8847,-491.0451
13313602,-1151.50,-2047.50,-704.6051,-474.7810
13317508,-1222.50,-2047.50,-780.9293,-321.4272
13321414,-864.50,-54.50,-815.2137,-340.3448
13325320,-580.50,1239.50,-796.0729,-580.2410
13329226,-703.50,-489.50,-736.9190,-745.8381
13333132,-976.50,-2047.50,-666.0752,-673.4049
13337038,-975.50,-2047.50,-593.4733,-395.3489
13340944,-702.50,-170.50,-534.7103,-247.3537
13344850,-426.50,1469.50,-507.2654,-352.4539
13348756,-536.50,-14.50,-496.7138,-471.9075
13352662,-828.50,-2047.50,-477.7657,-481.3683
13356568,-986.50,-2047.50,-454.7037,-341.6629
13360474,-716.50,-463.50,-448.0537,-222.7906
13364380,-415.50,1485.50,-448.7475,-292.2629
13368286,-467.50,320.50,-438.2102,-389.7269
13372192,-850.50,-2047.50,-427.4934,-434.3981
13376098,-1005.50,-2047.50,-430.7236,-360.8915
13380004,-765.50,-692.50,-434.6441,-213.8880
13383910,-376.50,1418.50,-415.3496,-219.9459
13387816,-427.50,630.50,-378.7263,-303.9253
13391722,-761.50,-1999.50,-357.5410,-390.9501
13395628,-956.50,-2047.50,-354.7752,-380.0642
13399534,-732.50,-992.50,-346.5699,-227.0564
13403440,-444.50,1172.50,-334.9006,-217.4882
13407346,-378.50,859.50,-330.3955,-320.4128
13411252,-656.50,-1686.50,-316.2502,-386.7549
13415158,-914.50,-2047.50,-291.1359,-332.2028
13419064,-752.50,-1254.50,-274.7585,-164.5023
13422970,-383.50,1023.50,-261.7647,-162.6644
13426876,-280.50,1127.50,-240.0724,-262.5928
13430782,-612.50,-1352.50,-223.5728,-308.3371
13434688,-899.50,-2047.50,-229.0824,-256.9692
13438594,-812.50,-1498.50,-245.9226,-118.3443
13442500,-453.50,769.50,-255.2807,-141.8683
13446406,-277.50,1341.50,-244.1095,-247.9840
13450312,-484.50,-1009.50,-207.4080,-267.2521
13454218,-781.50,-2047.50,-161.5086,-205.9731
13458124,-760.50,-1722.50,-135.6678,-92.6621
13462030,-397.50,570.50,-133.4884,-119.6977
13465936,-167.50,1613.50,-124.2937,-185.2536
13469842,-399.50,-688.50,-99.6023,-161.8292
13473748,-719.50,-2047.50,-81.4612,-132.3264
13477654,-704.50,-1866.50,-71.9691,-77.5405
13481560,-322.50,353.50,-52.8129,-96.6121
13485466,-111.50,1766.50,-23.9800,-125.9533
13489372,-289.50,-232.50,-6.3558,-65.8351
13493278,-606.50,-2047.50,0.0111,-39.7490
13497184,-666.50,-2025.50,7.5497,-48.3377
13501090,-382.50,74.50,8.8538,-98.8135
13504996,-94.50,1809.50,4.5872,-118.8928
13508902,-162.50,63.50,18.7600,-51.9704
13512808,-617.50,-2047.50,35.6329,-50.7708
13516714,-777.50,-2047.50,8.2966,-77.3281
13520620,-476.50,-273.50,-41.1127,-90.4618
13524526,-175.50,1683.50,-61.6220,-115.7691
13528432,-290.50,289.50,-61.4695,-101.2833
13532338,-628.50,-2047.50,-64.3675,-137.0898
13536244,-750.50,-2047.50,-60.4658,-154.8734
13540150,-461.50,-431.50,-35.9894,-70.7159
13544056,-109.50,1915.50,2.2533,32.4702
13547962,-44.50,765.50,51.2796,135.7952
13551868,-335.50,-1757.50,114.6114,100.4168
13555774,-469.50,-2047.50,181.3287,5.9840
13559680,-212.50,-512.50,241.5931,47.2851
13563586,144.50,2047.50,288.9770,181.4000
13567492,267.50,1435.50,330.1125,366.2642
13571398,33.50,-1151.50,389.7425,430.2718
13575304,-153.50,-2047.50,464.0037,333.2948
13579210,32.50,-662.50,523.7289,251.0549
13583116,383.50,2047.50,553.4374,287.1056
13587022,477.50,1939.50,559.7891,474.8067
13590928,225.50,-665.50,564.6779,598.9749
13594834,-14.50,-2047.50,582.6632,506.5684
13598740,135.50,-831.50,609.8292,356.5497
13602646,496.50,2047.50,634.8627,359.1713
13606552,624.50,2047.50,647.1745,526.8704
13610458,387.50,-192.50,649.2953,615.5302
13614364,112.50,-2025.50,654.3698,528.2835
13618270,173.50,-1001.50,662.1011,392.6555
13622176,453.50,2047.50,651.5429,419.3170
13626082,624.50,2047.50,616.6115,582.0678
13629988,383.50,112.50,580.8074,587.8565
13633894,83.50,-1906.50,560.6918,462.3961
13637800,90.50,-1231.50,554.3070,362.5100
13641706,377.50,1572.50,544.0328,366.9513
13645612,593.50,2047.50,520.5214,437.4751
13649518,416.50,449.50,500.2577,425.6611
13653424,90.50,-1725.50,492.6349,387.7821
13657330,48.50,-1465.50,489.9251,361.7328
13661236,283.50,1118.50,472.9157,337.1386
13665142,496.50,2047.50,429.2443,325.6909
13669048,368.50,738.50,382.6806,298.2172
13672954,-2.50,-1583.50,353.9114,304.8298
13676860,-68.50,-1720.50,337.9714,305.3422
13680766,225.50,688.50,335.8208,258.8926
13684672,487.50,2047.50,340.1471,219.8818
13688578,377.50,1033.50,332.9334,214.9765
13692484,37.50,-1362.50,314.6845,266.7151
13696390,-111.50,-1857.50,295.9736,295.3967
13700296,113.50,412.50,276.8433,260.9882
13704202,430.50,2047.50,259.0579,227.6545
13708108,382.50,1296.50,249.8016,218.4537
13712014,69.50,-1152.50,248.3884,247.2659
13715920,-131.50,-2015.50,247.4002,249.6706
13719826,57.50,49.50,236.0003,198.1751
13723732,357.50,2047.50,212.4572,177.9153
13727638,368.50,1680.50,188.4860,229.7902
13731544,55.50,-879.50,174.9299,305.4893
13735450,-168.50,-2026.50,170.1874,298.1559
13739356,-19.50,-258.50,163.7133,221.0488
13743266,304.50,2047.50,150.2828,197.0001
13747172,373.50,1959.50,137.3342,267.5300
13751078,74.50,-621.50,131.3909,334.8023
13754984,-216.50,-2047.50,122.1865,288.8404
13758890,-115.50,-687.50,100.1311,172.5712
13762796,199.50,2047.50,71.7908,144.2013
13766702,304.50,2047.50,47.7023,245.9545
13770608,42.50,-320.50,34.4173,305.2571
13774514,-262.50,-2047.50,27.8936,240.3440
13778420,-206.50,-996.50,17.2926,131.9331
13782326,141.50,1975.50,5.4372,130.7660
13786232,293.50,2047.50,1.1656,242.2001
13790138,55.50,-48.50,-0.0015,249.8695
13794044,-262.50,-2047.50,-5.1854,148.0669
13797950,-238.50,-1306.50,-12.3368,49.7047
13801856,95.50,1419.50,-15.4485,15.7732
13805762,272.50,2047.50,-17.0540,50.0797
13809668,83.50,207.50,-23.1957,56.5863
13813574,-230.50,-1960.50,-27.3038,33.3287
13817480,-276.50,-1561.50,-27.4947,3.8231
13821386,35.50,1050.50,-31.1412,-15.1047
13825292,287.50,2047.50,-33.0936,-10.3852
13829198,153.50,540.50,-25.7396,-11.7595
13833104,-112.50,-1739.50,-3.1980,9.8061
13837010,-128.50,-1712.50,41.6309,35.7096
13840916,121.50,750.50,85.4465,31.3049
13844822,274.50,2047.50,78.1502,7.0117
13848728,159.50,850.50,18.5458,-23.4934
13852634,-152.50,-1542.50,-32.7199,-7.0514
13856540,-253.50,-1904.50,-41.4727,20.5850
13860446,37.50,423.50,-20.7258,10.7884
13864352,366.50,2047.50,14.2784,-10.7024
13868258,335.50,1222.50,52.2996,-12.5126
13872164,-4.50,-1221.50,77.2390,44.5531
13876070,-113.50,-1940.50,89.3342,98.7586
13879976,112.50,189.50,104.7685,95.2898
13883882,421.50,2047.50,119.2053,67.6163
13887788,409.50,1552.50,122.0914,54.4033
13891694,118.50,-923.50,121.5023,94.6384
13895600,-83.50,-1969.50,125.5724,132.8050
13899506,112.50,-74.50,131.5623,125.8818
13903412,466.50,2047.50,141.4319,113.5642
13907318,511.50,1987.50,156.6266,143.5078
13911224,246.50,-566.50,172.3864,217.4288
13915130,-47.50,-1944.50,177.0083,233.3704
13919036,93.50,-373.50,160.5222,176.2535
13922942,410.50,2047.50,137.3046,147.1976
13926848,544.50,2047.50,128.6734,166.2885
13930754,225.50,-210.50,130.9225,192.0400
13934660,-65.50,-1928.50,120.0393,192.9984
13938566,22.50,-678.50,96.8061,155.4798
13942472,336.50,2047.50,77.2209,161.3149
13946378,446.50,2047.50,58.1785,199.0660
13950284,195.50,48.50,36.6323,159.2624
13954190,-122.50,-1878.50,16.5984,107.6925
13958096,-106.50,-977.50,-3.6140,88.3221
13962002,220.50,2047.50,-23.3450,156.6114
13965908,379.50,2047.50,-38.3252,245.5230
13969814,176.50,293.50,-49.4830,156.5524
13973720,-158.50,-1801.50,-58.7017,38.6457
13977626,-207.50,-1300.50,-74.2710,9.3912
13981532,96.50,1377.50,-99.0087,16.0347
13985438,327.50,2047.50,-116.9190,8.8518
13989344,134.50,535.50,-124.0029,-57.2192
13993250,-216.50,-1727.50,-135.3763,-80.5991
13997156,-280.50,-1606.50,-152.4523,-64.2404
14001062,16.50,901.50,-163.2524,-76.2285
14004968,274.50,2047.50,-163.8013,-112.3062
14008874,118.50,789.50,-165.6802,-155.7161
14012780,-216.50,-1571.50,-177.3801,-137.3063
14016686,-303.50,-1826.50,-185.0321,-99.7503
14020592,-79.50,498.50,-186.3319,-117.1102
14024498,235.50,2047.50,-190.1298,-161.8682
14028404,174.50,1102.50,-185.8106,-179.8840
14032310,-175.50,-1318.50,-175.6127,-125.2504
14036216,-324.50,-1942.50,-173.2191,-69.9820
14040122,-79.50,213.50,-172.7577,-83.1124
14044028,225.50,2047.50,-167.9322,-122.6593
14047934,206.50,1384.50,-163.0093,-137.1512
14051840,-134.50,-1115.50,-162.5349,-106.1252
14055746,-322.50,-2047.50,-166.1815,-85.6698
14059652,-143.50,-148.50,-170.4063,-112.7066
14063558,187.50,2047.50,-173.9857,-132.2492
14067464,209.50,1735.50,-175.5163,-90.5183
14071370,-108.50,-824.50,-176.8091,-25.8387
14075276,-377.50,-2047.50,-186.0761,-22.1761
14079182,-224.50,-482.50,-202.7463,-77.3085
14083088,122.50,2047.50,-211.9469,-99.5119
14086994,199.50,2036.50,-208.0435,-23.7331
14090900,-90.50,-531.50,-201.3590,49.5130
14094806,-392.50,-2047.50,-204.1413,14.7912
14098712,-286.50,-836.50,-217.2433,-79.4135
14102618,72.50,2047.50,-224.1930,-94.2274
14106524,194.50,2047.50,-217.6886,-1.4070
14110430,-79.50,-232.50,-211.9486,25.2934
14114336,-396.50,-2047.50,-218.0703,-44.4515
14118242,-335.50,-1150.50,-229.3271,-124.2336
14122148,12.50,1665.50,-232.1298,-149.0684
14126054,177.50,2047.50,-226.0017,-106.6769
14129960,-52.50,43.50,-221.7051,-103.1195
14133866,-364.50,-2047.50,-221.1025,-142.0814
14137772,-341.50,-1438.50,-215.8552,-185.1219
14141678,13.50,1199.50,-199.9074,-215.1066
14145584,212.50,2047.50,-180.5727,-216.4075
14149490,32.50,310.50,-171.0368,-219.7988
14153396,-317.50,-1960.50,-172.3270,-217.2045
14157302,-393.50,-1679.50,-183.7390,-218.4964
14161208,-80.50,816.50,-200.7226,-235.7337
14165114,142.50,2047.50,-213.8014,-254.2806
14169020,-18.50,572.50,-227.0870,-267.9887
14172926,-362.50,-1816.50,-241.5738,-256.9978
14176832,-447.50,-1903.50,-247.3428,-243.8291
14180738,-191.50,415.50,-247.1830,-261.0262
14184644,141.50,2047.50,-242.2112,-288.1011
14188550,47.50,859.50,-224.9226,-287.6608
14192456,-322.50,-1605.50,-211.4634,-255.0694
14196362,-463.50,-2047.50,-215.1969,-228.8825
14200268,-219.50,107.50,-223.3757,-236.2264
14204174,102.50,2047.50,-224.6661,-252.6677
14208080,70.50,1163.50,-216.8357,-241.0828
14211986,-280.50,-1338.50,-207.5996,-208.8842
14215892,-464.50,-2047.50,-204.9418,-174.9758
14219798,-239.50,-206.50,-202.7005,-164.7385
14223704,98.50,2047.50,-193.9780,-178.8694
14227610,117.50,1510.50,-181.5637,-159.6851
14231516,-224.50,-1069.50,-173.7963,-128.5905
14235422,-466.50,-2047.50,-177.5544,-118.0909
14239328,-274.50,-528.50,-183.5163,-123.3210
14243234,77.50,2047.50,-177.7855,-129.2676
14247140,130.50,1873.50,-166.5865,-68.8253
14251046,-160.50,-745.50,-159.3821,-14.1722
14254952,-453.50,-2047.50,-158.3244,-36.7662
14258858,-316.50,-834.50,-162.9163,-86.4122
14262764,22.50,2047.50,-166.1005,-88.9030
14266670,135.50,2047.50,-166.0993,1.4453
14270576,-161.50,-436.50,-168.4390,36.2900
14274482,-467.50,-2047.50,-176.6594,-31.3292
14278388,-385.50,-1152.50,-184.6500,-102.7191
14282294,-31.50,1574.50,-183.6695,-151.6401
14286200,125.50,2047.50,-176.4548,-144.3320
14290106,-101.50,-175.50,-167.9244,-132.3174
14294012,-422.50,-2047.50,-158.7150,-145.5767
14297918,-384.50,-1423.50,-149.4448,-156.0778
14301824,-57.50,1159.50,-142.1131,-187.4740
14305730,135.50,2047.50,-141.2577,-216.4726
14309636,-60.50,141.50,-144.7158,-219.6966
14313542,-412.50,-2047.50,-147.5103,-209.9847
14317448,-446.50,-1688.50,-151.9108,-208.1829
14321354,-120.50,805.50,-155.7693,-230.6022
14325260,141.50,2047.50,-150.9717,-254.7621
14329166,15.50,432.50,-133.2619,-256.2398
14333072,-351.50,-1956.50,-113.0424,-242.1809
14336978,-429.50,-1870.50,-105.5739,-230.5680
14340884,-116.50,479.50,-104.3510,-230.2047
14344790,183.50,2047.50,-94.4478,-241.9826
14348696,66.50,745.50,-79.7426,-243.1115
14352602,-324.50,-1731.50,-78.7805,-222.0242
14356508,-472.50,-2035.50,-97.7066,-201.4689
14360414,-202.50,144.50,-118.7193,-204.3216
14364320,98.50,2047.50,-127.6897,-220.8643
14368226,43.50,992.50,-128.1541,-222.5821
14372132,-308.50,-1509.50,-125.9673,-214.5940
14376038,-476.50,-2047.50,-122.3195,-183.8822
14379944,-248.50,-204.50,-117.0289,-154.0831
14383850,89.50,2047.50,-111.2117,-161.9914
14387756,100.50,1316.50,-102.9532,-156.4597
14391662,-243.50,-1263.50,-93.1349,-150.7199
14395568,-457.50,-2047.50,-87.3102,-137.8439
14399474,-265.50,-526.50,-83.4665,-110.7045
14403380,71.50,2047.50,-80.2668,-105.5036
14407286,112.50,1686.50,-81.3657,-62.3450
14411192,-228.50,-957.50,-89.0124,-36.4355
14415098,-512.50,-2047.50,-105.1606,-56.3531
14419004,-356.50,-813.50,-120.9720,-65.6910
14422910,28.50,2047.50,-118.8625,-50.8602
14426816,128.50,2047.50,-100.0203,46.5815
14430722,-174.50,-585.50,-85.1422,102.7415
14434628,-473.50,-2047.50,-84.4739,43.8151
14438534,-384.50,-1118.50,-90.5701,-30.3467
14442440,-38.50,1622.50,-96.6302,-90.1857
14446346,113.50,2047.50,-100.4910,-83.8833
14450252,-136.50,-299.50,-98.7648,-57.6321
14454158,-447.50,-2047.50,-90.8666,-62.3350
14458064,-397.50,-1354.50,-79.8255,-66.2376
14461970,-61.50,1261.50,-71.6680,-94.7271
14465876,130.50,2047.50,-70.9529,-123.7787
14469782,-79.50,34.50,-72.1664,-130.4168
14473688,-416.50,-2047.50,-69.1531,-122.9585
14477594,-431.50,-1632.50,-64.7287,-115.6596
14481500,-117.50,864.50,-65.4819,-146.7985
14485406,128.50,2047.50,-70.0846,-188.5645
14489312,-37.50,334.50,-69.2423,-192.9747
14493218,-385.50,-2047.50,-62.0633,-179.4173
14497124,-457.50,-1844.50,-56.3740,-176.2419
14501030,-116.50,560.50,-50.2757,-179.4521
14504936,163.50,2047.50,-36.2000,-185.7937
14508842,33.50,650.50,-21.7876,-181.3304
14512748,-362.50,-1821.50,-23.0324,-160.0415
14516654,-480.50,-2015.50,-40.1114,-143.3249
14520560,-209.50,203.50,-56.9575,-151.8665
14524466,99.50,2047.50,-64.0923,-174.5426
14528372,-4.50,912.50,-68.0043,-174.6969
14532278,-340.50,-1605.50,-72.9047,-158.3446
14536184,-529.50,-2047.50,-75.8762,-125.7803
14540090,-267.50,-114.50,-77.3376,-97.6193
14543996,80.50,2047.50,-71.5174,-106.8407
14547902,67.50,1190.50,-56.0983,-113.5162
14551808,-268.50,-1359.50,-39.9284,-118.8850
14555714,-512.50,-2047.50,-34.3458,-97.2218
14559620,-308.50,-449.50,-43.3996,-55.8371
14563526,21.50,2047.50,-56.8507,-51.7175
14567432,59.50,1527.50,-65.7634,-32.4490
14571338,-255.50,-1061.50,-65.2639,-27.3048
14575244,-492.50,-2047.50,-54.5168,-31.2290
14579150,-313.50,-760.50,-37.3954,-15.0567
14583056,64.50,2047.50,-16.3737,-3.0619
14586962,131.50,1904.50,0.0228,69.1847
14590868,-161.50,-718.50,4.5841,106.5547
14594774,-444.50,-2047.50,4.6700,62.4593
14598680,-347.50,-1069.50,4.5063,17.2005
14602586,-8.50,1739.50,-1.9430,-23.0620
14606492,134.50,2047.50,-11.7097,7.4963
14610398,-137.50,-373.50,-15.4369,50.6080
14614304,-456.50,-2047.50,-14.8684,41.3276
14618210,-384.50,-1302.50,-12.6934,19.4897
14622116,-24.50,1351.50,-5.5941,-28.1864
14626022,208.50,2047.50,11.8487,-57.1614
14629928,-70.50,-69.50,30.7221,-55.0469
14633834,-411.50,-2047.50,29.8165,-45.2599
14637740,-409.50,-1551.50,16.2830,-33.7248
14641646,-102.50,993.50,2.5278,-59.0357
14645552,122.50,2047.50,-13.3735,-97.9465
14649458,-72.50,241.50,-25.1947,-109.9501
14653364,-432.50,-2047.50,-30.6655,-102.8676
14657270,-431.50,-1775.50,-25.4571,-94.5996
14661176,-168.50,638.50,-14.9069,-103.2396
14665082,84.50,2047.50,-21.8012,-125.9373
14668988,-62.50,511.50,-40.3497,-137.2364
14672894,-413.50,-1947.50,-50.0294,-138.1727
14676800,-529.50,-1973.50,-51.6518,-133.9851
14680706,-236.50,268.50,-53.4575,-131.8646
14684612,64.50,2047.50,-53.9199,-141.6224
14688518,-29.50,816.50,-50.5717,-135.0707
14692424,-396.50,-1713.50,-48.8840,-118.1001
14696330,-542.50,-2047.50,-50.7027,-94.4905
14700236,-253.50,-13.50,-46.3268,-69.2996
14704142,111.50,2047.50,-24.5167,-70.9328
14708048,54.50,1121.50,3.7368,-71.2119
14711954,-278.50,-1432.50,19.5049,-67.6893
14715860,-468.50,-2047.50,26.5701,-41.5128
14719766,-278.50,-330.50,27.3031,-2.7764
14723672,84.50,2047.50,21.0360,-2.7054
14727578,91.50,1463.50,18.6535,7.9674
14731484,-222.50,-1121.50,23.8714,17.6813
14735390,-450.50,-2047.50,35.0459,27.3703
14739296,-275.50,-642.50,47.1006,46.8730
14743202,81.50,2047.50,53.6828,49.3638
14747108,144.50,1843.50,55.1183,103.2871
14751014,-165.50,-777.50,54.1174,142.0300
14754920,-442.50,-2047.50,52.7071,117.5301
14758826,-326.50,-961.50,49.8857,81.1403
14762732,39.50,1936.50,46.1486,60.4757
14766638,166.50,2047.50,46.9917,124.6939
14770544,-124.50,-449.50,51.0052,166.0879
14774450,-452.50,-2047.50,47.7350,124.7969
14778356,-390.50,-1227.50,34.3152,76.6228
14782266,-21.50,1555.50,22.2206,33.8407
14786172,144.50,2047.50,20.4999,35.9104
14790078,-99.50,-147.50,24.2804,41.4034
14793984,-404.50,-2047.50,31.6461,29.6542
14797890,-396.50,-1455.50,41.8702,29.8689
14801796,-59.50,1125.50,44.4260,3.3554
14805702,144.50,2047.50,37.2475,-35.0518
14809608,-68.50,175.50,27.2565,-50.4753
14813514,-431.50,-2047.50,16.5318,-41.5986
14817420,-463.50,-1684.50,6.5601,-26.7747
14821326,-121.50,781.50,3.7243,-34.2140
14825232,141.50,2047.50,11.3040,-63.4282
14829138,-29.50,458.50,20.1528,-84.9427
14833044,-393.50,-1981.50,20.2062,-87.0804
14836950,-477.50,-1889.50,14.7947,-78.8282
14840856,-171.50,417.50,11.8112,-72.8449
14844762,122.50,2047.50,13.6720,-85.8883
14848668,-12.50,779.50,13.8689,-89.8129
14852574,-367.50,-1728.50,7.4977,-66.3434
14856480,-512.50,-2045.50,0.5908,-40.7666
14860386,-236.50,112.50,-3.0459,-36.3795
14864292,119.50,2047.50,3.0430,-53.2716
14868198,50.50,1077.50,19.1744,-54.5441
14872104,-303.50,-1466.50,30.0156,-35.1621
14876010,-512.50,-2047.50,27.5008,1.3770
14879916,-276.50,-173.50,16.3365,34.2462
14883822,78.50,2047.50,9.7712,28.5939
14887728,64.50,1371.50,12.0625,20.9991
14891634,-270.50,-1198.50,15.4334,16.3743
14895540,-512.50,-2047.50,16.2337,31.7264
14899446,-286.50,-518.50,19.1035,61.8276
14903352,87.50,2047.50,32.8768,65.5183
14907258,80.50,1715.50,41.8799,95.7506
14911164,-268.50,-896.50,24.1452,109.9352
14915070,-512.50,-2047.50,-0.4881,92.1308
14918976,-367.50,-809.50,-6.2309,89.2311
14922882,-29.50,2047.50,-4.7530,107.2522
14926788,101.50,2047.50,-6.0236,192.4332
14930694,-207.50,-512.50,-2.2316,233.5990
14934600,-492.50,-2047.50,4.5159,178.4161
14938506,-381.50,-1126.50,13.3100,111.3889
14942412,-32.50,1705.50,21.9830,66.6921
14946318,150.50,2047.50,28.1189,85.7055
14950224,-80.50,-209.50,43.5400,98.8599
14954130,-392.50,-2047.50,68.9402,80.0584
14958036,-345.50,-1365.50,90.0160,67.9451
14961942,28.50,1379.50,102.7917,53.1734
14965848,183.50,2047.50,104.7722,47.5704
14969754,-50.50,127.50,89.7085,29.9022
14973660,-418.50,-2047.50,66.1156,15.6660
14977566,-427.50,-1602.50,47.2887,14.8705
14981472,-134.50,926.50,31.1895,-4.1155
14985378,123.50,2047.50,14.6571,-37.7330
14989284,-37.50,406.50,10.7628,-60.5932
14993190,-393.50,-1979.50,21.3885,-53.3802
14997096,-445.50,-1802.50,33.7127,-34.0064
15001002,-144.50,607.50,40.5048,-23.6338
15004908,130.50,2047.50,38.8573,-39.2053
15008814,32.50,735.50,38.6184,-58.4950
15012720,-348.50,-1740.50,45.2471,-38.1385
15016626,-456.50,-1977.50,48.9900,-5.1002
15020532,-160.50,254.50,51.3619,-5.1774
15024438,121.50,2047.50,52.8210,-37.2605
15028344,48.50,1014.50,46.7831,-55.4875
15032250,-312.50,-1525.50,39.5510,-37.1466
15036156,-490.50,-2047.50,34.7396,-0.2442
15040062,-267.50,-85.50,25.1674,17.0648
15043968,74.50,2047.50,12.5191,-3.4290
15047874,69.50,1294.50,9.9523,-13.2555
15051780,-282.50,-1304.50,18.1996,-10.1431
15055686,-523.50,-2047.50,20.1679,9.6902
15059592,-314.50,-413.50,10.2211,41.1645
15063498,19.50,2047.50,-1.4001,43.4693
15067404,48.50,1637.50,-10.5845,65.3405
15071310,-268.50,-957.50,-14.4003,86.5794
15075216,-527.50,-2047.50,-11.3733,88.7994
15079122,-356.50,-740.50,-6.0695,86.1085
15083028,-0.50,2047.50,-0.6961,81.2351
15086934,92.50,1984.50,3.6252,148.6534
15090840,-196.50,-613.50,9.5500,197.4532
15094746,-480.50,-2047.50,18.8468,161.5586
15098652,-366.50,-1028.50,27.5288,108.1854
15102558,9.50,1906.50,35.3181,89.6547
15106464,156.50,2047.50,45.2202,145.8497
15110370,-131.50,-290.50,52.0357,159.7878
15114276,-448.50,-2047.50,49.6955,111.1788
15118182,-412.50,-1314.50,40.8454,71.0213
15122088,-62.50,1425.50,28.7569,28.7373
15125994,125.50,2047.50,19.2660,14.0061
15129900,-111.50,-25.50,16.2849,4.0595
15133806,-446.50,-2047.50,16.8008,-4.9354
15137712,-452.50,-1580.50,17.4242,-1.6452
15141618,-114.50,1008.50,15.1050,-26.3270
15145524,128.50,2047.50,13.4781,-60.9121
15149430,-41.50,293.50,20.4383,-74.4799
15153336,-396.50,-2047.50,33.0648,-68.4887
15157242,-458.50,-1774.50,39.6721,-58.7374
15161148,-125.50,670.50,39.1322,-58.0595
15165054,148.50,2047.50,40.7539,-74.2407
15168960,16.50,613.50,46.8998,-86.9340
15172866,-332.50,-1844.50,55.3565,-68.7865
15176772,-434.50,-1938.50,64.3329,-40.1892
15180678,-153.50,329.50,68.1672,-35.2422
15184584,131.50,2047.50,62.1162,-62.2679
15188490,46.50,914.50,51.2285,-79.1328
15192396,-284.50,-1616.50,49.6416,-59.3565
15196302,-472.50,-2047.50,55.2372,-24.4898
15200208,-222.50,35.50,50.8489,-5.2081
15204114,126.50,2047.50,43.3216,-17.5366
15208020,101.50,1238.50,48.0448,-23.3598
15211926,-262.50,-1340.50,56.4641,-6.7269
15215832,-458.50,-2047.50,57.6482,26.0118
15219738,-268.50,-301.50,51.7420,49.3019
15223644,101.50,2047.50,44.6733,34.9378
15227550,132.50,1582.50,47.3120,44.6941
15231456,-224.50,-1060.50,53.6205,67.2193
15235362,-474.50,-2047.50,49.4751,74.8806
15239268,-308.50,-602.50,39.6428,81.8994
15243174,63.50,2047.50,35.2017,82.7876
15247080,133.50,1958.50,37.6900,140.5795
15250986,-165.50,-708.50,42.5430,189.4459
15254892,-444.50,-2047.50,48.1277,160.5989
15258798,-305.50,-943.50,55.8992,106.8170
15262704,16.50,2047.50,58.4669,97.5700
15266610,144.50,2047.50,47.8854,177.5985
15270516,-153.50,-363.50,32.5475,201.2119
15274422,-472.50,-2047.50,19.3653,140.5178
15278328,-401.50,-1217.50,10.1881,86.8676
15282234,-28.50,1616.50,9.9314,53.1432
15286140,144.50,2047.50,16.9738,62.1766
15290046,-98.50,-88.50,23.2726,51.8096
15293952,-430.50,-2047.50,25.6921,26.2262
15297858,-404.50,-1482.50,28.3809,20.5130
15301764,-65.50,1181.50,31.6335,-0.1398
15305670,127.50,2047.50,27.5245,-25.8350
15309576,-69.50,289.50,15.7598,-36.6045
15313482,-399.50,-1964.50,11.0285,-9.6904
15317388,-431.50,-1711.50,19.3309,15.0327
15321294,-124.50,805.50,26.3498,-11.9699
15325200,150.50,2047.50,25.5766,-62.3410
15329106,17.50,562.50,29.9901,-88.8642
15333012,-350.50,-1871.50,40.8048,-66.1988
15336918,-441.50,-1885.50,45.5998,-32.8641
15340824,-147.50,464.50,42.6253,-31.1931
15344730,163.50,2047.50,40.8372,-62.5854
15348636,45.50,878.50,43.2485,-82.8266
15352542,-341.50,-1648.50,38.5221,-54.4456
15356448,-489.50,-2028.50,22.8735,-17.0076
15360354,-224.50,142.50,8.1493,-13.4254
15364260,99.50,2047.50,2.0212,-40.2278
15368166,78.50,1183.50,7.4670,-50.5804
15372072,-277.50,-1388.50,21.9664,-22.8623
15375978,-463.50,-2047.50,33.7066,18.6060
15379884,-239.50,-143.50,37.0020,43.0574
15383790,107.50,2047.50,35.9538,31.1412
15387696,117.50,1519.50,36.2067,29.2709
15391602,-239.50,-1128.50,36.3354,43.7758
15395508,-490.50,-2047.50,28.7023,55.9963
15399414,-314.50,-512.50,14.4697,62.0274
15403320,52.50,2047.50,4.4377,52.6570
15407226,112.50,1875.50,4.3131,95.0414
15411132,-194.50,-811.50,10.6996,139.6505
15415038,-512.50,-2047.50,11.0134,122.0312
15418944,-345.50,-824.50,2.1834,87.6063
15422850,-18.50,2047.50,-5.6421,84.5883
15426756,103.50,2047.50,-13.0909,156.9800
15430662,-136.50,-455.50,-9.5093,187.5262
15434568,-480.50,-2047.50,6.0180,135.7579
15438474,-388.50,-1124.50,10.7191,81.6865
15442380,-33.50,1827.50,5.7484,69.4028
15446286,139.50,2047.50,3.4116,115.0702
15450192,-106.50,-157.50,6.9164,103.8098
15454098,-425.50,-2047.50,15.3463,49.2406
15458004,-380.50,-1369.50,27.0161,28.9585
15461910,-24.50,1371.50,39.6204,21.3711
15465816,191.50,2047.50,49.2952,15.4421
15469722,-28.50,176.50,53.4905,-11.4980
15473628,-385.50,-2047.50,50.4756,-27.7719
15477534,-404.50,-1629.50,44.5441,-27.1309
15481440,-56.50,987.50,44.4109,-31.9419
15485346,199.50,2047.50,51.6851,-46.4054
15489252,34.50,498.50,59.7658,-69.3819
15493158,-332.50,-1880.50,62.5750,-53.4221
15497064,-428.50,-1824.50,57.0978,-21.2161
15500970,-112.50,629.50,46.9504,-21.8406
15504876,176.50,2047.50,41.4816,-55.3114
15508782,54.50,810.50,41.0907,-85.7999
15512688,-332.50,-1654.50,36.6273,-56.2231
15516594,-438.50,-1974.50,29.8178,-5.4639
15520500,-149.50,320.50,32.6291,3.8136
15524406,160.50,2047.50,41.1945,-27.4018
15528312,87.50,1104.50,42.8282,-58.6599
15532218,-252.50,-1409.50,41.3352,-38.4382
15536124,-386.50,-2033.50,52.5712,13.4051
15540030,-165.50,28.50,72.5407,42.0915
15543936,29.50,2047.50,56.7861,28.2541
15547842,-54.50,1295.50,-18.5073,-14.0650
15551748,-415.50,-1338.50,-104.7312,-69.1020
15555654,-736.50,-2047.50,-168.4715,-77.6648
15559560,-623.50,-674.50,-234.3030,-71.3934
15563466,-300.50,2047.50,-303.6200,-104.6167
15567372,-303.50,1407.50,-353.5575,-99.1512
15571278,-674.50,-1339.50,-387.9475,-150.2328
15575184,-952.50,-2047.50,-417.3639,-206.6460
15579090,-845.50,-1135.50,-442.8223,-173.9930
15582996,-490.50,1295.50,-463.5226,-261.9195
15586902,-425.50,1429.50,-476.6925,-397.4151
15590808,-717.50,-1169.50,-482.2889,-441.3819
15594714,-994.50,-2047.50,-476.9103,-362.8508
15598620,-863.50,-1425.50,-456.2762,-206.3024
15602526,-512.50,982.50,-429.5581,-241.4770
15606432,-333.50,1725.50,-405.4341,-362.9288
15610338,-537.50,-789.50,-371.6775,-363.9189
15614244,-823.50,-2047.50,-322.3239,-278.3409
15618150,-783.50,-1651.50,-279.2650,-164.0185
15622056,-438.50,805.50,-260.6539,-199.3434
15625962,-250.50,2047.50,-258.9834,-261.7817
15629868,-449.50,-399.50,-255.4195,-208.8924
15633774,-773.50,-2047.50,-240.3644,-163.9518
15637680,-776.50,-1807.50,-220.7321,-129.8263
15641586,-431.50,560.50,-204.9537,-170.3976
15645492,-181.50,2047.50,-189.9557,-224.9140
15649398,-276.50,10.50,-160.2790,-186.8334
15653304,-662.50,-2047.50,-120.2284,-155.3695
15657210,-708.50,-1982.50,-98.4220,-143.7407
15661116,-321.50,323.50,-81.6801,-164.9495
15665022,-1.50,2047.50,-39.8505,-182.7225
15668928,-89.50,425.50,16.0902,-134.9182
15672834,-444.50,-2047.50,60.5720,-125.4804
15676740,-572.50,-2047.50,78.7595,-150.3450
15680646,-236.50,111.50,83.6983,-136.6347
15684552,90.50,2047.50,100.8497,-99.8191
15688458,17.50,795.50,125.2850,-51.5294
15692364,-319.50,-1797.50,143.0553,-54.2611
15696270,-450.50,-2047.50,160.0331,-71.9446
15700176,-260.50,-143.50,169.0020,-37.1417
15704082,59.50,2047.50,153.4940,-1.3304
15707988,61.50,1072.50,133.7191,18.9646
15711894,-273.50,-1521.50,134.4200,-13.5972
15715800,-483.50,-2047.50,145.7865,-32.4539
15719706,-278.50,-438.50,152.2029,21.0221
15723612,74.50,2047.50,153.2789,66.2063
15727518,113.50,1522.50,155.2465,119.9603
15731424,-220.50,-1167.50,157.9626,129.0030
15735330,-456.50,-2047.50,159.2280,94.3704
15739236,-302.50,-770.50,160.6284,88.0871
15743142,63.50,2047.50,162.1403,102.1302
15747048,130.50,1929.50,161.3530,200.3543
15750954,-192.50,-848.50,152.5981,252.2355
15754860,-478.50,-2047.50,137.2069,181.1069
15758766,-348.50,-1061.50,128.9091,116.5769
15762672,9.50,1782.50,132.5772,89.2434
15766578,159.50,2047.50,141.1067,146.6597
15770484,-122.50,-489.50,148.0693,191.9714
15774390,-460.50,-2047.50,144.5002,153.3155
15778296,-402.50,-1328.50,130.0319,111.3890
15782202,-41.50,1325.50,118.3776,53.5478
15786108,128.50,2047.50,114.1736,29.6079
15790014,-79.50,-181.50,115.4854,45.7822
15793920,-434.50,-2047.50,120.3169,53.5980
15797826,-416.50,-1612.50,122.1712,53.5387
15801732,-64.50,946.50,123.7330,5.4243
15805638,142.50,2047.50,125.4591,-38.1688
15809544,-42.50,117.50,121.9791,-32.4769
15813450,-427.50,-2047.50,112.6689,-19.1628
15817356,-523.50,-1878.50,89.7791,-20.4775
15821266,-335.50,451.50,35.2137,-80.4586
15825172,-177.50,2047.50,-58.8472,-142.3242
15829078,-412.50,121.50,-169.1381,-164.0298
15832984,-928.50,-2047.50,-280.8364,-201.7472
15836890,-1132.50,-2047.50,-399.3408,-187.8173
15840796,-914.50,-252.50,-507.9680,-205.9424
15844702,-665.50,1394.50,-585.3461,-393.0842
15848608,-820.50,-29.50,-635.6752,-606.5866
15852514,-1181.50,-2047.50,-667.6344,-657.4682
15856420,-1327.50,-2047.50,-676.2287,-441.7210
15860326,-1050.50,-740.50,-661.7081,-239.7807
15864232,-665.50,1166.50,-626.9481,-385.3071
15868138,-660.50,222.50,-572.4018,-639.4110
15872044,-1007.50,-2047.50,-516.7004,-713.0385
15875950,-1190.50,-2047.50,-479.4833,-507.3869
15879856,-921.50,-866.50,-450.7414,-218.2732
15883762,-564.50,1247.50,-416.3453,-219.1070
15887668,-527.50,658.50,-382.2600,-387.4220
15891574,-840.50,-1937.50,-351.7935,-503.2784
15895480,-1069.50,-2047.50,-323.3610,-431.0999
15899386,-842.50,-1098.50,-293.2089,-198.6794
15903292,-475.50,1197.50,-258.1151,-155.4058
15907198,-430.50,1045.50,-233.4473,-255.7539
15911104,-753.50,-1546.50,-230.1530,-321.6445
15915010,-989.50,-2047.50,-228.8127,-268.9477
15918916,-837.50,-1305.50,-209.0385,-96.3650
15922822,-457.50,1055.50,-178.1106,-81.6612
15926728,-360.50,1387.50,-155.8500,-162.6332
15930634,-660.50,-1157.50,-152.2909,-187.8051
15934540,-943.50,-2047.50,-155.1798,-145.4121
15938446,-864.50,-1546.50,-148.9283,-33.4830
15942352,-521.50,829.50,-141.4159,-56.0278
15946258,-320.50,1725.50,-135.3574,-111.9963
15950164,-580.50,-767.50,-122.2822,-72.4791
15954070,-894.50,-2047.50,-107.3015,-32.3961
15957976,-865.50,-1743.50,-94.6275,14.2984
15961882,-527.50,603.50,-86.8765,-31.7862
15965788,-290.50,1916.50,-81.8738,-67.2789
15969694,-479.50,-407.50,-67.7019,-2.3418
15973600,-847.50,-2047.50,-50.5973,17.9538
15977506,-835.50,-1928.50,-38.5177,15.1880
15981412,-477.50,330.50,-19.4371,-35.7962
15985318,-191.50,2047.50,10.8449,-43.3459
15989224,-367.50,-14.50,38.3959,55.7212
15993130,-712.50,-2047.50,52.5098,67.1835
15997036,-787.50,-2046.50,59.5273,17.1595
16000942,-517.50,48.50,59.1469,-31.9588
16004848,-207.50,2047.50,50.2237,-22.6819
16008754,-317.50,361.50,48.2667,79.0865
16012660,-654.50,-2047.50,59.4114,74.2811
16016566,-751.50,-2047.50,81.7284,3.9424
16020472,-427.50,-190.50,115.7953,2.0781
16024378,-24.50,2047.50,165.6780,54.8227
16028284,-156.50,683.50,210.0959,142.9025
16032190,-654.50,-2037.50,191.5225,82.5233
16036096,-857.50,-2047.50,111.2563,-37.2306
16040002,-580.50,-538.50,47.2929,-15.0337
16043908,-223.50,1839.50,39.1424,39.5592
16047814,-266.50,881.50,53.0052,78.4127
16051720,-629.50,-1804.50,53.7378,14.9456
16055626,-815.50,-2047.50,51.5439,-49.8371
16059532,-599.50,-864.50,65.1101,21.2121
16063438,-239.50,1523.50,83.3071,38.6011
16067344,-287.50,1181.50,76.9754,18.5405
16071250,-641.50,-1469.50,38.1185,-5.6448
16075156,-886.50,-2047.50,2.7145,-0.4502
16079062,-703.50,-1135.50,0.4192,84.8126
16082968,-280.50,1346.50,26.9707,79.4066
16086874,-101.50,1741.50,78.0353,93.0718
16090780,-316.50,-922.50,154.2011,192.3249
16094686,-574.50,-2047.50,237.8444,236.1777
16098592,-437.50,-1238.50,300.6623,241.4676
16102498,-16.50,1456.50,339.6462,225.2412
16106404,194.50,2047.50,376.3580,291.9406
16110310,-4.50,-363.50,426.9969,401.7298
16114216,-257.50,-2047.50,491.6473,397.3473
16118122,-161.50,-1375.50,556.9606,324.0286
16122028,214.50,1361.50,602.8334,285.3501
16125934,475.50,2047.50,630.2398,339.5730
16129840,289.50,127.50,660.7363,409.5208
16133746,-9.50,-2032.50,699.6112,402.9526
16137652,-15.50,-1490.50,731.5341,339.3654
16141558,331.50,1249.50,741.1072,334.9146
16145464,560.50,2047.50,729.9135,403.7872
16149370,400.50,511.50,714.9631,426.1641
16153276,55.50,-1739.50,711.1528,419.8747
16157182,-24.50,-1593.50,711.2032,412.6890
16161088,299.50,983.50,700.8189,418.9572
16164994,592.50,2047.50,687.3383,432.2131
16168900,463.50,882.50,680.9937,408.1712
16172806,94.50,-1462.50,677.0789,419.4069
16176712,-5.50,-1743.50,671.5659,445.0145
16180618,298.50,668.50,668.0494,438.4152
16184524,603.50,2047.50,664.8803,417.4441
16188430,511.50,1235.50,654.9342,390.3609
16192336,129.50,-1188.50,636.1904,426.3156
16196242,-12.50,-1833.50,617.4675,468.2343
16200148,206.50,390.50,602.0172,458.1151
16204054,511.50,2047.50,576.3196,431.0113
16207960,482.50,1532.50,542.6090,404.0123
16211866,130.50,-968.50,518.9799,424.2791
16215772,-68.50,-1958.50,509.5425,431.5793
16219678,107.50,11.50,500.3931,390.5167
16223584,419.50,2047.50,473.6149,371.1564
16227490,448.50,1936.50,436.3770,415.4787
16231396,89.50,-670.50,407.1752,495.5447
16235302,-161.50,-1974.50,386.3369,485.8530
16239208,-2.50,-322.50,370.2733,395.9741
16243114,351.50,2047.50,356.8929,363.3337
16247020,401.50,2047.50,339.7820,413.2078
16250926,74.50,-410.50,315.4873,454.6612
16254832,-143.50,-2020.50,302.3121,406.1973
16258738,-77.50,-687.50,306.4736,312.0337
16262644,260.50,2047.50,296.6535,315.8494
16266550,375.50,2047.50,267.3206,402.2004
16270456,129.50,-82.50,246.4936,410.5606
16274362,-188.50,-1966.50,244.5965,345.4328
16278268,-129.50,-977.50,246.1089,278.0992
16282174,231.50,2047.50,241.2913,324.9472
16286080,412.50,2047.50,236.1535,438.2195
16289986,151.50,176.50,229.4913,387.8021
16293892,-198.50,-1905.50,214.1013,264.1152
16297798,-207.50,-1294.50,191.4788,196.0666
16301704,148.50,1529.50,171.6826,207.6260
16305610,362.50,2047.50,161.8660,254.3614
16309516,183.50,461.50,160.2145,215.2786
16313422,-157.50,-1784.50,164.6620,170.9142
16317328,-235.50,-1552.50,164.8078,157.9737
16321234,64.50,1086.50,146.8389,153.5495
16325140,322.50,2047.50,119.9274,150.9544
16329046,176.50,739.50,101.8323,110.9730
16332952,-194.50,-1643.50,93.2084,103.0737
16336858,-326.50,-1820.50,80.4100,105.7603
16340764,-28.50,623.50,59.7261,72.5385
16344670,272.50,2047.50,45.0612,42.5166
16348576,223.50,1053.50,49.4861,37.6190
16352482,-186.50,-1407.50,61.0263,88.1109
16356388,-325.50,-1960.50,57.1284,119.2982
16360294,-60.50,348.50,46.1616,92.1870
16364200,272.50,2047.50,43.2493,67.2651
16368106,208.50,1354.50,41.7291,65.5774
16372012,-126.50,-1151.50,36.9215,106.1813
16375918,-333.50,-2047.50,33.5942,126.1218
16379824,-121.50,-0.50,28.7220,89.6436
16383730,227.50,2047.50,20.5288,66.4043
16387636,228.50,1680.50,13.4507,94.9512
16391542,-156.50,-893.50,-0.6410,149.0262
16395448,-367.50,-2047.50,-20.7524,152.0935
16399354,-206.50,-350.50,-31.3223,101.3764
16403260,149.50,2047.50,-35.4257,81.4376
16407166,205.50,2016.50,-41.2394,147.7834
16411072,-72.50,-636.50,-40.9756,214.8440
16414978,-301.50,-2047.50,-21.7367,175.2675
16418884,-191.50,-669.50,5.5811,91.0964
16422790,115.50,2047.50,7.0951,90.0602
16426696,177.50,2047.50,-28.7348,170.4131
16430602,-84.50,-305.50,-71.8779,190.2659
16434508,-364.50,-2047.50,-86.2469,123.5552
16438414,-259.50,-977.50,-70.3567,53.5709
16442320,169.50,2047.50,-34.8259,95.5099
16446226,363.50,2047.50,14.5047,209.0475
16450132,144.50,111.50,60.4751,197.9459
16454038,-191.50,-1874.50,86.7275,135.6806
16457944,-160.50,-1113.50,91.5206,122.6623
16461850,272.50,2047.50,100.1359,217.3988
16465756,501.50,2047.50,133.6514,327.0271
16469662,281.50,511.50,166.3792,238.6574
16473568,-60.50,-1588.50,174.7791,158.6153
16477474,-65.50,-1192.50,172.9385,208.5042
16481380,329.50,1763.50,184.8649,315.9622
16485286,609.50,2047.50,216.8010,351.3135
16489192,411.50,909.50,242.3608,206.0869
16493098,128.50,-1318.50,252.6194,157.9739
16497004,80.50,-1314.50,273.9131,259.4963
16500910,369.50,1325.50,297.5663,339.6724
16504816,656.50,2047.50,299.1248,294.5650
16508722,587.50,1317.50,295.3470,144.3951
16512628,241.50,-986.50,306.9640,175.0925
16516534,109.50,-1370.50,321.4382,337.8828
16520440,346.50,1007.50,316.3357,409.0379
16524346,663.50,2047.50,292.3228,315.9115
16528252,592.50,1631.50,268.7427,141.0357
16532158,211.50,-766.50,249.9185,162.4606
16536064,14.50,-1541.50,227.0802,296.8598
16539970,207.50,627.50,196.2789,333.0713
16543876,553.50,2047.50,164.0735,247.2485
16547782,511.50,1967.50,139.6736,133.4390
16551688,160.50,-559.50,119.0362,183.1299
16555594,-106.50,-1620.50,94.3361,279.4531
16559500,52.50,226.50,60.6278,272.4067
16563406,389.50,2047.50,23.5978,191.4440
16567312,451.50,2047.50,0.1541,101.4291
16571218,135.50,-335.50,-2.9276,118.9311
16575124,-111.50,-1742.50,5.8001,170.7441
16579030,-11.50,-161.50,8.1654,155.2913
16582936,313.50,2047.50,-12.0785,120.5031
16586842,414.50,2047.50,-43.6949,81.4776
16590748,99.50,-28.50,-66.8268,71.2952
16594654,-214.50,-1767.50,-84.1622,97.9902
16598560,-133.50,-525.50,-101.3539,88.6043
16602466,215.50,2047.50,-116.1134,88.3250
16606372,382.50,2047.50,-123.1401,92.2456
16610278,131.50,178.50,-118.9471,35.1258
16614184,-184.50,-1734.50,-109.4544,1.6710
16618090,-141.50,-854.50,-101.8169,-1.1145
16621996,223.50,2047.50,-95.5957,61.0032
16625902,397.50,2047.50,-92.7262,129.2419
16629808,154.50,419.50,-102.1912,38.5098
16633714,-217.50,-1653.50,-125.2150,-55.3860
16637620,-245.50,-1190.50,-152.3255,-72.5802
16641526,43.50,1697.50,-179.7556,-28.1732
16645432,299.50,2047.50,-203.4463,23.1447
16649338,90.50,694.50,-217.4531,-53.3283
16653244,-272.50,-1560.50,-229.1375,-115.4941
16657150,-350.50,-1480.50,-241.7661,-121.9282
16661056,-56.50,1105.50,-253.2097,-134.2071
16664962,224.50,2047.50,-262.5583,-152.0958
16668868,78.50,941.50,-268.4641,-198.5386
16672774,-296.50,-1429.50,-276.4608,-186.8875
16676680,-414.50,-1757.50,-286.1213,-169.6598
16680586,-140.50,615.50,-291.8721,-215.9248
16684492,179.50,2047.50,-291.8916,-261.0644
16688398,161.50,1251.50,-276.7518,-259.6943
16692304,-252.50,-1237.50,-255.3951,-187.9948
16696210,-488.50,-1948.50,-265.8009,-165.8940
16700116,-220.50,269.50,-301.9840,-233.8450
16704022,83.50,2047.50,-326.1803,-274.9771
16707928,49.50,1477.50,-338.5116,-251.6478
16711834,-287.50,-1065.50,-345.6861,-194.2629
16715740,-512.50,-2047.50,-344.3329,-197.7287
16719646,-289.50,-120.50,-337.3377,-266.7302
16723552,75.50,2047.50,-324.3399,-286.6251
16727458,116.50,1831.50,-307.9035,-205.8546
16731364,-207.50,-751.50,-294.0688,-102.8937
16735270,-463.50,-2047.50,-284.5390,-111.1877
16739176,-292.50,-440.50,-276.7299,-207.1090
16743082,55.50,2047.50,-270.3117,-235.9902
16746988,142.50,2047.50,-269.0170,-142.5324
16750894,-175.50,-431.50,-272.2320,-51.1294
16754800,-458.50,-2047.50,-275.2864,-83.4232
16758706,-335.50,-768.50,-271.1790,-193.3687
16762612,35.50,2047.50,-258.7858,-206.7787
16766518,193.50,2047.50,-242.7814,-103.4009
16770424,-107.50,-142.50,-231.5588,-69.7673
16774330,-441.50,-2047.50,-235.2620,-140.3983
16778236,-393.50,-1100.50,-248.2499,-236.5269
16782142,-42.50,1959.50,-258.8761,-214.8828
16786048,142.50,2047.50,-264.1224,-86.9335
16789954,-90.50,135.50,-263.9761,-88.7149
16793860,-415.50,-1999.50,-257.1712,-188.0944
16797766,-428.50,-1399.50,-247.5174,-272.9645
16801672,-96.50,1353.50,-245.7960,-297.4748
16805578,124.50,2047.50,-253.0535,-261.8736
16809484,-60.50,418.50,-259.4304,-256.0826
16813390,-417.50,-1860.50,-258.9730,-256.4743
16817296,-454.50,-1660.50,-251.8389,-269.2947
16821202,-134.50,915.50,-241.4326,-303.8788
16825108,144.50,2047.50,-231.8541,-320.1377
16829014,-8.50,703.50,-225.5543,-320.9378
16832920,-323.50,-1688.50,-216.0382,-284.6081
16836826,-479.50,-1870.50,-204.7273,-265.4285
16840732,-146.50,539.50,-201.5702,-299.3573
16844638,147.50,2047.50,-197.3049,-330.8291
16848544,48.50,983.50,-191.3237,-328.7342
16852450,-314.50,-1471.50,-191.3878,-279.6241
16856356,-456.50,-2026.50,-190.4040,-250.0019
16860266,-185.50,213.50,-182.2930,-278.9149
16864172,128.50,2047.50,-173.0269,-303.6858
16868078,98.50,1301.50,-169.5034,-283.7136
16871984,-286.50,-1241.50,-172.5347,-231.1238
16875890,-512.50,-2047.50,-186.2276,-205.0570
16879796,-287.50,-127.50,-203.8516,-227.4102
16883702,48.50,2047.50,-213.1054,-248.4050
16887608,62.50,1602.50,-215.8447,-217.4549
16891514,-267.50,-989.50,-214.2285,-169.8937
16895420,-536.50,-2047.50,-212.0304,-164.4489
16899326,-366.50,-449.50,-216.5916,-189.4379
16903232,-16.50,2047.50,-224.6903,-193.6781
16907138,63.50,1968.50,-228.4107,-119.1500
16911044,-206.50,-676.50,-217.3755,-49.2718
16914950,-528.50,-2047.50,-198.6637,-79.9413
16918856,-404.50,-815.50,-194.6416,-159.6682
16922762,-25.50,2047.50,-198.3675,-174.0758
16926668,83.50,2047.50,-196.6880,-80.5700
16930574,-184.50,-371.50,-192.8773,-39.1721
16934480,-477.50,-2047.50,-183.2523,-101.4206
16938386,-421.50,-1123.50,-170.1480,-175.9026
16942292,-60.50,1831.50,-164.6566,-180.8427
16946198,114.50,2047.50,-164.4091,-105.6269
16950104,-129.50,-48.50,-162.4616,-97.3497
16954010,-463.50,-2047.50,-158.5005,-155.5801
16957916,-450.50,-1391.50,-154.5757,-205.4300
16961822,-96.50,1343.50,-151.4292,-227.7314
16965728,118.50,2047.50,-147.9992,-214.4244
16969634,-77.50,239.50,-143.9565,-218.4752
16973540,-393.50,-2027.50,-133.0388,-232.6531
16977446,-458.50,-1647.50,-117.7554,-249.5314
16981352,-125.50,944.50,-112.7402,-263.1793
16985258,141.50,2047.50,-113.3218,-263.3014
16989164,-15.50,555.50,-109.8537,-263.9256
16993070,-389.50,-1856.50,-107.9046,-242.5125
16996976,-476.50,-1855.50,-110.1556,-228.6824
17000882,-165.50,570.50,-109.7754,-245.6866
17004788,144.50,2047.50,-101.2798,-268.8943
17008694,53.50,846.50,-86.1682,-273.9595
17012600,-360.50,-1615.50,-79.6949,-234.1986
17016506,-492.50,-2015.50,-90.8588,-197.4899
17020412,-232.50,240.50,-103.5635,-209.1064
17024318,103.50,2047.50,-106.2375,-236.8971
17028224,51.50,1125.50,-101.1471,-240.7363
17032130,-300.50,-1391.50,-93.3178,-209.8437
17036036,-489.50,-2047.50,-86.3343,-170.3911
17039942,-249.50,-74.50,-79.8121,-156.7630
17043848,73.50,2047.50,-76.9761,-168.5729
17047754,91.50,1471.50,-78.8857,-158.6568
17051660,-254.50,-1115.50,-78.0960,-126.4303
17055566,-512.50,-2047.50,-78.1083,-103.6019
17059472,-294.50,-371.50,-80.0813,-96.5323
17063378,76.50,2047.50,-71.4977,-97.5755
17067284,114.50,1818.50,-59.3280,-58.8122
17071190,-225.50,-812.50,-60.3868,-20.2906
17075096,-512.50,-2047.50,-73.2292,-33.1767
17079002,-356.50,-719.50,-83.3116,-66.4036
17082908,-2.50,2047.50,-83.8146,-67.5376
17086814,112.50,2047.50,-81.2149,9.9995
17090720,-175.50,-463.50,-77.0481,56.4972
17094626,-481.50,-2047.50,-70.4168,13.2593
17098532,-419.50,-1056.50,-69.4451,-55.0085
17102438,-52.50,1904.50,-77.4213,-70.2833
17106344,106.50,2047.50,-84.5123,-4.8111
17110250,-155.50,-177.50,-85.5927,0.2170
17114156,-476.50,-2047.50,-82.3367,-58.3353
17118062,-425.50,-1345.50,-72.6759,-101.6802
17121968,-48.50,1414.50,-55.8254,-128.5970
17125874,158.50,2047.50,-37.7539,-125.4456
17129780,-66.50,137.50,-27.8145,-129.1833
17133686,-444.50,-2047.50,-31.5933,-135.8451
17137592,-432.50,-1598.50,-39.2165,-143.7552
17141498,-115.50,988.50,-39.4414,-167.4041
17145404,119.50,2047.50,-41.7855,-188.9084
17149310,-64.50,419.50,-51.8192,-200.0249
17153216,-435.50,-1947.50,-62.2497,-184.1009
17157122,-512.50,-1810.50,-69.3202,-166.0852
17161028,-190.50,661.50,-71.5202,-167.2177
17164934,116.50,2047.50,-65.1736,-182.4682
17168840,-34.50,726.50,-56.1015,-196.4598
17172746,-372.50,-1744.50,-51.2897,-175.4374
17176652,-513.50,-1983.50,-46.3782,-146.6475
17180558,-220.50,306.50,-42.9396,-148.3469
17184464,113.50,2047.50,-38.5078,-170.7933
17188370,48.50,1009.50,-27.6102,-181.2391
17192276,-329.50,-1513.50,-18.6011,-157.9394
17196182,-512.50,-2047.50,-19.6249,-118.7420
17200088,-240.50,13.50,-22.2700,-95.2718
17203994,111.50,2047.50,-14.6824,-101.3658
17207900,89.50,1333.50,-2.8397,-105.3816
17211806,-266.50,-1234.50,2.7357,-89.4928
17215712,-493.50,-2047.50,1.8505,-59.1697
17219618,-294.50,-349.50,-2.6040,-41.5939
17223524,64.50,2047.50,-7.8051,-54.2383
17227430,94.50,1703.50,-11.6530,-29.4795
17231336,-246.50,-943.50,-15.1472,9.7366
17235242,-512.50,-2047.50,-18.9038,13.7289
17239148,-354.50,-687.50,-21.5613,-3.8257
17243054,16.50,2047.50,-21.9685,-15.4114
17246960,101.50,2032.50,-21.3199,56.2567
17250866,-203.50,-607.50,-20.9085,118.9904
17254772,-516.50,-2047.50,-22.0049,85.8478
17258678,-395.50,-982.50,-23.8810,23.7612
17262584,15.50,2047.50,-15.3829,24.2370
17266490,108.50,2047.50,-2.5635,111.2888
17270396,-160.50,-284.50,-5.2096,117.4577
17274302,-488.50,-2047.50,-14.2086,41.2915
17278208,-430.50,-1262.50,-16.2506,-9.4064
17282114,-47.50,1521.50,-11.3521,-36.3187
17286020,123.50,2047.50,-4.7297,-32.6499
17289926,-111.50,30.50,-4.3676,-40.5875
17293832,-432.50,-2047.50,-2.1589,-50.8350
17297738,-431.50,-1540.50,9.3627,-55.2077
17301644,-64.50,1074.50,22.3679,-85.1325
17305550,150.50,2047.50,29.1226,-118.1162
17309456,-36.50,325.50,27.8993,-132.0504
17313362,-410.50,-2047.50,23.6710,-122.6200
17317268,-447.50,-1764.50,22.1239,-116.6247
17321174,-148.50,757.50,20.4575,-117.4561
17325080,144.50,2047.50,15.8033,-124.0883
17328986,-2.50,642.50,15.3356,-133.8979
17332892,-355.50,-1818.50,22.0816,-110.9802
17336798,-472.50,-1935.50,29.6774,-80.7516
17340704,-178.50,399.50,30.5904,-82.3834
17344610,130.50,2047.50,26.1860,-111.2958
17348516,37.50,923.50,23.5363,-131.0715
17352422,-347.50,-1608.50,20.9093,-110.2467
17356328,-512.50,-2047.50,13.7420,-72.9905
17360234,-220.50,80.50,10.0376,-56.6614
17364140,79.50,2047.50,11.9823,-70.7384
17368046,78.50,1222.50,13.6146,-80.8876
17371952,-272.50,-1321.50,22.9370,-61.9266
17375858,-485.50,-2047.50,35.9372,-18.4895
17379764,-278.50,-237.50,37.2923,12.1679
17383670,91.50,2047.50,31.4836,0.3573
17387576,131.50,1567.50,34.6377,1.8125
17391482,-236.50,-1046.50,43.6993,19.7579
17395388,-492.50,-2047.50,42.3730,35.0526
17399294,-303.50,-559.50,35.6229,46.7918
17403200,61.50,2047.50,35.1428,46.2104
17407106,140.50,1955.50,38.7723,98.7503
17411012,-168.50,-725.50,44.4345,145.8349
17414918,-460.50,-2047.50,50.5867,119.3133
17418824,-331.50,-888.50,53.4255,72.6529
17422730,46.50,2047.50,54.8712,70.7801
17426636,167.50,2047.50,56.6956,147.1570
17430542,-136.50,-379.50,54.1565,166.7059
17434448,-454.50,-2047.50,46.5323,107.5088
17438354,-394.50,-1192.50,38.5098,55.8973
17442260,-46.50,1658.50,28.2698,27.9996
17446166,111.50,2047.50,12.8113,44.2298
17450072,-146.50,-123.50,-3.3314,30.6603
17453978,-532.50,-2047.50,-20.6352,-3.9039
17457884,-514.50,-1486.50,-41.2480,-13.9775
17461790,-132.50,1136.50,-50.8974,-46.9506
17465696,110.50,2047.50,-39.1716,-84.8893
17469602,-96.50,187.50,-18.7311,-97.4653
17473508,-463.50,-2047.50,-6.2948,-83.4932
17477414,-494.50,-1712.50,-3.4579,-65.6756
17481320,-178.50,816.50,-6.5261,-70.8427
17485226,112.50,2047.50,-10.4873,-93.9093
17489132,-76.50,489.50,-11.3440,-113.6241
17493038,-429.50,-1961.50,-12.3697,-111.0738
17496944,-530.50,-1907.50,-11.9123,-98.1822
17500850,-239.50,451.50,-14.0819,-93.1720
17504756,80.50,2047.50,-19.8503,-106.7542
17508662,-31.50,813.50,-19.5171,-113.4116
17512568,-383.50,-1728.50,-12.0015,-90.1252
17516474,-518.50,-2044.50,0.6476,-62.5111
17520380,-232.50,163.50,14.5310,-49.8453
17524286,101.50,2047.50,24.9631,-58.0513
17528192,70.50,1104.50,34.5447,-66.3498
17532098,-282.50,-1423.50,48.0630,-49.0661
17536004,-463.50,-2047.50,63.4619,-3.2760
17539910,-264.50,-132.50,68.8003,34.4370
17543816,80.50,2047.50,56.9331,26.4029
17547722,94.50,1455.50,42.9849,18.0469
17551628,-272.50,-1135.50,37.9312,30.1019
17555534,-534.50,-2047.50,30.5174,56.1946
17559440,-353.50,-486.50,15.6797,74.5590
17563346,16.50,2047.50,3.5329,63.2747
17567252,81.50,1829.50,1.5530,95.3947
17571158,-237.50,-815.50,7.7825,137.5481
17575064,-512.50,-2047.50,16.4809,133.0874
17578970,-353.50,-793.50,26.0178,108.6948
17582876,30.50,2047.50,38.4394,102.3768
17586782,105.50,2047.50,44.0817,169.6353
17590688,-210.50,-479.50,31.4159,203.7124
17594594,-520.50,-2047.50,11.9202,157.3482
17598500,-415.50,-1113.50,4.5485,101.5232
17602406,-32.50,1820.50,12.3540,79.6021
17606312,96.50,2047.50,19.5503,119.5130
17610218,-186.50,-189.50,10.4269,115.1289
17614124,-524.50,-2047.50,-7.0590,69.1597
17618030,-488.50,-1390.50,-17.4116,46.1066
17621936,-111.50,1327.50,-16.8690,17.6566
17625842,105.50,2047.50,-7.7984,-2.4307
17629748,-110.50,112.50,4.3295,-19.8819
17633654,-447.50,-2047.50,17.0570,-22.6315
17637560,-478.50,-1638.50,27.6911,-13.1036
17641466,-118.50,897.50,32.2624,-32.9965
17645372,123.50,2047.50,33.4875,-71.8434
17649278,-66.50,409.50,30.4364,-92.1148
17653184,-434.50,-2020.50,23.2108,-83.5670
17657090,-512.50,-1854.50,17.7169,-72.6227
17660996,-185.50,560.50,15.7737,-71.5523
17664902,107.50,2047.50,17.5885,-85.4807
17668808,-14.50,735.50,22.2936,-92.2455
17672714,-382.50,-1794.50,28.0795,-67.3372
17676620,-490.50,-2014.50,36.1712,-41.9668
17680526,-189.50,255.50,47.8708,-37.4355
17684432,128.50,2047.50,58.3329,-52.7582
17688338,37.50,1038.50,59.5197,-60.6169
17692244,-336.50,-1536.50,51.3354,-39.7709
17696150,-512.50,-2047.50,42.4689,-2.2399
17700056,-250.50,-45.50,39.7455,26.0677
17703962,97.50,2047.50,43.1510,17.2964
17707868,57.50,1360.50,44.6386,7.8453
17711774,-273.50,-1215.50,43.4797,25.1209
17715680,-482.50,-2047.50,50.5985,62.2220
17719586,-326.50,-392.50,54.0587,84.6022
17723492,19.50,2047.50,35.6794,66.0451
17727398,75.50,1732.50,14.4960,82.8893
17731304,-254.50,-909.50,12.8073,121.0108
17735210,-536.50,-2047.50,19.2278,130.1131
17739116,-367.50,-705.50,19.4617,118.2102
17743022,10.50,2047.50,19.4409,106.0263
17746928,106.50,2041.50,24.4697,167.0593
17750834,-208.50,-606.50,29.6315,211.9697
17754740,-515.50,-2047.50,29.4557,170.5628
17758646,-399.50,-1029.50,26.1351,113.6020
17762552,-28.50,2023.50,25.2817,115.0461
17766458,81.50,2047.50,20.8922,194.6451
17770364,-192.50,-277.50,8.3981,192.6475
17774270,-527.50,-2047.50,-2.5930,116.6097
17778176,-460.50,-1323.50,-5.4622,70.3727
17782082,-92.50,1473.50,-1.5016,37.0635
17785988,93.50,2047.50,3.3466,30.5863
17789894,-116.50,-10.50,8.9669,12.7762
17793800,-465.50,-2047.50,19.9166,-4.2621
17797706,-486.50,-1574.50,26.0759,3.5246
17801612,-146.50,1054.50,18.2106,-8.5248
17805518,99.50,2047.50,7.2613,-37.3701
17809424,-66.50,335.50,9.0290,-58.6207
17813330,-436.50,-2047.50,21.6748,-56.1019
17817236,-489.50,-1764.50,31.0256,-43.9291
17821142,-166.50,716.50,32.5290,-36.1019
17825048,102.50,2047.50,29.0513,-48.9304
17828954,-36.50,667.50,24.1564,-68.2180
17832860,-384.50,-1834.50,25.6555,-49.7939
17836766,-512.50,-1964.50,32.2515,-23.7965
17840672,-200.50,348.50,35.2812,-28.4376
17844578,110.50,2047.50,37.4338,-59.1719
17848484,-9.50,944.50,35.7635,-76.8133
17852390,-378.50,-1616.50,24.4550,-54.4402
17856296,-539.50,-2047.50,13.4576,-15.5170
17860202,-281.50,48.50,8.7910,7.4692
17864108,75.50,2047.50,10.5057,-5.4740
17868014,33.50,1230.50,17.8088,-23.0808
17871920,-340.50,-1376.50,20.7764,-22.7250
17875826,-560.50,-2047.50,13.4286,5.9832
17879732,-335.50,-300.50,3.1429,43.2885
17883638,34.50,2047.50,0.5537,40.5525
17887544,70.50,1581.50,9.2385,46.8691
17891450,-274.50,-1064.50,22.2977,63.2649
17895356,-523.50,-2047.50,30.6271,73.8022
17899266,-336.50,-606.50,35.0774,88.7403
17903172,37.50,2047.50,40.6649,91.0338
17907078,89.50,1950.50,42.2940,141.3300
17910984,-224.50,-708.50,36.2976,183.7618
17914890,-518.50,-2047.50,30.2100,159.3570
17918796,-383.50,-912.50,29.0579,120.6559
17922702,-26.50,2047.50,29.2029,122.3152
17926608,134.50,2047.50,31.2823,194.6164
17930514,-172.50,-337.50,37.9656,209.0826
17934420,-512.50,-2047.50,37.4427,153.1717
17938326,-402.50,-1224.50,32.4968,102.8213
17942232,-68.50,1680.50,33.1257,74.3240
17946138,115.50,2047.50,29.7939,92.5636
17950044,-128.50,-74.50,25.3575,76.5514
17953950,-462.50,-2047.50,29.0114,40.9560
17957856,-464.50,-1489.50,33.4320,31.9348
17961762,-126.50,1210.50,27.0771,12.4159
17965668,109.50,2047.50,15.2444,-10.6804
17969574,-96.50,224.50,11.4072,-36.9913
17973480,-437.50,-2047.50,17.5046,-44.5938
17977386,-472.50,-1727.50,29.0015,-35.7907
17981292,-152.50,818.50,35.6373,-40.6076
17985198,112.50,2047.50,32.0647,-62.1039
17989104,-47.50,511.50,25.8788,-87.1694
17993010,-419.50,-1950.50,22.1529,-88.1937
17996916,-527.50,-1912.50,17.6193,-71.5708
18000822,-232.50,432.50,8.2031,-63.8563
18004728,86.50,2047.50,0.4877,-82.4711
18008634,-15.50,842.50,3.3009,-94.8247
18012540,-394.50,-1726.50,9.6227,-72.2139
18016446,-516.50,-2047.50,14.3115,-43.1437
18020352,-210.50,121.50,27.0870,-32.1478
18024258,98.50,2047.50,43.8511,-47.8331
18028164,36.50,1135.50,47.0375,-57.6107
18032070,-335.50,-1457.50,37.4369,-41.4300
18035976,-542.50,-2047.50,25.0396,-2.4709
18039882,-298.50,-175.50,15.5532,35.7863
18043788,75.50,2047.50,17.1219,30.2264
18047694,105.50,1478.50,33.5844,24.3951
18051600,-239.50,-1158.50,56.1683,35.2359
18055506,-513.50,-2047.50,65.3128,55.5013
18059412,-335.50,-479.50,52.2662,82.6358
18063318,46.50,2047.50,35.4617,85.5194
18067224,75.50,1847.50,26.8159,116.5095
18071130,-244.50,-833.50,19.6756,144.4686
18075036,-532.50,-2047.50,14.2378,128.2770
18078942,-380.50,-814.50,13.3579,106.6161
18082848,-15.50,2047.50,14.9220,107.7512
18086754,103.50,2047.50,16.0438,174.7560
18090660,-192.50,-436.50,17.7345,208.5489
18094566,-520.50,-2047.50,18.0875,169.4932
18098472,-413.50,-1132.50,16.5279,116.0814
18102378,-40.50,1859.50,19.4026,95.1567
18106284,128.50,2047.50,25.4312,138.6837
18110190,-122.50,-172.50,31.9677,125.7506
18114096,-449.50,-2047.50,41.1166,69.6259
18118002,-417.50,-1389.50,50.3364,48.3926
18121908,-64.50,1426.50,52.9571,42.4099
18125814,144.50,2047.50,48.2914,45.1094
18129720,-48.50,162.50,47.1875,17.5589
18133626,-405.50,-2047.50,56.0726,-5.1505
18137532,-446.50,-1640.50,62.4348,-5.9015
18141438,-100.50,982.50,57.8859,-16.8039
18145344,127.50,2047.50,47.0393,-38.9476
18149250,-47.50,429.50,33.1123,-70.9670
18153156,-405.50,-2021.50,24.2317,-84.4347
18157062,-474.50,-1865.50,26.6760,-81.6490
18160968,-197.50,594.50,27.3473,-75.1964
18164874,92.50,2047.50,14.9764,-81.0044
18168780,-20.50,752.50,2.8445,-92.9742
18172686,-417.50,-1800.50,-2.6296,-77.5370
18176592,-554.50,-2035.50,-11.3767,-57.3879
18180498,-249.50,191.50,-18.0847,-64.8291
18184404,91.50,2047.50,-10.8078,-94.6634
18188310,14.50,1040.50,3.0876,-100.5055
18192216,-361.50,-1570.50,8.1060,-72.2599
18196122,-536.50,-2047.50,4.6407,-31.2442
18200028,-288.50,-91.50,2.1027,1.2427
18203934,65.50,2047.50,3.6641,-9.7323
18207840,71.50,1347.50,10.8644,-23.1445
18211746,-303.50,-1294.50,19.0633,-18.4059
18215652,-512.50,-2047.50,21.8095,7.0650
18219558,-283.50,-432.50,28.1514,41.0015
18223464,103.50,2047.50,45.5585,36.6739
18227370,152.50,1756.50,66.1274,62.5767
18231276,-143.50,-923.50,86.1271,107.4405
18235182,-437.50,-2047.50,102.2622,116.3757
18239088,-302.50,-709.50,100.3875,106.8212
18242994,76.50,2047.50,84.6777,96.9830
18246900,152.50,2047.50,70.7067,153.6201
18250806,-151.50,-577.50,60.5000,197.8962
18254712,-476.50,-2047.50,51.7995,164.3742
18258618,-380.50,-1040.50,41.3249,110.4185
18262524,-22.50,2047.50,28.6499,109.7498
18266430,140.50,2047.50,19.5855,187.1966
18270336,-144.50,-245.50,17.1517,182.4454
18274242,-481.50,-2047.50,15.3422,108.9605
18278148,-431.50,-1311.50,11.8239,67.6442
18282054,-40.50,1574.50,14.1171,51.3661
18285960,157.50,2047.50,24.1664,61.9379
18289866,-84.50,61.50,31.2619,37.2215
18293772,-464.50,-2047.50,25.7138,9.6248
18297678,-467.50,-1583.50,12.1201,5.5510
18301584,-110.50,1072.50,3.6435,-19.5663
18305490,114.50,2047.50,0.7745,-53.8539
18309396,-76.50,383.50,-4.8527,-74.5101
18313302,-433.50,-2032.50,-8.8784,-61.9039
18317208,-495.50,-1807.50,-5.9217,-50.7124
18321114,-160.50,709.50,-0.6790,-61.0660
18325020,128.50,2047.50,4.2555,-84.3620
18328926,-14.50,663.50,8.1474,-104.4989
18332832,-392.50,-1838.50,8.5435,-84.7581
18336738,-528.50,-1969.50,3.0649,-52.1009
18340644,-216.50,356.50,-5.2588,-46.8691
18344550,106.50,2047.50,-6.8498,-74.2061
18348456,13.50,951.50,-2.9092,-98.2991
18352362,-349.50,-1600.50,0.2414,-79.0386
18356268,-548.50,-2047.50,-1.4369,-33.4149
18360174,-260.50,29.50,-7.4726,-8.1852
18364080,70.50,2047.50,-9.4310,-29.1976
18367986,41.50,1279.50,-9.0088,-46.7842
18371892,-328.50,-1364.50,-10.6537,-34.1718
18375798,-527.50,-2047.50,-10.1830,-0.5578
18379704,-312.50,-336.50,-5.9129,26.6306
18383610,54.50,2047.50,-2.1804,8.9784
18387516,86.50,1595.50,0.5716,11.0848
18391422,-264.50,-1094.50,3.6950,27.4223
18395328,-546.50,-2047.50,0.6821,35.4053
18399234,-366.50,-644.50,-8.9586,52.4099
18403140,14.50,2047.50,-14.0288,56.0324
18407046,87.50,1998.50,-12.7007,114.5814
18410952,-222.50,-738.50,-10.2822,165.2755
18414858,-512.50,-2047.50,-5.3992,133.7033
18418764,-404.50,-943.50,-1.3439,88.7014
18422670,-25.50,2047.50,-3.4199,90.0645
18426576,97.50,2047.50,-9.1099,162.3662
18430482,-184.50,-362.50,-14.0321,172.1067
18434388,-512.50,-2047.50,-15.1606,112.1401
18438294,-460.50,-1242.50,-16.2285,69.3348
18442200,-79.50,1667.50,-20.1170,47.3022
18446106,126.50,2047.50,-17.9829,62.7849
18450012,-118.50,-63.50,-6.7616,44.9141
18453918,-468.50,-2047.50,3.9979,14.2680
18457824,-442.50,-1498.50,11.2200,11.8729
18461730,-94.50,1215.50,16.1328,-4.2173
18465636,143.50,2047.50,16.7772,-29.0055
18469542,-63.50,260.50,15.6187,-56.7266
18473448,-438.50,-2047.50,13.6292,-59.6291
18477354,-478.50,-1750.50,10.7222,-51.4812
18481260,-138.50,832.50,10.0981,-60.7355
18485166,121.50,2047.50,9.3328,-81.7969
18489072,-41.50,511.50,3.6736,-110.9879
18492978,-416.50,-1970.50,-3.6196,-120.9575
18496884,-517.50,-1952.50,-7.3820,-112.0188
18500790,-217.50,400.50,-10.0114,-109.9231
18504696,85.50,2047.50,-15.1434,-127.7935
18508602,-44.50,834.50,-24.8660,-134.6260
18512508,-408.50,-1743.50,-36.2311,-109.6276
18516414,-562.50,-2047.50,-40.6710,-75.9071
18520320,-271.50,92.50,-36.7631,-57.7020
18524226,86.50,2047.50,-25.2078,-74.2544
18528132,50.50,1131.50,-7.4975,-88.6163
18532038,-324.50,-1509.50,6.9111,-81.7620
18535944,-524.50,-2047.50,11.3969,-49.6222
18539850,-331.50,-261.50,2.9076,-11.8090
18543756,35.50,2047.50,-15.0823,-22.3987
18547662,16.50,1456.50,-31.3127,-26.3428
18551568,-336.50,-1205.50,-43.1365,-13.6909
18555474,-544.50,-2047.50,-43.6264,7.6184
18559380,-363.50,-595.50,-29.7691,33.9190
18563286,34.50,2047.50,-13.7779,25.3092
18567192,112.50,1831.50,2.3403,60.9894
18571098,-196.50,-898.50,20.8438,95.4533
18575004,-484.50,-2047.50,36.1596,77.4561
18578910,-356.50,-911.50,40.7387,58.3430
18582816,37.50,2047.50,38.4115,57.7197
18586722,167.50,2047.50,41.7256,133.4834
18590628,-120.50,-549.50,52.2794,164.5267
18594534,-430.50,-2047.50,63.7499,106.6582
18598440,-316.50,-1186.50,76.5412,61.2604
18602346,14.50,1708.50,84.2249,35.6865
18606252,110.50,2047.50,63.3629,53.9840
18610158,-184.50,-270.50,13.3950,41.3467
18614064,-514.50,-2047.50,-30.2201,1.5032
18617970,-483.50,-1468.50,-44.7469,-0.7069
18621876,-138.50,1223.50,-44.3443,-25.9685
18625782,102.50,2047.50,-41.8484,-60.8132
18629688,-115.50,84.50,-33.0954,-76.4931
18633594,-469.50,-2047.50,-22.0596,-65.3633
18637500,-477.50,-1721.50,-12.8608,-44.4452
18641406,-173.50,823.50,-10.7799,-70.2042
18645312,100.50,2047.50,-19.2158,-117.9692
18649218,-62.50,399.50,-22.9254,-133.2888
18653124,-416.50,-2047.50,-14.1138,-120.0968
18657030,-521.50,-1905.50,-5.8795,-106.9954
18660936,-181.50,481.50,-5.4990,-106.9155
18664842,112.50,2047.50,-3.6782,-124.3441
18668748,-31.50,710.50,-2.5522,-131.2536
18672654,-357.50,-1903.50,-2.0461,-123.0082
18676560,-512.50,-2047.50,5.9689,-115.2904
18680466,-217.50,141.50,11.8381,-103.5962
18684372,92.50,2047.50,10.4700,-107.0404
18688278,35.50,983.50,7.3891,-109.6216
18692184,-314.50,-1654.50,9.9739,-107.0202
18696090,-468.50,-2047.50,23.8029,-81.4123
18699996,-238.50,-193.50,39.6332,-36.4961
18703902,122.50,2047.50,46.6486,-37.8172
18707808,112.50,1308.50,49.4707,-44.2899
18711714,-209.50,-1353.50,57.4363,-43.2218
18715620,-450.50,-2047.50,68.7779,-21.9727
18719526,-258.50,-512.50,71.2569,21.3651
18723432,97.50,2047.50,63.1806,22.5669
18727338,144.50,1693.50,54.9648,47.0310
18731244,-190.50,-1043.50,51.3543,66.9797
18735150,-463.50,-2047.50,49.0890,55.1747
18739056,-334.50,-846.50,41.8114,54.4757
18742962,32.50,2047.50,28.9741,54.3571
18746868,144.50,2035.50,20.9888,131.2107
18750774,-181.50,-687.50,19.6313,181.6931
18754680,-512.50,-2047.50,10.5474,132.4480
18758586,-405.50,-1144.50,-6.0129,78.2492
18762492,-12.50,1792.50,-11.5838,42.9365
18766398,146.50,2047.50,-1.1486,73.8048
18770304,-124.50,-309.50,11.9258,94.9744
18774210,-459.50,-2047.50,17.4219,76.3926
18778116,-421.50,-1384.50,15.2687,64.3416
18782022,-68.50,1374.50,7.9007,24.9188
18785928,128.50,2047.50,-1.1935,-4.7032
18789834,-108.50,-15.50,-8.5361,-21.6402
18793740,-463.50,-2047.50,-13.6264,-21.3065
18797646,-463.50,-1642.50,-14.7992,-3.4191
18801552,-116.50,989.50,-11.6079,-23.1569
18805458,93.50,2047.50,-13.8930,-61.0956
18809364,-89.50,318.50,-26.5596,-80.7518
18813270,-442.50,-2047.50,-35.4412,-74.1107
18817176,-512.50,-1852.50,-33.8148,-61.8076
18821082,-169.50,641.50,-27.9407,-65.3782
18824988,79.50,2047.50,-25.0907,-83.0065
18828894,-64.50,642.50,-33.2303,-93.9665
18832800,-430.50,-1923.50,-45.0023,-85.1887
18836706,-574.50,-2021.50,-53.7273,-77.0531
18840612,-265.50,249.50,-61.8592,-81.3136
18844518,16.50,2047.50,-68.7896,-99.4474
18848424,-98.50,895.50,-82.8698,-106.5493
18852330,-512.50,-1781.50,-110.7983,-109.4311
18856236,-731.50,-2047.50,-150.5207,-97.0231
18860142,-484.50,-178.50,-191.6657,-70.2458
18864048,-196.50,2047.50,-224.7875,-83.9822
18867954,-284.50,1007.50,-259.9584,-114.4165
18871860,-717.50,-1745.50,-308.4067,-189.4173
18875766,-963.50,-2047.50,-362.5876,-214.1907
18879672,-864.50,-741.50,-420.3037,-150.4290
18883578,-530.50,1726.50,-484.1725,-189.2920
18887484,-540.50,1114.50,-534.3725,-272.3356
18891390,-874.50,-1630.50,-556.0599,-345.3352
18895296,-1083.50,-2047.50,-546.2725,-320.3915
18899202,-911.50,-1092.50,-512.9726,-176.7108
18903108,-556.50,1409.50,-484.2916,-193.0657
18907014,-513.50,1383.50,-479.0860,-295.9130
18910920,-766.50,-1279.50,-479.6192,-334.5245
18914826,-1006.50,-2047.50,-452.5389,-266.7849
18918732,-889.50,-1355.50,-406.5162,-120.3913
18922638,-495.50,1200.50,-370.4319,-144.3905
18926544,-315.50,1949.50,-338.5079,-192.0888
18930450,-557.50,-815.50,-296.3511,-118.2206
18934356,-838.50,-2047.50,-249.0215,-54.4312
18938266,-751.50,-1492.50,-206.8559,-6.4350
18942172,-348.50,1107.50,-170.9047,-48.7173
18946078,-137.50,2047.50,-134.8630,-87.2097
18949984,-346.50,-333.50,-97.4647,-37.5203
18953890,-657.50,-2047.50,-61.7166,2.4701
18957796,-562.50,-1624.50,-19.6696,31.3333
18961702,-165.50,976.50,36.8603,18.3305
18965608,42.50,2047.50,86.0907,-1.5138
18969514,-152.50,137.50,104.8426,14.9514
18973420,-492.50,-2047.50,106.5976,26.8933
18977326,-512.50,-1801.50,112.6955,26.2140
18981232,-120.50,743.50,134.0893,20.0808
18985138,203.50,2047.50,177.1493,23.9206
18989044,55.50,563.50,226.5624,43.0978
18992950,-303.50,-1930.50,256.5979,58.1983
18996856,-365.50,-1925.50,269.3399,51.4652
19000762,-47.50,503.50,280.7886,55.8846
19004668,272.50,2047.50,294.0634,73.7311
19008574,238.50,991.50,316.8487,95.0579
19012480,-129.50,-1580.50,350.5733,140.0429
19016386,-288.50,-2040.50,370.4343,157.7721
19020292,-29.50,262.50,364.0273,145.1189
19024198,307.50,2047.50,347.8075,138.6038
19028104,282.50,1323.50,341.5219,145.0484
19032010,-64.50,-1284.50,349.6614,180.2746
19035916,-252.50,-2047.50,361.7086,205.3409
19039822,-15.50,11.50,368.7999,212.8571
19043728,338.50,2047.50,370.5495,217.2871
19047634,351.50,1726.50,369.6740,234.5313
19051540,5.50,-929.50,367.6037,280.4086
19055446,-241.50,-2047.50,362.3827,292.2569
19059352,-84.50,-313.50,348.9913,264.1015
19063258,291.50,2047.50,330.8294,249.8138
19067164,338.50,2047.50,317.3400,290.7145
19071070,17.50,-603.50,307.7929,348.2643
19074976,-264.50,-2047.50,299.5431,331.2203
19078882,-130.50,-653.50,292.7457,266.3133
19082788,241.50,2047.50,287.1185,255.0309
19086694,349.50,2047.50,281.8693,301.2178
19090600,51.50,-260.50,274.3644,306.9789
19094506,-270.50,-2047.50,263.6050,265.9998
19098412,-204.50,-981.50,249.0788,219.2262
19102318,173.50,2047.50,234.9610,251.5428
19106224,305.50,2047.50,222.8138,335.4337
19110130,43.50,32.50,206.4670,292.1946
19114036,-318.50,-2047.50,186.3914,192.8404
19117942,-273.50,-1316.50,170.2486,133.9052
19121848,110.50,1680.50,168.9274,155.4369
19125754,322.50,2047.50,180.6062,219.2223
19129660,116.50,318.50,190.9774,176.4630
19133566,-239.50,-1903.50,195.3367,121.7205
19137472,-270.50,-1536.50,194.0326,120.3594
19141378,31.50,1229.50,181.5674,138.0709
19145284,240.50,2047.50,151.4710,139.8452
19149190,64.50,634.50,113.4101,80.8525
19153096,-276.50,-1764.50,91.9661,65.9793
19157002,-381.50,-1778.50,89.6871,90.7433
19160908,-58.50,789.50,88.4578,90.1252
19164814,239.50,2047.50,87.1995,62.2287
19168720,112.50,932.50,88.5436,17.0259
19172626,-255.50,-1561.50,86.8282,38.0873
19176532,-389.50,-1967.50,82.4342,79.7457
19180438,-111.50,411.50,77.4318,70.7789
19184344,194.50,2047.50,70.3797,35.4674
19188250,142.50,1257.50,63.5641,12.5549
19192156,-232.50,-1337.50,60.5737,51.9461
19196062,-448.50,-2047.50,51.8227,92.3724
19199968,-209.50,71.50,32.3368,83.2505
19203874,131.50,2047.50,15.2259,54.9663
19207780,130.50,1572.50,9.3949,50.8205
19211686,-228.50,-1085.50,10.5395,89.8525
19215592,-425.50,-2047.50,15.6170,115.2178
19219498,-235.50,-260.50,24.4839,107.3864
19223404,122.50,2047.50,29.1581,92.3017
19227310,170.50,1914.50,27.6667,119.1126
19231216,-173.50,-793.50,23.8648,166.5330
19235122,-440.50,-2047.50,17.3559,157.5920
19239028,-296.50,-651.50,10.2993,108.5056
19242934,67.50,2047.50,4.2075,88.0370
19246840,156.50,2047.50,-1.9233,140.0090
19250746,-143.50,-461.50,-7.3260,175.8520
19254652,-449.50,-2047.50,-10.7065,143.3103
19258558,-352.50,-996.50,-13.5041,87.1134
19262464,16.50,2047.50,-16.2433,92.3985
19266370,159.50,2047.50,-18.4449,171.4465
19270276,-89.50,-182.50,-17.7632,153.5344
19274182,-403.50,-2047.50,-9.3655,66.9229
19278088,-378.50,-1306.50,-0.8567,16.2983
19281994,7.50,1651.50,1.3190,19.6421
19285900,201.50,2047.50,5.0639,62.2060
19289806,-32.50,141.50,8.5316,36.8648
19293712,-380.50,-2047.50,6.7234,-13.4757
19297618,-382.50,-1578.50,4.9802,-40.0945
19301524,-47.50,1168.50,4.6503,-52.6442
19305430,189.50,2047.50,1.7188,-52.1809
19309336,13.50,421.50,-1.7431,-77.9223
19313242,-368.50,-1974.50,-4.9307,-90.1686
19317148,-431.50,-1787.50,-11.6955,-84.6214
19321054,-112.50,778.50,-18.8189,-80.2595
19324960,176.50,2047.50,-20.7322,-87.1905
19328866,80.50,726.50,-11.4197,-113.5633
19332772,-332.50,-1768.50,0.3432,-103.9680
19336678,-469.50,-1963.50,-7.4720,-75.7410
19340584,-168.50,403.50,-26.9032,-72.3326
19344490,145.50,2047.50,-36.0173,-94.5974
19348396,54.50,1040.50,-37.0519,-114.9007
19352302,-309.50,-1536.50,-38.6522,-90.8311
19356208,-476.50,-2047.50,-39.6365,-51.7503
19360114,-212.50,80.50,-37.4066,-37.2624
19364020,117.50,2047.50,-34.5141,-53.9753
19367926,89.50,1375.50,-35.4101,-63.4726
19371832,-269.50,-1266.50,-38.8980,-37.4910
19375738,-452.50,-2047.50,-36.3024,-3.5703
19379644,-240.50,-234.50,-24.4959,15.6014
19383550,140.50,2047.50,-10.2139,5.7216
19387456,157.50,1749.50,0.6972,19.3031
19391362,-186.50,-949.50,2.9463,58.6441
19395268,-446.50,-2047.50,-2.6053,68.0094
19399174,-262.50,-546.50,-6.0278,56.7400
19403080,190.50,2047.50,11.4812,49.3644
19406986,263.50,2047.50,50.1535,97.6342
19410892,-206.50,-660.50,52.3311,135.5945
19414798,-555.50,-2047.50,-16.0707,96.3703
19418704,-469.50,-1024.50,-102.1749,24.4866
19422610,-143.50,1970.50,-162.7739,-11.8727
19426516,-40.50,2047.50,-204.5903,47.1258
19430422,-329.50,-471.50,-231.5940,52.2189
19434328,-700.50,-2047.50,-247.1721,-21.3091
19438234,-654.50,-1416.50,-264.7238,-71.9016
19442140,-296.50,1226.50,-284.6796,-162.2490
19446046,-186.50,2047.50,-309.9902,-221.4325
19449952,-431.50,-342.50,-342.9569,-221.9094
19453858,-815.50,-2047.50,-367.9408,-212.0639
19457764,-786.50,-1733.50,-377.4611,-180.2272
19461670,-444.50,733.50,-375.9070,-236.9166
19465576,-204.50,2047.50,-370.5463,-321.5201
19469482,-346.50,-16.50,-353.2294,-313.4153
19473388,-766.50,-2047.50,-327.1466,-267.8035
19477294,-847.50,-1938.50,-325.5046,-220.3411
19481200,-493.50,432.50,-344.1153,-244.4502
19485106,-171.50,2047.50,-343.6260,-302.0298
19489012,-313.50,323.50,-315.6096,-295.4934
19492918,-714.50,-2047.50,-288.9068,-278.8357
19496824,-751.50,-2047.50,-271.1004,-258.1887
19500730,-410.50,144.50,-240.6184,-242.6173
19504636,-172.50,2047.50,-216.4923,-251.6182
19508542,-265.50,624.50,-225.0172,-246.0992
19512448,-606.50,-2015.50,-234.5367,-277.9435
19516354,-718.50,-2047.50,-214.2624,-288.3952
19520260,-424.50,-137.50,-176.2729,-215.9031
19524166,-77.50,2047.50,-143.4653,-168.6205
19528072,-153.50,929.50,-129.5994,-163.6993
19531978,-524.50,-1728.50,-134.2122,-211.7933
19535884,-680.50,-2047.50,-135.3872,-219.4961
19539790,-431.50,-464.50,-117.3637,-137.4842
19543696,-83.50,2047.50,-96.1926,-96.8143
19547602,-73.50,1302.50,-86.8588,-78.2228
19551508,-425.50,-1442.50,-83.5946,-111.3807
19555414,-719.50,-2047.50,-88.9883,-138.2429
19559320,-533.50,-857.50,-108.7435,-94.0455
19563226,-128.50,1933.50,-121.5023,-91.3042
19567132,-91.50,1648.50,-116.2236,-59.1402
19571038,-383.50,-1189.50,-104.3428,-57.0204
19574944,-620.50,-2047.50,-80.0907,-96.3778
19578850,-521.50,-1051.50,-52.9917,-55.7252
19582756,-190.50,1619.50,-56.0886,-51.6228
19586662,-91.50,2034.50,-86.7524,-31.1625
19590568,-367.50,-772.50,-109.8121,15.3808
19594474,-642.50,-2047.50,-102.6172,3.6442
19598380,-559.50,-1361.50,-76.2299,-5.5714
19602286,-155.50,1257.50,-51.3723,-71.5597
19606192,16.50,2047.50,-30.6697,-118.6858
19610098,-248.50,-417.50,-16.2816,-88.2593
19614004,-586.50,-2047.50,-11.8058,-56.6346
19617910,-538.50,-1609.50,-9.3245,-26.4113
19621816,-190.50,919.50,-5.2077,-77.9614
19625722,80.50,2047.50,4.9538,-147.1616
19629628,-118.50,-15.50,30.7897,-130.2192
19633534,-474.50,-2047.50,59.8031,-81.7180
19637440,-486.50,-1807.50,76.3509,-46.0002
19641346,-146.50,720.50,82.8155,-64.1455
19645252,117.50,2047.50,84.5393,-97.5941
19649158,-38.50,326.50,88.2238,-98.8811
19653064,-406.50,-2047.50,96.0952,-99.4597
19656970,-526.50,-1968.50,95.6955,-99.0770
19660876,-193.50,387.50,82.9353,-96.5961
19664782,87.50,2047.50,72.0035,-97.7758
19668688,-34.50,655.50,66.1737,-87.9186
19672594,-389.50,-1968.50,65.0355,-100.8003
19676500,-514.50,-2047.50,72.5237,-115.9029
19680406,-257.50,40.50,77.7374,-91.3162
19684312,62.50,2047.50,70.2208,-71.3850
19688218,-2.50,949.50,58.9249,-58.3022
19692124,-380.50,-1689.50,51.8300,-67.4754
19696030,-585.50,-2047.50,43.1071,-60.0913
19699936,-338.50,-249.50,31.1431,-6.1215
19703842,27.50,2047.50,26.6629,15.0576
19707748,16.50,1263.50,32.9863,18.0567
19711654,-353.50,-1462.50,37.5352,-15.2017
19715560,-607.50,-2047.50,29.6447,-34.7345
19719466,-461.50,-672.50,5.1340,3.9711
19723372,-179.50,2047.50,-41.7329,19.4230
19727278,-175.50,1467.50,-104.2920,42.4342
19731184,-572.50,-1386.50,-164.7870,-23.2603
19735090,-870.50,-2047.50,-214.8211,-108.9645
19738996,-796.50,-1214.50,-258.8715,-90.2321
19742902,-495.50,1099.50,-310.3557,-209.0219
19746808,-526.50,1177.50,-382.1010,-427.5591
19750714,-800.50,-1486.50,-454.6939,-571.4763
19754620,-1248.50,-2047.50,-508.9311,-508.3241
19758526,-1177.50,-1670.50,-564.4915,-273.1262
19762432,-782.50,567.50,-605.0326,-307.7684
19766338,-572.50,1197.50,-594.2693,-559.7134
19770244,-756.50,-1198.50,-535.1943,-684.1804
19774150,-1035.50,-2047.50,-452.2236,-555.2653
19778056,-988.50,-1743.50,-380.7790,-248.0163
19781962,-645.50,566.50,-346.1693,-162.2943
19785868,-398.50,1704.50,-334.9633,-268.5516
19789774,-588.50,-605.50,-314.1521,-301.8221
19793680,-930.50,-2047.50,-280.7922,-246.3564
19797586,-912.50,-1903.50,-248.3850,-123.6952
19801492,-544.50,381.50,-216.7337,-120.6992
19805398,-246.50,2047.50,-180.1816,-164.3379
19809304,-479.50,-160.50,-151.8587,-107.9001
19813210,-834.50,-2047.50,-149.5152,-84.7000
19817116,-879.50,-2047.50,-152.9030,-79.8895
19821022,-532.50,156.50,-138.2451,-107.2610
19824928,-288.50,2047.50,-120.9223,-124.1882
19828834,-368.50,207.50,-112.7420,-65.2784
19832740,-747.50,-2047.50,-100.9220,-73.2781
19836646,-879.50,-2047.50,-90.2189,-90.7267
19840552,-623.50,-212.50,-95.2798,-84.0287
19844458,-270.50,2047.50,-104.6664,-86.8062
19848364,-367.50,511.50,-103.0148,-41.4685
19852270,-753.50,-2047.50,-101.7172,-84.7634
19856176,-882.50,-2047.50,-101.4365,-135.5028
19860082,-622.50,-477.50,-86.7183,-75.8061
19863988,-227.50,2000.50,-58.1926,-22.4829
19867894,-280.50,839.50,-30.0888,24.5264
19871800,-618.50,-1878.50,-17.1340,-39.8137
19875706,-864.50,-2047.50,-17.5406,-111.0955
19879612,-595.50,-782.50,-15.4522,-41.6749
19883518,-276.50,1680.50,-5.3822,-20.0028
19887424,-286.50,1171.50,-10.0512,-27.2570
19891330,-562.50,-1519.50,-22.9170,-46.5232
19895236,-751.50,-2047.50,-1.5879,-39.8746
19899142,-521.50,-1039.50,57.5622,46.0986
19903048,-150.50,1525.50,118.5941,44.1350
19906954,-48.50,1648.50,154.4132,49.2861
19910860,-384.50,-1138.50,164.5267,92.3823
19914766,-642.50,-2047.50,163.3249,98.3043
19918672,-493.50,-1325.50,171.9535,113.2996
19922578,-239.50,1137.50,172.5124,27.8160
19926484,-148.50,1911.50,130.9280,-17.5376
19930390,-382.50,-894.50,84.1188,48.7657
19934296,-722.50,-2047.50,72.7814,76.2869
19938202,-713.50,-1594.50,67.1607,91.7382
19942108,-362.50,817.50,42.9149,9.9877
19946014,-177.50,2020.50,20.7812,-47.4622
19949920,-367.50,-601.50,23.8318,14.1155
19953826,-687.50,-2047.50,51.3198,40.0228
19957732,-665.50,-1769.50,82.4320,64.5774
19961638,-332.50,651.50,99.1571,38.5119
19965544,-62.50,2047.50,107.8128,15.2911
19969450,-168.50,-84.50,136.7811,75.6477
19973356,-463.50,-2047.50,196.0078,97.7870
19977266,-473.50,-1896.50,260.1704,92.4695
19981172,-65.50,539.50,316.5050,85.1778
19985078,290.50,2047.50,380.9856,103.3497
19988984,176.50,448.50,450.4851,165.3883
19992890,-144.50,-2047.50,502.1072,166.6387
19996796,-207.50,-1977.50,534.9550,110.7964
20000702,126.50,400.50,561.8662,116.4340
20004608,464.50,2047.50,589.3271,185.6944
20008514,373.50,927.50,612.4431,256.5295
20012420,45.50,-1601.50,625.9728,295.8277
20016326,-93.50,-2047.50,635.4346,282.1359
20020232,179.50,208.50,642.0722,264.0101
20024138,485.50,2047.50,639.1873,282.3575
20028044,485.50,1313.50,631.7012,320.9131
20031950,179.50,-1219.50,639.6239,365.7531
20035856,-46.50,-2047.50,655.8177,377.4105
20039762,183.50,5.50,655.3416,367.6662
20043668,538.50,2047.50,644.7653,376.8457
20047574,546.50,1773.50,636.1299,419.7579
20051480,225.50,-799.50,628.6656,490.7908
20055386,-25.50,-2028.50,621.2188,503.0113
20059292,150.50,-244.50,610.5643,454.2903
20063198,474.50,2047.50,592.6279,436.8320
20067104,572.50,2047.50,572.8326,477.5709
20071010,229.50,-449.50,558.7159,533.8984
20074916,-53.50,-2017.50,542.2182,521.6662
20078822,71.50,-538.50,522.5150,454.4979
20082728,423.50,2047.50,506.4159,449.5200
20086634,535.50,2047.50,491.3510,489.8933
20090540,211.50,-111.50,469.7056,484.0020
20094446,-105.50,-1999.50,438.8059,444.7527
20098352,-36.50,-847.50,410.3204,399.2958
20102258,333.50,2047.50,394.5416,439.6532
20106164,483.50,2047.50,386.5237,514.6420
20110070,230.50,123.50,375.4617,448.8867
20113976,-137.50,-1918.50,355.6762,349.6518
20117882,-104.50,-1149.50,331.8916,317.5201
20121788,221.50,1957.50,312.4781,405.3926
20125694,420.50,2047.50,294.2310,515.1471
20129600,221.50,418.50,276.9239,422.2206
20133506,-153.50,-1840.50,263.4450,287.5345
20137412,-196.50,-1486.50,247.1905,238.6601
20141318,157.50,1253.50,233.3955,241.2169
20145224,464.50,2047.50,239.9668,250.1252
20149130,267.50,695.50,257.5466,199.3753
20153036,-163.50,-1690.50,246.9838,186.5312
20156942,-270.50,-1773.50,201.9857,195.6358
20160848,60.50,756.50,162.0543,164.6261
20164754,342.50,2047.50,148.6929,124.7491
20168660,242.50,947.50,148.4504,92.1300
20172566,-173.50,-1490.50,142.3533,124.6869
20176472,-241.50,-1895.50,134.5277,172.6959
20180378,95.50,511.50,153.9682,182.5343
20184284,448.50,2047.50,198.5669,167.6800
20188190,373.50,1359.50,231.7296,147.5527
20192096,66.50,-1110.50,246.3843,206.0508
20196002,-57.50,-1860.50,270.6193,286.6860
20199908,187.50,352.50,306.3914,316.9626
20203814,581.50,2047.50,334.5244,297.0061
20207720,587.50,1825.50,355.6606,263.6133
20211626,274.50,-672.50,374.8745,333.6992
20215532,61.50,-1739.50,392.9873,433.3277
20219438,279.50,207.50,407.6756,470.4696
20223344,691.50,2047.50,423.0785,440.1330
20227250,765.50,2047.50,446.2855,357.5154
20231156,458.50,-272.50,470.2746,366.0171
20235062,209.50,-1683.50,487.4044,451.3341
20238968,330.50,-61.50,490.6373,497.1506
20242874,709.50,2047.50,477.0179,479.4832
20246780,848.50,2047.50,466.1439,379.6851
20250686,496.50,121.50,461.5200,322.5885
20254592,177.50,-1604.50,441.6697,401.1097
20258498,238.50,-345.50,406.5753,483.6631
20262404,611.50,2047.50,371.6382,500.0465
20266310,754.50,2047.50,346.6224,413.0363
20270216,444.50,367.50,323.8510,284.7378
20274122,103.50,-1542.50,294.2133,298.4214
20278028,130.50,-632.50,266.1339,389.8330
20281934,423.50,2047.50,234.3398,471.8752
20285840,578.50,2047.50,184.6049,447.9718
20289746,295.50,586.50,123.6607,275.0192
20293652,-80.50,-1538.50,67.6327,197.6596
20297558,-122.50,-1026.50,25.5973,235.4277
20301464,209.50,2047.50,-3.9809,353.3870
20305370,443.50,2047.50,-24.8474,437.3432
20309276,245.50,796.50,-40.3609,278.0461
20313182,-102.50,-1455.50,-50.0636,132.5679
20317088,-180.50,-1352.50,-52.1515,124.8774
20320994,110.50,1298.50,-58.9923,153.6746
20324900,400.50,2047.50,-74.8674,147.5883
20328806,255.50,1044.50,-88.2288,52.6748
20332712,-111.50,-1352.50,-95.9004,27.3807
20336618,-245.50,-1628.50,-101.7775,52.9662
20340524,48.50,796.50,-108.1478,43.0914
20344430,350.50,2047.50,-114.7660,9.4979
20348336,266.50,1335.50,-122.3213,-34.2408
20352242,-98.50,-1129.50,-129.0966,7.2858
20356148,-262.50,-1832.50,-130.9627,43.8463
20360054,-47.50,406.50,-135.4476,0.1866
20363960,282.50,2047.50,-151.4274,-45.8004
20367866,253.50,1600.50,-169.5953,-54.4977
20371772,-111.50,-902.50,-180.7984,6.3712
20375678,-337.50,-1958.50,-188.7120,28.0927
20379584,-151.50,28.50,-199.5606,-37.3256
20383490,202.50,2047.50,-213.5930,-76.2310
20387396,230.50,1922.50,-223.7362,-31.6204
20391302,-128.50,-669.50,-230.7770,54.3146
20395208,-414.50,-2047.50,-244.3645,36.5827
20399114,-256.50,-383.50,-263.1698,-81.3200
20403020,115.50,2047.50,-274.8564,-120.8607
20406926,198.50,2047.50,-275.7174,-36.8392
20410832,-110.50,-399.50,-272.1486,43.0673
20414738,-408.50,-2047.50,-268.9539,5.8955
20418644,-321.50,-751.50,-271.4365,-108.0523
20422550,61.50,2047.50,-278.6742,-121.6015
20426456,208.50,2047.50,-279.0483,-18.1962
20430362,-73.50,-124.50,-271.9957,12.0886
20434268,-413.50,-2047.50,-269.0681,-63.3167
20438174,-366.50,-1104.50,-274.7317,-166.9060
20442080,-14.50,2047.50,-284.8545,-134.3633
20445986,177.50,2047.50,-292.8377,18.3771
20449892,-66.50,150.50,-295.1378,13.3662
20453798,-431.50,-2012.50,-296.9134,-112.2310
20457704,-430.50,-1387.50,-302.0332,-215.4721
20461610,-83.50,1417.50,-306.2008,-230.9108
20465516,144.50,2047.50,-307.7718,-174.5898
20469422,-48.50,453.50,-308.0950,-167.7995
20473328,-392.50,-1882.50,-303.2796,-183.5864
20477234,-438.50,-1648.50,-290.8139,-214.5367
20481140,-106.50,973.50,-277.2630,-246.4804
20485046,186.50,2047.50,-265.2865,-246.1062
20488952,48.50,740.50,-251.6578,-244.8002
20492858,-335.50,-1677.50,-241.8612,-214.1678
20496764,-454.50,-1844.50,-243.2788,-200.3042
20500670,-162.50,604.50,-252.3121,-230.0763
20504576,165.50,2047.50,-256.6755,-254.2940
20508482,118.50,1072.50,-242.7399,-250.1157
20512388,-283.50,-1423.50,-219.7938,-190.7113
20516294,-528.50,-2024.50,-225.8700,-164.3320
20520200,-270.50,219.50,-266.4499,-219.8808
20524106,115.50,2047.50,-293.0653,-266.1788
20528012,79.50,1349.50,-282.5165,-246.6165
20531918,-288.50,-1190.50,-262.8579,-176.1769
20535824,-512.50,-2047.50,-256.0595,-141.2107
20539730,-283.50,-94.50,-257.5983,-173.2036
20543636,99.50,2047.50,-253.5107,-203.9411
20547542,86.50,1663.50,-246.5440,-173.2938
20551448,-272.50,-944.50,-251.8776,-114.8216
20555354,-514.50,-2047.50,-261.4930,-107.6625
20559260,-318.50,-459.50,-257.1626,-152.0947
20563166,49.50,2047.50,-242.5059,-175.0400
20567072,109.50,1978.50,-234.6831,-105.0404
20570978,-201.50,-684.50,-235.7417,-35.4289
20574884,-492.50,-2047.50,-234.2070,-69.6531
20578790,-362.50,-800.50,-227.7928,-146.9592
20582696,17.50,2047.50,-220.5112,-153.5882
20586602,133.50,2047.50,-216.4682,-60.4544
20590508,-163.50,-319.50,-218.5351,-18.4237
20594414,-512.50,-2047.50,-226.6125,-73.5512
20598320,-396.50,-1110.50,-230.4734,-149.3654
20602226,-18.50,1953.50,-217.9385,-140.8703
20606132,144.50,2047.50,-202.4741,-41.6150
20610038,-108.50,-42.50,-199.0137,-48.3756
20613944,-448.50,-2047.50,-199.0019,-140.5458
20617850,-401.50,-1387.50,-190.0451,-204.6563
20621756,-46.50,1395.50,-174.1350,-218.6552
20625662,187.50,2047.50,-162.0729,-191.7471
20629568,-33.50,282.50,-156.8169,-194.5766
20633474,-367.50,-2029.50,-151.1873,-212.9715
20637380,-428.50,-1619.50,-143.1038,-234.0856
20641286,-68.50,1008.50,-138.9425,-240.8973
20645192,203.50,2047.50,-134.4816,-232.5005
20649098,23.50,597.50,-129.5075,-240.3483
20653004,-320.50,-1838.50,-125.8639,-225.1178
20656910,-401.50,-1824.50,-114.6230,-210.9489
20660816,-106.50,614.50,-103.4456,-224.6037
20664722,206.50,2047.50,-102.0576,-249.1654
20668628,67.50,889.50,-106.7167,-262.6189
20672534,-303.50,-1626.50,-114.7906,-228.8188
20676440,-466.50,-1994.50,-123.2810,-198.1447
20680346,-191.50,275.50,-131.9788,-208.2877
20684252,125.50,2047.50,-141.3215,-231.8806
20688158,61.50,1150.50,-149.8111,-240.2979
20692064,-313.50,-1410.50,-156.1860,-216.9757
20695970,-512.50,-2047.50,-160.1618,-186.7909
20699876,-272.50,-82.50,-162.6658,-179.3233
20703782,48.50,2047.50,-168.2944,-192.6525
20707688,43.50,1471.50,-180.2864,-182.2105
20711594,-297.50,-1149.50,-187.5126,-152.7945
20715500,-528.50,-2047.50,-181.8181,-135.4965
20719406,-341.50,-438.50,-172.5513,-136.1937
20723312,29.50,2047.50,-168.0002,-147.5150
20727218,73.50,1810.50,-167.0830,-104.3565
20731124,-259.50,-856.50,-167.9945,-58.1981
20735030,-534.50,-2047.50,-168.3435,-71.7311
20738936,-385.50,-788.50,-165.7517,-108.6659
20742842,-18.50,2047.50,-162.3798,-117.1857
20746748,105.50,2047.50,-158.1147,-33.5212
20750654,-175.50,-538.50,-146.3751,16.7228
20754560,-431.50,-2047.50,-120.2694,-35.8211
20758466,-357.50,-1097.50,-89.0552,-102.3586
20762372,41.50,1870.50,-69.4823,-115.9822
20766278,176.50,2047.50,-62.3374,-51.3467
20770184,-91.50,-189.50,-64.9849,-37.0158
20774090,-444.50,-2047.50,-74.3178,-84.4884
20777996,-400.50,-1362.50,-83.0632,-122.6615
20781902,-47.50,1417.50,-87.6549,-150.2657
20785808,147.50,2047.50,-91.2413,-147.9487
20789714,-97.50,96.50,-99.1412,-157.6900
20793620,-447.50,-2047.50,-108.5185,-172.9466
20797526,-444.50,-1586.50,-108.8539,-173.3191
20801432,-105.50,1009.50,-100.0448,-179.5524
20805338,102.50,2047.50,-99.8357,-194.3628
20809244,-67.50,398.50,-112.6194,-215.3134
20813150,-432.50,-2047.50,-120.7822,-227.5776
20817056,-494.50,-1837.50,-117.5905,-238.2108
20820962,-181.50,625.50,-111.8145,-240.3280
20824868,127.50,2047.50,-105.5883,-237.9624
20828774,-27.50,714.50,-99.1440,-234.1768
20832680,-383.50,-1818.50,-96.9503,-212.0074
20836586,-512.50,-2005.50,-96.0108,-196.8402
20840492,-234.50,256.50,-96.9883,-204.9444
20844398,79.50,2047.50,-102.3287,-224.6809
20848304,17.50,1004.50,-103.7330,-222.8684
20852210,-344.50,-1583.50,-96.0586,-194.0623
20856116,-512.50,-2047.50,-85.1387,-160.6037
20860022,-244.50,-50.50,-75.0598,-139.7894
20863928,94.50,2047.50,-65.5442,-149.8749
20867834,65.50,1314.50,-60.5725,-150.8523
20871740,-270.50,-1329.50,-57.7027,-137.6501
20875646,-512.50,-2047.50,-54.4351,-116.5840
20879552,-320.50,-392.50,-60.0513,-90.9138
20883458,45.50,2047.50,-71.5077,-93.4758
20887364,90.50,1672.50,-73.7964,-66.4928
20891270,-264.50,-1004.50,-69.0360,-33.2906
20895176,-527.50,-2047.50,-69.1106,-32.2182
20899082,-358.50,-722.50,-71.6544,-39.8178
20902988,16.50,2047.50,-69.0175,-46.1796
20906894,104.50,2023.50,-62.7363,26.7144
20910800,-175.50,-644.50,-52.3814,89.8946
20914706,-474.50,-2047.50,-37.0441,57.7597
20918612,-362.50,-1041.50,-25.5433,-4.8581
20922518,18.50,1936.50,-20.1603,-31.3968
20926424,153.50,2047.50,-16.2503,28.9062
20930330,-111.50,-346.50,-12.4866,46.0616
20934236,-445.50,-2047.50,-8.7098,-5.5319
20938142,-397.50,-1327.50,-8.9775,-43.3281
20942048,-24.50,1470.50,-12.2781,-79.4894
20945954,161.50,2047.50,-12.6776,-84.5239
20949860,-74.50,-17.50,-10.9656,-84.1894
20953766,-428.50,-2047.50,-10.1489,-84.4214
20957672,-392.50,-1567.50,-5.3048,-78.7443
20961578,-79.50,1054.50,1.6831,-106.0499
20965484,157.50,2047.50,-1.4114,-141.7947
20969390,-50.50,272.50,-11.4454,-159.9946
20973296,-435.50,-2047.50,-23.4370,-155.3375
20977202,-477.50,-1804.50,-35.1647,-145.9852
20981108,-154.50,687.50,-39.6327,-153.7329
20985014,144.50,2047.50,-34.8138,-172.3711
20988920,-0.50,583.50,-22.7648,-180.0502
20992826,-368.50,-1940.50,-11.6293,-169.8224
20996732,-479.50,-1990.50,-7.3779,-162.8591
21000638,-162.50,310.50,-5.5267,-167.3127
21004544,145.50,2047.50,-0.4221,-180.9315
21008450,42.50,867.50,3.5594,-179.1870
21012356,-320.50,-1722.50,3.2409,-160.7437
21016266,-512.50,-2047.50,-2.1070,-134.0470
21020172,-225.50,12.50,-11.2561,-105.1104
21024078,118.50,2047.50,-11.9398,-106.6462
21027984,65.50,1182.50,-5.9098,-110.9214
21031890,-313.50,-1445.50,-7.7713,-104.3704
21035796,-512.50,-2047.50,-15.8577,-77.3258
21039702,-290.50,-333.50,-20.2556,-40.8244
21043608,47.50,2047.50,-23.4702,-46.0894
21047514,79.50,1510.50,-27.5659,-39.0223
21051420,-256.50,-1151.50,-24.0890,-26.9703
21055326,-527.50,-2047.50,-17.9895,-17.8791
21059232,-345.50,-658.50,-19.7219,3.2147
21063138,33.50,2047.50,-22.0881,4.9841
21067044,107.50,1897.50,-17.9601,60.0183
21070950,-239.50,-833.50,-15.9864,100.0519
21074856,-514.50,-2047.50,-20.6023,67.2658
21078762,-360.50,-1000.50,-18.3961,29.0610
21082668,6.50,1972.50,-6.3500,15.2007
21086574,133.50,2047.50,2.5011,85.8166
21090480,-163.50,-512.50,4.4331,116.4056
21094386,-494.50,-2047.50,1.2152,60.8161
21098292,-424.50,-1289.50,-6.0908,17.1386
21102198,-47.50,1495.50,-11.9563,-31.8359
21106104,96.50,2047.50,-17.1688,-43.2260
21110010,-142.50,-190.50,-24.3587,-34.0146
21113916,-512.50,-2047.50,-30.1758,-30.0266
21117822,-463.50,-1545.50,-32.1705,-19.6850
21121728,-106.50,1095.50,-26.9669,-56.3484
21125634,99.50,2047.50,-21.8863,-101.0065
21129540,-108.50,143.50,-23.9131,-108.5962
21133446,-468.50,-2047.50,-25.7305,-88.7169
21137352,-520.50,-1761.50,-27.1682,-66.3686
21141258,-187.50,771.50,-34.1214,-78.4775
21145164,112.50,2047.50,-36.2452,-108.5332
21149070,-36.50,462.50,-21.3987,-121.7564
21152976,-429.50,-2034.50,-4.3707,-121.9304
21156882,-512.50,-1950.50,-0.8427,-122.8682
21160788,-189.50,397.50,-1.8594,-122.9146
21164694,101.50,2047.50,-0.3122,-128.9743
21168600,-15.50,774.50,-1.2608,-124.0118
21172506,-378.50,-1805.50,-2.6763,-104.8895
21176412,-512.50,-2047.50,1.8906,-84.1378
21180318,-207.50,111.50,13.6109,-62.5303
21184224,132.50,2047.50,30.1680,-63.3644
21188130,80.50,1090.50,45.2407,-66.4515
21192036,-274.50,-1565.50,56.2321,-63.6796
21195942,-463.50,-2047.50,65.0933,-42.9356
21199848,-239.50,-222.50,67.3632,-2.8677
21203754,117.50,2047.50,61.6743,0.2789
21207660,129.50,1424.50,58.9202,3.2877
21211566,-225.50,-1260.50,64.0287,10.3083
21215472,-445.50,-2047.50,72.1977,21.7712
21219378,-271.50,-545.50,77.0433,51.3807
21223284,111.50,2047.50,75.7622,55.3681
21227190,155.50,1791.50,73.7389,92.1995
21231096,-189.50,-930.50,70.0148,120.4896
21235002,-480.50,-2047.50,60.0696,101.3772
21238908,-342.50,-879.50,47.1752,84.9784
21242814,51.50,2047.50,40.3084,85.5889
21246720,161.50,2047.50,44.4894,164.2786
21250626,-161.50,-575.50,48.8580,203.7852
21254532,-472.50,-2047.50,44.5726,148.9293
21258438,-388.50,-1174.50,36.9854,95.5687
21262344,-29.50,1711.50,28.0856,59.2396
21266250,133.50,2047.50,18.4736,77.4955
21270156,-140.50,-253.50,12.7870,83.6632
21274062,-479.50,-2047.50,10.7590,61.7510
21277968,-429.50,-1443.50,12.3416,54.5570
21281874,-57.50,1278.50,18.7125,19.9972
21285780,176.50,2047.50,30.0812,-11.2124
21289686,-82.50,69.50,39.1662,-24.0724
21293592,-438.50,-2047.50,36.0704,-16.4765
21297498,-463.50,-1684.50,27.3387,0.8536
21301404,-127.50,910.50,18.9370,-17.2027
21305310,97.50,2047.50,5.7957,-51.9344
21309216,-56.50,394.50,-6.1623,-69.1949
21313122,-363.50,-2047.50,5.5557,-65.3701
21317028,-488.50,-1873.50,31.7543,-58.6697
21320934,-218.50,551.50,27.9928,-57.8260
21324840,111.50,2047.50,1.2800,-70.0699
21328746,-17.50,719.50,-7.7227,-76.3099
21332652,-390.50,-1855.50,-0.8553,-59.2045
21336558,-526.50,-2047.50,3.4909,-46.2928
21340464,-246.50,176.50,0.8531,-53.0574
21344370,75.50,2047.50,-5.0814,-74.4983
21348276,7.50,987.50,-8.0738,-76.1832
21352182,-366.50,-1628.50,-7.7253,-57.9139
21356088,-552.50,-2047.50,-8.6609,-23.9878
21359994,-290.50,-111.50,-9.8950,16.3722
21363900,64.50,2047.50,-5.6010,13.8826
21367806,34.50,1315.50,-0.0684,4.9940
21371712,-338.50,-1346.50,-3.2747,6.1846
21375618,-556.50,-2047.50,-11.8084,26.4437
21379524,-351.50,-473.50,-15.7242,59.7474
21383430,25.50,2047.50,-12.9065,53.3234
21387336,48.50,1680.50,-8.6916,75.3028
21391242,-306.50,-1052.50,-12.0852,98.4517
21395148,-541.50,-2047.50,-16.8733,90.2198
21399054,-392.50,-778.50,-12.2810,93.1568
21402960,-18.50,2047.50,-6.6803,97.8605
21406866,111.50,2039.50,0.4887,172.2587
21410772,-207.50,-656.50,15.0542,228.1800
21414678,-526.50,-2047.50,22.7787,189.0597
21418584,-416.50,-1087.50,17.7634,130.9138
21422490,-42.50,1942.50,11.4424,109.9755
21426396,112.50,2047.50,10.7551,168.7269
21430302,-164.50,-308.50,14.8796,180.6124
21434208,-482.50,-2047.50,21.6285,131.2795
21438114,-413.50,-1334.50,32.1208,102.1783
21442020,-47.50,1488.50,43.6038,73.7597
21445926,158.50,2047.50,51.1113,65.0852
21449832,-74.50,25.50,56.5553,50.5725
21453738,-441.50,-2047.50,58.8602,44.1636
21457644,-441.50,-1594.50,55.5905,50.3081
21461550,-100.50,1071.50,49.5777,25.2479
21465456,154.50,2047.50,45.3944,-9.6751
21469362,-40.50,325.50,46.4390,-33.7304
21473268,-418.50,-2047.50,47.6009,-31.6038
21477174,-460.50,-1818.50,47.0543,-22.6337
21481080,-129.50,714.50,50.0682,-26.0665
21484986,150.50,2047.50,54.0329,-41.0155
21488892,-14.50,631.50,51.3685,-57.7949
21492798,-373.50,-1904.50,44.1847,-50.8245
21496704,-460.50,-1989.50,46.5383,-36.4152
21500610,-189.50,339.50,54.6255,-33.9251
21504516,122.50,2047.50,51.8199,-49.9312
21508422,63.50,941.50,48.1671,-58.7452
21512328,-324.50,-1653.50,54.2422,-35.6637
21516234,-484.50,-2047.50,58.5303,1.6159
21520140,-205.50,26.50,59.8497,25.6858
21524046,138.50,2047.50,65.1259,9.7981
21527952,67.50,1248.50,65.0684,-6.6560
21531858,-321.50,-1390.50,48.3052,2.7374
21535764,-529.50,-2047.50,25.2815,36.4638
21539670,-302.50,-306.50,13.2671,73.0961
21543576,45.50,2047.50,10.8693,64.3926
21547482,51.50,1580.50,6.6300,63.8914
21551388,-314.50,-1119.50,-3.9343,71.9569
21555294,-558.50,-2047.50,-14.9081,76.3498
21559200,-368.50,-640.50,-16.4479,94.6339
21563106,10.50,2047.50,-8.3288,98.3097
21567012,58.50,1921.50,-3.2307,144.7923
21570918,-308.50,-798.50,-15.6596,172.9408
21574824,-602.50,-2047.50,-41.4282,137.6720
21578730,-447.50,-1007.50,-56.0779,101.9018
21582636,-47.50,2047.50,-46.6366,101.7832
21586542,63.50,2047.50,-28.6775,183.5613
21590448,-220.50,-431.50,-19.0711,205.5025
21594354,-527.50,-2047.50,-12.6586,142.4085
21598260,-440.50,-1281.50,-2.1637,95.4212
21602166,-79.50,1564.50,5.4539,52.6530
21606072,106.50,2047.50,6.1349,47.5242
21609978,-152.50,-119.50,6.4365,44.1093
21613884,-486.50,-2047.50,10.4966,37.5698
21617790,-450.50,-1524.50,19.2070,46.6119
21621696,-94.50,1147.50,28.3199,19.5083
21625602,117.50,2047.50,29.5450,-20.8191
21629508,-89.50,219.50,25.2868,-40.6320
21633414,-446.50,-2047.50,24.9534,-28.2176
21637320,-475.50,-1758.50,29.8856,-10.7530
21641226,-118.50,811.50,36.9464,-21.1185
21645132,129.50,2047.50,42.0423,-47.5279
21649038,-42.50,509.50,39.5729,-70.8763
21652944,-417.50,-1992.50,32.7415,-74.2176
21656850,-520.50,-1940.50,25.6609,-66.5078
21660756,-201.50,435.50,17.8309,-59.3492
21664662,122.50,2047.50,16.9487,-68.2618
21668568,25.50,837.50,29.4505,-75.4016
21672474,-350.50,-1762.50,46.4646,-57.5702
21676380,-492.50,-2047.50,55.9399,-32.8162
21680286,-217.50,95.50,55.4158,-19.7926
21684192,112.50,2047.50,49.5485,-36.0293
21688098,64.50,1130.50,46.3248,-46.8504
21692004,-317.50,-1501.50,47.3937,-33.4370
21695910,-526.50,-2047.50,43.7680,2.4236
21699816,-282.50,-234.50,33.8369,39.3940
21703722,87.50,2047.50,28.9889,27.5711
21707628,69.50,1449.50,31.0478,19.6031
21711534,-268.50,-1231.50,33.9253,24.4824
21715440,-529.50,-2047.50,35.1269,39.4843
21719346,-350.50,-576.50,27.5219,68.1382
21723252,26.50,2047.50,14.1975,65.8857
21727158,64.50,1808.50,5.1571,99.3380
21731064,-289.50,-954.50,-3.8570,119.8655
21734970,-574.50,-2047.50,-16.2152,90.5389
21738876,-421.50,-934.50,-24.7492,72.9655
21742782,-37.50,2047.50,-24.6274,76.4649
21746688,85.50,2047.50,-17.1191,159.4349
21750594,-218.50,-628.50,-6.2664,189.8074
21754500,-539.50,-2047.50,0.6351,119.3337
21758406,-447.50,-1237.50,0.1046,67.7897
21762312,-79.50,1595.50,-5.0899,22.2068
21766218,85.50,2047.50,-10.6225,21.6041
21770124,-191.50,-300.50,-13.5475,30.8472
21774030,-539.50,-2047.50,-16.0353,23.2781
21777936,-545.50,-1567.50,-26.7125,19.5315
21781842,-216.50,1093.50,-53.6704,-49.8238
21785748,-54.50,2047.50,-93.4860,-112.5456
21789654,-286.50,-59.50,-131.2486,-116.6356
21793560,-765.50,-2047.50,-170.5372,-94.0054
21797466,-898.50,-1898.50,-239.8526,-75.5249
21801372,-617.50,400.50,-334.3193,-180.8377
21805278,-474.50,1934.50,-427.1241,-327.8449
21809184,-783.50,-256.50,-522.8442,-404.8559
21813090,-1213.50,-2047.50,-619.7334,-422.6152
21816996,-1329.50,-2047.50,-690.8878,-308.9207
21820902,-1089.50,-319.50,-737.4900,-292.5764
21824808,-845.50,1200.50,-781.9398,-561.1285
21828714,-975.50,-328.50,-817.0548,-850.8905
21832620,-1384.50,-2047.50,-830.3219,-865.9264
21836526,-1518.50,-2047.50,-831.2911,-533.7882
21840432,-1234.50,-852.50,-827.1086,-308.4632
21844338,-869.50,874.50,-811.2289,-568.7255
21848244,-937.50,-221.50,-780.2526,-951.2972
21852150,-1279.50,-2047.50,-742.8937,-1012.9350
21856056,-1375.50,-2047.50,-694.0796,-650.6987
21859962,-1088.50,-1129.50,-628.0996,-308.2081
21863868,-792.50,761.50,-578.2333,-469.5065
21867774,-783.50,64.50,-564.0474,-828.8501
21871680,-1130.50,-2047.50,-555.6126,-946.0162
21875586,-1298.50,-2047.50,-528.0211,-674.9448
21879492,-1065.50,-1322.50,-483.6320,-311.0311
21883398,-692.50,742.50,-440.2847,-358.7637
21887304,-624.50,404.50,-406.5584,-634.9593
21891210,-949.50,-2047.50,-375.3824,-795.2187
21895116,-1168.50,-2047.50,-341.7669,-663.2106
21899022,-943.50,-1496.50,-297.5486,-328.0951
21902928,-533.50,705.50,-241.7752,-274.1611
21906834,-431.50,761.50,-191.0466,-448.2505
21910740,-686.50,-1716.50,-150.0518,-574.6338
21914646,-964.50,-2047.50,-109.5344,-503.2155
21918552,-814.50,-1668.50,-70.7789,-243.3928
21922458,-404.50,671.50,-34.3380,-179.0371
21926364,-220.50,1225.50,4.9439,-257.2424
21930270,-470.50,-1178.50,46.3459,-280.3379
21934176,-748.50,-2047.50,87.7302,-229.0343
21938082,-646.50,-1750.50,130.8871,-85.1699
21941988,-218.50,672.50,178.0240,-47.7287
21945894,25.50,1889.50,230.1866,-5.1751
21949800,-178.50,-523.50,282.1621,127.3332
21953706,-522.50,-2047.50,320.8350,148.7105
21957612,-469.50,-1856.50,345.7741,96.1770
21961518,-76.50,560.50,372.3680,30.3900
21965424,214.50,2047.50,408.4481,82.1483
21969330,17.50,-29.50,444.0538,239.9270
21973236,-314.50,-2047.50,467.8714,250.9243
21977142,-354.50,-1952.50,483.6324,144.2188
21981048,-12.50,382.50,493.9143,73.1237
21984954,272.50,2047.50,497.4775,137.0984
21988860,128.50,449.50,497.7888,289.3440
21992766,-203.50,-2047.50,503.1615,293.1578
21996672,-332.50,-2047.50,512.9029,151.5946
22000578,-16.50,126.50,513.5832,77.8276
22004484,318.50,2047.50,510.9961,159.3029
22008390,252.50,827.50,519.4554,315.7359
22012296,-132.50,-1807.50,531.6614,339.2766
22016202,-292.50,-2047.50,532.6968,226.9723
22020108,-66.50,-109.50,516.5155,174.7011
22024014,294.50,2047.50,491.9770,241.7718
22027920,257.50,1175.50,477.7212,370.1922
22031826,-111.50,-1493.50,473.9766,393.7642
22035732,-330.50,-2047.50,467.7299,300.1274
22039638,-123.50,-414.50,453.6078,245.8338
22043544,255.50,2047.50,438.2307,286.3635
22047450,256.50,1530.50,428.8274,415.4492
22051356,-110.50,-1185.50,417.0064,458.5513
22055266,-373.50,-2047.50,397.9168,362.5353
22059172,-187.50,-707.50,381.1142,287.5559
22063078,175.50,2047.50,371.2982,318.1659
22066984,234.50,1889.50,361.1251,476.9918
22070890,-111.50,-828.50,344.1226,551.5835
22074796,-401.50,-2047.50,324.5145,439.3298
22078702,-333.50,-1109.50,301.2076,299.4933
22082608,-20.50,1647.50,259.3318,224.0477
22086514,18.50,2047.50,193.3916,308.4639
22090420,-324.50,-756.50,116.8474,379.2428
22094326,-716.50,-2047.50,45.3628,285.1272
22098232,-803.50,-1628.50,-35.7858,159.6032
22102138,-537.50,774.50,-146.1516,-16.8330
22106044,-436.50,1584.50,-260.6913,-154.9794
22109950,-744.50,-922.50,-348.2398,-210.7938
22113856,-1071.50,-2047.50,-395.8732,-205.5679
22117762,-1039.50,-1935.50,-399.4140,-88.7987
22121668,-648.50,303.50,-372.7699,-102.0771
22125574,-400.50,1518.50,-334.6605,-236.2944
22129480,-614.50,-548.50,-301.8732,-291.5255
22133386,-943.50,-2047.50,-280.3776,-240.8613
22137292,-998.50,-2047.50,-265.1551,-92.9583
22141198,-626.50,80.50,-253.0475,-58.9389
22145104,-346.50,1794.50,-235.3683,-117.3339
22149010,-485.50,-101.50,-210.5162,-104.8112
22152916,-893.50,-2047.50,-193.8938,-91.1554
22156822,-990.50,-2047.50,-196.3456,-41.7723
22160728,-636.50,-184.50,-198.9835,-13.9685
22164634,-293.50,1843.50,-177.2839,-44.1738
22168540,-396.50,307.50,-140.9530,-21.5974
22172446,-785.50,-2047.50,-116.7673,-36.1415
22176352,-976.50,-2047.50,-119.5414,-42.4151
22180258,-652.50,-453.50,-133.5282,3.9036
22184164,-307.50,1841.50,-129.5380,15.3999
22188070,-314.50,611.50,-104.0615,40.2708
22191976,-702.50,-2047.50,-74.5832,-25.2264
22195882,-874.50,-2047.50,-55.2378,-92.1871
22199788,-645.50,-733.50,-45.1217,-15.9731
22203694,-300.50,1695.50,-43.9261,35.4345
22207600,-264.50,943.50,-45.0879,60.3880
22211506,-614.50,-1770.50,-34.9096,14.8982
22215412,-860.50,-2047.50,-20.5309,-31.2190
22219318,-669.50,-986.50,-13.5271,48.5030
22223224,-310.50,1431.50,-14.7751,64.6288
22227130,-226.50,1245.50,-16.7737,44.8974
22231036,-512.50,-1460.50,-3.2740,20.2763
22234942,-776.50,-2047.50,27.8681,10.9128
22238848,-639.50,-1255.50,56.1013,90.6502
22242754,-257.50,1219.50,68.0985,85.5961
22246660,-156.50,1637.50,67.4703,76.6121
22250566,-431.50,-1053.50,64.9884,119.6333
22254472,-728.50,-2047.50,72.9532,129.3230
22258378,-604.50,-1521.50,94.3429,148.5921
22262284,-206.50,920.50,123.3675,78.8608
22266190,-61.50,1782.50,144.7214,33.7846
22270096,-344.50,-797.50,143.6102,74.8198
22274002,-778.50,-2047.50,113.0607,86.3907
22277908,-800.50,-1836.50,53.8385,96.8506
22281814,-461.50,511.50,-9.4527,6.3221
22285720,-244.50,1819.50,-48.2048,-66.1507
22289626,-463.50,-489.50,-57.9846,-10.3622
22293532,-858.50,-2047.50,-57.4335,34.2493
22297438,-824.50,-1976.50,-53.3550,69.5369
22301344,-430.50,314.50,-28.0304,33.8568
22305250,-113.50,2047.50,19.7497,28.0352
22309156,-217.50,-5.50,78.7602,135.9398
22313062,-521.50,-2047.50,145.6020,157.2066
22316968,-560.50,-2031.50,211.4316,111.7664
22320874,-155.50,207.50,270.6319,87.2997
22324780,212.50,2047.50,331.6070,128.1259
22328686,142.50,604.50,394.0461,250.9489
22332592,-216.50,-1972.50,443.7407,277.7580
22336498,-320.50,-2047.50,474.4504,191.9095
22340404,37.50,150.50,500.7706,175.2397
22344310,397.50,2047.50,534.9478,260.8305
22348216,367.50,1067.50,568.7362,371.8770
22352122,10.50,-1507.50,594.6107,410.9878
22356028,-150.50,-2047.50,612.7446,363.6073
22359934,139.50,-16.50,628.4584,336.1686
22363840,511.50,2047.50,644.9891,375.6256
22367746,551.50,1522.50,663.0247,460.8412
22371652,197.50,-1101.50,683.4819,518.5600
22375558,-53.50,-2047.50,692.7133,483.1148
22379464,131.50,-270.50,678.2622,423.2182
22383370,495.50,2047.50,648.8581,428.4550
22387276,567.50,1927.50,625.4316,523.0688
22391182,209.50,-735.50,615.7605,606.0518
22395088,-64.50,-2047.50,608.1034,557.5441
22398994,91.50,-520.50,597.6684,460.2788
22402900,448.50,2047.50,582.8838,459.7599
22406806,554.50,2047.50,561.9737,551.0117
22410712,236.50,-304.50,542.9403,605.1816
22414618,-79.50,-2047.50,528.9362,553.9051
22418524,14.50,-806.50,515.7803,455.8490
22422430,366.50,2047.50,496.9614,465.6239
22426336,510.50,2047.50,469.9591,563.2569
22430242,250.50,-40.50,447.1789,549.9758
22434148,-116.50,-2029.50,434.0233,447.2754
22438054,-68.50,-1142.50,420.5366,357.2748
22441960,315.50,2047.50,408.5609,419.3135
22445866,478.50,2047.50,396.3148,573.0748
22449772,251.50,267.50,375.9309,532.7043
22453678,-111.50,-1901.50,357.8147,397.0356
22457584,-146.50,-1420.50,344.1472,317.9178
22461490,195.50,1419.50,324.7005,315.8823
22465396,437.50,2047.50,302.1045,355.2459
22469302,227.50,547.50,280.8477,319.1755
22473208,-143.50,-1774.50,261.8674,281.8779
22477114,-236.50,-1686.50,245.2466,265.0361
22481020,110.50,958.50,230.4662,245.5892
22484926,464.50,2047.50,233.1641,238.2129
22488832,358.50,903.50,262.4211,221.8300
22492738,-106.50,-1556.50,280.4241,253.5124
22496644,-296.50,-1914.50,246.6635,265.8086
22500550,19.50,543.50,187.5661,209.5606
22504456,370.50,2047.50,156.4403,163.5246
22508362,297.50,1181.50,159.2380,158.7507
22512268,-90.50,-1324.50,169.2253,217.1143
22516174,-205.50,-1967.50,181.4141,258.8114
22520080,51.50,307.50,202.0280,244.8323
22523986,394.50,2047.50,212.9047,223.6307
22527892,391.50,1600.50,208.3378,228.0598
22531798,117.50,-948.50,220.3929,303.1763
22535704,-111.50,-1932.50,258.7950,358.1011
22539610,78.50,55.50,283.0906,337.6794
22543516,432.50,2047.50,271.1748,297.9046
22547422,539.50,2047.50,256.6611,309.8976
22551328,189.50,-591.50,266.9591,405.1088
22555234,-59.50,-1857.50,284.9119,449.6849
22559140,169.50,-104.50,304.4159,422.4257
22563046,511.50,2047.50,324.3310,399.2523
22566952,591.50,2047.50,321.6650,362.4106
22570858,302.50,-175.50,305.5785,357.7224
22574764,-15.50,-1789.50,297.9091,398.9346
22578670,113.50,-383.50,294.8914,422.9895
22582576,502.50,2047.50,293.9584,433.7115
22586482,656.50,2047.50,295.9161,393.6249
22590388,339.50,125.50,291.3717,314.2184
22594294,-36.50,-1744.50,267.5768,309.4652
22598200,11.50,-742.50,230.1092,340.0879
22602106,356.50,2047.50,194.7743,389.8165
22606012,491.50,2047.50,157.3990,400.8949
22609918,265.50,350.50,119.2045,283.0031
22613824,-92.50,-1725.50,99.5288,205.3295
22617730,-104.50,-1088.50,94.4060,212.3267
22621636,239.50,2047.50,85.0322,314.3947
22625542,422.50,2047.50,61.0885,413.4712
22629448,203.50,633.50,22.9553,291.4732
22633354,-143.50,-1602.50,-6.8993,164.5796
22637260,-196.50,-1391.50,-12.7044,148.9751
22641166,98.50,1398.50,-14.9326,173.4658
22645072,342.50,2047.50,-36.0340,180.3970
22648978,199.50,875.50,-65.1339,89.3485
22652884,-168.50,-1488.50,-79.9164,52.6974
22656790,-266.50,-1676.50,-78.4069,72.2133
22660696,23.50,834.50,-74.7278,55.2929
22664602,304.50,2047.50,-82.7131,14.9496
22668508,215.50,1154.50,-99.4222,-32.3418
22672414,-162.50,-1304.50,-110.7403,2.2048
22676320,-302.50,-1861.50,-112.0199,44.2731
22680226,-44.50,463.50,-108.5824,17.6546
22684132,263.50,2047.50,-112.6785,-23.9951
22688038,223.50,1461.50,-126.6923,-42.2027
22691944,-145.50,-1079.50,-138.6163,10.4136
22695850,-345.50,-1995.50,-143.6141,37.1959
22699756,-122.50,112.50,-144.9505,-10.5250
22703662,213.50,2047.50,-148.9227,-43.4882
22707568,224.50,1794.50,-158.0707,-16.4918
22711474,-128.50,-836.50,-166.8814,55.3784
22715380,-372.50,-2047.50,-171.8709,54.3051
22719286,-207.50,-310.50,-175.8864,-33.0317
22723192,144.50,2047.50,-184.3422,-75.4869
22727098,208.50,2047.50,-195.8044,-6.7480
22731004,-134.50,-616.50,-206.6117,75.2002
22734910,-422.50,-2047.50,-217.5866,39.1495
22738816,-312.50,-719.50,-228.9311,-69.7483
22742722,48.50,2047.50,-241.3252,-97.4099
22746628,166.50,2047.50,-251.9185,-11.0878
22750534,-141.50,-294.50,-259.0219,34.1081
22754440,-442.50,-2047.50,-262.7924,-19.0888
22758346,-388.50,-1049.50,-263.8843,-105.5368
22762252,-46.50,2047.50,-272.1405,-89.7075
22766158,142.50,2047.50,-284.3253,30.3038
22770064,-109.50,-27.50,-285.4161,22.3093
22773970,-435.50,-2047.50,-275.9580,-90.3027
22777876,-418.50,-1333.50,-265.0216,-174.6978
22781782,-31.50,1556.50,-253.9546,-173.3336
22785688,135.50,2047.50,-247.7355,-110.3024
22789594,-148.50,255.50,-268.6353,-123.3694
22793500,-526.50,-2026.50,-315.1051,-183.2080
22797406,-512.50,-1634.50,-345.1094,-236.3001
22801312,-165.50,1035.50,-337.0623,-260.1837
22805218,67.50,2047.50,-318.3806,-245.1606
22809124,-79.50,565.50,-310.5039,-238.1430
22813030,-431.50,-1853.50,-301.8164,-221.8739
22816936,-530.50,-1842.50,-290.6031,-221.6336
22820842,-188.50,667.50,-283.1465,-244.8402
22824748,94.50,2047.50,-274.9288,-258.1705
22828654,-40.50,863.50,-271.3859,-260.1434
22832560,-395.50,-1654.50,-273.6359,-231.0804
22836466,-520.50,-2016.50,-269.7229,-217.4765
22840372,-236.50,302.50,-259.8321,-241.8781
22844278,80.50,2047.50,-252.5729,-260.7673
22848184,37.50,1142.50,-246.5178,-253.8682
22852090,-312.50,-1424.50,-233.6962,-220.1546
22855996,-516.50,-2047.50,-221.1368,-193.5534
22859902,-295.50,-74.50,-223.9366,-200.6476
22863808,31.50,2047.50,-240.4132,-223.9993
22867714,31.50,1443.50,-254.9410,-212.1691
22871620,-329.50,-1173.50,-258.7624,-177.7532
22875526,-574.50,-2047.50,-260.1501,-159.6149
22879432,-380.50,-431.50,-265.8546,-165.3456
22883338,-8.50,2047.50,-268.6877,-182.5401
22887244,64.50,1822.50,-259.3369,-132.8986
22891150,-270.50,-880.50,-241.5599,-72.8258
22895056,-518.50,-2047.50,-225.3949,-86.2874
22898962,-354.50,-751.50,-209.7495,-130.9337
22902868,-0.50,2047.50,-197.1102,-143.1209
22906774,122.50,2047.50,-190.8132,-60.5765
22910680,-175.50,-548.50,-182.7397,-5.6622
22914586,-470.50,-2047.50,-171.7039,-55.0246
22918492,-383.50,-1071.50,-164.3866,-126.4303
22922398,-16.50,1904.50,-163.7726,-142.4071
22926304,133.50,2047.50,-166.1557,-73.3291
22930210,-122.50,-255.50,-165.2110,-64.8701
22934116,-468.50,-2047.50,-162.0807,-128.7025
22938022,-441.50,-1359.50,-165.1280,-172.9939
22941928,-80.50,1406.50,-173.6768,-202.7390
22945834,119.50,2047.50,-178.5212,-201.1157
22949740,-110.50,50.50,-178.4026,-204.5609
22953646,-464.50,-2047.50,-177.5770,-215.5457
22957552,-512.50,-1632.50,-182.8635,-223.2589
22961458,-161.50,954.50,-195.1878,-255.6673
22965364,93.50,2047.50,-200.7537,-284.7492
22969270,-58.50,391.50,-190.2275,-281.0839
22973176,-403.50,-2042.50,-167.6227,-260.9945
22977082,-513.50,-1869.50,-151.7640,-268.4970
22980988,-186.50,599.50,-155.5612,-295.7397
22984894,82.50,2047.50,-166.1010,-309.2915
22988800,-53.50,640.50,-174.4220,-302.9955
22992706,-384.50,-1865.50,-174.0184,-284.5971
22996612,-527.50,-2018.50,-162.6437,-272.9538
23000518,-222.50,274.50,-152.6834,-270.8436
23004424,87.50,2047.50,-146.4488,-274.7811
23008330,10.50,957.50,-142.6633,-267.8244
23012236,-337.50,-1618.50,-139.2685,-247.6017
23016142,-540.50,-2047.50,-136.8352,-219.7127
23020048,-268.50,-38.50,-138.7424,-194.8422
23023954,48.50,2047.50,-140.3253,-199.2314
23027860,27.50,1264.50,-143.1102,-201.6358
23031766,-317.50,-1354.50,-145.2359,-194.9107
23035672,-524.50,-2047.50,-139.8522,-173.1194
23039578,-296.50,-370.50,-126.7826,-140.0741
23043484,49.50,2047.50,-112.5709,-138.0071
23047390,81.50,1631.50,-106.4546,-114.7629
23051296,-240.50,-1048.50,-104.8856,-91.4872
23055202,-487.50,-2047.50,-98.5908,-94.2395
23059108,-336.50,-716.50,-90.6022,-97.0597
23063014,33.50,2047.50,-87.2177,-100.0626
23066920,105.50,2019.50,-88.2932,-23.2373
23070826,-223.50,-719.50,-95.8311,38.7718
23074732,-512.50,-2047.50,-107.3156,-3.5978
23078638,-381.50,-1038.50,-109.7327,-67.5159
23082544,-1.50,1953.50,-98.0982,-86.6583
23086450,161.50,2047.50,-78.3436,-16.8484
23090356,-92.50,-376.50,-54.6899,7.4200
23094266,-404.50,-2047.50,-32.0048,-45.0774
23098172,-346.50,-1312.50,-17.2599,-85.9690
23102078,14.50,1472.50,-12.2908,-126.9430
23105984,174.50,2047.50,-17.0066,-135.2732
23109890,-83.50,-73.50,-32.3872,-136.3560
23113796,-450.50,-2047.50,-54.1748,-139.4612
23117702,-428.50,-1561.50,-70.1225,-131.6858
23121608,-63.50,1072.50,-68.7238,-155.5823
23125514,162.50,2047.50,-56.1553,-188.8315
23129420,-42.50,255.50,-49.0240,-202.2630
23133326,-390.50,-2047.50,-48.9605,-193.2462
23137232,-444.50,-1775.50,-48.3051,-180.5328
23141138,-116.50,720.50,-47.3831,-186.3823
23145044,155.50,2047.50,-47.0608,-206.8045
23148950,-4.50,550.50,-47.6281,-221.5657
23152856,-368.50,-1935.50,-50.3907,-215.6339
23156762,-481.50,-1968.50,-53.8196,-203.7216
23160668,-212.50,357.50,-62.8285,-200.8727
23164574,100.50,2047.50,-76.7645,-212.4802
23168480,16.50,848.50,-81.4093,-216.2821
23172386,-348.50,-1711.50,-74.2658,-200.0136
23176292,-520.50,-2047.50,-69.0289,-171.2672
23180198,-239.50,87.50,-69.8723,-139.5900
23184104,102.50,2047.50,-66.2519,-135.2210
23188010,26.50,1098.50,-62.6706,-154.5528
23191916,-450.50,-1580.50,-89.6389,-194.0673
23195822,-703.50,-2047.50,-156.4257,-197.6381
23199728,-480.50,-382.50,-221.5860,-152.5841
23203634,-158.50,2047.50,-255.3083,-140.3627
23207540,-234.50,1195.50,-282.9880,-160.4484
23211446,-593.50,-1490.50,-323.5982,-250.2706
23215352,-830.50,-2047.50,-352.2689,-290.9197
23219258,-697.50,-922.50,-362.2636,-225.0341
23223164,-345.50,1552.50,-375.0903,-268.4134
23227070,-356.50,1360.50,-401.1278,-360.1864
23230976,-674.50,-1332.50,-433.7686,-411.5484
23234882,-933.50,-2047.50,-447.1367,-370.5858
23238788,-831.50,-1314.50,-438.9293,-248.2023
23242694,-444.50,1141.50,-430.5524,-305.1586
23246600,-272.50,1754.50,-412.9313,-402.1794
23250506,-573.50,-959.50,-379.8895,-359.3812
23254412,-892.50,-2047.50,-354.9165,-266.2071
23258318,-770.50,-1546.50,-339.7155,-176.3116
23262224,-361.50,910.50,-312.8773,-251.9260
23266130,-145.50,2042.50,-269.5876,-331.4890
23270036,-421.50,-628.50,-228.6552,-264.3873
23273942,-769.50,-2047.50,-211.1789,-202.5938
23277848,-703.50,-1722.50,-205.4659,-156.1893
23281754,-337.50,681.50,-190.3268,-211.8592
23285660,-128.50,2047.50,-173.7378,-284.2564
23289566,-318.50,-270.50,-162.1939,-251.5012
23293472,-655.50,-2047.50,-144.8473,-216.9163
23297378,-687.50,-1897.50,-123.6230,-176.4852
23301284,-328.50,368.50,-108.3843,-205.6773
23305190,-76.50,2047.50,-98.8513,-265.1422
23309096,-239.50,110.50,-93.0812,-236.6260
23313002,-589.50,-2047.50,-85.3574,-212.8627
23316908,-657.50,-2046.50,-70.1439,-196.9902
23320814,-337.50,83.50,-53.2402,-205.7666
23324720,-16.50,2047.50,-37.9032,-228.3018
23328626,-123.50,448.50,-20.4632,-192.9790
23332532,-530.50,-2047.50,-10.3380,-204.5571
23336438,-655.50,-2047.50,-14.7848,-219.2592
23340344,-335.50,-186.50,-14.5617,-174.0166
23344250,31.50,2047.50,7.4926,-142.2948
23348156,-53.50,770.50,36.1049,-111.1116
23352062,-399.50,-1910.50,51.9715,-159.2503
23355968,-568.50,-2047.50,62.8711,-201.1729
23359874,-370.50,-454.50,67.0230,-126.6226
23363780,18.50,2047.50,59.8012,-58.4375
23367686,-24.50,1127.50,54.2952,-11.6539
23371592,-369.50,-1564.50,50.6985,-48.9860
23375498,-562.50,-2047.50,55.3828,-91.7171
23379404,-366.50,-760.50,72.5566,-38.6072
23383310,-5.50,1924.50,84.2087,-9.8702
23387216,19.50,1491.50,80.9556,28.3519
23391122,-308.50,-1250.50,70.9983,20.2919
23395028,-575.50,-2047.50,66.4919,-17.4584
23398934,-402.50,-978.50,71.7204,24.9329
23402840,-18.50,1683.50,83.9155,37.7888
23406746,112.50,1936.50,101.3689,77.2669
23410652,-190.50,-782.50,121.6796,137.6010
23414558,-448.50,-2047.50,143.6335,131.4094
23418464,-413.50,-1313.50,155.8782,100.3729
23422370,-54.50,1245.50,140.2625,-1.7992
23426276,115.50,2047.50,115.9587,-48.0587
23430182,-136.50,-443.50,112.7558,26.7673
23434088,-447.50,-2047.50,128.6384,84.9526
23437994,-447.50,-1551.50,140.1957,91.4278
23441900,-77.50,968.50,132.3350,9.3032
23445806,80.50,2047.50,112.9584,-55.1119
23449712,-164.50,-213.50,88.0622,-34.9723
23453618,-557.50,-2047.50,59.2635,-14.3269
23457524,-655.50,-1852.50,18.6882,-5.3862
23461430,-354.50,411.50,-39.4441,-94.9561
23465336,-158.50,2047.50,-98.4981,-192.9043
23469242,-418.50,-226.50,-152.9776,-201.7108
23473148,-944.50,-2047.50,-227.7962,-213.7823
23477054,-1097.50,-2047.50,-332.8121,-169.3186
23480960,-854.50,-334.50,-437.1188,-218.3643
23484866,-556.50,1200.50,-504.9061,-491.9113
23488772,-692.50,-384.50,-523.7999,-747.8588
23492678,-1066.50,-2047.50,-512.4776,-748.8104
23496584,-1126.50,-2047.50,-485.0741,-434.7926
23500490,-781.50,-537.50,-435.9894,-182.0176
23504396,-425.50,1395.50,-375.6015,-275.0345
23508302,-452.50,197.50,-319.0835,-445.3061
23512208,-783.50,-2047.50,-266.6537,-491.2658
23516114,-954.50,-2047.50,-223.0744,-341.6268
23520020,-657.50,-682.50,-192.0359,-137.5842
23523926,-281.50,1535.50,-162.0359,-134.6180
23527832,-325.50,646.50,-136.2449,-215.0014
23531738,-691.50,-2029.50,-128.5093,-304.6420
23535644,-848.50,-2047.50,-121.0619,-298.7695
23539550,-617.50,-944.50,-92.7739,-141.4719
23543456,-262.50,1399.50,-62.2753,-104.4054
23547362,-190.50,1001.50,-43.0925,-154.0592
23551268,-543.50,-1680.50,-26.5492,-200.9274
23555174,-821.50,-2047.50,-18.8766,-180.5530
23559080,-628.50,-1186.50,-19.1966,-48.3270
23562986,-281.50,1104.50,-18.0763,-62.3971
23566892,-249.50,1187.50,-29.5122,-170.8375
23570798,-534.50,-1369.50,-50.9167,-220.4918
23574704,-942.50,-2047.50,-74.2330,-165.5840
23578610,-847.50,-1567.50,-114.3806,-36.7842
23582516,-434.50,743.50,-147.5810,-104.0812
23586422,-310.50,1311.50,-148.4042,-251.2009
23590328,-544.50,-1093.50,-129.8679,-275.8043
23594234,-909.50,-2047.50,-108.1410,-183.8234
23598140,-962.50,-1760.50,-118.5987,-29.4233
23602046,-587.50,464.50,-167.8327,-70.5285
23605952,-366.50,1410.50,-201.9090,-218.5115
23609858,-532.50,-758.50,-184.7948,-250.9284
23613764,-821.50,-2047.50,-124.9350,-168.7576
23617670,-783.50,-1860.50,-52.0717,-16.4479
23621576,-368.50,436.50,11.4218,17.2608
23625482,-64.50,2032.50,69.0237,34.1315
23629388,-194.50,-221.50,128.5572,141.8735
23633294,-575.50,-2047.50,177.6877,148.1398
23637200,-562.50,-1984.50,209.8407,90.8086
23641106,-189.50,288.50,244.7051,44.1218
23645012,134.50,2047.50,287.5657,81.1369
23648918,49.50,304.50,331.4164,212.8659
23652824,-280.50,-2047.50,377.4843,223.6869
23656730,-354.50,-2022.50,422.0811,130.1371
23660636,-28.50,171.50,457.8148,104.1065
23664542,279.50,2047.50,476.8481,185.8558
23668448,194.50,707.50,477.3922,301.6994
23672354,-146.50,-1796.50,475.0454,296.7185
23676260,-275.50,-2047.50,486.8992,210.0394
23680166,-29.50,-72.50,503.0704,189.6271
23684072,299.50,2047.50,502.1448,254.8971
23687978,270.50,1099.50,487.6060,357.9452
23691884,-96.50,-1506.50,474.7233,365.7494
23695790,-376.50,-2047.50,454.4514,290.0249
23699696,-175.50,-450.50,414.8626,246.1376
23703602,161.50,2047.50,371.7763,267.3595
23707508,161.50,1274.50,338.6032,347.9883
23711414,-289.50,-1468.50,298.0403,304.3300
23715320,-541.50,-2047.50,242.6483,179.8271
23719226,-383.50,-952.50,200.0860,146.3789
23723132,-78.50,1595.50,170.5175,120.4592
23727038,-41.50,1469.50,130.2854,140.9428
23730944,-339.50,-1204.50,93.8986,159.0304
23734850,-664.50,-2047.50,78.2452,139.0376
23738756,-512.50,-1202.50,74.4117,165.5249
23742662,-145.50,1322.50,77.3140,140.5872
23746568,22.50,1943.50,87.6378,171.6045
23750474,-287.50,-765.50,100.6118,274.8199
23754380,-655.50,-2047.50,97.4474,282.0333
23758286,-558.50,-1440.50,78.7575,236.0965
23762192,-149.50,1047.50,75.9552,145.6216
23766098,-15.50,2047.50,86.3073,135.6257
23770004,-320.50,-425.50,74.3177,229.0669
23773910,-696.50,-2047.50,36.8622,248.3576
23777816,-671.50,-1658.50,3.5115,210.7578
23781722,-308.50,779.50,-8.6920,135.7857
23785628,-72.50,2047.50,-5.5834,116.4972
23789534,-273.50,-79.50,4.2345,184.6511
23793440,-623.50,-2047.50,18.0756,197.3118
23797346,-639.50,-1854.50,35.4734,161.2611
23801252,-310.50,511.50,49.3912,111.7047
23805158,-3.50,2047.50,57.7979,110.7979
23809064,-165.50,270.50,69.6811,173.3110
23812970,-546.50,-2047.50,80.4732,167.3825
23816876,-649.50,-2017.50,81.0712,105.8396
23820782,-329.50,211.50,75.2855,71.6477
23824688,54.50,2047.50,83.6804,100.8561
23828594,-25.50,659.50,119.8861,184.7225
23832500,-421.50,-1921.50,157.0524,191.0160
23836406,-540.50,-2047.50,173.4250,129.6496
23840312,-197.50,77.50,190.3018,139.0432
23844218,238.50,2047.50,234.6120,212.4852
23848124,256.50,1157.50,306.0123,301.4523
23852030,-148.50,-1358.50,367.4115,358.5289
23855936,-245.50,-2047.50,402.3269,355.6508
23859842,83.50,111.50,448.1801,368.8096
23863748,511.50,2047.50,515.8922,423.9177
23867654,571.50,1872.50,580.9685,511.6364
23871560,254.50,-660.50,633.1975,646.0149
23875466,104.50,-1761.50,682.7935,724.2396
23879372,365.50,144.50,741.2023,731.3262
23883278,805.50,2047.50,799.5505,710.2102
23887184,935.50,2047.50,850.8867,650.3587
23891090,630.50,-79.50,896.5943,677.6512
23894996,371.50,-1495.50,929.6206,808.2732
23898902,511.50,99.50,941.4621,914.8771
23902808,908.50,2047.50,932.9321,913.3276
23906714,1059.50,2047.50,921.8206,753.7573
23910620,722.50,285.50,915.6222,629.3905
23914526,400.50,-1416.50,901.4888,712.6714
23918432,477.50,-152.50,878.0636,854.1295
23922338,827.50,2047.50,846.3157,905.3119
23926244,1008.50,2047.50,810.3165,773.3740
23930150,691.50,602.50,777.8380,594.4264
23934056,326.50,-1237.50,743.4628,644.1450
23937962,315.50,-335.50,703.0882,822.2699
23941868,663.50,2047.50,656.8493,932.1447
23945774,859.50,2047.50,610.2106,826.3052
23949680,617.50,848.50,571.7099,578.0890
23953586,230.50,-1183.50,542.3399,537.8174
23957492,178.50,-665.50,515.2527,670.9055
23961398,511.50,2047.50,483.1195,817.4657
23965304,775.50,2047.50,451.0867,809.8903
23969210,567.50,1116.50,424.7694,577.4033
23973116,191.50,-1051.50,402.7617,484.2116
23977022,107.50,-939.50,387.6030,574.2762
23980928,400.50,2026.50,371.5055,737.3836
23984834,695.50,2047.50,345.2730,807.0220
23988740,535.50,1387.50,314.3529,590.1384
23992646,153.50,-892.50,286.3472,448.4946
23996552,-8.50,-1203.50,264.2031,485.7689
24000458,288.50,1275.50,244.7366,532.7892
24004364,565.50,2047.50,219.9354,501.8403
24008270,469.50,1664.50,183.2728,366.4708
24012176,77.50,-733.50,145.6023,359.8720
24016082,-133.50,-1426.50,117.5932,418.7841
24019988,109.50,758.50,94.1464,401.4560
24023894,449.50,2047.50,72.0770,334.1440
24027800,404.50,1918.50,49.0605,261.5032
24031706,38.50,-587.50,26.5528,306.3162
24035612,-201.50,-1622.50,11.5950,333.1020
24039518,-15.50,301.50,-0.6213,260.3556
24043424,330.50,2047.50,-20.9346,197.9757
24047330,367.50,2047.50,-45.5139,186.0454
24051236,17.50,-364.50,-62.4893,246.9186
24055142,-260.50,-1726.50,-70.2506,253.2062
24059048,-80.50,-110.50,-71.1315,163.2062
24062954,357.50,2047.50,-57.0018,117.6761
24066860,413.50,2047.50,-36.2338,137.3970
24070766,39.50,-97.50,-42.6392,171.4425
24074672,-287.50,-1800.50,-78.8362,154.0360
24078578,-143.50,-460.50,-106.9718,72.1905
24082484,239.50,2047.50,-108.4396,68.2884
24086390,391.50,2047.50,-99.9484,132.5568
24090296,112.50,199.50,-93.8212,137.4779
24094202,-268.50,-1743.50,-95.6790,99.3044
24098108,-200.50,-760.50,-108.2470,37.1224
24102014,175.50,2047.50,-119.4204,70.7044
24105920,368.50,2047.50,-125.0178,165.9222
24109826,127.50,442.50,-128.4795,122.9021
24113732,-233.50,-1676.50,-127.6462,31.1306
24117638,-237.50,-1080.50,-124.7231,-35.2725
24121544,118.50,2007.50,-126.1908,33.3449
24125450,341.50,2047.50,-136.2916,179.7975
24129356,125.50,737.50,-153.8870,127.4582
24133266,-253.50,-1536.50,-170.0302,10.6710
24137172,-301.50,-1359.50,-175.5618,-60.8060
24141078,48.50,1360.50,-171.0362,-74.1045
24144984,343.50,2047.50,-162.5615,-36.2213
24148890,203.50,1014.50,-153.4713,-59.0749
24152796,-174.50,-1362.50,-144.0004,-61.1396
24156702,-271.50,-1599.50,-133.5479,-73.5376
24160608,-26.50,829.50,-134.9417,-130.3551
24164514,323.50,2047.50,-153.4312,-161.5270
24168420,208.50,1267.50,-168.3312,-165.2697
24172326,-172.50,-1177.50,-173.6688,-109.0637
24176232,-335.50,-1785.50,-174.7084,-97.2756
24180138,-86.50,451.50,-176.5029,-163.4573
24184044,274.50,2047.50,-182.9045,-200.1803
24187950,229.50,1557.50,-187.1120,-174.4577
24191856,-138.50,-954.50,-186.8748,-95.3798
24195762,-342.50,-1923.50,-182.4033,-94.9036
24199668,-144.50,69.50,-180.1047,-189.4228
24203574,195.50,2047.50,-192.9730,-229.6201
24207480,208.50,1842.50,-215.7789,-162.4282
24211386,-127.50,-733.50,-228.2054,-64.4399
24215292,-403.50,-2018.50,-226.5942,-93.4257
24219198,-236.50,-321.50,-226.7974,-223.3999
24223104,141.50,2047.50,-233.7450,-258.1635
24227010,217.50,2047.50,-239.1586,-145.6080
24230916,-108.50,-421.50,-239.3277,-30.9398
24234822,-426.50,-2047.50,-239.4956,-72.6518
24238728,-290.50,-692.50,-243.0929,-224.6068
24242634,79.50,2047.50,-246.5524,-257.9797
24246540,174.50,2047.50,-255.4336,-134.5918
24250446,-56.50,-117.50,-261.4053,-61.7649
24254352,-380.50,-2047.50,-244.8525,-123.6454
24258258,-354.50,-1045.50,-228.5258,-258.7163
24262164,-0.50,2047.50,-240.1062,-255.8323
24266070,188.50,2047.50,-262.3731,-96.2547
24269976,-54.50,131.50,-270.1792,-68.0155
24273882,-399.50,-2017.50,-262.2452,-181.2156
24277788,-396.50,-1343.50,-252.1562,-309.4543
24281694,-44.50,1490.50,-250.7168,-339.4753
24285600,188.50,2047.50,-254.9618,-260.5262
24289506,-4.50,412.50,-254.0925,-229.0510
24293412,-376.50,-1896.50,-246.3357,-251.4656
24297318,-418.50,-1606.50,-239.1728,-309.7205
24301224,-98.50,1040.50,-238.8902,-353.4299
24305130,164.50,2047.50,-246.5606,-334.3021
24309036,-3.50,687.50,-256.9592,-312.1517
24312942,-337.50,-1748.50,-256.9925,-293.3952
24316848,-452.50,-1839.50,-243.4823,-317.4089
24320754,-143.50,602.50,-233.4491,-372.3888
24324660,150.50,2047.50,-234.5466,-385.2812
24328566,48.50,965.50,-239.2928,-354.2211
24332472,-329.50,-1568.50,-241.3827,-305.4636
24336378,-469.50,-2015.50,-238.4300,-313.8079
24340284,-201.50,263.50,-232.9793,-365.1706
24344190,127.50,2047.50,-230.4845,-373.0285
24348096,76.50,1245.50,-231.4779,-328.5659
24352002,-271.50,-1321.50,-228.5808,-274.4601
24355908,-474.50,-2047.50,-219.4626,-270.4932
24359814,-234.50,-98.50,-210.8296,-309.5211
24363720,112.50,2047.50,-206.5619,-324.7261
24367626,109.50,1535.50,-207.4201,-276.5761
24371532,-222.50,-1024.50,-207.9045,-216.2701
24375438,-478.50,-2047.50,-203.4966,-210.2383
24379344,-271.50,-438.50,-197.6065,-250.1205
24383250,96.50,2047.50,-189.8583,-267.7579
24387156,161.50,1877.50,-181.5816,-191.6899
24391062,-169.50,-749.50,-176.1118,-118.8989
24394968,-439.50,-2047.50,-171.5743,-148.1632
24398874,-290.50,-777.50,-163.8414,-223.8501
24402780,67.50,2047.50,-156.7886,-234.6386
24406686,201.50,2047.50,-153.6855,-127.6233
24410592,-105.50,-383.50,-149.5498,-58.6492
24414498,-410.50,-2047.50,-144.6775,-109.5701
24418404,-332.50,-1103.50,-141.4368,-206.3081
24422310,48.50,1953.50,-139.2388,-220.2219
24426216,210.50,2047.50,-136.4655,-115.0339
24430122,-76.50,-111.50,-137.8865,-94.0908
24434028,-425.50,-2047.50,-148.1137,-175.6862
24437934,-381.50,-1377.50,-156.8088,-251.9340
24441840,-47.50,1399.50,-160.1170,-285.1075
24445746,150.50,2047.50,-168.4895,-257.7092
24449652,-49.50,201.50,-176.7045,-241.1703
24453558,-413.50,-2047.50,-174.0322,-253.7040
24457464,-444.50,-1614.50,-168.6545,-285.2740
24461370,-92.50,976.50,-166.7312,-312.5034
24465276,163.50,2047.50,-163.6256,-311.6816
24469182,-36.50,499.50,-163.4765,-302.0777
24473088,-388.50,-1925.50,-168.0530,-284.8547
24476994,-449.50,-1816.50,-164.4019,-286.2746
24480900,-175.50,625.50,-158.7786,-300.9449
24484806,144.50,2047.50,-162.2701,-308.5726
24488712,16.50,826.50,-162.4746,-299.7168
24492618,-350.50,-1711.50,-156.2760,-263.7108
24496524,-488.50,-1999.50,-151.3872,-252.5246
24500430,-176.50,256.50,-145.6623,-279.9821
24504336,135.50,2047.50,-136.4708,-303.1260
24508242,80.50,1126.50,-128.1541,-284.2367
24512148,-282.50,-1454.50,-120.3786,-231.5256
24516054,-478.50,-2047.50,-114.9403,-201.0185
24519960,-191.50,-17.50,-110.1376,-203.5109
24523866,103.50,2047.50,-105.7010,-214.9823
24527772,77.50,1366.50,-115.6382,-210.5961
24531678,-256.50,-1244.50,-129.2039,-204.1968
24535584,-479.50,-2047.50,-127.2219,-198.0155
24539490,-274.50,-437.50,-117.5743,-191.7525
24543396,113.50,2047.50,-106.6260,-195.4819
24547302,176.50,1712.50,-88.8739,-149.2231
24551208,-143.50,-924.50,-65.9370,-103.6426
24555114,-408.50,-2047.50,-47.3065,-110.9023
24559020,-280.50,-747.50,-43.0480,-134.7716
24562926,86.50,2047.50,-53.6467,-137.5209
24566832,148.50,2047.50,-70.8632,-46.7701
24570738,-157.50,-549.50,-88.3980,25.0070
24574644,-474.50,-2047.50,-100.8538,-13.8548
24578550,-362.50,-1069.50,-106.3073,-94.2270
24582456,14.50,2011.50,-104.2511,-109.0301
24586362,165.50,2047.50,-96.6509,-14.8223
24590268,-118.50,-237.50,-90.9694,6.1039
24594174,-442.50,-2047.50,-89.9906,-65.3513
24598080,-385.50,-1336.50,-88.1054,-125.1075
24601986,-8.50,1476.50,-81.0172,-160.9886
24605892,208.50,2047.50,-67.7801,-149.8098
24609798,-21.50,79.50,-51.2157,-143.7593
24613704,-412.50,-2047.50,-45.6437,-150.1348
24617610,-401.50,-1587.50,-54.7611,-161.9918
24621516,-47.50,1059.50,-60.7544,-190.2959
24625422,196.50,2047.50,-57.2016,-207.4798
24629328,13.50,369.50,-50.6612,-214.2081
24633234,-353.50,-2047.50,-44.2837,-213.6855
24637140,-449.50,-1795.50,-45.9647,-219.8603
24641046,-111.50,671.50,-57.6222,-227.7217
24644952,177.50,2047.50,-64.2665,-234.1163
24648858,31.50,651.50,-61.6214,-237.6484
24652764,-371.50,-1884.50,-63.5807,-226.7249
24656670,-537.50,-1983.50,-82.8592,-220.3987
24660576,-236.50,258.50,-112.5840,-230.0723
24664482,101.50,2047.50,-127.2746,-249.7185
24668388,37.50,944.50,-116.6971,-242.0216
24672294,-362.50,-1664.50,-100.1768,-211.4386
24676200,-514.50,-2047.50,-93.8812,-185.2973
24680106,-238.50,-47.50,-88.5901,-168.9674
24684012,119.50,2047.50,-76.2577,-178.1628
24687918,97.50,1226.50,-62.0190,-176.3324
24691824,-261.50,-1423.50,-50.3407,-168.3468
24695730,-476.50,-2047.50,-42.2250,-151.0227
24699636,-272.50,-384.50,-40.0562,-117.8748
24703542,102.50,2047.50,-42.8057,-114.2731
24707448,121.50,1567.50,-44.4998,-90.6803
24711354,-213.50,-1114.50,-43.0222,-71.8573
24715260,-453.50,-2047.50,-34.9752,-74.2404
24719166,-310.50,-719.50,-25.9873,-66.8818
24723072,74.50,2047.50,-26.3706,-64.3969
24726978,176.50,1891.50,-25.9873,-1.2069
24730884,-152.50,-767.50,-18.5559,39.3767
24734790,-463.50,-2047.50,-15.9847,6.4744
24738696,-334.50,-1012.50,-19.5201,-26.4628
24742602,43.50,2007.50,-20.0747,-21.6580
24746508,173.50,2047.50,-18.6221,64.4299
24750414,-109.50,-392.50,-18.7622,92.6496
24754320,-457.50,-2047.50,-21.3032,33.1372
24758226,-377.50,-1293.50,-24.7978,-18.6898
24762132,16.50,1535.50,-20.0842,-62.0327
24766038,190.50,2047.50,-9.1781,-59.6677
24769944,-81.50,-110.50,-8.6015,-58.2574
24773850,-422.50,-2047.50,-17.6777,-69.9976
24777756,-376.50,-1558.50,-15.6930,-70.5721
24781662,-46.50,1109.50,-3.5369,-99.8820
24785568,199.50,2047.50,0.7859,-129.2570
24789474,14.50,239.50,3.7481,-133.5216
24793380,-354.50,-2047.50,13.8102,-118.0125
24797286,-413.50,-1768.50,19.9864,-107.2773
24801192,-84.50,758.50,15.1040,-121.3363
24805098,203.50,2047.50,8.0495,-143.9992
24809004,49.50,560.50,8.6476,-150.6020
24812910,-344.50,-1977.50,10.5829,-138.9420
24816816,-431.50,-1926.50,8.8532,-132.0469
24820722,-102.50,373.50,12.7124,-133.6982
24824628,245.50,2047.50,29.9022,-149.8505
24828534,161.50,848.50,56.8573,-153.2361
24832440,-207.50,-1749.50,81.4872,-131.1635
24836346,-351.50,-2047.50,96.7639,-107.8743
24840252,-97.50,42.50,100.6305,-96.1422
24844158,224.50,2047.50,90.2754,-109.9519
24848064,176.50,1167.50,73.4564,-106.6666
24851970,-188.50,-1471.50,63.4602,-80.0937
24855876,-384.50,-2047.50,63.8912,-46.3941
24859782,-165.50,-270.50,66.7427,-18.3796
24863688,175.50,2047.50,61.1832,-31.0506
24867594,176.50,1495.50,47.3079,-25.2703
24871500,-181.50,-1188.50,34.0637,-6.1266
24875406,-430.50,-2047.50,26.3648,6.6200
24879312,-210.50,-569.50,28.9967,28.5793
24883218,114.50,2047.50,34.8328,32.1810
24887124,179.50,1872.50,27.4348,79.4083
24891030,-154.50,-852.50,14.1031,118.4018
24894936,-429.50,-2047.50,8.8321,94.3175
24898842,-286.50,-912.50,12.2794,61.6219
24902748,92.50,2047.50,19.2223,58.0568
24906654,197.50,2047.50,22.1226,137.7431
24910560,-106.50,-476.50,18.0357,175.2795
24914466,-433.50,-2047.50,10.0695,124.7744
24918372,-347.50,-1218.50,2.8499,68.9840
24922278,28.50,1673.50,-0.2095,24.3831
24926184,192.50,2047.50,-0.0281,37.8632
24930090,-93.50,-175.50,-3.7943,44.9736
24933996,-446.50,-2047.50,-15.3488,29.5165
24937902,-413.50,-1502.50,-26.7868,18.8197
24941808,-35.50,1189.50,-28.6004,-30.4385
24945714,192.50,2047.50,-19.9379,-71.4508
24949620,-65.50,139.50,-14.1765,-74.3339
24953526,-449.50,-2047.50,-25.6937,-50.7952
24957432,-463.50,-1734.50,-43.2926,-33.7220
24961338,-112.50,838.50,-49.1501,-59.1983
24965244,151.50,2047.50,-44.7646,-95.2219
24969150,-30.50,431.50,-39.6291,-108.4092
24973056,-437.50,-2047.50,-43.3188,-105.1306
24976962,-527.50,-1931.50,-58.1342,-105.3778
24980868,-193.50,465.50,-71.2095,-109.5125
24984774,118.50,2047.50,-70.5687,-117.5733
24988680,-29.50,750.50,-64.3900,-112.6500
24992586,-369.50,-1865.50,-58.7535,-95.9290
24996492,-492.50,-2047.50,-44.1550,-85.8002
25000398,-232.50,109.50,-31.4936,-80.3008
25004304,103.50,2047.50,-34.8383,-91.0000
25008210,34.50,1042.50,-41.6005,-87.9176
25012116,-336.50,-1615.50,-41.6769,-71.8029
25016022,-527.50,-2047.50,-38.9022,-44.5536
25019928,-280.50,-204.50,-38.7908,-7.1464
25023834,64.50,2047.50,-42.5589,-11.3347
25027740,75.50,1369.50,-43.3680,-11.7489
25031646,-296.50,-1330.50,-37.2203,-4.6670
25035552,-559.50,-2047.50,-37.3209,9.5010
25039458,-368.50,-545.50,-52.2017,40.5951
25043364,43.50,2047.50,-62.5616,38.5301
25047270,112.50,1799.50,-49.0467,82.0393
25051176,-274.50,-1039.50,-31.4644,122.4308
25055082,-688.50,-2047.50,-57.3639,96.7709
25058988,-610.50,-1025.50,-138.9580,48.9110
25062894,-265.50,1737.50,-229.9684,-42.1712
25066800,-238.50,1732.50,-297.7901,-78.6180
25070706,-612.50,-1041.50,-353.9391,-111.0347
25074612,-1055.50,-2047.50,-418.8368,-142.9377
25078518,-1006.50,-1582.50,-496.2103,-121.0996
25082424,-710.50,784.50,-570.4051,-279.2705
25086330,-605.50,1347.50,-634.5445,-530.0075
25090236,-925.50,-1114.50,-685.9742,-652.3730
25094142,-1352.50,-2047.50,-727.7964,-553.3047
25098048,-1364.50,-1937.50,-772.3958,-308.6999
25101954,-981.50,217.50,-808.1015,-352.7331
25105860,-772.50,1023.50,-815.6288,-675.3522
25109766,-990.50,-1060.50,-799.2864,-908.5662
25113672,-1394.50,-2047.50,-778.8394,-805.2152
25117578,-1421.50,-2047.50,-770.5683,-425.3323
25121484,-1013.50,-143.50,-761.3160,-318.0057
25125390,-753.50,942.50,-734.4141,-608.5457
25129296,-950.50,-856.50,-706.1053,-897.5733
25133202,-1263.50,-2047.50,-678.0309,-852.0932
25137108,-1312.50,-2047.50,-632.7970,-460.5227
25141014,-982.50,-412.50,-586.3584,-251.8453
25144920,-646.50,1038.50,-554.3301,-461.4912
25148826,-794.50,-483.50,-529.5513,-726.9953
25152732,-1146.50,-2047.50,-506.9723,-734.0305
25156638,-1176.50,-2047.50,-466.0481,-426.9734
25160544,-861.50,-670.50,-401.4141,-203.8715
25164450,-513.50,1115.50,-345.8749,-344.1300
25168356,-596.50,-41.50,-315.6738,-550.7988
25172266,-943.50,-2047.50,-296.2744,-580.9465
25176172,-1084.50,-2047.50,-268.5349,-376.9996
25180078,-704.50,-809.50,-215.9404,-154.8426
25183984,-264.50,1267.50,-131.5797,-185.6590
25187890,-257.50,448.50,-40.9196,-293.5198
25191796,-659.50,-2047.50,14.5311,-359.9812
25195702,-836.50,-2047.50,33.0315,-310.6746
25199608,-541.50,-940.50,56.1725,-130.5474
25203514,-121.50,1394.50,103.4754,-58.3254
25207420,-63.50,983.50,155.0905,-46.2837
25211326,-383.50,-1673.50,197.3162,-62.9144
25215232,-624.50,-2047.50,232.7382,-81.3225
25219138,-421.50,-1094.50,262.8138,2.8808
25223044,64.50,1519.50,298.9883,72.7967
25226950,190.50,1689.50,352.7874,202.6632
25230856,-111.50,-1054.50,406.8985,325.5058
25234762,-416.50,-2047.50,441.0329,285.5490
25238668,-265.50,-1200.50,456.9283,214.8139
25242574,157.50,1515.50,468.8523,199.2219
25246480,302.50,2047.50,481.7248,338.0563
25250386,62.50,-522.50,497.7834,494.8131
25254292,-223.50,-2047.50,530.0657,449.2366
25258198,-143.50,-1391.50,570.9891,308.4151
25262104,229.50,1355.50,592.1820,239.6885
25266010,405.50,2047.50,583.5271,335.1666
25269916,203.50,-164.50,569.9475,442.9390
25273822,-164.50,-2047.50,574.4108,396.0505
25277728,-143.50,-1551.50,584.7437,285.5718
25281634,189.50,1141.50,580.8670,254.1944
25285540,403.50,2047.50,555.8228,344.5862
25289446,218.50,267.50,526.7786,427.3670
25293352,-121.50,-2047.50,521.6094,384.6399
25297258,-172.50,-1807.50,536.5619,254.0504
25301164,160.50,764.50,543.7776,183.8767
25305070,435.50,2047.50,533.2851,252.1201
25308976,262.50,592.50,514.1561,350.1616
25312882,-110.50,-1903.50,496.9156,352.0768
25316788,-210.50,-1984.50,488.8474,250.7446
25320694,83.50,338.50,482.6654,164.9128
25324600,393.50,2047.50,468.4149,191.5020
25328506,241.50,852.50,443.8685,283.1234
25332412,-205.50,-1801.50,402.1725,294.6029
25336318,-468.50,-2047.50,334.9534,208.9887
25340224,-322.50,-226.50,236.5972,123.8669
25344130,-29.50,2047.50,124.6352,109.6183
25348036,-131.50,822.50,34.6900,162.8142
25351942,-601.50,-2004.50,-33.2841,78.5697
25355848,-975.50,-2047.50,-117.3649,-55.3543
25359754,-799.50,-885.50,-225.7371,-61.8027
25363660,-480.50,1241.50,-318.6165,-148.2840
25367566,-480.50,647.50,-371.4513,-294.2187
25371472,-821.50,-2047.50,-386.2494,-405.6542
25375378,-974.50,-2047.50,-356.7325,-362.1427
25379284,-720.50,-1153.50,-283.5214,-133.1402
25383190,-388.50,1163.50,-214.4636,-71.5412
25387096,-330.50,1055.50,-196.1835,-151.8991
25391002,-619.50,-1584.50,-202.1619,-208.9781
25394908,-868.50,-2047.50,-186.2199,-168.4517
25398814,-688.50,-1400.50,-144.8669,-15.1321
25402720,-356.50,999.50,-110.2804,-17.6913
25406626,-204.50,1419.50,-102.1882,-87.5358
25410532,-529.50,-1172.50,-104.7667,-82.7314
25414438,-844.50,-2047.50,-107.5201,-35.2564
25418344,-755.50,-1642.50,-107.2412,54.7663
25422250,-366.50,793.50,-99.6575,9.4518
25426156,-170.50,1712.50,-85.0553,-42.0568
25430062,-406.50,-812.50,-62.5106,8.9694
25433968,-706.50,-2047.50,-30.7931,44.8102
25437874,-669.50,-1836.50,4.8779,81.6724
25441780,-317.50,544.50,27.0839,23.2092
25445686,-100.50,1923.50,28.7414,-5.2528
25449592,-320.50,-368.50,22.3122,91.1650
25453498,-663.50,-2047.50,21.9102,131.1787
25457404,-652.50,-1972.50,37.1119,117.5989
25461310,-212.50,293.50,77.6671,46.8231
25465216,64.50,2010.50,136.1638,30.9623
25469122,-226.50,-20.50,159.9657,127.7928
25473028,-626.50,-2047.50,120.1535,139.4554
25476934,-729.50,-2047.50,62.8656,96.4425
25480840,-414.50,-49.50,26.8470,46.0159
25484746,-49.50,2047.50,22.6164,43.8359
25488652,-191.50,325.50,45.3200,143.3579
25492558,-709.50,-2047.50,42.6193,137.4944
25496464,-895.50,-2047.50,-17.3764,70.4805
25500370,-648.50,-437.50,-94.6645,45.9311
25504276,-273.50,1702.50,-140.9666,-2.4200
25508182,-309.50,443.50,-138.3046,-23.0136
25512088,-666.50,-2047.50,-103.0106,-76.9595
25515994,-800.50,-2047.50,-57.6713,-81.8555
25519900,-468.50,-578.50,-2.4396,45.8927
25523806,-116.50,2047.50,51.2701,179.1989
25527712,-111.50,1090.50,80.1340,314.9470
25531618,-431.50,-1663.50,96.6169,299.5226
25535524,-593.50,-2047.50,131.6477,180.1517
25539430,-324.50,-742.50,189.2741,179.3569
25543336,132.50,2047.50,255.8085,265.3538
25547242,208.50,1641.50,318.1444,436.1523
25551148,-58.50,-1128.50,372.6334,507.8690
25555054,-337.50,-2047.50,418.5947,409.0909
25558960,-194.50,-917.50,438.6837,329.6636
25562866,227.50,2027.50,434.9919,354.4633
25566772,303.50,2047.50,428.3460,531.1702
25570678,39.50,-717.50,427.7193,629.2011
25574584,-333.50,-2047.50,429.4623,511.1144
25578490,-258.50,-1264.50,411.7591,355.5493
25582396,82.50,1458.50,370.4974,248.6899
25586302,176.50,2047.50,317.2220,284.8962
25590208,-175.50,-574.50,253.8805,351.6971
25594114,-552.50,-2047.50,189.8180,306.2181
25598020,-527.50,-1653.50,140.8628,230.7557
25601926,-175.50,850.50,108.6805,108.8883
25605832,35.50,2047.50,88.2016,64.3635
25609738,-157.50,-184.50,88.1521,162.5513
25613644,-550.50,-2047.50,104.1927,228.7241
25617550,-548.50,-1814.50,113.4426,217.1712
25621456,-177.50,614.50,114.9168,135.3971
25625362,107.50,2047.50,122.4420,93.4640
25629268,-117.50,117.50,131.3396,145.7709
25633174,-512.50,-2047.50,125.7518,164.5920
25637080,-613.50,-1993.50,104.8098,136.4016
25640986,-271.50,270.50,80.7912,82.8972
25644892,-42.50,2047.50,55.5805,64.5924
25648798,-161.50,425.50,28.6194,120.6846
25652704,-533.50,-2047.50,18.2575,118.7545
25656610,-666.50,-2047.50,25.6669,74.9748
25660516,-324.50,-60.50,36.7022,65.9980
25664422,-66.50,2047.50,39.2512,82.6862
25668328,-129.50,717.50,24.7284,134.5272
25672234,-421.50,-1968.50,27.5373,101.6755
25676140,-588.50,-2047.50,66.9105,39.7020
25680046,-364.50,-382.50,96.9622,71.2225
25683952,23.50,2047.50,97.3992,120.6806
25687858,-37.50,1051.50,90.5976,182.1236
25691764,-390.50,-1693.50,83.9982,155.3702
25695670,-612.50,-2047.50,80.6680,93.5642
25699576,-436.50,-687.50,74.2439,123.8174
25703482,-60.50,2047.50,57.0774,168.8559
25707388,31.50,1422.50,54.1523,249.9281
25711294,-346.50,-1353.50,72.7664,248.4796
25715200,-681.50,-2047.50,72.0210,176.5380
25719106,-536.50,-1007.50,35.5323,169.4888
25723012,-143.50,1638.50,-1.7254,130.4830
25726918,-2.50,1787.50,-5.9515,149.6101
25730824,-348.50,-1010.50,14.4819,210.2949
25734730,-618.50,-2047.50,33.1835,210.3837
25738636,-378.50,-1160.50,67.9498,222.7390
25742542,50.50,1638.50,136.5519,228.0406
25746448,240.50,2047.50,207.1653,285.8306
25750354,-15.50,-388.50,256.9332,363.6288
25754260,-246.50,-2047.50,303.1540,361.0360
25758166,-111.50,-1189.50,367.1616,338.3278
25762072,319.50,2046.50,437.3288,426.7080
25765978,569.50,2047.50,494.8169,579.1391
25769884,443.50,298.50,553.6267,579.0081
25773790,207.50,-1738.50,638.0427,530.8736
25777696,282.50,-1064.50,736.2670,559.3518
25781602,702.50,2047.50,814.9957,685.0220
25785508,985.50,2047.50,864.8625,769.6570
25789414,812.50,830.50,894.5666,642.9807
25793320,511.50,-1308.50,918.7234,600.0213
25797226,496.50,-1034.50,948.4244,722.2688
25801132,855.50,2047.50,973.5954,892.8493
25805038,1187.50,2047.50,989.7651,930.8017
25808944,1058.50,1277.50,1006.2658,704.1556
25812850,592.50,-995.50,1002.2016,623.6013
25816756,478.50,-1129.50,958.2020,758.6163
25820662,775.50,1600.50,903.2751,880.5517
25824568,1124.50,2047.50,869.8170,833.1712
25828474,1019.50,1650.50,859.1726,605.3461
25832380,638.50,-719.50,853.1466,589.2767
25836286,451.50,-1258.50,836.3949,749.1746
25840192,703.50,1179.50,804.9075,827.6045
25844098,1045.50,2047.50,767.1412,735.5856
25848004,962.50,1973.50,730.4189,533.6188
25851910,560.50,-512.50,689.6168,549.6948
25855816,284.50,-1375.50,639.1151,688.2527
25859722,505.50,728.50,582.9451,720.6200
25863628,839.50,2047.50,533.6067,617.1839
25867534,834.50,2047.50,493.4958,437.1540
25871440,455.50,-309.50,458.6673,431.7230
25875346,190.50,-1487.50,429.5043,541.8500
25879252,323.50,272.50,399.0675,570.6816
25883158,688.50,2047.50,360.2658,495.7599
25887064,735.50,2047.50,320.8544,357.6460
25890970,336.50,-111.50,279.7858,318.6346
25894876,35.50,-1624.50,233.6631,376.1100
25898782,151.50,-180.50,196.8537,388.2133
25902688,506.50,2047.50,169.8179,357.4834
25906594,607.50,2047.50,140.8051,296.4205
25910500,261.50,125.50,105.9606,247.3210
25914406,-81.50,-1690.50,68.6298,257.1908
25918312,-22.50,-588.50,37.0637,248.6557
25922218,365.50,2047.50,16.0860,256.2234
25926124,511.50,2047.50,1.2008,269.7434
25930030,242.50,339.50,-15.4780,203.4559
25933936,-110.50,-1668.50,-29.9863,156.5922
25937842,-106.50,-955.50,-39.8794,133.2191
25941748,255.50,2047.50,-52.4377,185.4654
25945654,464.50,2047.50,-68.6141,273.8082
25949560,254.50,591.50,-82.0198,196.0858
25953466,-121.50,-1606.50,-87.4099,93.5846
25957372,-189.50,-1271.50,-94.1018,45.7446
25961278,165.50,1623.50,-109.5246,65.7942
25965184,406.50,2047.50,-127.0446,125.1136
25969090,230.50,854.50,-144.1845,69.6099
25972996,-158.50,-1487.50,-158.2692,17.3602
25976902,-271.50,-1553.50,-169.6605,-9.6633
25980808,43.50,1000.50,-183.5386,-51.2861
25984714,336.50,2047.50,-198.0535,-70.8161
25988620,233.50,1104.50,-206.9699,-91.9077
25992526,-152.50,-1337.50,-206.7668,-60.4245
25996432,-306.50,-1807.50,-204.4491,-59.0756
26000338,-47.50,571.50,-211.4812,-124.6817
26004244,277.50,2047.50,-229.0238,-158.4005
26008150,215.50,1379.50,-246.0681,-141.9811
26012056,-162.50,-1150.50,-253.9066,-77.7382
26015962,-332.50,-1982.50,-250.2237,-82.7570
26019868,-91.50,207.50,-238.6731,-166.6089
26023774,250.50,2047.50,-233.3071,-192.1589
26027680,251.50,1712.50,-238.3197,-128.2100
26031586,-145.50,-891.50,-248.6127,-31.2288
26035492,-352.50,-2047.50,-257.5548,-46.1174
26039398,-169.50,-160.50,-257.1594,-158.3438
26043304,209.50,2047.50,-254.0269,-193.0297
26047210,243.50,1997.50,-256.0330,-98.4502
26051116,-152.50,-711.50,-271.0019,-2.5997
26055022,-430.50,-2047.50,-298.1678,-57.7099
26058928,-282.50,-651.50,-317.1991,-202.6878
26062834,89.50,2047.50,-323.0694,-243.5560
26066740,208.50,2047.50,-322.8130,-126.1116
26070646,-61.50,-368.50,-310.0714,-30.8605
26074552,-399.50,-2047.50,-288.9183,-79.2946
26078458,-328.50,-976.50,-283.3056,-203.3785
26082364,41.50,2047.50,-297.7315,-216.5512
26086270,179.50,2047.50,-317.1964,-83.9676
26090176,-81.50,-111.50,-330.0435,-50.7510
26094082,-396.50,-2047.50,-325.4219,-151.7702
26097988,-418.50,-1295.50,-316.7472,-266.4395
26101894,-38.50,1602.50,-325.4457,-293.0749
26105800,176.50,2047.50,-336.3535,-214.2564
26109706,-32.50,208.50,-331.6660,-181.6180
26113612,-396.50,-2020.50,-317.0802,-220.5019
26117518,-422.50,-1552.50,-305.9700,-291.0740
26121424,-63.50,1168.50,-302.6308,-327.5038
26125330,183.50,2047.50,-301.7774,-294.5427
26129236,12.50,497.50,-300.0634,-271.6501
26133142,-377.50,-1884.50,-297.6029,-267.4116
26137048,-457.50,-1805.50,-298.3020,-299.4573
26140954,-140.50,742.50,-302.9914,-347.0836
26144860,171.50,2047.50,-304.7313,-350.4493
26148766,35.50,787.50,-299.5773,-324.6763
26152672,-335.50,-1711.50,-291.9703,-287.9959
26156578,-463.50,-1983.50,-284.3797,-294.3732
26160484,-175.50,382.50,-278.9758,-336.6064
26164390,167.50,2047.50,-275.1439,-347.5593
26168296,80.50,1077.50,-270.1533,-317.9142
26172202,-304.50,-1468.50,-269.0311,-269.9433
26176108,-465.50,-2047.50,-268.8373,-256.0000
26180014,-229.50,9.50,-265.2616,-287.4720
26183920,129.50,2047.50,-263.8765,-311.8672
26187826,90.50,1366.50,-266.2974,-283.1208
26191732,-301.50,-1257.50,-275.6370,-240.6671
26195638,-522.50,-2047.50,-288.9879,-233.7804
26199544,-279.50,-325.50,-289.3278,-248.3956
26203450,65.50,2047.50,-277.6763,-255.5838
26207356,95.50,1733.50,-273.3218,-197.5814
26211266,-229.50,-957.50,-273.4689,-137.2055
26215172,-489.50,-2047.50,-264.5610,-153.4781
26219078,-306.50,-662.50,-248.3337,-201.5952
26222984,117.50,2047.50,-224.8439,-213.1484
26226890,165.50,2047.50,-202.9953,-116.5074
26230796,-158.50,-609.50,-201.5532,-33.9107
26234702,-462.50,-2047.50,-211.7592,-77.7572
26238608,-379.50,-997.50,-221.5069,-170.8845
26242514,-15.50,2047.50,-236.1882,-184.6411
26246420,141.50,2047.50,-248.8347,-78.3909
26250326,-140.50,-318.50,-247.9577,-51.9163
26254232,-472.50,-2047.50,-238.4728,-136.4171
26258138,-430.50,-1295.50,-232.4330,-210.9842
26262044,-56.50,1566.50,-234.1552,-241.6492
26265950,167.50,2047.50,-232.2918,-206.9643
26269856,-72.50,17.50,-218.4019,-190.4275
26273762,-407.50,-2047.50,-199.1115,-209.6856
26277668,-413.50,-1545.50,-182.4445,-236.7915
26281574,-56.50,1132.50,-174.7386,-269.3980
26285480,183.50,2047.50,-174.6762,-276.8739
26289386,-44.50,301.50,-180.3994,-277.4396
26293292,-413.50,-2047.50,-191.2745,-282.1482
26297198,-490.50,-1791.50,-201.3204,-299.5596
26301104,-157.50,735.50,-209.8595,-319.8060
26305010,115.50,2047.50,-216.7539,-322.0807
26308916,-36.50,588.50,-220.6768,-313.8452
26312822,-403.50,-1920.50,-219.6608,-303.4389
26316728,-529.50,-1989.50,-214.9519,-310.4827
26320634,-212.50,323.50,-211.9526,-331.5491
26324540,79.50,2047.50,-212.4384,-343.5319
26328446,-26.50,880.50,-219.2086,-323.8635
26332352,-388.50,-1713.50,-225.3964,-293.3536
26336258,-527.50,-2047.50,-217.5933,-276.0737
26340164,-248.50,15.50,-198.3236,-265.7596
26344070,87.50,2047.50,-181.9715,-269.6010
26347976,64.50,1165.50,-172.9076,-261.6397
26351882,-300.50,-1465.50,-164.1832,-251.6051
26355788,-528.50,-2047.50,-158.5913,-235.0828
26359694,-322.50,-342.50,-164.9445,-208.4740
26363600,34.50,2047.50,-178.9474,-210.3684
26367506,51.50,1509.50,-188.4755,-185.9428
26371412,-280.50,-1174.50,-186.2201,-162.9811
26375318,-542.50,-2047.50,-175.9502,-162.6816
26379224,-326.50,-652.50,-162.4491,-152.1056
26383130,55.50,2047.50,-143.5419,-146.9566
26387036,142.50,1904.50,-123.5848,-76.9132
26390942,-158.50,-818.50,-105.0509,-20.8649
26394848,-460.50,-2047.50,-88.7949,-52.3213
26398754,-356.50,-964.50,-85.8719,-99.3391
26402660,21.50,2047.50,-96.4297,-101.9876
26406566,166.50,2047.50,-102.9553,-8.0378
26410472,-98.50,-453.50,-92.7648,30.7002
26414378,-449.50,-2047.50,-76.8988,-31.5834
26418284,-393.50,-1284.50,-75.9806,-97.7985
26422190,-30.50,1511.50,-89.2061,-165.4353
26426096,167.50,2047.50,-98.8794,-172.9276
26430002,-132.50,-184.50,-103.9569,-153.0178
26433908,-474.50,-2047.50,-114.4582,-147.0980
26437814,-442.50,-1516.50,-119.6239,-140.9614
26441720,-64.50,1131.50,-109.3974,-172.9239
26445626,165.50,2047.50,-93.2859,-207.1848
26449532,-70.50,161.50,-86.2567,-210.7182
26453438,-432.50,-2047.50,-91.3971,-193.7491
26457344,-463.50,-1747.50,-95.0252,-180.8054
26461250,-117.50,788.50,-90.7523,-198.8229
26465156,161.50,2047.50,-82.9185,-225.0527
26469062,-6.50,446.50,-75.5911,-235.2450
26472968,-403.50,-2024.50,-75.1154,-236.7415
26476874,-524.50,-1942.50,-86.5559,-238.7378
26480780,-198.50,409.50,-102.2073,-239.1055
26484686,111.50,2047.50,-107.9305,-242.7477
26488592,-14.50,762.50,-106.3058,-234.1402
26492498,-392.50,-1839.50,-106.6762,-220.3163
26496404,-527.50,-2047.50,-104.9273,-211.2748
26500310,-244.50,78.50,-97.7754,-197.5076
26504216,117.50,2047.50,-86.7765,-197.7387
26508122,57.50,1045.50,-73.4835,-193.3916
26512028,-328.50,-1583.50,-66.3499,-187.4663
26515934,-527.50,-2047.50,-68.5033,-165.2031
26519840,-308.50,-236.50,-76.1811,-121.9036
26523746,62.50,2047.50,-85.0701,-115.7722
26527652,59.50,1386.50,-88.0789,-108.9265
26531558,-285.50,-1287.50,-83.3770,-103.9142
26535464,-527.50,-2047.50,-73.9505,-94.7649
26539370,-330.50,-564.50,-65.1618,-63.7510
26543276,77.50,2047.50,-55.2034,-57.4319
26547182,137.50,1763.50,-39.3662,-14.6747
26551088,-183.50,-954.50,-23.0966,16.6675
26554994,-448.50,-2047.50,-7.6620,-2.6454
26558900,-284.50,-874.50,10.2439,-15.8841
26562806,94.50,2047.50,25.8087,-10.1727
26566712,215.50,2047.50,33.9212,75.3930
26570618,-97.50,-572.50,36.5217,123.4620
26574524,-424.50,-2047.50,34.5542,71.8740
26578430,-325.50,-1170.50,30.5570,13.1472
26582336,48.50,1664.50,28.5984,-36.7011
26586242,195.50,2047.50,24.3010,-28.2557
26590148,-122.50,-265.50,7.8860,-13.1436
26594054,-480.50,-2047.50,-19.8657,-22.0742
26597960,-431.50,-1439.50,-40.3417,-26.1955
26601866,-72.50,1232.50,-45.2561,-68.8857
26605772,147.50,2047.50,-44.2132,-109.0709
26609678,-102.50,31.50,-44.6954,-118.6125
26613584,-449.50,-2047.50,-46.0834,-105.5571
26617490,-490.50,-1702.50,-46.1233,-86.8755
26621396,-146.50,855.50,-51.1310,-113.0970
26625302,132.50,2047.50,-56.7742,-154.5505
26629208,-44.50,330.50,-51.4746,-166.5680
26633114,-440.50,-2047.50,-43.7819,-159.1662
26637020,-531.50,-1900.50,-46.8289,-149.2046
26640926,-185.50,496.50,-54.2764,-152.2971
26644832,127.50,2047.50,-51.3587,-168.3197
26648738,15.50,651.50,-36.6122,-167.9430
26652644,-374.50,-1903.50,-20.8039,-155.3004
26656550,-513.50,-2047.50,-14.4554,-146.0092
26660456,-211.50,151.50,-16.2234,-141.0131
26664362,102.50,2047.50,-20.5212,-148.8965
26668268,49.50,957.50,-23.3405,-141.1131
26672174,-301.50,-1649.50,-14.2159,-122.5677
26676080,-463.50,-2047.50,8.8304,-91.8225
26679986,-207.50,-127.50,31.5284,-50.8635
26683892,147.50,2047.50,42.2076,-50.2317
26687798,127.50,1265.50,42.5040,-57.9505
26691704,-271.50,-1378.50,34.2314,-64.4044
26695610,-512.50,-2047.50,17.0757,-47.5449
26699516,-264.50,-463.50,6.8274,-3.1909
26703422,71.50,2047.50,8.9198,4.1617
26707328,133.50,1631.50,9.9372,26.7127
26711234,-239.50,-1076.50,8.0088,38.0950
26715140,-522.50,-2047.50,1.1648,26.1221
26719046,-353.50,-797.50,-8.3672,33.4406
26722952,37.50,2047.50,-10.4301,41.0133
26726858,114.50,1999.50,-8.5876,117.8900
26730764,-208.50,-728.50,-11.3107,164.8805
26734670,-527.50,-2047.50,-17.4443,114.7138
26738576,-403.50,-1115.50,-20.7560,61.1400
26742482,-29.50,1739.50,-19.9888,16.6471
26746388,126.50,2047.50,-18.6385,38.5159
26750294,-141.50,-370.50,-13.4255,70.2631
26754200,-453.50,-2047.50,1.8822,62.1606
26758106,-374.50,-1373.50,25.5441,49.8354
26762012,32.50,1360.50,52.1096,3.9993
26765918,241.50,2047.50,76.5324,-26.0809
26769824,-101.50,-54.50,76.3396,-28.9860
26773730,-410.50,-2047.50,49.6163,-18.8317
26777636,-429.50,-1615.50,33.4469,-1.3529
26781542,-97.50,980.50,26.6210,-28.6923
26785448,147.50,2047.50,12.4619,-72.3987
26789354,-32.50,245.50,5.6371,-90.6839
26793260,-408.50,-2047.50,13.0420,-84.2498
26797166,-456.50,-1836.50,23.7329,-69.1478
26801072,-113.50,658.50,30.7069,-69.1986
26804978,181.50,2047.50,35.9584,-83.6791
26808884,7.50,564.50,37.5874,-94.7151
26812790,-366.50,-1964.50,33.1449,-98.4344
26816696,-477.50,-2004.50,29.7362,-97.5523
26820602,-191.50,266.50,25.8972,-94.5331
26824508,144.50,2047.50,18.9830,-101.7345
26828414,54.50,875.50,18.9817,-96.7186
26832320,-344.50,-1723.50,23.0421,-78.7758
26836226,-512.50,-2047.50,20.4742,-52.3002
26840132,-242.50,-60.50,13.5502,-26.8307
26844038,80.50,2047.50,4.4667,-38.6842
26847944,33.50,1137.50,-8.4483,-51.5865
26851850,-349.50,-1524.50,-20.7650,-65.9187
26855756,-562.50,-2047.50,-28.2545,-52.8636
26859662,-312.50,-416.50,-27.6474,-2.9879
26863568,49.50,2047.50,-19.9307,6.0085
26867474,71.50,1456.50,-13.0056,16.1948
26871380,-307.50,-1246.50,-12.7734,6.7676
26875286,-591.50,-2047.50,-24.1033,-3.2319
26879192,-447.50,-792.50,-48.6677,22.7930
26883098,-72.50,2047.50,-77.3141,29.7614
26887004,-20.50,1743.50,-98.5531,78.5552
26890910,-333.50,-993.50,-107.3901,76.6239
26894816,-649.50,-2047.50,-106.3518,21.1711
26898722,-512.50,-1113.50,-104.3127,19.4360
26902628,-128.50,1626.50,-103.1147,-14.3112
26906534,-110.50,1935.50,-118.8210,-19.8276
26910440,-480.50,-894.50,-173.6175,-36.4891
26914346,-940.50,-2047.50,-260.0244,-91.5137
26918252,-938.50,-1649.50,-359.0322,-98.6560
26922158,-648.50,646.50,-452.2733,-255.6760
26926064,-594.50,1424.50,-540.4808,-508.5560
26929970,-876.50,-1026.50,-621.6511,-648.0200
26933876,-1319.50,-2047.50,-680.5122,-575.1331
26937782,-1343.50,-1989.50,-726.4010,-328.9579
26941688,-1046.50,35.50,-771.5776,-346.3108
26945594,-865.50,983.50,-816.0217,-681.1460
26949500,-1093.50,-1060.50,-849.1932,-965.6730
26953406,-1437.50,-2047.50,-853.4093,-900.3665
26957312,-1452.50,-2047.50,-826.9905,-486.7351
26961218,-1079.50,-304.50,-785.9612,-305.8298
26965124,-773.50,944.50,-741.3864,-575.7201
26969030,-937.50,-772.50,-698.7039,-890.7295
26972936,-1274.50,-2047.50,-660.4401,-879.9536
26976842,-1321.50,-2047.50,-617.1506,-492.6217
26980748,-938.50,-613.50,-561.7420,-254.8404
26984654,-591.50,1040.50,-498.7470,-455.8988
26988560,-670.50,-305.50,-438.6841,-713.5856
26992466,-1013.50,-2047.50,-386.2901,-717.1885
26996372,-1165.50,-2047.50,-345.8926,-427.5171
27000278,-864.50,-833.50,-323.3644,-201.6875
27004184,-465.50,1105.50,-301.1424,-331.8102
27008090,-472.50,83.50,-257.1878,-534.3755
27011996,-814.50,-2047.50,-199.4355,-580.1918
27015902,-947.50,-2047.50,-141.9400,-401.6527
27019808,-633.50,-959.50,-81.4125,-168.9930
27023714,-261.50,1251.50,-23.4442,-175.2438
27027620,-233.50,590.50,17.3625,-265.0192
27031526,-593.50,-2047.50,42.0617,-342.5878
27035432,-842.50,-2047.50,53.7641,-330.0494
27039338,-591.50,-1128.50,62.5897,-160.0834
27043244,-156.50,1247.50,90.5421,-94.0048
27047150,-5.50,1126.50,147.7644,-82.6946
27051056,-274.50,-1473.50,227.0408,-53.5249
27054962,-493.50,-2047.50,308.8645,-28.9803
27058868,-335.50,-1216.50,370.4544,49.2763
27062774,29.50,1406.50,394.6367,89.6990
27066680,223.50,1849.50,400.4710,211.1142
27070586,-41.50,-857.50,427.0202,362.5004
27074492,-330.50,-2047.50,470.2914,337.6560
27078398,-226.50,-1365.50,503.9014,236.0418
27082304,192.50,1253.50,524.1393,160.3430
27086210,343.50,2047.50,535.5475,245.6615
27090116,109.50,-413.50,540.2945,403.2934
27094022,-244.50,-2047.50,544.3289,393.9090
27097928,-192.50,-1518.50,547.1635,281.3045
27101834,208.50,1099.50,551.9483,209.7451
27105740,436.50,2047.50,563.4610,277.4655
27109646,222.50,60.50,575.0815,401.1686
27113552,-134.50,-2047.50,582.2357,399.1538
27117458,-134.50,-1688.50,587.4942,287.5560
27121364,217.50,897.50,591.3527,222.0227
27125270,481.50,2047.50,590.0085,289.8965
27129176,279.50,442.50,580.4394,391.7277
27133082,-85.50,-2024.50,566.0295,377.7620
27136988,-166.50,-1877.50,555.1603,250.8701
27140894,141.50,589.50,544.0137,182.9606
27144800,446.50,2047.50,528.3402,254.9365
27148706,293.50,794.50,512.0827,364.9871
27152612,-67.50,-1757.50,498.4236,391.4537
27156518,-207.50,-2012.50,491.1017,304.4512
27160424,95.50,286.50,486.4412,229.5020
27164330,412.50,2047.50,479.1109,265.7174
27168236,332.50,1075.50,467.5133,353.7005
27172142,-45.50,-1487.50,454.2648,384.2560
27176048,-209.50,-2047.50,446.8314,329.4114
27179954,48.50,-24.50,446.5341,277.3702
27183860,397.50,2047.50,445.3964,300.5977
27187766,373.50,1389.50,437.9720,379.1960
27191672,-26.50,-1221.50,421.6621,409.8517
27195578,-229.50,-2047.50,401.9555,357.2171
27199484,-41.50,-366.50,388.4881,303.7494
27203390,297.50,2047.50,371.2440,317.6130
27207296,373.50,1782.50,352.4285,424.5297
27211202,45.50,-925.50,352.6746,489.5832
27215108,-306.50,-2047.50,351.5048,418.4918
27219014,-177.50,-719.50,317.1648,318.7548
27222920,199.50,2047.50,270.1751,314.2659
27226826,297.50,2047.50,242.5129,452.0958
27230732,-40.50,-639.50,231.0759,528.4276
27234638,-350.50,-2047.50,221.1219,425.2594
27238544,-255.50,-1074.50,209.7319,291.0824
27242450,126.50,1973.50,198.8024,281.4878
27246356,274.50,2047.50,190.2695,418.7276
27250266,-14.50,-277.50,183.5790,467.5899
27254172,-365.50,-2047.50,174.7282,366.8449
27258078,-277.50,-1332.50,169.9805,258.8610
27261984,80.50,1438.50,173.9794,209.8309
27265890,279.50,2047.50,174.8244,248.1492
27269796,19.50,15.50,165.9826,276.4334
27273702,-337.50,-2047.50,153.3238,243.3041
27277608,-386.50,-1615.50,137.0788,184.5297
27281514,-6.50,1010.50,117.8039,134.4884
27285420,249.50,2047.50,109.6798,139.6386
27289326,34.50,304.50,110.9714,164.7904
27293232,-336.50,-2047.50,107.8005,152.3703
27297138,-396.50,-1858.50,103.0253,100.2059
27301044,-116.50,567.50,91.0802,49.0528
27304950,118.50,2047.50,56.7756,46.1856
27308856,-66.50,501.50,6.5639,71.7021
27312762,-529.50,-2047.50,-49.1536,45.7935
27316668,-742.50,-2047.50,-118.2095,-16.0408
27320574,-526.50,-69.50,-203.5546,-74.7117
27324480,-283.50,2047.50,-292.0285,-102.8523
27328386,-485.50,423.50,-378.1625,-93.3517
27332292,-943.50,-2047.50,-464.9865,-164.8043
27336198,-1124.50,-2047.50,-535.1472,-195.6830
27340104,-934.50,-736.50,-579.4091,-163.3067
27344010,-646.50,1277.50,-620.3402,-312.0861
27347916,-665.50,310.50,-655.9805,-527.3880
27351822,-1007.50,-2047.50,-659.0488,-619.5527
27355728,-1231.50,-2047.50,-635.5731,-461.4117
27359634,-952.50,-1042.50,-604.4212,-201.6394
27363540,-575.50,1203.50,-566.8235,-226.2354
27367446,-512.50,703.50,-526.4853,-396.6838
27371352,-824.50,-1979.50,-484.3087,-507.7643
27375258,-1036.50,-2047.50,-436.9463,-439.3808
27379164,-796.50,-1267.50,-382.7896,-202.5652
27383070,-383.50,1119.50,-324.1492,-166.6657
27386976,-320.50,1071.50,-279.3891,-272.9924
27390882,-673.50,-1488.50,-266.5796,-323.6433
27394788,-964.50,-2047.50,-275.7558,-249.1236
27398694,-820.50,-1493.50,-280.1221,-79.2548
27402600,-452.50,917.50,-273.2576,-105.4422
27406506,-288.50,1359.50,-261.1076,-219.0999
27410412,-593.50,-1170.50,-244.5442,-246.0229
27414318,-914.50,-2047.50,-230.8442,-185.0008
27418224,-822.50,-1678.50,-219.9583,-46.1118
27422130,-382.50,743.50,-196.6789,-57.6121
27426036,-164.50,1805.50,-154.2135,-100.7883
27429942,-382.50,-667.50,-104.7667,-31.6077
27433848,-713.50,-2047.50,-61.7705,19.3346
27437754,-676.50,-1784.50,-29.7689,55.9414
27441660,-280.50,651.50,-5.4792,23.5360
27445566,14.50,2047.50,24.9521,29.6937
27449472,-112.50,-46.50,76.9004,152.8902
27453378,-416.50,-2047.50,148.6581,200.5872
27457284,-466.50,-1881.50,211.0115,149.8688
27461190,-79.50,533.50,243.4434,87.2310
27465096,236.50,2047.50,265.1400,107.3516
27469002,125.50,414.50,296.2957,210.7301
27472908,-224.50,-2047.50,333.8097,227.2639
27476814,-277.50,-1970.50,370.3605,141.2199
27480720,59.50,368.50,402.5123,105.7838
27484626,382.50,2047.50,424.8357,172.1932
27488532,270.50,822.50,432.3723,271.4883
27492438,-97.50,-1801.50,429.6053,285.6060
27496344,-272.50,-2047.50,421.7018,206.0071
27500250,17.50,31.50,409.5502,153.9458
27504156,295.50,2047.50,389.3052,184.6108
27508062,237.50,1086.50,356.8236,262.5993
27511968,-145.50,-1593.50,325.7438,267.9438
27515874,-354.50,-2047.50,306.5453,202.6673
27519780,-104.50,-344.50,296.6336,174.3916
27523686,241.50,2047.50,291.8137,198.8555
27527592,217.50,1347.50,280.4953,273.9444
27531498,-224.50,-1397.50,246.9729,268.3220
27535404,-543.50,-2047.50,184.2893,186.6096
27539310,-431.50,-850.50,103.8014,140.5976
27543216,-140.50,1837.50,18.8004,108.6414
27547122,-130.50,1425.50,-60.7755,139.3821
27551028,-461.50,-1348.50,-115.3909,107.4287
27554934,-865.50,-2047.50,-153.1132,27.9272
27558840,-748.50,-1310.50,-202.1208,31.4673
27562746,-320.50,1191.50,-238.0754,-45.3651
27566652,-156.50,1535.50,-226.1123,-116.5011
27570558,-424.50,-1071.50,-181.1531,-102.5993
27574464,-793.50,-2047.50,-144.8466,-52.2241
27578370,-687.50,-1517.50,-137.4185,38.2345
27582276,-346.50,963.50,-146.0558,2.1743
27586182,-210.50,1929.50,-167.0654,-33.7379
27590088,-477.50,-719.50,-194.4019,25.3707
27593994,-751.50,-2047.50,-196.3675,44.5911
27597900,-668.50,-1724.50,-154.9345,58.4590
27601806,-228.50,723.50,-87.9079,4.7282
27605712,-56.50,2047.50,-34.7365,-19.8770
27609618,-296.50,-297.50,-25.7604,56.4620
27613524,-703.50,-2047.50,-50.7070,77.2931
27617430,-736.50,-1900.50,-82.1687,61.9059
27621336,-316.50,423.50,-91.5596,0.4420
27625242,-42.50,2047.50,-66.7549,-29.7761
27629148,-222.50,6.50,-35.6718,26.1475
27633054,-607.50,-2047.50,-21.7612,24.9076
27636960,-710.50,-2047.50,-24.5936,-0.0294
27640866,-377.50,119.50,-36.1883,-25.7652
27644772,-20.50,2047.50,-35.5263,-24.4824
27648678,-76.50,457.50,-2.3532,54.4790
27652584,-456.50,-2047.50,49.2473,56.8245
27656490,-554.50,-2047.50,90.9652,4.5142
27660396,-175.50,-15.50,130.0501,26.3269
27664302,235.50,2047.50,186.8685,92.3832
27668208,176.50,947.50,246.8641,177.2832
27672114,-163.50,-1713.50,288.0704,189.4762
27676020,-289.50,-2047.50,322.3521,142.1828
27679926,25.50,-128.50,366.6522,163.8527
27683832,426.50,2047.50,414.4137,229.8729
27687738,405.50,1436.50,446.7637,308.4931
27691644,91.50,-1181.50,463.2038,355.9896
27695550,-104.50,-2047.50,485.3759,338.8424
27699456,112.50,-326.50,511.7516,316.9156
27703362,503.50,2047.50,524.6504,328.5846
27707268,566.50,1892.50,527.6383,407.2282
27711174,240.50,-748.50,533.4240,486.9038
27715080,-30.50,-2047.50,542.5786,462.6719
27718986,122.50,-548.50,544.6190,391.0007
27722892,540.50,2047.50,539.9465,385.1077
27726798,624.50,2047.50,536.1083,457.9820
27730704,329.50,-328.50,532.8559,506.3391
27734610,-9.50,-2047.50,527.8157,468.5217
27738516,96.50,-799.50,515.3899,393.8562
27742422,471.50,2047.50,496.0919,409.7154
27746328,611.50,2047.50,474.5520,490.2441
27750234,283.50,10.50,447.0119,473.6810
27754140,-65.50,-2034.50,414.0777,394.7263
27758046,-24.50,-1101.50,386.5250,325.9314
27761952,339.50,2047.50,365.7795,387.3188
27765858,538.50,2047.50,346.5529,516.8923
27769764,272.50,271.50,327.5315,455.1415
27773670,-128.50,-1979.50,303.3764,312.7100
27777576,-146.50,-1452.50,273.3679,226.5683
27781482,180.50,1422.50,241.6105,226.2350
27785388,391.50,2047.50,205.0389,274.4694
27789294,176.50,507.50,165.9961,237.3965
27793200,-206.50,-1908.50,137.1988,179.7453
27797106,-303.50,-1736.50,118.2677,140.9449
27801012,-15.50,832.50,90.9137,111.8484
27804918,260.50,2047.50,52.0238,101.0208
27808824,166.50,752.50,29.6317,84.1910
27812730,-206.50,-1784.50,40.5565,86.1084
27816636,-433.50,-1985.50,44.6211,73.0797
27820542,-207.50,336.50,-3.4091,26.5099
27824448,53.50,2047.50,-85.8672,-6.4888
27828354,-143.50,905.50,-173.6534,-11.6538
27832260,-556.50,-1762.50,-256.1059,-27.4618
27836166,-760.50,-2047.50,-314.4825,-47.7840
27840072,-512.50,-80.50,-344.6383,-37.5861
27843978,-169.50,2047.50,-358.1720,-25.3592
27847884,-192.50,1181.50,-360.5414,-5.3798
27851790,-584.50,-1496.50,-358.3627,-8.4861
27855696,-752.50,-2047.50,-350.5369,-17.7977
27859602,-421.50,-316.50,-311.9515,23.8118
27863508,-22.50,2047.50,-241.3167,61.4047
27867414,69.50,1713.50,-171.1941,121.1200
27871320,-207.50,-959.50,-107.1364,190.8028
27875226,-394.50,-2047.50,-37.3671,198.5343
27879132,-146.50,-456.50,36.1978,182.4090
27883038,255.50,2047.50,99.4409,185.3083
27886944,431.50,2047.50,150.5853,239.7103
27890850,203.50,-304.50,213.8731,333.5830
27894756,-60.50,-1963.50,288.5542,384.8424
27898662,147.50,-527.50,353.8051,365.5407
27902568,601.50,2047.50,414.1091,353.7584
27906474,747.50,2047.50,466.3876,343.9184
27910380,441.50,143.50,488.9207,323.1462
27914286,177.50,-1743.50,492.5936,374.9146
27918192,247.50,-676.50,503.4634,441.2428
27922098,639.50,2047.50,514.5959,484.9098
27926004,828.50,2047.50,515.9732,450.3622
27929910,535.50,433.50,504.6994,316.1424
27933816,171.50,-1641.50,478.4309,291.4425
27937722,179.50,-929.50,449.7798,367.9941
27941628,511.50,2047.50,423.5049,478.3986
27945534,742.50,2047.50,395.9547,505.3569
27949440,509.50,739.50,371.0489,334.6401
27953346,123.50,-1525.50,348.3805,245.8389
27957252,48.50,-1231.50,322.5502,292.5735
27961158,368.50,1712.50,290.4288,378.3221
27965064,622.50,2047.50,255.9127,399.0834
27968970,469.50,976.50,229.7294,239.8021
27972876,84.50,-1385.50,217.3881,161.1188
27976782,-16.50,-1487.50,211.9088,211.5190
27980688,250.50,1040.50,197.6388,238.0327
27984594,561.50,2047.50,170.3596,182.9708
27988500,433.50,1275.50,143.5154,74.6927
27992406,63.50,-1224.50,126.2993,94.5518
27996312,-113.50,-1726.50,115.4195,163.0269
28000218,141.50,605.50,99.3383,152.7958
28004124,470.50,2047.50,75.9699,86.9239
28008030,379.50,1578.50,50.0204,27.9992
28011936,13.50,-1014.50,24.7347,85.2145
28015842,-207.50,-1914.50,6.7681,133.3440
28019748,17.50,181.50,-7.2283,79.1040
28023654,369.50,2047.50,-21.7716,11.8151
28027560,349.50,1847.50,-37.2963,7.2955
28031466,-24.50,-793.50,-56.4195,86.9938
28035372,-284.50,-2008.50,-76.6487,107.5615
28039278,-103.50,-213.50,-93.7750,27.7126
28043184,271.50,2047.50,-105.4634,-24.8485
28047090,323.50,2047.50,-111.9656,15.0179
28050996,-2.50,-512.50,-114.9704,96.3433
28054902,-291.50,-2047.50,-114.8344,89.1523
28058808,-162.50,-591.50,-116.2057,-8.1368
28062714,208.50,2047.50,-123.5572,-42.7081
28066620,321.50,2047.50,-133.2424,16.5430
28070526,20.50,-197.50,-139.2443,53.8744
28074432,-338.50,-2047.50,-146.7694,23.6388
28078338,-254.50,-956.50,-162.6201,-56.6798
28082244,124.50,2047.50,-176.8183,-53.0708
28086150,285.50,2047.50,-182.5376,43.9114
28090056,35.50,74.50,-182.0965,36.9452
28093962,-365.50,-2047.50,-184.9554,-48.3377
28097868,-335.50,-1263.50,-201.0044,-129.6901
28101774,48.50,1766.50,-214.8735,-112.0965
28105680,219.50,2047.50,-221.2586,-18.8303
28109586,53.50,382.50,-224.6869,-36.6617
28113492,-290.50,-1904.50,-209.2663,-93.3721
28117398,-357.50,-1566.50,-188.8361,-138.9711
28121304,-24.50,1202.50,-192.5232,-172.5350
28125210,256.50,2047.50,-206.8434,-170.8027
28129116,80.50,635.50,-209.9085,-188.6097
28133022,-303.50,-1786.50,-206.8826,-181.3340
28136928,-360.50,-1764.50,-201.9613,-172.8880
28140834,-47.50,821.50,-192.6929,-184.6111
28144740,269.50,2047.50,-183.5631,-195.0325
28148646,141.50,957.50,-176.9089,-212.6954
28152552,-242.50,-1566.50,-174.8398,-180.5855
28156458,-394.50,-1962.50,-179.2457,-158.4404
28160364,-101.50,416.50,-186.0857,-192.2804
28164270,229.50,2047.50,-189.1908,-226.2781
28168176,147.50,1238.50,-190.7178,-229.7300
28172082,-213.50,-1352.50,-192.9433,-181.7929
28175988,-406.50,-2047.50,-191.4291,-152.6256
28179894,-174.50,99.50,-191.2618,-170.3440
28183800,183.50,2047.50,-196.5689,-187.1758
28187706,181.50,1589.50,-199.0532,-168.0369
28191612,-185.50,-1096.50,-196.0644,-115.3758
28195518,-427.50,-2047.50,-194.4819,-102.0954
28199424,-228.50,-306.50,-197.1011,-139.5272
28203330,146.50,2047.50,-199.7870,-170.0906
28207236,176.50,1941.50,-201.9453,-117.8920
28211142,-177.50,-796.50,-208.5828,-33.5274
28215048,-440.50,-2047.50,-215.3781,-39.8007
28218954,-284.50,-646.50,-213.7642,-108.6408
28222860,76.50,2047.50,-210.4564,-137.3145
28226766,215.50,2047.50,-207.3264,-73.8480
28230672,-105.50,-444.50,-197.0928,-19.5933
28234578,-420.50,-2047.50,-188.2890,-46.4390
28238484,-283.50,-964.50,-181.1383,-110.3171
28242390,114.50,2047.50,-163.7892,-107.8025
28246296,289.50,2047.50,-139.8582,-23.0647
28250202,16.50,-89.50,-119.4823,-18.4634
28254108,-323.50,-2047.50,-107.9759,-82.0697
28258014,-298.50,-1231.50,-108.0117,-137.0325
28261920,61.50,1875.50,-119.0431,-108.0833
28265826,238.50,2047.50,-136.8402,-17.7280
28269732,-14.50,208.50,-157.6191,-52.8566
28273638,-395.50,-2047.50,-177.5992,-145.5073
28277544,-404.50,-1558.50,-191.6246,-209.1625
28281450,-33.50,1209.50,-194.0030,-238.4567
28285356,175.50,2047.50,-192.6542,-229.6087
28289266,-18.50,481.50,-201.5511,-237.1518
28293172,-398.50,-1967.50,-213.6857,-234.3020
28297078,-481.50,-1792.50,-221.6003,-240.4713
28300984,-147.50,790.50,-228.1046,-260.7080
28304890,161.50,2047.50,-227.4044,-272.6185
28308796,16.50,741.50,-217.7947,-286.1205
28312702,-372.50,-1823.50,-210.5390,-273.3364
28316608,-488.50,-1996.50,-209.2527,-267.1477
28320514,-176.50,374.50,-206.5211,-284.2496
28324420,142.50,2047.50,-200.4660,-300.5414
28328326,61.50,1023.50,-195.0891,-298.0584
28332232,-329.50,-1594.50,-192.6645,-265.4269
28336138,-512.50,-2047.50,-195.2580,-234.8334
28340044,-239.50,48.50,-199.4968,-223.5943
28343950,151.50,2047.50,-192.0311,-235.4035
28347856,105.50,1349.50,-173.5234,-234.2399
28351762,-258.50,-1321.50,-161.1503,-205.7012
28355668,-475.50,-2047.50,-156.4430,-177.4320
28359574,-266.50,-303.50,-154.6356,-163.7047
28363480,126.50,2047.50,-153.3404,-178.2741
28367386,133.50,1706.50,-149.9382,-156.3244
28371292,-208.50,-1008.50,-148.2819,-110.5405
28375198,-458.50,-2047.50,-143.9375,-100.8088
28379104,-291.50,-634.50,-134.9170,-114.1341
28383010,100.50,2047.50,-127.8619,-128.7833
28386916,179.50,2047.50,-123.2632,-65.0835
28390822,-113.50,-655.50,-115.3431,4.0639
28394728,-431.50,-2047.50,-103.2378,-18.9065
28398634,-297.50,-961.50,-94.8410,-81.3979
28402540,65.50,2047.50,-93.7512,-95.8579
28406446,183.50,2047.50,-102.1729,-22.6579
28410352,-97.50,-340.50,-114.1574,-11.2307
28414258,-434.50,-2047.50,-118.0492,-73.3617
28418164,-389.50,-1295.50,-119.3953,-123.5891
28422070,-4.50,1675.50,-124.4921,-147.3323
28425976,148.50,2047.50,-132.5857,-117.1069
28429882,-96.50,-57.50,-143.8863,-126.4433
28433788,-445.50,-2047.50,-149.1991,-163.0136
28437694,-440.50,-1551.50,-145.3211,-174.5177
28441600,-56.50,1196.50,-137.6391,-194.4426
28445506,158.50,2047.50,-130.1300,-208.9880
28449412,-77.50,256.50,-134.0851,-226.6097
28453318,-478.50,-2047.50,-153.7140,-231.1390
28457224,-536.50,-1809.50,-177.8492,-230.2674
28461130,-209.50,720.50,-196.4162,-257.9483
28465036,64.50,2047.50,-207.2167,-290.2219
28468942,-115.50,511.50,-213.8907,-300.1591
28472848,-521.50,-2047.50,-224.1343,-299.9488
28476754,-636.50,-2004.50,-239.2078,-306.5131
28480660,-336.50,304.50,-253.5551,-312.6218
28484566,-76.50,2047.50,-271.4172,-319.2106
28488472,-216.50,723.50,-300.4776,-319.1183
28492378,-633.50,-2005.50,-334.4302,-346.8617
28496284,-830.50,-2047.50,-366.7144,-363.0675
28500190,-600.50,-225.50,-401.0328,-337.9368
28504096,-316.50,2047.50,-441.2698,-342.5402
28508002,-365.50,886.50,-477.4893,-344.3109
28511908,-762.50,-1897.50,-495.6778,-390.4409
28515814,-927.50,-2047.50,-492.9174,-407.3121
28519720,-719.50,-623.50,-477.6378,-327.9079
28523626,-356.50,2001.50,-467.1601,-303.3067
28527532,-394.50,1106.50,-470.3043,-304.6844
28531438,-762.50,-1704.50,-484.1048,-372.0750
28535344,-975.50,-2047.50,-489.9347,-405.0711
28539250,-746.50,-955.50,-468.6832,-302.1309
28543156,-319.50,1728.50,-423.7382,-284.2763
28547062,-250.50,1521.50,-373.3778,-292.4893
28550968,-563.50,-1263.50,-334.7686,-282.2699
28554874,-798.50,-2047.50,-302.1359,-256.2723
28558780,-606.50,-1182.50,-259.8822,-177.0668
28562686,-184.50,1561.50,-209.3296,-194.7196
28566592,-48.50,2021.50,-162.5779,-181.2241
28570498,-287.50,-761.50,-119.5209,-90.2977
28574404,-545.50,-2047.50,-67.4618,-56.1131
28578310,-463.50,-1372.50,-16.9190,-56.5839
28582216,-106.50,1364.50,4.1495,-121.7545
28586122,97.50,2047.50,3.8665,-150.5305
28590028,-140.50,-364.50,14.4554,-108.5533
28593934,-447.50,-2047.50,43.0435,-76.6225
28597840,-394.50,-1569.50,76.8418,-54.2936
28601746,-1.50,1106.50,106.1486,-90.2970
28605652,251.50,2047.50,133.3552,-127.7229
28609558,73.50,55.50,166.3585,-114.8740
28613464,-306.50,-2047.50,196.0976,-85.5807
28617370,-352.50,-1761.50,202.1367,-65.4226
28621276,23.50,832.50,192.2641,-83.9765
28625182,302.50,2047.50,193.1318,-108.4745
28629088,175.50,447.50,213.1111,-103.3620
28632994,-204.50,-2047.50,240.1952,-90.2053
28636900,-317.50,-1923.50,250.1978,-96.3569
28640806,23.50,511.50,240.2503,-102.5152
28644712,315.50,2047.50,230.8058,-100.7988
28648618,181.50,790.50,224.3108,-87.6841
28652524,-202.50,-1833.50,214.5813,-64.6229
28656430,-294.50,-2047.50,212.8486,-59.4895
28660336,-40.50,208.50,220.4237,-57.3207
28664242,289.50,2047.50,218.8021,-55.7210
28668148,214.50,1070.50,207.4889,-52.6744
28672054,-156.50,-1594.50,197.8603,-46.6789
28675960,-333.50,-2047.50,194.4548,-30.4763
28679866,-80.50,-124.50,196.8992,3.6875
28683772,283.50,2047.50,201.7073,10.4667
28687678,299.50,1403.50,210.8570,13.5471
28691584,-113.50,-1292.50,215.2478,21.1112
28695490,-368.50,-2047.50,197.5218,31.9757
28699396,-155.50,-456.50,170.7048,58.8431
28703302,228.50,2047.50,159.3819,62.9671
28707208,286.50,1766.50,164.8667,94.7105
28711114,-79.50,-975.50,171.0244,121.2015
28715020,-357.50,-2047.50,165.7440,103.9151
28718926,-216.50,-819.50,153.2511,86.4078
28722832,167.50,2047.50,141.3058,82.2646
28726738,258.50,2047.50,132.6542,158.3877
28730644,-46.50,-610.50,127.7534,209.2383
28734550,-356.50,-2047.50,127.5705,163.8689
28738456,-265.50,-1144.50,127.8572,102.5791
28742362,130.50,1936.50,125.7987,84.7380
28746268,263.50,2047.50,122.6438,151.5762
28750174,-16.50,-293.50,115.1975,157.3279
28754080,-362.50,-2047.50,105.9714,94.5402
28757986,-346.50,-1393.50,94.6969,62.2730
28761892,31.50,1418.50,79.2672,33.4745
28765798,240.50,2047.50,69.5507,24.1278
28769704,34.50,22.50,74.0719,9.0882
28773610,-352.50,-2047.50,84.7106,-0.5346
28777516,-388.50,-1648.50,81.8990,7.8154
28781422,-21.50,1002.50,66.8994,-12.1861
28785328,240.50,2047.50,59.5969,-43.3122
28789234,55.50,354.50,63.6842,-60.8463
28793140,-344.50,-2047.50,65.8855,-56.3902
28797046,-417.50,-1849.50,58.3723,-48.3777
28800952,-84.50,688.50,48.3567,-43.8789
28804858,205.50,2047.50,42.8151,-46.7293
28808764,80.50,713.50,42.3737,-53.8202
28812670,-306.50,-1877.50,45.7414,-40.4813
28816576,-433.50,-2015.50,47.8649,-32.2209
28820482,-111.50,311.50,49.9129,-38.5884
28824388,192.50,2047.50,52.6860,-53.5268
28828294,113.50,1008.50,49.6606,-56.4738
28832200,-256.50,-1660.50,46.1057,-36.1644
28836106,-431.50,-2047.50,48.7658,-10.5026
28840012,-175.50,-24.50,51.3736,12.1714
28843918,162.50,2047.50,47.1880,2.5186
28847824,135.50,1296.50,37.9840,-8.3301
28851730,-252.50,-1406.50,27.7942,-4.5544
28855636,-465.50,-2047.50,19.3490,15.0801
28859542,-256.50,-367.50,15.4319,51.5768
28863448,126.50,2047.50,15.4521,52.1834
28867354,162.50,1648.50,19.6235,66.0825
28871260,-201.50,-1091.50,23.4172,84.4280
28875166,-457.50,-2047.50,22.6487,82.6684
28879072,-286.50,-714.50,22.6720,87.7644
28882978,112.50,2047.50,27.4103,84.4684
28886884,158.50,2046.50,28.8674,152.7497
28890790,-156.50,-756.50,19.6162,211.2195
28894696,-434.50,-2047.50,14.9558,169.3341
28898602,-318.50,-1071.50,23.7594,105.6899
28902508,42.50,1991.50,28.6335,83.0960
28906414,171.50,2047.50,19.6613,151.2250
28910320,-139.50,-431.50,3.5012,166.6459
28914226,-462.50,-2047.50,-9.9980,105.3917
28918132,-403.50,-1355.50,-14.8395,68.2988
28922038,-20.50,1506.50,-13.8907,29.4807
28925944,169.50,2047.50,-10.9748,22.1649
28929850,-83.50,-111.50,-8.1964,16.3700
28933756,-431.50,-2047.50,-6.0663,9.3874
28937662,-428.50,-1598.50,-3.7975,22.0248
28941568,-50.50,1088.50,-1.2397,-3.8912
28945474,179.50,2047.50,2.5433,-42.9757
28949380,-4.50,211.50,8.3406,-64.3810
28953286,-399.50,-2047.50,13.4167,-58.2270
28957192,-433.50,-1824.50,13.5437,-39.3453
28961098,-74.50,733.50,15.9458,-46.6663
28965004,222.50,2047.50,27.8728,-71.3133
28968910,67.50,558.50,42.8416,-83.7054
28972816,-310.50,-1983.50,52.4195,-75.3720
28976722,-415.50,-1977.50,55.4435,-65.5918
28980628,-129.50,395.50,49.9230,-57.9999
28984534,186.50,2047.50,36.4652,-63.5835
28988440,81.50,885.50,25.5651,-68.6616
28992346,-320.50,-1769.50,18.4935,-55.9971
28996252,-493.50,-2047.50,7.3020,-35.8226
29000158,-228.50,60.50,-7.9508,-12.6355
29004064,105.50,2047.50,-22.1119,-18.6095
29007970,93.50,1184.50,-25.8739,-29.4088
29011876,-340.50,-1520.50,-24.7723,-26.9214
29015782,-530.50,-2047.50,-34.0757,-4.6211
29019688,-284.50,-278.50,-41.0584,37.3744
29023594,81.50,2047.50,-36.0563,37.9307
29027500,70.50,1497.50,-33.4037,35.3893
29031406,-293.50,-1251.50,-40.4129,31.6171
29035312,-553.50,-2047.50,-50.3149,31.1256
29039218,-369.50,-655.50,-57.5452,57.3607
29043124,19.50,2047.50,-60.2650,60.2880
29047030,83.50,1841.50,-57.9321,102.7587
29050936,-250.50,-932.50,-54.4134,127.9894
29054842,-538.50,-2047.50,-51.1836,96.3386
29058748,-388.50,-980.50,-45.5531,80.4039
29062654,-2.50,2047.50,-37.9109,88.9408
29066560,119.50,2047.50,-32.4333,171.4138
29070466,-166.50,-548.50,-27.3344,199.4819
29074372,-470.50,-2047.50,-15.3967,136.7682
29078278,-381.50,-1266.50,1.5006,90.5867
29082184,-2.50,1667.50,12.9559,57.0717
29086090,179.50,2047.50,16.7186,70.9531
29089996,-97.50,-198.50,16.7549,73.0437
29093902,-426.50,-2047.50,17.4446,56.0639
29097808,-389.50,-1496.50,24.9298,59.9507
29101714,-29.50,1261.50,33.5345,36.6707
29105620,173.50,2047.50,31.2716,7.7122
29109526,-44.50,123.50,21.0435,-18.0944
29113432,-420.50,-2047.50,13.2751,-21.0026
29117338,-440.50,-1733.50,11.0661,-2.1329
29121244,-72.50,880.50,15.6568,-10.5004
29125150,167.50,2047.50,21.3160,-39.6911
29129056,-7.50,439.50,18.1088,-65.9269
29132962,-395.50,-2047.50,9.8431,-73.9656
29136868,-476.50,-1925.50,3.8357,-70.3044
29140774,-138.50,499.50,3.6643,-63.7659
29144680,170.50,2047.50,10.4271,-70.2188
29148586,30.50,759.50,15.8616,-78.8547
29152492,-350.50,-1841.50,13.6166,-67.8924
29156398,-512.50,-2047.50,5.4203,-48.6628
29160304,-213.50,142.50,-5.4206,-35.7199
29164210,115.50,2047.50,-12.4845,-49.6331
29168116,73.50,1072.50,-10.0639,-57.1934
29172022,-339.50,-1603.50,-4.6378,-43.7430
29175928,-544.50,-2047.50,-11.2279,-12.6073
29179834,-284.50,-187.50,-25.2717,25.4233
29183740,80.50,2047.50,-30.6479,16.0649
29187646,90.50,1412.50,-23.9720,10.2163
29191552,-273.50,-1339.50,-10.5949,18.0324
29195458,-512.50,-2047.50,-0.1005,30.7251
29199364,-289.50,-525.50,5.6653,61.6748
29203270,107.50,2047.50,14.7917,60.1915
29207176,147.50,1775.50,26.3095,89.8340
29211082,-201.50,-1014.50,31.0051,118.5481
29214988,-476.50,-2047.50,29.9153,102.7750
29218894,-324.50,-850.50,28.5652,94.6101
29222800,87.50,2047.50,30.9671,94.4030
29226706,141.50,2047.50,31.6699,164.9589
29230612,-174.50,-649.50,19.9065,205.0531
29234518,-512.50,-2047.50,2.5991,155.0663
29238424,-420.50,-1181.50,-13.0792,103.1296
29242330,-45.50,1751.50,-27.6592,60.6236
29246236,115.50,2047.50,-37.2472,78.7466
29250142,-148.50,-337.50,-36.1099,86.8120
29254048,-512.50,-2047.50,-28.9325,62.7395
29257954,-485.50,-1456.50,-31.0939,56.9240
29261860,-109.50,1297.50,-43.5918,14.7239
29265766,106.50,2047.50,-52.2813,-23.1348
29269672,-134.50,-40.50,-51.7094,-39.0358
29273578,-485.50,-2047.50,-45.2394,-33.6803
29277484,-488.50,-1724.50,-34.4745,-10.7325
29281390,-121.50,893.50,-23.3434,-39.6570
29285296,100.50,2047.50,-21.4657,-87.7178
29289202,-80.50,304.50,-30.1299,-99.3959
29293108,-445.50,-2047.50,-33.7113,-81.4429
29297014,-522.50,-1903.50,-27.9910,-60.5456
29300920,-184.50,562.50,-24.3997,-64.9543
29304826,122.50,2047.50,-22.1475,-88.6320
29308732,-36.50,622.50,-19.4269,-99.9914
29312638,-414.50,-1967.50,-20.6270,-98.9216
29316544,-527.50,-2047.50,-20.4320,-94.8966
29320450,-216.50,204.50,-14.6451,-84.1136
29324356,114.50,2047.50,-7.2458,-86.0318
29328266,38.50,912.50,-0.1095,-87.2633
29332172,-358.50,-1740.50,4.2406,-85.8532
29336078,-512.50,-2047.50,5.8187,-62.8647
29339984,-249.50,-90.50,9.4158,-10.6689
29343890,97.50,2047.50,11.7459,-0.7368
29347796,39.50,1247.50,4.8330,-11.8366
29351702,-335.50,-1468.50,-9.8075,-25.1820
29355608,-552.50,-2047.50,-20.4139,-13.3795
29359514,-339.50,-452.50,-23.4182,33.9853
29363420,20.50,2047.50,-27.3953,39.5198
29367326,81.50,1630.50,-28.4600,58.8306
29371232,-270.50,-1151.50,-17.8594,74.9427
29375138,-547.50,-2047.50,-7.0620,66.3781
29379044,-372.50,-783.50,-6.5655,76.4732
29382950,16.50,2047.50,-9.0702,77.5388
29386856,114.50,1984.50,-5.9796,142.8072
29390762,-220.50,-818.50,0.6847,184.3783
29394668,-512.50,-2047.50,5.5960,135.8875
29398574,-405.50,-1096.50,7.4921,94.6282
29402480,-22.50,1865.50,4.3503,72.9247
29406386,135.50,2047.50,2.0031,116.4295
29410292,-174.50,-437.50,4.3957,137.7164
29414198,-491.50,-2047.50,6.9870,104.3691
29418104,-440.50,-1364.50,9.2041,85.1347
29422010,-60.50,1426.50,8.1989,40.2571
29425916,144.50,2047.50,6.9635,12.3530
29429822,-127.50,-124.50,7.9136,3.5509
29433728,-469.50,-2047.50,7.7225,7.4818
29437634,-446.50,-1626.50,12.8208,27.7905
29441540,-56.50,1061.50,27.1357,2.2302
29445446,162.50,2047.50,40.4323,-38.2123
29449352,-14.50,202.50,47.0078,-58.7654
29453258,-414.50,-2047.50,50.6446,-53.1985
29457164,-432.50,-1829.50,53.0841,-31.4393
29461070,-90.50,749.50,58.3299,-28.1086
29464976,177.50,2047.50,61.7753,-43.5013
29468882,20.50,550.50,57.7503,-61.7867
29472788,-367.50,-1986.50,52.3433,-67.6967
29476694,-458.50,-2005.50,50.9096,-66.4638
29480600,-94.50,350.50,61.7063,-65.6173
29484506,144.50,2047.50,72.0120,-73.9282
29488412,16.50,817.50,53.8281,-82.5718
29492318,-364.50,-1777.50,22.5323,-80.7197
29496224,-493.50,-2047.50,10.9952,-54.3638
29500130,-203.50,29.50,20.7412,-13.2649
29504036,142.50,2047.50,35.1620,-12.6789
29507942,91.50,1136.50,43.6865,-29.7363
29511848,-317.50,-1537.50,41.2445,-41.8832
29515754,-543.50,-2047.50,23.7714,-21.0975
29519660,-269.50,-312.50,6.5498,31.9611
29523566,113.50,2047.50,10.0377,38.4424
29527472,99.50,1520.50,23.5870,44.2709
29531378,-244.50,-1241.50,30.7125,50.8021
29535284,-486.50,-2047.50,36.5563,50.8425
29539190,-301.50,-643.50,41.3649,74.7169
29543096,71.50,2047.50,38.0957,79.0956
29547002,145.50,1968.50,32.8007,139.7367
29550908,-200.50,-895.50,32.8837,194.7397
29554814,-512.50,-2047.50,30.5297,158.7895
29558720,-344.50,-969.50,24.3583,112.5024
29562626,62.50,2047.50,28.2687,104.1191
29566532,166.50,2047.50,39.5449,178.8569
29570438,-138.50,-545.50,44.6492,199.2921
29574344,-410.50,-2047.50,53.2247,133.6027
29578250,-392.50,-1277.50,62.3807,89.7510
29582156,-12.50,1553.50,48.4102,40.9284
29586062,192.50,2047.50,30.5789,27.2816
29589968,-125.50,-260.50,26.7964,22.8090
29593874,-462.50,-2047.50,21.0522,14.4460
29597780,-456.50,-1538.50,11.3001,31.8256
29601686,-82.50,1153.50,0.5641,5.1843
29605592,141.50,2047.50,-7.1380,-38.9323
29609498,-70.50,80.50,-5.0895,-59.8717
29613404,-416.50,-2047.50,7.7020,-50.4170
29617310,-476.50,-1784.50,19.4418,-24.2513
29621216,-111.50,791.50,17.3126,-40.5030
29625122,161.50,2047.50,12.4717,-79.7654
29629028,-25.50,406.50,12.9236,-97.6533
29632934,-427.50,-2047.50,9.0403,-95.6355
29636840,-529.50,-1977.50,-4.0885,-89.3286
29640746,-180.50,412.50,-16.3685,-93.2806
29644652,151.50,2047.50,-12.1177,-108.4304
29648558,10.50,713.50,2.4677,-109.8011
29652464,-367.50,-1909.50,10.2876,-104.5080
29656370,-600.50,-2047.50,-3.2199,-91.8921
29660276,-260.50,73.50,-34.0617,-65.7211
29664182,69.50,2047.50,-50.1088,-67.3458
29668088,16.50,983.50,-45.3317,-79.2441
29671994,-361.50,-1685.50,-34.4370,-94.1074
29675900,-569.50,-2047.50,-26.5739,-75.4488
29679806,-305.50,-272.50,-26.3817,-17.3158
29683712,58.50,2047.50,-27.4124,-9.6873
29687618,85.50,1295.50,-20.8338,-18.7024
29691524,-296.50,-1420.50,-6.9073,-39.7950
29695430,-552.50,-2047.50,-0.3279,-36.2676
29699336,-324.50,-622.50,-2.5043,17.0290
29703242,78.50,2047.50,2.5390,30.5521
29707148,143.50,1746.50,17.9038,73.9103
29711054,-173.50,-1057.50,38.6498,107.2345
29714960,-488.50,-2047.50,55.0064,87.4591
29718866,-340.50,-900.50,53.6307,82.7367
29722772,7.50,2047.50,34.1583,87.1641
29726678,114.50,2047.50,7.4604,166.9391
29730584,-220.50,-716.50,-13.2930,204.6331
29734490,-549.50,-2047.50,-25.3404,138.9714
29738396,-439.50,-1241.50,-30.3805,82.8182
29742302,-57.50,1518.50,-29.6040,7.0338
29746208,80.50,2047.50,-33.0225,-20.1850
29750114,-222.50,-430.50,-47.3440,0.7281
29754020,-577.50,-2047.50,-65.1993,13.9055
29757926,-512.50,-1509.50,-72.4919,34.6793
29761832,-144.50,1099.50,-68.3523,-21.2426
29765738,83.50,2047.50,-62.4130,-93.4731
29769644,-154.50,-109.50,-55.6862,-99.1213
29773550,-550.50,-2047.50,-52.9023,-65.4881
29777456,-548.50,-1755.50,-57.0689,-21.9308
29781362,-180.50,751.50,-58.0261,-55.0194
29785268,64.50,2047.50,-56.0132,-123.2038
29789174,-124.50,205.50,-57.2774,-137.2316
29793080,-493.50,-2047.50,-55.5995,-117.2854
29796986,-575.50,-1964.50,-49.3023,-88.8793
29800892,-216.50,407.50,-43.9216,-100.4815
29804798,74.50,2047.50,-38.9816,-138.2749
29808704,-56.50,511.50,-34.6763,-141.9540
29812610,-444.50,-2047.50,-30.3470,-148.6942
29816516,-584.50,-2047.50,-28.0212,-146.8070
29820422,-258.50,67.50,-28.5893,-118.2023
29824328,64.50,2047.50,-27.1345,-111.8825
29828234,-14.50,815.50,-25.0916,-108.1210
29832140,-373.50,-1849.50,-18.6306,-125.6322
29836046,-580.50,-2047.50,-9.0617,-118.6313
29839952,-292.50,-226.50,-6.3211,-52.8706
29843858,87.50,2047.50,-1.6236,-29.2708
29847764,49.50,1127.50,8.5353,-33.7682
29851670,-334.50,-1580.50,11.6911,-69.1219
29855576,-560.50,-2047.50,7.8500,-72.5448
29859482,-313.50,-559.50,8.6578,-3.5894
29863388,57.50,2047.50,16.2438,24.1428
29867294,95.50,1515.50,22.1857,50.6252
29871200,-280.50,-1250.50,22.0100,43.4822
29875106,-559.50,-2047.50,15.2840,19.7454
29879012,-367.50,-871.50,9.5064,49.2774
29882918,16.50,2047.50,10.8912,70.9435
29886824,110.50,1914.50,14.1769,148.6960
29890730,-225.50,-879.50,16.0710,182.8284
29894636,-544.50,-2047.50,15.1793,125.1552
29898542,-424.50,-1182.50,10.9071,87.7182
29902448,-37.50,1585.50,5.5414,23.7491
29906354,126.50,2047.50,4.1875,15.7949
29910260,-189.50,-557.50,7.3234,57.4223
29914166,-552.50,-2047.50,3.7910,66.8751
29918072,-452.50,-1445.50,-2.0777,72.4698
29921978,-51.50,1205.50,5.7414,9.0686
29925884,140.50,2047.50,19.9418,-50.7755
29929790,-95.50,-219.50,30.0878,-41.7058
29933696,-466.50,-2047.50,38.8802,-9.3213
29937602,-474.50,-1678.50,41.7568,28.0027
29941508,-130.50,853.50,30.3013,-12.7788
29945414,92.50,2047.50,6.7027,-82.3621
29949320,-92.50,115.50,-11.7165,-90.1821
29953226,-475.50,-2047.50,-11.4196,-62.6633
29957132,-538.50,-1894.50,-4.3368,-31.2683
29961038,-175.50,501.50,-2.0626,-54.6510
29964944,101.50,2047.50,-1.7736,-105.9893
29968850,-47.50,400.50,-1.8210,-114.0987
29972756,-436.50,-2047.50,0.0116,-113.6126
29976662,-561.50,-2045.50,0.9746,-107.1212
29980568,-221.50,208.50,-0.5693,-89.0521
29984474,98.50,2047.50,1.5798,-83.8401
29988380,-8.50,709.50,4.4590,-78.6135
29992286,-418.50,-1960.50,0.7586,-109.4616
29996192,-585.50,-2047.50,-8.7809,-121.5946
30000098,-271.50,-156.50,-12.3018,-68.3017
30004004,83.50,2047.50,-2.7062,-42.2787
30007910,38.50,1011.50,8.8280,-37.9054
30011816,-333.50,-1685.50,15.9514,-67.8738
30015722,-526.50,-2047.50,25.4051,-70.5758
30019628,-271.50,-450.50,39.9309,1.6571
30023534,87.50,2047.50,50.3599,34.3989
30027440,101.50,1344.50,49.6906,45.7432
30031346,-218.50,-1361.50,52.8825,16.7271
30035252,-448.50,-2047.50,75.1433,-0.0277
30039158,-274.50,-767.50,99.7606,53.1514
30043064,112.50,2047.50,105.8100,83.7548
30046970,144.50,1712.50,93.7907,134.7099
30050876,-197.50,-1005.50,72.9168,135.6337
30054782,-512.50,-2047.50,54.0383,90.5803
30058688,-374.50,-1062.50,41.1168,94.2169
30062594,9.50,1818.50,32.6408,85.5180
30066500,135.50,2047.50,27.9635,135.2446
30070406,-176.50,-653.50,26.0370,177.5612
30074312,-520.50,-2047.50,23.0356,140.2663
30078218,-440.50,-1345.50,16.1026,108.9700
30082124,-48.50,1339.50,9.5827,38.7140
30086030,119.50,2047.50,6.0725,-3.5778
30089936,-136.50,-306.50,5.3141,19.4837
30093842,-479.50,-2047.50,11.3339,49.0802
30097748,-425.50,-1572.50,26.4372,77.3973
30101654,-62.50,1023.50,41.8803,36.8538
30105560,176.50,2047.50,48.4398,-22.2142
30109466,-73.50,32.50,46.2547,-30.4481
30113372,-444.50,-2047.50,38.2671,-9.6971
30117278,-481.50,-1803.50,30.5803,17.9440
30121184,-125.50,658.50,25.7419,-9.3336
30125090,156.50,2047.50,24.4942,-62.0168
30128996,-44.50,327.50,24.2264,-73.2147
30132902,-429.50,-2047.50,18.6018,-68.3096
30136808,-525.50,-1985.50,10.9296,-57.9646
30140714,-189.50,282.50,5.8189,-63.0342
30144620,142.50,2047.50,8.2079,-87.3018
30148526,16.50,640.50,18.3972,-81.5610
30152432,-367.50,-2024.50,27.5368,-92.2187
30156338,-538.50,-2047.50,27.5953,-105.4673
30160244,-223.50,-30.50,20.0614,-70.1490
30164150,114.50,2047.50,16.0343,-47.4149
30168056,52.50,939.50,17.4904,-35.5223
30171962,-357.50,-1748.50,16.0575,-53.0499
30175868,-520.50,-2047.50,13.4423,-53.0408
30179774,-273.50,-346.50,17.2834,4.2319
30183680,98.50,2047.50,22.3955,23.8107
30187586,102.50,1245.50,26.2544,28.8563
30191492,-272.50,-1470.50,32.0309,0.6081
30195398,-524.50,-2047.50,34.2273,-11.4916
30199304,-312.50,-674.50,30.7645,44.1314
30203210,48.50,2047.50,23.2754,70.7200
30207116,123.50,1625.50,16.6311,113.6932
30211022,-219.50,-1112.50,20.5118,117.9577
30214928,-541.50,-2047.50,24.7109,85.0734
30218834,-382.50,-988.50,15.4961,92.9368
30222740,10.50,1936.50,3.9988,90.7496
30226646,138.50,1977.50,3.3412,155.8297
30230552,-178.50,-718.50,12.7168,204.8975
30234458,-512.50,-2047.50,20.6630,168.5784
30238364,-399.50,-1260.50,21.8813,131.4809
30242270,-20.50,1447.50,20.3278,53.0333
30246176,140.50,2047.50,15.9079,19.9799
30250082,-168.50,-425.50,6.5284,50.8409
30253988,-512.50,-2047.50,-4.8730,71.9423
30257894,-441.50,-1471.50,-5.9250,95.5454
30261800,-66.50,1118.50,4.3333,55.3400
30265706,144.50,2047.50,10.9095,-3.5328
30269612,-122.50,-76.50,5.9712,-11.4662
30273518,-477.50,-2047.50,-3.5681,9.4671
30277424,-517.50,-1736.50,-10.2140,37.9304
30281330,-158.50,785.50,-19.4718,7.9224
30285236,123.50,2047.50,-26.4881,-44.4029
30289142,-47.50,240.50,-18.0392,-53.8608
30293048,-417.50,-2047.50,2.2285,-44.0092
30296954,-512.50,-1910.50,16.8996,-25.8695
30300860,-122.50,464.50,23.2737,-25.1726
30304766,159.50,2047.50,32.3366,-46.0408
30308672,37.50,583.50,40.2792,-48.4845
30312578,-367.50,-2047.50,43.0041,-63.3912
30316484,-512.50,-2047.50,38.5723,-85.7146
30320390,-196.50,112.50,28.5065,-71.6461
30324296,123.50,2047.50,20.4073,-53.7768
30328202,42.50,881.50,14.3206,-35.1717
30332108,-358.50,-1797.50,9.1299,-41.1525
30336014,-525.50,-2047.50,6.8769,-40.3622
30339920,-285.50,-243.50,4.6115,-2.1592
30343826,99.50,2047.50,0.0136,2.6318
30347732,99.50,1185.50,4.8138,8.1589
30351638,-292.50,-1540.50,18.2347,-4.9103
30355544,-512.50,-2047.50,25.9669,-7.9098
30359450,-266.50,-574.50,32.2214,39.3835
30363356,92.50,2047.50,38.9748,52.8065
30367266,115.50,1501.50,35.3031,77.8349
30371172,-241.50,-1217.50,24.7825,72.1286
30375078,-524.50,-2047.50,17.2832,50.9139
30378984,-303.50,-857.50,20.4789,82.3135
30382890,-4.50,2047.50,22.1441,108.1381
30386796,106.50,1879.50,2.8841,181.9749
30390702,-204.50,-857.50,-12.5369,202.9291
30394608,-512.50,-2047.50,-6.1318,141.5269
30398514,-398.50,-1184.50,3.6071,106.9144
30402420,-38.50,1678.50,0.6727,63.0423
30406326,133.50,2047.50,-9.5641,84.3573
30410232,-82.50,-448.50,2.5745,135.8505
30414138,-559.50,-2047.50,18.9863,140.1213
30418044,-549.50,-1505.50,-15.0751,111.8683
30421950,-198.50,1105.50,-80.9648,-7.7502
30425856,14.50,2047.50,-125.7190,-93.8343
30429762,-254.50,-325.50,-139.6900,-82.3851
30433668,-662.50,-2047.50,-147.5169,-50.5070
30437574,-612.50,-1786.50,-154.7611,-13.4418
30441480,-303.50,608.50,-154.6992,-87.3792
30445386,-46.50,2047.50,-161.5742,-192.0708
30449292,-207.50,-66.50,-164.1672,-187.5004
30453198,-564.50,-2047.50,-143.3120,-143.1167
30457104,-591.50,-1970.50,-109.2261,-87.2654
30461010,-186.50,319.50,-68.9983,-104.2399
30464916,80.50,2047.50,-31.9296,-167.5990
30468822,-44.50,320.50,-13.2028,-158.0367
30472728,-394.50,-2047.50,0.3452,-138.4580
30476634,-485.50,-2047.50,24.5151,-114.4054
30480540,-181.50,81.50,46.6275,-89.8536
30484446,129.50,2047.50,51.6374,-97.0439
30488352,44.50,719.50,45.5348,-80.3979
30492258,-338.50,-1967.50,42.7609,-92.4556
30496164,-512.50,-2047.50,43.4339,-103.7671
30500070,-237.50,-191.50,41.5825,-51.3784
30503976,110.50,2047.50,38.2537,-21.0919
30507882,91.50,997.50,38.9667,-13.7591
30511788,-271.50,-1680.50,47.8895,-50.5841
30515694,-480.50,-2047.50,60.6397,-59.7548
30519600,-275.50,-512.50,65.0094,9.4210
30523506,74.50,2047.50,53.2528,40.8889
30527412,125.50,1355.50,39.6867,62.9502
30531318,-223.50,-1342.50,42.5692,43.8237
30535224,-458.50,-2047.50,58.1772,24.9970
30539130,-282.50,-767.50,74.1125,76.7516
30543036,80.50,2047.50,78.3489,114.1677
30546942,161.50,1775.50,70.4875,178.9542
30550848,-161.50,-972.50,64.0307,190.5116
30554754,-460.50,-2047.50,63.9441,135.8436
30558660,-334.50,-1078.50,64.8116,119.2465
30562566,33.50,1794.50,61.1527,99.9297
30566472,129.50,2047.50,47.0493,147.0992
30570378,-180.50,-646.50,23.2606,187.3451
30574284,-495.50,-2047.50,4.9682,146.9202
30578190,-402.50,-1393.50,5.2945,110.5552
30582096,-64.50,1342.50,10.9244,40.5569
30586002,151.50,2047.50,9.3815,9.5680
30589908,-123.50,-351.50,9.4450,28.6527
30593814,-527.50,-2047.50,1.2325,37.5720
30597720,-565.50,-1688.50,-32.1793,48.1615
30601626,-195.50,821.50,-74.3746,-31.7249
30605532,21.50,2047.50,-99.6274,-118.9527
30609438,-166.50,-100.50,-103.2755,-112.1057
30613344,-575.50,-2047.50,-99.1325,-74.7225
30617250,-598.50,-1915.50,-99.9350,-33.5637
30621156,-208.50,511.50,-92.9026,-64.8588
30625062,102.50,2047.50,-64.6168,-122.8235
30628968,-54.50,270.50,-30.0459,-111.6178
30632874,-422.50,-2047.50,-6.3432,-89.9231
30636780,-540.50,-2024.50,2.4008,-69.9174
30640686,-189.50,208.50,3.2220,-69.2011
30644592,133.50,2047.50,10.2472,-91.3869
30648498,17.50,631.50,20.9619,-77.3916
30652404,-385.50,-2047.50,21.8174,-89.9270
30656310,-554.50,-2047.50,10.7395,-107.9381
30660216,-264.50,-98.50,-2.9679,-67.9443
30664122,143.50,2047.50,1.0214,-41.1027
30668028,64.50,917.50,23.2155,-27.7760
30671934,-329.50,-1776.50,34.0335,-55.4242
30675840,-512.50,-2047.50,30.3909,-63.5847
30679746,-237.50,-367.50,35.8870,7.8159
30683652,110.50,2047.50,48.7778,46.7096
30687558,60.50,1260.50,43.0027,59.6003
30691464,-296.50,-1455.50,17.7355,27.4447
30695370,-544.50,-2047.50,0.3658,8.3061
30699276,-316.50,-729.50,2.8954,56.5669
30703182,74.50,2047.50,18.1433,78.3576
30707088,122.50,1551.50,31.0101,113.3771
30710994,-232.50,-1119.50,31.1386,98.1960
30714900,-464.50,-2047.50,33.1148,63.2514
30718806,-293.50,-1000.50,54.3378,93.9535
30722712,75.50,1955.50,77.0407,116.7328
30726618,146.50,2047.50,73.6475,205.6122
30730524,-160.50,-667.50,51.1816,269.9436
30734430,-462.50,-2047.50,38.7043,224.1531
30738336,-367.50,-1262.50,43.2921,164.6253
30742242,-1.50,1563.50,46.1659,95.7584
30746148,148.50,2047.50,36.6391,90.4727
30750054,-147.50,-337.50,20.2324,119.0576
30753960,-512.50,-2047.50,2.5735,122.5340
30757866,-420.50,-1517.50,-4.0747,120.8285
30761772,-70.50,1149.50,4.5345,62.3430
30765678,124.50,2047.50,6.6837,10.5402
30769584,-110.50,-15.50,-3.2774,12.6254
30773490,-512.50,-2047.50,-16.3929,36.5964
30777396,-482.50,-1746.50,-25.0470,58.9500
30781302,-127.50,768.50,-19.6475,19.9508
30785208,133.50,2047.50,-9.0395,-37.4198
30789114,-58.50,286.50,-3.5391,-45.9293
30793020,-469.50,-2047.50,-6.7655,-31.1184
30796926,-555.50,-1937.50,-22.1189,-17.2348
30800832,-242.50,400.50,-44.3280,-31.9489
30804738,78.50,2047.50,-59.7395,-64.7987
30808644,-20.50,573.50,-52.1509,-67.0414
30812550,-334.50,-2025.50,-14.9593,-75.2405
30816456,-523.50,-2047.50,24.2548,-84.3854
30820362,-344.50,43.50,8.4913,-66.5162
30824268,-46.50,2047.50,-64.3801,-60.7558
30828174,-108.50,886.50,-127.8447,-46.3839
30832080,-494.50,-1849.50,-146.9660,-58.6934
30835986,-661.50,-2047.50,-139.9750,-67.5566
30839892,-449.50,-280.50,-134.5882,-19.8247
30843798,-118.50,2047.50,-147.5902,0.0344
30847704,-47.50,1194.50,-153.8274,11.4616
30851610,-446.50,-1509.50,-132.8046,0.6776
30855516,-653.50,-2047.50,-111.9644,1.8635
30859422,-430.50,-578.50,-99.9885,54.1227
30863328,-40.50,2047.50,-85.1956,69.7502
30867234,58.50,1626.50,-60.2768,109.5212
30871140,-297.50,-1145.50,-28.7281,133.0053
30875046,-542.50,-2047.50,-6.4055,114.0986
30878952,-325.50,-817.50,15.7719,124.9309
30882858,32.50,2047.50,42.6582,141.3388
30886764,107.50,2030.50,50.6847,225.8947
30890670,-191.50,-710.50,41.3167,283.8563
30894576,-516.50,-2047.50,33.6629,236.4763
30898482,-373.50,-1150.50,33.8348,169.1561
30902388,14.50,1837.50,44.6196,121.6386
30906294,140.50,2047.50,54.3542,161.1458
30910200,-143.50,-413.50,50.8150,181.7469
30914106,-492.50,-2047.50,40.4938,141.9913
30918012,-436.50,-1424.50,31.0913,115.8040
30921918,-111.50,1302.50,17.7588,55.5957
30925824,97.50,2047.50,-1.8126,13.7530
30929730,-160.50,-111.50,-16.1692,13.1330
30933636,-512.50,-2047.50,-21.7508,29.1893
30937542,-512.50,-1669.50,-21.7681,52.8274
30941448,-139.50,946.50,-16.5925,21.0319
30945354,114.50,2047.50,-6.7207,-28.4305
30949260,-93.50,241.50,1.9980,-39.0253
30953166,-464.50,-2047.50,3.2034,-21.5001
30957072,-512.50,-1852.50,2.4841,-0.9969
30960978,-152.50,655.50,8.8988,-3.2372
30964884,85.50,2047.50,14.0792,-22.8990
30968790,-44.50,559.50,7.3666,-39.0008
30972696,-430.50,-2040.50,0.0816,-57.4692
30976602,-530.50,-2010.50,0.3046,-72.9102
30980508,-173.50,327.50,12.4761,-52.6208
30984414,147.50,2047.50,37.6241,-28.5067
30988320,-47.50,841.50,41.6299,-29.9743
30992226,-474.50,-1864.50,-1.2725,-60.1115
30996132,-605.50,-2047.50,-51.7541,-71.8223
31000038,-325.50,-122.50,-66.9255,-38.9271
31003944,-0.50,2047.50,-61.1282,-32.0048
31007850,-110.50,1073.50,-70.4477,-40.4933
31011756,-463.50,-1654.50,-96.4395,-74.6910
31015662,-623.50,-2047.50,-103.0792,-78.7892
31019568,-421.50,-518.50,-87.1583,-20.1004
31023474,-47.50,2047.50,-78.3642,-5.5024
31027380,-6.50,1479.50,-72.6887,22.4078
31031286,-336.50,-1259.50,-53.4294,43.5099
31035192,-604.50,-2047.50,-32.2035,45.8994
31039098,-437.50,-767.50,-29.3722,73.9580
31043004,-47.50,2047.50,-39.5526,78.0582
31046910,32.50,1901.50,-41.8739,140.4450
31050816,-303.50,-869.50,-34.4801,189.8260
31054722,-607.50,-2047.50,-30.8393,158.4268
31058628,-489.50,-1077.50,-37.8182,119.4478
31062534,-104.50,1835.50,-49.2683,74.2421
31066440,37.50,2047.50,-52.1649,107.7564
31070346,-255.50,-529.50,-42.7336,149.1740
31074252,-576.50,-2047.50,-30.2865,129.3315
31078158,-491.50,-1341.50,-21.6827,105.4822
31082064,-131.50,1424.50,-20.0813,44.8412
31085970,83.50,2047.50,-19.6469,11.4224
31089876,-175.50,-226.50,-9.2645,14.7652
31093782,-568.50,-2047.50,-3.2727,24.6868
31097688,-532.50,-1610.50,-13.1462,42.7848
31101594,-150.50,1023.50,-19.5868,-2.3246
31105500,59.50,2047.50,-16.4702,-60.3597
31109406,-157.50,159.50,-15.8793,-59.5411
31113312,-512.50,-2047.50,-15.6072,-21.6549
31117218,-564.50,-1801.50,-12.8553,6.6237
31121124,-209.50,703.50,-13.5779,-19.1954
31125030,79.50,2047.50,-11.8931,-66.5904
31128936,-88.50,453.50,-2.7537,-82.2890
31132842,-482.50,-2047.50,3.4166,-78.9436
31136748,-557.50,-1977.50,3.4946,-76.1297
31140654,-234.50,352.50,5.4833,-73.9459
31144560,73.50,2047.50,9.6405,-82.3045
31148466,-44.50,773.50,11.7579,-79.5101
31152372,-427.50,-1865.50,11.7939,-71.7788
31156278,-544.50,-2047.50,15.8916,-61.3031
31160184,-303.50,16.50,19.2977,-38.7131
31164090,48.50,2047.50,11.6678,-42.8542
31167996,-41.50,1011.50,-0.6176,-56.3481
31171902,-444.50,-1685.50,-16.8712,-83.9961
31175808,-620.50,-2047.50,-33.0921,-79.8893
31179714,-340.50,-329.50,-30.9976,-17.5716
31183620,41.50,2047.50,-8.8698,4.2102
31187526,64.50,1360.50,20.1129,10.6041
31191432,-306.50,-1381.50,43.1668,-4.9074
31195338,-542.50,-2047.50,52.7358,-12.6198
31199244,-335.50,-639.50,53.7556,34.4956
31203150,19.50,2047.50,50.1318,57.4384
31207056,35.50,1763.50,35.0066,104.0176
31210962,-292.50,-1071.50,14.6238,114.5262
31214868,-568.50,-2047.50,6.7785,67.5963
31218774,-418.50,-953.50,10.4490,62.5028
31222680,-63.50,2047.50,9.1433,86.6562
31226586,38.50,2047.50,-2.6995,180.9008
31230492,-268.50,-653.50,-13.4275,217.5494
31234398,-542.50,-2047.50,-8.4708,147.3408
31238304,-448.50,-1274.50,10.0270,88.5422
31242210,-66.50,1616.50,23.9536,33.4611
31246116,83.50,2047.50,25.7519,37.1761
31250022,-186.50,-274.50,22.5167,62.4615
31253928,-488.50,-2047.50,27.4281,67.5478
31257834,-431.50,-1484.50,46.4088,73.9382
31261740,-0.50,1231.50,75.4410,32.4229
31265646,118.50,2047.50,93.9325,-12.0471
31269552,-112.50,26.50,79.2992,-30.8968
31273458,-488.50,-2047.50,51.6223,-24.0174
31277364,-440.50,-1766.50,44.1149,-6.1590
31281270,-124.50,841.50,54.4865,-37.3225
31285176,114.50,2047.50,55.8434,-80.9721
31289082,-80.50,363.50,44.3821,-88.4949
31292988,-461.50,-2047.50,33.7655,-73.7571
31296894,-530.50,-1933.50,25.5846,-62.1244
31300800,-200.50,475.50,18.8704,-72.3351
31304706,162.50,2047.50,27.5310,-96.8317
31308612,-0.50,646.50,54.8176,-105.7060
31312518,-440.50,-1965.50,62.8025,-109.1604
31316424,-580.50,-2047.50,34.0778,-107.1079
31320330,-242.50,112.50,5.1514,-88.7117
31324236,138.50,2047.50,12.3162,-88.4362
31328142,100.50,1023.50,54.4259,-75.2451
31332048,-332.50,-1679.50,92.4381,-49.5289
31335954,-613.50,-2047.50,77.5915,-24.5662
31339860,-348.50,-271.50,17.3075,-8.2010
31343766,32.50,2047.50,-26.8734,-40.8806
31347672,49.50,1283.50,-23.6679,-48.0393
31351578,-318.50,-1438.50,6.7217,-38.9768
31355484,-578.50,-2047.50,27.2459,-20.0845
31359390,-404.50,-593.50,15.5726,20.0269
31363296,-18.50,2047.50,-14.3460,13.6186
31367202,37.50,1623.50,-30.2094,36.3230
31371108,-290.50,-1147.50,-20.3413,48.0364
31375014,-552.50,-2047.50,2.8819,30.8797
31378920,-373.50,-840.50,24.3963,54.6769
31382826,32.50,2047.50,39.8900,79.3498
31386732,126.50,2033.50,50.7246,162.0552
31390638,-171.50,-721.50,59.8670,210.3193
31394544,-512.50,-2047.50,66.2842,158.0184
31398450,-356.50,-1162.50,69.6315,100.9098
31402356,-16.50,1743.50,70.4849,50.5745
31406266,145.50,2047.50,61.9095,67.0833
31410172,-160.50,-400.50,49.6565,86.2994
31414078,-512.50,-2047.50,39.7041,68.2375
31417984,-426.50,-1416.50,35.7289,63.4068
31421890,-47.50,1361.50,42.4644,27.3544
31425796,160.50,2047.50,51.0155,-1.2851
31429702,-78.50,-68.50,57.3109,-13.8583
31433608,-448.50,-2047.50,62.4590,-12.1771
31437514,-452.50,-1679.50,63.0897,5.7175
31441420,-83.50,932.50,59.5907,-29.0087
31445326,143.50,2047.50,52.9748,-81.6223
31449232,-64.50,256.50,42.0325,-95.7899
31453138,-437.50,-2047.50,33.2642,-77.9655
31457044,-464.50,-1884.50,37.2602,-56.8830
31460950,-136.50,575.50,48.9829,-70.7260
31464856,163.50,2047.50,55.1183,-104.9582
31468762,-0.50,567.50,54.6514,-115.2810
31472668,-401.50,-2047.50,48.3941,-119.1148
31476574,-517.50,-2037.50,37.6156,-128.2910
31480480,-221.50,196.50,25.8425,-123.2129
31484386,79.50,2047.50,10.7740,-122.7064
31488292,-20.50,840.50,-5.8035,-116.5837
31492198,-399.50,-1850.50,-14.7076,-121.2793
31496104,-616.50,-2047.50,-22.2430,-113.2300
31500010,-326.50,-161.50,-37.9335,-71.2336
31503916,26.50,2047.50,-48.3940,-68.1196
31507822,-15.50,1095.50,-47.9440,-79.4456
31511728,-393.50,-1615.50,-45.5018,-107.7891
31515634,-630.50,-2047.50,-47.5165,-102.7001
31519540,-392.50,-481.50,-54.6983,-31.9978
31523446,10.50,2047.50,-54.5867,-7.1004
31527352,-3.50,1457.50,-47.2583,6.4516
31531258,-357.50,-1308.50,-47.3494,-10.7256
31535164,-600.50,-2047.50,-48.0532,-29.6208
31539070,-431.50,-800.50,-43.1401,12.1700
31542976,-0.50,2047.50,-34.9594,37.8427
31546882,70.50,1873.50,-19.9720,105.1208
31550788,-262.50,-909.50,-6.7837,138.0537
31554694,-575.50,-2047.50,-3.9525,94.3706
31558600,-441.50,-1108.50,-7.9684,67.0892
31562506,-20.50,1855.50,-7.4817,42.3358
31566412,106.50,2047.50,2.4965,89.7279
31570318,-175.50,-533.50,14.7172,127.7006
31574224,-544.50,-2047.50,20.4562,97.7280
31578130,-463.50,-1413.50,14.4805,65.0717
31582036,-51.50,1309.50,9.5022,-21.6788
31585942,89.50,2047.50,8.6246,-76.1181
31589848,-174.50,-234.50,-1.6124,-56.4418
31593754,-534.50,-2047.50,-13.1739,-18.2901
31597660,-526.50,-1647.50,-17.8131,13.9598
31601566,-146.50,944.50,-20.8822,-38.2196
31605472,51.50,2047.50,-28.3597,-110.0553
31609378,-110.50,74.50,-33.0640,-118.7138
31613284,-464.50,-2047.50,-16.0249,-89.1539
31617190,-512.50,-1876.50,10.8531,-55.6176
31621096,-145.50,575.50,24.6532,-86.0574
31625002,81.50,2047.50,20.5944,-143.4804
31628908,-74.50,392.50,3.2038,-147.8028
31632814,-480.50,-2047.50,-12.4049,-131.7645
31636720,-617.50,-2033.50,-28.0154,-119.0618
31640626,-321.50,172.50,-54.7384,-131.9803
31644532,-36.50,2047.50,-86.4881,-166.7399
31648438,-188.50,589.50,-117.4112,-173.7901
31652344,-610.50,-2047.50,-148.8169,-204.6504
31656250,-787.50,-2047.50,-179.2708,-208.6045
31660156,-568.50,-355.50,-213.2342,-174.5492
31664062,-300.50,2000.50,-262.8643,-202.0090
31667968,-441.50,581.50,-329.5812,-252.0157
31671874,-899.50,-2047.50,-403.8722,-362.4395
31675780,-1170.50,-2047.50,-476.1857,-373.2210
31679686,-1000.50,-1026.50,-543.3238,-275.1228
31683592,-702.50,1055.50,-606.6965,-439.7457
31687498,-784.50,403.50,-668.0814,-741.7753
31691404,-1197.50,-2047.50,-725.4281,-874.2299
31695310,-1489.50,-2047.50,-771.2116,-672.1984
31699216,-1370.50,-1519.50,-811.2287,-357.8261
31703122,-956.50,592.50,-842.5940,-484.0190
31707028,-877.50,359.50,-839.6452,-870.6424
31710934,-1225.50,-2047.50,-809.0699,-1067.9172
31714840,-1503.50,-2047.50,-779.0850,-851.6318
31718746,-1327.50,-1727.50,-751.8079,-415.9184
31722652,-892.50,430.50,-715.1091,-400.7237
31726558,-763.50,586.50,-669.6853,-720.8471
31730464,-1049.50,-1871.50,-627.0961,-941.7711
31734370,-1359.50,-2047.50,-591.1115,-810.8519
31738276,-1200.50,-1871.50,-552.1861,-403.1121
31742182,-801.50,277.50,-505.5085,-319.7620
31746088,-581.50,849.50,-458.6672,-563.4058
31749994,-812.50,-1471.50,-409.9135,-746.9561
31753900,-1085.50,-2047.50,-350.2280,-655.6860
31757806,-960.50,-1968.50,-274.3414,-317.5838
31761712,-581.50,208.50,-199.1722,-211.2437
31765618,-371.50,1198.50,-156.8253,-356.5846
31769524,-562.50,-909.50,-140.8230,-455.3767
31773430,-889.50,-2047.50,-117.6641,-396.8948
31777336,-847.50,-2047.50,-74.7637,-187.7359
31781242,-417.50,103.50,-15.8527,-119.7191
31785148,-89.50,1563.50,53.5144,-179.5172
31789054,-254.50,-306.50,118.1101,-169.0126
31792960,-622.50,-2047.50,159.9495,-127.1275
31796866,-677.50,-2047.50,180.4052,-51.5194
31800772,-290.50,16.50,198.9795,-16.4997
31804678,80.50,2047.50,235.4715,34.9854
31808584,11.50,336.50,292.8828,183.4596
31812490,-305.50,-2047.50,359.9302,194.1980
31816396,-452.50,-2047.50,413.8335,84.7793
31820302,-173.50,-173.50,428.4280,38.6446
31824208,171.50,2047.50,412.9132,100.2563
31828114,157.50,751.50,407.8506,250.4099
31832020,-218.50,-2006.50,428.1534,239.5379
31835926,-382.50,-2047.50,452.7990,91.2486
31839832,-139.50,-382.50,463.7144,68.1499
31843738,211.50,2047.50,457.2429,172.9117
31847644,192.50,1162.50,441.4180,337.5620
31851550,-191.50,-1604.50,425.4693,358.5029
31855456,-424.50,-2047.50,411.1733,235.8660
31859362,-216.50,-737.50,400.0062,170.3596
31863268,113.50,2047.50,384.1390,204.5447
31867174,147.50,1450.50,357.2822,356.0960
31871080,-190.50,-1313.50,334.7728,392.9180
31874986,-448.50,-2047.50,330.2180,273.3144
31878892,-290.50,-1071.50,335.8260,195.7850
31882798,68.50,1643.50,333.9109,156.3367
31886704,126.50,1754.50,313.6948,238.7970
31890610,-271.50,-1070.50,270.9832,313.7998
31894516,-640.50,-2047.50,207.8079,253.0533
31898422,-588.50,-1484.50,138.6441,173.1636
31902328,-308.50,997.50,66.9396,30.1035
31906234,-260.50,1715.50,-18.4035,-34.1631
31910140,-573.50,-984.50,-103.6758,9.8234
31914046,-986.50,-2047.50,-168.2271,31.4107
31917952,-955.50,-1829.50,-216.0702,57.4628
31921858,-577.50,474.50,-245.5439,-58.0552
31925764,-401.50,1408.50,-255.1483,-226.4736
31929670,-648.50,-878.50,-257.8988,-287.7032
31933576,-977.50,-2047.50,-252.7473,-233.2288
31937482,-950.50,-2004.50,-230.9210,-67.7293
31941388,-556.50,193.50,-197.2546,-52.9022
31945294,-318.50,1527.50,-166.3219,-164.2595
31949200,-474.50,-449.50,-143.0688,-199.4227
31953106,-847.50,-2047.50,-120.6327,-156.2376
31957012,-828.50,-2047.50,-90.9128,-32.4622
31960918,-464.50,-4.50,-48.7972,6.3644
31964824,-140.50,1863.50,-3.7701,-19.2465
31968730,-243.50,85.50,38.0350,37.2976
31972636,-569.50,-2047.50,83.2078,53.4947
31976542,-670.50,-2047.50,126.6046,49.1117
31980448,-338.50,-193.50,155.9117,58.8227
31984354,22.50,2047.50,177.8587,92.1601
31988260,-47.50,635.50,204.5408,215.8695
31992166,-427.50,-2047.50,228.3324,216.3100
31996072,-523.50,-2047.50,249.4071,102.9353
31999978,-145.50,-271.50,293.3483,105.6112
32003884,228.50,2047.50,360.1783,207.9094
32007790,221.50,1093.50,415.7222,347.7808
32011696,-126.50,-1581.50,448.0389,370.8204
32015602,-308.50,-2047.50,468.6380,283.7935
32019508,-62.50,-417.50,484.1150,264.9678
32023414,325.50,2047.50,495.3707,329.2173
32027320,381.50,1600.50,508.6366,466.0527
32031226,70.50,-1113.50,532.7008,532.9598
32035132,-175.50,-2047.50,560.9701,456.8768
32039038,16.50,-659.50,577.3233,375.9149
32042944,395.50,2047.50,577.9373,388.0105
32046850,496.50,2047.50,574.0946,545.5925
32050756,126.50,-691.50,568.2935,661.5994
32054662,-149.50,-2047.50,554.6859,575.3090
32058568,-25.50,-930.50,540.9797,427.7548
32062474,351.50,2047.50,529.4000,410.5343
32066380,479.50,2047.50,516.0248,550.7492
32070286,208.50,-282.50,508.8376,615.7122
32074192,-112.50,-2047.50,512.3713,525.5242
32078098,-64.50,-1177.50,511.9065,405.1950
32082004,319.50,2007.50,497.0552,421.7601
32085910,489.50,2047.50,478.1084,572.1822
32089816,247.50,48.50,465.3926,580.5541
32093722,-143.50,-2047.50,454.4760,449.8339
32097628,-136.50,-1466.50,433.9615,326.2986
32101534,203.50,1425.50,404.9137,294.0962
32105440,403.50,2047.50,372.5859,360.0756
32109346,197.50,368.50,343.7011,380.9423
32113252,-147.50,-1985.50,332.3222,343.8098
32117158,-180.50,-1696.50,338.2403,278.2355
32121064,147.50,976.50,342.0730,237.6955
32124970,406.50,2047.50,331.5668,256.6881
32128876,221.50,685.50,310.7630,274.1364
32132782,-160.50,-1822.50,288.0775,284.5010
32136688,-272.50,-1924.50,268.1402,250.6367
32140594,11.50,511.50,245.5321,185.8824
32144500,303.50,2047.50,217.3945,161.5908
32148406,193.50,949.50,193.8918,184.9439
32152312,-194.50,-1634.50,180.6505,225.9822
32156218,-330.50,-2047.50,174.2880,220.0266
32160124,-47.50,193.50,172.5416,181.4722
32164030,274.50,2047.50,169.8403,168.5987
32167936,208.50,1226.50,160.2629,191.1960
32171842,-169.50,-1407.50,146.6584,217.8945
32175748,-376.50,-2047.50,133.1419,216.5258
32179654,-154.50,-172.50,117.8508,200.1104
32183560,189.50,2047.50,99.3795,187.8178
32187466,185.50,1570.50,82.3488,222.1860
32191372,-143.50,-1160.50,76.3760,256.7440
32195278,-440.50,-2047.50,74.1149,236.5975
32199184,-241.50,-559.50,58.9301,200.0327
32203090,186.50,2047.50,50.8416,182.9336
32206996,335.50,1968.50,82.1383,266.3780
32210902,13.50,-749.50,139.9687,362.7408
32214808,-402.50,-2047.50,159.6685,340.2335
32218714,-335.50,-917.50,102.4666,241.7008
32222620,60.50,2047.50,21.6367,188.4096
32226526,162.50,2047.50,-22.6830,273.2274
32230432,-157.50,-512.50,-37.7379,321.5314
32234338,-433.50,-2047.50,-37.8096,251.2782
32238244,-388.50,-1204.50,-27.9930,172.5679
32242150,-0.50,1871.50,-26.6807,162.4778
32246056,179.50,2047.50,-31.8114,244.3265
32249962,-57.50,-141.50,-28.0914,256.3450
32253868,-356.50,-2047.50,-7.5425,188.0658
32257774,-301.50,-1418.50,27.9475,137.3205
32261680,70.50,1491.50,60.0512,130.8307
32265586,283.50,2047.50,72.9697,167.1067
32269492,82.50,265.50,72.3682,162.0964
32273398,-260.50,-2047.50,75.9961,131.9971
32277304,-271.50,-1652.50,89.9086,95.0237
32281210,80.50,1083.50,105.0147,73.4165
32285116,368.50,2047.50,116.4894,82.5914
32289022,158.50,570.50,119.7280,72.7417
32292928,-217.50,-1878.50,108.1334,77.9511
32296834,-319.50,-1855.50,89.8388,79.1441
32300740,-15.50,647.50,71.2813,51.9272
32304646,272.50,2047.50,51.9699,22.3208
32308552,171.50,879.50,39.6307,10.4305
32312458,-228.50,-1664.50,36.1944,48.1587
32316364,-372.50,-2035.50,30.8807,71.8190
32320270,-79.50,289.50,22.6932,42.6112
32324176,241.50,2047.50,16.7099,6.3902
32328082,167.50,1159.50,9.4422,1.3552
32331988,-226.50,-1487.50,-2.5379,30.4937
32335894,-400.50,-2047.50,-14.0094,54.7218
32339800,-152.50,-42.50,-17.3127,60.5816
32343706,208.50,2047.50,-14.8729,46.5405
32347612,210.50,1488.50,-10.4630,50.1221
32351518,-175.50,-1192.50,-8.9185,79.2515
32355424,-398.50,-2047.50,-14.0514,96.0626
32359330,-180.50,-394.50,-15.9925,93.8319
32363236,176.50,2047.50,-13.2657,75.1419
32367142,197.50,1849.50,-19.5435,108.3755
32371048,-149.50,-918.50,-36.1099,152.6956
32374954,-412.50,-2047.50,-48.2912,133.5276
32378860,-249.50,-746.50,-47.7847,94.3696
32382766,105.50,2047.50,-45.6390,82.0270
32386672,194.50,2047.50,-54.1952,149.4474
32390578,-144.50,-523.50,-71.5684,199.1583
32394484,-424.50,-2047.50,-84.8060,163.5814
32398390,-335.50,-1071.50,-85.6733,100.0225
32402296,18.50,2013.50,-88.1960,89.5319
32406202,156.50,2047.50,-102.6253,164.7023
32410108,-113.50,-282.50,-116.8860,150.4090
32414014,-465.50,-2047.50,-123.3715,59.1592
32417920,-410.50,-1414.50,-126.4918,4.8129
32421826,-42.50,1392.50,-127.8223,-40.4010
32425732,117.50,2047.50,-134.1555,-51.3017
32429638,-126.50,-0.50,-151.4935,-57.8509
32433544,-493.50,-2047.50,-169.1945,-65.2301
32437450,-493.50,-1671.50,-177.6316,-62.2591
32441356,-117.50,971.50,-174.1333,-91.8279
32445266,126.50,2047.50,-161.9264,-125.3891
32449172,-63.50,317.50,-151.3401,-137.5756
32453078,-413.50,-2047.50,-142.9558,-133.2926
32456984,-494.50,-1886.50,-135.7308,-130.7399
32460890,-202.50,592.50,-143.0398,-146.0138
32464796,87.50,2047.50,-163.5469,-165.2544
32468702,-58.50,579.50,-177.5033,-175.1519
32472608,-441.50,-2009.50,-181.2563,-189.8130
32476514,-569.50,-2047.50,-184.0152,-203.9536
32480420,-269.50,157.50,-188.7922,-203.7687
32484326,63.50,2047.50,-189.2595,-206.2439
32488232,-12.50,866.50,-180.4116,-193.6285
32492138,-373.50,-1802.50,-165.8297,-188.7968
32496044,-542.50,-2047.50,-152.3491,-176.7613
32499950,-277.50,-143.50,-144.9389,-132.7414
32503856,64.50,2047.50,-142.9117,-123.5403
32507762,27.50,1169.50,-144.0184,-126.8645
32511668,-350.50,-1566.50,-148.7030,-148.5658
32515574,-559.50,-2047.50,-154.2228,-150.9820
32519480,-354.50,-512.50,-157.7628,-101.0296
32523386,-26.50,2047.50,-167.3033,-87.1731
32527292,31.50,1476.50,-179.1652,-69.6680
32531198,-367.50,-1307.50,-185.6914,-87.5997
32535104,-632.50,-2047.50,-198.1855,-116.6611
32539010,-448.50,-837.50,-210.8132,-79.6752
32542916,-79.50,2047.50,-211.5203,-48.0687
32546822,-0.50,1863.50,-207.7845,26.7013
32550728,-330.50,-946.50,-206.5027,47.9409
32554634,-649.50,-2047.50,-211.2710,-14.8271
32558540,-513.50,-1213.50,-218.5469,-50.9702
32562446,-128.50,1501.50,-217.5925,-132.9555
32566352,7.50,2047.50,-209.0397,-153.4654
32570258,-294.50,-633.50,-202.9719,-91.8938
32574164,-606.50,-2047.50,-200.3310,-62.1950
32578070,-555.50,-1490.50,-197.5317,-55.9892
32581976,-218.50,1099.50,-203.8998,-147.3462
32585882,-32.50,2047.50,-220.9668,-228.1462
32589788,-257.50,-329.50,-228.1550,-202.9238
32593694,-600.50,-2047.50,-216.2211,-151.7550
32597600,-565.50,-1732.50,-195.2506,-107.2460
32601506,-186.50,800.50,-172.1770,-158.2910
32605412,60.50,2047.50,-149.4586,-232.0926
32609318,-153.50,22.50,-133.3655,-224.6946
32613224,-512.50,-2047.50,-126.8374,-187.7546
32617130,-562.50,-1917.50,-124.9802,-149.9420
32621036,-258.50,484.50,-130.6605,-173.7864
32624942,16.50,2047.50,-145.0387,-225.1088
32628848,-142.50,317.50,-155.4351,-228.4823
32632754,-517.50,-2047.50,-156.8285,-228.3704
32636660,-606.50,-2047.50,-152.3833,-215.2547
32640566,-285.50,115.50,-143.0107,-206.5364
32644472,26.50,2047.50,-131.4091,-223.5699
32648378,-79.50,634.50,-122.6758,-213.9243
32652284,-441.50,-2047.50,-116.6639,-240.3992
32656190,-607.50,-2047.50,-112.1595,-256.9668
32660096,-341.50,-216.50,-114.0612,-200.1850
32664002,-9.50,2047.50,-121.0476,-168.8897
32667908,-63.50,915.50,-126.7628,-158.5358
32671814,-431.50,-1822.50,-129.3098,-205.0667
32675720,-628.50,-2047.50,-128.3129,-226.4694
32679626,-397.50,-572.50,-125.2895,-152.7325
32683532,-40.50,2047.50,-122.9656,-116.9260
32687438,-32.50,1239.50,-121.2481,-92.3842
32691344,-405.50,-1550.50,-122.3720,-131.4438
32695250,-639.50,-2047.50,-126.6885,-169.3307
32699156,-459.50,-891.50,-128.5758,-107.3813
32703062,-109.50,1796.50,-131.6675,-104.6757
32706968,-46.50,1565.50,-139.4528,-107.2655
32710874,-338.50,-1253.50,-138.2476,-118.5289
32714780,-636.50,-2047.50,-124.3419,-131.8326
32718686,-494.50,-1216.50,-113.5942,-78.6929
32722592,-111.50,1371.50,-108.9363,-130.7436
32726498,26.50,1935.50,-100.4743,-170.5408
32730404,-273.50,-879.50,-87.6373,-109.6460
32734310,-576.50,-2047.50,-76.3201,-64.0172
32738216,-513.50,-1471.50,-71.1077,-30.5493
32742122,-112.50,1068.50,-69.6263,-113.1022
32746028,70.50,2047.50,-60.8373,-186.0544
32749934,-214.50,-534.50,-50.2720,-137.4587
32753840,-529.50,-2047.50,-46.5973,-85.4565
32757746,-493.50,-1701.50,-39.3587,-46.2135
32761652,-105.50,797.50,-24.4077,-107.3596
32765558,71.50,2047.50,-14.5641,-182.2760
32769464,-131.50,-170.50,-18.1187,-158.6568
32773370,-512.50,-2047.50,-25.8854,-118.5073
32777276,-532.50,-1905.50,-31.5084,-82.1024
32781182,-175.50,482.50,-31.8524,-122.1604
32785088,75.50,2047.50,-26.8503,-183.3200
32788994,-99.50,162.50,-24.4546,-167.4485
32792900,-469.50,-2047.50,-25.1260,-148.8425
32796806,-568.50,-2047.50,-27.8180,-131.1204
32800712,-244.50,158.50,-33.6868,-140.3798
32804618,35.50,2047.50,-40.2057,-167.5535
32808524,-78.50,491.50,-45.2061,-146.3658
32812430,-435.50,-2047.50,-42.8068,-159.5531
32816336,-560.50,-2047.50,-30.7372,-167.6755
32820242,-252.50,-156.50,-14.7653,-124.7441
32824148,69.50,2047.50,-0.6548,-106.2438
32828054,-15.50,794.50,3.1665,-90.5812
32831960,-361.50,-1941.50,0.2884,-141.8505
32835866,-538.50,-2047.50,4.4803,-179.2015
32839772,-290.50,-480.50,13.2252,-106.2152
32843678,63.50,2047.50,18.6069,-52.9813
32847584,63.50,1108.50,23.4578,-21.6213
32851490,-288.50,-1647.50,31.0602,-69.8628
32855396,-516.50,-2047.50,38.1146,-113.3627
32859302,-315.50,-802.50,40.5953,-47.7280
32863208,35.50,1910.50,36.8614,-20.1071
32867114,80.50,1458.50,29.3010,4.7248
32871020,-239.50,-1340.50,27.0637,-15.7660
32874926,-512.50,-2047.50,32.5211,-52.2453
32878832,-367.50,-1103.50,35.5733,-4.9091
32882738,-15.50,1636.50,28.5904,-14.1562
32886644,121.50,1857.50,22.1256,3.0277
32890550,-207.50,-993.50,26.0803,40.9075
32894456,-558.50,-2047.50,21.1844,25.3973
32898362,-437.50,-1406.50,2.1291,30.3505
32902268,-74.50,1152.50,-9.9649,-55.6620
32906174,89.50,2047.50,-10.6306,-109.3965
32910080,-127.50,-658.50,3.4363,-42.7571
32913986,-527.50,-2047.50,21.1663,3.6205
32917892,-475.50,-1646.50,16.6528,28.7404
32921798,-112.50,848.50,1.3566,-49.7070
32925704,75.50,2047.50,-8.3473,-128.6776
32929610,-128.50,-303.50,-11.0979,-93.1450
32933516,-478.50,-2047.50,-2.6175,-45.9458
32937422,-477.50,-1853.50,11.5252,-7.4923
32941328,-138.50,545.50,20.7678,-57.6682
32945234,111.50,2047.50,21.7539,-127.8452
32949140,-52.50,57.50,22.9527,-104.5854
32953046,-418.50,-2047.50,30.9215,-72.4559
32956952,-488.50,-2018.50,38.5264,-49.8973
32960858,-170.50,244.50,38.8654,-74.2684
32964764,130.50,2047.50,36.8990,-113.2605
32968670,-30.50,379.50,34.9151,-90.7776
32972576,-399.50,-2047.50,28.1937,-94.0019
32976482,-512.50,-2047.50,23.1086,-94.3981
32980388,-207.50,-79.50,26.5106,-68.6093
32984294,111.50,2047.50,34.0401,-66.6904
32988200,-1.50,699.50,34.0489,-47.7806
32992106,-373.50,-2012.50,21.9427,-91.4252
32996012,-552.50,-2047.50,8.5291,-129.8718
32999918,-285.50,-380.50,2.1091,-63.5064
33003824,65.50,2047.50,3.9743,-9.9558
33007730,42.50,985.50,10.9810,17.3633
33011636,-304.50,-1746.50,19.5417,-40.8874
33015542,-527.50,-2047.50,27.3032,-85.9055
33019448,-342.50,-734.50,24.9324,-17.5999
33023354,53.50,1948.50,16.3141,15.0430
33027260,80.50,1321.50,17.7766,40.2239
33031166,-268.50,-1453.50,24.0890,7.9946
33035072,-531.50,-2047.50,24.3477,-30.8785
33038978,-329.50,-1012.50,27.0130,29.7096
33042884,16.50,1632.50,34.5816,24.7616
33046790,105.50,1710.50,35.1588,21.5474
33050696,-206.50,-1090.50,31.6456,42.7796
33054602,-520.50,-2047.50,29.2525,44.3676
33058508,-408.50,-1327.50,23.0236,73.5678
33062414,-37.50,1250.50,14.8266,1.5497
33066320,118.50,2047.50,12.3201,-32.2286
33070226,-158.50,-758.50,19.1972,46.1866
33074132,-494.50,-2047.50,27.4408,80.5815
33078038,-444.50,-1560.50,26.9314,89.5595
33081944,-84.50,962.50,17.8720,9.0231
33085850,87.50,2047.50,4.9801,-57.0673
33089756,-144.50,-424.50,-5.1190,-18.4721
33093662,-481.50,-2047.50,-4.1696,15.3043
33097568,-484.50,-1787.50,3.7649,45.1287
33101474,-123.50,645.50,8.2021,-8.4017
33105380,72.50,2047.50,3.2153,-75.1549
33109286,-90.50,-49.50,-5.8013,-47.6704
33113192,-442.50,-2047.50,-1.7534,-15.0287
33117098,-512.50,-1962.50,9.1737,8.7674
33121004,-147.50,358.50,14.8641,-20.0948
33124910,149.50,2047.50,26.8573,-62.0565
33128816,-14.50,293.50,42.6338,-39.2127
33132722,-389.50,-2047.50,46.8343,-36.4257
33136628,-512.50,-2047.50,39.1720,-37.7051
33140534,-207.50,32.50,27.2024,-31.9196
33144440,89.50,2047.50,17.0451,-38.7907
33148346,-11.50,617.50,9.3294,-13.8322
33152252,-370.50,-2047.50,6.2277,-48.1341
33156158,-527.50,-2047.50,10.0208,-85.5808
33160064,-239.50,-268.50,17.7108,-32.1952
33163970,76.50,2047.50,23.6171,15.1748
33167876,45.50,906.50,23.3692,43.2241
33171782,-324.50,-1839.50,21.3951,-15.3137
33175688,-546.50,-2047.50,17.2433,-65.7672
33179594,-305.50,-589.50,10.3839,4.8856
33183500,34.50,2047.50,5.9721,65.9503
33187406,58.50,1226.50,3.4855,109.2067
33191312,-282.50,-1516.50,5.2375,61.9426
33195218,-542.50,-2047.50,8.9087,5.2552
33199124,-355.50,-900.50,8.5013,58.5972
33203030,37.50,1807.50,11.1144,74.3511
33206936,115.50,1614.50,22.6988,97.9579
33210842,-216.50,-1162.50,33.9873,104.1346
33214748,-522.50,-2047.50,33.4014,81.0053
33218654,-409.50,-1199.50,20.0594,106.9585
33222560,-49.50,1424.50,1.1523,56.3655
33226466,71.50,2014.50,-14.7915,48.5744
33230372,-220.50,-789.50,-22.3018,127.3056
33234278,-520.50,-2047.50,-19.3274,150.4160
33238184,-431.50,-1455.50,-7.0713,143.6982
33242090,-76.50,1107.50,3.5485,54.4358
33245996,123.50,2047.50,7.6337,-3.3606
33249902,-159.50,-469.50,9.0809,42.8895
33253808,-468.50,-2047.50,9.9986,77.6814
33257714,-450.50,-1692.50,16.4666,98.9582
33261620,-104.50,781.50,21.6487,34.6040
33265526,80.50,2047.50,11.9684,-34.6906
33269432,-132.50,-139.50,-8.0749,-12.2970
33273338,-486.50,-2047.50,-21.5860,17.1015
33277244,-524.50,-1889.50,-23.4683,43.8066
33281150,-160.50,476.50,-18.4406,10.8980
33285056,130.50,2047.50,-3.0238,-39.0584
33288962,-47.50,206.50,16.3787,-22.0251
33292868,-432.50,-2047.50,22.0537,-13.2984
33296774,-534.50,-2037.50,11.6868,-10.5309
33300680,-204.50,165.50,-0.1757,-18.3215
33304586,124.50,2047.50,2.9768,-32.3010
33308492,16.50,577.50,20.6418,0.1476
33312398,-352.50,-2047.50,37.4282,-12.5449
33316304,-478.50,-2047.50,48.0100,-42.2402
33320210,-175.50,-118.50,58.8669,-8.4895
33324116,155.50,2047.50,71.1732,25.7760
33328022,125.50,873.50,83.4817,52.8714
33331928,-213.50,-1837.50,101.8406,13.2250
33335834,-412.50,-2047.50,121.7134,-22.4109
33339740,-193.50,-396.50,125.5543,41.7276
33343646,144.50,2047.50,110.6731,96.6438
33347552,125.50,1195.50,89.4721,126.5926
33351458,-234.50,-1519.50,71.5723,83.4918
33355364,-462.50,-2047.50,62.1784,41.8903
33359270,-288.50,-745.50,57.9205,89.4108
33363176,80.50,2047.50,51.2894,128.9121
33367082,119.50,1567.50,43.1047,191.5798
33370988,-217.50,-1212.50,34.9339,180.2811
33374894,-479.50,-2047.50,30.1386,112.7188
33378800,-346.50,-1069.50,30.0004,115.4943
33382706,-15.50,1678.50,21.1822,90.7178
33386612,103.50,1931.50,2.3338,118.7960
33390518,-188.50,-830.50,-6.7917,177.3395
33394424,-512.50,-2047.50,-4.9488,170.4098
33398330,-404.50,-1346.50,-3.3596,154.5807
33402236,-35.50,1277.50,-1.0681,70.6503
33406142,123.50,2047.50,1.8994,29.7402
33410048,-159.50,-547.50,0.5351,74.9615
33413954,-488.50,-2047.50,-5.0913,96.1775
33417860,-445.50,-1616.50,-8.0147,106.3435
33421766,-73.50,906.50,-4.7778,32.7259
33425672,144.50,2047.50,3.3984,-37.4425
33429578,-106.50,-239.50,8.8722,-15.7433
33433484,-468.50,-2047.50,2.8666,14.4655
33437390,-484.50,-1840.50,-7.9186,44.2848
33441296,-149.50,551.50,-15.9264,-3.2895
33445202,101.50,2047.50,-21.7228,-71.1868
33449108,-68.50,96.50,-22.4777,-55.7939
33453014,-449.50,-2047.50,-19.6994,-32.0708
33456920,-541.50,-1997.50,-23.7611,-10.8938
33460826,-193.50,259.50,-31.4403,-23.8241
33464732,118.50,2047.50,-25.8320,-55.5070
33468638,-21.50,443.50,-10.6548,-37.2742
33472544,-393.50,-2047.50,-2.5581,-46.0518
33476450,-512.50,-2047.50,-1.1252,-56.5677
33480356,-188.50,-68.50,5.2925,-33.4266
33484266,160.50,2047.50,23.9920,-25.7487
33488172,67.50,781.50,44.0027,-0.6603
33492078,-281.50,-1908.50,53.6506,-23.7028
33495984,-465.50,-2047.50,57.9515,-47.7453
33499890,-224.50,-309.50,56.0141,13.1983
33503796,125.50,2047.50,47.3174,59.9814
33507702,82.50,1095.50,37.3810,82.4192
33511608,-265.50,-1612.50,29.0622,39.1697
33515514,-478.50,-2047.50,28.6694,5.9821
33519420,-268.50,-622.50,34.4946,66.0541
33523326,87.50,2047.50,36.5636,111.1452
33527232,138.50,1450.50,35.8363,155.6927
33531138,-207.50,-1310.50,38.2835,127.3874
33535044,-457.50,-2047.50,42.8566,69.7734
33538950,-333.50,-926.50,41.3384,98.9115
33542856,33.50,1822.50,27.0468,109.9791
33546762,139.50,1797.50,13.4272,145.2150
33550668,-174.50,-958.50,13.2864,160.3113
33554574,-460.50,-2047.50,20.6565,124.5652
33558480,-385.50,-1256.50,22.9681,121.0214
33562386,-30.50,1349.50,9.8025,51.7847
33566292,112.50,2047.50,-10.0078,22.5930
33570198,-174.50,-654.50,-22.4091,79.2188
33574104,-512.50,-2047.50,-29.2502,100.6925
33578010,-421.50,-1552.50,-28.7086,101.8926
33581916,-64.50,983.50,-18.1967,14.5017
33585822,119.50,2047.50,-11.1591,-57.9856
33589728,-126.50,-341.50,-14.6725,-24.5502
33593634,-473.50,-2047.50,-20.8505,15.6665
33597540,-446.50,-1762.50,-19.0997,50.2498
33601446,-96.50,721.50,-8.4259,9.3587
33605352,99.50,2047.50,-6.2633,-47.9795
33609258,-101.50,33.50,-21.4641,-33.2813
33613164,-436.50,-2047.50,-33.3284,-12.3844
33617070,-512.50,-1934.50,-31.6627,7.0237
33620976,-161.50,430.50,-28.1703,-10.3117
33624882,113.50,2047.50,-23.4387,-41.1960
33628788,-42.50,385.50,-18.8789,-27.3454
33632694,-397.50,-2047.50,-17.3101,-33.1475
33636600,-480.50,-2047.50,-9.9760,-45.3294
33640506,-164.50,102.50,5.5191,-38.6295
33644412,141.50,2047.50,20.1358,-33.2283
33648318,20.50,709.50,22.4932,-8.7270
33652224,-358.50,-1978.50,10.7146,-36.1668
33656130,-516.50,-2047.50,-3.8384,-67.5873
33660036,-239.50,-232.50,-10.6253,-24.2543
33663942,86.50,2047.50,-10.3805,10.3231
33667848,48.50,1003.50,-9.1136,33.4854
33671754,-309.50,-1700.50,-7.1516,0.7649
33675660,-524.50,-2047.50,-5.9802,-23.4802
33679566,-297.50,-528.50,-9.4407,36.9969
33683472,43.50,2047.50,-16.1548,76.2963
33687378,81.50,1344.50,-19.2690,109.3727
33691284,-285.50,-1381.50,-16.4731,82.4755
33695190,-557.50,-2047.50,-20.9140,43.5731
33699096,-367.50,-826.50,-34.0945,84.1020
33703002,-0.50,2037.50,-41.4714,122.1753
33706908,85.50,1713.50,-38.3513,192.4007
33710814,-239.50,-1009.50,-29.3030,197.3534
33714720,-540.50,-2047.50,-24.7937,135.6877
33718626,-402.50,-1135.50,-27.9654,122.0171
33722532,-9.50,1597.50,-27.2981,76.5346
33726438,131.50,2047.50,-15.6168,92.2238
33730344,-179.50,-664.50,-3.0808,156.9817
33734250,-512.50,-2047.50,-3.7725,156.7008
33738156,-442.50,-1409.50,-15.2404,134.5994
33742062,-73.50,1211.50,-26.3870,50.8158
33745968,130.50,2047.50,-27.3462,-1.7469
33749874,-128.50,-334.50,-16.6507,31.6408
33753780,-463.50,-2047.50,-4.8026,65.5381
33757686,-440.50,-1656.50,2.9636,85.1585
33761592,-95.50,869.50,4.3367,24.1674
33765498,149.50,2047.50,1.9762,-43.3969
33769404,-62.50,-21.50,5.0968,-34.0554
33773310,-415.50,-2047.50,12.6273,-6.7342
33777216,-433.50,-1871.50,22.2705,16.8846
33781122,-116.50,505.50,28.9592,-21.6366
33785028,144.50,2047.50,24.4384,-79.1909
33788934,-20.50,245.50,14.9641,-78.5976
33792840,-392.50,-2047.50,9.5816,-76.7049
33796746,-489.50,-2041.50,7.1843,-70.0866
33800652,-160.50,128.50,6.9192,-78.6265
33804558,161.50,2047.50,14.5030,-103.8326
33808464,27.50,587.50,24.4711,-80.4330
33812370,-376.50,-2047.50,19.4992,-90.9433
33816276,-512.50,-2047.50,2.4621,-109.4077
33820182,-210.50,-146.50,-5.2090,-66.0968
33824088,96.50,2047.50,-2.2298,-35.8261
33827994,35.50,903.50,-4.0478,-14.4189
33831900,-329.50,-1793.50,-9.2485,-44.6504
33835806,-527.50,-2047.50,-11.1584,-64.0635
33839712,-265.50,-453.50,-9.3499,-3.9099
33843618,90.50,2047.50,-2.4967,29.2176
33847524,78.50,1232.50,3.3708,53.3461
33851430,-270.50,-1487.50,4.2127,24.7228
33855336,-493.50,-2047.50,6.9341,-3.1848
33859242,-278.50,-748.50,16.3999,49.0315
33863148,80.50,2047.50,26.5564,85.6788
33867054,150.50,1616.50,32.3223,144.5299
33870960,-175.50,-1164.50,39.2836,138.3313
33874866,-460.50,-2047.50,46.1571,77.3172
33878772,-303.50,-1054.50,47.6886,81.3550
33882678,58.50,1741.50,45.2174,66.1437
33886584,176.50,2000.50,41.6447,109.4674
33890490,-104.50,-753.50,45.6369,174.0545
33894396,-408.50,-2047.50,59.2646,159.4571
33898302,-302.50,-1327.50,72.9597,129.3752
33902208,54.50,1322.50,78.1536,43.5337
33906114,209.50,2047.50,72.6239,0.5268
33910020,-63.50,-437.50,63.3420,40.7276
33913926,-393.50,-2047.50,58.1411,70.7207
33917832,-361.50,-1576.50,56.7182,87.0004
33921738,-5.50,973.50,52.9541,22.1417
33925644,214.50,2047.50,48.4659,-46.8551
33929550,-33.50,-99.50,46.1350,-33.2982
33933456,-367.50,-2047.50,44.5683,2.3927
33937362,-365.50,-1797.50,50.5248,31.4092
33941268,-20.50,656.50,61.9515,-7.5083
33945174,203.50,2047.50,63.6070,-65.3038
33949080,33.50,210.50,54.6587,-64.2963
33952986,-356.50,-2047.50,45.0261,-52.3916
33956892,-444.50,-1981.50,32.6871,-41.3210
33960798,-125.50,305.50,16.6303,-56.3828
33964704,154.50,2047.50,4.2322,-85.3780
33968610,10.50,511.50,-4.3933,-75.7224
33972516,-344.50,-2047.50,-8.7962,-90.2550
33976422,-462.50,-2047.50,-4.6895,-104.6920
33980328,-192.50,-17.50,-1.0784,-75.1706
33984234,130.50,2047.50,-6.1106,-56.4988
33988140,33.50,816.50,-14.8500,-40.2693
33992046,-334.50,-1845.50,-23.7114,-67.7258
33995952,-512.50,-2047.50,-30.1610,-80.4941
33999858,-238.50,-306.50,-30.2562,-18.2963
34003764,101.50,2047.50,-24.0063,17.0033
34007670,112.50,1158.50,-12.6209,33.2831
34011576,-281.50,-1536.50,-2.6075,4.7961
34015482,-512.50,-2047.50,-7.4343,-11.9858
34019388,-280.50,-628.50,-18.6322,40.6350
34023294,80.50,2047.50,-19.4005,67.5253
34027200,119.50,1535.50,-13.6151,109.8208
34031106,-229.50,-1185.50,-9.5005,110.4112
34035012,-512.50,-2047.50,-13.1799,78.0959
34038918,-354.50,-874.50,-25.2114,100.5685
34042824,20.50,2047.50,-36.3745,133.2196
34046730,93.50,1968.50,-42.8134,228.5488
34050636,-228.50,-751.50,-49.2085,275.2739
34054542,-527.50,-2047.50,-55.2568,213.8072
34058448,-412.50,-1149.50,-57.3381,157.7000
34062354,-62.50,1680.50,-60.4827,108.5298
34066260,101.50,2047.50,-65.5828,125.6345
34070166,-192.50,-429.50,-65.3582,154.0330
34074072,-518.50,-2047.50,-63.0054,136.4490
34077978,-472.50,-1417.50,-64.2176,121.4707
34081884,-122.50,1232.50,-71.7611,63.4225
34085790,94.50,2047.50,-79.0505,16.2240
34089696,-122.50,-99.50,-70.9834,21.4330
34093602,-524.50,-2047.50,-60.1599,43.9803
34097508,-489.50,-1662.50,-62.2312,64.4577
34101414,-127.50,912.50,-61.1756,31.1404
34105320,127.50,2047.50,-49.1011,-15.8337
34109226,-76.50,247.50,-36.7455,-21.4729
34113132,-440.50,-2047.50,-30.9921,-6.4209
34117038,-489.50,-1894.50,-28.9117,-1.8435
34120944,-148.50,511.50,-25.3783,-36.5989
34124850,158.50,2047.50,-16.1235,-77.0278
34128756,42.50,511.50,3.8628,-75.6169
34132662,-276.50,-2026.50,37.0686,-73.1175
34136568,-425.50,-2025.50,67.8890,-78.8244
34140474,-190.50,150.50,61.7590,-75.8912
34144380,128.50,2047.50,23.2187,-80.9076
34148286,78.50,843.50,0.7366,-63.0699
34152192,-282.50,-1728.50,12.5051,-37.3287
34156098,-398.50,-2047.50,41.3663,-8.4359
34160004,-148.50,-95.50,69.2317,24.6214
34163910,220.50,2047.50,86.0128,18.0889
34167816,199.50,1217.50,98.1772,20.4235
34171722,-137.50,-1377.50,113.0970,43.9973
34175628,-337.50,-2047.50,128.8778,79.5641
34179534,-105.50,-296.50,142.0186,122.5131
34183440,294.50,2047.50,156.7417,126.0864
34187346,346.50,1693.50,180.8309,148.9057
34191252,7.50,-980.50,206.0806,195.7827
34195158,-208.50,-2047.50,224.8900,209.8854
34199064,16.50,-473.50,248.8572,213.3800
34202970,421.50,2047.50,283.7984,220.8047
34206876,511.50,2047.50,316.2973,266.1130
34210782,187.50,-520.50,332.2861,320.2226
34214688,-47.50,-2047.50,340.3406,312.5709
34218594,114.50,-738.50,361.1098,265.1048
34222500,496.50,2047.50,388.7512,261.0111
34226406,657.50,2047.50,408.5144,300.1593
34230312,369.50,-47.50,420.8703,307.1085
34234218,48.50,-2014.50,424.2404,299.8612
34238124,136.50,-913.50,421.1030,287.6975
34242030,535.50,2047.50,423.0857,334.0723
34245936,734.50,2047.50,434.4862,386.9055
34249842,461.50,305.50,442.6800,314.4567
34253748,103.50,-1845.50,433.9373,266.7421
34257654,119.50,-1144.50,414.7678,286.7862
34261560,511.50,2047.50,403.4510,385.7031
34265466,732.50,2047.50,404.9011,466.8604
34269372,464.50,595.50,396.5701,332.1482
34273278,104.50,-1687.50,367.7947,219.6924
34277184,78.50,-1388.50,343.4465,239.3404
34281090,379.50,1354.50,328.8369,277.6017
34284996,649.50,2047.50,309.3534,249.1556
34288902,477.50,839.50,289.9454,124.9702
34292808,77.50,-1591.50,272.9897,94.8384
34296714,-19.50,-1728.50,253.4551,138.6314
34300620,272.50,825.50,232.4760,136.8947
34304526,553.50,2047.50,208.7620,84.8759
34308432,410.50,1140.50,180.2363,19.5217
34312338,48.50,-1359.50,155.0462,64.3265
34316244,-143.50,-1880.50,136.3734,140.0419
34320150,134.50,432.50,114.6955,128.3334
34324056,435.50,2047.50,89.9894,58.4453
34327962,353.50,1376.50,63.7827,-3.9223
34331868,6.50,-1167.50,43.1777,29.4641
34335774,-212.50,-2047.50,35.0089,80.1832
34339680,-10.50,42.50,22.0674,58.8186
34343586,343.50,2047.50,-1.6847,14.4167
34347492,331.50,1687.50,-21.2446,10.6108
34351398,-15.50,-924.50,-30.4542,65.2529
34355304,-237.50,-2047.50,-29.0824,97.4602
34359210,-56.50,-366.50,-22.9101,59.0918
34363116,302.50,2047.50,-23.8427,12.5440
34367022,368.50,2006.50,-29.7849,48.7124
34370928,53.50,-610.50,-28.8660,130.4458
34374834,-253.50,-2047.50,-25.8685,138.8065
34378740,-139.50,-702.50,-37.2605,69.2207
34382646,245.50,2047.50,-57.4506,30.5219
34386552,354.50,2047.50,-68.0261,76.6538
34390458,39.50,-271.50,-71.1088,111.2940
34394364,-288.50,-2047.50,-78.5265,91.1543
34398270,-206.50,-1081.50,-90.7623,24.9220
34402176,148.50,2047.50,-103.9428,15.8222
34406082,298.50,2047.50,-117.9137,100.7239
34409988,-1.50,-18.50,-135.6062,88.9105
34413894,-331.50,-2047.50,-154.0270,6.4476
34417800,-296.50,-1333.50,-162.2992,-50.2382
34421706,74.50,1599.50,-159.5789,-49.6186
34425612,266.50,2047.50,-156.3661,-8.1305
34429518,55.50,263.50,-157.0665,-39.6212
34433424,-333.50,-2047.50,-161.0715,-93.9108
34437330,-345.50,-1580.50,-168.8456,-122.4044
34441236,-0.50,1141.50,-174.2198,-117.3495
34445142,302.50,2047.50,-165.9142,-101.8060
34449048,105.50,613.50,-146.7962,-122.6632
34452954,-270.50,-1874.50,-136.5236,-116.4003
34456860,-324.50,-1824.50,-135.1984,-110.2934
34460766,-9.50,678.50,-131.0578,-137.8723
34464672,283.50,2047.50,-127.9119,-173.4764
34468578,144.50,859.50,-129.8956,-196.8834
34472484,-256.50,-1690.50,-138.9310,-166.5587
34476390,-392.50,-2015.50,-153.7678,-137.8157
34480296,-84.50,278.50,-162.9606,-158.1954
34484202,234.50,2047.50,-161.0248,-195.7951
34488108,159.50,1161.50,-156.7125,-199.7305
34492014,-192.50,-1446.50,-151.5132,-150.6264
34495920,-385.50,-2047.50,-143.8024,-104.8477
34499826,-143.50,-63.50,-142.8878,-106.0943
34503732,210.50,2047.50,-148.8170,-142.8345
34507638,202.50,1418.50,-150.3240,-154.4962
34511544,-163.50,-1212.50,-145.8246,-131.3966
34515450,-402.50,-2047.50,-144.0903,-101.2787
34519356,-207.50,-412.50,-150.3547,-85.5917
34523266,164.50,2047.50,-159.0819,-100.4485
34527172,181.50,1787.50,-165.8934,-72.7135
34531078,-153.50,-901.50,-172.0435,-28.1432
34534984,-420.50,-2047.50,-173.8837,-28.2709
34538890,-256.50,-753.50,-170.0407,-53.6215
34542796,112.50,2047.50,-166.0650,-69.8597
34546702,210.50,2047.50,-164.5995,-3.0777
34550608,-105.50,-581.50,-163.4913,46.4687
34554514,-431.50,-2047.50,-165.4950,5.9237
34558420,-349.50,-1122.50,-177.2527,-61.1689
34562326,33.50,1939.50,-193.0033,-86.8556
34566232,175.50,2047.50,-200.8694,-20.2182
34570138,-104.50,-265.50,-201.1353,-4.9451
34574044,-416.50,-2047.50,-195.2982,-58.6673
34577950,-388.50,-1388.50,-187.0518,-98.5500
34581856,-18.50,1382.50,-186.6112,-146.4085
34585762,181.50,2047.50,-190.0971,-166.1264
34589668,-68.50,-5.50,-191.4638,-175.0889
34593574,-465.50,-2047.50,-199.9751,-177.3196
34597480,-443.50,-1634.50,-213.4850,-164.7653
34601386,-111.50,963.50,-219.1267,-186.6233
34605292,64.50,2047.50,-231.8106,-223.9252
34609198,-105.50,287.50,-257.1493,-244.2854
34613104,-533.50,-2047.50,-278.3788,-243.4056
34617010,-720.50,-1935.50,-317.9785,-244.7984
34620916,-442.50,384.50,-392.1948,-300.7849
34624822,-208.50,2047.50,-466.6905,-364.9958
34628728,-514.50,330.50,-538.7765,-383.6334
34632634,-957.50,-2047.50,-629.6171,-402.6244
34636540,-1164.50,-2047.50,-720.3935,-381.6668
34640446,-973.50,-350.50,-801.9573,-397.8340
34644352,-752.50,1635.50,-885.8534,-556.8187
34648258,-975.50,149.50,-976.1097,-718.5929
34652164,-1359.50,-2047.50,-1057.3462,-777.6615
34656070,-1562.50,-2047.50,-1101.1714,-619.9147
34659976,-1378.50,-956.50,-1122.5693,-457.9172
34663882,-1106.50,958.50,-1156.1238,-672.0727
34667788,-1164.50,78.50,-1195.5305,-1022.2001
34671694,-1581.50,-2047.50,-1222.9685,-1125.2454
34675600,-1839.50,-2047.50,-1244.0328,-836.0540
34679506,-1640.50,-1393.50,-1262.8042,-502.4538
34683412,-1266.50,653.50,-1265.9497,-657.0828
34687318,-1214.50,170.50,-1241.9249,-1041.5050
34691224,-1536.50,-2047.50,-1196.1696,-1198.9647
34695130,-1743.50,-2047.50,-1140.2203,-938.5424
34699036,-1551.50,-1643.50,-1081.9322,-532.8870
34702942,-1140.50,503.50,-1027.5282,-577.3653
34706848,-1028.50,431.50,-974.9166,-899.9496
34710754,-1281.50,-2047.50,-915.6117,-1095.5107
34714660,-1551.50,-2047.50,-850.4381,-950.3862
34718566,-1406.50,-1776.50,-793.4593,-551.1269
34722472,-963.50,467.50,-742.3713,-467.1172
34726378,-767.50,858.50,-678.8721,-654.8716
34730284,-994.50,-1517.50,-602.6826,-768.0479
34734190,-1284.50,-2047.50,-529.3048,-662.3792
34738096,-1209.50,-1898.50,-474.1615,-385.5112
34742002,-789.50,349.50,-434.9471,-348.9658
34745908,-512.50,1162.50,-384.6373,-493.4644
34749814,-692.50,-1039.50,-308.9309,-550.0751
34753720,-1040.50,-2047.50,-234.7319,-465.4284
34757626,-960.50,-1955.50,-181.2644,-266.3822
34761532,-565.50,262.50,-132.7569,-226.0117
34765438,-303.50,1490.50,-84.6143,-294.4450
34769344,-460.50,-512.50,-42.0035,-286.4817
34773250,-804.50,-2047.50,-2.3932,-239.4056
34777156,-840.50,-2040.50,30.0259,-159.6011
34781062,-464.50,110.50,55.8273,-154.8132
34784968,-143.50,1904.50,87.5629,-136.4010
34788874,-275.50,-16.50,126.0945,-18.6560
34792780,-648.50,-2047.50,156.4515,-5.5790
34796686,-741.50,-2047.50,172.0680,-60.7513
34800592,-417.50,-164.50,181.3657,-101.3832
34804498,-74.50,2047.50,195.5662,-63.0350
34808404,-136.50,421.50,220.6969,91.7961
34812310,-512.50,-2047.50,249.1066,93.5124
34816216,-623.50,-2047.50,273.2685,-27.3358
34820122,-303.50,-367.50,302.9008,-57.3717
34824028,81.50,2047.50,343.0805,20.4556
34827934,-13.50,887.50,371.1342,190.9433
34831840,-316.50,-1873.50,378.1223,201.7398
34835746,-464.50,-2047.50,397.5796,59.1429
34839652,-227.50,-544.50,434.5192,26.1405
34843558,154.50,2047.50,461.5072,119.9479
34847464,202.50,1273.50,479.6205,293.3541
34851370,-129.50,-1468.50,500.6789,323.1778
34855276,-358.50,-2047.50,521.2977,197.0287
34859182,-143.50,-754.50,538.3604,143.6429
34863088,233.50,2047.50,552.0699,210.7083
34866994,339.50,1724.50,564.3521,400.6264
34870900,50.50,-1012.50,584.5620,481.6957
34874806,-198.50,-2047.50,614.3750,361.9005
34878712,-22.50,-1001.50,646.6520,245.2172
34882618,370.50,2047.50,674.2032,268.1336
34886524,473.50,2047.50,685.5565,475.7400
34890430,185.50,-530.50,678.9264,594.9011
34894336,-146.50,-2047.50,665.2807,479.3405
34898242,-79.50,-1241.50,647.5046,312.2871
34902148,294.50,1680.50,626.8741,251.2762
34906054,454.50,2047.50,609.1463,357.3991
34909960,176.50,-158.50,592.2541,445.1805
34913866,-170.50,-2047.50,573.7979,395.7134
34917772,-140.50,-1498.50,558.6804,283.2666
34921678,208.50,1274.50,546.6612,208.8433
34925584,419.50,2047.50,532.4099,253.3324
34929490,227.50,171.50,522.1308,320.5562
34933396,-150.50,-2047.50,519.8120,308.1916
34937302,-175.50,-1706.50,515.4681,228.0603
34941208,178.50,909.50,508.3644,167.9526
34945114,447.50,2047.50,505.2685,195.7838
34949020,282.50,506.50,505.3367,253.5584
34952926,-93.50,-2020.50,503.8389,251.9836
34956832,-176.50,-1873.50,498.2242,176.5363
34960738,139.50,574.50,489.5675,133.4189
34964644,431.50,2047.50,479.0084,169.8563
34968550,303.50,851.50,466.1949,231.8710
34972456,-80.50,-1770.50,451.4700,259.7582
34976362,-226.50,-2030.50,436.0489,210.1686
34980268,54.50,233.50,420.8960,154.7018
34984174,374.50,2047.50,406.6786,163.2757
34988080,279.50,1136.50,389.1786,218.6411
34991986,-110.50,-1542.50,364.2536,249.7995
34995892,-280.50,-2047.50,342.2888,220.2108
34999798,-16.50,-112.50,336.7461,189.6823
35003704,345.50,2047.50,344.0741,194.0605
35007610,299.50,1465.50,345.5466,249.6265
35011516,-56.50,-1251.50,331.9233,289.9119
35015422,-266.50,-2047.50,319.6475,262.6905
35019328,-36.50,-432.50,323.6652,229.7449
35023234,326.50,2047.50,335.1480,230.3256
35027140,365.50,1922.50,338.4006,324.6815
35031046,48.50,-853.50,335.8293,420.8916
35034952,-221.50,-2047.50,337.0422,385.6526
35038858,-74.50,-746.50,336.4455,289.6513
35042764,317.50,2047.50,331.0192,257.0914
35046670,417.50,2047.50,328.1928,348.9886
35050576,118.50,-463.50,329.5628,422.5277
35054482,-222.50,-2047.50,325.8756,378.4447
35058388,-65.50,-960.50,318.9415,298.8817
35062294,297.50,2047.50,321.0752,309.6423
35066200,336.50,2047.50,305.1974,408.9394
35070106,31.50,-207.50,249.3446,391.2904
35074012,-292.50,-2047.50,194.1615,276.5054
35077918,-255.50,-1372.50,169.3760,187.3773
35081824,99.50,1503.50,158.3974,150.6868
35085730,319.50,2047.50,151.7686,184.2129
35089636,48.50,64.50,149.1128,188.7312
35093542,-334.50,-2047.50,136.1730,151.0801
35097448,-335.50,-1645.50,113.3995,110.9066
35101354,48.50,1050.50,101.8443,75.5860
35105260,304.50,2047.50,110.0662,75.2146
35109166,98.50,391.50,122.7933,83.4635
35113072,-304.50,-2047.50,119.9949,76.2762
35116978,-349.50,-1860.50,104.1461,42.9007
35120884,-11.50,672.50,93.4369,16.7563
35124790,294.50,2047.50,95.4517,23.5890
35128696,177.50,735.50,109.6998,46.0907
35132602,-210.50,-1839.50,127.3999,72.5734
35136508,-333.50,-2006.50,132.8100,65.6447
35140414,-58.50,311.50,120.1293,37.5786
35144320,266.50,2047.50,99.0798,22.1838
35148226,176.50,1040.50,85.5320,37.5193
35152132,-204.50,-1615.50,81.9431,69.4134
35156038,-373.50,-2047.50,80.4148,80.3311
35159944,-133.50,-22.50,72.9414,76.4149
35163850,242.50,2047.50,62.8942,62.5354
35167756,234.50,1370.50,66.9830,77.3645
35171662,-165.50,-1321.50,78.0895,112.4907
35175568,-382.50,-2047.50,75.7262,127.1182
35179474,-165.50,-348.50,64.1912,126.6027
35183380,203.50,2047.50,54.7187,110.0051
35187286,246.50,1773.50,52.9408,149.5933
35191192,-156.50,-1036.50,50.6771,203.2188
35195098,-429.50,-2047.50,33.0845,186.4816
35199004,-268.50,-717.50,8.4234,141.8841
35202910,103.50,2047.50,-10.4680,116.9885
35206816,170.50,2047.50,-24.0031,193.2238
35210722,-149.50,-684.50,-32.6811,265.1261
35214628,-430.50,-2047.50,-31.5278,225.4605
35218534,-354.50,-1039.50,-29.6822,149.8692
35222440,44.50,2047.50,-39.3593,133.7985
35226346,176.50,2047.50,-48.6560,220.3516
35230252,-125.50,-376.50,-51.9720,232.0381
35234158,-454.50,-2047.50,-55.0448,150.3284
35238064,-399.50,-1384.50,-58.6562,84.3507
35241970,-15.50,1449.50,-62.8955,20.1666
35245876,143.50,2047.50,-69.4103,9.7470
35249782,-111.50,-80.50,-80.5577,22.2852
35253688,-461.50,-2047.50,-89.1225,27.1100
35257594,-437.50,-1627.50,-87.3315,27.5486
35261500,-79.50,1079.50,-80.5955,-9.6853
35265406,162.50,2047.50,-76.0300,-39.7156
35269312,-10.50,250.50,-67.1217,-45.5768
35273218,-376.50,-2047.50,-49.0013,-38.2107
35277124,-428.50,-1844.50,-34.4993,-36.9287
35281030,-149.50,685.50,-42.6664,-63.1866
35284936,93.50,2047.50,-77.6706,-89.5797
35288842,-54.50,534.50,-114.1691,-95.1986
35292748,-414.50,-2047.50,-125.4241,-101.8647
35296654,-524.50,-2024.50,-117.3323,-121.0486
35300560,-192.50,277.50,-106.6607,-130.4237
35304466,137.50,2047.50,-93.0847,-130.5678
35308372,41.50,834.50,-75.9443,-112.5353
35312278,-325.50,-1826.50,-61.7568,-97.9496
35316184,-468.50,-2047.50,-51.1432,-87.4030
35320090,-191.50,7.50,-43.0892,-53.4302
35323996,167.50,2047.50,-35.5526,-42.0884
35327902,107.50,1172.50,-28.2610,-40.7199
35331808,-266.50,-1499.50,-27.2964,-35.3272
35335714,-474.50,-2047.50,-32.6095,-14.4627
35339620,-224.50,-319.50,-35.8634,23.2517
35343526,110.50,2047.50,-36.8404,20.1326
35347432,133.50,1488.50,-40.1229,21.2525
35351338,-240.50,-1256.50,-43.9434,14.8869
35355244,-476.50,-2047.50,-47.2319,6.2467
35359150,-290.50,-685.50,-48.2070,30.5467
35363056,85.50,2047.50,-46.8521,38.7989
35366962,155.50,1907.50,-44.5635,100.9369
35370868,-177.50,-895.50,-41.2058,148.3452
35374774,-481.50,-2047.50,-42.0622,112.3556
35378680,-337.50,-1007.50,-48.2407,71.7030
35382586,58.50,2047.50,-49.7559,65.8921
35386492,186.50,2047.50,-41.4973,150.7411
35390398,-132.50,-526.50,-33.7824,181.8636
35394304,-446.50,-2047.50,-34.3387,116.7275
35398210,-368.50,-1303.50,-37.9107,62.8141
35402116,23.50,1594.50,-38.7352,13.0995
35406022,182.50,2047.50,-37.2239,15.6219
35409928,-79.50,-207.50,-37.4144,22.8427
35413834,-431.50,-2047.50,-39.4238,13.4497
35417740,-399.50,-1557.50,-40.8389,15.1167
35421646,-34.50,1185.50,-41.6390,-21.6522
35425552,190.50,2047.50,-41.5089,-56.4706
35429458,-40.50,126.50,-41.2490,-68.1916
35433364,-417.50,-2047.50,-44.6668,-58.8345
35437270,-448.50,-1794.50,-51.8225,-44.3993
35441176,-105.50,777.50,-59.0352,-73.8785
35445082,176.50,2047.50,-61.1485,-115.5035
35448988,30.50,427.50,-50.8280,-127.6483
35452894,-362.50,-2047.50,-34.7034,-121.5596
35456800,-433.50,-1979.50,-26.0457,-118.4406
35460706,-143.50,434.50,-28.4656,-120.2590
35464612,151.50,2047.50,-41.6825,-126.4400
35468518,48.50,781.50,-53.0671,-118.5867
35472424,-348.50,-1860.50,-54.2817,-100.1011
35476330,-448.50,-2047.50,-48.3882,-86.5718
35480236,-181.50,113.50,-38.4472,-70.9260
35484142,119.50,2047.50,-40.2410,-76.4799
35488048,43.50,1071.50,-58.5740,-83.5068
35491954,-337.50,-1640.50,-77.3103,-85.8543
35495860,-524.50,-2047.50,-86.9218,-70.1533
35499766,-254.50,-256.50,-85.2324,-30.5908
35503672,89.50,2047.50,-76.4856,-32.8912
35507578,107.50,1403.50,-66.7237,-31.3455
35511484,-269.50,-1353.50,-57.6023,-25.6156
35515390,-485.50,-2047.50,-51.9608,-18.5973
35519296,-285.50,-593.50,-48.2418,12.7743
35523202,83.50,2047.50,-46.1651,12.7372
35527108,123.50,1777.50,-47.7985,50.0890
35531014,-209.50,-1060.50,-49.6848,74.5546
35534920,-476.50,-2047.50,-47.3781,43.5430
35538826,-271.50,-946.50,-33.7761,29.1273
35542732,49.50,2032.50,-18.8451,27.6295
35546638,127.50,2047.50,-27.8814,109.0465
35550544,-193.50,-683.50,-53.5158,156.4064
35554450,-547.50,-2047.50,-79.1985,100.6773
35558356,-416.50,-1256.50,-99.6357,46.2915
35562266,-0.50,1617.50,-97.3125,-14.9797
35566172,114.50,2047.50,-80.1051,-17.8563
35570078,-147.50,-377.50,-73.1921,-0.6143
35573984,-472.50,-2047.50,-70.4946,-5.8174
35577890,-442.50,-1512.50,-66.5763,2.0818
35581796,-48.50,1198.50,-66.0407,-43.3415
35585702,139.50,2047.50,-64.2621,-92.1853
35589608,-100.50,-40.50,-63.2646,-99.6010
35593514,-460.50,-2047.50,-65.0724,-79.9449
35597420,-486.50,-1736.50,-69.7145,-46.8349
35601326,-121.50,857.50,-77.1413,-67.7694
35605232,144.50,2047.50,-76.9433,-114.7791
35609138,-38.50,290.50,-64.9236,-133.5396
35613044,-431.50,-2047.50,-54.5854,-126.7824
35616950,-494.50,-1936.50,-55.8314,-109.5070
35620856,-177.50,494.50,-64.4532,-114.5764
35624762,139.50,2047.50,-69.1168,-138.6265
35628668,-2.50,609.50,-62.3126,-145.3080
35632574,-360.50,-2025.50,-48.7584,-153.5576
35636480,-466.50,-2047.50,-33.0223,-160.4802
35640386,-163.50,139.50,-19.4281,-139.6076
35644292,185.50,2047.50,-8.6760,-128.7490
35648198,121.50,924.50,7.2007,-120.8983
35652104,-299.50,-1749.50,18.3291,-117.5528
35656010,-472.50,-2047.50,10.1716,-98.1451
35659916,-262.50,-164.50,-13.6034,-49.0746
35663822,61.50,2047.50,-47.4849,-43.6575
35667728,32.50,1187.50,-77.8049,-61.3070
35671634,-351.50,-1551.50,-93.0667,-100.3062
35675540,-591.50,-2047.50,-102.5357,-105.1308
35679446,-388.50,-575.50,-115.4585,-46.6730
35683352,-47.50,2047.50,-132.5956,-29.9116
35687258,-54.50,1465.50,-155.1428,-18.3453
35691164,-430.50,-1331.50,-182.4406,-55.4466
35695070,-753.50,-2047.50,-214.9859,-94.6997
35698976,-639.50,-1041.50,-258.1535,-66.3470
35702882,-315.50,1582.50,-309.6517,-129.5786
35706788,-291.50,1633.50,-362.4045,-193.7780
35710694,-724.50,-1284.50,-423.0603,-229.6563
35714600,-1115.50,-2047.50,-500.9683,-238.4010
35718506,-1044.50,-1544.50,-580.2830,-174.3495
35722412,-731.50,823.50,-642.5805,-301.2683
35726318,-698.50,1289.50,-700.6643,-545.6641
35730224,-1048.50,-1301.50,-766.4630,-679.6546
35734130,-1376.50,-2047.50,-816.5193,-594.3105
35738036,-1273.50,-1838.50,-822.4105,-329.1430
35741942,-904.50,423.50,-794.3811,-322.0224
35745848,-762.50,1276.50,-772.3592,-561.4103
35749754,-948.50,-996.50,-760.8847,-715.4716
35753660,-1245.50,-2047.50,-725.0224,-624.9164
35757566,-1261.50,-2019.50,-674.1050,-342.3367
35761472,-844.50,132.50,-637.1061,-293.5697
35765378,-638.50,1292.50,-610.1686,-508.7058
35769284,-806.50,-660.50,-587.4875,-669.0228
35773190,-1135.50,-2047.50,-557.4208,-605.5919
35777096,-1130.50,-2047.50,-511.2079,-333.5288
35781002,-773.50,-144.50,-460.9126,-228.0924
35784908,-514.50,1378.50,-425.3627,-394.3311
35788814,-656.50,-289.50,-408.2923,-547.1438
35792720,-1032.50,-2047.50,-396.6389,-529.5739
35796626,-1108.50,-2047.50,-382.3022,-316.6971
35800532,-770.50,-431.50,-361.0220,-183.2717
35804438,-416.50,1517.50,-327.3161,-284.2960
35808344,-512.50,150.50,-285.8735,-381.9783
35812250,-888.50,-2047.50,-253.4350,-391.9799
35816156,-990.50,-2047.50,-230.0765,-278.8425
35820062,-689.50,-633.50,-201.2199,-146.0491
35823968,-330.50,1584.50,-168.1132,-171.8513
35827874,-349.50,511.50,-135.5124,-227.1443
35831780,-682.50,-2047.50,-99.8025,-292.7830
35835686,-846.50,-2047.50,-60.7194,-284.2669
35839592,-600.50,-881.50,-26.4407,-151.4568
35843498,-196.50,1477.50,1.4271,-124.2306
35847404,-144.50,928.50,35.8417,-143.4254
35851310,-512.50,-1840.50,71.8958,-184.7793
35855216,-704.50,-2047.50,97.5413,-201.6577
35859122,-456.50,-1052.50,128.2861,-83.4446
35863028,-83.50,1506.50,166.3242,-13.6237
35866934,28.50,1494.50,198.3213,51.0443
35870840,-250.50,-1274.50,234.0112,105.6571
35874746,-512.50,-2047.50,275.8253,83.8685
35878652,-344.50,-1252.50,309.2437,85.7654
35882558,71.50,1374.50,334.5180,61.4934
35886464,235.50,2047.50,363.8894,148.1811
35890370,-28.50,-730.50,401.1130,313.4858
35894276,-337.50,-2047.50,434.3080,314.4926
35898182,-207.50,-1374.50,456.8102,226.5555
35902088,219.50,1434.50,481.4959,181.4441
35905994,435.50,2047.50,517.3754,267.1862
35909900,215.50,-222.50,559.0175,370.2470
35913806,-106.50,-2047.50,595.9919,341.8799
35917712,-54.50,-1519.50,620.2239,253.8631
35921618,323.50,1254.50,631.6927,220.5251
35925524,577.50,2047.50,639.5263,292.6559
35929430,369.50,259.50,651.5206,366.4673
35933336,18.50,-2047.50,663.0471,344.9828
35937242,-5.50,-1679.50,667.2474,252.1442
35941148,385.50,1040.50,669.7754,224.6608
35945054,662.50,2047.50,679.8567,302.2999
35948960,509.50,672.50,693.3445,363.4282
35952866,150.50,-1789.50,703.9152,372.2540
35956772,50.50,-1861.50,705.8418,313.3472
35960678,364.50,710.50,692.3087,258.0735
35964584,639.50,2047.50,666.7875,281.3303
35968490,483.50,955.50,633.2512,316.8805
35972396,90.50,-1586.50,596.0171,332.0835
35976302,-107.50,-2046.50,556.0548,286.6792
35980208,162.50,310.50,509.8348,220.0922
35984114,509.50,2047.50,473.1197,225.4300
35988020,388.50,1236.50,450.5460,277.5366
35991926,-30.50,-1382.50,418.5425,311.0579
35995832,-300.50,-2047.50,364.6575,284.4135
35999738,-117.50,-116.50,292.6254,231.2649
36003644,133.50,2047.50,207.9262,217.3290
36007550,66.50,1331.50,118.9262,239.8272
36011456,-392.50,-1421.50,34.7237,190.6309
36015362,-730.50,-2047.50,-50.8117,105.5820
36019268,-605.50,-767.50,-141.9089,73.3433
36023174,-278.50,2047.50,-222.8191,83.0479
36027080,-253.50,1471.50,-277.5993,163.8523
36030986,-686.50,-1381.50,-317.6027,125.0343
36034892,-996.50,-2047.50,-362.9845,-2.9442
36038798,-799.50,-1180.50,-393.1097,-17.3352
36042704,-360.50,1440.50,-377.7481,-49.0884
36046610,-281.50,1839.50,-338.1888,-26.3926
36050516,-557.50,-963.50,-308.3804,54.9686
36054422,-802.50,-2047.50,-275.4660,67.5074
36058328,-655.50,-1401.50,-223.3607,66.2663
36062234,-238.50,1226.50,-168.6378,6.0126
36066140,-35.50,2047.50,-122.6837,6.2369
36070046,-244.50,-463.50,-74.6962,106.2037
36073952,-527.50,-2047.50,-15.4986,144.8886
36077858,-436.50,-1518.50,45.7151,132.8321
36081764,-12.50,1188.50,97.8436,102.3492
36085670,242.50,2047.50,143.2517,117.2563
36089576,45.50,55.50,186.6658,169.2350
36093482,-284.50,-2047.50,226.3268,178.4421
36097388,-264.50,-1657.50,259.2744,148.2352
36101294,126.50,1040.50,286.1326,137.1655
36105200,390.50,2047.50,307.6390,172.8716
36109106,245.50,480.50,327.2461,199.0497
36113012,-111.50,-1947.50,350.5397,191.7332
36116918,-160.50,-1811.50,372.3796,154.4135
36120824,177.50,789.50,384.3001,148.8852
36124730,511.50,2047.50,392.3816,188.2216
36128636,385.50,899.50,406.3978,213.0947
36132542,19.50,-1604.50,421.7169,246.2782
36136448,-68.50,-1964.50,435.5460,245.8943
36140354,243.50,490.50,449.7885,212.2212
36144260,560.50,2047.50,456.0839,203.6895
36148166,469.50,1220.50,448.7892,211.2411
36152072,101.50,-1336.50,436.8326,249.9480
36155978,-65.50,-2047.50,430.5029,262.8121
36159884,198.50,181.50,427.5826,234.6644
36163790,511.50,2047.50,416.0591,224.5120
36167696,474.50,1558.50,391.4615,242.2912
36171602,113.50,-1064.50,368.3154,285.1477
36175508,-105.50,-2047.50,357.4574,291.7588
36179414,114.50,-158.50,352.5464,258.5032
36183320,473.50,2047.50,345.3978,245.6100
36187226,511.50,1935.50,336.7360,291.7190
36191132,189.50,-744.50,335.9049,360.4950
36195038,-64.50,-2047.50,344.7942,346.6693
36198944,81.50,-482.50,347.5864,276.4881
36202850,457.50,2047.50,334.6598,258.9566
36206756,555.50,2047.50,320.0369,311.6104
36210662,234.50,-367.50,315.0329,354.0629
36214568,-105.50,-2047.50,306.6930,328.1453
36218474,-17.50,-792.50,280.3733,262.1284
36222380,368.50,2047.50,247.7865,268.1896
36226286,486.50,2047.50,225.1332,335.8830
36230192,182.50,-85.50,207.4234,315.4132
36234098,-133.50,-2047.50,192.9192,237.3385
36238004,-88.50,-1154.50,184.9277,171.1528
36241910,304.50,2047.50,179.7656,224.4553
36245816,464.50,2047.50,173.4875,353.3582
36249722,194.50,177.50,157.8761,302.0674
36253628,-153.50,-2032.50,137.0525,160.6155
36257534,-172.50,-1464.50,120.5352,77.2118
36261440,171.50,1424.50,102.4331,83.0107
36265346,381.50,2047.50,79.2658,135.4376
36269252,180.50,482.50,57.7892,110.1576
36273158,-174.50,-1886.50,48.3645,77.4200
36277064,-207.50,-1714.50,53.7197,62.9665
36280970,94.50,989.50,57.7527,54.5818
36284876,358.50,2047.50,45.3949,56.1536
36288782,211.50,773.50,27.7099,25.6108
36292688,-174.50,-1724.50,17.9240,24.9132
36296594,-274.50,-1920.50,12.9074,33.9495
36300500,31.50,567.50,9.1453,17.9953
36304406,335.50,2047.50,5.2755,0.0912
36308312,223.50,1094.50,-1.2799,-12.5671
36312218,-168.50,-1490.50,-12.3983,22.0397
36316124,-324.50,-2047.50,-25.6529,47.5523
36320030,-60.50,203.50,-36.6377,25.7159
36323936,266.50,2047.50,-46.1123,-1.5602
36327842,221.50,1343.50,-54.5053,-11.1507
36331748,-145.50,-1266.50,-58.7190,12.3022
36335654,-367.50,-2047.50,-62.4091,39.4904
36339560,-143.50,-155.50,-71.7480,44.4983
36343466,198.50,2047.50,-85.1702,30.9266
36347372,208.50,1712.50,-97.5394,47.1334
36351278,-125.50,-988.50,-101.3023,86.4747
36355184,-383.50,-2047.50,-96.8064,89.0166
36359090,-240.50,-512.50,-101.3440,63.8632
36362996,138.50,2047.50,-119.0417,48.2569
36366902,204.50,2047.50,-131.8245,106.9539
36370808,-114.50,-655.50,-132.4013,172.3820
36374714,-399.50,-2047.50,-127.1755,145.0307
36378620,-271.50,-882.50,-123.0288,69.8866
36382526,115.50,2047.50,-121.1120,46.9450
36386432,231.50,2047.50,-118.6293,115.8165
36390338,-80.50,-314.50,-120.0420,137.9000
36394244,-389.50,-2047.50,-125.7919,86.7496
36398150,-316.50,-1173.50,-128.8288,33.6731
36402056,48.50,1931.50,-130.8492,46.2052
36405962,223.50,2047.50,-134.1415,125.1274
36409868,-16.50,-33.50,-132.2878,95.5695
36413774,-364.50,-2047.50,-124.3164,4.0146
36417680,-350.50,-1470.50,-119.9599,-44.2901
36421586,34.50,1313.50,-119.0750,-66.8536
36425492,250.50,2047.50,-113.6874,-67.3353
36429398,77.50,271.50,-101.1661,-85.1102
36433304,-278.50,-2047.50,-81.2909,-98.7093
36437210,-336.50,-1711.50,-68.4344,-106.4041
36441116,-14.50,931.50,-76.4492,-113.9450
36445022,240.50,2047.50,-95.4683,-118.0452
36448928,64.50,576.50,-111.5999,-136.1886
36452834,-322.50,-1918.50,-123.6200,-134.2876
36456740,-413.50,-1916.50,-133.5434,-128.1481
36460646,-111.50,509.50,-141.2572,-139.8382
36464552,198.50,2047.50,-145.3514,-161.1799
36468458,109.50,885.50,-139.7177,-169.3948
36472364,-273.50,-1732.50,-127.0153,-144.0042
36476270,-431.50,-2047.50,-122.4192,-124.5783
36480176,-148.50,189.50,-128.4215,-122.5020
36484082,165.50,2047.50,-136.3585,-132.7001
36487988,117.50,1200.50,-141.9246,-133.0432
36491894,-255.50,-1459.50,-142.8400,-106.4898
36495800,-463.50,-2047.50,-144.0604,-75.2678
36499706,-226.50,-155.50,-150.2897,-57.9298
36503612,141.50,2047.50,-153.5185,-74.6699
36507518,144.50,1488.50,-147.7414,-80.3672
36511424,-209.50,-1216.50,-139.0982,-70.9059
36515330,-444.50,-2047.50,-133.5272,-60.6408
36519236,-260.50,-524.50,-132.2312,-43.8111
36523142,106.50,2047.50,-135.0277,-47.8568
36527048,144.50,1872.50,-140.8224,-4.7123
36530954,-178.50,-893.50,-146.6140,40.2893
36534860,-460.50,-2047.50,-148.0177,20.3195
36538766,-290.50,-835.50,-142.3472,-8.7583
36542672,65.50,2047.50,-133.5387,-10.6302
36546578,177.50,2047.50,-130.4220,59.8492
36550484,-120.50,-512.50,-130.5928,93.7931
36554390,-431.50,-2047.50,-128.2393,46.6907
36558296,-364.50,-1167.50,-129.5676,-7.0147
36562202,16.50,1843.50,-137.0394,-28.8763
36566108,186.50,2047.50,-139.7158,16.2664
36570014,-79.50,-230.50,-133.8478,9.7343
36573920,-395.50,-2047.50,-123.7167,-44.1216
36577826,-368.50,-1426.50,-112.7996,-63.6527
36581732,15.50,1395.50,-104.5345,-77.4105
36585638,189.50,2047.50,-102.2208,-80.3669
36589544,16.50,112.50,-101.4293,-100.7815
36593450,-346.50,-2047.50,-90.5181,-115.2189
36597356,-398.50,-1660.50,-83.1800,-108.4972
36601266,-33.50,1009.50,-89.7220,-113.6581
36605172,207.50,2047.50,-94.9614,-129.5574
36609078,29.50,454.50,-96.4080,-152.1570
36612984,-348.50,-2014.50,-99.2720,-154.8227
36616890,-425.50,-1861.50,-103.3239,-150.3012
36620796,-93.50,634.50,-104.6287,-148.9597
36624702,205.50,2047.50,-98.9843,-157.1410
36628608,80.50,752.50,-89.9910,-173.5946
36632514,-318.50,-1841.50,-87.9787,-167.1820
36636420,-436.50,-2040.50,-94.4625,-157.0181
36640326,-138.50,239.50,-97.2699,-159.1159
36644232,187.50,2047.50,-91.9510,-173.2410
36648138,107.50,1021.50,-86.5090,-179.5719
36652044,-251.50,-1622.50,-83.6606,-167.2525
36655950,-437.50,-2047.50,-80.9431,-137.2777
36659856,-187.50,-105.50,-80.5230,-103.2636
36663762,155.50,2047.50,-83.1147,-110.8550
36667668,131.50,1330.50,-86.7527,-121.2277
36671574,-229.50,-1380.50,-90.4268,-122.0364
36675480,-453.50,-2047.50,-92.3734,-107.2518
36679386,-254.50,-466.50,-93.6533,-71.2087
36683292,97.50,2047.50,-98.2718,-70.5366
36687198,143.50,1680.50,-103.8188,-48.3083
36691104,-223.50,-1074.50,-108.6446,-29.4494
36695010,-512.50,-2047.50,-120.5917,-40.0163
36698916,-328.50,-801.50,-133.0948,-36.5030
36702822,37.50,2047.50,-133.4240,-33.4422
36706728,112.50,2025.50,-131.3727,39.5717
36710634,-196.50,-712.50,-135.0814,89.1108
36714540,-512.50,-2047.50,-139.6983,43.8166
36718446,-393.50,-1130.50,-142.2170,-10.2653
36722352,16.50,1841.50,-134.7850,-44.1674
36726258,172.50,2047.50,-114.3282,-4.3057
36730164,-121.50,-374.50,-96.4868,14.8432
36734070,-447.50,-2047.50,-91.4521,-17.3561
36737976,-377.50,-1391.50,-89.0426,-35.2344
36741882,-20.50,1366.50,-84.5024,-80.2142
36745788,176.50,2047.50,-83.6529,-111.6111
36749694,-50.50,-45.50,-82.3118,-116.4058
36753600,-393.50,-2047.50,-73.7458,-102.4978
36757506,-405.50,-1654.50,-64.2844,-83.2918
36761412,-79.50,973.50,-67.2628,-118.3956
36765318,194.50,2047.50,-76.2299,-167.5375
36769224,11.50,247.50,-71.3157,-184.5085
36773130,-381.50,-2047.50,-60.6327,-172.0021
36777036,-447.50,-1852.50,-62.5671,-149.4006
36780942,-100.50,624.50,-69.5219,-152.5653
36784848,190.50,2047.50,-67.1959,-178.4689
36788754,44.50,578.50,-58.6445,-190.4896
36792660,-335.50,-1975.50,-53.5337,-185.1475
36796566,-456.50,-2031.50,-54.5205,-180.6341
36800472,-148.50,288.50,-57.9749,-174.5953
36804378,170.50,2047.50,-58.3899,-175.0289
36808284,111.50,912.50,-50.4353,-166.8942
36812190,-292.50,-1693.50,-39.3136,-141.6524
36816096,-463.50,-2047.50,-39.2931,-106.4977
36820002,-205.50,-15.50,-48.8735,-76.6711
36823908,144.50,2047.50,-56.2789,-88.7884
36827814,99.50,1199.50,-59.1180,-107.0956
36831720,-270.50,-1471.50,-61.6353,-114.5510
36835626,-472.50,-2047.50,-62.2441,-92.6398
36839532,-254.50,-349.50,-58.6035,-41.8881
36843438,107.50,2047.50,-56.0733,-33.8574
36847344,112.50,1557.50,-59.2596,-25.8758
36851250,-239.50,-1181.50,-67.0455,-23.3154
36855156,-512.50,-2047.50,-75.8540,-28.0001
36859062,-321.50,-716.50,-81.2634,-10.2617
36862968,58.50,2047.50,-78.6006,-7.5178
36866874,130.50,1899.50,-72.2365,46.6655
36870780,-180.50,-857.50,-67.0513,78.9758
36874686,-464.50,-2047.50,-58.9725,40.6618
36878592,-322.50,-1050.50,-46.1804,10.6291
36882498,53.50,1936.50,-33.7771,-1.7000
36886404,173.50,2047.50,-29.4946,60.2378
36890310,-92.50,-522.50,-28.8201,85.0145
36894216,-424.50,-2047.50,-22.7580,32.8443
36898122,-332.50,-1325.50,-13.5279,1.0457
36902028,25.50,1474.50,-6.6983,-41.9267
36905934,215.50,2047.50,-5.3300,-57.9261
36909840,-66.50,-172.50,-10.0207,-53.8396
36913746,-408.50,-2047.50,-18.9720,-47.3803
36917652,-354.50,-1564.50,-18.3451,-29.1345
36921558,-28.50,1116.50,-8.4073,-55.2226
36925464,213.50,2047.50,-6.2858,-94.9462
36929370,17.50,167.50,-5.2947,-112.2538
36933276,-366.50,-2047.50,-0.4911,-102.3459
36937182,-413.50,-1786.50,-2.7852,-81.4149
36941088,-68.50,751.50,-10.1346,-93.4542
36944994,178.50,2047.50,-17.2925,-125.9721
36948900,-14.50,458.50,-30.9964,-146.7174
36952806,-390.50,-2047.50,-50.2493,-155.4416
36956712,-484.50,-1967.50,-62.3543,-154.9653
36960618,-175.50,357.50,-65.4826,-148.1630
36964524,126.50,2047.50,-66.2559,-154.0569
36968430,9.50,763.50,-67.7290,-154.8621
36972336,-380.50,-1871.50,-71.8800,-151.7082
36976242,-552.50,-2047.50,-82.3458,-140.1770
36980148,-270.50,11.50,-96.7716,-112.7919
36984054,74.50,2047.50,-103.4299,-113.9798
36987960,11.50,1047.50,-100.1687,-119.7190
36991866,-345.50,-1632.50,-93.8700,-127.1588
36995772,-556.50,-2047.50,-88.6197,-109.3776
36999678,-296.50,-332.50,-85.2271,-57.6163
37003584,65.50,2047.50,-78.6609,-52.8852
37007490,71.50,1392.50,-69.1120,-47.9937
37011396,-268.50,-1329.50,-58.8465,-46.7093
37015302,-484.50,-2047.50,-43.4919,-40.5472
37019208,-246.50,-654.50,-18.2837,-3.0842
37023114,111.50,2047.50,8.5741,2.7340
37027020,190.50,1779.50,24.3455,46.6034
37030926,-161.50,-972.50,30.0204,78.8204
37034832,-452.50,-2047.50,26.3521,58.1680
37038738,-304.50,-957.50,17.2585,46.6673
37042644,75.50,2047.50,12.1955,48.5116
37046550,179.50,2047.50,11.0324,132.1209
37050456,-116.50,-593.50,11.4614,174.5217
37054362,-432.50,-2047.50,14.3358,118.4878
37058268,-329.50,-1247.50,19.0241,64.9976
37062174,51.50,1603.50,24.6443,7.5116
37066080,208.50,2047.50,28.4398,2.4407
37069986,-68.50,-289.50,26.9415,14.4428
37073892,-425.50,-2047.50,19.7921,11.6933
37077798,-383.50,-1508.50,11.0683,18.8859
37081704,-12.50,1182.50,7.1082,-24.2135
37085610,219.50,2047.50,11.5935,-72.0665
37089516,-64.50,59.50,13.0926,-78.3416
37093422,-414.50,-2047.50,0.6230,-53.4479
37097328,-399.50,-1729.50,-5.3296,-25.0552
37101234,-84.50,848.50,0.7823,-46.3087
37105140,197.50,2047.50,2.6036,-89.5250
37109046,82.50,387.50,16.4362,-105.9825
37112952,-256.50,-2047.50,56.3449,-97.4477
37116858,-438.50,-1945.50,79.9380,-91.6267
37120764,-207.50,400.50,38.6485,-115.9014
37124670,144.50,2047.50,-27.9568,-153.5358
37128576,14.50,671.50,-52.4534,-150.8243
37132482,-399.50,-1980.50,-49.7797,-135.8770
37136388,-538.50,-2047.50,-56.1099,-131.7487
37140294,-256.50,69.50,-67.7414,-117.8621
37144200,80.50,2047.50,-73.3737,-120.6443
37148106,-3.50,925.50,-74.1630,-120.3311
37152012,-367.50,-1741.50,-74.8328,-125.4082
37155918,-512.50,-2047.50,-66.6367,-107.5304
37159824,-274.50,-239.50,-48.1111,-50.4202
37163730,123.50,2047.50,-28.8615,-39.5440
37167636,107.50,1259.50,-9.3285,-42.1135
37171542,-254.50,-1453.50,3.7399,-54.9034
37175448,-485.50,-2047.50,6.1898,-47.9732
37179354,-303.50,-581.50,1.0961,1.6757
37183260,85.50,2047.50,-6.5341,10.6396
37187166,138.50,1591.50,-5.4540,32.7874
37191072,-192.50,-1167.50,4.6390,28.6904
37194978,-474.50,-2047.50,13.3684,4.2609
37198884,-290.50,-894.50,19.7522,28.6928
37202790,90.50,2047.50,29.7552,52.4119
37206696,171.50,2015.50,35.9369,141.8352
37210602,-144.50,-755.50,30.6906,193.3649
37214508,-453.50,-2047.50,22.4460,137.8899
37218414,-367.50,-1185.50,15.7480,84.4248
37222320,-16.50,1697.50,3.3431,33.4303
37226226,129.50,2047.50,-15.0253,46.4780
37230132,-153.50,-412.50,-29.4439,72.7241
37234038,-512.50,-2047.50,-39.1764,63.5923
37237944,-442.50,-1450.50,-45.1292,59.3074
37241850,-64.50,1234.50,-40.9213,-0.0226
37245756,146.50,2047.50,-29.3515,-54.4985
37249662,-108.50,-110.50,-22.0171,-57.4169
37253568,-470.50,-2047.50,-24.6032,-33.3681
37257474,-452.50,-1698.50,-26.5180,-0.7054
37261380,-107.50,877.50,-20.7193,-32.9433
37265286,128.50,2047.50,-18.2365,-90.1024
37269192,-34.50,235.50,-18.1049,-100.2413
37273098,-411.50,-2047.50,-10.8125,-77.5175
37277004,-428.50,-1892.50,4.4871,-52.5403
37280910,-138.50,560.50,18.4984,-61.1035
37284816,164.50,2047.50,19.2289,-90.7707
37288722,-16.50,553.50,9.2054,-99.7259
37292628,-405.50,-2047.50,-8.0784,-107.7414
37296534,-494.50,-2047.50,-20.7018,-119.6305
37300440,-180.50,181.50,-14.8188,-113.0455
37304346,146.50,2047.50,0.9169,-108.1088
37308252,38.50,866.50,10.4114,-92.3276
37312158,-322.50,-1790.50,10.6791,-80.1570
37316064,-456.50,-2047.50,16.5708,-61.0506
37319970,-201.50,-116.50,30.6382,-20.0457
37323876,125.50,2047.50,35.2555,-18.3122
37327782,90.50,1158.50,27.3814,-28.2113
37331688,-261.50,-1515.50,22.0829,-41.0001
37335594,-484.50,-2047.50,23.9592,-24.4130
37339500,-255.50,-447.50,25.5175,31.1654
37343406,130.50,2047.50,29.6046,39.4237
37347312,124.50,1514.50,35.7292,50.2015
37351218,-218.50,-1218.50,34.3492,47.6379
37355124,-483.50,-2047.50,28.3751,39.1232
37359030,-309.50,-773.50,22.6426,67.5172
37362936,67.50,2047.50,18.3903,79.5383
37366842,155.50,1903.50,19.5608,142.3657
37370748,-157.50,-863.50,27.5156,176.9832
37374654,-457.50,-2047.50,36.3299,133.5106
37378560,-336.50,-1082.50,38.3792,101.8431
37382466,26.50,1955.50,32.3231,94.7959
37386372,157.50,2047.50,22.7404,164.9267
37390278,-114.50,-512.50,19.7643,187.4206
37394184,-456.50,-2047.50,23.9509,127.1016
37398090,-384.50,-1352.50,24.7610,91.0416
37401996,21.50,1435.50,27.3068,41.3581
37405902,208.50,2047.50,40.1819,18.3282
37409808,-47.50,-182.50,52.9268,20.3849
37413714,-381.50,-2047.50,59.3429,27.4556
37417620,-377.50,-1599.50,62.9653,47.4152
37421526,13.50,1038.50,66.9196,12.4709
37425432,214.50,2047.50,70.8326,-40.1540
37429338,-0.50,128.50,66.1851,-58.9449
37433244,-360.50,-2047.50,57.1384,-46.6453
37437150,-403.50,-1823.50,53.9898,-19.6463
37441056,-48.50,677.50,56.0863,-32.4651
37444962,223.50,2047.50,61.4373,-71.6596
37448868,41.50,479.50,62.7444,-82.2965
37452774,-321.50,-2047.50,57.6528,-76.1063
37456680,-431.50,-1987.50,52.9122,-73.8346
37460586,-105.50,362.50,49.8642,-66.2186
37464492,213.50,2047.50,51.8614,-65.6215
37468398,87.50,822.50,56.4249,-59.3788
37472304,-275.50,-1842.50,57.2694,-49.1157
37476210,-418.50,-2047.50,59.5815,-38.8405
37480116,-140.50,47.50,63.5692,-13.4051
37484022,208.50,2047.50,66.4514,-11.0567
37487928,125.50,1122.50,65.7805,-16.1244
37491834,-264.50,-1556.50,54.2619,-14.8743
37495740,-463.50,-2047.50,36.9450,7.5306
37499646,-237.50,-290.50,23.4128,50.5660
37503552,119.50,2047.50,13.7610,48.5081
37507458,137.50,1441.50,11.1329,45.4580
37511364,-229.50,-1261.50,15.7718,45.3736
37515270,-512.50,-2047.50,12.1333,54.0636
37519176,-304.50,-645.50,-3.3597,83.9843
37523082,80.50,2047.50,-11.4385,81.7444
37526988,134.50,1828.50,-7.4901,123.6719
37530894,-191.50,-916.50,-1.3973,160.8474
37534800,-481.50,-2047.50,3.1316,141.3046
37538706,-372.50,-956.50,-1.4504,120.6914
37542612,-0.50,2047.50,-18.8752,116.1035
37546518,137.50,2047.50,-32.1000,193.4587
37550424,-158.50,-569.50,-27.3983,225.7729
37554330,-467.50,-2047.50,-13.1108,165.2256
37558236,-384.50,-1261.50,-2.0836,113.1010
37562142,-21.50,1639.50,-1.6990,65.8322
37566048,141.50,2047.50,-10.5476,71.4592
37569954,-133.50,-271.50,-20.6034,75.0830
37573860,-472.50,-2047.50,-26.2401,57.1388
37577766,-425.50,-1519.50,-23.5846,59.6504
37581672,-50.50,1169.50,-13.7148,18.9862
37585578,145.50,2047.50,-7.2072,-28.2813
37589484,-78.50,74.50,-10.5475,-38.4460
37593390,-426.50,-2047.50,-13.7273,-17.2141
37597296,-452.50,-1753.50,-9.6169,8.8922
37601202,-106.50,807.50,-5.8093,-17.0323
37605108,165.50,2047.50,-4.0072,-64.8652
37609014,-14.50,399.50,-0.0612,-79.5550
37612920,-406.50,-2047.50,0.4609,-67.5248
37616826,-477.50,-1938.50,-4.6462,-56.8557
37620732,-136.50,460.50,-5.1260,-60.7999
37624638,160.50,2047.50,2.3699,-78.4233
37628544,46.50,732.50,11.4278,-79.1743
37632450,-317.50,-1908.50,21.4753,-66.3232
37636356,-444.50,-2047.50,33.0490,-58.7430
37640266,-217.50,142.50,30.3807,-44.3558
37644172,117.50,2047.50,6.8101,-45.1255
37648078,65.50,1023.50,-10.6281,-47.5031
37651984,-290.50,-1647.50,-4.8638,-43.6528
37655890,-485.50,-2047.50,8.9292,-20.7020
37659796,-214.50,-143.50,17.7072,29.3814
37663702,157.50,2047.50,27.7926,39.4436
37667608,144.50,1342.50,41.2762,28.6874
37671514,-230.50,-1326.50,47.0534,20.6343
37675420,-485.50,-2047.50,38.3051,37.9258
37679326,-256.50,-493.50,25.4838,79.8598
37683232,117.50,2047.50,24.2895,81.4356
37687138,130.50,1779.50,26.1725,111.7920
37691044,-219.50,-968.50,16.7242,151.6787
37694950,-486.50,-2047.50,4.6018,147.6243
37698856,-290.50,-804.50,6.7647,133.1136
37702762,94.50,2047.50,24.4327,121.1466
37706668,167.50,2047.50,37.3372,183.8443
37710574,-165.50,-604.50,30.7842,230.0868
37714480,-453.50,-2047.50,18.1662,192.3677
37718386,-328.50,-1135.50,18.9082,137.3207
37722292,65.50,1932.50,32.3370,114.3931
37726198,211.50,2047.50,45.7545,168.9927
37730104,-85.50,-329.50,49.1742,163.9097
37734010,-417.50,-2047.50,43.7337,98.4020
37737916,-386.50,-1422.50,34.9499,69.5467
37741822,-6.50,1413.50,24.5392,37.9147
37745728,179.50,2047.50,16.2899,24.5234
37749634,-33.50,-17.50,15.8350,7.8134
37753540,-411.50,-2047.50,21.9606,-2.0565
37757446,-406.50,-1664.50,25.0846,12.6092
37761352,-49.50,979.50,23.9913,-8.6007
37765258,204.50,2047.50,24.4825,-48.7176
37769164,21.50,314.50,29.7581,-70.8068
37773070,-380.50,-2047.50,33.5134,-64.5944
37776976,-430.50,-1868.50,28.6686,-48.6462
37780882,-110.50,600.50,20.5557,-55.1262
37784788,197.50,2047.50,16.6108,-82.2211
37788694,43.50,630.50,19.1804,-96.4370
37792600,-340.50,-1999.50,21.5624,-96.7937
37796506,-457.50,-2040.50,19.5927,-101.5397
37800412,-165.50,211.50,14.2399,-100.8793
37804318,160.50,2047.50,7.3353,-106.3883
37808224,108.50,895.50,10.4695,-104.4403
37812130,-272.50,-1791.50,26.9417,-102.2878
37816036,-440.50,-2047.50,41.0059,-85.9585
37819942,-257.50,-138.50,30.6385,-45.2805
37823848,88.50,2047.50,-6.3099,-46.3379
37827754,87.50,1239.50,-33.4334,-47.8331
37831660,-285.50,-1506.50,-31.1929,-42.3971
37835566,-492.50,-2047.50,-18.9264,-26.1184
37839472,-239.50,-453.50,-4.4431,17.5961
37843378,113.50,2047.50,11.1387,18.5379
37847284,144.50,1571.50,18.1495,30.6937
37851190,-191.50,-1180.50,20.1019,40.1326
37855096,-451.50,-2047.50,24.6722,37.4103
37859002,-277.50,-770.50,28.9084,60.1081
37862908,112.50,2047.50,32.4177,65.1388
37866814,192.50,1966.50,37.2553,127.9917
37870720,-154.50,-793.50,36.4780,177.0462
37874626,-452.50,-2047.50,26.6178,143.7431
37878532,-335.50,-1087.50,16.5863,101.1381
37882438,27.50,2000.50,8.4982,86.0419
37886344,157.50,2047.50,-1.4211,155.5458
37890250,-123.50,-463.50,-8.0278,170.8866
37894156,-467.50,-2047.50,-9.4746,107.5178
37898062,-376.50,-1378.50,-8.0477,68.6562
37901968,-18.50,1451.50,-4.4039,14.8046
37905874,144.50,2047.50,-8.2418,-8.3816
37909780,-116.50,-163.50,-22.7344,-10.8995
37913686,-476.50,-2047.50,-37.4720,-7.0584
37917592,-451.50,-1628.50,-43.8388,13.4772
37921498,-92.50,1023.50,-41.4371,-23.2552
37925404,143.50,2047.50,-36.5751,-78.5625
37929310,-47.50,144.50,-30.1141,-98.6106
37933216,-404.50,-2047.50,-18.9604,-84.0601
37937122,-512.50,-1833.50,-17.8872,-51.4755
37941028,-157.50,665.50,-36.3692,-59.4057
37944934,126.50,2047.50,-50.4191,-99.7982
37948840,-26.50,481.50,-47.3384,-118.0965
37952746,-416.50,-2047.50,-41.3008,-117.7341
37956652,-512.50,-2006.50,-40.4714,-113.3869
37960558,-158.50,262.50,-34.2480,-114.1668
37964464,162.50,2047.50,-14.5808,-132.1288
37968370,71.50,767.50,7.1553,-132.5542
37972276,-335.50,-1957.50,16.3351,-139.0252
37976182,-520.50,-2047.50,5.1112,-139.9849
37980088,-243.50,-84.50,-17.6492,-100.4134
37983994,71.50,2047.50,-37.4581,-89.3416
37987900,-40.50,1023.50,-62.5889,-95.0379
37991806,-476.50,-1797.50,-106.7183,-135.6088
37995712,-770.50,-2047.50,-169.3933,-153.2922
37999618,-598.50,-554.50,-242.6306,-100.7388
38003524,-281.50,2047.50,-310.8874,-91.1604
38007430,-346.50,1150.50,-367.7676,-100.1771
38011336,-772.50,-1711.50,-422.8728,-187.2881
38015242,-1078.50,-2047.50,-478.5367,-243.3728
38019148,-893.50,-1062.50,-521.4495,-168.1710
38023054,-614.50,1437.50,-554.7236,-226.1889
38026960,-572.50,1201.50,-595.0346,-358.8603
38030866,-900.50,-1582.50,-624.9825,-443.5905
38034772,-1334.50,-2047.50,-649.5831,-392.5247
38038678,-1229.50,-1475.50,-700.2692,-217.8702
38042584,-776.50,912.50,-737.8066,-287.4027
38046490,-668.50,1190.50,-724.4239,-513.3248
38050396,-988.50,-1391.50,-696.4623,-624.8663
38054302,-1292.50,-2047.50,-678.1100,-513.8486
38058208,-1210.50,-1743.50,-659.5380,-254.0777
38062114,-744.50,637.50,-628.2844,-261.4290
38066020,-553.50,1392.50,-578.9654,-457.1011
38069926,-832.50,-1039.50,-534.9018,-545.5992
38073832,-1140.50,-2047.50,-506.5776,-449.9284
38077738,-1097.50,-1905.50,-476.0662,-222.1549
38081644,-710.50,399.50,-444.2342,-210.4609
38085550,-405.50,1630.50,-408.4727,-357.5844
38089456,-584.50,-606.50,-354.4713,-401.5808
38093362,-901.50,-2047.50,-289.0623,-329.5309
38097268,-863.50,-2012.50,-221.3868,-171.3643
38101174,-480.50,263.50,-157.7242,-142.6868
38105080,-158.50,2047.50,-105.9237,-178.1298
38108986,-320.50,-46.50,-65.1429,-110.9277
38112892,-678.50,-2047.50,-33.9764,-78.8080
38116798,-703.50,-2047.50,-1.6193,-68.3118
38120704,-338.50,66.50,41.6939,-80.1321
38124610,19.50,2047.50,88.9870,-94.7271
38128516,-82.50,451.50,131.4926,-24.2422
38132422,-436.50,-2047.50,165.8641,-10.2647
38136328,-578.50,-2047.50,190.7071,-43.8387
38140234,-223.50,-161.50,211.4840,-33.8473
38144140,137.50,2047.50,238.6748,-6.9349
38148046,94.50,846.50,267.7707,61.6753
38151952,-272.50,-1914.50,290.6845,50.3019
38155858,-445.50,-2047.50,308.9203,-13.1090
38159764,-144.50,-361.50,328.9381,22.5608
38163670,206.50,2047.50,348.7121,91.6276
38167576,215.50,1269.50,357.8717,175.3594
38171482,-127.50,-1491.50,364.7181,187.6056
38175388,-346.50,-2047.50,380.1192,136.8693
38179294,-137.50,-607.50,395.3828,142.9974
38183200,278.50,2047.50,405.4658,178.5886
38187106,335.50,1725.50,416.7003,279.0749
38191012,-4.50,-1071.50,427.5120,335.3778
38194918,-277.50,-2047.50,433.8297,279.0260
38198824,-79.50,-864.50,442.2829,229.1630
38202730,281.50,2047.50,450.6126,238.4002
38206636,409.50,2047.50,449.5230,362.4783
38210542,138.50,-628.50,454.3242,442.4937
38214448,-186.50,-2047.50,472.1324,373.0245
38218354,-47.50,-1153.50,487.7500,272.1985
38222260,337.50,2007.50,496.9461,259.5884
38226166,491.50,2047.50,497.0883,374.2098
38230072,215.50,-252.50,489.4334,406.0069
38233978,-139.50,-2047.50,480.8285,320.3818
38237884,-109.50,-1400.50,468.4351,240.2344
38241790,271.50,1502.50,451.1809,199.4460
38245696,448.50,2047.50,431.4546,228.6605
38249602,189.50,95.50,406.5542,243.5160
38253508,-181.50,-2047.50,381.5033,223.1848
38257414,-194.50,-1652.50,364.7886,185.7518
38261320,162.50,1037.50,353.9218,135.6753
38265226,385.50,2047.50,339.4233,120.8218
38269132,176.50,379.50,316.4669,125.8526
38273038,-198.50,-2047.50,294.9510,124.7522
38276944,-264.50,-1855.50,284.6105,100.9725
38280850,78.50,685.50,281.3857,80.9782
38284756,359.50,2047.50,277.3312,85.7402
38288662,155.50,666.50,259.3167,90.8911
38292568,-271.50,-1981.50,219.2647,75.7641
38296474,-408.50,-2047.50,173.1884,34.7150
38300380,-143.50,210.50,134.5481,6.1396
38304286,128.50,2047.50,94.4659,6.3723
38308192,-34.50,882.50,42.2015,27.8405
38312098,-460.50,-1871.50,-17.5404,14.8072
38316004,-656.50,-2047.50,-67.9067,-10.1124
38319910,-447.50,-272.50,-107.7389,0.5676
38323816,-166.50,2047.50,-155.0250,-3.6394
38327722,-244.50,1019.50,-211.8397,-2.6233
38331628,-703.50,-1824.50,-269.8730,-66.5871
38335534,-978.50,-2047.50,-330.1443,-118.6826
38339440,-766.50,-795.50,-382.2729,-70.6236
38343346,-440.50,1934.50,-416.5251,-65.3113
38347252,-512.50,1184.50,-453.1220,-62.6269
38351158,-854.50,-1663.50,-495.9426,-125.1247
38355064,-1074.50,-2047.50,-508.4083,-172.7796
38358970,-870.50,-1141.50,-480.4563,-86.1455
38362876,-480.50,1487.50,-442.3572,-104.3286
38366782,-372.50,1578.50,-410.8959,-142.5628
38370688,-697.50,-1236.50,-383.0080,-116.5885
38374594,-957.50,-2047.50,-355.1542,-70.1651
38378500,-813.50,-1386.50,-325.6227,7.7025
38382406,-368.50,1259.50,-291.6312,-49.5739
38386312,-193.50,2047.50,-247.0128,-73.9025
38390218,-424.50,-716.50,-190.4538,40.2594
38394124,-709.50,-2047.50,-128.2478,109.3081
38398030,-567.50,-1506.50,-66.7613,121.5249
38401936,-125.50,1209.50,-6.2569,59.7350
38405842,81.50,2047.50,48.5721,31.0876
38409748,-124.50,-198.50,92.8040,88.4462
38413654,-433.50,-2047.50,135.1414,134.1892
38417560,-399.50,-1632.50,174.9210,147.3203
38421466,-13.50,1056.50,200.9447,118.2965
38425372,272.50,2047.50,221.5434,101.4485
38429278,101.50,229.50,253.6698,115.5950
38433184,-244.50,-2047.50,292.8717,125.0219
38437090,-251.50,-1807.50,326.2593,114.2746
38440996,85.50,823.50,345.7528,105.7094
38444902,367.50,2047.50,348.3681,119.1233
38448808,239.50,636.50,348.9920,132.8978
38452714,-124.50,-1940.50,361.5729,136.9267
38456620,-191.50,-1961.50,381.0365,112.5668
38460526,162.50,479.50,402.6226,95.7572
38464432,448.50,2047.50,417.9303,105.2455
38468338,343.50,972.50,416.2125,122.6763
38472244,-18.50,-1669.50,409.2505,149.6741
38476150,-145.50,-2047.50,412.4659,153.2684
38480056,110.50,150.50,416.0802,142.7300
38483962,449.50,2047.50,406.6369,134.6974
38487868,400.50,1291.50,393.1823,144.2067
38491774,16.50,-1392.50,384.5167,172.5877
38495680,-188.50,-2047.50,374.8722,187.7283
38499586,53.50,-178.50,362.5138,191.4757
38503492,394.50,2047.50,348.6943,180.7607
38507398,415.50,1663.50,336.6213,201.9961
38511304,64.50,-1093.50,333.9810,241.9551
38515210,-175.50,-2047.50,337.5640,239.6325
38519116,-21.50,-547.50,331.2097,213.5591
38523022,339.50,2047.50,307.4459,191.7105
38526928,401.50,2047.50,281.5984,257.3808
38530834,86.50,-723.50,271.4362,342.2899
38534740,-175.50,-2047.50,278.3319,320.6285
38538646,-9.50,-860.50,294.3014,243.8451
38542552,361.50,2047.50,307.1530,213.9034
38546458,453.50,2047.50,304.5342,276.2272
38550364,134.50,-364.50,286.0630,302.7916
38554270,-176.50,-2047.50,265.1723,257.4178
38558176,-60.50,-1165.50,256.9258,203.2131
38562082,275.50,2046.50,255.0987,222.0978
38565988,407.50,2047.50,237.8506,319.5751
38569894,126.50,-79.50,206.9628,287.5743
38573800,-218.50,-2047.50,180.9638,176.9697
38577706,-158.50,-1472.50,170.4391,116.0089
38581612,215.50,1390.50,174.8645,88.7356
38585518,409.50,2047.50,180.2285,94.9661
38589424,182.50,215.50,176.0590,76.0942
38593330,-181.50,-2047.50,167.1053,54.4041
38597236,-239.50,-1770.50,152.2141,35.2911
38601142,97.50,890.50,126.6737,-5.8961
38605048,337.50,2047.50,100.4387,-31.9738
38608954,186.50,511.50,88.2151,-35.1569
38612860,-195.50,-2047.50,91.0854,-28.4427
38616766,-286.50,-1947.50,91.8326,-40.7912
38620672,34.50,499.50,81.6094,-57.6493
38624578,323.50,2047.50,69.7759,-65.3518
38628484,189.50,816.50,61.4860,-59.4469
38632390,-203.50,-1873.50,52.5946,-43.5053
38636296,-309.50,-2047.50,45.0122,-42.0715
38640202,-95.50,97.50,32.7064,-46.8445
38644108,178.50,2047.50,-3.8340,-64.4541
38648014,145.50,1091.50,-44.0202,-62.6126
38651920,-186.50,-1656.50,-47.0792,-48.4651
38655826,-361.50,-2047.50,-21.4446,-32.9724
38659732,-116.50,-252.50,-1.5235,-3.7913
38663638,202.50,2047.50,-2.1765,-12.2716
38667544,193.50,1438.50,-15.2688,-3.4870
38671450,-132.50,-1353.50,-19.9624,17.9661
38675356,-350.50,-2047.50,-9.3117,26.1542
38679266,-196.50,-589.50,-5.6935,44.1261
38683172,153.50,2047.50,-23.9751,32.8545
38687078,208.50,1907.50,-43.6491,89.2802
38690984,-109.50,-916.50,-44.8981,175.0597
38694890,-369.50,-2047.50,-34.4334,175.8075
38698796,-224.50,-910.50,-27.3318,122.6766
38702702,128.50,2047.50,-30.7885,74.5438
38706608,234.50,2047.50,-38.3717,134.0210
38710514,-90.50,-512.50,-43.9587,199.7318
38714420,-367.50,-2047.50,-47.7239,184.8201
38718326,-273.50,-1284.50,-47.2443,115.3135
38722232,35.50,1762.50,-55.3556,27.6996
38726138,208.50,2047.50,-75.5202,40.4236
38730044,-13.50,-68.50,-77.1449,100.4590
38733950,-350.50,-2047.50,-56.2351,140.9715
38737856,-376.50,-1730.50,-53.5966,79.2669
38741762,-25.50,1008.50,-83.6471,-128.7837
38745668,240.50,2047.50,-102.1083,-247.7624
38749574,80.50,415.50,-72.4997,-124.3032
38753480,-298.50,-2047.50,-25.6175,82.0125
38757386,-529.50,-2047.50,-42.9846,70.0265
38761292,-303.50,-776.50,-157.3411,-393.4278
38765198,98.50,2047.50,-260.9704,-881.9809
38769104,178.50,1749.50,-217.6855,-505.4022
38773010,-138.50,-1151.50,-57.7591,434.9015
38776916,-447.50,-2047.50,37.5085,772.5267
38780822,-344.50,-918.50,-43.5578,163.6677
38784728,63.50,2047.50,-189.4354,-586.2555
38788634,250.50,2047.50,-198.9085,-431.6154
38792540,-38.50,-751.50,-51.0328,386.3602
38796446,-436.50,-2047.50,59.0714,768.3977
38800352,-386.50,-1258.50,-13.0276,263.7643
38804258,48.50,1847.50,-161.0090,-487.0893
38808164,240.50,2047.50,-188.3539,-482.2217
38812070,-34.50,-380.50,-75.9634,196.9570
38815976,-446.50,-2047.50,14.1613,636.3471
38819882,-462.50,-1541.50,-45.4240,294.3979
38823788,-30.50,1248.50,-179.5865,-448.6796
38827694,286.50,2047.50,-202.8427,-636.6589
38831600,71.50,-142.50,-73.7022,-90.3589
38835506,-416.50,-2047.50,39.5243,420.1881
38839412,-556.50,-1773.50,-22.0388,254.1993
38843318,-142.50,909.50,-188.3968,-375.8691
38847224,223.50,2047.50,-251.2735,-626.8426
38851130,80.50,339.50,-145.0882,-175.2468
38855036,-398.50,-2047.50,-20.8472,357.5495
38858942,-531.50,-1905.50,-34.1597,279.4575
38862848,-175.50,708.50,-149.0604,-259.9743
38866754,233.50,2047.50,-202.8768,-524.4421
38870660,131.50,734.50,-122.3149,-181.8771
38874566,-318.50,-2006.50,-12.1906,294.5976
38878472,-527.50,-2047.50,-10.2251,255.6448
38882378,-239.50,309.50,-113.0387,-220.9747
38886284,199.50,2047.50,-185.0755,-506.7002
38890190,164.50,1017.50,-133.5474,-240.1572
38894096,-303.50,-1777.50,-37.9759,221.0929
38898002,-585.50,-2047.50,-36.8306,279.2401
38901908,-298.50,-62.50,-131.9450,-92.9880
38905814,176.50,2047.50,-191.6891,-406.7433
38909720,179.50,1345.50,-139.2342,-230.8478
38913626,-272.50,-1460.50,-53.3215,203.7514
38917532,-633.50,-2047.50,-56.1194,328.3288
38921438,-442.50,-367.50,-159.8801,33.9303
38925344,42.50,2047.50,-248.1806,-286.6914
38929250,133.50,1859.50,-224.8885,-142.6472
38933156,-305.50,-1024.50,-145.5809,313.9190
38937062,-710.50,-2047.50,-136.0603,473.8166
38940968,-580.50,-639.50,-224.3633,180.4038
38944874,-50.50,2047.50,-303.2931,-167.7330
38948780,148.50,2047.50,-268.1878,-88.0377
38952686,-249.50,-662.50,-165.8840,292.9615
38956592,-714.50,-2047.50,-132.7985,454.7023
38960498,-651.50,-1097.50,-210.5871,192.4473
38964404,-140.50,2047.50,-297.5289,-152.6051
38968310,110.50,2047.50,-286.3507,-99.4552
38972216,-204.50,-464.50,-199.7938,187.8569
38976122,-676.50,-2047.50,-148.7323,308.9450
38980028,-685.50,-1543.50,-190.8777,104.7402
38983934,-148.50,1207.50,-253.4209,-303.3689
38987840,167.50,2047.50,-231.7413,-426.6290
38991746,-110.50,-328.50,-144.2893,-170.2768
38995652,-632.50,-2047.50,-99.5186,72.6071
38999558,-693.50,-1808.50,-146.4622,21.4565
39003464,-234.50,803.50,-218.0997,-297.5623
39007370,143.50,2047.50,-222.0498,-458.7734
39011276,-94.50,80.50,-161.3822,-247.3982
39015182,-643.50,-2047.50,-129.0431,18.9990
39019088,-792.50,-1966.50,-180.0152,15.6242
39022994,-344.50,544.50,-254.3224,-242.9958
39026900,85.50,2047.50,-259.8832,-397.9351
39030806,-60.50,492.50,-194.7812,-233.5856
39034712,-600.50,-2047.50,-144.6952,-1.5748
39038618,-816.50,-2047.50,-170.8276,-1.8056
39042524,-406.50,240.50,-230.2669,-202.6756
39046430,79.50,2047.50,-234.3707,-335.4501
39050336,-21.50,891.50,-175.2601,-201.6189
39054242,-566.50,-2003.50,-134.4337,-3.4855
39058148,-881.50,-2047.50,-171.3656,-7.4593
39062054,-529.50,-124.50,-246.4789,-156.7866
39065960,-10.50,2047.50,-269.0565,-274.2858
39069866,16.50,1107.50,-213.2929,-189.0520
39073772,-512.50,-1830.50,-150.5921,-45.4458
39077678,-869.50,-2047.50,-156.6662,-36.0715
39081584,-578.50,-627.50,-210.5349,-138.9527
39085490,-76.50,2047.50,-235.7790,-266.4248
39089396,19.50,1287.50,-205.5286,-203.4344
39093302,-408.50,-1678.50,-152.3332,-92.2206
39097208,-875.50,-2047.50,-139.3937,-88.6035
39101114,-630.50,-993.50,-180.8206,-135.2106
39105020,-62.50,1925.50,-199.0753,-235.1429
39108926,109.50,1694.50,-150.5651,-159.3701
39112832,-330.50,-1295.50,-88.8336,-3.8206
39116738,-826.50,-2047.50,-84.7729,20.6974
39120644,-713.50,-1327.50,-141.8650,-52.9637
39124550,-168.50,1614.50,-189.8432,-220.0843
39128456,71.50,2047.50,-177.3490,-188.8162
39132362,-302.50,-798.50,-132.0850,28.7008
39136268,-769.50,-2047.50,-108.9041,127.6921
39140174,-703.50,-1492.50,-118.3481,60.5610
39144080,-239.50,1424.50,-136.5042,-116.3302
39147986,26.50,2047.50,-146.5314,-148.0537
39151892,-262.50,-340.50,-141.2143,-7.4682
39155798,-810.50,-2047.50,-139.1261,99.8694
39159704,-816.50,-1705.50,-161.7602,72.6250
39163610,-328.50,1100.50,-182.4453,-89.8967
39167516,48.50,2047.50,-168.1438,-161.9959
39171422,-206.50,112.50,-130.1175,-55.6204
39175328,-745.50,-2047.50,-110.5233,73.8618
39179234,-870.50,-1848.50,-131.4042,74.8323
39183140,-399.50,827.50,-162.4970,-51.0854
39187046,41.50,2047.50,-157.3091,-123.5746
39190952,-137.50,511.50,-116.8372,-54.5752
39194858,-655.50,-2047.50,-84.1876,47.6575
39198764,-849.50,-2009.50,-84.7212,32.8360
39202670,-425.50,464.50,-101.6847,-74.0800
39206576,48.50,2047.50,-98.3383,-132.3078
39210482,-44.50,880.50,-67.0028,-62.3908
39214388,-559.50,-2033.50,-36.9477,25.9066
39218294,-840.50,-2047.50,-36.4723,-1.7387
39222200,-480.50,94.50,-59.6287,-68.6867
39226106,48.50,2047.50,-65.1514,-102.3000
39230012,11.50,1199.50,-38.4218,-42.1397
39233918,-530.50,-1701.50,-19.6592,56.2570
39237824,-850.50,-2047.50,-35.4477,71.8390
39241730,-512.50,-222.50,-55.9519,36.0764
39245636,46.50,2047.50,-40.7100,-16.0711
39249542,98.50,1585.50,4.0839,27.6808
39253448,-383.50,-1352.50,38.7338,133.6525
39257354,-808.50,-2047.50,35.2525,156.2413
39261260,-548.50,-576.50,7.0072,107.0206
39265166,20.50,2047.50,0.9839,34.3046
39269072,155.50,1951.50,30.5912,93.2057
39272978,-316.50,-1056.50,57.8000,209.2176
39276884,-757.50,-2047.50,53.4817,202.9652
39280790,-613.50,-955.50,27.9351,120.8818
39284696,-72.50,2047.50,8.6357,48.6448
39288602,190.50,2047.50,19.5942,118.4422
39292508,-216.50,-626.50,54.3501,215.7928
39296414,-741.50,-2047.50,67.2173,210.0704
39300320,-653.50,-1257.50,43.7454,139.9376
39304226,-86.50,2047.50,27.6238,92.3303
39308132,237.50,2047.50,50.9008,171.8152
39312038,-138.50,-218.50,88.0978,213.2167
39315944,-698.50,-2047.50,90.2018,176.8552
39319850,-719.50,-1506.50,52.5376,120.6028
39323756,-154.50,1661.50,23.5472,65.7993
39327662,213.50,2047.50,37.8742,92.0673
39331568,-58.50,123.50,73.8549,101.3832
39335474,-615.50,-2047.50,92.2659,90.4897
39339380,-688.50,-1747.50,85.3405,65.4377
39343286,-170.50,1136.50,80.2433,2.0782
39347192,242.50,2047.50,95.9881,-24.6887
39351098,7.50,502.50,113.3147,-11.7833
39355004,-593.50,-2047.50,102.7193,27.3298
39358910,-751.50,-1928.50,67.4624,20.5202
39362816,-296.50,736.50,41.8325,-30.3102
39366722,179.50,2047.50,45.2224,-58.2760
39370628,81.50,858.50,70.6693,-43.5074
39374534,-513.50,-2010.50,91.5476,-4.7035
39378440,-770.50,-2047.50,81.2325,-23.5016
39382346,-354.50,354.50,58.2357,-54.3635
39386252,192.50,2047.50,62.0260,-62.2770
39390158,117.50,1189.50,88.1351,-38.7523
39394064,-420.50,-1721.50,102.5732,19.0023
39397970,-565.50,-2047.50,125.1837,37.3873
39401876,192.50,-36.50,254.6039,26.3351
39405782,1484.50,2047.50,609.3265,-11.6050
39409688,2047.50,1515.50,1178.2025,-7.6941
39413594,1616.50,-1416.50,1718.7077,54.0717
39417500,1049.50,-2047.50,1964.7692,83.6644
39421406,1369.50,-415.50,1928.4155,76.8479
39425312,2047.50,2047.50,1838.4031,28.9447
39429218,2047.50,1918.50,1794.7720,58.4988
39433124,1975.50,-1065.50,1812.8514,153.1796
39437030,1679.50,-2047.50,1956.5401,168.7289
39440936,2047.50,-797.50,2161.4956,117.7629
39444842,2047.50,2047.50,2209.6749,50.6784
39448748,2047.50,2047.50,1975.0602,86.3208
39452654,2047.50,-749.50,1724.3068,149.6258
39456560,2047.50,-2047.50,1801.1969,137.5131
39460466,2047.50,-1157.50,2081.1602,92.6524
39464372,2047.50,2047.50,2150.0596,62.0301
39468278,2047.50,2047.50,1874.5712,122.0376
39472184,2047.50,-301.50,1575.9467,150.2452
39476090,1840.50,-2047.50,1562.1959,124.6368
39479996,1911.50,-1406.50,1743.0587,94.5955
39483902,2047.50,1978.50,1826.9938,98.5846
39487808,2047.50,2047.50,1666.7236,175.4189
39491714,2047.50,89.50,1435.3607,153.6982
39495620,1361.50,-2047.50,1321.4742,88.4535
39499526,1110.50,-1646.50,1220.2919,53.2790
39503432,1573.50,1345.50,1076.2660,13.1627
39507338,2047.50,2047.50,1011.2638,1.5748
39511244,1392.50,400.50,967.5844,-21.6985
39515150,553.50,-2047.50,749.9463,-19.7473
39519056,262.50,-1861.50,403.0628,-15.9415
39522962,611.50,877.50,129.5454,-43.0746
39526868,947.50,2047.50,-3.8930,-70.3227
39530774,647.50,753.50,-77.5066,-84.6842
39534680,-22.50,-2047.50,-186.7651,-67.9199
39538586,-371.50,-2022.50,-344.5558,-77.4544
39542492,-99.50,494.50,-502.1839,-88.8265
39546398,311.50,2047.50,-612.0995,-89.3969
39550304,129.50,1110.50,-679.2188,-82.2198
39554210,-474.50,-1805.50,-751.6946,-41.7733
39558116,-787.50,-2047.50,-838.4947,-25.1870
39562022,-463.50,122.50,-898.0786,-20.0544
39565928,37.50,2047.50,-904.8540,-39.8582
39569834,48.50,1481.50,-877.3142,-41.7892
39573740,-382.50,-1471.50,-842.0063,17.1724
39577646,-669.50,-2047.50,-802.6620,53.6911
39581552,-328.50,-239.50,-749.6034,57.1207
39585458,320.50,2047.50,-662.9486,15.6237
39589364,470.50,1856.50,-545.6540,21.4066
39593270,76.50,-1132.50,-440.6778,97.4474
39597176,-254.50,-2047.50,-370.8295,123.4690
39601082,77.50,-609.50,-306.0192,99.4283
39604988,900.50,2047.50,-177.9541,47.5105
39608894,1308.50,2047.50,45.6268,64.1232
39612800,961.50,-769.50,281.6155,125.6351
39616706,562.50,-2047.50,424.6601,133.9902
39620612,687.50,-783.50,468.7806,133.2134
39624518,1323.50,2047.50,482.7878,144.4204
39628424,1658.50,2047.50,529.3499,159.9832
39632330,1058.50,-74.50,555.4749,176.6084
39636236,464.50,-2047.50,470.0056,215.2322
39640142,477.50,-1004.50,329.4637,219.8629
39644048,983.50,2047.50,235.4188,224.9143
39647954,1264.50,2047.50,196.1062,240.5144
39651860,791.50,288.50,152.3739,183.6380
39655766,142.50,-2047.50,52.8874,159.0223
39659672,18.50,-1327.50,-79.9340,144.9592
39663578,509.50,2047.50,-185.0082,198.7592
39667484,880.50,2047.50,-232.0109,291.7249
39671390,641.50,572.50,-236.0344,205.2128
39675296,158.50,-1952.50,-216.8996,110.5379
39679202,103.50,-1579.50,-176.2206,84.5510
39683108,749.50,1661.50,-99.5313,139.7785
39687014,1950.50,2047.50,129.0021,215.3571
39690920,2047.50,974.50,559.7561,142.6643
39694826,2047.50,-1654.50,1041.5904,121.2641
39698732,2047.50,-1741.50,1458.7223,157.4409
39702638,2047.50,1266.50,1656.8190,188.7817
39706544,2047.50,2047.50,1475.1140,193.8175
39710450,2047.50,1600.50,1101.8692,145.1604
39714356,2047.50,-1084.50,950.8791,274.5011
39718266,1899.50,-1517.50,1131.8649,457.2647
39722172,2047.50,1383.50,1340.0487,563.6204
39726078,2047.50,2047.50,1283.6186,536.0231
39729984,2047.50,2047.50,1008.7213,345.8280
39733890,1601.50,-424.50,777.4124,409.3233
39737796,1105.50,-1364.50,664.7125,657.0120
39741702,1371.50,1097.50,582.3258,770.0790
39745608,2047.50,2047.50,562.4302,650.5745
39749514,2047.50,2047.50,617.9642,334.3678
39753420,1439.50,-99.50,617.8808,282.0152
39757326,972.50,-1385.50,503.0850,525.2105
39761232,1517.50,766.50,425.3598,702.5809
39765138,2047.50,2047.50,505.4761,638.1052
39769044,2047.50,2047.50,602.5076,328.3785
39772950,2047.50,213.50,652.3513,206.0497
39776856,2047.50,-1421.50,822.1935,410.6828
39780762,2047.50,325.50,1066.8005,588.0799
39784668,2047.50,2047.50,1092.2398,550.7830
39788574,2047.50,2047.50,828.1624,291.9593
39792480,2047.50,335.50,577.9126,120.0237
39796386,2047.50,-1718.50,628.4573,193.3179
39800292,2047.50,-491.50,873.3686,228.2417
39804198,2047.50,2047.50,959.9866,183.4395
39808104,2047.50,2047.50,754.8679,112.4515
39812010,1382.50,176.50,399.5060,-6.1619
39815916,427.50,-2047.50,-25.1620,-98.8935
39819822,155.50,-1280.50,-481.2576,-209.9949
39823728,448.50,2047.50,-835.4189,-198.3229
39827634,605.50,2047.50,-1025.7157,-35.0491
39831540,154.50,393.50,-1145.1049,-24.9800
39835446,-542.50,-2047.50,-1304.9406,-143.7411
39839352,-804.50,-1519.50,-1515.7199,-271.4329
39843258,-428.50,1921.50,-1691.8496,-212.0931
39847164,-82.50,2047.50,-1760.2960,-2.2901
39851070,-342.50,855.50,-1759.2370,12.7594
39854976,-1043.50,-1788.50,-1801.9302,-70.2159
39858882,-1295.50,-1771.50,-1927.2964,-174.8204
39862788,-910.50,1131.50,-2041.6808,-250.1672
39866694,-543.50,2047.50,-2070.0257,-225.5169
39870600,-718.50,1097.50,-2055.8452,-207.3740
39874506,-1341.50,-1803.50,-2078.0470,-200.6385
39878412,-1634.50,-2047.50,-2154.1763,-284.0257
39882318,-1256.50,389.50,-2215.1892,-406.2637
39886224,-721.50,2047.50,-2186.9516,-432.6037
39890130,-634.50,1264.50,-2071.7141,-365.9612
39894036,-1103.50,-1663.50,-1939.5330,-288.7128
39897942,-1345.50,-2047.50,-1852.6392,-309.7819
39901848,-977.50,-62.50,-1789.9981,-370.1271
39905754,-438.50,2047.50,-1704.6214,-398.0455
39909660,-431.50,1513.50,-1616.2140,-345.7527
39913566,-1024.50,-1473.50,-1592.5528,-283.7141
39917472,-1480.50,-2047.50,-1659.2621,-308.4731
39921378,-1285.50,-488.50,-1753.0147,-348.2990
39925284,-815.50,2047.50,-1799.9082,-368.1045
39929190,-776.50,1936.50,-1804.3826,-271.4921
39933096,-1336.50,-1085.50,-1826.3638,-146.6297
39937002,-1919.50,-2047.50,-1910.3020,-167.2587
39940908,-1922.50,-832.50,-2045.0013,-254.9354
39944814,-1343.50,2047.50,-2146.5607,-305.6642
39948720,-1039.50,2047.50,-2126.0600,-218.4752
39952626,-1260.50,-623.50,-1990.8439,-111.1862
39956532,-1667.50,-2047.50,-1824.9700,-118.7331
39960438,-1604.50,-1132.50,-1709.0715,-195.5541
39964344,-1154.50,2047.50,-1664.6536,-234.6811
39968250,-972.50,2047.50,-1670.5130,-148.2822
39972156,-1327.50,-264.50,-1700.6541,-106.1644
39976062,-1729.50,-2047.50,-1711.7084,-150.5857
39979968,-1430.50,-1433.50,-1628.1763,-214.4403
39983874,-562.50,2047.50,-1386.1593,-201.0063
39987780,27.50,2047.50,-1027.9517,-68.0869
39991686,-64.50,264.50,-684.4747,-40.1169
39995592,-522.50,-2047.50,-455.0567,-96.9335
39999498,-517.50,-1581.50,-344.0319,-168.1940
40003404,-4.50,1483.50,-286.8282,-206.6700
40007310,403.50,2047.50,-236.1791,-172.3979
40011216,207.50,451.50,-193.6725,-195.0240
40015122,-310.50,-2047.50,-171.4213,-237.1469
40019028,-383.50,-1869.50,-155.6441,-279.4462
40022934,151.50,917.50,-107.5202,-311.5590
40026840,626.50,2047.50,-21.9965,-300.0300
40030746,499.50,1199.50,55.1900,-218.9189
40034652,-76.50,-1471.50,81.1695,-14.8915
40038558,-351.50,-1800.50,49.7451,98.8196
40042464,-53.50,896.50,-15.1423,59.3070
40046370,272.50,2047.50,-99.1105,-24.7145
40050276,75.50,1353.50,-207.7309,-117.9870
40054182,-588.50,-1584.50,-338.8348,-128.9182
40058088,-931.50,-2047.50,-467.8609,-142.6054
40061994,-670.50,115.50,-560.6833,-208.1993
40065900,-158.50,2047.50,-601.7433,-266.7366
40069806,-202.50,1475.50,-607.5137,-265.3662
40073712,-724.50,-1487.50,-614.3288,-220.9638
40077618,-1046.50,-2047.50,-626.2994,-214.5344
40081524,-826.50,-548.50,-628.5454,-259.3523
40085430,-346.50,2047.50,-632.4539,-337.0196
40089336,-239.50,1606.50,-637.8866,-318.0706
40093242,-673.50,-1411.50,-626.1912,-282.2700
40097148,-1071.50,-2047.50,-600.9621,-304.2012
40101054,-825.50,-686.50,-569.4988,-260.4887
40104960,-192.50,2047.50,-511.2838,-202.9772
40108866,95.50,2047.50,-410.0561,-113.1345
40112772,-243.50,-601.50,-288.4300,-7.4895
40116678,-557.50,-2047.50,-172.5858,16.2240
40120584,-325.50,-1080.50,-57.2372,-60.4875
40124490,272.50,2047.50,57.6627,-144.9115
40128396,592.50,2047.50,157.8794,-99.5188
40132302,295.50,-580.50,240.7704,-93.7113
40136208,-185.50,-2047.50,298.7724,-168.6129
40140114,-116.50,-1456.50,326.2846,-207.8124
40144020,403.50,2016.50,340.2093,-173.9117
40147926,693.50,2047.50,349.1717,-48.4274
40151832,427.50,45.50,354.1231,-20.3986
40155738,-81.50,-2047.50,361.9876,-70.6133
40159644,-98.50,-1717.50,371.2071,-135.5216
40163550,394.50,1152.50,381.7817,-255.0222
40167456,734.50,2047.50,388.9642,-313.4031
40171362,390.50,107.50,366.3953,-317.1205
40175268,-256.50,-2047.50,290.7551,-295.1147
40179174,-490.50,-1904.50,174.0429,-259.6411
40183080,-184.50,851.50,43.5507,-259.2839
40186986,86.50,2047.50,-90.1665,-269.7512
40190892,-272.50,713.50,-233.8988,-245.8754
40194798,-918.50,-2047.50,-385.7601,-196.6492
40198704,-1082.50,-1982.50,-498.8838,-198.1916
40202610,-654.50,759.50,-528.5648,-179.7638
40206516,-94.50,2047.50,-483.2437,-129.0986
40210422,-97.50,1486.50,-390.4562,-62.6444
40214328,-586.50,-1348.50,-289.0029,111.6995
40218234,-817.50,-1966.50,-216.5660,201.1657
40222140,-477.50,674.50,-180.7487,157.8132
40226046,-86.50,2047.50,-187.4478,93.6843
40229952,-171.50,2039.50,-240.1015,84.5840
40233858,-298.50,-769.50,-239.2857,279.8812
40237764,-344.50,-1744.50,-66.2391,452.1439
40241670,-47.50,674.50,183.1179,469.6737
40245576,336.50,2047.50,313.2810,387.5512
40249482,197.50,2047.50,265.1394,214.1536
40253388,-437.50,-420.50,101.1896,210.1961
40257294,-975.50,-1764.50,-96.2199,346.9493
40261200,-894.50,350.50,-277.8525,429.8546
40265106,-335.50,2047.50,-396.3331,405.9882
40269012,-114.50,2047.50,-404.0616,234.7082
40272918,-448.50,57.50,-319.5610,181.4208
40276824,-822.50,-1646.50,-213.3420,346.1024
40280730,-512.50,-5.50,-113.9196,475.3985
40284636,277.50,2047.50,27.8033,451.1814
40288542,639.50,2047.50,231.5305,263.5668
40292448,304.50,298.50,419.3975,131.1029
40296354,-93.50,-1616.50,528.9377,232.9645
40300260,-101.50,-130.50,560.2219,410.9737
40304166,186.50,2047.50,497.3316,509.6282
40308072,295.50,2047.50,340.9204,373.9318
40311978,-260.50,637.50,140.3418,160.9589
40315884,-964.50,-1756.50,-73.6027,154.2386
40319790,-1103.50,-911.50,-276.5673,181.3903
40323696,-591.50,2047.50,-412.6091,213.2380
40327602,99.50,2047.50,-391.9226,229.0275
40331508,96.50,739.50,-180.9207,107.9998
40335414,-440.50,-1765.50,74.5212,37.2609
40339320,-745.50,-1391.50,172.6440,1.2293
40343226,-464.50,2047.50,73.0408,73.2474
40347132,-258.50,2047.50,-123.9927,220.4315
40351038,-659.50,777.50,-338.2692,105.1527
40354944,-1231.50,-2012.50,-522.5731,-130.7229
40358850,-1432.50,-1926.50,-626.1259,-319.6640
40362756,-1084.50,793.50,-658.9883,-401.6706
40366662,-706.50,2047.50,-678.3938,-348.6206
40370568,-948.50,1104.50,-725.4107,-260.6290
40374474,-1698.50,-1615.50,-830.1127,-158.4389
40378380,-2016.50,-1908.50,-976.0722,-136.6821
40382286,-1568.50,846.50,-1067.4014,-120.3485
40386192,-804.50,2047.50,-1008.3470,-64.5614
40390098,-570.50,1767.50,-792.8442,-28.8018
40394004,-810.50,-1125.50,-497.9232,79.2251
40397910,-1009.50,-2047.50,-220.4431,89.7975
40401816,-632.50,391.50,-27.7230,-26.8691
40405722,-138.50,2047.50,65.0988,-91.4651
40409628,-115.50,2047.50,77.9466,-60.0664
40413534,-696.50,-819.50,36.8070,82.7105
40417440,-1074.50,-2047.50,-24.0044,122.1224
40421346,-815.50,15.50,-56.6203,19.4372
40425252,-270.50,2047.50,-45.1177,-50.1702
40429158,-238.50,2047.50,-33.9451,-55.6679
40433064,-934.50,-704.50,-96.2897,-19.4955
40436970,-1597.50,-2047.50,-263.6267,-31.0652
40440876,-1759.50,-884.50,-505.6326,-152.1043
40444782,-1590.50,2047.50,-798.3277,-262.2430
40448688,-1646.50,2047.50,-1111.7147,-203.6503
40452594,-2047.50,-1039.50,-1351.1196,-200.1699
40456500,-2047.50,-2047.50,-1362.9929,-339.6148
40460406,-2047.50,-1886.50,-1160.1121,-488.6011
40464312,-2047.50,387.50,-1063.7433,-829.6468
40468218,-2047.50,814.50,-1258.8896,-1239.6723
40472124,-2047.50,-1977.50,-1479.2271,-1516.9797
40476030,-2047.50,-2047.50,-1397.3925,-1450.7728
40479936,-2047.50,-2047.50,-1085.3333,-974.7797
40483842,-2047.50,-315.50,-916.7904,-844.6725
40487748,-2047.50,511.50,-1068.7559,-1260.3770
40491654,-2047.50,-1901.50,-1296.2320,-1679.8925
40495560,-2047.50,-2047.50,-1266.0065,-1622.5680
40499466,-2047.50,-2047.50,-993.0895,-1018.2582
40503372,-2047.50,-756.50,-807.5087,-744.4792
40507278,-2047.50,356.50,-912.9434,-1162.6120
40511184,-2047.50,-1805.50,-1127.1195,-1674.0879
40515090,-2047.50,-2047.50,-1134.1524,-1681.0082
40518996,-2047.50,-2047.50,-900.4170,-1048.2755
40522902,-2047.50,-654.50,-706.9241,-593.7572
40526808,-2047.50,1264.50,-771.4935,-687.2754
40530714,-2047.50,-140.50,-968.2014,-762.2029
40534620,-2047.50,-2047.50,-1004.8158,-636.1502
40538526,-2047.50,-2047.50,-809.2574,-436.0637
40542432,-2047.50,-204.50,-614.4480,-301.2913
40546338,-2047.50,2047.50,-643.3671,-212.4389
40550244,-2047.50,910.50,-819.6570,-10.8736
40554150,-2047.50,-2047.50,-878.8587,56.5747
40558056,-2047.50,-2047.50,-719.6516,-111.0413
40561962,-2047.50,-428.50,-528.9910,-225.7733
40565868,-1858.50,2047.50,-496.6061,-171.4049
40569774,-1880.50,954.50,-576.2489,-4.3439
40573680,-2047.50,-2047.50,-622.6388,-37.1245
40577586,-2047.50,-2047.50,-554.9480,-234.4850
40581492,-2047.50,-1208.50,-436.6166,-331.8354
40585398,-1567.50,1177.50,-356.8390,-455.6438
40589304,-1390.50,624.50,-265.7906,-546.4934
40593210,-1762.50,-2047.50,-170.9095,-599.7585
40597116,-2047.50,-2047.50,-159.8014,-559.3896
40601022,-1834.50,-1697.50,-185.6144,-409.8681
40604928,-1249.50,623.50,-117.7259,-513.0995
40608834,-975.50,604.50,74.0928,-716.9379
40612740,-1339.50,-2047.50,252.6613,-814.4955
40616646,-1739.50,-2047.50,278.0918,-722.7178
40620552,-1556.50,-1873.50,214.1828,-441.7782
40624458,-938.50,589.50,246.8464,-392.6536
40628364,-610.50,1104.50,429.6956,-468.1442
40632270,-964.50,-1566.50,608.7876,-480.1129
40636176,-1426.50,-2047.50,627.5664,-435.7331
40640082,-1356.50,-1891.50,537.0146,-263.7720
40643988,-783.50,670.50,517.2144,-201.9843
40647894,-394.50,2047.50,644.7388,-94.7492
40651800,-693.50,-751.50,799.9471,120.7101
40655706,-1201.50,-2047.50,824.4253,132.5376
40659612,-1212.50,-1976.50,736.5364,27.0910
40663518,-685.50,554.50,695.4508,-84.8361
40667424,-271.50,2047.50,783.3706,-29.9078
40671330,-478.50,-245.50,911.7170,161.0618
40675236,-1024.50,-2047.50,940.4899,184.1788
40679142,-1134.50,-2047.50,857.8888,83.6452
40683048,-628.50,61.50,799.7627,-55.4868
40686954,-155.50,2047.50,866.7961,-74.2378
40690860,-310.50,-48.50,988.1364,66.7589
40694766,-830.50,-2047.50,1027.2206,84.2465
40698672,-1014.50,-2047.50,964.0160,27.5451
40702578,-608.50,-210.50,902.3954,-8.9688
40706484,-123.50,2047.50,928.2488,10.3550
40710390,-206.50,619.50,1006.2917,176.7871
40714296,-715.50,-2047.50,1033.5602,230.1673
40718202,-997.50,-2047.50,975.0215,120.1333
40722108,-608.50,-271.50,910.7941,79.9882
40726014,-57.50,2047.50,937.7275,154.8192
40729920,-58.50,1075.50,1032.3991,320.2748
40733826,-612.50,-1940.50,1072.0985,329.3337
40737732,-987.50,-2047.50,998.4974,162.1940
40741638,-719.50,-534.50,890.7280,113.0347
40745544,-132.50,2047.50,865.8333,207.6355
40749450,-21.50,1366.50,937.8470,377.3079
40753356,-485.50,-1730.50,1005.7124,369.7103
40757266,-879.50,-2047.50,992.1899,183.5342
40761172,-703.50,-1066.50,929.9390,99.8520
40765078,-130.50,2001.50,904.1997,141.4810
40768984,46.50,1532.50,947.1287,316.1475
40772890,-392.50,-1640.50,991.8976,312.9245
40776796,-833.50,-2047.50,970.9634,106.8029
40780702,-672.50,-1663.50,917.5427,8.1568
40784608,-89.50,817.50,913.7119,-151.9655
40788514,112.50,1105.50,967.3524,-307.6761
40792420,-264.50,-1796.50,1003.8050,-396.2874
40796326,-761.50,-2047.50,975.1004,-381.2025
40800232,-687.50,-1977.50,914.1140,-172.8752
40804138,-154.50,405.50,889.0859,-169.0886
40808044,138.50,1188.50,917.7231,-325.1120
40811950,-160.50,-1412.50,952.2341,-402.2320
40815856,-655.50,-2047.50,948.9134,-345.3785
40819762,-650.50,-2047.50,918.1882,-110.8400
40823668,-162.50,166.50,903.9574,-69.7219
40827574,190.50,1459.50,921.8107,-191.2799
40831480,-91.50,-868.50,937.3033,-217.7030
40835386,-652.50,-2047.50,906.1113,-159.0023
40839292,-782.50,-2047.50,832.3329,6.7181
40843198,-289.50,77.50,776.9112,56.9029
40847104,147.50,2047.50,786.4304,58.3717
40851010,-13.50,-292.50,831.9237,163.1099
40854916,-591.50,-2047.50,843.8242,163.1324
40858822,-724.50,-2047.50,807.6374,138.8287
40862728,-292.50,-400.50,781.0161,77.1294
40866634,148.50,1621.50,792.9204,-55.9239
40870540,48.50,-70.50,813.4992,-83.7680
40874446,-512.50,-2047.50,805.3851,-62.8375
40878352,-768.50,-2047.50,759.5883,32.1763
40882258,-408.50,-744.50,712.1863,93.3955
40886164,102.50,1511.50,702.4551,-10.1426
40890070,73.50,263.50,722.5713,-65.1905
40893976,-441.50,-2047.50,730.6656,-73.6363
40897882,-748.50,-2047.50,708.3912,-9.3677
40901788,-453.50,-688.50,679.2993,144.0560
40905694,61.50,2047.50,669.3965,275.4153
40909600,113.50,1281.50,677.2692,479.1320
40913506,-378.50,-1710.50,677.6235,540.7054
40917412,-740.50,-2047.50,655.9296,383.7053
40921318,-488.50,-660.50,633.2845,321.5870
40925224,48.50,2047.50,634.6157,416.3916
40929130,207.50,1858.50,657.8658,646.9128
40933036,-281.50,-1242.50,671.4160,752.1272
40936942,-699.50,-2047.50,648.6103,584.5977
40940848,-548.50,-1260.50,610.4756,374.4574
40944754,11.50,1562.50,594.2853,238.0641
40948660,196.50,1613.50,603.4757,282.2184
40952566,-184.50,-1524.50,611.7909,275.5443
40956472,-692.50,-2047.50,596.1777,132.0244
40960378,-609.50,-1829.50,559.7191,88.2492
40964284,-57.50,770.50,536.4237,-13.6236
40968190,220.50,1591.50,545.2475,-66.7150
40972096,-110.50,-1265.50,562.1096,-20.1835
40976002,-639.50,-2047.50,557.1374,0.8571
40979908,-648.50,-1983.50,526.5587,83.3687
40983814,-143.50,467.50,496.1942,40.3904
40987720,192.50,1840.50,486.1143,-5.3138
40991626,-77.50,-844.50,487.2973,64.9421
40995532,-571.50,-2047.50,487.0045,84.4226
40999438,-626.50,-2047.50,487.1414,131.8026
41003344,-169.50,161.50,489.1831,91.5487
41007250,179.50,1950.50,481.9115,41.4352
41011156,-1.50,-428.50,464.2285,110.0018
41015062,-522.50,-2047.50,450.3672,122.4934
41018968,-653.50,-2047.50,444.3499,152.8985
41022874,-234.50,-139.50,442.6583,143.1084
41026780,195.50,2047.50,441.2227,110.1894
41030686,77.50,79.50,438.3163,195.4025
41034592,-457.50,-2047.50,431.6402,207.5712
41038498,-658.50,-2047.50,419.9876,186.4704
41042404,-317.50,-412.50,406.6963,177.2632
41046310,215.50,2047.50,401.5120,161.8666
41050216,190.50,496.50,418.6203,247.2605
41054122,-344.50,-2047.50,438.1346,235.4307
41058028,-638.50,-2047.50,431.4055,164.6589
41061934,-304.50,-714.50,413.4700,170.0019
41065840,202.50,2047.50,407.5596,193.6636
41069746,229.50,851.50,410.1656,298.4101
41073652,-252.50,-2047.50,409.3919,255.2491
41077558,-618.50,-2047.50,399.4755,116.5541
41081464,-372.50,-1013.50,382.0314,132.6494
41085370,146.50,1779.50,366.4790,169.7297
41089276,272.50,1264.50,361.6774,263.8170
41093182,-184.50,-1853.50,364.1622,259.7361
41097088,-603.50,-2047.50,358.9121,142.2923
41100994,-447.50,-1297.50,339.4674,154.7061
41104900,99.50,1493.50,319.5359,164.0147
41108806,267.50,1661.50,311.3337,239.1064
41112712,-157.50,-1405.50,303.7296,310.8823
41116618,-598.50,-2047.50,288.8460,259.2376
41120524,-485.50,-1546.50,278.0053,241.7674
41124430,51.50,1364.50,278.4130,208.2873
41128336,292.50,2047.50,283.4050,299.3424
41132242,-116.50,-875.50,273.1344,441.6266
41136148,-629.50,-2047.50,237.1655,411.1253
41140054,-604.50,-1679.50,195.8881,338.6165
41143960,-82.50,1271.50,174.3980,285.0667
41147866,238.50,2047.50,174.7655,352.0109
41151772,-45.50,-200.50,183.3506,472.7920
41155678,-558.50,-2047.50,188.3247,483.6863
41159584,-606.50,-1779.50,186.1943,416.7826
41163490,-136.50,1074.50,178.8978,348.0679
41167396,238.50,2047.50,169.9605,383.6303
41171302,16.50,-34.50,163.5043,411.1768
41175208,-516.50,-2047.50,158.5967,339.1442
41179114,-661.50,-2047.50,148.2200,263.4876
41183020,-206.50,208.50,135.0898,151.7895
41186926,228.50,2047.50,130.8734,90.2260
41190832,92.50,114.50,137.2941,145.3959
41194738,-467.50,-2047.50,140.4016,159.0397
41198644,-660.50,-2047.50,130.6347,165.1052
41202550,-258.50,-208.50,120.2891,151.6674
41206456,161.50,2047.50,110.3875,104.9989
41210362,59.50,511.50,86.3864,150.6331
41214268,-437.50,-2047.50,60.5593,153.3948
41218174,-698.50,-2047.50,53.3420,128.4011
41222080,-345.50,-540.50,61.1583,142.7208
41225986,173.50,2047.50,74.8067,132.9779
41229892,167.50,803.50,87.3902,181.2099
41233798,-336.50,-2047.50,89.8254,134.2031
41237704,-678.50,-2047.50,81.1579,49.5897
41241610,-424.50,-862.50,65.4996,96.8554
41245516,90.50,2047.50,47.3939,152.1005
41249422,184.50,1172.50,37.0711,246.9255
41253328,-282.50,-1974.50,38.2887,186.6117
41257234,-690.50,-2047.50,38.4970,30.6103
41261140,-512.50,-1189.50,25.6932,61.3594
41265046,61.50,1646.50,12.6089,92.6672
41268952,197.50,1550.50,13.9950,151.8754
41272858,-235.50,-1584.50,15.7102,170.9496
41276764,-598.50,-2047.50,21.2975,105.4308
41280670,-512.50,-1477.50,38.3922,130.5918
41284576,27.50,1370.50,44.3792,104.2339
41288482,260.50,1936.50,40.0813,143.2430
41292388,-142.50,-1173.50,33.9486,225.9442
41296294,-654.50,-2047.50,14.8745,194.1885
41300200,-603.50,-1746.50,-13.0328,175.1910
41304106,-53.50,993.50,-26.4849,83.7310
41308012,267.50,2047.50,-13.8100,63.4102
41311918,-20.50,-751.50,13.2565,158.0061
41315824,-514.50,-2047.50,39.0006,181.2241
41319730,-590.50,-1925.50,45.7745,185.2687
41323636,-92.50,703.50,28.6083,103.2282
41327542,250.50,2047.50,7.3069,56.4633
41331448,22.50,-334.50,-3.2585,119.8462
41335354,-492.50,-2047.50,-0.8096,147.5368
41339260,-622.50,-2047.50,3.2760,164.2711
41343166,-173.50,370.50,-4.1948,108.1513
41347072,266.50,2047.50,-12.0208,56.1762
41350978,127.50,82.50,-2.4344,104.3512
41354884,-430.50,-2047.50,13.9807,128.4999
41358790,-678.50,-2047.50,4.7339,147.1835
41362696,-254.50,33.50,-28.7266,135.3281
41366602,212.50,2047.50,-50.5158,93.9718
41370508,125.50,511.50,-50.3248,127.8122
41374414,-408.50,-2047.50,-44.3888,132.9123
41378320,-671.50,-2047.50,-44.7609,118.6958
41382226,-328.50,-310.50,-52.2429,130.9141
41386132,146.50,2047.50,-65.0018,117.9869
41390038,144.50,830.50,-77.5508,150.8719
41393944,-348.50,-2047.50,-78.8945,113.0797
41397850,-687.50,-2047.50,-73.4799,45.7697
41401756,-416.50,-664.50,-76.9542,87.3540
41405662,59.50,2047.50,-96.2414,127.2824
41409568,144.50,1143.50,-119.8918,190.5716
41413474,-314.50,-1994.50,-126.0351,125.2823
41417380,-693.50,-2047.50,-115.3325,-5.7125
41421286,-490.50,-992.50,-107.5478,43.7441
41425192,27.50,2047.50,-112.1629,137.9570
41429098,173.50,1535.50,-121.6963,264.1119
41433004,-248.50,-1598.50,-124.2309,250.3460
41436910,-702.50,-2047.50,-123.0353,113.5743
41440816,-556.50,-1320.50,-127.2871,105.4039
41444722,-48.50,1642.50,-136.1236,97.7515
41448628,174.50,1919.50,-144.9188,166.6853
41452534,-186.50,-1193.50,-144.7229,234.1457
41456440,-623.50,-2047.50,-128.4651,179.4178
41460346,-544.50,-1612.50,-102.7885,153.5990
41464252,-37.50,1275.50,-84.1364,79.6082
41468158,246.50,2047.50,-80.3915,82.2144
41472064,-77.50,-734.50,-83.7235,166.8650
41475970,-582.50,-2047.50,-87.5088,180.1769
41479876,-618.50,-1807.50,-95.2474,178.8651
41483782,-118.50,944.50,-106.7801,94.8374
41487688,253.50,2047.50,-108.7725,47.7331
41491594,6.50,-316.50,-95.6103,98.2967
41495500,-480.50,-2047.50,-74.8113,131.7162
41499406,-581.50,-1967.50,-56.1469,153.6570
41503312,-166.50,591.50,-56.6175,89.0092
41507218,198.50,2047.50,-83.4296,26.9494
41511124,-0.50,21.50,-119.0058,49.5068
41515030,-559.50,-2047.50,-148.1905,68.3103
41518936,-704.50,-2047.50,-166.3567,96.8609
41522842,-274.50,266.50,-166.0107,85.4326
41526748,177.50,2047.50,-151.8108,47.1793
41530654,68.50,465.50,-138.0622,68.6640
41534560,-450.50,-2047.50,-130.1465,75.7773
41538466,-677.50,-2047.50,-125.5808,77.7533
41542372,-333.50,-105.50,-124.5632,87.8557
41546278,171.50,2047.50,-125.8577,65.0109
41550184,145.50,832.50,-120.1877,84.9853
41554090,-377.50,-2047.50,-111.9759,65.0254
41557996,-671.50,-2047.50,-110.9531,21.7955
41561902,-334.50,-432.50,-106.3405,63.0741
41565808,174.50,2047.50,-91.4410,92.5431
41569714,239.50,1162.50,-74.7582,133.1036
41573620,-264.50,-1945.50,-64.6561,85.9548
41577526,-598.50,-2047.50,-61.7444,-7.1144
41581432,-335.50,-776.50,-52.8517,40.9458
41585338,194.50,2047.50,-35.3797,107.8251
41589244,318.50,1571.50,-21.3365,200.8256
41593150,-164.50,-1562.50,-20.7951,203.8336
41597056,-622.50,-2047.50,-42.2317,106.6293
41600962,-468.50,-1106.50,-77.0299,103.4561
41604868,64.50,2047.50,-102.7913,138.9099
41608774,269.50,1961.50,-108.6103,271.1699
41612680,-153.50,-1194.50,-104.8930,317.0974
41616586,-614.50,-2047.50,-106.4349,193.9773
41620492,-552.50,-1467.50,-116.3325,122.6755
41624398,-50.50,1556.50,-134.5040,55.4309
41628304,191.50,2047.50,-157.3886,86.5483
41632210,-180.50,-863.50,-180.0652,142.8071
41636116,-750.50,-2047.50,-211.0309,108.5198
41640022,-745.50,-1727.50,-252.0969,99.8690
41643928,-265.50,912.50,-285.3086,-5.8855
41647834,-121.50,2047.50,-332.6229,-96.5526
41651740,-586.50,-821.50,-442.7786,-107.7843
41655646,-1197.50,-2047.50,-592.9531,-127.6020
41659552,-1425.50,-2047.50,-733.3746,-65.3268
41663458,-1051.50,-5.50,-858.7850,-181.5963
41667364,-721.50,1323.50,-959.3767,-501.3907
41671270,-975.50,-1007.50,-1017.8352,-732.9738
41675176,-1545.50,-2047.50,-1044.1645,-695.3101
41679082,-1701.50,-2047.50,-1056.3644,-326.6234
41682988,-1290.50,-565.50,-1062.4229,-178.1909
41686894,-825.50,987.50,-1057.9383,-517.6746
41690800,-959.50,-783.50,-1035.0227,-873.5724
41694706,-1472.50,-2047.50,-1000.5083,-854.2746
41698612,-1653.50,-2047.50,-962.1687,-416.2186
41702518,-1237.50,-853.50,-919.1709,-145.9347
41706424,-700.50,1021.50,-868.5301,-396.9585
41710330,-653.50,-317.50,-796.4574,-710.2191
41714236,-1135.50,-2047.50,-704.9306,-720.6585
41718142,-1325.50,-2047.50,-615.2166,-384.4920
41722048,-957.50,-1093.50,-534.3267,-124.8263
41725954,-550.50,999.50,-490.3816,-308.6478
41729860,-472.50,51.50,-492.5583,-577.9436
41733766,-881.50,-2047.50,-477.3963,-629.5585
41737672,-1134.50,-2047.50,-409.2412,-394.6235
41741578,-842.50,-1253.50,-321.5236,-123.7402
41745484,-268.50,1078.50,-249.5238,-187.4651
41749390,-122.50,622.50,-192.1848,-334.3651
41753296,-512.50,-2047.50,-134.2162,-392.0461
41757202,-938.50,-2047.50,-86.1436,-322.8563
41761108,-708.50,-1448.50,-62.6225,-134.4720
41765014,-94.50,1093.50,-35.4194,-125.4507
41768920,178.50,1293.50,28.7037,-129.9198
41772826,-197.50,-1773.50,113.7860,-92.0619
41776732,-587.50,-2047.50,185.2545,-110.8077
41780638,-433.50,-1568.50,236.5706,-42.8326
41784544,106.50,1195.50,272.8013,-10.1870
41788450,389.50,1953.50,298.0177,119.5320
41792356,-0.50,-1199.50,313.0519,277.7266
41796266,-460.50,-2047.50,314.3775,210.4692
41800172,-390.50,-1720.50,317.5696,114.3785
41804078,139.50,1039.50,334.1415,50.2105
41807984,475.50,2047.50,356.0722,139.8940
41811890,208.50,-628.50,379.7139,302.8363
41815796,-285.50,-2047.50,403.2192,283.2380
41819702,-351.50,-1854.50,413.8293,188.7184
41823608,201.50,863.50,416.1897,111.5374
41827514,558.50,2047.50,427.7901,172.4172
41831420,325.50,-101.50,437.0697,308.1549
41835326,-181.50,-2047.50,437.0026,306.3830
41839232,-300.50,-1999.50,436.8728,207.4673
41843138,109.50,586.50,428.7719,119.0423
41847044,493.50,2047.50,401.3828,163.5711
41850950,352.50,348.50,369.4788,291.9514
41854856,-174.50,-2047.50,355.1608,301.0385
41858762,-416.50,-2047.50,345.6804,198.9111
41862668,-11.50,257.50,324.6422,127.1141
41866574,466.50,2047.50,308.3659,168.9064
41870480,396.50,745.50,309.1634,286.1743
41874386,-96.50,-2047.50,321.1935,285.2501
41878292,-370.50,-2047.50,333.3557,164.3712
41882198,-45.50,-68.50,332.0794,123.0660
41886104,400.50,2047.50,309.9102,187.3705
41890010,381.50,1065.50,273.4557,297.7085
41893916,-97.50,-1956.50,245.7536,274.0842
41897822,-418.50,-2047.50,240.4068,131.9483
41901728,-196.50,-413.50,236.5277,112.7730
41905634,361.50,2047.50,222.9271,197.1635
41909540,434.50,1430.50,219.1730,328.8205
41913446,-17.50,-1577.50,226.8457,347.5929
41917352,-409.50,-2047.50,232.1737,229.9879
41921258,-234.50,-793.50,225.2132,176.6720
41925164,249.50,2047.50,199.3210,206.9948
41929070,371.50,1863.50,161.1681,365.4679
41932976,-32.50,-1300.50,131.2117,435.0855
41936882,-468.50,-2047.50,122.1041,294.7672
41940788,-353.50,-1159.50,120.6586,183.9923
41944694,179.50,2047.50,115.8598,195.5382
41948600,387.50,2047.50,110.9047,377.9951
41952506,-33.50,-937.50,97.1373,454.8265
41956412,-512.50,-2047.50,69.4522,304.3320
41960318,-483.50,-1556.50,40.7009,165.0979
41964224,-47.50,1339.50,7.4603,50.6331
41968130,190.50,2047.50,-41.8887,74.3588
41972036,-165.50,-830.50,-96.8059,132.0554
41975942,-851.50,-2047.50,-168.3803,76.5459
41979848,-1103.50,-1961.50,-300.7554,29.9914
41983754,-649.50,478.50,-466.2363,-129.7569
41987660,-356.50,1899.50,-581.7145,-263.5357
41991566,-664.50,-920.50,-639.1923,-269.8546
41995472,-1232.50,-2047.50,-677.2577,-267.5305
41999378,-1310.50,-2047.50,-699.1862,-144.9018
42003284,-796.50,-56.50,-683.9770,-148.4097
42007190,-378.50,1665.50,-637.7260,-327.8288
42011096,-559.50,-604.50,-596.5663,-422.7508
42015002,-1041.50,-2047.50,-568.9861,-398.3089
42018908,-1217.50,-2047.50,-540.6442,-193.0504
42022814,-700.50,-205.50,-498.9997,-68.6000
42026720,-252.50,2047.50,-442.5675,-111.0261
42030626,-350.50,11.50,-399.2009,-102.5873
42034532,-813.50,-2047.50,-371.2147,-125.1075
42038438,-1053.50,-2047.50,-337.7095,-92.1956
42042344,-716.50,-544.50,-312.3225,-49.1505
42046250,-241.50,1885.50,-310.0072,-120.0764
42050156,-322.50,355.50,-326.9588,-142.5762
42054062,-820.50,-2047.50,-350.6791,-177.2051
42057968,-1182.50,-2047.50,-369.6600,-150.2186
42061874,-866.50,-816.50,-382.3563,-51.8956
42065780,-273.50,1790.50,-369.3596,-70.2590
42069686,-261.50,730.50,-331.7422,-85.8532
42073592,-644.50,-2047.50,-292.7508,-154.5659
42077498,-1002.50,-2047.50,-247.0190,-193.5356
42081404,-714.50,-1103.50,-196.6790,-84.6129
42085310,-133.50,1778.50,-146.1106,-34.7226
42089216,27.50,1349.50,-94.2112,49.6114
42093122,-412.50,-1760.50,-54.1102,66.1737
42097028,-788.50,-2047.50,-27.2292,-21.4388
42100934,-512.50,-1242.50,15.4037,9.5246
42104840,101.50,1875.50,92.9785,83.0843
42108746,346.50,1947.50,179.2905,264.5790
42112652,-12.50,-1104.50,243.8834,383.6075
42116558,-414.50,-2047.50,290.4363,285.9583
42120464,-324.50,-1425.50,327.9992,184.4605
42124370,237.50,1695.50,353.2278,143.7016
42128276,561.50,2047.50,377.2743,254.0345
42132182,214.50,-584.50,404.8446,358.1136
42136088,-238.50,-2047.50,426.2289,309.8161
42139994,-214.50,-1578.50,445.2087,235.1864
42143900,281.50,1523.50,457.8740,200.7721
42147806,592.50,2047.50,451.7077,276.3872
42151712,327.50,-140.50,434.3416,325.3968
42155618,-196.50,-2047.50,422.0875,275.4235
42159524,-268.50,-1823.50,415.3528,203.8958
42163430,176.50,1056.50,403.7839,134.1746
42167336,495.50,2047.50,373.2125,152.1479
42171242,305.50,203.50,330.3554,197.7862
42175148,-225.50,-2047.50,304.3725,189.3659
42179054,-424.50,-2001.50,289.4599,141.2720
42182960,-79.50,497.50,251.6747,60.5147
42186866,272.50,2047.50,181.0950,30.2247
42190772,94.50,399.50,99.8401,60.8105
42194678,-537.50,-2047.50,23.1981,55.9499
42198584,-783.50,-2047.50,-48.8957,37.0335
42202490,-532.50,-191.50,-118.8782,-14.2919
42206396,-148.50,2047.50,-201.2825,-89.1972
42210302,-209.50,454.50,-280.0029,-89.1514
42214208,-735.50,-2047.50,-321.0179,-117.5420
42218114,-1045.50,-2047.50,-333.0887,-113.3972
42222020,-658.50,-638.50,-326.0179,-63.7467
42225926,-164.50,2047.50,-297.5664,-87.1531
42229832,-111.50,821.50,-265.3357,-58.4439
42233738,-612.50,-2047.50,-243.3646,-98.3909
42237644,-915.50,-2047.50,-227.2623,-155.9513
42241550,-673.50,-892.50,-209.9818,-82.1420
42245456,-160.50,2002.50,-198.8481,-35.9557
42249362,-88.50,1154.50,-201.6935,20.3846
42253268,-526.50,-1958.50,-209.4748,-55.1791
42257174,-974.50,-2047.50,-217.4705,-180.6178
42261080,-795.50,-1174.50,-231.4659,-105.4987
42264986,-271.50,1676.50,-243.8518,-52.2671
42268892,-74.50,1535.50,-241.3007,-10.2058
42272798,-463.50,-1544.50,-222.7167,-19.4964
42276704,-896.50,-2047.50,-197.3067,-79.8372
42280610,-794.50,-1558.50,-177.9502,-42.9326
42284516,-224.50,1239.50,-161.7493,-102.3913
42288422,9.50,1994.50,-140.9010,-98.1110
42292328,-344.50,-1093.50,-125.6870,17.7602
42296234,-829.50,-2047.50,-121.2370,44.4115
42300140,-822.50,-1764.50,-124.4836,45.1580
42304046,-314.50,971.50,-133.0898,-58.6383
42307952,22.50,2047.50,-133.6258,-103.8442
42311858,-297.50,-644.50,-124.8407,-13.2537
42315764,-750.50,-2047.50,-112.5634,36.6220
42319670,-792.50,-1885.50,-90.8149,65.0948
42323576,-205.50,793.50,-51.3769,7.5987
42327482,195.50,2047.50,8.3156,-32.9507
42331388,-60.50,-172.50,56.8197,15.0177
42335294,-570.50,-2047.50,69.6484,42.9608
42339200,-592.50,-1974.50,83.2454,65.9594
42343106,-16.50,670.50,143.9868,62.2034
42347012,455.50,2047.50,240.3343,66.5784
42350918,321.50,511.50,320.6646,124.5708
42354824,-156.50,-2047.50,368.0442,159.0939
42358730,-322.50,-2020.50,400.1312,129.6654
42362636,182.50,602.50,437.5597,130.6359
42366542,680.50,2047.50,489.5407,187.0343
42370448,625.50,1137.50,537.9032,255.1857
42374354,185.50,-1663.50,578.5880,325.9527
42378260,18.50,-2026.50,633.8334,317.6226
42382166,378.50,557.50,695.2027,311.5384
42386072,949.50,2047.50,740.3069,353.5309
42389978,973.50,1702.50,775.7934,392.5674
42393884,486.50,-1153.50,804.1324,484.8804
42397790,146.50,-2047.50,812.5865,501.2284
42401696,432.50,301.50,800.3191,442.9166
42405602,977.50,2047.50,784.2899,417.1065
42409508,1072.50,2047.50,781.4523,427.4493
42413414,586.50,-736.50,785.4354,523.8468
42417320,203.50,-2047.50,780.5716,555.1859
42421226,395.50,-63.50,763.3184,477.0341
42425132,907.50,2047.50,734.9534,420.3956
42429038,1067.50,2047.50,705.5809,394.1228
42432944,605.50,-404.50,683.5584,422.9147
42436850,166.50,-2047.50,662.1261,450.5984
42440756,283.50,-491.50,637.6292,407.8549
42444662,835.50,2047.50,615.6633,376.6579
42448568,1013.50,2047.50,596.2944,368.7868
42452474,542.50,-48.50,557.7046,362.1842
42456380,32.50,-2047.50,492.9783,370.9674
42460286,107.50,-879.50,436.1815,334.6623
42464192,601.50,2047.50,405.6391,331.9674
42468098,925.50,2047.50,392.6069,367.8215
42472004,570.50,227.50,388.9092,322.6368
42475910,33.50,-2047.50,376.9626,271.4200
42479816,-48.50,-1200.50,341.1517,226.6447
42483722,439.50,2047.50,289.5385,285.1199
42487628,771.50,2047.50,244.7074,397.1094
42491534,459.50,543.50,209.2388,327.9267
42495440,-15.50,-1964.50,184.7935,221.3122
42499346,-105.50,-1519.50,185.9107,154.7178
42503252,301.50,1894.50,188.0170,223.8139
42507158,683.50,2047.50,161.6445,370.0915
42511064,487.50,834.50,124.4253,296.6627
42514970,-20.50,-1780.50,105.1330,176.7566
42518876,-219.50,-1774.50,102.1441,118.1869
42522782,162.50,1158.50,89.5470,110.2308
42526688,587.50,2047.50,58.7029,138.1846
42530594,460.50,1187.50,25.0988,104.6375
42534500,-53.50,-1585.50,4.7971,116.5799
42538406,-304.50,-1975.50,-0.5448,113.9674
42542312,55.50,669.50,-3.0580,70.9234
42546218,508.50,2047.50,-13.9276,49.8812
42550124,470.50,1514.50,-33.0588,38.5941
42554030,-40.50,-1306.50,-48.7782,105.9621
42557936,-364.50,-2047.50,-57.9966,137.1282
42561842,-78.50,239.50,-69.6263,86.1529
42565748,418.50,2047.50,-86.0108,34.2173
42569654,478.50,1872.50,-97.9737,38.4196
42573560,-16.50,-1056.50,-100.2677,130.0089
42577466,-352.50,-2047.50,-95.7313,155.9428
42581372,-132.50,-181.50,-87.8845,91.5809
42585278,368.50,2047.50,-89.4054,30.2214
42589184,490.50,2047.50,-102.7542,37.9879
42593090,40.50,-789.50,-114.2558,106.0651
42596996,-382.50,-2047.50,-120.4391,112.4079
42600902,-242.50,-600.50,-128.1911,55.5194
42604808,239.50,2047.50,-147.2229,14.8931
42608714,415.50,2047.50,-177.5079,31.6669
42612620,-8.50,-432.50,-207.3184,56.6187
42616526,-421.50,-2047.50,-220.8056,51.5144
42620432,-412.50,-996.50,-223.2533,13.6617
42624338,83.50,2047.50,-242.4072,1.6088
42628244,364.50,2047.50,-267.7125,50.1216
42632150,49.50,-116.50,-269.3561,34.1684
42636056,-463.50,-2047.50,-256.4268,-15.5151
42639962,-474.50,-1358.50,-254.2341,-57.7920
42643868,16.50,2047.50,-264.7325,-24.5183
42647774,366.50,2047.50,-270.2558,87.8805
42651680,105.50,158.50,-260.9603,39.0662
42655586,-398.50,-2047.50,-244.0077,-82.8600
42659492,-448.50,-1642.50,-226.7859,-145.5932
42663398,-24.50,1411.50,-217.8498,-149.7932
42667304,354.50,2047.50,-226.2302,-108.2363
42671210,155.50,478.50,-239.1334,-134.4328
42675116,-380.50,-2047.50,-244.6218,-176.5695
42679022,-572.50,-1887.50,-254.7160,-210.3859
42682928,-144.50,864.50,-273.5486,-233.6301
42686834,313.50,2047.50,-281.1652,-228.6408
42690740,223.50,789.50,-263.8150,-233.7181
42694646,-262.50,-2015.50,-228.2131,-237.0593
42698552,-540.50,-2047.50,-202.3349,-265.1475
42702458,-252.50,414.50,-220.7350,-279.7915
42706364,237.50,2047.50,-268.0866,-270.2985
42710270,208.50,1168.50,-292.6446,-245.2797
42714176,-240.50,-1729.50,-275.4461,-193.4888
42718082,-549.50,-2047.50,-240.0177,-176.5722
42721988,-250.50,85.50,-220.0636,-173.0672
42725894,231.50,2047.50,-223.1041,-187.7177
42729800,235.50,1518.50,-238.8162,-186.0851
42733706,-222.50,-1420.50,-253.5831,-137.6478
42737612,-550.50,-2047.50,-250.4732,-114.2930
42741518,-293.50,-270.50,-229.9747,-109.1244
42745424,208.50,2047.50,-210.3132,-133.3704
42749330,310.50,1921.50,-203.9837,-110.1121
42753236,-130.50,-1077.50,-205.9947,-34.3430
42757142,-562.50,-2047.50,-212.0797,-26.4400
42761048,-399.50,-656.50,-224.3388,-64.8126
42764954,113.50,2047.50,-236.2940,-109.2644
42768860,285.50,2047.50,-242.3992,-81.3836
42772766,-96.50,-766.50,-241.7305,-36.4937
42776672,-560.50,-2047.50,-237.0140,-53.8508
42780578,-463.50,-1072.50,-235.8318,-92.9789
42784484,39.50,2047.50,-238.4077,-115.5186
42788390,302.50,2047.50,-238.4967,-61.5355
42792296,-16.50,-446.50,-228.6640,-58.4561
42796202,-490.50,-2047.50,-209.9030,-111.7613
42800108,-473.50,-1388.50,-194.3986,-135.5447
42804014,16.50,1951.50,-188.7547,-114.6706
42807920,303.50,2047.50,-193.2698,-34.1668
42811826,38.50,-80.50,-201.6597,-64.6403
42815732,-463.50,-2047.50,-202.1954,-147.2807
42819638,-543.50,-1664.50,-199.9526,-174.7705
42823544,-81.50,1319.50,-204.8539,-203.1197
42827450,289.50,2047.50,-210.4232,-210.4411
42831356,59.50,256.50,-213.0029,-230.6951
42835266,-460.50,-2047.50,-217.1787,-233.1241
42839172,-558.50,-1891.50,-215.7840,-221.6117
42843078,-150.50,865.50,-204.9585,-244.9519
42846984,279.50,2047.50,-195.9181,-270.7901
42850890,102.50,590.50,-195.9088,-286.4191
42854796,-422.50,-2047.50,-206.3991,-278.9972
42858702,-618.50,-2047.50,-217.6956,-276.2449
42862608,-237.50,463.50,-218.8341,-280.1614
42866514,217.50,2047.50,-213.9216,-284.8958
42870420,161.50,912.50,-207.0840,-287.1221
42874326,-366.50,-2047.50,-201.4559,-299.5544
42878232,-657.50,-2047.50,-206.1433,-319.3262
42882138,-312.50,41.50,-215.0183,-282.4876
42886044,139.50,2047.50,-219.4478,-259.1635
42889950,131.50,1201.50,-228.6180,-259.7303
42893856,-320.50,-1758.50,-235.0010,-265.0115
42897762,-649.50,-2047.50,-224.8021,-262.7919
42901668,-399.50,-317.50,-211.3615,-205.5239
42905574,94.50,2047.50,-209.5881,-190.4438
42909480,199.50,1614.50,-211.2059,-175.4083
42913386,-253.50,-1382.50,-204.2751,-144.6197
42917292,-655.50,-2047.50,-196.9947,-140.5299
42921198,-432.50,-667.50,-192.9624,-120.1654
42925104,80.50,2047.50,-183.1863,-132.1724
42929010,243.50,2031.50,-171.0642,-81.4078
42932916,-114.50,-1007.50,-153.5583,-8.9220
42936822,-546.50,-2047.50,-126.1656,-28.6546
42940728,-413.50,-1006.50,-102.8456,-66.4004
42944634,71.50,2047.50,-94.8344,-91.6448
42948540,291.50,2047.50,-101.7050,-41.6706
42952446,-82.50,-597.50,-114.4857,-15.1445
42956352,-550.50,-2047.50,-124.5593,-47.3378
42960258,-484.50,-1330.50,-125.1968,-68.2307
42964164,33.50,2047.50,-111.7803,-57.5003
42968070,285.50,2047.50,-98.9601,22.3651
42971976,18.50,-254.50,-96.6907,-3.7753
42975882,-466.50,-2047.50,-90.0974,-89.3873
42979788,-479.50,-1588.50,-74.8634,-108.2778
42983694,-31.50,1467.50,-64.5300,-125.3404
42987600,304.50,2047.50,-68.4779,-126.5238
42991506,67.50,94.50,-79.3496,-156.5757
42995412,-512.50,-2047.50,-96.8573,-171.1166
42999318,-602.50,-1840.50,-124.3470,-151.7079
43003224,-170.50,941.50,-142.4429,-181.9614
43007130,243.50,2047.50,-142.1381,-227.2617
43011036,69.50,439.50,-133.4013,-248.7176
43014942,-442.50,-2047.50,-125.6897,-226.9785
43018848,-602.50,-2031.50,-118.9076,-202.6206
43022754,-194.50,533.50,-107.3331,-219.1511
43026660,237.50,2047.50,-95.9862,-251.4120
43030566,127.50,800.50,-94.5749,-255.4285
43034472,-372.50,-2047.50,-99.4389,-239.7080
43038378,-622.50,-2047.50,-101.2124,-232.5372
43042284,-260.50,137.50,-97.1482,-210.1553
43046190,192.50,2047.50,-91.8230,-215.4793
43050096,177.50,1089.50,-91.6292,-226.9607
43054002,-276.50,-1913.50,-86.2552,-237.5032
43057908,-575.50,-2047.50,-67.2082,-241.7387
43061814,-303.50,-226.50,-50.0190,-181.0429
43065720,175.50,2047.50,-49.2050,-158.9909
43069626,215.50,1423.50,-61.4495,-158.3839
43073532,-239.50,-1572.50,-73.2788,-157.4267
43077438,-637.50,-2047.50,-81.6221,-156.3496
43081344,-386.50,-604.50,-87.1835,-108.8041
43085250,103.50,2047.50,-84.7748,-107.0502
43089156,237.50,1855.50,-80.5009,-70.8708
43093062,-204.50,-1193.50,-80.9233,-19.4181
43096968,-623.50,-2047.50,-86.2946,-31.7778
43100874,-453.50,-962.50,-89.0860,-42.3104
43104780,59.50,2047.50,-81.5192,-65.2961
43108686,250.50,2047.50,-72.4355,-10.5387
43112592,-107.50,-794.50,-66.2160,38.3256
43116498,-558.50,-2047.50,-57.3909,8.6050
43120404,-473.50,-1306.50,-47.1911,-22.3929
43124310,15.50,2047.50,-41.0375,-34.1311
43128216,263.50,2047.50,-44.1731,39.1983
43132122,-50.50,-405.50,-51.9569,42.9187
43136028,-528.50,-2047.50,-53.1667,-18.8143
43139934,-525.50,-1557.50,-47.7292,-36.6604
43143840,-34.50,1561.50,-40.1912,-67.5888
43147746,292.50,2047.50,-32.1311,-67.9870
43151652,-28.50,-74.50,-35.7107,-90.3399
43155558,-514.50,-2047.50,-54.6377,-106.9097
43159464,-578.50,-1789.50,-65.7714,-81.6370
43163370,-120.50,1023.50,-59.8147,-114.9842
43167276,256.50,2047.50,-49.7674,-168.5620
43171182,69.50,309.50,-42.1323,-188.1912
43175088,-440.50,-2047.50,-35.5564,-155.7816
43178994,-584.50,-1990.50,-30.1454,-118.3100
43182900,-181.50,638.50,-28.2875,-141.3656
43186806,219.50,2047.50,-34.1002,-187.3491
43190712,119.50,659.50,-41.6513,-200.6801
43194618,-381.50,-2047.50,-37.5289,-180.7424
43198524,-629.50,-2047.50,-31.1215,-159.0796
43202430,-277.50,240.50,-38.2205,-145.3666
43206336,194.50,2047.50,-48.9817,-165.9058
43210242,151.50,1001.50,-49.1744,-176.5679
43214148,-324.50,-2031.50,-38.7050,-184.5901
43218054,-591.50,-2047.50,-21.7657,-197.7232
43221960,-266.50,-136.50,-1.8354,-146.7884
43225866,231.50,2047.50,17.2599,-124.8904
43229772,239.50,1298.50,27.6046,-125.6949
43233678,-250.50,-1695.50,22.4205,-128.3785
43237584,-636.50,-2047.50,1.7675,-125.0610
43241490,-383.50,-482.50,-23.2644,-65.0701
43245396,134.50,2047.50,-33.1845,-54.3515
43249302,249.50,1687.50,-24.1681,-38.3275
43253208,-155.50,-1344.50,-3.7089,-17.1871
43257114,-570.50,-2047.50,16.9203,-27.5613
43261020,-378.50,-856.50,26.9405,-8.7638
43264926,103.50,2047.50,26.6746,-17.3717
43268832,272.50,2047.50,17.1358,41.3311
43272738,-113.50,-948.50,7.4385,103.1098
43276644,-549.50,-2047.50,7.4752,71.9630
43280550,-448.50,-1218.50,12.7922,32.6263
43284456,54.50,2047.50,16.7069,8.1433
43288362,289.50,2047.50,16.3869,73.4618
43292268,-76.50,-586.50,9.3230,86.9526
43296174,-561.50,-2047.50,-4.7759,27.9411
43300080,-528.50,-1516.50,-16.9868,7.7978
43303986,-43.50,1659.50,-20.1867,-23.7845
43307892,272.50,2047.50,-17.0360,-11.5538
43311798,-12.50,-188.50,-11.0960,-15.4920
43315704,-512.50,-2047.50,-6.7537,-27.2516
43319610,-552.50,-1740.50,-4.6018,-7.8828
43323516,-160.50,1134.50,-12.6990,-54.6307
43327422,231.50,2047.50,-33.5221,-109.9754
43331328,27.50,158.50,-41.5962,-129.6163
43335234,-462.50,-2047.50,-28.1763,-101.1829
43339140,-608.50,-1946.50,-13.5406,-57.3685
43343046,-185.50,720.50,-11.4041,-85.9287
43346952,236.50,2047.50,-14.1326,-143.8268
43350858,124.50,534.50,-6.3251,-158.2861
43354764,-383.50,-2047.50,11.8962,-126.7935
43358670,-590.50,-2047.50,24.9037,-94.5157
43362576,-224.50,335.50,24.3212,-96.1918
43366482,231.50,2047.50,17.9187,-132.2680
43370388,144.50,899.50,12.0282,-140.4207
43374294,-320.50,-2047.50,11.2806,-132.0207
43378200,-574.50,-2047.50,22.7995,-131.4344
43382106,-227.50,-42.50,43.3526,-94.4217
43386012,221.50,2047.50,57.8317,-91.6811
43389918,215.50,1206.50,53.8137,-96.7453
43393824,-239.50,-1821.50,43.8561,-100.2287
43397730,-554.50,-2047.50,46.5502,-102.9842
43401636,-306.50,-374.50,54.9969,-41.9017
43405542,166.50,2047.50,52.9112,-23.4982
43409448,247.50,1569.50,40.7549,-13.4027
43413354,-160.50,-1461.50,37.9100,-2.1959
43417260,-520.50,-2047.50,54.3337,-9.5571
43421166,-357.50,-739.50,70.5762,23.8274
43425072,134.50,2047.50,67.4324,22.2557
43428978,285.50,1942.50,53.9295,66.3877
43432884,-112.50,-1090.50,46.1780,111.9832
43436790,-527.50,-2047.50,47.0441,83.0357
43440696,-398.50,-1138.50,53.2519,57.9625
43444602,111.50,2047.50,62.3378,33.6842
43448508,314.50,2047.50,68.1290,98.1473
43452414,-47.50,-713.50,64.0484,130.5282
43456320,-490.50,-2047.50,56.9787,81.2705
43460226,-464.50,-1445.50,53.2438,55.3490
43464132,44.50,1877.50,51.5699,39.6806
43468038,332.50,2047.50,56.1074,92.3643
43471944,13.50,-315.50,60.5922,89.4294
43475850,-452.50,-2047.50,58.2892,40.9372
43479756,-512.50,-1651.50,52.4162,42.5344
43483662,-15.50,1346.50,47.0010,11.7403
43487568,319.50,2047.50,49.6377,-14.4893
43491474,85.50,63.50,55.5660,-37.0633
43495380,-399.50,-2047.50,59.5909,-29.9624
43499286,-521.50,-1871.50,61.6745,4.5710
43503192,-82.50,867.50,58.5558,-28.6734
43507098,303.50,2047.50,54.4350,-87.8017
43511004,142.50,408.50,52.8086,-112.0295
43514910,-381.50,-2047.50,50.0536,-86.7494
43518816,-565.50,-2027.50,41.3423,-50.3346
43522722,-172.50,471.50,31.2375,-59.0134
43526628,259.50,2047.50,27.0388,-100.6631
43530534,175.50,807.50,28.4387,-108.3826
43534440,-320.50,-2047.50,33.5044,-87.8912
43538346,-573.50,-2047.50,36.7490,-76.5861
43542252,-216.50,98.50,37.5916,-53.7557
43546158,223.50,2047.50,37.6203,-64.6733
43550064,170.50,1107.50,26.1011,-77.0125
43553970,-288.50,-1935.50,8.4018,-88.8348
43557876,-584.50,-2047.50,4.9032,-99.5041
43561782,-314.50,-268.50,11.7487,-41.2873
43565688,163.50,2047.50,13.0736,-19.8749
43569594,212.50,1462.50,7.0104,-12.2210
43573500,-242.50,-1590.50,0.5948,-5.2653
43577406,-621.50,-2047.50,-5.7344,-12.0698
43581312,-384.50,-655.50,-10.6730,25.1153
43585218,131.50,2047.50,-4.7644,20.9412
43589124,255.50,1825.50,8.3606,53.4251
43593030,-162.50,-1228.50,16.4691,93.1245
43596936,-566.50,-2047.50,18.4838,73.6976
43600842,-414.50,-1007.50,20.0363,72.1109
43604748,93.50,2047.50,24.0737,58.0344
43608654,289.50,2047.50,28.6560,118.2709
43612560,-65.50,-849.50,34.1003,158.1572
43616466,-528.50,-2047.50,39.1080,111.6224
43620372,-512.50,-1365.50,28.6684,78.7269
43624278,-13.50,2047.50,1.6605,73.1767
43628184,259.50,2047.50,-16.4229,156.0374
43632090,-32.50,-479.50,-11.9978,153.3800
43635996,-512.50,-2047.50,3.8059,72.0627
43639902,-538.50,-1625.50,11.3493,51.3138
43643808,-31.50,1439.50,10.6383,8.0388
43647714,303.50,2047.50,18.1771,-10.2120
43651620,7.50,-98.50,24.3168,-19.1527
43655526,-533.50,-2047.50,6.8302,-11.4421
43659432,-586.50,-1829.50,-20.3135,26.2133
43663338,-136.50,986.50,-28.2828,-8.4687
43667244,247.50,2047.50,-19.6674,-66.5436
43671150,45.50,284.50,-12.6029,-87.9447
43675056,-443.50,-2047.50,-10.1569,-58.6041
43678962,-628.50,-2020.50,-11.0523,-19.4461
43682868,-207.50,603.50,-16.9558,-41.0304
43686774,240.50,2047.50,-16.2483,-87.7538
43690680,155.50,650.50,1.2082,-100.3117
43694586,-360.50,-2047.50,23.8309,-81.4839
43698492,-582.50,-2047.50,34.9119,-56.4341
43702398,-238.50,230.50,32.9272,-34.2712
43706304,212.50,2047.50,23.6970,-52.0039
43710210,195.50,1015.50,17.3506,-66.1498
43714116,-303.50,-2031.50,21.3085,-79.3785
43718022,-598.50,-2047.50,25.8230,-95.6231
43721928,-302.50,-175.50,24.1140,-47.8046
43725834,211.50,2047.50,24.8732,-31.6437
43729740,239.50,1360.50,32.5806,-24.4982
43733646,-234.50,-1698.50,37.7964,-12.9060
43737552,-576.50,-2047.50,37.0550,-14.0380
43741458,-321.50,-536.50,40.0098,28.5996
43745364,192.50,2047.50,50.9146,25.3485
43749270,322.50,1786.50,65.7573,56.2673
43753176,-122.50,-1309.50,78.0935,110.5017
43757082,-531.50,-2047.50,79.7153,103.8153
43760988,-367.50,-866.50,72.3631,101.8818
43764894,134.50,2047.50,64.0205,78.1392
43768800,293.50,2047.50,53.7997,127.4598
43772706,-112.50,-940.50,38.6738,179.7345
43776612,-562.50,-2047.50,22.6433,145.7045
43780518,-453.50,-1262.50,14.6954,106.9567
43784424,61.50,2047.50,19.4506,80.7856
43788330,304.50,2047.50,28.8368,146.7252
43792236,-21.50,-558.50,35.1688,162.0015
43796142,-553.50,-2047.50,30.7519,105.7762
43800048,-537.50,-1548.50,10.0881,84.8529
43803954,-25.50,1698.50,-6.3735,55.8334
43807860,271.50,2047.50,-6.0466,76.8511
43811766,-11.50,-198.50,-3.8565,63.1769
43815672,-481.50,-2047.50,-0.9562,32.4377
43819578,-557.50,-1778.50,6.7310,46.2957
43823484,-104.50,1193.50,7.7152,12.9158
43827390,272.50,2047.50,2.2812,-21.5690
43831296,73.50,218.50,3.1212,-36.6424
43835202,-448.50,-2047.50,9.1431,-14.1177
43839108,-592.50,-1970.50,9.1950,17.9023
43843014,-181.50,759.50,0.5938,-16.3310
43846920,235.50,2047.50,-9.6374,-67.5020
43850826,106.50,593.50,-13.1547,-80.0808
43854732,-409.50,-2047.50,-9.4086,-50.3718
43858638,-612.50,-2047.50,-5.4005,-23.2743
43862544,-218.50,384.50,-0.6081,-21.6311
43866450,238.50,2047.50,8.0514,-49.0809
43870356,134.50,958.50,8.8797,-61.7120
43874266,-351.50,-2047.50,-1.9726,-61.3115
43878172,-593.50,-2047.50,-3.8663,-68.7606
43882078,-283.50,-0.50,7.9568,-29.7370
43885984,176.50,2047.50,11.9967,-18.6658
43889890,202.50,1270.50,4.9824,-25.4538
43893796,-284.50,-1796.50,1.5064,-29.7646
43897702,-609.50,-2047.50,2.8574,-34.9024
43901608,-369.50,-374.50,2.0642,17.8867
43905514,132.50,2047.50,-3.5383,28.0033
43909420,213.50,1654.50,-9.6081,40.5190
43913326,-245.50,-1471.50,-13.8896,60.1130
43917232,-623.50,-2047.50,-17.5618,44.3656
43921138,-425.50,-778.50,-16.7699,61.2570
43925044,109.50,2047.50,-7.5056,49.1968
43928950,251.50,2047.50,4.5943,106.0030
43932856,-153.50,-1070.50,9.2712,179.1379
43936762,-576.50,-2047.50,9.0699,150.9144
43940668,-453.50,-1125.50,11.3239,111.9521
43944574,74.50,2047.50,18.2252,81.7795
43948480,288.50,2047.50,26.5832,134.3314
43952386,-74.50,-643.50,28.3624,160.7169
43956292,-534.50,-2047.50,25.1436,123.8028
43960198,-514.50,-1436.50,19.9971,105.9874
43964104,-15.50,2047.50,11.1138,114.7940
43968010,287.50,2047.50,6.5129,197.1719
43971916,-8.50,-258.50,11.5315,173.7235
43975822,-512.50,-2047.50,16.9939,89.4258
43979728,-524.50,-1679.50,19.1231,71.3515
43983634,-55.50,1449.50,23.2528,44.5965
43987540,307.50,2047.50,29.4924,38.4921
43991446,69.50,145.50,35.5389,17.0411
43995352,-425.50,-2047.50,41.1744,17.7101
43999258,-546.50,-1896.50,44.4695,40.2667
44003164,-127.50,961.50,39.2394,4.2297
44007070,272.50,2047.50,27.0132,-41.9166
44010976,112.50,495.50,19.0810,-66.1746
44014882,-415.50,-2047.50,16.5580,-44.7936
44018788,-588.50,-2047.50,13.8506,-18.5433
44022694,-234.50,543.50,6.3947,-32.2307
44026600,174.50,2047.50,-13.9423,-66.3374
44030506,100.50,915.50,-37.5603,-70.8448
44034412,-385.50,-2047.50,-42.1090,-45.3482
44038318,-622.50,-2047.50,-28.1874,-40.2935
44042224,-270.50,192.50,-10.1564,-17.5319
44046130,211.50,2047.50,5.0199,-17.9695
44050036,217.50,1229.50,18.3657,-31.9601
44053942,-298.50,-1839.50,26.2062,-28.9787
44057848,-603.50,-2047.50,22.2954,-26.8453
44061754,-317.50,-177.50,16.7882,21.7281
44065660,191.50,2047.50,20.2167,29.7296
44069566,240.50,1618.50,26.7248,30.5779
44073472,-244.50,-1486.50,23.9916,59.2662
44077378,-600.50,-2047.50,12.9525,64.2879
44081284,-389.50,-776.50,6.7700,50.2070
44085190,80.50,2047.50,0.4447,-22.2019
44089096,239.50,1389.50,-10.5174,-79.4560
44093002,-168.50,-1958.50,-10.1273,-252.4445
44096908,-578.50,-2047.50,2.3526,-406.1064
44100814,-449.50,-1745.50,10.9318,-351.7964
44104720,49.50,592.50,8.1214,-545.2772
44108626,257.50,679.50,0.2392,-933.3330
44112532,-101.50,-2047.50,-1.1972,-1149.7635
44116438,-560.50,-2047.50,4.1572,-966.5828
44120344,-472.50,-2047.50,11.4743,-506.9534
44124250,37.50,189.50,22.4859,-497.4183
44128156,291.50,753.50,31.5682,-880.6516
44132062,-17.50,-1951.50,32.1052,-1157.0073
44135968,-512.50,-2047.50,28.4524,-1034.7082
44139874,-538.50,-2047.50,20.5425,-526.8192
44143780,-15.50,137.50,16.3974,-341.9268
44147686,256.50,1319.50,18.0374,-544.1451
44151592,12.50,-1103.50,9.9598,-670.1124
44155498,-486.50,-2047.50,0.2285,-565.6242
44159404,-548.50,-2047.50,3.0341,-260.5700
44163310,-136.50,278.50,7.8550,-140.1314
44167216,253.50,2047.50,2.9633,-167.7319
44171122,70.50,-114.50,-2.7466,-74.9767
44175028,-460.50,-2047.50,-5.0940,5.9853
44178934,-595.50,-2047.50,-8.1321,33.6833
44182840,-180.50,333.50,-4.7372,15.9707
44186746,224.50,2047.50,0.5746,12.0285
44190652,129.50,629.50,0.8274,115.1109
44194558,-373.50,-2047.50,4.3129,181.8110
44198464,-613.50,-2047.50,8.2401,133.9761
44202370,-264.50,224.50,3.6466,102.3516
44206276,186.50,2047.50,-6.3791,138.4977
44210182,187.50,1143.50,-8.4734,236.1348
44214088,-254.50,-1904.50,13.1825,278.6042
44217994,-580.50,-2047.50,42.5715,194.7915
44221900,-294.50,9.50,48.0325,167.1247
44225806,166.50,2047.50,30.9269,223.7711
44229712,215.50,1602.50,12.1071,326.8483
44233618,-246.50,-1446.50,5.8052,405.7269
44237524,-622.50,-2047.50,4.6416,353.7286
44241430,-346.50,-266.50,4.2398,295.6138
44245336,139.50,2047.50,12.3885,299.1241
44249242,240.50,2047.50,17.5746,400.4736
44253148,-187.50,-1000.50,13.3087,521.4413
44257054,-588.50,-2047.50,8.5569,481.3427
44260960,-436.50,-624.50,4.6222,367.6262
44264866,80.50,2047.50,1.5994,319.2297
44268772,176.50,2047.50,-11.1976,384.1356
44272678,-140.50,-602.50,-31.9078,453.2860
44276584,-553.50,-2047.50,-27.0284,424.5484
44280490,-456.50,-1043.50,0.9657,337.1870
44284396,63.50,2047.50,25.2386,298.0520
44288302,304.50,2047.50,40.2891,377.5153
44292208,-32.50,-262.50,44.6739,409.4213
44296114,-527.50,-2047.50,36.9592,354.9433
44300020,-483.50,-1357.50,26.5381,281.7332
44303926,-12.50,2047.50,25.2208,292.4116
44307832,304.50,2047.50,29.3704,417.4796
44311738,39.50,177.50,34.9512,424.1296
44315644,-456.50,-2047.50,40.8038,339.5196
44319550,-523.50,-1555.50,40.8030,258.9203
44323456,-62.50,2025.50,36.4361,314.6552
44327362,295.50,2047.50,33.8507,487.3037
44331268,86.50,554.50,32.6892,452.9401
44335174,-426.50,-2047.50,29.8518,305.3013
44339080,-538.50,-1844.50,28.1323,178.4812
44342986,-124.50,1087.50,31.6650,114.2540
44346892,279.50,2047.50,34.9208,143.5195
44350798,134.50,508.50,32.2860,109.2094
44354704,-382.50,-2047.50,24.9535,25.0525
44358610,-598.50,-2047.50,13.5663,-22.1923
44362516,-220.50,-94.50,2.7775,-109.7565
44366422,228.50,2047.50,-0.7141,-222.9695
44370328,144.50,827.50,-1.9112,-180.6187
44374234,-324.50,-2047.50,-3.1393,-84.7449
44378140,-559.50,-2047.50,7.3207,-59.2179
44382046,-297.50,93.50,18.7224,7.6777
44385952,190.50,2047.50,11.7384,65.4557
44389858,202.50,1527.50,1.0387,125.9155
44393764,-249.50,-1456.50,3.3305,220.3500
44397670,-574.50,-2047.50,14.1019,237.7451
44401576,-303.50,-85.50,25.7460,220.0898
44405482,211.50,2047.50,39.0315,198.2266
44409388,324.50,2000.50,58.1157,235.5342
44413294,-125.50,-1132.50,76.9855,328.9464
44417200,-527.50,-2047.50,80.5662,318.0667
44421106,-324.50,-548.50,71.4583,237.7778
44425012,157.50,2047.50,63.2652,173.0123
44428918,291.50,2047.50,51.9826,199.7987
44432824,-90.50,-852.50,39.4698,254.7715
44436730,-483.50,-2047.50,42.3221,233.5920
44440636,-376.50,-963.50,57.7892,185.0438
44444542,112.50,2047.50,65.5004,157.7765
44448448,430.50,2047.50,76.4633,205.8421
44452354,16.50,-355.50,98.8254,242.1195
44456260,-491.50,-2047.50,93.9470,232.9322
44460166,-528.50,-1226.50,46.4991,203.6886
44464072,-15.50,2047.50,-7.7355,204.7405
44467978,267.50,2047.50,-33.0634,271.1388
44471884,-48.50,90.50,-37.7727,258.0921
44475790,-526.50,-2047.50,-41.8125,213.5717
44479696,-560.50,-1488.50,-42.0724,174.4286
44483602,-93.50,2047.50,-37.7139,216.1666
44487508,269.50,2047.50,-31.6175,338.5092
44491414,61.50,397.50,-20.8479,278.8486
44495320,-444.50,-2047.50,-7.3635,151.6417
44499226,-546.50,-1810.50,2.1172,69.7509
44503132,-117.50,1199.50,7.0381,22.3867
44507038,262.50,2047.50,5.5562,33.5489
44510944,114.50,649.50,-1.3604,18.3745
44514850,-388.50,-2047.50,-3.7033,5.4745
44518756,-581.50,-2020.50,-1.9170,-23.8017
44522662,-182.50,704.50,-0.7951,-53.2054
44526568,251.50,2047.50,1.2701,-49.3545
44530474,165.50,975.50,2.1413,-45.1070
44534380,-321.50,-2047.50,3.2636,-47.5280
44538286,-566.50,-2047.50,8.8032,-81.3138
44542192,-237.50,203.50,14.7214,-83.1769
44546098,246.50,2047.50,18.3256,-76.9718
44550004,250.50,1257.50,24.6815,-71.7135
44553910,-250.50,-1820.50,31.0246,-58.2529
44557816,-569.50,-2047.50,27.9115,-66.2581
44561722,-324.50,-233.50,14.8304,-44.7043
44565628,170.50,2047.50,-1.6370,-53.1286
44569534,225.50,1620.50,-13.6984,-38.4473
44573440,-228.50,-1469.50,-19.6396,10.0151
44577346,-575.50,-2047.50,-18.3544,16.1633
44581252,-382.50,-580.50,-11.3763,25.5316
44585158,113.50,2047.50,-9.7897,1.9085
44589064,255.50,2016.50,-14.5023,43.0239
44592970,-175.50,-1168.50,-19.7744,108.9672
44596876,-573.50,-2047.50,-23.4532,77.6070
44600782,-448.50,-1040.50,-23.0321,26.8321
44604688,51.50,2047.50,-23.0257,-18.5882
44608594,256.50,2047.50,-26.2601,34.5449
44612500,-88.50,-799.50,-25.3954,78.1831
44616406,-559.50,-2047.50,-20.2897,40.9845
44620312,-527.50,-1391.50,-24.9082,11.0633
44624218,-25.50,2047.50,-39.2763,2.8251
44628124,261.50,2047.50,-45.1794,83.4371
44632030,-29.50,-386.50,-35.7713,86.2984
44635936,-525.50,-2047.50,-23.0316,18.8911
44639842,-527.50,-1612.50,-17.2454,1.3696
44643748,-47.50,1600.50,-13.0141,-18.1510
44647654,293.50,2047.50,-5.5870,-3.0002
44651560,-0.50,57.50,-6.3610,-15.9622
44655466,-512.50,-2047.50,-24.3760,-24.7640
44659372,-624.50,-1824.50,-48.8815,-11.6535
44663278,-185.50,1126.50,-67.5098,-47.0433
44667184,201.50,2047.50,-76.0576,-80.5470
44671090,48.50,427.50,-71.6264,-102.0172
44674996,-431.50,-2047.50,-52.8765,-83.6817
44678902,-600.50,-1988.50,-30.2977,-60.6808
44682808,-190.50,748.50,-17.1624,-72.3959
44686714,240.50,2047.50,-11.7022,-93.8608
44690620,135.50,850.50,-8.9926,-103.6042
44694526,-356.50,-2047.50,-5.9068,-86.0374
44698432,-596.50,-2047.50,-2.0055,-88.0931
44702338,-240.50,421.50,0.0503,-71.2626
44706244,218.50,2047.50,0.8413,-56.4019
44710150,192.50,1282.50,1.3614,-51.9939
44714056,-271.50,-1713.50,6.7269,-4.3122
44717962,-576.50,-2047.50,16.8935,22.7626
44721868,-288.50,93.50,21.7572,39.4778
44725774,179.50,2047.50,16.7934,21.3703
44729680,208.50,1675.50,3.6833,9.9979
44733586,-222.50,-1364.50,-5.2250,69.0978
44737492,-604.50,-2047.50,-4.4870,103.7459
44741398,-341.50,-244.50,-0.6403,110.5606
44745304,147.50,2047.50,7.2316,78.2520
44749210,272.50,2047.50,14.3591,81.8268
44753116,-145.50,-933.50,18.6247,167.3622
44757022,-564.50,-2047.50,20.2604,202.1785
44760928,-428.50,-589.50,12.3176,172.5509
44764834,90.50,2047.50,0.7909,118.6895
44768740,272.50,2047.50,-3.2347,99.8657
44772646,-107.50,-542.50,-2.4345,121.8413
44776552,-524.50,-2047.50,2.2967,147.3408
44780458,-458.50,-962.50,10.6565,146.3074
44784364,32.50,2047.50,12.1927,126.9995
44788270,303.50,2047.50,9.3209,133.5501
44792176,-20.50,-134.50,12.2319,115.4706
44796082,-482.50,-2047.50,19.5605,112.5131
44799988,-478.50,-1279.50,26.3550,112.6028
44803894,14.50,2047.50,31.7415,134.4942
44807800,369.50,2047.50,43.8744,191.6002
44811706,38.50,206.50,53.3708,131.4626
44815612,-480.50,-2047.50,36.3620,62.4717
44819518,-576.50,-1582.50,1.6671,37.5179
44823424,-94.50,1834.50,-21.6762,78.8613
44827330,295.50,2047.50,-18.5757,167.1389
44831236,99.50,511.50,-0.2317,96.6662
44835142,-411.50,-2047.50,13.2855,-4.7227
44839048,-573.50,-1854.50,13.5325,-52.5341
44842954,-152.50,1117.50,4.9756,-64.9371
44846860,255.50,2047.50,-2.8668,-48.6302
44850766,153.50,851.50,-3.9540,-74.1612
44854672,-394.50,-2042.50,-2.4434,-85.2181
44858578,-610.50,-2025.50,-10.1399,-110.5304
44862484,-236.50,672.50,-20.2711,-115.2320
44866390,226.50,2047.50,-20.9929,-94.8124
44870296,175.50,1197.50,-16.0605,-99.6030
44874202,-305.50,-1790.50,-8.4648,-72.0829
44878108,-621.50,-2047.50,-4.9343,-58.0447
44882014,-319.50,208.50,-14.6277,-55.8370
44885920,160.50,2047.50,-29.9225,-79.7542
44889826,176.50,1535.50,-40.6870,-96.7393
44893732,-303.50,-1494.50,-46.9701,-44.6134
44897638,-609.50,-2047.50,-44.5409,-6.7933
44901544,-372.50,-194.50,-32.1442,1.6765
44905450,134.50,2047.50,-22.1481,-39.7493
44909356,250.50,1920.50,-16.3814,-40.9986
44913266,-196.50,-1176.50,-9.1581,34.9620
44917172,-607.50,-2047.50,-8.1375,59.2954
44921078,-412.50,-623.50,-12.9789,31.3904
44924984,80.50,2047.50,-15.5076,-29.6054
44928890,215.50,2047.50,-24.2381,-25.0182
44932796,-162.50,-861.50,-38.8897,25.1399
44936702,-592.50,-2047.50,-42.4015,29.8598
44940608,-485.50,-1037.50,-35.0900,7.9569
44944514,26.50,2047.50,-27.1388,-28.0823
44948420,251.50,2047.50,-23.3379,-2.1196
44952326,-111.50,-542.50,-27.9516,-1.5178
44956232,-596.50,-2047.50,-40.6400,-34.4161
44960138,-591.50,-1424.50,-58.0218,-46.7581
44964044,-106.50,2047.50,-75.9196,-36.0460
44967950,211.50,2047.50,-84.1277,42.9657
44971856,-118.50,-204.50,-85.7841,10.2858
44975762,-606.50,-2047.50,-93.6230,-76.1857
44979668,-650.50,-1685.50,-100.7317,-92.7960
44983574,-158.50,1375.50,-95.8063,-124.8736
44987480,122.50,2047.50,-94.1906,-143.6902
44991386,-93.50,118.50,-112.5954,-174.8355
44995292,-642.50,-2047.50,-137.8364,-177.5800
44999198,-805.50,-1963.50,-165.3538,-152.6581
45003104,-512.50,739.50,-217.0130,-213.1253
45007010,-188.50,2047.50,-302.2550,-293.2008
45010916,-346.50,312.50,-384.0755,-324.2015
45014822,-890.50,-2047.50,-427.1028,-303.4625
45018728,-1133.50,-2047.50,-449.7582,-238.9521
45022634,-821.50,113.50,-481.9010,-254.3156
45026540,-416.50,2047.50,-525.7252,-358.5061
45030446,-527.50,511.50,-565.8812,-404.3544
45034352,-1058.50,-2047.50,-594.8229,-395.4396
45038258,-1327.50,-2047.50,-613.4696,-321.4157
45042164,-1027.50,-401.50,-623.1536,-270.3682
45046070,-521.50,2047.50,-621.2067,-351.2783
45049976,-512.50,738.50,-602.0796,-400.1817
45053882,-988.50,-2047.50,-575.2491,-432.6793
45057788,-1296.50,-2047.50,-552.8452,-399.3401
45061694,-1036.50,-847.50,-535.3334,-303.3204
45065600,-512.50,2047.50,-517.8315,-329.9054
45069506,-418.50,975.50,-492.9821,-349.6075
45073412,-911.50,-2047.50,-472.3203,-428.2459
45077318,-1263.50,-2047.50,-467.1684,-470.7290
45081224,-1071.50,-1212.50,-462.6110,-347.0055
45085130,-486.50,1575.50,-439.7411,-369.7746
45089036,-332.50,1307.50,-396.2112,-436.7680
45092942,-716.50,-1905.50,-351.9086,-489.3132
45096848,-1090.50,-2047.50,-313.3279,-491.6661
45100754,-944.50,-1504.50,-272.8435,-333.1072
45104660,-473.50,1226.50,-245.9625,-345.0816
45108566,-281.50,1713.50,-248.2944,-412.9929
45112472,-604.50,-1455.50,-258.1942,-389.9983
45116378,-988.50,-2047.50,-237.7698,-344.7142
45120284,-895.50,-1757.50,-183.5772,-228.8819
45124190,-380.50,1003.50,-125.9589,-280.8601
45128096,-68.50,2047.50,-83.0108,-336.4863
45132002,-323.50,-946.50,-45.7517,-252.9083
45135908,-748.50,-2047.50,-1.2712,-193.5104
45139814,-758.50,-1872.50,44.8984,-123.4853
45143720,-207.50,849.50,88.1259,-172.3974
45147626,183.50,2047.50,140.8133,-236.5936
45151532,-57.50,-350.50,192.2046,-184.5825
45155438,-524.50,-2047.50,222.8561,-118.3236
45159344,-597.50,-1994.50,241.9279,-57.8075
45163250,-143.50,642.50,259.8014,-98.3376
45167156,281.50,2047.50,279.2504,-156.9924
45171062,130.50,148.50,303.0134,-126.5674
45174968,-386.50,-2047.50,321.6887,-77.7048
45178874,-521.50,-2047.50,330.1270,-36.5114
45182780,-100.50,385.50,341.4280,-45.6100
45186686,356.50,2047.50,360.9639,-79.0303
45190592,272.50,670.50,381.6160,-50.2817
45194498,-196.50,-2047.50,401.3681,-15.6392
45198404,-430.50,-2047.50,418.8162,-14.9665
45202310,-80.50,129.50,427.4695,-0.2926
45206216,385.50,2047.50,426.7174,5.6453
45210122,378.50,1047.50,424.7799,24.7124
45214028,-125.50,-1999.50,423.9694,10.5904
45217934,-433.50,-2047.50,416.3097,-37.3365
45221840,-148.50,-184.50,402.7591,5.5052
45225746,367.50,2047.50,395.8904,57.5583
45229652,398.50,1431.50,396.6203,99.5463
45233558,-79.50,-1679.50,390.6352,101.0628
45237464,-445.50,-2047.50,373.9266,51.9710
45241370,-250.50,-574.50,352.7037,68.2354
45245276,217.50,2047.50,325.1275,88.5006
45249182,306.50,1765.50,289.5285,145.8678
45253088,-136.50,-1366.50,253.6251,169.9755
45256994,-544.50,-2047.50,227.7013,108.6178
45260900,-512.50,-1032.50,195.8464,82.7966
45264806,-35.50,2047.50,138.0633,74.7393
45268712,77.50,2047.50,70.1403,174.6972
45272618,-305.50,-1102.50,13.1077,224.0386
45276524,-795.50,-2047.50,-25.9270,124.5405
45280430,-781.50,-1487.50,-60.4336,50.6987
45284336,-298.50,1614.50,-99.5296,-30.0004
45288242,-127.50,2047.50,-140.6159,-7.0341
45292148,-461.50,-850.50,-185.6656,34.6376
45296054,-879.50,-2047.50,-208.1605,-1.9237
45299960,-865.50,-1750.50,-189.7157,4.6259
45303866,-388.50,1103.50,-158.8810,-62.2808
45307772,-15.50,2047.50,-131.4632,-113.1535
45311678,-267.50,-443.50,-100.3051,-87.0257
45315584,-710.50,-2047.50,-67.0977,-55.9738
45319490,-785.50,-1916.50,-37.3139,2.8305
45323396,-287.50,815.50,-11.4329,-26.4163
45327302,121.50,2047.50,20.5208,-82.4476
45331208,-29.50,59.50,61.4105,-70.8203
45335114,-494.50,-2047.50,103.4609,-31.5459
45339020,-597.50,-2036.50,143.2549,14.9803
45342926,-170.50,542.50,178.2885,1.1014
45346832,282.50,2047.50,207.4865,-37.5746
45350738,192.50,543.50,235.2433,-25.3445
45354644,-301.50,-2047.50,260.1075,2.4793
45358550,-512.50,-2047.50,273.3991,21.1088
45362456,-85.50,273.50,286.2778,41.1498
45366362,341.50,2047.50,306.6422,38.7558
45370268,325.50,999.50,320.1244,49.4174
45374174,-169.50,-2047.50,326.0296,42.6009
45378080,-434.50,-2047.50,329.0582,4.0463
45381986,-79.50,-13.50,338.0086,46.8188
45385892,433.50,2047.50,363.2627,96.7456
45389798,453.50,1426.50,389.7557,130.9640
45393704,9.50,-1616.50,403.0690,160.4483
45397610,-306.50,-2047.50,411.3244,149.3606
45401516,-46.50,-276.50,422.1680,175.6543
45405422,451.50,2047.50,430.8093,191.5951
45409328,583.50,1919.50,437.1704,235.9058
45413234,190.50,-1189.50,452.8327,307.6957
45417140,-218.50,-2047.50,471.1752,293.1571
45421046,-61.50,-623.50,469.7268,255.7290
45424952,435.50,2047.50,449.8633,226.9781
45428858,651.50,2047.50,436.9320,258.4480
45432764,273.50,-760.50,445.2056,309.5059
45436670,-140.50,-2047.50,461.8059,300.3245
45440576,-52.50,-985.50,469.8501,266.0523
45444482,438.50,2047.50,463.5026,242.5963
45448388,678.50,2047.50,448.9105,279.2900
45452294,329.50,-369.50,434.2504,282.8452
45456200,-165.50,-2047.50,415.5500,251.5749
45460106,-133.50,-1310.50,392.9808,229.1376
45464012,353.50,2047.50,378.2612,247.0397
45467918,656.50,2047.50,373.2604,325.6855
45471824,363.50,16.50,367.8875,291.7212
45475730,-146.50,-2047.50,353.7871,213.7535
45479636,-200.50,-1568.50,333.1253,180.3503
45483542,259.50,1806.50,316.2868,212.3007
45487448,630.50,2047.50,309.6058,296.7468
45491354,373.50,375.50,303.1195,244.8647
45495260,-122.50,-2047.50,286.6052,155.0274
45499166,-255.50,-1806.50,269.1571,112.8577
45503072,179.50,1170.50,259.4735,102.2021
45506978,554.50,2047.50,251.5260,119.0331
45510884,400.50,720.50,236.1141,91.4819
45514790,-108.50,-2047.50,217.9924,71.0552
45518696,-319.50,-1993.50,202.9362,44.7876
45522602,20.50,701.50,182.8646,34.2323
45526508,466.50,2047.50,157.2264,46.2789
45530414,389.50,1076.50,138.3627,42.6489
45534320,-111.50,-1876.50,129.2330,61.1165
45538226,-387.50,-2047.50,121.0966,58.8494
45542132,-77.50,293.50,108.3935,62.1144
45546038,396.50,2047.50,94.3380,58.6500
45549944,390.50,1418.50,83.4830,50.3329
45553850,-82.50,-1578.50,76.3623,87.8068
45557756,-416.50,-2047.50,70.6563,110.7449
45561662,-192.50,-94.50,57.7300,122.8637
45565568,277.50,2047.50,32.2070,98.1682
45569474,357.50,1825.50,5.9297,100.3729
45573380,-83.50,-1246.50,-6.5096,167.3075
45577286,-462.50,-2047.50,-7.6411,185.9306
45581192,-257.50,-480.50,-5.0628,166.6992
45585098,228.50,2047.50,-3.4546,121.7186
45589004,395.50,2047.50,-4.7606,132.3260
45592910,-35.50,-895.50,-8.2068,192.1684
45596816,-481.50,-2047.50,-20.9233,196.8452
45600722,-355.50,-904.50,-39.8680,160.8214
45604628,131.50,2047.50,-53.0484,114.5465
45608534,365.50,2047.50,-58.3789,133.1357
45612440,-12.50,-537.50,-59.9763,150.5478
45616346,-452.50,-2047.50,-61.8809,136.7352
45620252,-406.50,-1266.50,-60.8950,120.3774
45624158,117.50,2047.50,-52.2629,116.7453
45628064,389.50,2047.50,-39.1479,174.1490
45631970,81.50,-165.50,-33.7503,151.9548
45635876,-450.50,-2047.50,-46.2907,94.3432
45639782,-512.50,-1566.50,-77.2466,72.2223
45643688,-18.50,1697.50,-106.7014,62.1869
45647594,343.50,2047.50,-110.3451,95.0274
45651500,99.50,170.50,-96.6382,59.1463
45655406,-405.50,-2047.50,-87.4594,16.2188
45659312,-490.50,-1797.50,-83.7296,11.7584
45663218,-25.50,1175.50,-73.4025,-5.9036
45667124,370.50,2047.50,-56.5316,-15.9272
45671030,161.50,511.50,-51.6056,-48.6555
45674936,-336.50,-2047.50,-63.4887,-56.4606
45678842,-512.50,-1981.50,-73.8373,-51.3195
45682748,-94.50,753.50,-72.2026,-54.7294
45686654,349.50,2047.50,-61.3319,-59.0623
45690560,245.50,914.50,-51.2055,-70.6580
45694466,-238.50,-2047.50,-45.2869,-68.9610
45698372,-486.50,-2047.50,-39.2744,-86.2764
45702278,-225.50,336.50,-50.0195,-76.0840
45706184,275.50,2047.50,-80.8699,-63.9043
45710090,276.50,1246.50,-95.2844,-66.1912
45713996,-206.50,-1770.50,-83.0923,-44.0131
45717902,-527.50,-2047.50,-70.4939,-31.7175
45721808,-245.50,-60.50,-70.0799,-5.7843
45725714,246.50,2047.50,-75.0277,-17.5693
45729620,263.50,1635.50,-84.9522,-19.7581
45733526,-182.50,-1420.50,-99.8332,31.7108
45737432,-538.50,-2047.50,-106.0581,55.7148
45741338,-313.50,-437.50,-99.8664,62.4041
45745244,175.50,2047.50,-93.5628,25.6943
45749150,284.50,2000.50,-98.4479,42.7464
45753056,-130.50,-1101.50,-109.6809,112.0901
45756962,-548.50,-2047.50,-116.2650,111.3125
45760868,-394.50,-837.50,-117.1828,79.3072
45764774,127.50,2047.50,-112.0637,35.6519
45768680,305.50,2047.50,-105.6725,57.9300
45772586,-63.50,-738.50,-105.4922,88.8547
45776492,-513.50,-2047.50,-107.1402,73.1049
45780398,-435.50,-1217.50,-105.9052,55.7090
45784304,52.50,2047.50,-104.7966,43.3434
45788210,320.50,2047.50,-105.8960,93.9327
45792116,-16.50,-367.50,-108.7622,82.9423
45796022,-493.50,-2047.50,-113.3448,31.2138
45799928,-512.50,-1508.50,-119.3501,20.9977
45803834,-22.50,1862.50,-124.6132,33.8468
45807740,298.50,2047.50,-125.1539,91.2659
45811646,47.50,9.50,-121.1321,51.6959
45815552,-427.50,-2047.50,-111.4818,-13.9568
45819458,-533.50,-1768.50,-101.8210,-24.0538
45823364,-79.50,1215.50,-102.8365,-57.6729
45827270,310.50,2047.50,-105.6970,-84.5338
45831176,112.50,370.50,-102.4838,-109.0764
45835082,-387.50,-2047.50,-98.2426,-94.4962
45838988,-513.50,-1967.50,-90.4232,-71.1866
45842894,-118.50,780.50,-79.4010,-94.4959
45846800,299.50,2047.50,-75.7480,-129.4316
45850706,187.50,733.50,-78.1327,-147.1028
45854612,-324.50,-2047.50,-78.8639,-129.4044
45858518,-534.50,-2047.50,-77.6850,-117.1780
45862424,-160.50,381.50,-72.0599,-109.8691
45866330,275.50,2047.50,-66.0774,-121.7758
45870236,194.50,1079.50,-74.3445,-134.1642
45874142,-271.50,-1946.50,-90.0945,-127.2960
45878048,-548.50,-2047.50,-92.3392,-125.6573
45881954,-264.50,-24.50,-86.7329,-89.8268
45885860,172.50,2047.50,-95.5513,-88.6893
45889766,189.50,1414.50,-120.6513,-96.5547
45893672,-282.50,-1651.50,-142.7393,-78.4400
45897578,-622.50,-2047.50,-151.6151,-67.6436
45901484,-337.50,-383.50,-144.1937,-26.4004
45905390,135.50,2047.50,-126.2470,-31.5946
45909296,263.50,1814.50,-112.8621,-17.9596
45913202,-164.50,-1296.50,-101.7140,27.9515
45917108,-559.50,-2047.50,-91.8943,26.4746
45921014,-399.50,-804.50,-91.1856,19.4850
45924920,110.50,2047.50,-95.8566,-16.5763
45928826,259.50,2047.50,-101.1094,19.3356
45932732,-114.50,-937.50,-105.2757,75.7887
45936638,-537.50,-2047.50,-102.1022,57.7817
45940544,-437.50,-1169.50,-92.9577,30.9462
45944450,90.50,2047.50,-81.3622,5.9883
45948356,326.50,2047.50,-66.6897,54.9499
45952266,11.50,-520.50,-52.1812,69.0497
45956172,-449.50,-2047.50,-38.5930,33.3949
45960078,-453.50,-1445.50,-33.5994,25.3212
45963984,-6.50,2047.50,-48.4070,50.2473
45967890,286.50,2047.50,-74.7373,135.4877
45971796,-15.50,-156.50,-97.2052,93.0199
45975702,-512.50,-2047.50,-113.2791,-3.3311
45979608,-543.50,-1738.50,-119.9771,-26.9753
45983514,-54.50,1296.50,-108.8757,-71.3770
45987420,286.50,2047.50,-88.5962,-100.2016
45991326,48.50,201.50,-81.9665,-118.8429
45995232,-436.50,-2047.50,-88.8083,-99.8117
45999138,-565.50,-1935.50,-92.7682,-64.2388
46003044,-149.50,817.50,-93.4667,-99.2246
46006950,269.50,2047.50,-92.2954,-157.5784
46010856,112.50,560.50,-87.6359,-179.0051
46014762,-399.50,-2047.50,-86.3598,-146.6244
46018668,-592.50,-2047.50,-90.4631,-111.7576
46022574,-207.50,438.50,-92.4789,-112.7734
46026480,210.50,2047.50,-93.1145,-146.2199
46030386,129.50,937.50,-99.7875,-160.5006
46034292,-374.50,-2047.50,-109.5618,-150.5857
46038198,-634.50,-2047.50,-116.6097,-147.2297
46042104,-300.50,53.50,-117.7300,-111.2084
46046010,237.50,2047.50,-101.7094,-108.8719
46049916,194.50,1255.50,-75.4302,-120.5475
46053822,-312.50,-1818.50,-71.3934,-119.2269
46057728,-632.50,-2047.50,-90.4234,-116.8383
46061634,-372.50,-303.50,-106.5362,-60.6724
46065540,112.50,2047.50,-113.7792,-50.2980
46069446,207.50,1619.50,-113.7557,-48.0159
46073352,-227.50,-1470.50,-102.5013,-29.9098
46077258,-611.50,-2047.50,-88.2028,-31.2961
46081164,-431.50,-719.50,-85.6843,-6.9025
46085070,87.50,2047.50,-91.6335,-24.9481
46088976,250.50,2015.50,-90.1702,17.7106
46092882,-198.50,-1076.50,-85.8159,89.4592
46096788,-636.50,-2047.50,-95.6993,76.6314
46100694,-512.50,-1072.50,-113.0564,47.0919
46104600,42.50,2047.50,-114.4219,11.3220
46108506,243.50,2047.50,-97.2846,53.7113
46112412,-104.50,-686.50,-81.3524,80.0686
46116318,-541.50,-2047.50,-69.1046,48.6665
46120224,-473.50,-1410.50,-52.2389,33.0701
46124130,5.50,2047.50,-38.8798,35.6920
46128036,295.50,2047.50,-36.2022,111.2079
46131942,-9.50,-308.50,-36.6973,91.9653
46135848,-512.50,-2047.50,-37.8847,15.5249
46139754,-541.50,-1653.50,-44.1364,3.5906
46143660,-84.50,1455.50,-53.9996,-25.8796
46147566,279.50,2047.50,-59.5852,-39.3684
46151472,71.50,55.50,-49.0421,-66.5704
46155378,-436.50,-2047.50,-27.1587,-69.1932
46159284,-537.50,-1880.50,-13.1708,-37.1220
46163190,-124.50,926.50,-15.3450,-73.7439
46167096,285.50,2047.50,-24.9786,-133.9990
46171002,126.50,433.50,-26.0973,-155.9318
46174908,-428.50,-2047.50,-25.1006,-119.4218
46178814,-623.50,-2047.50,-40.4745,-80.7199
46182720,-197.50,511.50,-57.8402,-103.5251
46186626,271.50,2047.50,-51.4897,-155.5497
46190532,165.50,816.50,-30.0626,-163.9706
46194438,-338.50,-2047.50,-16.5094,-132.0916
46198344,-580.50,-2047.50,-13.3710,-109.5653
46202250,-253.50,160.50,-16.0520,-84.2483
46206156,197.50,2047.50,-27.0021,-98.7437
46210062,186.50,1147.50,-40.3817,-115.8497
46213968,-284.50,-1961.50,-41.4516,-123.8454
46217874,-580.50,-2047.50,-28.6957,-134.5772
46221780,-339.50,-213.50,-21.3566,-78.5194
46225686,146.50,2047.50,-33.1876,-58.0073
46229592,199.50,1466.50,-50.7264,-59.4525
46233498,-244.50,-1614.50,-56.0955,-56.6758
46237404,-612.50,-2047.50,-50.2258,-59.0780
46241310,-431.50,-600.50,-49.8295,-12.7126
46245216,82.50,2047.50,-60.8448,-13.1696
46249122,209.50,1899.50,-69.4453,20.3670
46253028,-207.50,-1226.50,-69.4611,75.2305
46256934,-630.50,-2047.50,-67.5169,61.9150
46260840,-490.50,-984.50,-69.0602,46.8881
46264746,5.50,2047.50,-74.1422,14.6062
46268652,218.50,2047.50,-77.8561,59.7457
46272558,-146.50,-824.50,-73.9739,105.7273
46276464,-591.50,-2047.50,-64.0332,80.8397
46280370,-525.50,-1348.50,-55.4766,54.8825
46284276,-15.50,2047.50,-49.9218,35.5284
46288182,258.50,2047.50,-43.1613,101.2593
46292088,-58.50,-452.50,-35.3823,101.7153
46295994,-527.50,-2047.50,-28.3964,40.6026
46299900,-546.50,-1615.50,-23.5922,26.9640
46303806,-56.50,1581.50,-22.0130,-6.1158
46307712,291.50,2047.50,-16.1817,-5.1451
46311618,34.50,-146.50,-4.3431,-33.2823
46315524,-489.50,-2047.50,0.3203,-60.4540
46319430,-587.50,-1865.50,-9.7744,-34.3207
46323336,-143.50,957.50,-25.3573,-81.1685
46327242,248.50,2047.50,-33.1866,-149.8521
46331148,55.50,194.50,-31.8678,-172.4724
46335054,-446.50,-2047.50,-27.6389,-139.1931
46338960,-572.50,-2047.50,-18.1594,-84.0517
46342866,-207.50,511.50,-8.9652,-111.9185
46346772,227.50,2047.50,-12.9277,-184.1494
46350678,112.50,558.50,-20.7435,-200.0335
46354584,-385.50,-2047.50,-20.7524,-166.1846
46358490,-597.50,-2047.50,-13.6763,-113.1097
46362396,-255.50,93.50,-5.9368,-93.7660
46366302,202.50,2047.50,-5.6823,-148.7748
46370208,169.50,943.50,-9.0376,-168.4583
46374114,-322.50,-2047.50,-8.5680,-159.4410
46378020,-605.50,-2047.50,-5.1168,-149.2632
46381926,-328.50,-203.50,-4.3758,-87.0230
46385832,177.50,2047.50,-6.7932,-76.7892
46389738,205.50,1323.50,-6.1446,-75.7333
46393644,-248.50,-1806.50,-1.8454,-77.9355
46397550,-621.50,-2047.50,-0.4782,-92.8426
46401456,-405.50,-521.50,-9.3037,-32.6439
46405362,101.50,2047.50,-22.7684,-9.8852
46409268,206.50,1752.50,-29.8189,24.3103
46413174,-220.50,-1397.50,-30.2609,60.8579
46417080,-616.50,-2047.50,-27.2156,40.3280
46420986,-441.50,-858.50,-21.0774,51.0381
46424892,78.50,2047.50,-11.1156,44.4083
46428798,275.50,2047.50,2.1716,99.3498
46432704,-104.50,-920.50,16.0667,162.5472
46436610,-548.50,-2047.50,25.4282,142.6959
46440516,-448.50,-1215.50,29.5322,108.6240
46444422,39.50,2047.50,30.4903,77.1221
46448328,273.50,2047.50,24.9078,130.3332
46452234,-68.50,-512.50,13.3868,148.0931
46456140,-538.50,-2047.50,4.0360,109.8495
46460046,-526.50,-1493.50,0.7912,95.5508
46463952,-49.50,1973.50,-0.4680,104.2138
46467858,259.50,2047.50,-3.0824,177.5188
46471764,-20.50,-125.50,-6.2438,148.5052
46475670,-478.50,-2047.50,-3.0087,72.9363
46479576,-561.50,-1755.50,6.9018,54.3442
46483482,-132.50,1280.50,5.6971,7.1681
46487388,240.50,2047.50,-7.7616,-22.9333
46491294,39.50,225.50,-14.8708,-41.7747
46495200,-448.50,-2047.50,-9.3460,-24.1531
46499106,-569.50,-1958.50,3.9371,6.3785
46503012,-194.50,816.50,10.3584,-29.0636
46506918,233.50,2047.50,2.9055,-80.4878
46510824,105.50,572.50,-2.0348,-100.9611
46514730,-402.50,-2047.50,1.6225,-76.1824
46518636,-594.50,-2047.50,6.4894,-45.2993
46522542,-201.50,368.50,15.9843,-50.8329
46526448,245.50,2047.50,30.3805,-93.7842
46530354,183.50,895.50,39.6549,-115.1370
46534260,-335.50,-2047.50,37.1175,-111.5998
46538166,-625.50,-2047.50,21.8581,-102.2921
46542072,-294.50,-110.50,5.9474,-72.2945
46545978,204.50,2047.50,6.3824,-95.7854
46549884,197.50,1143.50,16.4293,-117.2451
46553790,-271.50,-2034.50,19.9692,-152.6204
46557696,-590.50,-2047.50,20.3133,-185.1234
46561602,-353.50,-558.50,21.5852,-117.9833
46565508,144.50,2047.50,18.7595,-93.6085
46569414,243.50,1490.50,16.5172,-68.7386
46573320,-196.50,-1672.50,20.8668,-61.9441
46577226,-589.50,-2047.50,25.0204,-86.5165
46581132,-396.50,-866.50,24.7147,-33.6273
46585038,103.50,2047.50,23.7750,-16.4975
46588944,275.50,1968.50,24.8822,52.7592
46592850,-140.50,-1196.50,26.7083,121.5010
46596756,-591.50,-2047.50,20.9197,88.4464
46600662,-469.50,-1161.50,8.8635,67.2396
46604568,32.50,2047.50,2.6296,49.5002
46608474,229.50,2047.50,-2.2270,111.8520
46612380,-116.50,-717.50,-12.6817,148.9785
46616286,-574.50,-2047.50,-19.1091,112.8602
46620192,-527.50,-1442.50,-15.9711,96.8497
46624098,-2.50,2047.50,-3.4059,103.4955
46628004,286.50,2047.50,15.4976,183.6501
46631910,7.50,-297.50,31.0361,167.2575
46635816,-512.50,-2047.50,35.3166,91.5177
46639722,-512.50,-1683.50,32.4555,76.6844
46643628,-50.50,1434.50,35.4626,39.0136
46647534,272.50,2047.50,37.3914,20.9112
46651440,51.50,67.50,30.1694,-2.7763
46655346,-450.50,-2047.50,25.5741,0.3621
46659252,-564.50,-1903.50,26.1066,32.9237
46663158,-127.50,932.50,26.4720,-4.7785
46667064,294.50,2047.50,31.0440,-62.4646
46670970,131.50,443.50,41.8245,-84.8173
46674876,-392.50,-2047.50,47.7337,-51.9053
46678782,-529.50,-2047.50,50.4566,-13.3256
46682688,-175.50,551.50,56.3763,-25.6416
46686594,293.50,2047.50,58.9668,-66.3985
46690500,176.50,854.50,57.9022,-77.4611
46694406,-303.50,-2047.50,55.9265,-53.5593
46698312,-540.50,-2047.50,59.2851,-38.5789
46702218,-239.50,172.50,62.3441,-15.5614
46706124,221.50,2047.50,51.1937,-28.2570
46710030,204.50,1167.50,34.5378,-48.1330
46713936,-329.50,-1942.50,17.1322,-57.4620
46717842,-637.50,-2047.50,-5.4466,-66.4938
46721748,-330.50,-270.50,-16.5010,-20.6001
46725654,165.50,2047.50,-6.7604,-17.9822
46729560,188.50,1533.50,0.7437,-11.5207
46733466,-270.50,-1594.50,-8.4615,17.9459
46737372,-617.50,-2047.50,-17.9425,21.6526
46741278,-408.50,-633.50,-15.8661,51.7245
46745184,93.50,2047.50,-11.5831,34.4609
46749090,235.50,1957.50,-9.5291,71.5536
46752996,-175.50,-1229.50,-4.1184,139.2805
46756902,-586.50,-2047.50,3.8171,122.6492
46760808,-436.50,-993.50,10.1663,99.7593
46764714,67.50,2047.50,14.1156,66.3147
46768620,271.50,2047.50,15.6400,108.1031
46772526,-72.50,-815.50,21.0500,147.5953
46776432,-537.50,-2047.50,31.3829,121.3139
46780338,-472.50,-1329.50,35.2244,104.6823
46784244,35.50,2047.50,33.3230,96.4466
46788150,316.50,2047.50,36.5560,158.3748
46792056,17.50,-383.50,47.6775,154.8970
46795962,-492.50,-2047.50,56.0702,102.2474
46799868,-527.50,-1584.50,46.8508,93.4226
46803774,-8.50,1747.50,33.0442,86.9017
46807680,311.50,2047.50,35.0191,119.5251
46811586,39.50,16.50,39.4701,89.0700
46815492,-449.50,-2047.50,36.1047,50.9604
46819398,-546.50,-1852.50,32.4146,51.4658
46823304,-112.50,1135.50,26.3863,1.4211
46827210,255.50,2047.50,14.6739,-40.6428
46831116,80.50,352.50,4.3685,-61.7522
46835022,-418.50,-2047.50,4.6004,-38.4047
46838928,-564.50,-2026.50,14.1523,-6.3043
46842834,-153.50,669.50,25.3787,-37.4528
46846740,273.50,2047.50,32.9713,-88.8933
46850646,135.50,704.50,31.5560,-106.5726
46854552,-381.50,-2047.50,19.6772,-81.4137
46858458,-620.50,-2047.50,3.8539,-50.8794
46862364,-264.50,267.50,-8.5162,-33.4570
46866270,210.50,2047.50,-12.0005,-61.2847
46870176,193.50,1058.50,-3.2253,-84.1804
46874082,-331.50,-2047.50,7.2123,-93.2248
46877988,-636.50,-2047.50,2.3659,-104.5183
46881894,-335.50,-143.50,-11.7316,-55.3776
46885800,151.50,2047.50,-20.2269,-43.1428
46889706,193.50,1417.50,-21.3950,-40.9242
46893612,-271.50,-1732.50,-17.3585,-25.9402
46897518,-610.50,-2047.50,-9.9658,-28.3340
46901424,-337.50,-522.50,4.3592,12.0664
46905330,213.50,2047.50,32.5642,5.1966
46909236,330.50,1840.50,66.6852,33.3185
46913142,-188.50,-1363.50,74.9567,89.6212
46917048,-585.50,-2047.50,46.6836,78.1306
46920954,-452.50,-898.50,11.8216,70.5379
46924860,69.50,2047.50,-10.4918,38.8522
46928766,214.50,2047.50,-24.4747,81.3893
46932672,-111.50,-972.50,-26.3642,135.2781
46936578,-574.50,-2047.50,-10.2663,109.8022
46940484,-480.50,-1269.50,4.6958,83.9145
46944390,36.50,2047.50,8.4342,58.8405
46948296,263.50,2047.50,6.7636,114.3011
46952202,-74.50,-589.50,-0.6178,121.5847
46956108,-550.50,-2047.50,-6.9984,68.7449
46960014,-530.50,-1553.50,-7.3908,60.8943
46963920,-24.50,1793.50,-2.3744,51.3082
46967826,282.50,2047.50,5.2908,86.8367
46971732,-10.50,-185.50,7.1344,64.7154
46975638,-492.50,-2047.50,4.4609,22.9118
46979544,-559.50,-1807.50,5.0743,31.3025
46983450,-74.50,1171.50,9.5353,-19.8636
46987356,303.50,2047.50,19.1650,-71.5741
46991266,112.50,189.50,33.9131,-88.7502
46995172,-414.50,-2047.50,46.4023,-55.0835
46999078,-554.50,-1993.50,47.5387,-8.4298
47002984,-140.50,741.50,38.4847,-43.4196
47006890,272.50,2047.50,27.3628,-106.7291
47010796,129.50,561.50,19.3243,-126.1146
47014702,-405.50,-2047.50,12.5260,-91.7153
47018608,-623.50,-2047.50,1.2684,-47.8701
47022514,-218.50,325.50,-6.5304,-45.2649
47026420,275.50,2047.50,4.5386,-93.9323
47030326,214.50,906.50,29.3663,-119.7998
47034232,-335.50,-2047.50,40.9476,-114.5028
47038138,-623.50,-2047.50,25.9341,-100.7274
47042044,-256.50,-105.50,10.4242,-60.9084
47045950,192.50,2047.50,10.0286,-77.8498
47049856,189.50,1189.50,4.2615,-99.0303
47053762,-284.50,-1974.50,-7.0855,-126.0360
47057668,-575.50,-2047.50,-2.0952,-149.2306
47061574,-329.50,-480.50,16.9158,-75.1267
47065480,133.50,2047.50,20.3884,-43.4941
47069386,233.50,1598.50,3.3676,-18.6253
47073292,-201.50,-1602.50,-5.1422,-5.1543
47077198,-591.50,-2047.50,2.1923,-31.6490
47081104,-402.50,-863.50,9.2526,-1.9498
47085010,97.50,2047.50,7.5401,-3.9888
47088916,253.50,1956.50,-0.2993,50.7678
47092822,-141.50,-1247.50,-4.1541,95.8948
47096728,-581.50,-2047.50,-1.0050,47.2140
47100634,-486.50,-1250.50,-2.5875,27.2982
47104540,9.50,2047.50,-15.5616,12.9815
47108446,242.50,2047.50,-29.8473,86.9499
47112352,-107.50,-828.50,-33.6492,117.6261
47116258,-572.50,-2047.50,-28.1786,57.0756
47120164,-513.50,-1550.50,-18.9782,38.2751
47124070,-0.50,1819.50,-6.1118,17.4953
47127976,279.50,2047.50,5.2467,60.5816
47131882,-9.50,-414.50,9.2186,58.6751
47135788,-484.50,-2047.50,13.6521,15.2796
47139694,-512.50,-1761.50,23.8443,29.4469
47143600,-28.50,1232.50,34.8274,-17.2757
47147506,307.50,2047.50,40.8105,-67.2995
47151412,93.50,-14.50,42.3161,-82.5076
47155318,-431.50,-2047.50,43.5418,-53.8742
47159224,-559.50,-1963.50,38.1419,0.6299
47163130,-100.50,816.50,28.7360,-34.8208
47167036,284.50,2047.50,25.7052,-102.8836
47170942,125.50,386.50,25.0249,-121.1111
47174848,-401.50,-2047.50,22.3462,-82.6287
47178754,-578.50,-2047.50,18.1410,-28.3076
47182660,-168.50,415.50,17.9858,-34.5168
47186566,288.50,2047.50,26.7958,-93.2502
47190472,172.50,792.50,34.3512,-111.4616
47194378,-337.50,-2047.50,30.4436,-85.7847
47198284,-591.50,-2047.50,21.2635,-56.4800
47202190,-264.50,63.50,12.5334,-21.9870
47206096,210.50,2047.50,3.4995,-42.4510
47210002,188.50,1111.50,-3.6377,-66.8467
47213908,-296.50,-2047.50,-6.3265,-97.0693
47217814,-553.50,-2047.50,4.1763,-125.1092
47221720,-329.50,-321.50,20.1096,-55.7926
47225626,185.50,2047.50,19.2828,-19.5818
47229532,241.50,1471.50,10.9099,-6.3519
47233438,-234.50,-1711.50,6.1011,-11.3599
47237344,-560.50,-2047.50,6.7883,-38.4079
47241250,-348.50,-721.50,18.9804,5.5617
47245156,171.50,2047.50,33.0790,14.0496
47249062,319.50,1890.50,43.4962,63.2235
47252968,-156.50,-1380.50,44.2539,103.2891
47256874,-607.50,-2047.50,21.5894,53.6175
47260780,-418.50,-1174.50,-3.9261,30.8458
47264686,114.50,2047.50,-0.7782,5.3342
47268592,283.50,2047.50,14.4244,80.2913
47272498,-109.50,-1168.50,11.9353,102.2624
47276404,-559.50,-2047.50,-1.3071,0.8668
47280310,-512.50,-1657.50,-12.0630,-42.4538
47284216,-10.50,1393.50,-22.9199,-148.1368
47288122,258.50,2047.50,-31.6215,-185.8622
47292028,-53.50,-936.50,-31.9991,-153.9880
47295934,-554.50,-2047.50,-28.0213,-150.3375
47299840,-552.50,-1949.50,-26.9526,-97.2421
47303746,-90.50,686.50,-30.9223,-214.2748
47307652,258.50,2047.50,-36.3731,-361.8932
47311558,17.50,-702.50,-32.4090,-354.3756
47315464,-460.50,-2047.50,-14.3505,-286.8744
47319370,-546.50,-2047.50,6.6225,-144.5518
47323276,-63.50,427.50,22.2071,-149.4640
47327182,286.50,2047.50,29.6046,-266.4597
47331088,111.50,-80.50,26.4419,-267.2788
47334994,-399.50,-2047.50,23.3745,-191.8721
47338900,-569.50,-2047.50,23.3575,-70.6468
47342806,-146.50,289.50,21.0156,-37.7669
47346712,288.50,2047.50,21.7839,-111.8840
47350618,147.50,511.50,22.5503,-126.4383
47354524,-371.50,-2047.50,15.2456,-89.0897
47358430,-604.50,-2047.50,3.7876,-31.6360
47362336,-242.50,94.50,-4.7990,19.5433
47366242,194.50,2047.50,-13.1955,-0.2841
47370148,154.50,959.50,-24.7333,-15.5445
47374054,-333.50,-2047.50,-30.2598,-35.5386
47377960,-614.50,-2047.50,-24.7444,-53.6869
47381866,-340.50,-252.50,-20.6431,6.7182
47385772,144.50,2047.50,-28.7203,33.2127
47389678,198.50,1324.50,-36.9755,45.6060
47393584,-264.50,-1882.50,-31.2658,17.7463
47397490,-603.50,-2047.50,-17.6543,-36.9024
47401396,-366.50,-596.50,-6.6230,22.3862
47405302,139.50,2047.50,-2.0425,72.3176
47409208,210.50,1770.50,-8.0706,133.8037
47413114,-203.50,-1450.50,-20.1252,164.7159
47417020,-606.50,-2047.50,-24.0768,111.9147
47420926,-441.50,-953.50,-21.5189,108.4948
47424832,64.50,2047.50,-21.4987,112.1062
47428738,245.50,2047.50,-23.3033,190.2514
47432644,-132.50,-1060.50,-21.2950,237.3733
47436550,-550.50,-2047.50,-10.5995,169.1464
47440456,-472.50,-1355.50,1.9913,122.4770
47444362,73.50,2047.50,11.7948,111.1659
47448268,338.50,2047.50,28.5826,201.7373
47452174,23.50,-658.50,52.4097,218.3329
47456080,-442.50,-2047.50,73.5724,136.5383
47459986,-403.50,-1666.50,89.2337,102.6141
47463892,69.50,1501.50,97.9339,42.8693
47467798,299.50,2047.50,83.8435,37.3687
47471704,30.50,-410.50,46.7588,26.4759
47475610,-473.50,-2047.50,17.9530,-4.2302
47479516,-557.50,-1950.50,3.7099,19.9457
47483422,-111.50,815.50,-11.2039,-55.2307
47487328,238.50,2047.50,-27.0384,-145.3446
47491234,44.50,-96.50,-35.2986,-148.9181
47495140,-459.50,-2047.50,-31.6948,-105.0627
47499046,-583.50,-2047.50,-23.1404,-21.1406
47502952,-141.50,447.50,-13.3820,-33.0219
47506858,263.50,2047.50,-2.4984,-115.6752
47510764,150.50,384.50,7.9036,-126.0709
47514670,-364.50,-2047.50,18.4670,-82.2174
47518576,-570.50,-2047.50,22.8973,-14.1678
47522482,-210.50,206.50,17.3189,22.4576
47526388,242.50,2047.50,8.3532,-15.1759
47530294,197.50,921.50,6.9989,-21.7223
47534200,-341.50,-2047.50,9.0577,-5.6954
47538106,-590.50,-2047.50,3.3023,-4.8938
47542012,-272.50,-41.50,-1.0859,44.0101
47545918,194.50,2047.50,-1.4460,62.4177
47549824,208.50,1313.50,-4.1436,68.1478
47553730,-300.50,-1861.50,-10.6886,58.4652
47557636,-655.50,-2047.50,-27.3615,23.2571
47561542,-376.50,-384.50,-45.1505,70.9877
47565448,110.50,2047.50,-50.1527,104.0631
47569354,161.50,1709.50,-54.5646,138.5847
47573260,-333.50,-1536.50,-75.3225,153.1140
47577166,-752.50,-2047.50,-111.3452,103.6915
47581072,-649.50,-878.50,-159.5636,95.1579
47584978,-175.50,2047.50,-217.2388,79.9209
47588884,-46.50,1949.50,-266.5878,139.3658
47592790,-476.50,-1324.50,-296.5565,162.9994
47596696,-1007.50,-2047.50,-327.8425,77.0579
47600602,-1024.50,-1442.50,-393.9518,29.3703
47604508,-578.50,1711.50,-489.1368,-50.2178
47608414,-394.50,2016.50,-570.6015,-28.5277
47612320,-808.50,-1230.50,-623.0032,-8.9303
47616226,-1295.50,-2047.50,-657.5531,-83.4880
47620132,-1347.50,-1829.50,-688.6026,-76.4208
47624038,-816.50,950.50,-716.2661,-183.8030
47627944,-536.50,2047.50,-720.6952,-277.8767
47631850,-907.50,-990.50,-719.8303,-250.7510
47635756,-1410.50,-2047.50,-738.4891,-219.4677
47639662,-1376.50,-2047.50,-742.9411,-120.1410
47643568,-863.50,499.50,-703.0904,-183.5134
47647474,-512.50,2047.50,-646.5350,-314.0958
47651380,-777.50,-629.50,-614.5498,-312.9686
47655286,-1254.50,-2047.50,-605.4180,-265.1518
47659192,-1327.50,-2047.50,-587.0500,-119.0611
47663098,-814.50,194.50,-542.0096,-96.9264
47667004,-362.50,2047.50,-476.0093,-215.8388
47670910,-479.50,-187.50,-406.1523,-258.0755
47674816,-1030.50,-2047.50,-356.5469,-243.9598
47678722,-1240.50,-2047.50,-346.1675,-115.3191
47682628,-818.50,-196.50,-356.5890,-59.4672
47686534,-351.50,2047.50,-352.6820,-169.2157
47690440,-417.50,294.50,-328.5954,-207.3684
47694346,-921.50,-2047.50,-297.5144,-194.0891
47698252,-1120.50,-2047.50,-264.1122,-106.7159
47702158,-783.50,-533.50,-229.7759,-36.6675
47706064,-298.50,2047.50,-207.1410,-111.5333
47709970,-316.50,618.50,-198.7764,-146.1783
47713876,-811.50,-2047.50,-194.9119,-184.4788
47717782,-1144.50,-2047.50,-193.6131,-162.3149
47721688,-831.50,-863.50,-190.5877,-59.4001
47725594,-292.50,2047.50,-172.8873,-64.5449
47729500,-220.50,958.50,-142.3918,-59.4804
47733406,-671.50,-2047.50,-113.7172,-140.0699
47737312,-1072.50,-2047.50,-98.2019,-210.6051
47741218,-848.50,-1199.50,-97.6701,-105.9337
47745124,-293.50,1680.50,-93.8253,-99.3421
47749030,-104.50,1335.50,-67.5704,-111.7469
47752936,-512.50,-1956.50,-24.8723,-171.1479
47756842,-896.50,-2047.50,17.5880,-240.5876
47760748,-744.50,-1487.50,52.1835,-121.6325
47764654,-249.50,1359.50,68.8952,-99.1559
47768560,-4.50,1760.50,70.3693,-100.2655
47772466,-349.50,-1484.50,81.6215,-72.2734
47776372,-769.50,-2047.50,112.6701,-88.8636
47780278,-659.50,-1743.50,155.1513,-20.6001
47784184,-131.50,1099.50,196.7643,-59.9208
47788090,146.50,2047.50,223.9194,-75.3708
47791996,-205.50,-1038.50,227.9449,-4.1541
47795902,-674.50,-2047.50,217.9054,-0.9957
47799808,-664.50,-1935.50,216.7596,34.0661
47803714,-188.50,775.50,225.5385,-31.2674
47807620,146.50,2047.50,228.7592,-90.7245
47811526,-85.50,-532.50,230.1354,-34.7079
47815432,-572.50,-2047.50,242.1773,9.0921
47819338,-616.50,-2047.50,266.1634,67.0418
47823244,-150.50,511.50,294.0737,25.5804
47827150,192.50,2047.50,305.2408,-39.2178
47831056,34.50,-52.50,295.8669,-7.7765
47834962,-446.50,-2047.50,295.9430,27.6943
47838868,-555.50,-2047.50,320.8353,83.7111
47842774,-160.50,255.50,350.5197,91.3745
47846680,313.50,2047.50,368.1815,48.2404
47850586,213.50,499.50,383.1835,69.8729
47854492,-265.50,-2047.50,403.1113,93.6897
47858398,-467.50,-2047.50,425.0526,106.3872
47862304,-120.50,20.50,440.1255,132.3134
47866210,377.50,2047.50,444.6396,129.1160
47870116,357.50,942.50,451.7964,151.3367
47874022,-94.50,-2047.50,470.5958,132.6289
47877928,-361.50,-2047.50,497.3006,78.8649
47881834,-75.50,-223.50,516.1032,129.1784
47885740,423.50,2047.50,516.2354,191.8308
47889646,489.50,1456.50,512.5099,258.4038
47893552,27.50,-1721.50,518.3559,275.2660
47897458,-285.50,-2047.50,530.9810,207.0125
47901364,-51.50,-489.50,544.6518,216.1427
47905270,461.50,2047.50,550.9936,258.4138
47909176,581.50,1971.50,549.7844,357.0495
47913082,169.50,-1231.50,550.4027,442.7524
47916988,-232.50,-2047.50,553.8493,384.6201
47920894,-67.50,-772.50,552.8130,323.5299
47924800,454.50,2047.50,547.5793,314.3053
47928706,626.50,2047.50,541.4928,382.3331
47932612,261.50,-762.50,536.1837,429.4008
47936518,-175.50,-2047.50,535.8476,383.6219
47940424,-77.50,-1119.50,537.6382,332.9700
47944330,375.50,2047.50,527.6804,326.8702
47948236,673.50,2047.50,508.8135,399.5612
47952142,315.50,-344.50,498.9828,404.6783
47956048,-125.50,-2047.50,497.5548,341.9266
47959954,-192.50,-1424.50,486.5434,298.5524
47963860,279.50,2047.50,451.9019,328.2574
47967766,484.50,2047.50,395.3611,441.7393
47971672,205.50,-15.50,329.0659,400.7346
47975578,-353.50,-2047.50,270.4663,275.9262
47979484,-474.50,-1769.50,216.7806,205.7126
47983390,-129.50,1267.50,148.8372,149.6143
47987296,145.50,2047.50,60.8327,149.9626
47991202,-89.50,142.50,-26.2966,122.9661
47995108,-650.50,-2047.50,-89.6438,81.3152
47999014,-862.50,-2047.50,-142.0544,70.7192
48002920,-538.50,569.50,-205.4659,10.8598
48006826,-72.50,2047.50,-259.5470,-44.9031
48010732,-183.50,429.50,-266.3600,-41.3563
48014638,-736.50,-2047.50,-248.8340,-19.8069
48018544,-978.50,-2047.50,-253.9637,15.1523
48022450,-554.50,131.50,-266.6084,21.1786
48026356,-79.50,2047.50,-251.4548,-27.7072
48030266,-92.50,838.50,-214.2659,-31.5421
48034172,-576.50,-2047.50,-175.8105,-21.6324
48038078,-796.50,-2047.50,-140.9333,-20.5814
48041984,-382.50,-111.50,-90.7690,33.5033
48045890,161.50,2047.50,-16.2424,53.3806
48049796,176.50,1267.50,50.1004,67.7661
48053702,-282.50,-1890.50,81.5652,54.1980
48057608,-575.50,-2047.50,95.7501,7.6705
48061514,-280.50,-357.50,119.6265,66.8159
48065420,237.50,2047.50,152.0503,126.7531
48069326,349.50,1793.50,178.5179,188.4664
48073232,-86.50,-1370.50,195.2518,242.8968
48077138,-448.50,-2047.50,207.1648,211.8712
48081044,-220.50,-658.50,224.6150,197.3322
48084950,317.50,2047.50,251.9037,191.0525
48088856,496.50,2047.50,278.9167,241.1708
48092762,123.50,-876.50,299.8482,305.4209
48096668,-274.50,-2047.50,320.5197,288.7058
48100574,-133.50,-960.50,344.2092,254.8007
48104480,381.50,2047.50,364.4896,236.0384
48108386,642.50,2047.50,378.1928,272.6769
48112292,295.50,-370.50,389.1805,291.6855
48116198,-150.50,-2047.50,397.9022,279.8813
48120104,-52.50,-1213.50,412.8874,266.9196
48124010,413.50,2047.50,432.4059,280.4985
48127916,765.50,2047.50,444.8375,337.1460
48131822,446.50,63.50,452.8112,302.9430
48135728,-20.50,-2047.50,454.6236,249.7409
48139634,-84.50,-1478.50,447.6726,225.0831
48143540,400.50,2047.50,435.3413,282.1648
48147446,752.50,2047.50,425.3518,398.7611
48151352,511.50,416.50,417.9118,327.7869
48155258,-9.50,-2047.50,404.6614,202.4636
48159164,-113.50,-1755.50,388.4842,137.3798
48163070,315.50,1470.50,376.4263,149.3326
48166976,711.50,2047.50,366.5091,215.4475
48170882,551.50,784.50,355.6959,178.9788
48174788,51.50,-2033.50,348.1120,126.2065
48178694,-143.50,-1943.50,343.2451,78.3914
48182600,206.50,992.50,328.6927,80.0784
48186506,665.50,2047.50,304.7112,126.6432
48190412,579.50,1201.50,288.8244,118.9193
48194318,63.50,-1775.50,281.4618,140.6516
48198224,-201.50,-2047.50,270.2410,134.7860
48202130,119.50,543.50,252.8935,112.3930
48206036,617.50,2047.50,238.6933,102.5383
48209942,626.50,1559.50,238.5299,90.6110
48213848,113.50,-1444.50,242.8047,155.9907
48217754,-185.50,-2047.50,238.1124,195.5588
48221660,87.50,157.50,231.7217,182.7938
48225566,579.50,2047.50,226.5565,140.7994
48229472,627.50,1951.50,215.5266,126.2413
48233378,176.50,-1094.50,200.9672,215.2280
48237284,-236.50,-2047.50,184.1321,258.8424
48241190,-64.50,-252.50,156.1515,219.5503
48245096,398.50,2047.50,115.1418,150.7619
48249002,531.50,2047.50,73.4640,119.8764
48252908,94.50,-772.50,43.9060,166.7464
48256814,-344.50,-2047.50,23.7250,201.2597
48260720,-235.50,-699.50,3.3477,179.9384
48264626,271.50,2047.50,-16.9053,129.0763
48268532,465.50,2047.50,-32.7449,111.8567
48272438,109.50,-398.50,-42.1581,120.9777
48276344,-345.50,-2047.50,-43.2066,141.5849
48280250,-288.50,-1102.50,-40.2470,133.2995
48284156,174.50,2047.50,-45.5212,111.6436
48288062,441.50,2047.50,-63.3523,133.1858
48291968,144.50,-85.50,-79.1451,101.2732
48295874,-324.50,-2047.50,-78.9531,68.2085
48299780,-393.50,-1408.50,-77.4036,59.9611
48303686,86.50,2047.50,-90.8409,103.9947
48307592,407.50,2047.50,-107.7661,194.7859
48311498,183.50,263.50,-114.6158,128.6285
48315404,-333.50,-2047.50,-112.7544,26.6903
48319310,-445.50,-1691.50,-115.1110,-14.2055
48323216,14.50,1591.50,-122.4322,7.8237
48327122,391.50,2047.50,-124.4571,72.7365
48331028,179.50,602.50,-130.5108,21.0243
48334934,-322.50,-2047.50,-145.5884,-47.1224
48338840,-512.50,-1919.50,-159.7336,-84.8671
48342746,-120.50,961.50,-171.9660,-97.7734
48346652,320.50,2047.50,-179.9693,-85.3835
48350558,208.50,947.50,-180.5595,-104.4378
48354464,-303.50,-2046.50,-180.4232,-113.6025
48358370,-554.50,-2047.50,-185.5725,-144.6941
48362276,-239.50,494.50,-199.5021,-147.9612
48366182,283.50,2047.50,-209.3689,-129.8633
48370088,234.50,1287.50,-201.2447,-127.5725
48373994,-256.50,-1737.50,-191.1649,-90.2645
48377900,-513.50,-2047.50,-182.7106,-71.4164
48381806,-277.50,74.50,-173.9672,-62.2519
48385712,235.50,2047.50,-177.2541,-86.7052
48389618,276.50,1618.50,-182.9785,-103.5403
48393524,-189.50,-1427.50,-183.1399,-55.3440
48397430,-540.50,-2047.50,-181.7574,-23.2113
48401336,-298.50,-302.50,-175.3179,-9.7196
48405242,208.50,2047.50,-163.8888,-42.2768
48409148,322.50,2029.50,-155.9656,-31.4266
48413054,-81.50,-1053.50,-151.1999,52.4965
48416960,-492.50,-2047.50,-143.6438,72.2541
48420866,-340.50,-683.50,-138.0155,38.3642
48424772,166.50,2047.50,-137.6206,-16.2718
48428678,341.50,2047.50,-141.5144,-18.2162
48432584,-69.50,-645.50,-153.4077,19.1739
48436490,-517.50,-2047.50,-170.8101,38.2227
48440396,-410.50,-1081.50,-177.8293,25.4976
48444302,98.50,2047.50,-167.4012,-7.9259
48448208,352.50,2047.50,-153.0458,11.8655
48452114,37.50,-275.50,-143.8415,6.7704
48456020,-438.50,-2047.50,-136.5088,-7.8905
48459926,-431.50,-1391.50,-130.9477,-12.0333
48463832,58.50,2047.50,-127.5599,8.2652
48467738,355.50,2047.50,-127.5278,80.5400
48471644,83.50,54.50,-133.9581,27.7803
48475550,-404.50,-2047.50,-139.6029,-56.8018
48479456,-473.50,-1663.50,-137.9986,-78.2755
48483362,-37.50,1555.50,-137.0191,-72.7453
48487268,315.50,2047.50,-145.2235,-41.1839
48491174,151.50,405.50,-151.8469,-87.7034
48495080,-376.50,-2047.50,-146.8121,-127.8632
48498986,-527.50,-1878.50,-144.0654,-131.3090
48502892,-117.50,1007.50,-149.9525,-140.1917
48506798,297.50,2047.50,-155.9738,-148.4536
48510704,160.50,763.50,-159.9518,-178.8420
48514610,-354.50,-2047.50,-164.1453,-180.4446
48518516,-572.50,-2046.50,-169.3741,-187.2211
48522422,-177.50,576.50,-168.5878,-189.2009
48526328,247.50,2047.50,-162.2269,-184.3916
48530234,155.50,1088.50,-169.1127,-195.6996
48534140,-334.50,-1955.50,-188.6538,-194.6867
48538046,-645.50,-2047.50,-205.9127,-200.4435
48541952,-315.50,125.50,-216.8702,-172.4743
48545858,176.50,2047.50,-215.3951,-166.6632
48549764,185.50,1424.50,-206.0302,-176.0582
48553670,-297.50,-1642.50,-202.1671,-150.1538
48557576,-623.50,-2047.50,-202.6675,-131.0964
48561482,-355.50,-272.50,-196.9139,-99.8697
48565388,128.50,2047.50,-187.1463,-117.5041
48569294,210.50,1803.50,-185.9016,-115.3007
48573200,-228.50,-1291.50,-190.8094,-60.8683
48577106,-634.50,-2047.50,-195.1710,-44.5518
48581012,-447.50,-655.50,-199.2552,-43.2341
48584918,69.50,2047.50,-198.6840,-78.9682
48588824,231.50,2047.50,-192.4734,-59.9086
48592730,-148.50,-895.50,-182.9730,0.4935
48596636,-580.50,-2047.50,-170.5604,6.2779
48600542,-453.50,-1048.50,-157.7588,-18.2847
48604448,49.50,2047.50,-146.5364,-59.4633
48608354,288.50,2047.50,-138.6163,-33.7333
48612260,-52.50,-545.50,-131.9858,-23.3349
48616166,-527.50,-2047.50,-125.9980,-46.2708
48620072,-512.50,-1364.50,-127.3586,-48.5968
48623978,13.50,2047.50,-130.1550,-31.6210
48627884,327.50,2047.50,-119.0000,37.5764
48631790,47.50,-148.50,-97.9627,4.2888
48635696,-488.50,-2047.50,-88.3911,-66.0667
48639602,-532.50,-1633.50,-99.1434,-77.9310
48643508,-62.50,1599.50,-113.1427,-81.9312
48647414,285.50,2047.50,-118.1769,-60.6600
48651320,48.50,208.50,-120.9359,-101.3622
48655226,-447.50,-2047.50,-122.7504,-133.7070
48659132,-574.50,-1869.50,-120.8136,-124.8961
48663038,-148.50,1023.50,-120.1898,-150.2504
48666944,251.50,2047.50,-123.5209,-182.1166
48670850,113.50,561.50,-124.1818,-209.8305
48674756,-384.50,-2047.50,-115.2580,-194.2189
48678662,-564.50,-2036.50,-100.0001,-174.2232
48682568,-166.50,594.50,-85.1849,-184.4536
48686474,240.50,2047.50,-80.2685,-208.5107
48690380,130.50,947.50,-95.3529,-217.7986
48694286,-368.50,-2047.50,-118.2915,-201.6645
48698192,-620.50,-2047.50,-128.9561,-201.1143
48702098,-290.50,170.50,-127.2957,-181.5902
48706004,195.50,2047.50,-121.3384,-185.4697
48709910,191.50,1273.50,-113.4627,-193.5023
48713816,-292.50,-1805.50,-105.8117,-172.0386
48717722,-625.50,-2047.50,-103.9013,-158.6927
48721628,-356.50,-206.50,-109.0132,-118.8555
48725534,135.50,2047.50,-115.3913,-126.1485
48729440,219.50,1649.50,-116.1120,-125.8735
48733346,-202.50,-1460.50,-103.6818,-83.8197
48737252,-621.50,-2047.50,-89.5192,-69.0680
48741158,-424.50,-582.50,-94.1627,-50.4444
48745064,91.50,2047.50,-106.8666,-76.5839
48748970,223.50,2030.50,-111.9675,-46.8665
48752876,-179.50,-1087.50,-111.0697,27.4245
48756782,-606.50,-2047.50,-106.9398,24.3084
48760688,-475.50,-975.50,-103.4764,-7.5627
48764594,71.50,2047.50,-95.7284,-52.8976
48768500,258.50,2047.50,-82.8071,-24.4733
48772406,-134.50,-687.50,-82.9759,9.2201
48776312,-593.50,-2047.50,-97.3735,-2.3226
48780218,-543.50,-1329.50,-109.1669,-14.4972
48784124,-25.50,2047.50,-110.5012,-25.6021
48788030,263.50,2047.50,-100.6741,31.5746
48791936,-42.50,-319.50,-86.1500,17.4629
48795842,-529.50,-2047.50,-75.1201,-38.6863
48799748,-529.50,-1631.50,-66.6321,-51.1978
48803654,-81.50,1600.50,-62.1522,-80.7854
48807560,273.50,2047.50,-64.6762,-74.5316
48811466,32.50,48.50,-64.2487,-95.0199
48815372,-480.50,-2047.50,-58.5481,-105.0465
48819278,-573.50,-1844.50,-55.7141,-83.3201
48823184,-137.50,1073.50,-56.8680,-118.8682
48827090,272.50,2047.50,-56.6946,-163.6589
48830996,112.50,436.50,-47.6450,-184.2710
48834902,-398.50,-2047.50,-32.4684,-152.2284
48838808,-577.50,-2016.50,-23.7379,-119.5313
48842714,-188.50,642.50,-27.0768,-145.4139
48846620,260.50,2047.50,-33.7902,-191.3839
48850526,155.50,821.50,-34.0097,-201.2054
48854432,-353.50,-2047.50,-30.2591,-167.6203
48858338,-590.50,-2047.50,-27.7337,-148.4501
48862244,-254.50,272.50,-28.4811,-134.1797
48866150,203.50,2047.50,-35.0002,-149.1482
48870056,164.50,1154.50,-45.8096,-163.9671
48873962,-302.50,-1936.50,-50.7390,-157.7547
48877868,-594.50,-2047.50,-42.1460,-157.8327
48881774,-293.50,-143.50,-26.5447,-117.6731
48885680,144.50,2047.50,-22.9693,-117.0824
48889586,169.50,1475.50,-43.5118,-122.1469
48893492,-291.50,-1651.50,-69.8746,-107.3056
48897398,-692.50,-2047.50,-88.4978,-105.6128
48901304,-450.50,-549.50,-103.0219,-68.3932
48905210,51.50,2047.50,-107.5079,-78.4291
48909116,181.50,1886.50,-101.9322,-48.6729
48913022,-232.50,-1277.50,-91.1489,12.8739
48916928,-613.50,-2047.50,-74.4854,5.7969
48920834,-445.50,-905.50,-53.5845,-2.8555
48924740,74.50,2047.50,-34.1835,-31.7251
48928646,272.50,2047.50,-20.0814,7.3117
48932552,-90.50,-847.50,-8.2676,57.6797
48936458,-540.50,-2047.50,2.6674,43.5921
48940364,-457.50,-1261.50,8.8059,23.5324
48944270,53.50,2047.50,11.9752,1.5631
48948176,319.50,2047.50,17.7620,53.5107
48952082,-8.50,-460.50,24.8979,55.7108
48955988,-512.50,-2047.50,24.8112,10.3923
48959894,-512.50,-1522.50,14.0347,6.8075
48963800,6.50,1885.50,8.4188,20.0024
48967706,336.50,2047.50,20.4809,77.7536
48971612,77.50,-76.50,38.7969,39.0268
48975518,-399.50,-2047.50,54.5146,-27.7857
48979424,-448.50,-1791.50,71.7808,-32.7980
48983330,-4.50,1243.50,86.5744,-67.1405
48987236,368.50,2047.50,90.0723,-94.2083
48991142,149.50,307.50,82.7850,-115.3213
48995048,-367.50,-2047.50,70.0573,-96.1627
48998954,-512.50,-1976.50,58.6599,-64.1382
49002860,-142.50,782.50,45.6267,-92.7436
49006766,288.50,2047.50,27.3377,-140.0095
49010672,159.50,663.50,16.0814,-161.1845
49014578,-355.50,-2047.50,14.6099,-136.4433
49018484,-562.50,-2047.50,15.4107,-107.6321
49022390,-208.50,416.50,15.6893,-92.5986
49026296,242.50,2047.50,12.0019,-109.0983
49030202,80.50,938.50,-11.8969,-144.3053
49034108,-580.50,-2047.50,-86.8642,-175.7885
49038014,-878.50,-2047.50,-195.5422,-180.6495
49041920,-568.50,-188.50,-270.0059,-143.8332
49045826,-164.50,2047.50,-302.8086,-163.3094
49049732,-278.50,1139.50,-351.1276,-190.4646
49053638,-760.50,-2047.50,-422.3173,-241.1315
49057544,-1071.50,-2047.50,-462.9327,-276.9021
49061450,-861.50,-786.50,-464.1471,-217.1505
49065356,-367.50,2047.50,-463.2793,-217.6166
49069266,-287.50,1322.50,-468.3635,-209.4884
49073172,-672.50,-1944.50,-458.3628,-263.5645
49077078,-1016.50,-2047.50,-419.6028,-331.8580
49080984,-896.50,-1245.50,-382.3223,-254.0236
49084890,-381.50,2031.50,-378.9348,-217.4856
49088796,-229.50,1668.50,-389.5279,-142.1767
49092702,-569.50,-1538.50,-381.7711,-134.2375
49096608,-973.50,-2047.50,-347.2330,-204.9655
49100514,-823.50,-1524.50,-300.9132,-165.9218
49104420,-308.50,1593.50,-259.7660,-204.2500
49108326,-83.50,2025.50,-232.9518,-187.5214
49112232,-412.50,-1126.50,-218.6030,-122.8678
49116138,-847.50,-2047.50,-202.2143,-128.1394
49120044,-789.50,-1755.50,-177.6913,-95.9188
49123950,-335.50,1105.50,-159.3189,-187.3041
49127856,11.50,2047.50,-149.6525,-270.1561
49131762,-241.50,-606.50,-125.6721,-214.6155
49135668,-742.50,-2047.50,-92.8788,-127.2382
49139574,-745.50,-1922.50,-71.1462,-42.7769
49143480,-284.50,819.50,-55.3299,-118.0007
49147386,99.50,2047.50,-37.8601,-226.4411
49151292,-105.50,-174.50,-14.9364,-213.1481
49155198,-604.50,-2047.50,8.1320,-137.4639
49159104,-751.50,-2047.50,15.1649,-48.3323
49163010,-304.50,511.50,7.5631,-85.2826
49166916,112.50,2047.50,7.2584,-179.5825
49170822,13.50,266.50,28.1594,-181.0980
49174728,-491.50,-2047.50,61.7171,-124.4592
49178634,-672.50,-2047.50,86.1224,-46.2195
49182540,-264.50,174.50,98.8337,-36.1351
49186446,195.50,2047.50,113.5533,-108.7468
49190352,96.50,714.50,126.0933,-121.9253
49194258,-380.50,-2047.50,130.0621,-92.8377
49198164,-606.50,-2047.50,137.7994,-57.4094
49202070,-271.50,-180.50,154.2941,-22.6167
49205976,214.50,2047.50,169.8099,-58.8666
49209882,210.50,1023.50,179.9380,-73.0074
49213788,-264.50,-2047.50,185.4644,-98.4386
49217694,-558.50,-2047.50,190.7041,-123.3684
49221600,-353.50,-494.50,188.1408,-44.6195
49225506,147.50,2047.50,168.3059,-4.5714
49229412,230.50,1422.50,151.9296,26.0641
49233318,-226.50,-1780.50,151.6548,9.2474
49237224,-644.50,-2047.50,146.0705,-46.6326
49241130,-389.50,-865.50,134.1661,-0.6484
49245036,111.50,2047.50,137.8497,31.0595
49248942,191.50,1795.50,139.4115,101.0822
49252848,-191.50,-1432.50,122.9846,120.4089
49256754,-595.50,-2047.50,114.7478,44.8874
49260660,-442.50,-1237.50,125.3456,41.1506
49264566,42.50,2047.50,138.0009,56.5645
49268472,304.50,2047.50,148.1482,164.3505
49272378,-89.50,-972.50,159.9633,214.8942
49276284,-556.50,-2047.50,159.8612,134.1493
49280190,-483.50,-1573.50,149.0863,86.6043
49284096,49.50,1738.50,151.2651,37.8760
49288002,287.50,2047.50,163.0523,79.9119
49291908,-36.50,-572.50,160.1850,109.2793
49295814,-552.50,-2047.50,139.1843,76.6785
49299720,-564.50,-1756.50,114.7138,87.6008
49303626,-72.50,1200.50,103.4067,32.4722
49307532,304.50,2047.50,115.2044,-15.8653
49311438,27.50,-127.50,135.9254,-9.0859
49315344,-433.50,-2047.50,148.8424,28.5264
49319250,-529.50,-1955.50,158.6283,77.4379
49323156,-100.50,838.50,162.1738,32.3407
49327062,250.50,2047.50,148.9428,-31.3376
49330968,103.50,261.50,131.4656,-38.9228
49334874,-409.50,-2047.50,128.6306,-4.6624
49338780,-597.50,-2047.50,129.6657,44.1973
49342686,-212.50,362.50,118.0475,17.6569
49346592,279.50,2047.50,111.7404,-58.5486
49350498,155.50,682.50,125.0079,-60.9585
49354404,-352.50,-2047.50,136.7222,-13.6085
49358310,-569.50,-2047.50,138.1764,24.9905
49362216,-228.50,18.50,138.8360,40.5499
49366122,211.50,2047.50,133.2105,-2.5991
49370028,189.50,958.50,120.5060,-25.7676
49373934,-312.50,-2047.50,111.1673,-47.4790
49377840,-659.50,-2047.50,97.4617,-58.9977
49381746,-409.50,-386.50,66.1255,2.4768
49385652,90.50,2047.50,31.6386,13.8948
49389558,151.50,1269.50,18.4499,17.7586
49393464,-333.50,-1949.50,22.1414,-26.0281
49397370,-697.50,-2047.50,21.6188,-86.5967
49401276,-463.50,-790.50,16.5834,-20.0418
49405182,7.50,2047.50,10.5283,25.0055
49409088,83.50,1563.50,-8.6438,70.0111
49412994,-430.50,-1756.50,-51.3515,24.2440
49416900,-943.50,-2047.50,-122.3016,-81.5476
49420806,-846.50,-1389.50,-208.7748,-67.1142
49424712,-390.50,1527.50,-283.8851,-136.8736
49428618,-260.50,1616.50,-340.8915,-189.8025
49432524,-744.50,-1647.50,-397.2392,-219.2360
49436430,-1327.50,-2047.50,-475.2220,-242.8696
49440336,-1334.50,-1872.50,-574.2227,-152.1251
49444242,-800.50,720.50,-650.9871,-285.8234
49448148,-530.50,1458.50,-668.3300,-509.1433
49452054,-872.50,-1583.50,-647.8576,-588.1687
49455960,-1324.50,-2047.50,-620.7634,-506.6830
49459866,-1284.50,-2047.50,-586.2286,-240.1700
49463772,-760.50,425.50,-542.3782,-227.5468
49467678,-406.50,1692.50,-497.1211,-398.2446
49471584,-690.50,-1135.50,-462.3088,-454.9633
49475490,-1189.50,-2047.50,-444.3339,-393.3022
49479396,-1228.50,-2047.50,-429.1716,-161.4674
49483302,-752.50,144.50,-404.2406,-118.4062
49487208,-331.50,2042.50,-371.7539,-238.6447
49491114,-492.50,-588.50,-331.3479,-236.2206
49495020,-959.50,-2047.50,-281.5549,-196.0582
49498926,-1108.50,-2047.50,-234.4369,-62.9836
49502832,-738.50,-143.50,-215.9547,-38.3709
49506738,-335.50,2047.50,-233.3209,-158.9975
49510644,-397.50,-96.50,-248.2718,-168.4564
49514550,-879.50,-2047.50,-225.2388,-140.3770
49518456,-1041.50,-2047.50,-174.5489,-39.1836
49522362,-621.50,-463.50,-115.6859,6.0188
49526268,-168.50,2047.50,-66.5758,-91.2958
49530174,-219.50,446.50,-44.5276,-80.1491
49534080,-821.50,-2047.50,-58.3820,-49.8337
49537986,-1135.50,-2047.50,-106.1750,-10.4099
49541892,-778.50,-762.50,-145.8620,28.5115
49545798,-290.50,2047.50,-145.7273,-30.0473
49549704,-233.50,690.50,-123.0502,-21.1757
49553610,-641.50,-2047.50,-84.5819,-64.8320
49557516,-956.50,-2047.50,-30.6056,-94.7773
49561422,-694.50,-1024.50,16.6166,-1.9870
49565328,-196.50,1978.50,39.3322,23.8266
49569234,-42.50,1141.50,50.0586,79.8920
49573140,-464.50,-2047.50,72.5273,16.3097
49577046,-817.50,-2047.50,107.4077,-109.5309
49580952,-585.50,-1226.50,149.1568,-25.0037
49584858,16.50,2015.50,203.5819,97.0226
49588764,267.50,1731.50,273.8379,268.0055
49592670,-128.50,-1488.50,340.3997,304.8761
49596576,-527.50,-2047.50,381.8952,166.0487
49600482,-384.50,-1452.50,409.3155,130.8920
49604388,148.50,1920.50,435.0290,164.9290
49608294,426.50,2047.50,458.0159,326.5784
49612200,112.50,-833.50,482.3885,426.5593
49616106,-309.50,-2047.50,513.9923,344.5930
49620012,-271.50,-1675.50,547.3203,259.3529
49623918,208.50,1473.50,563.0121,173.7695
49627824,495.50,2047.50,552.1130,205.7140
49631730,228.50,-367.50,532.5669,281.6925
49635636,-224.50,-2047.50,531.2333,289.2485
49639542,-302.50,-1840.50,543.3303,270.1775
49643448,126.50,1105.50,536.0712,194.3530
49647354,463.50,2047.50,502.9285,175.0747
49651260,255.50,7.50,469.5919,207.2532
49655166,-299.50,-2047.50,446.7452,221.9096
49659072,-463.50,-2047.50,417.4200,214.3259
49662978,-136.50,542.50,364.7876,122.1683
49666884,208.50,2047.50,288.4430,53.3163
49670790,15.50,222.50,209.9939,71.5441
49674696,-585.50,-2047.50,141.1328,94.1724
49678602,-862.50,-2047.50,68.4505,129.9577
49682508,-581.50,-79.50,-14.5508,94.5182
49686414,-196.50,2047.50,-99.9403,-8.2138
49690320,-313.50,395.50,-172.1789,-27.7524
49694226,-856.50,-2047.50,-223.2825,-28.1265
49698132,-1102.50,-2047.50,-251.1139,18.8326
49702038,-761.50,-609.50,-250.2541,49.8568
49705944,-253.50,2047.50,-227.1000,-33.8949
49709850,-216.50,710.50,-193.5263,-37.6721
49713756,-700.50,-2047.50,-161.3328,-47.4068
49717662,-1050.50,-2047.50,-147.5308,-43.4831
49721568,-774.50,-889.50,-150.8014,33.0425
49725474,-225.50,2047.50,-144.9375,29.0228
49729380,-130.50,1069.50,-118.3842,62.3420
49733286,-548.50,-2047.50,-84.2426,1.8400
49737192,-894.50,-2047.50,-49.6579,-94.0866
49741098,-754.50,-1207.50,-28.2344,-18.5411
49745004,-197.50,1855.50,-27.2751,20.3121
49748910,-3.50,1441.50,-17.5598,77.9807
49752816,-463.50,-1807.50,0.9572,46.9683
49756722,-947.50,-2047.50,-9.0827,-54.7564
49760628,-822.50,-1503.50,-42.6473,3.6626
49764534,-272.50,1648.50,-58.5847,33.2460
49768440,91.50,1982.50,-23.3540,132.0263
49772346,-297.50,-1224.50,46.5971,229.1368
49776252,-828.50,-2047.50,81.3292,178.4642
49780158,-725.50,-1691.50,72.0752,152.5593
49784064,-146.50,1310.50,82.5246,80.7408
49787970,197.50,2047.50,131.4396,85.6348
49791876,-97.50,-655.50,183.5998,175.4085
49795782,-513.50,-2047.50,226.0816,206.2846
49799688,-473.50,-1796.50,279.8461,224.4140
49803594,67.50,1143.50,346.0908,176.6583
49807500,439.50,2047.50,400.8708,159.5006
49811406,189.50,-66.50,425.6153,206.8058
49815312,-292.50,-2047.50,429.4688,244.8955
49819218,-373.50,-1935.50,437.7474,254.4738
49823124,100.50,926.50,455.9106,210.3904
49827030,511.50,2047.50,472.1367,196.2604
49830936,345.50,427.50,478.2236,226.6866
49834842,-156.50,-2047.50,479.6782,253.4469
49838748,-318.50,-2047.50,485.8249,237.6188
49842654,87.50,587.50,493.5229,196.8693
49846560,534.50,2047.50,493.7266,189.5623
49850466,422.50,851.50,483.4234,222.0694
49854372,-91.50,-2047.50,468.1994,239.6966
49858278,-348.50,-2047.50,454.8957,203.2272
49862184,-32.50,224.50,438.1457,194.6975
49866090,432.50,2047.50,410.8765,209.2112
49869996,401.50,1169.50,381.1958,229.1660
49873902,-80.50,-1976.50,363.2519,212.5088
49877808,-396.50,-2047.50,359.5341,149.9202
49881714,-111.50,-144.50,358.6491,176.1865
49885620,399.50,2047.50,353.8587,223.7221
49889526,412.50,1600.50,341.0050,275.2500
49893432,-98.50,-1566.50,311.2793,312.1209
49897338,-452.50,-2047.50,276.8855,273.0564
49901244,-240.50,-527.50,258.2353,257.9642
49905150,278.50,2047.50,251.0389,248.9794
49909056,394.50,2043.50,243.5774,321.6184
49912962,-11.50,-1194.50,238.3204,412.1016
49916868,-446.50,-2047.50,238.6906,366.2310
49920774,-316.50,-876.50,233.0357,298.8282
49924680,171.50,2047.50,211.9399,266.3491
49928586,371.50,2047.50,184.1600,320.9128
49932492,16.50,-792.50,169.8663,358.2918
49936398,-450.50,-2047.50,173.8673,311.5749
49940304,-405.50,-1314.50,174.3693,259.4252
49944210,70.50,2047.50,155.1791,236.0951
49948116,330.50,2047.50,124.9137,315.5871
49952022,-0.50,-441.50,100.8065,322.6778
49955928,-463.50,-2047.50,93.4006,246.5772
49959834,-470.50,-1616.50,100.1683,204.3472
49963740,46.50,1713.50,111.8979,180.9177
49967646,303.50,2047.50,112.1131,229.2509
49971552,16.50,-81.50,84.5776,217.8703
49975458,-423.50,-2047.50,59.3277,164.8943
49979364,-429.50,-1845.50,79.9887,149.2050
49983270,7.50,1191.50,125.9250,114.1280
49987176,270.50,2047.50,130.6478,106.2020
49991082,30.50,282.50,73.4075,92.2339
49994988,-432.50,-2047.50,15.2748,84.6610
49998894,-577.50,-2020.50,3.4330,90.3058
50002800,-143.50,759.50,18.6811,68.1678
50006706,302.50,2047.50,39.0961,51.6084
50010612,239.50,753.50,68.8575,58.6924
50014518,-236.50,-2047.50,110.7777,81.2109
50018424,-416.50,-2047.50,151.9598,77.8203
50022330,-10.50,441.50,185.7090,84.0180
50026236,464.50,2047.50,214.3702,91.7567
50030142,389.50,1246.50,228.8877,107.4580
50034048,-69.50,-1865.50,229.8008,145.8346
50037954,-337.50,-2047.50,234.1111,134.3625
50041860,29.50,168.50,251.1538,147.8997
50045766,553.50,2047.50,282.5675,163.7852
50049672,567.50,1691.50,313.5555,180.6843
50053578,98.50,-1412.50,325.4349,251.5312
50057484,-222.50,-2047.50,324.4930,269.3630
50061390,16.50,-150.50,321.1085,257.1188
50065296,534.50,2047.50,316.3958,225.8671
50069202,627.50,2047.50,313.2009,233.2947
50073108,202.50,-972.50,313.5125,322.0596
50077014,-192.50,-2047.50,314.6276,349.9993
50080920,-48.50,-492.50,305.4088,311.8089
50084826,463.50,2047.50,283.0196,257.9946
50088732,656.50,2047.50,267.5792,236.0484
50092638,244.50,-585.50,266.7346,257.6177
50096544,-214.50,-2047.50,261.2659,279.4279
50100450,-174.50,-894.50,233.2217,270.1363
50104356,322.50,2047.50,188.2023,243.5663
50108266,570.50,2047.50,154.1685,244.2719
50112172,209.50,-184.50,141.4436,229.8158
50116078,-269.50,-2047.50,134.0510,228.6650
50119984,-266.50,-1238.50,120.5590,221.9686
50123890,211.50,2047.50,100.4734,231.1712
50127796,511.50,2047.50,81.2281,280.0230
50131702,246.50,176.50,73.0758,230.4275
50135608,-258.50,-2047.50,75.1091,174.0227
50139514,-320.50,-1536.50,73.5871,147.3050
50143420,121.50,2047.50,60.6893,207.9848
50147326,469.50,2047.50,40.8753,334.0013
50151232,255.50,504.50,24.1615,258.0003
50155138,-250.50,-2047.50,17.2538,123.2048
50159044,-376.50,-1796.50,16.2330,53.5047
50162950,45.50,1363.50,14.5066,59.5969
50166856,437.50,2047.50,8.1028,115.2235
50170762,278.50,878.50,-4.4129,83.1128
50174668,-255.50,-2047.50,-21.7372,42.6530
50178574,-445.50,-1986.50,-38.9975,-7.8115
50182480,-80.50,823.50,-50.7036,-22.8565
50186386,339.50,2047.50,-62.9116,4.9629
50190292,272.50,1231.50,-78.1751,1.2213
50194198,-244.50,-1856.50,-89.1297,21.2984
50198104,-533.50,-2047.50,-101.1414,8.0312
50202010,-208.50,353.50,-117.5463,-3.9180
50205916,272.50,2047.50,-128.0687,-11.2310
50209822,245.50,1607.50,-134.0914,-11.2047
50213728,-190.50,-1544.50,-136.2357,52.8431
50217634,-564.50,-2047.50,-134.1714,72.5796
50221540,-308.50,-38.50,-143.0604,62.1002
50225446,163.50,2047.50,-163.0360,27.0889
50229352,231.50,1950.50,-182.7869,24.7171
50233258,-219.50,-1212.50,-195.8895,99.9864
50237164,-623.50,-2047.50,-204.2766,118.1755
50241070,-431.50,-469.50,-214.4872,87.0375
50244976,91.50,2047.50,-219.7372,32.3072
50248882,223.50,2047.50,-217.5961,23.6925
50252788,-192.50,-825.50,-218.4993,74.6667
50256694,-608.50,-2047.50,-221.9417,97.5726
50260600,-464.50,-927.50,-217.3735,73.1729
50264506,97.50,2047.50,-195.8552,17.6455
50268412,239.50,2047.50,-175.3637,20.2543
50272318,-165.50,-514.50,-190.9559,26.5270
50276224,-652.50,-2047.50,-233.3057,18.0273
50280130,-568.50,-1290.50,-261.9192,14.1767
50284036,-25.50,2047.50,-253.6216,15.0288
50287942,245.50,2047.50,-223.2866,66.3067
50291848,-64.50,-97.50,-202.9209,42.1652
50295754,-547.50,-2047.50,-197.1892,-2.7702
50299660,-594.50,-1563.50,-199.2095,-14.5091
50303566,-114.50,2019.50,-207.7405,29.1061
50307472,224.50,2047.50,-214.5711,132.3546
50311378,-7.50,263.50,-212.7891,70.8275
50315284,-514.50,-2047.50,-204.1617,-38.1934
50319190,-633.50,-1811.50,-199.5333,-78.2266
50323096,-172.50,1264.50,-202.0875,-98.4284
50327002,240.50,2047.50,-198.0550,-94.3756
50330908,88.50,623.50,-180.9836,-124.2262
50334814,-434.50,-2047.50,-161.5091,-127.7089
50338720,-623.50,-1999.50,-155.1062,-129.6510
50342626,-229.50,768.50,-163.1257,-150.0186
50346532,163.50,2047.50,-180.5657,-164.6446
50350438,95.50,1002.50,-197.9429,-175.5197
50354344,-409.50,-2047.50,-197.8898,-159.2745
50358250,-666.50,-2047.50,-188.3739,-170.7081
50362156,-329.50,348.50,-188.0061,-163.6054
50366062,141.50,2047.50,-194.4499,-158.4040
50369968,143.50,1323.50,-194.3143,-166.3388
50373874,-373.50,-1800.50,-186.8344,-142.6630
50377780,-687.50,-2047.50,-186.4594,-134.2419
50381686,-412.50,-42.50,-194.8605,-104.2840
50385592,81.50,2047.50,-203.3753,-109.0735
50389498,137.50,1712.50,-206.9023,-111.8995
50393404,-316.50,-1452.50,-202.5901,-62.2265
50397310,-662.50,-2047.50,-190.5333,-46.3362
50401216,-469.50,-452.50,-179.9333,-41.4393
50405122,42.50,2047.50,-180.5454,-76.8132
50409028,151.50,2047.50,-188.1188,-61.4125
50412934,-266.50,-1072.50,-194.4319,15.9004
50416840,-685.50,-2047.50,-195.7770,26.2521
50420746,-556.50,-861.50,-197.3447,-5.0044
50424652,-44.50,2047.50,-203.2305,-59.3230
50428558,204.50,2047.50,-198.6709,-51.3838
50432464,-154.50,-665.50,-173.0304,-18.0114
50436370,-618.50,-2047.50,-145.5207,-10.2233
50440276,-515.50,-1265.50,-129.8008,-21.8285
50444182,-1.50,2047.50,-115.3985,-52.7063
50448088,226.50,2047.50,-107.3543,-16.0966
50451994,-96.50,-305.50,-115.8735,-23.0424
50455900,-557.50,-2047.50,-123.6206,-55.4426
50459806,-522.50,-1536.50,-111.3531,-56.9536
50463712,-41.50,2047.50,-86.4700,-21.4186
50467618,250.50,2047.50,-74.5837,71.9284
50471524,-63.50,61.50,-92.1603,17.1653
50475430,-558.50,-2047.50,-124.3594,-84.0459
50479336,-655.50,-1812.50,-146.9306,-112.5833
50483242,-217.50,1261.50,-159.9502,-150.6948
50487148,170.50,2047.50,-167.4799,-170.1431
50491054,-8.50,375.50,-163.0379,-200.6950
50494960,-512.50,-2047.50,-148.5570,-195.4395
50498866,-687.50,-1997.50,-139.3525,-168.1715
50502772,-262.50,814.50,-141.5052,-180.2640
50506678,171.50,2047.50,-141.5848,-207.1797
50510584,38.50,778.50,-135.9913,-227.6840
50514490,-452.50,-2047.50,-129.8833,-210.6857
50518396,-696.50,-2047.50,-125.7746,-193.2663
50522302,-336.50,370.50,-128.9234,-184.0989
50526208,124.50,2047.50,-135.0796,-204.0658
50530114,107.50,1139.50,-131.8906,-221.1109
50534020,-385.50,-2021.50,-116.6103,-216.9775
50537926,-669.50,-2047.50,-101.0764,-226.5928
50541832,-368.50,-53.50,-93.9999,-188.6838
50545738,106.50,2047.50,-95.3015,-180.7531
50549644,124.50,1455.50,-103.2683,-185.6075
50553550,-367.50,-1733.50,-114.9611,-171.8109
50557456,-719.50,-2047.50,-127.6554,-173.2110
50561362,-456.50,-463.50,-132.4585,-133.2305
50565268,58.50,2047.50,-122.9812,-139.2232
50569174,180.50,1893.50,-105.3494,-111.2929
50573080,-268.50,-1385.50,-89.9060,-49.9411
50576986,-655.50,-2047.50,-82.3278,-63.3840
50580892,-468.50,-847.50,-76.2174,-73.2114
50584798,54.50,2047.50,-65.1861,-102.4687
50588704,186.50,2047.50,-60.6955,-67.8616
50592610,-188.50,-958.50,-68.2418,-15.4576
50596516,-613.50,-2047.50,-69.6976,-29.0480
50600422,-567.50,-1221.50,-68.5658,-44.9042
50604328,-37.50,2047.50,-78.2399,-70.1152
50608234,225.50,2047.50,-80.3001,-26.8020
50612140,-100.50,-553.50,-64.7641,-19.5597
50616046,-562.50,-2047.50,-44.0936,-55.3632
50619952,-544.50,-1523.50,-29.6376,-56.4641
50623858,-62.50,2005.50,-26.5446,-40.0570
50627764,237.50,2047.50,-31.7686,34.7488
50631670,-46.50,-162.50,-38.4439,-0.9230
50635576,-535.50,-2047.50,-40.8017,-79.9364
50639482,-587.50,-1788.50,-37.7277,-89.8242
50643388,-134.50,1319.50,-34.8719,-129.3593
50647294,215.50,2047.50,-38.0891,-155.5009
50651200,-6.50,207.50,-46.2891,-178.3325
50655106,-512.50,-2047.50,-52.8928,-161.9577
50659012,-629.50,-1989.50,-52.6176,-124.2669
50662918,-205.50,813.50,-46.8715,-161.9752
50666824,181.50,2047.50,-45.3426,-221.5971
50670730,69.50,560.50,-47.0053,-244.1535
50674636,-447.50,-2047.50,-41.2895,-210.2490
50678542,-673.50,-2047.50,-38.9065,-162.2531
50682448,-292.50,379.50,-48.2191,-158.6508
50686354,169.50,2047.50,-54.2870,-207.9917
50690260,123.50,927.50,-46.1041,-234.4541
50694166,-370.50,-2047.50,-28.4534,-220.7371
50698072,-660.50,-2047.50,-17.9392,-200.6108
50701978,-334.50,-8.50,-21.5919,-155.8476
50705884,114.50,2047.50,-32.8512,-165.7170
50709790,151.50,1279.50,-42.2485,-181.9659
50713696,-298.50,-1899.50,-34.4684,-183.2386
50717602,-619.50,-2047.50,-12.0335,-189.8447
50721508,-362.50,-383.50,5.6603,-131.4156
50725414,106.50,2047.50,6.8313,-118.8343
50729320,206.50,1662.50,-2.9416,-105.6057
50733226,-255.50,-1583.50,-9.6737,-85.2006
50737132,-652.50,-2047.50,-16.0835,-105.3197
50741038,-460.50,-792.50,-25.3696,-80.8116
50744944,46.50,2047.50,-30.1479,-88.4521
50748850,199.50,2039.50,-29.9751,-34.5346
50752756,-178.50,-1214.50,-24.3253,28.8410
50756662,-629.50,-2047.50,-16.3137,-9.6408
50760568,-512.50,-1216.50,-16.4646,-44.5255
50764474,-15.50,2047.50,-22.9836,-78.3429
50768380,211.50,2047.50,-28.0028,-20.1252
50772286,-143.50,-798.50,-29.2972,13.7507
50776192,-593.50,-2047.50,-26.1467,-27.6135
50780098,-549.50,-1506.50,-19.3331,-35.1647
50784004,-60.50,1983.50,-13.4219,-32.8132
50787910,235.50,2047.50,-10.2294,36.0270
50791816,-56.50,-388.50,-6.4117,19.5409
50795722,-554.50,-2047.50,-3.6349,-50.2940
50799628,-597.50,-1784.50,-6.8416,-55.2905
50803534,-128.50,1247.50,-13.2975,-121.6723
50807440,203.50,2047.50,-18.9115,-177.4158
50811346,-15.50,-17.50,-22.4335,-184.1262
50815252,-512.50,-2047.50,-19.6809,-141.4671
50819158,-609.50,-1967.50,-10.9781,-78.8511
50823064,-191.50,861.50,-4.1882,-113.6280
50826970,186.50,2047.50,-7.7363,-181.6446
50830876,46.50,336.50,-15.2922,-210.4474
50834782,-459.50,-2047.50,-13.6600,-182.3575
50838688,-650.50,-2047.50,-8.9301,-119.3545
50842594,-302.50,419.50,-16.5508,-117.2086
50846500,165.50,2047.50,-30.6649,-179.7864
50850406,99.50,751.50,-28.7078,-205.1338
50854312,-401.50,-2047.50,-12.0876,-178.8435
50858218,-652.50,-2047.50,-0.5655,-136.5565
50862124,-294.50,31.50,5.5568,-100.5173
50866030,193.50,2047.50,17.6056,-135.4103
50869936,192.50,1073.50,34.6446,-165.6346
50873842,-300.50,-2047.50,46.1742,-186.6181
50877748,-605.50,-2047.50,47.9963,-197.2921
50881654,-313.50,-374.50,49.6779,-128.4752
50885560,165.50,2047.50,54.6949,-111.6906
50889466,231.50,1433.50,55.5700,-104.2294
50893372,-253.50,-1772.50,48.7810,-106.8528
50897278,-596.50,-2047.50,39.2624,-129.8202
50901184,-381.50,-773.50,39.1039,-80.1307
50905090,82.50,2047.50,40.0143,-74.2426
50908996,203.50,1847.50,25.8077,-25.1222
50912902,-229.50,-1405.50,4.5813,21.1313
50916808,-622.50,-2047.50,-7.9133,-16.3784
50920714,-512.50,-1122.50,-11.1254,-17.1510
50924620,16.50,2047.50,-12.2680,-27.3323
50928526,206.50,2047.50,-10.5578,42.6039
50932432,-170.50,-1016.50,-10.1490,82.6577
50936338,-608.50,-2047.50,-12.2551,22.2035
50940244,-551.50,-1481.50,-11.6806,-2.5451
50944150,-62.50,1891.50,-12.4310,-27.9111
50948056,215.50,2047.50,-14.2217,24.0371
50951962,-88.50,-600.50,-10.3415,36.6833
50955868,-575.50,-2047.50,-3.5579,-9.5581
50959774,-558.50,-1715.50,3.0690,-0.6189
50963680,-81.50,1290.50,13.2702,-61.0719
50967586,255.50,2047.50,24.3879,-115.7867
50971492,-1.50,-205.50,31.2101,-119.6613
50975398,-512.50,-2047.50,30.6356,-83.6330
50979304,-604.50,-1947.50,22.4578,-23.9289
50983210,-147.50,830.50,15.2888,-82.5780
50987116,243.50,2047.50,17.7978,-173.8836
50991022,35.50,123.50,22.5372,-192.9772
50994928,-468.50,-2047.50,19.6131,-148.5679
50998834,-637.50,-2047.50,12.4659,-69.3886
51002740,-216.50,403.50,8.3294,-82.5712
51006646,202.50,2047.50,9.9730,-169.1387
51010552,101.50,511.50,14.5058,-195.0540
51014458,-404.50,-2047.50,20.0584,-160.7644
51018364,-637.50,-2047.50,22.9397,-93.2428
51022270,-282.50,37.50,20.7358,-57.3302
51026176,141.50,2047.50,11.6243,-112.6099
51030082,112.50,873.50,-3.3347,-146.1249
51033988,-345.50,-2047.50,-6.2528,-155.2527
51037894,-605.50,-2047.50,12.9696,-138.4964
51041800,-355.50,-341.50,31.3899,-70.6664
51045706,144.50,2047.50,29.4883,-76.4442
51049612,166.50,1193.50,19.7986,-89.2401
51053518,-309.50,-2021.50,11.2141,-138.1517
51057424,-658.50,-2047.50,1.9499,-188.7122
51061330,-416.50,-732.50,-2.2920,-106.7179
51065236,84.50,2047.50,0.9452,-57.9087
51069142,208.50,1613.50,8.4870,-5.0594
51073048,-229.50,-1675.50,16.0962,-3.8076
51076954,-628.50,-2047.50,18.1046,-69.5794
51080860,-478.50,-1167.50,13.3604,-51.1978
51084766,47.50,2047.50,9.4034,-44.6964
51088672,224.50,1898.50,12.6274,40.7321
51092578,-175.50,-1381.50,15.4515,64.7736
51096484,-628.50,-2047.50,9.0037,-31.6347
51100390,-512.50,-1518.50,2.4977,-42.1350
51104296,-20.50,1648.50,5.4341,-82.3747
51108202,193.50,2047.50,4.6277,-54.6401
51112108,-134.50,-906.50,-7.2723,2.7330
51116014,-613.50,-2047.50,-17.6387,-5.6155
51119920,-591.50,-1714.50,-20.9972,20.9982
51123826,-125.50,1259.50,-22.6665,-39.8349
51127732,230.50,2047.50,-19.2046,-91.4896
51131638,-16.50,-441.50,1.0826,-72.2352
51135544,-592.50,-2047.50,15.0662,-33.3161
51139450,-596.50,-1918.50,5.1527,28.5774
51143356,-146.50,855.50,0.7817,-32.7016
51147266,214.50,2047.50,6.8776,-123.1162
51151172,16.50,-14.50,10.3729,-120.1136
51155078,-473.50,-2047.50,16.9985,-59.4443
51158984,-591.50,-2047.50,29.9127,14.9217
51162890,-196.50,451.50,39.0901,-26.7141
51166796,226.50,2047.50,37.4189,-124.6590
51170702,80.50,330.50,32.6043,-140.1174
51174608,-437.50,-2047.50,27.6447,-98.6582
51178514,-634.50,-2047.50,21.9899,-23.2100
51182420,-273.50,105.50,18.3607,3.3205
51186326,158.50,2047.50,12.0051,-60.1343
51190232,117.50,747.50,5.2916,-84.3508
51194138,-334.50,-2047.50,15.2387,-77.5393
51198044,-592.50,-2047.50,42.2374,-49.8130
51201950,-266.50,-236.50,67.0386,5.9655
51205856,229.50,2047.50,82.6262,-10.9992
51209762,251.50,1088.50,94.5926,-23.7785
51213668,-186.50,-2047.50,109.4806,-64.9581
51217574,-530.50,-2047.50,124.9024,-107.3797
51221480,-294.50,-584.50,126.9232,-27.6402
51225386,144.50,2047.50,106.3266,20.8603
51229292,254.50,1486.50,76.1909,61.0807
51233198,-204.50,-1760.50,58.9063,43.3944
51237104,-601.50,-2047.50,50.2006,-24.6059
51241010,-400.50,-974.50,43.1415,13.9371
51244916,78.50,2047.50,40.2580,45.1627
51248822,246.50,1845.50,36.5745,126.3577
51252728,-148.50,-1405.50,34.8535,148.7723
51256634,-608.50,-2047.50,31.3534,62.3026
51260540,-490.50,-1356.50,19.6848,48.6627
51264446,16.50,2002.50,11.6119,54.8443
51268352,249.50,2047.50,13.9530,159.5860
51272258,-105.50,-1028.50,18.9006,194.4113
51276164,-550.50,-2047.50,22.5553,93.7841
51280070,-527.50,-1662.50,25.2754,60.1353
51283976,-35.50,1360.50,24.5820,-16.5026
51287882,253.50,2047.50,22.5598,-46.1834
51291788,-53.50,-617.50,19.1536,-11.7953
51295694,-548.50,-2047.50,10.6474,12.1135
51299600,-575.50,-1862.50,2.9050,64.8100
51303506,-112.50,927.50,2.4772,-0.8666
51307412,231.50,2047.50,5.1102,-89.1938
51311318,-16.50,-216.50,2.2223,-86.4286
51315224,-512.50,-2047.50,-6.0840,-36.5739
51319130,-605.50,-2031.50,-8.5893,38.9704
51323036,-161.50,562.50,0.8084,-0.7086
51326942,270.50,2047.50,20.0393,-90.7197
51330848,55.50,234.50,33.4148,-90.1268
51334754,-446.50,-2047.50,25.0141,-34.8423
51338660,-642.50,-2047.50,7.4097,38.7123
51342566,-267.50,225.50,-6.9323,40.7702
51346472,156.50,2047.50,-19.9275,-32.5857
51350378,84.50,624.50,-27.7312,-53.6521
51354284,-383.50,-2047.50,-20.2627,-37.7049
51358190,-661.50,-2047.50,-5.9140,1.3400
51362096,-327.50,-174.50,-4.1697,37.1309
51366002,130.50,2047.50,-12.7991,-6.5180
51369908,115.50,944.50,-21.9169,-25.7427
51373814,-360.50,-2047.50,-26.4607,-50.5581
51377720,-668.50,-2047.50,-24.9136,-64.6476
51381626,-377.50,-525.50,-18.2365,8.5632
51385532,86.50,2047.50,-12.8170,28.3706
51389438,183.50,1266.50,-11.2765,40.2360
51393344,-239.50,-1915.50,0.8507,-8.6265
51397250,-672.50,-2047.50,11.4701,-75.1929
51401156,-542.50,-925.50,-15.3511,-8.1979
51405062,-40.50,2047.50,-67.7164,37.9235
51408968,133.50,1691.50,-96.2215,114.9183
51412874,-254.50,-1539.50,-83.9906,128.9482
51416780,-660.50,-2047.50,-55.3975,50.1564
51420686,-576.50,-1264.50,-42.3965,57.6175
51424592,-70.50,2047.50,-53.4373,78.3783
51428498,147.50,2047.50,-66.3196,199.6155
51432404,-204.50,-1137.50,-65.6938,253.1988
51436310,-654.50,-2047.50,-57.4257,148.5523
51440216,-566.50,-1602.50,-44.3409,92.7669
51444122,-65.50,1505.50,-24.8255,11.5630
51448028,186.50,2047.50,-11.1830,10.0090
51451934,-122.50,-719.50,-14.1152,62.2489
51455840,-612.50,-2047.50,-25.0539,72.4811
51459746,-585.50,-1807.50,-26.4706,102.8130
51463652,-97.50,1062.50,-8.1226,26.3609
51467558,190.50,2047.50,8.8610,-47.6549
51471464,-48.50,-332.50,3.9304,-35.0343
51475370,-544.50,-2047.50,-7.2402,7.2373
51479276,-647.50,-1997.50,-13.0818,71.7699
51483182,-200.50,661.50,-16.4781,16.4231
51487088,187.50,2047.50,-14.8701,-75.5160
51490994,-0.50,59.50,-11.1885,-76.2478
51494900,-512.50,-2047.50,-12.8619,-28.3622
51498806,-652.50,-2047.50,-15.0575,48.5341
51502712,-274.50,275.50,-13.0870,37.8386
51506618,143.50,2047.50,-15.2376,-48.8053
51510524,49.50,464.50,-19.9987,-65.5641
51514430,-452.50,-2047.50,-18.9492,-36.3217
51518336,-687.50,-2047.50,-16.6188,20.8447
51522242,-349.50,-88.50,-18.9537,51.7086
51526148,98.50,2047.50,-25.8732,-4.8632
51530054,62.50,826.50,-34.4434,-25.6440
51533960,-389.50,-2047.50,-34.5720,-36.6822
51537866,-681.50,-2047.50,-22.1714,-31.2682
51541772,-380.50,-460.50,-7.5467,29.0225
51545678,90.50,2047.50,0.4958,22.2338
51549584,144.50,1152.50,2.2679,25.2701
51553490,-303.50,-2047.50,5.7107,-26.8430
51557396,-655.50,-2047.50,12.0059,-96.7177
51561302,-424.50,-783.50,16.2569,-14.2207
51565208,86.50,2047.50,21.4759,54.4652
51569114,193.50,1569.50,28.0503,123.1584
51573020,-239.50,-1659.50,28.7824,114.5490
51576926,-652.50,-2047.50,20.5591,32.4416
51580832,-528.50,-1148.50,3.9680,55.8181
51584738,-12.50,2047.50,-13.4679,86.8498
51588644,187.50,1919.50,-16.9305,191.0923
51592550,-198.50,-1292.50,-8.6596,219.9863
51596456,-632.50,-2047.50,-2.3133,114.9964
51600362,-559.50,-1522.50,-1.2478,80.4612
51604268,-78.50,1621.50,-5.9748,25.6136
51608174,174.50,2047.50,-14.2850,54.7054
51612080,-141.50,-898.50,-17.9155,109.2473
51615986,-634.50,-2047.50,-18.3913,86.5938
51619892,-619.50,-1761.50,-22.1220,96.1880
51623798,-118.50,1126.50,-20.5633,14.1426
51627704,211.50,2047.50,-6.3257,-49.4747
51631610,-56.50,-474.50,10.2807,-18.6573
51635516,-579.50,-2047.50,13.1662,26.9877
51639422,-632.50,-1949.50,3.3025,88.0372
51643328,-175.50,757.50,-1.4682,25.0262
51647234,217.50,2047.50,6.9956,-65.3267
51651140,-0.50,-80.50,18.7670,-60.7435
51655046,-512.50,-2047.50,20.2764,-13.0970
51658952,-622.50,-2047.50,18.3931,60.1381
51662858,-192.50,396.50,28.6877,36.9076
51666764,199.50,2047.50,41.2533,-46.7794
51670670,71.50,331.50,41.0923,-55.5828
51674576,-451.50,-2047.50,32.3778,-22.9335
51678482,-661.50,-2047.50,21.9403,38.6735
51682388,-312.50,29.50,11.8125,58.7810
51686294,144.50,2047.50,3.4173,-3.8657
51690200,106.50,702.50,2.8517,-25.0144
51694106,-380.50,-2047.50,12.8527,-29.1325
51698012,-694.50,-2047.50,17.5098,-9.4701
51701918,-390.50,-354.50,5.3206,42.3457
51705824,112.50,2047.50,-6.7441,20.1319
51709730,123.50,1039.50,-5.8010,15.5201
51713636,-337.50,-2047.50,0.1778,-25.3082
51717542,-658.50,-2047.50,8.1945,-71.7502
51721448,-388.50,-701.50,22.0296,3.0057
51725354,70.50,2047.50,31.3525,45.6360
51729260,176.50,1415.50,25.9569,92.1559
51733166,-223.50,-1790.50,25.1678,66.0883
51737072,-623.50,-2047.50,38.4395,-12.8238
51740978,-449.50,-1026.50,46.7725,36.3627
51744884,45.50,2047.50,43.2338,87.1558
51748790,215.50,1823.50,36.3457,184.5141
51752696,-159.50,-1382.50,36.5005,206.4430
51756602,-592.50,-2047.50,44.5155,110.6266
51760508,-472.50,-1390.50,53.1283,89.9077
51764414,19.50,1915.50,58.9678,84.6462
51768320,258.50,2047.50,60.8080,180.8090
51772226,-72.50,-917.50,62.8089,239.5236
51776132,-556.50,-2047.50,64.5705,171.7643
51780038,-536.50,-1660.50,58.0461,134.6318
51783944,-40.50,1361.50,48.7594,46.4878
51787850,243.50,2047.50,44.6918,17.6323
51791756,-64.50,-548.50,37.9853,53.0724
51795662,-549.50,-2047.50,25.8170,72.2359
51799568,-585.50,-1890.50,19.0938,106.5875
51803474,-157.50,883.50,15.8279,24.1257
51807380,193.50,2047.50,6.1048,-63.6638
51811286,-14.50,-181.50,-1.9162,-50.5485
51815192,-516.50,-2047.50,-0.1949,1.0997
51819098,-635.50,-2047.50,4.0147,66.2587
51823004,-232.50,490.50,2.0111,15.5722
51826910,159.50,2047.50,-8.0252,-77.5912
51830816,15.50,192.50,-17.8751,-78.4738
51834722,-474.50,-2047.50,-17.9029,-35.3698
51838628,-682.50,-2047.50,-13.5369,36.5191
51842534,-354.50,111.50,-23.2839,42.8623
51846440,112.50,2047.50,-43.7446,-35.0342
51850346,32.50,582.50,-51.9252,-54.5936
51854252,-463.50,-2047.50,-48.6080,-42.0069
51858158,-776.50,-2047.50,-55.2635,-3.0358
51862064,-462.50,-310.50,-79.0203,31.0691
51865970,-61.50,2047.50,-112.6907,-22.5540
51869876,-93.50,862.50,-154.1922,-42.4300
51873782,-586.50,-2047.50,-192.7740,-73.5635
51877688,-942.50,-2047.50,-220.6132,-84.4875
51881594,-758.50,-849.50,-253.4925,-36.1811
51885500,-385.50,2047.50,-312.9281,-68.2195
51889406,-421.50,925.50,-403.2329,-83.1864
51893312,-932.50,-2047.50,-501.1813,-176.7652
51897218,-1371.50,-2047.50,-581.9018,-235.8102
51901124,-1276.50,-1434.50,-649.3808,-149.6411
51905030,-829.50,1050.50,-713.4942,-301.3344
51908936,-716.50,815.50,-762.9143,-551.3293
51912842,-1091.50,-2047.50,-780.7470,-663.4955
51916748,-1515.50,-2047.50,-768.8649,-532.5962
51920654,-1454.50,-1823.50,-758.6081,-242.3185
51924560,-972.50,576.50,-769.4554,-327.9080
51928466,-728.50,823.50,-776.1558,-641.5336
51932372,-1024.50,-2047.50,-750.5801,-824.0321
51936278,-1517.50,-2047.50,-710.5200,-709.6250
51940184,-1434.50,-2031.50,-684.4825,-329.4555
51944090,-911.50,273.50,-657.2663,-296.5346
51947996,-608.50,941.50,-614.7950,-575.8543
51951902,-925.50,-1872.50,-578.1899,-789.6930
51955808,-1377.50,-2047.50,-559.1013,-731.5938
51959714,-1359.50,-2047.50,-536.7710,-331.7373
51963620,-832.50,-30.50,-490.8255,-204.7386
51967526,-444.50,1101.50,-425.2480,-449.4858
51971432,-660.50,-1391.50,-361.8513,-651.4272
51975338,-1103.50,-2047.50,-312.5993,-599.4365
51979244,-1236.50,-2047.50,-279.5911,-240.3039
51983150,-777.50,-288.50,-264.6020,-101.5872
51987056,-361.50,1333.50,-249.2945,-305.4334
51990962,-557.50,-893.50,-230.2524,-460.0861
51994868,-1056.50,-2047.50,-223.8486,-427.1212
51998774,-1202.50,-2047.50,-220.2301,-156.4278
52002680,-805.50,-581.50,-204.9709,-36.7662
52006586,-333.50,1401.50,-178.9372,-221.0339
52010492,-399.50,-418.50,-143.9814,-346.9366
52014398,-881.50,-2047.50,-108.0598,-319.1160
52018304,-1112.50,-2047.50,-81.9283,-112.2234
52022210,-750.50,-892.50,-63.1944,-1.4050
52026116,-264.50,1350.50,-42.4832,-170.1801
52030022,-264.50,-56.50,-18.0394,-293.0163
52033928,-698.50,-2047.50,11.1774,-287.5857
52037834,-1004.50,-2047.50,41.7316,-129.5259
52041740,-733.50,-1152.50,58.8820,6.6994
52045646,-257.50,1295.50,58.6326,-106.1682
52049552,-186.50,388.50,54.3124,-189.7406
52053458,-653.50,-2047.50,54.6084,-195.2917
52057364,-960.50,-2047.50,63.0018,-121.1677
52061270,-712.50,-1382.50,88.7381,1.7196
52065176,-165.50,1183.50,130.0429,-59.7728
52069082,-6.50,802.50,174.7782,-101.0110
52072988,-419.50,-2047.50,209.7800,-117.2444
52076894,-849.50,-2047.50,221.2979,-130.4682
52080800,-704.50,-1631.50,212.1512,-30.6458
52084706,-175.50,962.50,205.0024,-55.2459
52088612,64.50,1136.50,218.4629,-70.2697
52092518,-304.50,-1992.50,245.3373,-84.7659
52096424,-748.50,-2047.50,264.3250,-151.8451
52100330,-696.50,-1862.50,266.2957,-64.1555
52104236,-144.50,747.50,266.2980,-47.9905
52108142,116.50,1509.50,279.7044,-14.2031
52112048,-200.50,-1479.50,293.3741,63.6824
52115954,-637.50,-2047.50,302.4552,36.1453
52119860,-604.50,-1966.50,322.6455,68.2872
52123766,-106.50,543.50,352.4825,39.2104
52127672,208.50,2032.50,373.8766,106.5514
52131578,-64.50,-941.50,374.4163,289.8613
52135484,-564.50,-2047.50,360.2298,270.5430
52139390,-612.50,-2047.50,350.9126,192.7630
52143296,-186.50,211.50,351.8032,85.8497
52147202,219.50,2047.50,354.4693,88.7751
52151108,48.50,-456.50,362.7802,257.9104
52155014,-446.50,-2047.50,377.2827,283.6206
52158920,-607.50,-2047.50,385.3359,234.2126
52162826,-180.50,-78.50,384.9725,155.7764
52166732,244.50,2047.50,385.4106,137.8324
52170638,153.50,47.50,391.3729,281.8168
52174544,-377.50,-2047.50,396.4445,316.5259
52178450,-623.50,-2047.50,386.0164,255.6677
52182356,-166.50,-335.50,379.4732,197.7798
52186266,271.50,2047.50,399.5872,192.1354
52190172,221.50,412.50,416.3368,314.5672
52194078,-216.50,-2047.50,421.6236,311.0758
52197984,-480.50,-2047.50,438.1889,214.2417
52201890,-225.50,-660.50,449.9146,183.8831
52205796,213.50,2047.50,428.5803,208.7562
52209702,218.50,739.50,383.5345,339.2177
52213608,-182.50,-2047.50,355.5337,305.8945
52217514,-457.50,-2047.50,374.7368,156.4685
52221420,-240.50,-963.50,416.1708,147.4816
52225326,224.50,2047.50,429.7037,223.7221
52229232,339.50,1183.50,413.2084,406.9340
52233138,-105.50,-2047.50,394.4093,373.3883
52237044,-520.50,-2047.50,375.9050,138.8080
52240950,-367.50,-1289.50,351.6316,96.9513
52244856,102.50,1718.50,324.6395,157.9458
52248762,272.50,1616.50,299.4546,333.4572
52252668,-79.50,-1631.50,288.5367,402.6473
52256574,-541.50,-2047.50,290.0620,255.8122
52260480,-488.50,-1583.50,277.9482,183.6597
52264386,-4.50,1378.50,247.7996,147.9781
52268292,225.50,2005.50,220.1030,274.7036
52272198,-120.50,-1188.50,201.9638,424.9162
52276104,-591.50,-2047.50,187.9319,350.8086
52280010,-562.50,-1807.50,178.5176,252.5408
52283916,-44.50,962.50,183.0265,141.1034
52287822,271.50,2047.50,203.0011,169.5560
52291728,-46.50,-740.50,214.9242,309.5797
52295634,-570.50,-2047.50,196.6458,315.3101
52299540,-644.50,-1957.50,159.2407,269.3704
52303446,-200.50,625.50,126.5628,164.8242
52307352,206.50,2047.50,116.7895,144.3789
52311258,-29.50,-320.50,127.2342,249.0660
52315164,-515.50,-2047.50,135.7834,274.4150
52319070,-629.50,-2047.50,140.0101,253.9990
52322976,-210.50,346.50,146.1558,188.1673
52326882,214.50,2047.50,152.4422,168.2130
52330788,60.50,119.50,156.6413,250.7920
52334694,-474.50,-2047.50,149.3950,266.5181
52338600,-656.50,-2047.50,133.0660,241.4467
52342506,-197.50,6.50,138.2456,208.4209
52346412,271.50,2047.50,177.0196,191.3756
52350318,185.50,570.50,213.2767,265.0226
52354224,-341.50,-2047.50,216.1790,274.6750
52358130,-596.50,-2047.50,197.0701,219.0006
52362036,-254.50,-335.50,184.6413,201.3115
52365942,208.50,2047.50,184.1960,205.0588
52369848,226.50,902.50,184.4003,279.0559
52373754,-300.50,-2047.50,177.4174,253.7225
52377660,-655.50,-2047.50,153.7314,147.6653
52381566,-399.50,-714.50,121.4221,149.9361
52385472,102.50,2047.50,99.8914,194.0540
52389378,240.50,1223.50,102.4515,300.0699
52393284,-178.50,-1929.50,132.2577,269.9585
52397190,-593.50,-2047.50,161.0005,122.6558
52401096,-415.50,-1055.50,159.8422,124.1039
52405002,64.50,2047.50,135.3720,198.2409
52408908,270.50,1644.50,116.0480,362.7212
52412814,-130.50,-1519.50,121.8980,397.2052
52416720,-552.50,-2047.50,139.1066,250.4018
52420626,-420.50,-1332.50,150.9130,195.9675
52424532,90.50,2011.50,157.8192,233.4004
52428438,267.50,2047.50,152.0298,428.6986
52432344,-41.50,-1040.50,137.6688,524.1337
52436250,-456.50,-2047.50,144.8904,380.9878
52440156,-398.50,-1584.50,175.7724,261.5841
52444062,117.50,1628.50,204.8594,208.9323
52447968,448.50,2047.50,228.4950,300.0708
52451874,142.50,-512.50,248.9644,387.3460
52455780,-314.50,-2047.50,261.4545,348.5103
52459686,-309.50,-1733.50,275.2834,296.4582
52463592,157.50,1286.50,292.9583,238.6042
52467498,511.50,2047.50,302.3403,261.2850
52471404,255.50,-22.50,298.7610,312.1261
52475310,-217.50,-2047.50,290.4140,313.5352
52479216,-335.50,-1881.50,286.7992,285.8366
52483122,112.50,944.50,284.9167,232.1483
52487028,539.50,2047.50,287.8404,229.0948
52490934,390.50,437.50,301.1817,266.9949
52494840,-84.50,-2047.50,320.0092,284.9994
52498746,-214.50,-2016.50,344.3393,248.9279
52502652,178.50,656.50,369.6783,209.3248
52506558,657.50,2047.50,388.2464,225.0989
52510464,575.50,915.50,403.5050,274.7957
52514370,111.50,-2047.50,419.2231,290.1560
52518276,-115.50,-2047.50,435.7531,221.8679
52522182,240.50,381.50,449.8544,204.7438
52526088,743.50,2047.50,461.6986,255.8135
52529994,715.50,1383.50,470.9122,317.4265
52533900,208.50,-1669.50,465.7626,372.5327
52537806,-85.50,-2047.50,447.8088,339.8291
52541712,176.50,112.50,430.1669,314.3129
52545618,683.50,2047.50,416.2873,325.3452
52549524,734.50,1782.50,406.8735,363.7014
52553430,270.50,-1295.50,398.5630,428.8295
52557336,-105.50,-2047.50,385.3774,408.0476
52561242,84.50,-274.50,364.8077,356.7098
52565148,496.50,2047.50,324.9687,328.3348
52569054,638.50,2047.50,269.4341,364.9104
52572960,173.50,-956.50,224.3212,433.8071
52576866,-235.50,-2047.50,194.5326,408.6274
52580772,-172.50,-828.50,163.6465,317.6136
52584678,281.50,2047.50,115.2193,244.8925
52588584,393.50,2047.50,48.1200,285.4731
52592490,-58.50,-812.50,-30.8937,309.3005
52596396,-538.50,-2047.50,-107.4680,241.1973
52600302,-483.50,-1405.50,-159.4382,162.0636
52604208,-147.50,2047.50,-207.8909,125.5829
52608114,-67.50,2047.50,-307.0174,230.2774
52612020,-478.50,-716.50,-449.6788,222.3745
52615926,-938.50,-2047.50,-561.4645,76.6599
52619832,-954.50,-1760.50,-602.2069,15.6366
52623738,-560.50,1104.50,-612.2223,-75.8440
52627644,-236.50,2047.50,-629.6528,-124.0181
52631550,-457.50,-367.50,-633.9367,-92.2352
52635456,-959.50,-2047.50,-615.4787,-58.4033
52639362,-1008.50,-1961.50,-594.4890,-14.6312
52643268,-559.50,802.50,-575.0023,-61.7772
52647174,-129.50,2047.50,-545.8148,-117.6710
52651080,-259.50,169.50,-496.3618,-89.2021
52654986,-756.50,-2047.50,-440.8897,-34.0654
52658892,-845.50,-2027.50,-398.4101,4.5781
52662798,-387.50,602.50,-355.6740,-9.7369
52666704,76.50,2047.50,-301.6578,-35.9541
52670610,16.50,725.50,-242.7053,-13.1309
52674516,-436.50,-2047.50,-184.8665,22.8832
52678422,-585.50,-2047.50,-129.9445,15.9363
52682328,-160.50,447.50,-71.5306,33.1853
52686234,345.50,2047.50,-7.8483,66.8695
52690140,319.50,1261.50,47.6498,97.3958
52694046,-115.50,-1824.50,87.8925,129.3493
52697952,-369.50,-2047.50,119.9498,101.7867
52701858,-47.50,144.50,146.0136,101.6903
52705764,469.50,2047.50,168.8927,120.2800
52709670,502.50,1726.50,191.4580,155.1831
52713576,80.50,-1375.50,211.8258,235.7933
52717482,-244.50,-2047.50,230.8586,241.1148
52721388,29.50,-175.50,249.1546,209.2257
52725294,558.50,2047.50,271.0301,176.5813
52729200,674.50,2047.50,295.8751,196.6332
52733106,279.50,-948.50,318.0545,286.8718
52737012,-109.50,-2047.50,333.9968,302.5877
52740918,37.50,-512.50,333.9589,253.9262
52744824,549.50,2047.50,319.8936,205.8459
52748730,711.50,2047.50,306.7304,199.0062
52752636,309.50,-582.50,294.9164,219.5045
52756542,-115.50,-2047.50,280.8916,223.7205
52760448,-26.50,-927.50,268.5714,201.0299
52764354,474.50,2047.50,259.3931,179.8283
52768260,688.50,2047.50,249.7807,199.3898
52772166,336.50,-175.50,233.4213,191.2793
52776072,-158.50,-2047.50,208.1683,177.1987
52779978,-128.50,-1253.50,181.4620,158.3690
52783884,327.50,2047.50,161.1389,173.0778
52787790,618.50,2047.50,144.3651,238.2018
52791696,381.50,189.50,137.0900,193.1182
52795602,-101.50,-2047.50,146.4559,124.6109
52799508,-186.50,-1506.50,151.5188,91.7907
52803414,227.50,2047.50,131.5965,166.0818
52807320,611.50,2047.50,103.5566,304.4886
52811226,395.50,544.50,92.6211,228.3441
52815132,-101.50,-2047.50,93.1348,84.8564
52819038,-259.50,-1780.50,86.7548,3.1878
52822944,127.50,1349.50,65.4155,8.1704
52826850,557.50,2047.50,43.2250,70.1670
52830756,399.50,886.50,35.0582,39.1046
52834662,-143.50,-2047.50,24.4284,-10.2687
52838568,-367.50,-1978.50,-3.4849,-70.1781
52842474,7.50,774.50,-32.9477,-88.0489
52846380,417.50,2047.50,-52.0235,-59.2358
52850286,336.50,1251.50,-69.5061,-53.5492
52854192,-139.50,-1839.50,-83.2914,-25.5196
52858098,-380.50,-2047.50,-81.6028,-42.5019
52862004,-111.50,354.50,-76.5811,-56.5990
52865910,354.50,2047.50,-87.2039,-56.7131
52869816,350.50,1616.50,-105.4288,-51.8747
52873722,-112.50,-1519.50,-116.6231,7.9839
52877628,-447.50,-2047.50,-121.3308,20.6858
52881534,-179.50,-81.50,-122.9383,0.7677
52885440,314.50,2047.50,-119.3607,-38.6516
52889346,379.50,1995.50,-115.5599,-26.2534
52893252,-65.50,-1202.50,-119.3932,63.9444
52897158,-435.50,-2047.50,-126.3957,74.2248
52901064,-276.50,-524.50,-134.1156,23.2594
52904970,236.50,2047.50,-143.0240,-40.5631
52908876,406.50,2047.50,-142.6071,-39.8299
52912782,35.50,-838.50,-126.9807,15.0949
52916688,-384.50,-2047.50,-106.7552,28.9649
52920594,-299.50,-920.50,-100.3074,7.6527
52924500,197.50,2047.50,-111.1922,-30.4855
52928406,414.50,2047.50,-123.5785,-18.5778
52932312,112.50,-421.50,-121.3881,-5.7057
52936218,-382.50,-2047.50,-110.0341,-5.1236
52940124,-348.50,-1296.50,-111.4673,-18.3527
52944030,135.50,2047.50,-122.8701,-30.5982
52947936,415.50,2047.50,-129.5958,19.5303
52951842,114.50,-80.50,-133.8991,-7.3031
52955748,-395.50,-2047.50,-144.1508,-59.2550
52959654,-446.50,-1560.50,-162.7894,-73.5979
52963560,18.50,2030.50,-179.2673,-19.9214
52967466,358.50,2047.50,-184.4242,94.7428
52971372,134.50,306.50,-182.3677,34.6212
52975278,-364.50,-2047.50,-179.3366,-79.6638
52979184,-477.50,-1809.50,-178.4859,-128.2602
52983090,-63.50,1291.50,-181.5405,-144.6904
52986996,330.50,2047.50,-186.4573,-127.8413
52990902,183.50,653.50,-187.0501,-157.6570
52994808,-360.50,-2047.50,-188.6657,-172.0106
52998714,-548.50,-2009.50,-202.2742,-186.0845
53002620,-175.50,758.50,-219.2912,-210.2627
53006526,261.50,2047.50,-227.8555,-218.9814
53010432,159.50,1022.50,-230.7673,-224.1450
53014338,-348.50,-2047.50,-236.0096,-209.3975
53018244,-591.50,-2047.50,-242.8203,-226.5120
53022150,-267.50,314.50,-245.3919,-222.9101
53026056,227.50,2047.50,-240.1141,-218.0615
53029962,177.50,1345.50,-232.9011,-220.1664
53033868,-312.50,-1784.50,-237.8800,-189.7697
53037774,-604.50,-2047.50,-247.4705,-181.2646
53041680,-335.50,-104.50,-246.6749,-161.3033
53045586,167.50,2047.50,-238.3209,-177.4789
53049492,239.50,1737.50,-226.1810,-173.1932
53053398,-218.50,-1454.50,-214.3775,-112.2934
53057304,-564.50,-2047.50,-206.1974,-98.5585
53061210,-345.50,-512.50,-196.1130,-102.7047
53065116,151.50,2047.50,-184.8268,-144.0760
53069022,275.50,2047.50,-180.3138,-122.7930
53072928,-142.50,-1092.50,-182.8406,-43.9494
53076834,-575.50,-2047.50,-190.1750,-40.3099
53080740,-442.50,-908.50,-201.1701,-71.9622
53084646,84.50,2047.50,-205.2635,-120.9111
53088552,269.50,2047.50,-199.0212,-103.9914
53092458,-81.50,-713.50,-191.8297,-76.2719
53096364,-559.50,-2047.50,-189.4775,-85.0247
53100270,-489.50,-1288.50,-193.8514,-93.1999
53104176,-15.50,2047.50,-201.2349,-106.2107
53108082,267.50,2047.50,-205.6133,-57.6555
53111988,-16.50,-329.50,-198.0816,-70.0994
53115894,-512.50,-2047.50,-182.2049,-115.9619
53119800,-520.50,-1593.50,-174.0611,-123.5641
53123706,-24.50,1885.50,-169.3450,-112.6634
53127612,272.50,2047.50,-163.8176,-47.7396
53131518,-15.50,27.50,-172.9935,-89.0057
53135424,-512.50,-2047.50,-194.8400,-161.0265
53139330,-602.50,-1844.50,-209.8021,-171.4213
53143236,-180.50,1210.50,-216.5554,-203.9231
53147142,222.50,2047.50,-218.7650,-224.5925
53151048,74.50,405.50,-206.1513,-246.2000
53154954,-445.50,-2047.50,-183.4682,-230.3263
53158860,-594.50,-2025.50,-169.5093,-205.6542
53162766,-191.50,746.50,-164.2843,-231.6114
53166672,253.50,2047.50,-157.3560,-267.7953
53170578,144.50,783.50,-146.0419,-281.3573
53174484,-367.50,-2047.50,-137.3653,-255.7497
53178390,-564.50,-2047.50,-131.3134,-233.7485
53182296,-216.50,313.50,-120.7314,-222.9171
53186202,241.50,2047.50,-111.7170,-246.6064
53190108,201.50,1129.50,-109.8642,-265.2638
53194014,-286.50,-2025.50,-110.5093,-264.3314
53197920,-597.50,-2047.50,-113.5888,-273.8127
53201826,-317.50,-81.50,-122.9794,-226.5873
53205732,185.50,2047.50,-131.3290,-210.4845
53209638,183.50,1488.50,-135.7654,-208.3975
53213544,-220.50,-1679.50,-135.0289,-184.2285
53217450,-584.50,-2047.50,-121.4726,-179.5364
53221356,-370.50,-466.50,-110.8967,-143.5248
53225266,116.50,2047.50,-116.5525,-154.2178
53229172,270.50,1917.50,-120.3076,-128.0647
53233078,-191.50,-1327.50,-113.5275,-64.0006
53236984,-595.50,-2047.50,-113.1721,-73.1595
53240890,-436.50,-866.50,-120.6029,-88.6097
53244796,91.50,2047.50,-120.2488,-124.9222
53248702,256.50,2047.50,-112.5372,-92.7711
53252608,-130.50,-933.50,-109.8313,-44.5726
53256514,-573.50,-2047.50,-113.0913,-60.4506
53260420,-465.50,-1242.50,-111.8836,-75.6113
53264326,51.50,2047.50,-99.7326,-96.8889
53268232,268.50,2047.50,-88.2796,-49.3466
53272138,-58.50,-530.50,-90.3620,-44.5727
53276044,-512.50,-2047.50,-93.2516,-84.8225
53279950,-512.50,-1539.50,-88.6798,-87.0018
53283856,-20.50,2001.50,-84.5042,-66.3553
53287762,305.50,2047.50,-78.4233,13.2998
53291668,10.50,-162.50,-71.7222,-27.7340
53295574,-462.50,-2047.50,-69.6887,-116.9530
53299480,-540.50,-1780.50,-68.7116,-124.1046
53303386,-94.50,1321.50,-71.3430,-147.5856
53307292,270.50,2047.50,-77.5418,-164.8769
53311198,78.50,252.50,-78.3211,-189.5709
53315104,-413.50,-2047.50,-69.5217,-176.6240
53319010,-533.50,-1975.50,-54.7081,-141.7558
53322916,-162.50,862.50,-48.2016,-167.2492
53326822,272.50,2047.50,-55.2789,-211.0988
53330728,160.50,647.50,-55.5092,-231.7504
53334634,-362.50,-2047.50,-45.2209,-201.9425
53338540,-566.50,-2047.50,-41.3380,-168.6601
53342446,-210.50,431.50,-45.1122,-168.6363
53346352,218.50,2047.50,-53.8720,-204.8199
53350258,158.50,997.50,-65.7509,-227.6240
53354164,-313.50,-2047.50,-69.3551,-219.6771
53358070,-594.50,-2047.50,-62.7153,-213.2410
53361976,-246.50,55.50,-51.2521,-166.8322
53365882,257.50,2047.50,-30.5828,-158.7224
53369788,295.50,1425.50,-2.5841,-158.5799
53373694,-197.50,-1775.50,17.2029,-128.8688
53377600,-617.50,-2047.50,4.4020,-125.3074
53381506,-373.50,-376.50,-39.8984,-102.9232
53385412,125.50,2047.50,-76.6623,-126.5735
53389318,178.50,1700.50,-93.4462,-126.9315
53393224,-292.50,-1519.50,-110.7768,-100.7040
53397130,-685.50,-2047.50,-131.8754,-110.6857
53401036,-490.50,-776.50,-142.4341,-85.7182
53404942,35.50,2047.50,-135.5224,-95.7442
53408848,223.50,2047.50,-115.6191,-50.0355
53412754,-154.50,-1116.50,-89.4169,13.0333
53416660,-575.50,-2047.50,-64.3047,-11.3893
53420566,-512.50,-1160.50,-55.2971,-37.3297
53424472,15.50,2047.50,-64.3742,-67.2112
53428378,263.50,2047.50,-67.7679,-21.5167
53432284,-76.50,-687.50,-56.4561,2.3457
53436190,-552.50,-2047.50,-44.5552,-28.2892
53440096,-514.50,-1466.50,-39.8117,-31.8120
53444002,-30.50,2047.50,-39.4662,-20.4052
53447908,253.50,2047.50,-43.0221,55.2474
53451814,-24.50,-300.50,-47.8822,26.6628
53455720,-491.50,-2047.50,-43.0264,-53.6769
53459626,-526.50,-1722.50,-26.9199,-59.8812
53463532,-59.50,1439.50,-11.3347,-87.3106
53467438,282.50,2047.50,-5.4135,-100.5548
53471344,67.50,87.50,-6.8533,-126.9922
53475250,-405.50,-2047.50,-1.9275,-124.4478
53479156,-512.50,-1919.50,14.9760,-84.5644
53483062,-63.50,983.50,35.0220,-105.1233
53486968,343.50,2047.50,51.7970,-148.5530
53490874,186.50,495.50,61.3777,-176.1089
53494780,-368.50,-2047.50,55.1976,-151.1060
53498686,-606.50,-2047.50,25.3327,-112.9237
53502592,-256.50,491.50,-19.4828,-131.4206
53506498,104.50,2047.50,-69.9086,-187.9523
53510404,-54.50,777.50,-132.2634,-220.2005
53514310,-574.50,-2047.50,-195.7331,-210.7071
53518216,-886.50,-2047.50,-243.1088,-176.1698
53522122,-596.50,-97.50,-281.3250,-159.3773
53526028,-261.50,2047.50,-333.9237,-223.0667
53529934,-339.50,847.50,-413.5683,-286.1857
53533840,-924.50,-2047.50,-503.0517,-338.7961
53537746,-1305.50,-2047.50,-585.6938,-318.5786
53541652,-1092.50,-819.50,-653.6635,-254.9515
53545558,-664.50,2047.50,-705.8227,-315.8495
53549464,-575.50,921.50,-737.8386,-361.7028
53553370,-975.50,-2047.50,-729.0503,-437.6893
53557276,-1360.50,-2047.50,-690.3211,-448.1477
53561182,-1150.50,-1299.50,-658.1736,-324.8504
53565088,-592.50,1394.50,-631.0473,-421.2976
53568994,-400.50,1155.50,-586.4717,-570.9129
53572900,-776.50,-2047.50,-528.1351,-636.3924
53576806,-1138.50,-2047.50,-469.7861,-580.8166
53580712,-943.50,-1585.50,-409.4635,-360.8751
53584618,-432.50,1175.50,-351.2044,-368.2148
53588524,-149.50,1712.50,-301.3823,-443.6880
53592430,-445.50,-1601.50,-245.2908,-411.3637
53596336,-810.50,-2047.50,-172.8799,-361.5298
53600242,-707.50,-1800.50,-94.5863,-234.9820
53604148,-134.50,1014.50,-21.1686,-280.8796
53608054,185.50,2047.50,46.6972,-330.8525
53611960,-86.50,-972.50,103.4159,-229.5806
53615866,-491.50,-2047.50,151.1043,-153.5405
53619772,-516.50,-1860.50,193.6296,-76.9597
53623678,14.50,953.50,226.1463,-120.1312
53627584,411.50,2047.50,263.8576,-174.8797
53631490,198.50,-335.50,312.1887,-123.4386
53635396,-272.50,-2047.50,352.9666,-58.8536
53639302,-341.50,-1952.50,379.8867,2.7227
53643208,111.50,862.50,397.9644,-14.0703
53647114,508.50,2047.50,410.1354,-41.3134
53651020,402.50,256.50,427.0865,-14.0637
53654926,-50.50,-2047.50,462.7299,24.9307
53658832,-209.50,-2032.50,503.3457,45.6336
53662738,188.50,717.50,524.7238,48.1135
53666644,614.50,2047.50,525.5823,63.2459
53670550,559.50,795.50,524.1953,87.1942
53674456,64.50,-2047.50,533.0922,94.4762
53678362,-157.50,-2047.50,543.0522,63.9881
53682268,169.50,407.50,543.5064,73.2255
53686174,623.50,2047.50,532.9982,110.1929
53690080,587.50,1225.50,515.6251,136.5975
53693986,69.50,-1845.50,492.4817,150.7141
53697892,-192.50,-2047.50,470.2055,119.3637
53701798,65.50,49.50,459.4539,130.4908
53705704,559.50,2047.50,453.0122,154.3580
53709610,577.50,1623.50,441.5204,182.7272
53713516,112.50,-1517.50,422.5736,222.3321
53717422,-248.50,-2047.50,400.6884,201.1617
53721328,-24.50,-341.50,384.6869,190.6660
53725234,439.50,2047.50,371.1806,182.4781
53729140,564.50,2047.50,354.0619,235.9270
53733046,137.50,-1135.50,339.2426,325.6823
53736952,-253.50,-2047.50,331.0426,302.6949
53740858,-126.50,-729.50,323.7998,240.3108
53744764,385.50,2047.50,313.9551,198.2872
53748670,551.50,2047.50,303.2735,230.8906
53752576,146.50,-751.50,285.7879,270.2487
53756482,-303.50,-2047.50,259.7282,248.5453
53760388,-241.50,-1148.50,235.0339,211.2826
53764294,235.50,2047.50,214.7480,188.6165
53768200,478.50,2047.50,196.9176,243.4923
53772106,170.50,-373.50,185.4106,249.1266
53776012,-280.50,-2047.50,186.4945,202.9411
53779918,-324.50,-1471.50,187.6476,173.0411
53783824,144.50,2047.50,172.4181,194.3130
53787730,434.50,2047.50,148.8702,297.0528
53791636,158.50,-73.50,126.2563,254.0602
53795542,-382.50,-2047.50,99.4486,136.7625
53799448,-515.50,-1779.50,58.3607,88.2231
53803354,-128.50,1245.50,2.6415,39.4240
53807260,177.50,2047.50,-58.0672,25.9852
53811166,-79.50,130.50,-119.1918,-4.7648
53815072,-654.50,-2047.50,-182.2700,-29.7322
53818978,-808.50,-2047.50,-239.0384,-18.9225
53822884,-512.50,487.50,-287.9122,-87.3406
53826790,-143.50,2047.50,-343.9472,-176.0088
53830696,-311.50,314.50,-399.8363,-193.6967
53834602,-845.50,-2047.50,-441.8396,-170.1243
53838508,-1090.50,-2047.50,-473.0610,-100.5496
53842414,-720.50,-111.50,-490.6366,-99.7551
53846320,-249.50,2047.50,-485.0512,-206.5184
53850226,-374.50,542.50,-475.2339,-249.0984
53854132,-1026.50,-2047.50,-513.0634,-247.0649
53858038,-1344.50,-2047.50,-602.5255,-184.1801
53861944,-955.50,-596.50,-663.0381,-126.0962
53865850,-475.50,2047.50,-649.2688,-200.0634
53869756,-512.50,754.50,-617.6977,-239.6248
53873662,-976.50,-2047.50,-612.5296,-286.5542
53877568,-1269.50,-2047.50,-607.3437,-274.4725
53881474,-969.50,-940.50,-574.3687,-159.8175
53885380,-466.50,2047.50,-526.8207,-150.1284
53889286,-376.50,1152.50,-492.1695,-130.9001
53893192,-808.50,-2047.50,-473.9525,-204.2765
53897098,-1169.50,-2047.50,-456.9021,-296.8232
53901004,-961.50,-1261.50,-431.6747,-198.4491
53904910,-465.50,1687.50,-406.0395,-175.2374
53908816,-260.50,1555.50,-384.4125,-161.6942
53912722,-634.50,-1711.50,-354.8393,-169.7700
53916628,-1064.50,-2047.50,-321.6756,-211.6295
53920534,-912.50,-1546.50,-294.3127,-127.2381
53924440,-307.50,1499.50,-252.4428,-126.0087
53928346,-47.50,2035.50,-186.9441,-82.1431
53932252,-392.50,-1232.50,-129.0687,-2.7881
53936158,-831.50,-2047.50,-96.4277,-32.4415
53940064,-734.50,-1743.50,-68.3838,-20.1866
53943970,-205.50,1143.50,-28.6100,-85.1362
53947876,115.50,2047.50,14.0429,-121.4574
53951782,-128.50,-692.50,53.3543,-59.8799
53955688,-588.50,-2047.50,93.7570,-17.5968
53959594,-623.50,-1881.50,127.2916,39.4364
53963500,-118.50,929.50,148.3647,-2.3192
53967406,235.50,2047.50,164.5141,-55.4023
53971312,43.50,-120.50,181.1019,-22.2565
53975218,-431.50,-2047.50,204.4179,31.0826
53979124,-544.50,-2026.50,229.2919,75.2489
53983030,-80.50,670.50,246.2534,33.0137
53986936,349.50,2047.50,262.9442,-16.4355
53990842,239.50,388.50,288.8555,12.5269
53994748,-253.50,-2047.50,321.2348,63.4895
53998654,-408.50,-2047.50,349.8777,91.1836
54002560,11.50,478.50,373.6676,94.8796
54006466,485.50,2047.50,397.4984,89.3721
54010372,446.50,831.50,424.3583,97.0549
54014278,-58.50,-2047.50,450.1766,91.5908
54018184,-296.50,-2047.50,464.3065,67.6093
54022090,61.50,191.50,470.8764,105.2184
54025996,539.50,2047.50,477.0937,147.3079
54029902,561.50,1331.50,483.4307,178.1078
54033808,78.50,-1785.50,491.9715,198.1467
54037714,-276.50,-2047.50,490.3943,166.7442
54041620,23.50,-122.50,475.0471,181.9555
54045526,499.50,2047.50,460.5584,204.6404
54049432,546.50,1718.50,444.1386,237.0248
54053338,95.50,-1429.50,424.4849,275.6659
54057244,-296.50,-2047.50,408.7815,247.8850
54061150,-142.50,-533.50,386.1701,230.3566
54065056,318.50,2047.50,344.4387,215.8051
54068962,401.50,2047.50,288.4476,268.2656
54072868,-59.50,-1106.50,229.6719,331.6464
54076774,-512.50,-2047.50,177.7302,286.9706
54080680,-420.50,-1008.50,134.6300,221.9425
54084586,55.50,2047.50,95.6139,180.7589
54088492,269.50,2047.50,65.1269,238.7630
54092398,-156.50,-835.50,42.6122,260.6982
54096304,-632.50,-2047.50,15.3339,190.4755
54100210,-636.50,-1455.50,-20.6160,143.3623
54104116,-168.50,2047.50,-63.1354,141.0631
54108022,94.50,2047.50,-100.8629,245.6992
54111928,-175.50,-538.50,-114.0047,236.6194
54115834,-734.50,-2047.50,-112.2835,119.7555
54119740,-862.50,-1732.50,-141.9976,82.7012
54123646,-431.50,1189.50,-211.6121,11.4426
54127552,-105.50,2047.50,-275.3466,-36.6589
54131458,-322.50,-242.50,-299.8563,-40.0260
54135364,-853.50,-2047.50,-294.1527,-24.4935
54139270,-971.50,-1972.50,-289.4047,23.5354
54143176,-557.50,699.50,-298.9156,-30.1144
54147082,-173.50,2047.50,-314.4949,-114.5452
54150988,-329.50,112.50,-322.2149,-121.5205
54154894,-840.50,-2047.50,-315.7780,-82.0968
54158800,-1028.50,-2047.50,-306.6359,-12.8122
54162706,-607.50,331.50,-299.6669,-16.2475
54166612,-130.50,2047.50,-281.2980,-86.2496
54170518,-177.50,576.50,-243.8224,-93.6668
54174424,-655.50,-2047.50,-196.4955,-59.9379
54178330,-927.50,-2047.50,-163.0539,-17.4532
54182236,-488.50,99.50,-141.0893,25.6711
54186142,16.50,2047.50,-101.7017,11.4698
54190048,59.50,1068.50,-46.8626,12.2582
54193954,-335.50,-2026.50,17.5904,9.9409
54197860,-621.50,-2047.50,87.2995,-18.0907
54201766,-261.50,-29.50,147.3652,57.4429
54205672,253.50,2047.50,196.5061,133.1128
54209578,343.50,1605.50,232.9357,172.0238
54213484,-91.50,-1519.50,258.9929,206.6211
54217390,-420.50,-2047.50,283.6562,189.8808
54221296,-176.50,-288.50,309.7539,207.7583
54225202,346.50,2047.50,332.8853,224.1006
54229108,511.50,2047.50,351.3557,263.6743
54233014,111.50,-1030.50,371.0051,339.4174
54236920,-228.50,-2047.50,399.8769,332.9729
54240826,-62.50,-637.50,438.5857,291.1352
54244732,502.50,2047.50,476.5277,257.2107
54248638,709.50,2047.50,506.3827,264.8306
54252544,345.50,-468.50,522.8346,309.8950
54256450,-65.50,-2047.50,532.0957,343.2520
54260356,29.50,-968.50,546.9518,326.3553
54264266,511.50,2047.50,557.6293,291.5352
54268172,798.50,2047.50,554.9586,298.8868
54272078,427.50,-124.50,541.2304,280.2544
54275984,-57.50,-2047.50,515.2026,267.4131
54279890,-52.50,-1263.50,489.7059,261.0401
54283796,419.50,2047.50,475.3047,290.0427
54287702,739.50,2047.50,464.1434,355.0846
54291608,473.50,267.50,451.6736,299.6640
54295514,7.50,-2047.50,445.5202,230.7935
54299420,-105.50,-1524.50,444.0713,200.7086
54303326,347.50,2047.50,432.8601,279.9196
54307232,714.50,2047.50,414.4278,420.0928
54311138,493.50,634.50,393.6493,340.6289
54315044,-31.50,-2047.50,367.8582,199.1327
54318950,-174.50,-1791.50,344.8998,116.4770
54322856,257.50,1327.50,336.1652,120.5374
54326762,639.50,2047.50,332.7092,180.3751
54330668,549.50,991.50,323.3013,150.8949
54334574,25.50,-1868.50,316.1603,139.5893
54338480,-213.50,-1967.50,306.7236,124.3598
54342386,149.50,833.50,289.4434,108.3206
54346292,581.50,2047.50,270.1436,111.0318
54350198,493.50,1390.50,243.6078,94.0768
54354104,-6.50,-1615.50,211.3986,146.6330
54358010,-271.50,-2047.50,191.1977,166.8735
54361916,16.50,399.50,186.0002,137.4787
54365822,465.50,2047.50,175.2936,101.5856
54369728,495.50,1759.50,153.3604,89.2646
54373634,12.50,-1314.50,134.8703,173.9538
54377540,-360.50,-2047.50,118.4512,214.0898
54381446,-102.50,-15.50,100.9283,180.7095
54385352,357.50,2047.50,85.6937,120.6645
54389258,469.50,2047.50,69.9658,107.7971
54393164,74.50,-998.50,67.2262,193.5427
54397070,-383.50,-2047.50,72.3355,227.3342
54400976,-239.50,-437.50,54.3729,184.8981
54404882,254.50,2047.50,19.8054,121.2037
54408788,427.50,2047.50,-5.4597,95.7006
54412694,39.50,-607.50,-14.5767,132.8099
54416600,-402.50,-2047.50,-14.8595,170.8860
54420506,-289.50,-864.50,-12.5788,157.1610
54424412,207.50,2047.50,-8.6687,112.3913
54428318,450.50,2047.50,-6.7869,105.3370
54432224,80.50,-273.50,-12.8732,97.3959
54436130,-385.50,-2047.50,-26.5584,100.4480
54440036,-383.50,-1263.50,-40.7184,90.3637
54443942,112.50,2047.50,-50.9576,85.9731
54447848,445.50,2047.50,-49.5952,134.8253
54451754,135.50,97.50,-40.9188,104.0741
54455660,-397.50,-2047.50,-48.2148,61.2374
54459566,-440.50,-1536.50,-70.3530,39.6605
54463472,49.50,1993.50,-79.6773,82.6495
54467378,363.50,2047.50,-77.3466,187.9074
54471284,167.50,429.50,-81.9982,123.4766
54475190,-309.50,-2047.50,-80.6770,13.7895
54479096,-456.50,-1795.50,-68.7978,-40.1758
54483002,-68.50,1242.50,-70.9584,-58.8479
54486908,337.50,2047.50,-90.8679,-43.3976
54490814,208.50,745.50,-105.5206,-74.3309
54494720,-293.50,-2047.50,-103.1925,-89.6444
54498626,-512.50,-1987.50,-97.6096,-110.0022
54502532,-100.50,733.50,-95.1487,-125.5577
54506438,347.50,2047.50,-86.6539,-123.5219
54510344,279.50,1135.50,-76.5241,-124.6352
54514250,-233.50,-1856.50,-74.2868,-81.3867
54518156,-517.50,-2047.50,-82.5379,-70.2974
54522062,-192.50,255.50,-95.6982,-91.3194
54525968,310.50,2047.50,-99.4290,-130.2754
54529874,297.50,1383.50,-93.4369,-151.1480
54533780,-193.50,-1654.50,-92.8172,-113.4428
54537686,-552.50,-2047.50,-105.1494,-85.7614
54541592,-271.50,-197.50,-120.7262,-73.2637
54545498,231.50,2047.50,-124.6791,-111.9621
54549404,333.50,1699.50,-115.7518,-121.3835
54553310,-162.50,-1349.50,-109.2654,-67.9213
54557216,-591.50,-2047.50,-125.7813,-40.6757
54561122,-366.50,-619.50,-152.9279,-39.5342
54565028,146.50,2047.50,-160.8525,-89.4074
54568934,312.50,2047.50,-151.7984,-63.3656
54572840,-93.50,-975.50,-139.2246,25.0547
54576746,-524.50,-2047.50,-129.1577,37.9752
54580652,-399.50,-988.50,-124.0550,-0.9211
54584558,121.50,2047.50,-120.5559,-59.0055
54588464,320.50,2047.50,-120.2885,-35.3696
54592370,-54.50,-616.50,-129.2193,-4.6796
54596276,-472.50,-2047.50,-133.2383,-15.4882
54600182,-468.50,-1375.50,-125.6316,-36.3325
54604088,16.50,2047.50,-128.6349,-54.9408
54607994,318.50,2047.50,-140.6946,8.6828
54611900,56.50,-297.50,-136.6211,-5.4816
54615806,-442.50,-2047.50,-116.0928,-71.3677
54619712,-485.50,-1660.50,-102.4988,-89.4033
54623618,16.50,1296.50,-99.4188,-161.1261
54627524,393.50,2047.50,-88.0953,-217.4793
54631430,93.50,33.50,-78.5904,-224.9181
54635336,-457.50,-2047.50,-98.0620,-181.7989
54639242,-581.50,-1903.50,-136.5345,-135.1632
54643148,-132.50,807.50,-163.7574,-198.2040
54647054,266.50,2047.50,-170.3936,-287.7663
54650960,155.50,373.50,-157.3090,-298.7097
54654866,-320.50,-2047.50,-121.9793,-238.5218
54658772,-527.50,-2032.50,-85.7927,-181.7044
54662678,-191.50,511.50,-84.9351,-190.7173
54666584,278.50,2047.50,-111.5735,-238.0629
54670490,193.50,845.50,-126.2484,-238.0076
54674396,-306.50,-2045.50,-120.1927,-196.1028
54678302,-574.50,-2047.50,-111.7691,-179.4467
54682208,-224.50,271.50,-109.7919,-150.2884
54686114,271.50,2047.50,-106.0067,-141.2499
54690020,275.50,1234.50,-93.4450,-144.6687
54693926,-226.50,-1666.50,-79.9464,-103.5639
54697832,-536.50,-2047.50,-74.4633,-61.5956
54701738,-242.50,-63.50,-71.0776,-31.0932
54705644,193.50,2047.50,-74.7679,-57.5539
54709550,263.50,1633.50,-95.0392,-71.6578
54713456,-208.50,-1327.50,-114.3589,-16.8831
54717362,-591.50,-2047.50,-123.6351,24.6053
54721268,-393.50,-399.50,-131.3433,39.1912
54725174,135.50,2047.50,-135.9733,2.7528
54729080,290.50,2047.50,-129.3765,18.2487
54732986,-132.50,-954.50,-114.8438,102.7740
54736892,-557.50,-2047.50,-105.1612,122.0018
54740798,-444.50,-778.50,-107.8644,82.0739
54744704,69.50,2047.50,-119.6197,25.5362
54748610,279.50,2047.50,-128.4079,32.6065
54752516,-89.50,-606.50,-128.3506,59.7203
54756422,-516.50,-2047.50,-118.0812,60.0325
54760328,-429.50,-1140.50,-95.8634,49.0142
54764234,54.50,2047.50,-74.9424,39.2459
54768140,323.50,2047.50,-70.7086,79.2919
54772046,-62.50,-219.50,-88.3015,63.7730
54775952,-549.50,-2047.50,-121.2579,27.1770
54779858,-536.50,-1424.50,-141.4900,19.4441
54783764,-53.50,1870.50,-136.2654,33.5100
54787670,301.50,2047.50,-120.1047,82.9567
54791576,79.50,96.50,-98.1263,28.8505
54795482,-421.50,-2047.50,-72.5460,-40.4934
54799388,-512.50,-1664.50,-55.9199,-44.7491
54803294,-53.50,1302.50,-51.2777,-45.2642
54807200,304.50,2047.50,-54.6785,-52.0709
54811106,129.50,465.50,-63.2732,-95.6307
54815012,-354.50,-2047.50,-62.3761,-104.8747
54818918,-539.50,-1865.50,-51.8574,-90.1747
54822824,-143.50,879.50,-51.3870,-86.2374
54826730,286.50,2047.50,-61.0197,-98.1237
54830636,192.50,815.50,-64.9235,-132.5915
54834542,-314.50,-1992.50,-57.8087,-131.7350
54838448,-534.50,-2034.50,-47.0217,-130.4668
54842354,-175.50,461.50,-38.0372,-126.0240
54846260,263.50,2047.50,-36.8162,-127.5499
54850166,192.50,1147.50,-51.7106,-139.2904
54854072,-330.50,-1734.50,-79.4561,-109.5328
54857978,-625.50,-2047.50,-105.5927,-76.4825
54861884,-342.50,67.50,-120.6375,-54.1548
54865790,129.50,2047.50,-130.5136,-78.0789
54869696,178.50,1453.50,-138.1037,-105.8076
54873602,-271.50,-1441.50,-134.1364,-77.0368
54877508,-613.50,-2047.50,-118.8168,-34.8904
54881414,-396.50,-305.50,-106.4800,-1.6978
54885320,80.50,2047.50,-110.1653,-28.3584
54889226,199.50,1813.50,-124.1362,-36.0679
54893132,-216.50,-1135.50,-128.7001,5.6135
54897038,-587.50,-2047.50,-115.2241,23.9009
54900944,-440.50,-681.50,-95.7348,27.0734
54904850,54.50,2047.50,-88.8972,-0.9626
54908756,247.50,2047.50,-92.9355,20.9776
54912662,-108.50,-804.50,-88.9381,59.8086
54916568,-478.50,-2047.50,-61.7645,45.8617
54920474,-434.50,-1077.50,-26.3635,20.2487
54924380,39.50,2047.50,-19.1785,1.4772
54928286,246.50,2047.50,-44.0376,45.3191
54932192,-64.50,-454.50,-72.7514,43.0326
54936098,-492.50,-2047.50,-76.2957,-1.7127
54940004,-463.50,-1364.50,-52.3899,-9.0002
54943910,-26.50,1968.50,-32.5921,20.0970
54947816,283.50,2047.50,-35.9809,90.3479
54951722,64.50,-114.50,-38.5487,40.2605
54955628,-410.50,-2047.50,-20.1221,-49.7193
54959534,-463.50,-1637.50,3.7144,-61.3389
54963440,-63.50,1296.50,9.8817,-79.3357
54967346,271.50,2047.50,-9.2026,-101.9861
54971252,73.50,188.50,-35.6056,-144.6788
54975158,-394.50,-2047.50,-44.2226,-154.7124
54979064,-516.50,-1901.50,-32.0123,-127.6237
54982970,-129.50,777.50,-18.2999,-150.9735
54986876,267.50,2047.50,-18.1494,-200.9822
54990782,153.50,511.50,-22.7221,-226.6352
54994688,-271.50,-2047.50,-9.2339,-210.5983
54998594,-447.50,-2047.50,27.8779,-182.8908
55002500,-114.50,391.50,59.9282,-177.5517
55006406,307.50,2047.50,62.8162,-201.2274
55010312,148.50,886.50,31.8294,-208.9446
55014218,-366.50,-2047.50,-27.1027,-207.3408
55018124,-580.50,-2047.50,-72.9579,-209.7721
55022030,-254.50,103.50,-71.8539,-154.3770
55025936,182.50,2047.50,-50.3553,-120.5408
55029842,235.50,1234.50,-35.6752,-126.1859
55033748,-146.50,-1680.50,-8.1814,-124.3450
55037654,-470.50,-2047.50,35.0235,-106.3379
55041560,-233.50,-232.50,60.8091,-48.8836
55045466,197.50,2047.50,53.5751,-41.6831
55049372,264.50,1653.50,24.7973,-41.0517
55053278,-72.50,-1266.50,12.7804,-2.0455
55057184,-429.50,-2047.50,39.8682,25.0345
55061090,-282.50,-582.50,68.5012,42.7497
55064996,141.50,2047.50,59.8604,14.8106
55068902,311.50,2047.50,28.4537,43.5138
55072808,-18.50,-922.50,18.4870,111.3594
55076714,-409.50,-2047.50,41.1085,107.1217
55080620,-334.50,-925.50,62.4917,74.5135
55084526,65.50,2047.50,49.1029,45.0765
55088432,256.50,2047.50,4.0455,76.2929
55092338,-10.50,-541.50,-27.6198,90.0664
55096244,-390.50,-2047.50,-10.5773,65.2829
55100150,-382.50,-1276.50,28.6823,49.8165
55104056,14.50,2047.50,37.5729,59.4160
55107962,225.50,2047.50,1.3162,127.4676
55111868,-36.50,-225.50,-48.5207,91.6666
55115774,-416.50,-2047.50,-63.8943,8.6376
55119680,-399.50,-1277.50,-28.1925,38.2699
55123586,-66.50,1902.50,8.6653,161.7018
55127492,145.50,2047.50,-17.6934,243.7633
55131398,-32.50,-360.50,-84.4553,33.4594
55135304,-367.50,-2047.50,-102.0822,-237.7026
55139210,-367.50,-1457.50,-36.2147,-186.2931
55143116,-113.50,1399.50,33.8574,51.7200
55147022,135.50,2047.50,13.8468,151.9463
55150928,-32.50,-40.50,-70.9264,-45.5163
55154834,-386.50,-2047.50,-121.3358,-284.3998
55158740,-476.50,-1727.50,-92.7548,-248.3004
55162646,-213.50,930.50,-42.0064,-46.0309
55166552,113.50,2047.50,-42.6335,42.4693
55170458,48.50,410.50,-79.3794,-86.4391
55174364,-308.50,-2047.50,-88.7818,-257.7160
55178270,-420.50,-1921.50,-42.2958,-257.6499
55182176,-170.50,593.50,22.5987,-92.7359
55186082,139.50,2047.50,36.2427,16.5425
55189988,96.50,741.50,-9.5515,-72.0032
55193894,-207.50,-1976.50,-41.8926,-241.2797
55197800,-399.50,-2041.50,-8.5025,-281.4727
55201706,-159.50,304.50,54.7009,-115.0773
55205612,165.50,2047.50,79.2724,38.7363
55209518,141.50,1033.50,41.3391,-17.4043
55213424,-222.50,-1715.50,-16.7277,-185.5942
55217330,-413.50,-2047.50,-28.4136,-229.4699
55221236,-216.50,-78.50,16.2331,-69.9742
55225142,128.50,2047.50,53.1345,67.7418
55229048,156.50,1263.50,32.8284,17.1335
55232954,-224.50,-1536.50,-24.0416,-167.1340
55236860,-520.50,-2047.50,-66.9856,-242.8325
55240766,-357.50,-413.50,-67.8330,-76.3196
55244672,-37.50,2047.50,-57.6579,96.3526
55248578,43.50,1585.50,-86.1415,101.4801
55252484,-239.50,-1231.50,-133.6844,-57.7778
55256390,-512.50,-2047.50,-139.6287,-169.5813
55260296,-420.50,-800.50,-97.3896,-62.8322
55264202,-72.50,2047.50,-61.6554,93.3194
55268108,55.50,1948.50,-75.0048,173.6353
55272014,-202.50,-927.50,-116.8391,73.6583
55275920,-484.50,-2047.50,-127.8527,-85.0300
55279826,-425.50,-1080.50,-85.7868,-49.0605
55283732,-142.50,2047.50,-47.6627,115.9503
55287638,29.50,2047.50,-70.9231,242.3193
55291544,-169.50,-583.50,-123.8044,126.8856
55295450,-440.50,-2047.50,-131.4057,-78.3967
55299356,-453.50,-1373.50,-79.5291,-75.4548
55303266,-130.50,1584.50,-27.9774,42.2918
55307172,79.50,2047.50,-26.3391,108.1977
55311078,-111.50,-216.50,-64.4374,4.3296
55314984,-431.50,-2047.50,-91.5502,-133.0498
55318890,-457.50,-1621.50,-69.7407,-103.7291
55322796,-143.50,1136.50,-21.7560,-7.2510
55326702,101.50,2047.50,-1.6328,20.1723
55330608,-30.50,179.50,-22.7927,-66.2752
55334514,-352.50,-2047.50,-42.1551,-157.4931
55338420,-463.50,-1846.50,-26.3995,-135.8788
55342326,-200.50,722.50,0.6947,-61.7226
55346232,93.50,2047.50,3.1791,-39.8566
55350138,10.50,483.50,-18.6715,-107.0989
55354044,-330.50,-2047.50,-36.8653,-196.6575
55357950,-528.50,-2008.50,-36.9333,-201.8589
55361856,-300.50,386.50,-35.2928,-109.8616
55365762,11.50,2047.50,-47.9339,-43.8694
55369668,-72.50,773.50,-81.1861,-86.3293
55373574,-349.50,-1996.50,-112.3984,-200.6093
55377480,-515.50,-2047.50,-97.0753,-238.9025
55381386,-277.50,20.50,-42.1978,-121.8359
55385292,17.50,2047.50,-3.6184,-21.5777
55389198,16.50,1071.50,-15.5507,-43.4519
55393104,-246.50,-1727.50,-42.0139,-148.6805
55397010,-465.50,-2047.50,-30.4528,-183.1889
55400916,-306.50,-319.50,7.2883,-62.2100
55404822,27.50,2047.50,29.0166,33.4278
55408728,90.50,1426.50,20.2197,32.3132
55412634,-176.50,-1407.50,3.6976,-50.2218
55416540,-482.50,-2047.50,1.3961,-98.3574
55420446,-401.50,-763.50,0.5461,-28.1287
55424352,-79.50,2047.50,-15.6783,29.9152
55428258,64.50,1731.50,-39.2646,70.8562
55432164,-188.50,-1151.50,-50.1735,21.8461
55436070,-446.50,-2047.50,-35.2630,-61.8507
55439976,-384.50,-1072.50,-0.7029,-22.7717
55443882,-46.50,2047.50,26.4279,60.9117
55447788,100.50,2047.50,25.4415,171.3270
55451694,-138.50,-784.50,2.9812,153.2102
55455600,-410.50,-2047.50,-8.5266,23.5721
55459506,-366.50,-1334.50,16.0553,1.6454
55463412,-68.50,1625.50,50.3201,27.8516
55467318,114.50,2047.50,52.1559,60.2082
55471224,-32.50,-440.50,33.1286,20.1225
55475130,-303.50,-2047.50,40.2508,-54.3295
55479036,-303.50,-1574.50,85.8316,-26.6214
55482942,-52.50,1213.50,126.3235,4.2332
55486848,127.50,2047.50,113.9970,-5.6705
55490754,-24.50,-29.50,61.5445,-51.5015
55494660,-302.50,-2047.50,29.1717,-85.2621
55498566,-413.50,-1761.50,38.8624,-43.0509
55502472,-102.50,880.50,61.0736,-3.2056
55506378,144.50,2047.50,72.9843,-14.9349
55510284,18.50,369.50,62.7299,-61.3677
55514190,-292.50,-2047.50,41.8759,-95.3910
55518096,-360.50,-1952.50,47.8514,-82.4407
55522002,-142.50,505.50,78.0871,-50.0059
55525908,134.50,2047.50,90.2161,-45.4948
55529814,61.50,642.50,71.8968,-80.3295
55533720,-241.50,-2047.50,49.8165,-140.1922
55537626,-388.50,-2047.50,50.6699,-157.4199
55541532,-181.50,166.50,69.3698,-85.4608
55545438,105.50,2047.50,77.5999,-28.3750
55549344,92.50,944.50,64.1734,-43.3653
55553250,-256.50,-1874.50,38.6482,-115.1537
55557156,-447.50,-2047.50,17.3978,-141.0925
55561062,-265.50,-179.50,15.3183,-46.4055
55564968,26.50,2047.50,20.2090,23.2039
55568874,65.50,1267.50,11.1500,16.9294
55572780,-206.50,-1538.50,-0.6091,-41.4996
55576686,-399.50,-2047.50,9.8220,-61.3593
55580592,-260.50,-512.50,41.5921,22.9153
55584498,34.50,2047.50,62.9904,78.7218
55588404,113.50,1701.50,54.5069,109.0834
55592310,-129.50,-1166.50,37.5305,98.7494
55596216,-365.50,-2047.50,41.1647,61.5647
55600122,-258.50,-799.50,66.7684,91.2496
55604028,39.50,2047.50,88.8820,133.4462
55607934,153.50,2047.50,85.2073,205.5614
55611840,-57.50,-812.50,68.9345,215.9934
55615746,-315.50,-2047.50,69.8338,136.7230
55619652,-280.50,-1134.50,88.5845,104.6339
55623558,-0.50,2047.50,97.4077,143.9608
55627464,175.50,2047.50,85.0023,235.6504
55631370,-31.50,-482.50,67.4109,200.2332
55635276,-274.50,-2047.50,66.8497,82.4690
55639182,-286.50,-1432.50,89.3345,58.0929
55643088,-20.50,1571.50,105.9447,73.8902
55646994,144.50,2047.50,90.4044,100.0723
55650900,-16.50,-137.50,55.6741,58.9074
55654806,-300.50,-2047.50,35.0921,0.9496
55658712,-389.50,-1669.50,34.9793,17.3330
55662618,-137.50,1076.50,29.6518,23.8477
55666524,96.50,2047.50,12.1828,-0.2987
55670430,-10.50,227.50,-2.1313,-40.2819
55674336,-271.50,-2047.50,3.1099,-55.6542
55678242,-361.50,-1872.50,30.1242,-28.7489
55682148,-175.50,694.50,46.6903,-14.5254
55686054,63.50,2047.50,27.0727,-34.0960
55689960,16.50,499.50,-3.4994,-77.3146
55693866,-270.50,-2047.50,-10.9204,-116.8803
55697772,-352.50,-2032.50,12.1138,-114.4635
55701678,-159.50,289.50,47.0377,-76.9181
55705584,54.50,2047.50,53.1347,-63.8590
55709490,43.50,741.50,23.8722,-91.9448
55713396,-252.50,-2047.50,-2.0985,-165.2631
55717302,-413.50,-2047.50,-5.6635,-190.4433
55721208,-240.50,-112.50,3.4657,-103.7846
55725114,-0.50,2047.50,2.4363,-47.2204
55729020,11.50,1021.50,-20.4346,-60.4092
55732926,-201.50,-1858.50,-34.6347,-141.5647
55736832,-386.50,-2047.50,-13.6024,-177.4811
55740738,-207.50,-512.50,27.0775,-80.8406
55744644,129.50,2047.50,69.1590,-19.9561
55748550,195.50,1231.50,102.0437,-26.4837
55752456,-64.50,-1655.50,115.0901,-128.3141
55756362,-298.50,-2047.50,113.1958,-189.7518
55760268,-212.50,-909.50,107.3878,-87.2706
55764174,37.50,2047.50,92.3997,-5.4079
55768080,107.50,1596.50,59.3160,50.0063
55771986,-148.50,-1302.50,18.2516,-0.5304
55775892,-383.50,-2047.50,-8.0392,-84.0447
55779798,-316.50,-1240.50,-7.0727,-39.1656
55783704,-41.50,1655.50,4.3468,-35.1498
55787610,87.50,1892.50,2.8173,-25.5316
55791516,-97.50,-972.50,-7.1023,-26.2279
55795422,-304.50,-2047.50,1.2408,-59.4826
55799328,-260.50,-1455.50,38.6145,-8.3735
55803234,-63.50,1398.50,64.8087,0.1894
55807140,63.50,2047.50,39.0497,-2.4243
55811046,-66.50,-463.50,-6.4961,10.5166
55814952,-298.50,-2047.50,-15.0968,6.8680
55818858,-313.50,-1619.50,14.7353,45.7505
55822764,-56.50,1230.50,45.3421,58.8598
55826670,159.50,2047.50,57.8720,53.0220
55830576,95.50,116.50,69.7812,51.8269
55834482,-222.50,-2047.50,88.5732,62.2466
55838388,-257.50,-1743.50,100.9659,87.2864
55842294,-15.50,1023.50,110.4877,103.6870
55846200,245.50,2047.50,123.4083,106.3627
55850106,147.50,575.50,133.6659,86.6340
55854012,-141.50,-2047.50,134.0551,74.4954
55857918,-249.50,-1865.50,128.7439,66.1088
55861824,-58.50,751.50,122.2071,96.1540
55865730,135.50,2047.50,101.4373,129.7802
55869636,93.50,896.50,65.8968,102.5309
55873542,-145.50,-1794.50,46.5909,84.9885
55877448,-278.50,-1996.50,59.5060,90.3447
55881354,-95.50,428.50,82.4206,125.3661
55885260,144.50,2047.50,89.6343,149.4157
55889166,115.50,1271.50,73.4176,129.4850
55893072,-137.50,-1480.50,49.9484,136.7626
55896978,-282.50,-2047.50,45.6977,158.3475
55900884,-127.50,70.50,63.0505,179.1047
55904790,134.50,2047.50,78.4842,176.3496
55908696,177.50,1663.50,78.9139,170.8220
55912602,-67.50,-1141.50,74.0529,211.0581
55916508,-245.50,-2047.50,77.3287,236.6272
55920414,-140.50,-257.50,88.9205,236.5766
55924320,128.50,2047.50,94.6411,219.5260
55928226,183.50,2047.50,85.2110,240.2091
55932132,-68.50,-804.50,63.6203,302.0261
55936038,-292.50,-2047.50,42.1341,300.0455
55939944,-225.50,-637.50,32.1186,249.8048
55943850,50.50,2047.50,29.7337,219.1174
55947756,162.50,2047.50,27.1437,237.9382
55951662,-66.50,-463.50,18.9793,249.1778
55955568,-303.50,-2047.50,7.3324,229.6111
55959474,-274.50,-936.50,2.4182,213.7129
55963380,-34.50,2047.50,-2.0950,240.0300
55967286,110.50,2047.50,-16.3987,288.5099
55971192,-62.50,-116.50,-31.3845,242.1636
55975098,-336.50,-2047.50,-39.5162,172.9262
55979004,-320.50,-1274.50,-39.3324,148.8539
55982910,-77.50,2047.50,-33.2090,217.4870
55986816,112.50,2047.50,-30.3887,327.5921
55990722,-24.50,193.50,-30.9412,251.9746
55994628,-318.50,-2047.50,-33.8978,117.4490
55998534,-367.50,-1544.50,-41.2817,69.1356
56002440,-105.50,1449.50,-44.1078,98.5324
56006346,111.50,2047.50,-36.7869,143.7280
56010252,-30.50,536.50,-34.5736,91.6348
56014158,-303.50,-2047.50,-46.6626,32.8684
56018064,-406.50,-1775.50,-60.0214,6.7036
56021970,-197.50,947.50,-69.7239,18.6347
56025876,64.50,2047.50,-74.0366,36.0580
56029782,16.50,817.50,-65.6054,-2.8253
56033688,-294.50,-1856.50,-56.5506,-14.8813
56037594,-426.50,-1943.50,-61.8683,-2.6269
56041500,-210.50,539.50,-68.9167,15.5152
56045406,64.50,2047.50,-61.7585,12.9721
56049312,75.50,1113.50,-42.0656,-24.6751
56053218,-204.50,-1631.50,-21.1424,-23.0346
56057124,-396.50,-2047.50,-15.5394,0.9538
56061030,-239.50,177.50,-27.5552,27.1641
56064936,52.50,2047.50,-38.2098,26.3060
56068842,90.50,1527.50,-34.1425,18.8824
56072748,-158.50,-1327.50,-20.4890,57.4046
56076654,-358.50,-2047.50,-8.2881,84.8442
56080560,-221.50,-258.50,-1.0147,77.3973
56084466,64.50,2047.50,4.6024,36.1778
56088372,139.50,1859.50,10.1147,44.1970
56092278,-111.50,-1041.50,12.8805,106.1312
56096184,-353.50,-2047.50,8.0561,119.5244
56100090,-252.50,-639.50,0.4809,91.7206
56103996,27.50,2047.50,-1.0925,52.9854
56107902,122.50,2047.50,-1.8833,83.6463
56111808,-108.50,-719.50,-9.6013,131.7388
56115714,-335.50,-2047.50,-17.0325,116.1112
56119620,-306.50,-927.50,-17.0603,89.4833
56123526,-59.50,2047.50,-22.7580,92.5747
56127432,81.50,2047.50,-40.0642,138.6296
56131338,-104.50,-322.50,-54.5858,127.8713
56135244,-381.50,-2047.50,-61.1045,81.8969
56139150,-366.50,-1221.50,-62.8766,65.7027
56143056,-104.50,2047.50,-61.0178,113.5528
56146962,87.50,2047.50,-57.2185,200.8089
56150868,-93.50,32.50,-56.5852,144.4584
56154774,-353.50,-2047.50,-61.2936,42.4195
56158680,-381.50,-1508.50,-60.7768,8.7763
56162586,-128.50,1491.50,-52.8121,15.5579
56166492,89.50,2047.50,-45.0129,36.4110
56170398,-20.50,397.50,-38.1255,-3.3464
56174304,-297.50,-2047.50,-31.6120,-31.8068
56178210,-348.50,-1749.50,-21.8322,-39.5661
56182116,-116.50,1015.50,-7.6326,-47.6090
56186022,112.50,2047.50,1.7754,-55.9207
56189928,45.50,652.50,3.6001,-97.2491
56193834,-281.50,-2047.50,-2.8879,-123.0074
56197740,-378.50,-1926.50,-16.6119,-132.2902
56201646,-166.50,640.50,-22.2117,-104.4626
56205552,98.50,2047.50,-15.3599,-78.1391
56209458,81.50,967.50,-3.3456,-102.0025
56213364,-175.50,-1777.50,12.5507,-106.0198
56217270,-394.50,-2047.50,17.6858,-91.4900
56221176,-249.50,251.50,-5.7586,-68.1663
56225082,21.50,2047.50,-39.9856,-67.8412
56228988,-9.50,1274.50,-65.2777,-91.1715
56232894,-248.50,-1524.50,-80.6450,-85.7965
56236800,-418.50,-2047.50,-77.7423,-57.1896
56240706,-270.50,-140.50,-59.8078,-20.3224
56244612,-2.50,2047.50,-45.7203,-29.0964
56248518,54.50,1659.50,-42.9589,-34.7370
56252424,-207.50,-1196.50,-46.7404,0.8097
56256330,-414.50,-2047.50,-51.4959,24.5387
56260236,-329.50,-554.50,-54.6000,24.5845
56264142,-35.50,2047.50,-56.4503,-11.9616
56268048,80.50,2039.50,-51.3865,22.5866
56271954,-152.50,-872.50,-39.6940,98.6890
56275860,-362.50,-2047.50,-28.0899,95.1745
56279766,-303.50,-876.50,-15.2142,53.2118
56283672,-13.50,2047.50,-4.1283,23.9777
56287578,112.50,2047.50,1.1062,61.4794
56291484,-84.50,-526.50,1.1538,75.4674
56295390,-367.50,-2047.50,-5.1234,41.3047
56299296,-352.50,-1172.50,-16.7315,25.5095
56303202,-64.50,2047.50,-23.9233,54.9132
56307108,122.50,2047.50,-17.6172,128.3275
56311014,-79.50,-146.50,-9.9043,91.8873
56314920,-357.50,-2047.50,-16.8020,11.3382
56318826,-370.50,-1455.50,-27.2050,-11.1868
56322732,-92.50,1567.50,-25.1918,-11.6657
56326638,65.50,2047.50,-21.2682,1.8182
56330544,-48.50,215.50,-27.7368,-35.2872
56334450,-335.50,-2047.50,-34.1533,-60.0949
56338356,-308.50,-1657.50,-19.4790,-47.9490
56342266,-46.50,1207.50,22.5046,-30.1148
56346172,23.50,2047.50,37.8525,-26.0592
56350078,-126.50,433.50,-19.6853,-96.9461
56353984,-401.50,-2047.50,-96.2027,-159.6171
56357890,-541.50,-1983.50,-138.3817,-175.3643
56361796,-353.50,500.50,-162.0560,-202.1684
56365702,-180.50,2047.50,-192.6999,-238.3555
56369608,-286.50,621.50,-237.6154,-259.7537
56373514,-627.50,-2047.50,-290.6689,-272.9589
56377420,-780.50,-2047.50,-339.0992,-260.2994
56381326,-580.50,19.50,-366.3057,-230.9428
56385232,-330.50,2047.50,-368.6673,-248.1992
56389138,-346.50,847.50,-361.1964,-271.6013
56393044,-559.50,-2014.50,-343.9201,-316.4738
56396950,-729.50,-2047.50,-313.4186,-324.4774
56400856,-536.50,-314.50,-282.9030,-230.4659
56404762,-208.50,2047.50,-249.3543,-184.8227
56408668,-158.50,1250.50,-206.1987,-174.9097
56412574,-374.50,-1625.50,-163.1335,-186.3455
56416480,-555.50,-2047.50,-126.4509,-184.1897
56420386,-425.50,-650.50,-100.2518,-120.9094
56424292,-147.50,2047.50,-87.2252,-110.7511
56428198,-54.50,1679.50,-79.4028,-77.4598
56432104,-276.50,-1257.50,-66.1578,-48.0404
56436010,-479.50,-2047.50,-47.1689,-61.2387
56439916,-367.50,-964.50,-24.3796,-47.2886
56443822,-116.50,2047.50,-6.8895,-51.0195
56447728,-22.50,2032.50,-8.5216,23.6872
56451634,-226.50,-894.50,-20.3351,76.5510
56455540,-465.50,-2047.50,-24.8247,24.8575
56459446,-418.50,-1240.50,-20.4305,-9.0862
56463352,-120.50,1917.50,-10.2660,-20.3371
56467258,28.50,2047.50,4.4723,36.0666
56471164,-196.50,-522.50,9.6674,40.3730
56475070,-478.50,-2047.50,-6.9178,-17.6911
56478976,-477.50,-1519.50,-30.3941,-27.9916
56482882,-175.50,1365.50,-36.8373,-73.0542
56486788,-9.50,2047.50,-24.8865,-107.9051
56490694,-141.50,-128.50,-10.9690,-109.0528
56494600,-434.50,-2047.50,-4.0533,-84.3975
56498506,-465.50,-1745.50,-4.1670,-44.5360
56502412,-190.50,989.50,-1.8391,-79.2321
56506318,33.50,2047.50,11.3896,-137.8019
56510224,-82.50,251.50,27.1163,-152.7291
56514130,-362.50,-2047.50,35.2876,-120.5628
56518036,-425.50,-1933.50,39.7845,-83.6449
56521942,-204.50,624.50,44.6007,-103.2131
56525848,18.50,2047.50,43.6471,-149.6457
56529754,-73.50,589.50,33.8487,-163.7111
56533660,-370.50,-2047.50,18.7708,-150.2531
56537566,-485.50,-2047.50,5.7051,-137.5147
56541472,-274.50,245.50,1.5785,-129.8608
56545378,-24.50,2047.50,4.1146,-144.3287
56549284,-63.50,862.50,5.3893,-155.0137
56553190,-325.50,-1998.50,5.9731,-176.1713
56557096,-461.50,-2047.50,13.3857,-182.9381
56561002,-290.50,-127.50,25.1687,-123.9247
56564908,-39.50,2047.50,28.8865,-99.4568
56568814,-44.50,1175.50,19.9246,-102.8432
56572720,-288.50,-1707.50,10.7032,-121.6950
56576626,-522.50,-2047.50,4.4011,-121.4904
56580532,-393.50,-512.50,-11.0791,-61.3631
56584438,-124.50,2047.50,-30.3583,-52.2835
56588344,-58.50,1514.50,-38.8971,-41.2372
56592250,-280.50,-1371.50,-31.0888,-37.7009
56596156,-512.50,-2047.50,-16.6824,-43.1730
56600062,-417.50,-889.50,-12.0843,-10.7324
56603968,-111.50,2047.50,-12.1299,-16.4227
56607874,-1.50,1891.50,-2.5026,39.9458
56611780,-254.50,-1038.50,7.7138,80.3804
56615686,-488.50,-2047.50,5.3676,40.6976
56619592,-440.50,-1180.50,-2.0543,26.4810
56623498,-149.50,1983.50,-5.8063,21.8100
56627404,-40.50,2047.50,-8.0567,94.1436
56631310,-188.50,-698.50,-6.0890,111.9202
56635216,-440.50,-2047.50,8.8594,39.9512
56639122,-461.50,-1487.50,21.0881,12.3207
56643028,-138.50,1426.50,22.2545,-45.5472
56646934,35.50,2047.50,32.3121,-72.4467
56650840,-105.50,-287.50,51.2523,-53.6114
56654746,-402.50,-2047.50,62.8596,-25.8036
56658652,-444.50,-1704.50,58.3302,10.5759
56662558,-211.50,1039.50,40.5632,-39.1064
56666464,-10.50,2047.50,21.2103,-106.2287
56670370,-107.50,97.50,14.7075,-111.8746
56674276,-372.50,-2047.50,26.6688,-69.8818
56678182,-441.50,-1901.50,44.7146,-25.4125
56682088,-193.50,663.50,57.0989,-60.5035
56685994,-1.50,2047.50,58.0940,-126.2052
56689900,-111.50,431.50,41.4070,-138.3142
56693806,-398.50,-2047.50,16.3152,-110.9327
56697712,-513.50,-2047.50,-0.7170,-84.1370
56701618,-273.50,308.50,-2.4856,-89.4056
56705524,-30.50,2047.50,8.1008,-120.6127
56709430,-72.50,720.50,17.5714,-129.7088
56713336,-335.50,-2047.50,22.6506,-143.7396
56717242,-481.50,-2047.50,28.5760,-143.3080
56721148,-303.50,-30.50,32.2214,-86.8917
56725054,-40.50,2047.50,31.1707,-65.0716
56728960,-77.50,1039.50,22.6107,-71.7406
56732866,-306.50,-1842.50,12.5906,-104.6450
56736772,-489.50,-2047.50,15.0897,-115.0171
56740678,-341.50,-396.50,23.3323,-44.6445
56744584,-73.50,2047.50,25.4786,-17.1385
56748490,-18.50,1375.50,25.2243,-9.9535
56752396,-239.50,-1520.50,33.3667,-27.3199
56756302,-430.50,-2047.50,52.3826,-40.7243
56760208,-322.50,-776.50,70.4724,8.4257
56764114,-78.50,2047.50,72.2435,18.8680
56768020,-15.50,1762.50,54.3187,65.1315
56771926,-240.50,-1178.50,32.7914,88.4453
56775832,-482.50,-2047.50,20.4649,51.6073
56779738,-408.50,-1103.50,15.4842,52.2100
56783644,-123.50,2047.50,16.3372,57.6616
56787550,-26.50,2047.50,17.8624,148.3245
56791456,-229.50,-850.50,12.6379,180.9622
56795362,-512.50,-2047.50,-0.1245,96.5235
56799268,-472.50,-1423.50,-15.0813,51.7701
56803174,-161.50,1502.50,-15.5472,-13.4531
56807080,7.50,2047.50,4.8758,-29.7301
56810986,-216.50,-465.50,19.0027,-1.6540
56814892,-460.50,-2047.50,11.4595,14.6339
56818798,-456.50,-1669.50,6.1986,42.0229
56822704,-212.50,1087.50,10.6895,-19.6412
56826610,-54.50,2047.50,6.0625,-89.0910
56830516,-186.50,-88.50,-8.2380,-85.6239
56834422,-463.50,-2047.50,-17.1952,-41.9151
56838328,-559.50,-1868.50,-25.1519,9.0455
56842234,-240.50,753.50,-29.7762,-26.4784
56846140,-14.50,2047.50,-10.9214,-92.6888
56850046,-142.50,273.50,12.1983,-102.8341
56853952,-410.50,-2047.50,16.2364,-74.6431
56857858,-512.50,-2013.50,12.3572,-37.7412
56861764,-268.50,398.50,11.6637,-46.8028
56865670,-45.50,2047.50,14.3212,-88.9609
56869576,-66.50,597.50,20.4497,-99.7003
56873482,-347.50,-2047.50,33.8902,-102.4444
56877388,-461.50,-2047.50,49.1290,-89.6976
56881294,-280.50,77.50,57.0944,-45.7731
56885200,22.50,2047.50,63.0151,-38.1728
56889106,35.50,926.50,81.3671,-47.6642
56893012,-352.50,-2047.50,88.1249,-101.1902
56896918,-559.50,-2047.50,48.2628,-143.2678
56900824,-358.50,-367.50,-0.5766,-80.8025
56904730,-98.50,2047.50,-15.5695,-41.9479
56908636,-100.50,1143.50,-17.3042,-37.0656
56912542,-338.50,-1792.50,-21.8559,-92.8066
56916448,-527.50,-2047.50,-17.0359,-129.1842
56920354,-410.50,-767.50,-6.6751,-50.4440
56924260,-83.50,2047.50,3.1017,-10.4185
56928166,-25.50,1552.50,16.6736,36.8172
56932072,-336.50,-1402.50,15.2961,38.9356
56935978,-537.50,-2047.50,-6.6656,0.1158
56939884,-416.50,-1071.50,-14.4637,31.3529
56943790,-125.50,2022.50,0.9916,47.0414
56947696,-29.50,1890.50,14.8958,122.4731
56951602,-262.50,-1038.50,14.8814,146.3171
56955508,-517.50,-2047.50,6.7338,78.3894
56959414,-449.50,-1362.50,2.6406,64.6196
56963320,-162.50,1535.50,7.2407,9.3051
56967226,-24.50,2047.50,12.6080,1.1378
56971132,-176.50,-671.50,20.0633,40.9311
56975038,-425.50,-2047.50,39.3904,47.8949
56978944,-430.50,-1642.50,59.6481,64.4504
56982850,-168.50,1102.50,62.7508,-14.3587
56986756,-20.50,2047.50,47.9721,-87.8058
56990662,-157.50,-302.50,30.3446,-68.0649
56994568,-421.50,-2047.50,28.2835,-19.0926
56998474,-463.50,-1871.50,38.3898,31.9951
57002380,-207.50,747.50,44.0039,-27.1146
57006286,9.50,2047.50,44.3126,-110.3868
57010192,-96.50,99.50,47.8011,-98.8073
57014098,-380.50,-2047.50,55.2031,-43.7916
57018004,-457.50,-2009.50,60.8133,6.2245
57021910,-225.50,450.50,61.4390,-19.8784
