ts_us,raw_ch0,raw_ch1,filt_ch0,filt_ch1
111274,-115.50,-141.50,-18.2545,-22.5147
115180,-300.50,-244.50,-97.0971,-98.6581
119086,-303.50,-260.50,-214.7328,-193.5746
122992,-56.50,-198.50,-251.4079,-240.1065
126898,71.50,-142.50,-145.6916,-218.3749
130804,-107.50,-145.50,-27.5562,-166.9301
134710,-322.50,-189.50,-52.8141,-137.3578
138616,-335.50,-245.50,-184.3460,-150.4100
142522,-59.50,-197.50,-243.6929,-179.6863
146428,93.50,-126.50,-144.7714,-177.3450
150334,-31.50,-111.50,-10.5074,-138.2397
154240,-273.50,-154.50,-3.6206,-104.0230
158146,-301.50,-212.50,-113.7266,-106.8613
162052,-46.50,-147.50,-178.8646,-126.7686
165958,124.50,-85.50,-102.7878,-118.5285
169864,25.50,-100.50,17.8980,-86.9053
173770,-255.50,-191.50,28.6804,-79.3407
177676,-336.50,-242.50,-84.3525,-112.9572
181582,-146.50,-193.50,-181.3623,-149.6170
185488,61.50,-120.50,-151.7037,-146.6428
189394,6.50,-100.50,-49.9710,-110.1230
193300,-253.50,-165.50,-16.5600,-82.1089
197206,-356.50,-218.50,-93.7420,-89.5022
201112,-191.50,-190.50,-175.6597,-113.3192
205018,21.50,-133.50,-158.6464,-118.7849
208924,17.50,-113.50,-70.5026,-101.1595
212830,-257.50,-175.50,-31.1906,-86.2289
216736,-398.50,-222.50,-98.8793,-94.0643
220642,-233.50,-216.50,-182.5768,-113.7177
224548,18.50,-154.50,-167.7997,-120.8104
228454,33.50,-124.50,-73.4484,-106.7689
232360,-215.50,-204.50,-19.9736,-94.6839
236267,-372.50,-236.50,-67.7217,-105.1579
240173,-250.50,-229.50,-141.9762,-120.9721
244079,12.50,-188.50,-139.1735,-124.2397
247985,84.50,-143.50,-55.8646,-114.1771
251891,-145.50,-176.50,9.1716,-98.0490
255797,-345.50,-224.50,-19.5923,-90.8776
259703,-272.50,-229.50,-95.2682,-95.7685
263609,-35.50,-143.50,-119.8428,-93.8656
267515,79.50,-47.50,-67.5284,-62.6225
271421,-92.50,-82.50,-4.4681,-15.6156
275327,-330.50,-221.50,-8.6778,-5.6606
279233,-316.50,-260.50,-73.3440,-49.7080
283139,-53.50,-180.50,-110.1826,-94.0688
287045,92.50,-104.50,-67.1178,-91.8217
290951,-108.50,-129.50,-8.5747,-61.0642
294857,-333.50,-186.50,-19.4292,-41.7157
298763,-336.50,-218.50,-80.6677,-43.8162
302669,-53.50,-158.50,-104.3491,-50.6882
306575,70.50,-108.50,-57.1669,-46.5809
310481,-79.50,-91.50,-6.0380,-31.4480
314387,-303.50,-159.50,-13.6211,-16.7217
318293,-325.50,-200.50,-58.5974,-15.8830
322199,-79.50,-144.50,-76.3749,-22.3099
326105,112.50,-93.50,-33.9237,-19.5168
330011,10.50,-62.50,27.0461,-5.7662
333917,-229.50,-111.50,42.5467,12.5171
337823,-309.50,-160.50,6.0267,22.2427
341729,-99.50,-106.50,-28.8644,23.0716
345635,112.50,-29.50,-13.7497,32.4212
349541,40.50,-36.50,30.9950,47.9855
353447,-237.50,-132.50,40.4950,45.6464
357353,-340.50,-244.50,-3.4628,10.7129
361259,-164.50,-238.50,-47.9080,-41.4955
365165,74.50,27.50,-42.0059,-43.7997
369071,62.50,-44.50,3.7841,18.3660
372977,-186.50,-123.50,33.7664,52.7423
376883,-329.50,-185.50,15.4023,32.3907
380789,-160.50,-166.50,-16.3421,6.6505
384695,81.50,-96.50,-10.4039,-2.9253
388601,85.50,-78.50,26.8838,-1.5501
392507,-163.50,-138.50,44.9596,-1.8938
396413,-297.50,-184.50,25.0479,-4.9544
400319,-175.50,-188.50,2.0227,-6.0846
404225,75.50,-132.50,9.2635,-9.2039
408131,109.50,-76.50,39.7715,-11.3000
412037,-133.50,-120.50,53.3451,-5.7588
415943,-316.50,-180.50,27.9779,1.1921
419849,-226.50,-198.50,-6.8898,1.7070
423755,12.50,-138.50,-15.0118,-4.3596
427661,101.50,-88.50,6.0211,-9.1836
431567,-99.50,-120.50,27.9467,-7.7349
435473,-314.50,-174.50,21.6980,-2.3254
439379,-252.50,-192.50,-2.8918,3.3842
443285,-0.50,-111.50,-9.5393,9.4814
447191,125.50,-70.50,14.3105,17.4044
451097,-63.50,-96.50,40.1379,21.3095
455003,-271.50,-187.50,38.8501,15.6218
458909,-271.50,-197.50,18.4074,5.2236
462815,-80.50,-124.50,-3.1871,4.0275
466721,50.50,-92.50,-16.9524,10.4882
470627,-88.50,-104.50,-21.1135,10.6143
474533,-317.50,-138.50,-26.5205,12.2857
478439,-350.50,-175.50,-40.6085,23.3812
482345,-110.50,-153.50,-49.1024,27.8453
486251,79.50,-116.50,-32.0026,15.1462
490157,-47.50,-130.50,-4.1007,-5.0257
494063,-303.50,-256.50,-1.0649,-29.6097
497969,-372.50,-307.50,-26.1316,-62.3804
501875,-144.50,-222.50,-46.5154,-81.1649
505781,29.50,-156.50,-41.1609,-69.8150
509687,-63.50,-142.50,-29.6985,-48.3094
513593,-300.50,-221.50,-33.5026,-36.5808
517499,-406.50,-284.50,-50.2456,-40.1678
521405,-218.50,-228.50,-66.0178,-48.2410
525311,16.50,-148.50,-61.5434,-44.1081
529217,-15.50,-148.50,-36.7849,-33.5191
533123,-294.50,-223.50,-23.5688,-32.3337
537029,-410.50,-276.50,-39.3179,-39.8118
540935,-225.50,-244.50,-54.8834,-44.2880
544841,35.50,-177.50,-39.8377,-42.3244
548747,15.50,-112.50,-7.6317,-32.1397
552653,-221.50,-161.50,7.8971,-11.4601
556559,-382.50,-216.50,-1.6750,8.2557
560465,-258.50,-212.50,-19.5403,16.0578
564371,-4.50,-143.50,-25.4094,13.8227
568277,62.50,-82.50,-8.2194,13.9771
572183,-160.50,-143.50,18.1501,21.6616
576089,-336.50,-202.50,29.3670,27.2401
579995,-229.50,-209.50,27.1821,27.2214
583901,19.50,-165.50,29.3871,20.2410
587807,92.50,-111.50,40.2388,9.2223
591713,-142.50,-152.50,44.5703,4.5262
595619,-349.50,-225.50,29.5776,5.0383
599525,-296.50,-256.50,7.0615,1.2390
603431,-73.50,-175.50,-9.2649,-5.5401
607337,35.50,-127.50,-16.2298,-6.1755
611243,-150.50,-147.50,-16.0180,-1.2650
615149,-366.50,-225.50,-17.3740,3.2062
619055,-333.50,-239.50,-20.8085,5.1351
622961,-65.50,-157.50,-14.8637,10.2935
626867,71.50,-79.50,4.3032,24.9969
630773,-80.50,-97.50,22.2481,42.5317
634679,-303.50,-176.50,28.3583,51.3799
638585,-328.50,-190.50,24.9539,52.9523
642491,-62.50,-130.50,23.4258,57.0708
646397,87.50,-108.50,33.6946,56.7295
650303,-47.50,-106.50,41.9383,44.5763
654209,-312.50,-142.50,32.8742,40.4965
658115,-345.50,-164.50,15.3902,56.5511
662021,-124.50,-168.50,7.8074,68.7354
665927,63.50,-166.50,13.6737,48.0089
669833,-37.50,-164.50,20.3425,5.5343
673739,-302.50,-228.50,15.7281,-23.0708
677645,-356.50,-257.50,5.7000,-26.7659
681551,-137.50,-212.50,9.0639,-15.4199
685457,29.50,23.50,19.4933,26.5161
689363,-13.50,-90.50,19.0374,84.3809
693269,-286.50,-207.50,9.7533,84.2592
697175,-376.50,-225.50,-0.5348,38.7090
701081,-191.50,-208.50,-1.0840,13.9985
704987,-0.50,-148.50,4.0067,9.3794
708893,-29.50,-117.50,-1.1255,8.4844
712799,-287.50,-178.50,-15.3789,12.0376
716705,-419.50,-236.50,-29.3645,16.7172
720611,-273.50,-232.50,-35.2752,15.8124
724517,-12.50,-152.50,-28.7608,10.1329
728423,16.50,-90.50,-11.0011,12.8911
732329,-228.50,-166.50,4.4643,24.7020
736235,-370.50,-241.50,9.3903,27.2771
740141,-252.50,-242.50,14.0196,17.5873
744047,-0.50,-170.50,22.3314,6.8288
747953,61.50,-123.50,32.1172,2.8799
751859,-169.50,-170.50,38.3479,5.8213
755765,-380.50,-221.50,31.4713,12.7550
759671,-284.50,-230.50,18.4850,21.1460
763577,-15.50,-161.50,18.0668,25.1828
767483,59.50,-108.50,29.1385,25.4144
771389,-142.50,-154.50,34.3316,24.9417
775295,-336.50,-202.50,32.7434,26.4980
779201,-306.50,-232.50,32.0155,31.1715
783107,-57.50,-171.50,29.7627,31.2460
787013,65.50,-121.50,28.3291,25.7327
790919,-152.50,-179.50,22.4038,15.4649
794825,-368.50,-239.50,5.7234,2.1592
798731,-352.50,-252.50,-5.4648,-1.8661
802637,-92.50,-172.50,-0.7022,8.0116
806543,79.50,-125.50,16.5840,21.0174
810449,-58.50,-132.50,37.2157,26.9999
814355,-298.50,-197.50,49.4774,30.0932
818261,-353.50,-240.50,47.1670,32.8246
822167,-106.50,-180.50,36.6491,32.4385
826073,71.50,-122.50,33.4840,31.3533
829979,-58.50,-138.50,34.1467,28.3085
833885,-303.50,-190.50,28.5609,25.7887
837791,-368.50,-239.50,22.3822,28.3331
841697,-144.50,-178.50,22.0790,33.4102
845603,67.50,-128.50,29.4077,36.9597
849509,16.50,-111.50,43.2567,36.7242
853415,-212.50,-144.50,61.8518,42.7234
857321,-335.50,-207.50,75.0988,56.7215
861227,-186.50,-216.50,66.6048,56.4291
865133,48.50,-153.50,44.6766,35.6463
869039,35.50,-102.50,36.5129,21.0432
872945,-280.50,-150.50,34.3750,29.9024
876851,-415.50,-207.50,14.6657,47.0699
880757,-229.50,-212.50,-3.3986,51.7803
884663,32.50,-136.50,3.8806,43.1693
888569,53.50,-95.50,27.1452,37.4624
892475,-192.50,-152.50,46.8531,40.4440
896381,-348.50,-207.50,54.1958,44.5738
900287,-234.50,-210.50,52.5657,45.6524
904193,28.50,-129.50,48.4424,44.7123
908099,96.50,-100.50,52.6675,44.5982
912005,-152.50,-135.50,62.3859,45.1010
915911,-335.50,-208.50,63.7545,45.4499
919817,-244.50,-217.50,60.1032,43.4915
923723,18.50,-164.50,59.0569,36.8162
927629,109.50,-81.50,62.9737,34.3162
931535,-82.50,-111.50,72.2481,44.9184
935441,-303.50,-198.50,80.7051,55.4085
939347,-259.50,-208.50,80.2775,54.1724
943253,-8.50,-146.50,71.6106,49.6282
947159,87.50,-112.50,60.2556,44.6181
951065,-105.50,-111.50,46.5730,39.9418
954971,-319.50,-223.50,36.3519,36.3112
958877,-288.50,-270.50,38.9019,22.1557
962783,-41.50,-189.50,48.7533,5.4641
966689,103.50,-134.50,55.0439,3.2383
970595,-33.50,-142.50,58.0901,8.4630
974501,-269.50,-204.50,63.4600,14.1634
978407,-303.50,-237.50,67.2408,20.7855
982313,-86.50,-161.50,60.5082,30.0428
986219,71.50,-106.50,44.5880,40.9526
990125,-46.50,-124.50,28.7885,42.7559
994031,-300.50,-192.50,19.7995,34.6923
997937,-369.50,-237.50,14.6352,27.6970
1001843,-127.50,-159.50,12.7603,31.2468
1005749,53.50,78.50,16.1599,73.7602
1009655,-49.50,-46.50,13.3358,134.6594
1013561,-271.50,-144.50,6.5025,137.1965
1017467,-366.50,-265.50,9.5766,83.0433
1021373,-158.50,-249.50,18.2395,22.1779
1025279,55.50,-180.50,25.0108,-19.7546
1029185,-8.50,-142.50,24.5716,-32.9374
1033091,-271.50,-193.50,14.2245,-22.2124
1036997,-397.50,-241.50,1.0664,-0.8279
1040903,-209.50,-210.50,-4.0368,17.7899
1044809,55.50,-156.50,6.5779,23.1980
1048715,42.50,-121.50,25.8473,15.2346
1052621,-221.50,-159.50,34.6002,11.3451
1056527,-374.50,-204.50,28.1772,23.5459
1060433,-239.50,-194.50,18.7306,41.9592
1064339,17.50,-100.50,14.4536,54.5409
1068245,65.50,-52.50,19.2362,63.3942
1072151,-180.50,-127.50,28.4162,66.8960
1076057,-367.50,-169.50,30.1493,65.3687
1079963,-256.50,-221.50,25.8789,60.8616
1083869,19.50,-165.50,26.7943,42.5022
1087775,82.50,-84.50,34.6862,23.5078
1091681,-143.50,-118.50,38.9397,25.6760
1095587,-329.50,-177.50,38.4648,41.1376
1099493,-271.50,-206.50,39.9420,52.8827
1103399,-25.50,-139.50,37.4671,52.6010
1107305,87.50,-65.50,31.3481,48.8040
1111211,-106.50,-95.50,29.7458,51.0621
1115117,-303.50,-140.50,35.5503,60.1818
1119023,-275.50,-168.50,47.0027,74.0500
1122929,-61.50,-143.50,48.1156,77.0664
1126835,34.50,-101.50,26.2415,58.7654
1130741,-116.50,-89.50,-2.8951,38.9686
1134647,-330.50,-147.50,-12.6456,40.1352
1138553,-361.50,-204.50,-6.1678,51.0665
1142459,-112.50,-148.50,-3.9095,52.5972
1146365,48.50,-98.50,-5.2626,45.7025
1150271,-79.50,-84.50,-4.8555,38.8120
1154177,-344.50,-159.50,-6.9075,38.2147
1158083,-380.50,-272.50,-12.5052,29.3769
1161989,-138.50,-246.50,-13.1432,-0.9356
1165895,63.50,-149.50,-3.1548,-27.3907
1169801,-16.50,-138.50,12.2248,-29.4144
1173707,-267.50,-216.50,26.0606,-22.1052
1177613,-335.50,-244.50,35.1691,-15.9955
1181519,-120.50,-196.50,42.1553,-3.4129
1185425,82.50,-128.50,47.2479,11.4008
1189331,48.50,-88.50,50.9392,20.1538
1193237,-218.50,-133.50,55.8782,29.4561
1197143,-326.50,-174.50,57.4196,44.6641
1201049,-149.50,-148.50,55.2498,61.3546
1204955,64.50,-97.50,50.4807,68.2225
1208861,60.50,-63.50,44.9338,61.4243
1212767,-187.50,-139.50,45.3269,49.1369
1216673,-353.50,-174.50,44.9764,41.8200
1220579,-220.50,-153.50,34.0819,48.6822
1224485,45.50,-58.50,22.6720,66.1918
1228391,77.50,25.50,25.5476,90.2499
1232297,-175.50,-42.50,34.6123,113.4998
1236203,-326.50,-114.50,38.7117,119.8943
1240109,-201.50,-154.50,44.8130,107.0135
1244015,60.50,-157.50,54.9983,72.6266
1247921,95.50,-114.50,59.8004,24.3485
1251827,-130.50,-154.50,53.4020,-9.7610
1255733,-319.50,-193.50,44.1735,-14.9388
1259639,-255.50,-200.50,39.0365,1.1743
1263545,-22.50,-143.50,29.6053,18.0025
1267451,66.50,-128.50,14.7960,16.2827
1271357,-104.50,-145.50,8.8362,-1.2408
1275267,-350.50,-200.50,12.1454,-11.7923
1279173,-314.50,-229.50,8.8871,-8.2019
1283079,-47.50,-165.50,1.6406,-1.8869
1286985,77.50,-116.50,2.2379,1.0481
1290891,-112.50,-143.50,3.2549,-2.6737
1294797,-356.50,-207.50,-4.5930,-10.1124
1298703,-346.50,-244.50,-14.3763,-14.3500
1302609,-79.50,-184.50,-14.3555,-13.8702
1306515,64.50,-136.50,-6.0470,-12.1593
1310421,-56.50,-116.50,1.4145,-10.2894
1314327,-303.50,-177.50,8.1205,-2.7961
1318233,-351.50,-197.50,10.8521,10.3710
1322139,-105.50,-98.50,7.7661,33.1338
1326045,69.50,47.50,6.1757,77.9573
1329951,-50.50,-62.50,3.0828,113.3146
1333857,-300.50,-155.50,-3.6242,92.8891
1337763,-347.50,-202.50,-3.8387,46.1143
1341669,-128.50,-145.50,6.0696,23.4496
1345575,79.50,-64.50,17.1440,28.4421
1349481,39.50,-25.50,27.3077,46.3470
1353387,-211.50,-97.50,41.2547,64.4105
1357293,-307.50,-132.50,53.8093,75.7263
1361199,-116.50,-114.50,60.2925,80.8868
1365105,111.50,-51.50,62.7022,78.0453
1369011,65.50,-15.50,60.6331,71.3007
1372917,-188.50,-42.50,53.7312,75.6911
1376823,-324.50,-85.50,46.4113,94.6578
1380729,-152.50,-111.50,44.3475,107.0761
1384635,81.50,-109.50,46.6280,85.8127
1388541,81.50,-106.50,46.4425,35.8174
1392447,-175.50,-175.50,40.1663,-11.6219
1396353,-306.50,-213.50,35.9027,-34.0411
1400259,-143.50,-169.50,48.2666,-24.5789
1404165,129.50,-80.50,75.0990,5.8503
1408071,150.50,-70.50,95.5195,29.1323
1411977,-120.50,-121.50,90.1203,27.9057
1415883,-316.50,-175.50,63.5124,16.2821
1419789,-232.50,-190.50,38.0201,9.9451
1423695,16.50,-118.50,21.9384,7.3173
1427601,85.50,-70.50,11.8006,7.8690
1431507,-122.50,-126.50,6.1308,7.3625
1435413,-313.50,-175.50,8.0008,3.3533
1439319,-239.50,-189.50,19.5213,3.3065
1443225,-15.50,-129.50,27.0154,5.9739
1447131,139.50,-64.50,26.7798,8.8165
1451037,-59.50,-82.50,31.6315,15.2244
1454943,-288.50,-148.50,36.4357,23.0003
1458849,-278.50,-184.50,33.3766,25.2160
1462755,-36.50,-116.50,24.4907,22.1412
1466661,123.50,-56.50,17.6166,21.8470
1470567,-22.50,-52.50,20.8005,27.8562
1474473,-271.50,-127.50,28.2233,36.3222
1478379,-293.50,-174.50,30.1433,37.7048
1482285,-64.50,-162.50,24.7125,24.1939
1486191,87.50,-106.50,13.2663,0.7021
1490097,-29.50,-84.50,-0.1461,-13.5395
1494003,-274.50,-144.50,-6.2020,-8.2852
1497909,-345.50,-188.50,-6.3941,3.1846
1501815,-114.50,-149.50,-8.2509,8.6098
1505721,86.50,-104.50,-8.2989,5.5633
1509627,5.50,-102.50,-4.8497,-5.2441
1513533,-255.50,-162.50,-2.2007,-15.8826
1517439,-340.50,-207.50,-1.8047,-19.3728
1521345,-127.50,-157.50,0.6800,-13.9833
1525251,91.50,-88.50,7.0546,-2.2700
1529157,48.50,-59.50,12.4835,8.9072
1533063,-204.50,-101.50,15.5040,18.8219
1536969,-325.50,-148.50,17.2927,29.3971
1540875,-180.50,-143.50,13.6553,35.0997
1544781,24.50,-90.50,-2.8349,29.7247
1548687,30.50,-78.50,-23.4816,15.7544
1552593,-223.50,-177.50,-32.5398,-6.3355
1556499,-362.50,-210.50,-30.8471,-29.8778
1560405,-218.50,-191.50,-23.8113,-35.8389
1564311,46.50,-121.50,-13.7118,-25.9613
1568217,80.50,-86.50,-2.4144,-16.1734
1572123,-170.50,-127.50,3.1433,-11.2855
1576029,-313.50,-158.50,4.4922,-4.4029
1579935,-222.50,-172.50,10.6393,6.4408
1583841,33.50,-112.50,14.4848,10.2309
1587747,103.50,-81.50,13.7099,4.6173
1591653,-111.50,-124.50,14.0614,-4.4395
1595559,-308.50,-185.50,15.6062,-11.9625
1599465,-255.50,-212.50,15.2625,-17.4734
1603371,-5.50,-155.50,8.6716,-24.7235
1607277,85.50,-106.50,-1.2289,-30.7424
1611183,-112.50,-120.50,-10.5084,-30.1367
1615089,-336.50,-146.50,-17.9011,-17.6917
1618995,-332.50,-180.50,-26.1968,1.3110
1622901,-58.50,-117.50,-35.0709,11.8827
1626807,68.50,-86.50,-36.0360,10.6341
1630713,-78.50,-143.50,-30.2299,-4.8188
1634619,-313.50,-212.50,-22.2671,-30.9088
1638525,-319.50,-244.50,-15.3505,-50.8598
1642431,-82.50,-47.50,-13.7057,-33.8858
1646337,76.50,-6.50,-16.3666,25.1166
1650243,-40.50,-82.50,-18.1334,61.3892
1654149,-289.50,-160.50,-15.1250,42.1216
1658055,-307.50,-193.50,-6.9904,9.1294
1661961,-50.50,-133.50,9.8174,-5.3099
1665867,145.50,-95.50,32.5723,-6.6571
1669773,48.50,-96.50,48.0174,-9.6992
1673679,-239.50,-152.50,46.1237,-11.6846
1677585,-337.50,-193.50,26.7228,-8.1508
1681491,-141.50,-175.50,2.1939,-8.5698
1685397,79.50,-118.50,-12.6486,-18.6679
1689303,48.50,-85.50,-10.1802,-25.6938
1693209,-235.50,-158.50,0.1255,-21.0395
1697115,-326.50,-228.50,4.1476,-19.6428
1701021,-141.50,-217.50,7.5032,-32.1960
1704927,105.50,-158.50,15.6840,-50.4445
1708833,43.50,-116.50,17.5475,-59.0274
1712739,-207.50,-175.50,5.3598,-52.7416
1716645,-341.50,-219.50,-6.8266,-41.8107
1720551,-226.50,-208.50,-13.5490,-34.8474
1724457,28.50,-145.50,-23.7796,-34.6444
1728363,64.50,-98.50,-27.8517,-35.3265
1732269,-178.50,-170.50,-20.4392,-33.3699
1736175,-350.50,-223.50,-13.3754,-34.7232
1740081,-237.50,-212.50,-11.8938,-36.3087
1743987,28.50,-102.50,-12.1844,-27.4437
1747893,105.50,-46.50,-6.2857,-4.3589
1751799,-116.50,-80.50,5.9148,21.2493
1755705,-313.50,-132.50,14.9415,38.5270
1759611,-270.50,-162.50,11.6629,43.4674
1763517,-6.50,-125.50,-3.5885,30.2537
1767423,107.50,-93.50,-12.1761,5.4829
1771329,-122.50,-154.50,-10.9035,-18.9253
1775235,-338.50,-206.50,-14.4752,-35.4783
1779141,-308.50,-234.50,-21.7365,-40.8754
1783047,-36.50,-169.50,-25.4680,-41.6305
1786953,111.50,-109.50,-19.3255,-39.9733
1790859,-62.50,-114.50,-6.2619,-31.8270
1794765,-298.50,-164.50,2.5198,-16.8013
1798671,-306.50,-222.50,3.4313,-6.8727
1802577,-79.50,-175.50,-4.9652,-14.2403
1806483,81.50,-129.50,-18.3927,-30.0099
1810389,-44.50,-118.50,-24.6718,-37.9413
1814295,-308.50,-148.50,-22.6787,-26.8388
1818201,-357.50,-185.50,-24.3198,-3.6403
1822107,-84.50,-132.50,-25.5810,12.8150
1826013,98.50,-109.50,-15.5802,12.6866
1829919,10.50,-156.50,-2.3186,-9.7263
1833825,-241.50,-200.50,8.2943,-39.9726
1837731,-348.50,-210.50,10.3711,-47.8284
1841637,-141.50,-197.50,-2.2745,-36.5458
1845543,61.50,-139.50,-18.8971,-31.8766
1849449,-53.50,-123.50,-37.4651,-34.6581
1853355,-271.50,-224.50,-54.4771,-41.1404
1857261,-373.50,-239.50,-52.6870,-51.3740
1861167,-180.50,-209.50,-38.2465,-52.1017
1865073,35.50,-157.50,-30.2596,-46.1977
1868979,16.50,-111.50,-30.9288,-40.5086
1872885,-232.50,-162.50,-30.8807,-29.1178
1876791,-346.50,-221.50,-23.3783,-19.1278
1880697,-217.50,-229.50,-15.2296,-22.7145
1884603,11.50,-144.50,-20.3695,-33.2459
1888509,57.50,-60.50,-28.2712,-25.5162
1892415,-160.50,-98.50,-17.6105,5.5192
1896321,-344.50,-194.50,0.7081,26.9965
1900227,-224.50,-211.50,6.1711,16.9508
1904133,48.50,-144.50,4.7234,-6.6476
1908039,82.50,-102.50,6.5152,-19.3833
1911945,-140.50,-148.50,6.4709,-20.3413
1915851,-353.50,-206.50,0.6546,-18.6012
1919757,-298.50,-224.50,-13.8557,-18.6159
1923663,-28.50,-163.50,-32.2168,-22.1665
1927569,39.50,-125.50,-42.7873,-27.3029
1931475,-204.50,-175.50,-54.6328,-34.8598
1935381,-384.50,-230.50,-68.7642,-43.4736
1939287,-336.50,-229.50,-68.2012,-43.2066
1943193,-61.50,-165.50,-56.2001,-32.8003
1947099,74.50,-128.50,-40.5833,-24.3260
1951005,-90.50,-154.50,-23.2243,-25.7617
1954911,-312.50,-237.50,-7.9371,-34.3449
1958817,-305.50,-266.50,1.8837,-45.5393
1962723,-69.50,49.50,1.5234,-10.9487
1966629,73.50,-68.50,-7.2340,66.7263
1970535,-73.50,-162.50,-16.4717,73.9065
1974441,-309.50,-239.50,-19.2117,6.4374
1978347,-344.50,-274.50,-16.8699,-47.8885
1982253,-108.50,-208.50,-16.5851,-66.0500
1986159,55.50,-143.50,-20.3898,-61.4308
1990065,-52.50,-154.50,-26.0568,-49.9411
1993971,-304.50,-233.50,-28.6628,-42.6812
1997877,-351.50,-274.50,-24.9978,-43.9368
2001783,-144.50,-230.50,-18.9976,-51.0010
2005689,48.50,-177.50,-18.4555,-59.4600
2009595,-29.50,-161.50,-23.8834,-63.2891
2013501,-290.50,-237.50,-29.4471,-58.8530
2017407,-372.50,-266.50,-30.9355,-51.6301
2021313,-172.50,-234.50,-25.7433,-46.5839
2025219,53.50,-144.50,-17.1002,-42.2239
2029125,30.50,-104.50,-7.9687,-29.2429
2033031,-255.50,-154.50,-3.8690,-5.4850
2036937,-367.50,-196.50,-9.1764,16.7619
2040843,-194.50,-163.50,-11.9379,29.3167
2044749,48.50,-127.50,-6.6011,27.5534
2048655,42.50,-131.50,-1.0837,9.1362
2052561,-218.50,-203.50,-2.0831,-15.3031
2056467,-372.50,-240.50,-8.9294,-29.0695
2060373,-243.50,-239.50,-14.6474,-30.2507
2064279,26.50,-152.50,-14.5413,-28.2595
2068185,65.50,-92.50,-7.1370,-18.4989
2072091,-174.50,-155.50,0.2584,-1.0184
2075997,-346.50,-215.50,2.8522,8.8777
2079903,-223.50,-209.50,9.4576,8.7079
2083809,43.50,-146.50,23.0944,4.3470
2087715,115.50,-109.50,35.6086,-0.6548
2091621,-122.50,-156.50,36.9922,-3.5571
2095527,-284.50,-198.50,34.3388,-0.5734
2099433,-260.50,-226.50,36.6996,4.8222
2103339,-1.50,-158.50,31.7762,2.3785
2107245,90.50,-105.50,19.4127,-2.4796
2111151,-120.50,-119.50,5.6629,2.0658
2115057,-344.50,-178.50,-8.4008,15.4608
2118963,-308.50,-195.50,-14.3444,27.4213
2122869,-56.50,-127.50,-11.9472,31.9595
2126775,85.50,-82.50,-7.6078,32.0099
2130681,-78.50,-76.50,-4.8259,34.5966
2134587,-292.50,-184.50,0.0110,38.1485
2138493,-282.50,-207.50,13.7828,31.4147
2142399,-59.50,-145.50,27.2599,21.4868
2146305,66.50,-122.50,21.5403,13.6992
2150211,-65.50,-138.50,-1.4051,0.4187
2154117,-335.50,-211.50,-23.6066,-12.1157
2158023,-382.50,-269.50,-38.2131,-21.6808
2161929,-140.50,-205.50,-42.9042,-30.4976
2165835,26.50,-145.50,-40.8997,-32.4659
2169741,-81.50,-147.50,-45.6858,-29.5004
2173647,-337.50,-221.50,-56.5149,-27.9532
2177553,-417.50,-264.50,-63.3768,-29.3371
2181459,-202.50,-228.50,-63.3445,-32.3664
2185365,27.50,-160.50,-55.4869,-34.9304
2189271,-21.50,-142.50,-41.8092,-33.8865
2193177,-258.50,-190.50,-26.3831,-25.6940
2197083,-361.50,-226.50,-11.3318,-11.6605
2200989,-159.50,-194.50,3.4250,1.6740
2204895,99.50,-118.50,21.4846,9.7787
2208801,94.50,-84.50,43.1412,16.6408
2212707,-177.50,-156.50,56.8542,23.1405
2216613,-325.50,-192.50,53.9548,26.7258
2220519,-175.50,-177.50,44.0739,30.4961
2224425,80.50,-142.50,39.3384,27.2051
2228331,96.50,-84.50,40.9013,17.2837
2232237,-143.50,-144.50,43.3414,15.8288
2236143,-319.50,-201.50,43.1554,20.0204
2240049,-236.50,-176.50,35.7663,24.8222
2243955,27.50,-104.50,20.8660,32.6966
2247861,73.50,-72.50,9.4462,38.9530
2251767,-143.50,-110.50,5.2871,40.8298
2255673,-325.50,-159.50,8.1908,44.1431
2259579,-248.50,-174.50,16.6199,48.8096
2263485,16.50,-87.50,22.8708,51.4068
2267391,111.50,12.50,26.3185,65.3503
2271297,-63.50,-13.50,32.7872,95.2342
2275203,-308.50,-148.50,39.4373,108.7734
2279109,-360.50,-237.50,21.5733,75.8935
2283015,-101.50,112.50,-24.4361,65.6800
2286921,34.50,-34.50,-58.1713,114.2766
2290827,-158.50,-143.50,-66.8519,108.2085
2294733,-368.50,-221.50,-65.7508,34.3086
2298639,-370.50,-244.50,-57.5178,-18.5012
2302545,-116.50,-199.50,-47.8947,-37.1078
2306451,38.50,-142.50,-42.3846,-44.5860
2310357,-114.50,-134.50,-43.5558,-43.3880
2314266,-355.50,-198.50,-49.2945,-27.6921
2318172,-385.50,-257.50,-50.3314,-14.1225
2322078,-165.50,-216.50,-48.0148,-20.9825
2325984,17.50,-185.50,-49.2759,-44.3650
2329890,-62.50,-198.50,-48.8228,-70.0120
2333796,-281.50,-242.50,-34.5575,-79.1083
2337702,-314.50,-267.50,-4.4579,-65.4147
2341608,-65.50,-207.50,33.6562,-44.1532
2345514,155.50,-118.50,68.8148,-26.0593
2349420,95.50,-89.50,90.9275,-7.2942
2353326,-192.50,-161.50,93.7868,12.1652
2357232,-310.50,-217.50,77.9852,21.8981
2361138,-136.50,-187.50,55.9688,18.2669
2365044,51.50,-124.50,33.5354,7.7677
2368950,54.50,-82.50,15.5680,2.7635
2372856,-224.50,-129.50,10.1129,13.7999
2376762,-371.50,-212.50,5.5337,27.6750
2380668,-191.50,-232.50,0.2189,19.1902
2384574,59.50,-145.50,5.3978,-6.3804
2388480,69.50,-94.50,15.6106,-17.8296
2392386,-185.50,-140.50,19.4974,-5.9501
2396292,-356.50,-187.50,14.5796,14.1392
2400198,-224.50,-177.50,8.7444,29.7052
2404104,51.50,-88.50,11.3965,37.8690
2408010,112.50,-24.50,24.4097,47.4656
2411916,-121.50,-69.50,37.9651,62.5715
2415822,-305.50,-138.50,44.0327,74.1296
2419728,-207.50,-164.50,47.6646,73.0073
2423634,48.50,-92.50,51.0902,60.4314
2427540,128.50,-47.50,50.9752,48.4402
2431446,-64.50,-90.50,50.2389,42.7231
2435352,-290.50,-181.50,51.5503,37.2699
2439258,-255.50,-206.50,47.9864,26.6061
2443164,14.50,-132.50,39.3096,15.3593
2447070,113.50,-84.50,32.5900,9.8502
2450976,-90.50,-116.50,22.0824,7.0068
2454882,-308.50,-195.50,9.1792,3.8268
2458788,-310.50,-233.50,3.0752,-1.3008
2462694,-88.50,-181.50,-5.7227,-10.6399
2466600,78.50,-111.50,-18.7864,-19.1733
2470506,-64.50,-111.50,-21.7747,-18.1173
2474412,-300.50,-174.50,-13.6702,-6.4545
2478318,-316.50,-230.50,-2.5319,3.2485
2482224,-79.50,-175.50,5.7315,1.1653
2486130,95.50,-127.50,8.3715,-8.5102
2490036,-6.50,-129.50,8.9982,-19.3992
2493942,-264.50,-207.50,11.8589,-26.2467
2497848,-345.50,-251.50,10.7736,-28.4443
2501754,-128.50,-196.50,1.6228,-26.8923
2505660,84.50,-141.50,-5.4407,-24.5379
2509566,13.50,-120.50,-3.2908,-24.7816
2513472,-225.50,-173.50,6.2970,-20.2953
2517378,-290.50,-191.50,23.3482,-4.1969
2521284,-81.50,-175.50,45.8858,14.4263
2525190,140.50,-118.50,63.5417,17.9649
2529096,71.50,-83.50,64.7601,10.5378
2533002,-207.50,-128.50,47.4329,11.8893
2536908,-381.50,-217.50,16.8391,17.5080
2540814,-218.50,-253.50,-16.4454,3.1336
2544720,-15.50,-191.50,-43.4054,-31.6325
2548626,-31.50,-209.50,-65.8866,-67.7511
2552532,-297.50,-274.50,-85.1064,-98.3472
2556438,-454.50,-297.50,-98.0960,-111.0347
2560344,-319.50,-228.50,-102.9138,-89.0296
2564250,-33.50,-156.50,-96.4332,-47.1678
2568156,-15.50,-150.50,-82.5650,-23.1020
2572062,-258.50,-178.50,-76.6558,-24.5930
2575968,-410.50,-197.50,-75.7247,-21.0438
2579874,-301.50,-220.50,-64.9469,-4.6682
2583780,-30.50,-45.50,-49.3424,20.2534
2587686,57.50,-96.50,-34.7139,46.2718
2591592,-176.50,400.50,-24.7914,130.1140
2595498,-337.50,-63.50,-17.6790,263.7481
2599404,-270.50,-200.50,-2.9706,252.6117
2603310,-22.50,-152.50,9.1081,109.5430
2607216,90.50,-113.50,10.0047,6.3910
2611122,-100.50,-171.50,8.7897,-37.0856
2615028,-319.50,-206.50,10.3856,-50.9210
2618934,-305.50,-238.50,11.5698,-41.7252
2622840,-59.50,-216.50,6.3724,-29.2949
2626746,99.50,-159.50,1.6717,-34.3461
2630652,-47.50,-181.50,8.3382,-51.4310
2634558,-274.50,-271.50,23.3870,-71.1226
2638464,-280.50,-289.50,37.8569,-82.6153
2642370,-32.50,-222.50,46.4251,-73.4897
2646276,140.50,-176.50,50.8140,-56.2890
2650182,-14.50,-188.50,48.9664,-55.5644
2654088,-264.50,-248.50,38.7122,-67.5011
2657994,-341.50,-287.50,24.4037,-72.1444
2661900,-127.50,-228.50,6.5381,-61.8237
2665806,63.50,-175.50,-9.8870,-47.0725
2669712,-50.50,-144.50,-21.6400,-40.2350
2673618,-315.50,-208.50,-33.1867,-37.6229
2677524,-402.50,-253.50,-43.3055,-33.3868
2681430,-190.50,-232.50,-47.5491,-28.0016
2685336,48.50,-161.50,-42.0225,-24.6186
2689242,-0.50,-116.50,-28.2601,-21.2514
2693148,-241.50,-173.50,-13.0820,-14.0239
2697054,-342.50,-232.50,1.5580,-7.3905
2700960,-160.50,-210.50,14.7066,-2.5913
2704866,35.50,-148.50,15.7166,0.9350
2708772,31.50,-117.50,3.1413,-0.4191
2712678,-204.50,-161.50,-3.5167,-4.2831
2716584,-344.50,-193.50,3.4069,0.2037
2720490,-190.50,-177.50,14.1371,17.8361
2724396,64.50,-83.50,22.8899,40.7878
2728302,78.50,-81.50,27.8680,53.1547
2732208,-148.50,-145.50,29.4447,41.3474
2736114,-333.50,-205.50,29.3913,18.7421
2740020,-239.50,-219.50,23.7189,6.3359
2743926,13.50,-153.50,11.6656,3.1465
2747832,77.50,-88.50,3.3577,5.6422
2751738,-150.50,-127.50,1.6442,11.9454
2755644,-350.50,-173.50,0.3134,19.1256
2759550,-256.50,-164.50,1.2628,32.5381
2763456,28.50,-94.50,11.7461,51.7140
2767362,86.50,-69.50,22.9401,61.0011
2771268,-112.50,-110.50,19.1301,50.0837
2775174,-312.50,-159.50,11.4478,34.3696
2779080,-294.50,-192.50,10.6065,30.2054
2782986,-17.50,-113.50,10.4313,35.2322
2786892,124.50,-48.50,16.3313,45.9029
2790798,-47.50,-46.50,27.9866,58.6983
2794704,-268.50,-110.50,37.4195,69.8816
2798610,-276.50,-153.50,42.9243,75.1836
2802516,-1.50,-88.50,46.6204,75.1943
2806422,167.50,-33.50,56.1680,75.6780
2810328,33.50,-53.50,69.0795,72.0509
2814234,-200.50,-114.50,79.3607,63.3062
2818140,-237.50,-143.50,86.9465,60.0722
2822046,15.50,-92.50,92.6069,66.2629
2825952,206.50,-25.50,100.0308,74.9873
2829858,111.50,13.50,108.2557,84.6670
2833764,-154.50,-51.50,112.3970,97.8226
2837670,-224.50,-77.50,110.3155,110.5811
2841576,-10.50,-41.50,105.6761,121.4867
2845482,211.50,5.50,104.5758,124.9628
2849388,135.50,33.50,106.2171,118.5566
2853294,-125.50,-37.50,104.9438,111.1867
2857200,-229.50,-96.50,100.8099,104.2621
2861106,-51.50,-77.50,95.9110,96.8798
2865012,167.50,-26.50,87.7422,88.6687
2868918,119.50,-12.50,74.7171,76.3873
2872824,-139.50,-81.50,59.9023,60.9221
2876730,-296.50,-143.50,45.9775,46.4935
2880636,-169.50,-152.50,28.3531,34.3862
2884542,48.50,-111.50,2.9178,18.7684
2888448,29.50,-79.50,-26.0462,-0.0656
2892354,-246.50,-132.50,-55.0067,-13.6712
2896260,-397.50,-188.50,-76.9597,-19.0483
2900166,-256.50,-173.50,-79.8637,-15.6721
2904072,-10.50,-124.50,-70.3137,-9.4347
2907978,-21.50,-128.50,-73.3285,-17.1142
2911884,-277.50,-228.50,-100.1050,-50.4463
2915790,-436.50,-287.50,-125.8344,-93.7204
2919696,-345.50,-269.50,-127.3861,-113.7044
2923602,-90.50,-194.50,-118.2958,-103.3099
2927508,-0.50,-131.50,-111.4439,-81.3453
2931414,-192.50,-173.50,-102.0078,-64.7562
2935320,-388.50,-245.50,-87.1400,-61.2338
2939226,-341.50,-266.50,-73.8221,-66.7002
2943132,-56.50,-204.50,-65.6156,-72.3165
2947038,74.50,-157.50,-52.8546,-74.5651
2950944,-81.50,-154.50,-32.0391,-71.1379
2954850,-297.50,-189.50,-8.9861,-55.2297
2958756,-282.50,-209.50,7.9019,-31.0241
2962662,32.50,-122.50,23.4226,-8.4541
2966568,171.50,-47.50,47.2603,13.6767
2970474,50.50,-33.50,69.8663,36.2177
2974380,-175.50,-101.50,88.8229,54.4566
2978286,-191.50,-143.50,105.5287,61.4835
2982192,48.50,-77.50,113.2563,61.1527
2986098,231.50,-14.50,114.5814,64.0580
2990004,127.50,-0.50,117.5278,70.5696
2993910,-143.50,-64.50,120.8546,77.8184
2997816,-225.50,-95.50,113.2721,84.3185
3001722,-12.50,-49.50,94.3135,90.7134
3005628,190.50,22.50,77.8363,97.2873
3009534,111.50,35.50,71.4837,102.0737
3013440,-163.50,-56.50,68.9696,99.3219
3017346,-253.50,-111.50,63.4500,85.5670
3021252,-69.50,-80.50,55.9764,71.3520
3025158,154.50,-34.50,48.3360,61.5744
3029064,112.50,-36.50,43.2468,47.6608
3032970,-140.50,-84.50,42.6538,32.5777
3036876,-262.50,-112.50,44.6641,31.2058
3040782,-96.50,-62.50,46.4995,48.7391
3044688,154.50,-32.50,47.6538,65.9203
3048594,146.50,-51.50,49.7312,55.6789
3052500,-128.50,-127.50,46.3625,20.8145
3056406,-271.50,-162.50,36.2014,-8.0596
3060312,-148.50,-157.50,28.4466,-14.4202
3064218,74.50,-74.50,18.1067,-7.8505
3068124,85.50,-42.50,-1.9160,1.4908
3072030,-190.50,-90.50,-29.3024,7.6187
3075936,-413.50,-152.50,-63.6315,7.7682
3079842,-288.50,-136.50,-92.3254,7.5921
3083748,-40.50,-64.50,-101.6691,12.3199
3087654,42.50,-41.50,-97.7857,16.4098
3091560,-207.50,-84.50,-95.2836,12.3931
3095466,-420.50,-154.50,-103.1477,3.9106
3099372,-367.50,-207.50,-116.2336,-10.5177
3103278,-113.50,-155.50,-128.0018,-34.7366
3107184,12.50,-101.50,-132.0233,-54.3098
3111090,-175.50,-133.50,-123.8205,-59.1728
3114996,-383.50,-190.50,-108.7378,-55.5425
3118902,-356.50,-243.50,-93.6399,-55.3418
3122808,-111.50,-181.50,-87.2860,-64.7378
3126714,26.50,-130.50,-90.4383,-73.6887
3130620,-122.50,-149.50,-92.2787,-76.1675
3134526,-350.50,-206.50,-84.6751,-74.1234
3138432,-386.50,-254.50,-76.1924,-72.0103
3142338,-143.50,-217.50,-79.2233,-77.7101
3146244,80.50,-100.50,-77.5689,-78.4004
3150150,-15.50,-71.50,-52.0181,-54.1883
3154056,-294.50,-174.50,-22.4903,-25.3934
3157962,-418.50,-246.50,-26.5751,-26.2860
3161868,-209.50,-222.50,-66.2792,-52.1126
3165774,-29.50,-144.50,-107.4379,-74.5612
3169680,-113.50,-125.50,-128.8329,-77.8430
3173586,-428.50,-187.50,-141.0358,-67.8261
3177492,-481.50,-224.50,-152.7948,-55.9845
3181398,-258.50,-176.50,-148.9954,-43.6119
3185304,-15.50,-94.50,-127.3431,-29.2951
3189210,-56.50,-63.50,-103.4874,-14.9817
3193116,-296.50,-141.50,-83.5869,-6.6342
3197022,-387.50,-184.50,-63.0999,-6.5177
3200928,-189.50,-144.50,-38.4533,-3.5964
3204834,71.50,-73.50,-13.8843,6.0903
3208740,57.50,-40.50,4.3902,14.4016
3212646,-208.50,-105.50,10.4613,16.9697
3216552,-352.50,-156.50,7.2558,15.8665
3220458,-210.50,-116.50,4.3577,21.0656
3224364,45.50,-122.50,3.2877,22.0809
3228270,78.50,-92.50,4.3846,-0.2503
3232176,-149.50,-143.50,10.5700,-27.3640
3236082,-336.50,-216.50,18.4528,-40.7011
3239988,-236.50,-224.50,19.7942,-47.1118
3243894,35.50,-143.50,15.2299,-49.7140
3247800,80.50,-108.50,10.6656,-47.3188
3251706,-141.50,-146.50,4.8588,-44.9563
3255612,-367.50,-190.50,-3.4693,-41.0097
3259518,-319.50,-204.50,-17.2235,-32.2186
3263424,-61.50,-123.50,-35.9952,-23.1658
3267330,37.50,-78.50,-49.4114,-15.5889
3271236,-157.50,-158.50,-52.9509,-20.0127
3275142,-385.50,-242.50,-50.6557,-43.5831
3279048,-360.50,-274.50,-49.0838,-70.5884
3282954,-109.50,-214.50,-53.3163,-86.8664
3286860,16.50,-164.50,-61.2515,-92.3728
3290766,-144.50,-172.50,-66.8360,-90.6020
3294672,-380.50,-239.50,-65.0064,-83.4433
3298578,-376.50,-273.50,-56.8612,-76.7855
3302484,-121.50,-208.50,-47.7655,-73.6457
3306390,37.50,-146.50,-41.7037,-69.7447
3310296,-98.50,-161.50,-40.6984,-66.2519
3314202,-353.50,-221.50,-41.8787,-64.2185
3318108,-414.50,-275.50,-45.5168,-63.5455
3322014,-157.50,-210.50,-49.7564,-63.9528
3325920,35.50,-141.50,-46.1188,-59.6999
3329826,-64.50,-124.50,-38.5278,-49.8140
3333732,-324.50,-176.50,-34.0413,-36.1622
3337638,-367.50,-205.50,-26.3547,-19.8434
3341544,-120.50,-143.50,-5.7751,-1.6364
3345450,101.50,-72.50,21.6077,16.0160
3349356,37.50,-41.50,39.5190,29.6483
3353266,-239.50,-128.50,42.1002,36.2360
3357172,-342.50,-173.50,36.1473,33.4130
3361078,-153.50,-141.50,32.2711,29.3678
3364984,103.50,-89.50,35.8167,26.7469
3368890,90.50,-65.50,47.3087,20.7305
3372796,-174.50,-128.50,59.3488,15.1141
3376702,-313.50,-175.50,63.8721,14.1615
3380608,-210.50,-168.50,54.6983,15.8862
3384514,47.50,-129.50,31.7281,9.8670
3388420,53.50,-79.50,12.5813,-2.7347
3392326,-207.50,-111.50,3.1786,-3.7194
3396232,-362.50,-166.50,-0.7396,9.0646
3400138,-204.50,-172.50,9.0302,19.6576
3404044,48.50,-137.50,28.1263,14.4401
3407950,63.50,-105.50,33.2487,-4.4899
3411856,-160.50,-148.50,19.7831,-21.5924
3415762,-374.50,-205.50,4.9555,-27.3378
3419668,-300.50,-220.50,-6.5334,-25.9923
3423574,-26.50,-152.50,-15.7169,-24.8893
3427480,47.50,-100.50,-19.5464,-23.1526
3431386,-186.50,-156.50,-26.1685,-23.4358
3435292,-386.50,-207.50,-35.5158,-28.2391
3439198,-325.50,-234.50,-34.1049,-31.2675
3443104,-78.50,-178.50,-27.4148,-33.4104
3447010,66.50,-130.50,-23.6089,-37.0805
3450916,-109.50,-140.50,-16.2259,-38.0749
3454822,-347.50,-225.50,-6.5983,-37.0399
3458728,-346.50,-264.50,-3.2502,-41.9698
3462634,-97.50,-205.50,-8.4938,-50.8996
3466540,46.50,-157.50,-17.5238,-55.9945
3470446,-106.50,-149.50,-25.7208,-55.4361
3474352,-302.50,-191.50,-21.1654,-44.5509
3478258,-319.50,-210.50,2.8150,-24.2742
3482164,-106.50,-166.50,22.0092,-6.2982
3486070,47.50,-120.50,15.1985,-0.9757
3489976,-32.50,-111.50,-0.0511,-5.5046
3493882,-250.50,-182.50,6.7295,-9.5245
3497788,-285.50,-239.50,36.4030,-14.0652
3501694,-51.50,-170.50,68.0418,-16.4283
3505600,150.50,-93.50,87.5354,-6.1432
3509506,80.50,-74.50,94.0713,11.1303
3513412,-226.50,-146.50,86.9407,21.8170
3517318,-316.50,-156.50,66.7585,28.2582
3521224,-128.50,-120.50,48.9328,41.5271
3525130,101.50,-64.50,42.2198,54.0668
3529036,51.50,-31.50,40.8856,57.6933
3532942,-207.50,-102.50,38.7836,57.3308
3536848,-312.50,-134.50,39.0522,57.0595
3540754,-139.50,-120.50,47.3005,60.3570
3544660,101.50,-55.50,56.4989,63.1514
3548566,109.50,-15.50,61.7758,64.0732
3552472,-143.50,-63.50,65.1281,67.8376
3556378,-300.50,-136.50,65.4667,69.4709
3560284,-175.50,-153.50,61.9395,60.2542
3564190,93.50,-80.50,58.1848,44.6384
3568096,137.50,-46.50,61.1797,35.3912
3572002,-94.50,-111.50,68.9697,29.9550
3575908,-271.50,-170.50,75.2511,21.5120
3579814,-192.50,-156.50,75.9295,18.3073
3583720,73.50,-96.50,69.2050,23.4209
3587626,153.50,-84.50,64.4212,22.6847
3591532,-97.50,-112.50,59.9252,11.0793
3595438,-321.50,-164.50,44.2925,4.1191
3599344,-284.50,-188.50,21.3283,6.0287
3603250,-26.50,-131.50,0.0780,5.7190
3607156,69.50,-76.50,-14.0686,3.0777
3611062,-100.50,-100.50,-18.5983,3.4404
3614968,-321.50,-136.50,-12.2819,10.4650
3618874,-286.50,-108.50,0.1653,32.0207
3622780,19.50,-16.50,18.4019,68.7481
3626686,125.50,-45.50,38.0173,90.2120
3630592,-106.50,-128.50,29.3377,61.6210
3634498,-326.50,-156.50,-4.9934,12.1005
3638404,-350.50,-202.50,-27.2881,-11.4001
3642310,-127.50,-220.50,-36.5526,-26.3428
3646216,63.50,-153.50,-42.8969,-52.7148
3650122,-74.50,-160.50,-41.9243,-69.2701
3654028,-338.50,-226.50,-40.1861,-69.5358
3657934,-401.50,-271.50,-45.6619,-68.8336
3661840,-207.50,-270.50,-61.0814,-79.2459
3665746,31.50,-197.50,-74.8669,-96.4949
3669652,-49.50,-188.50,-68.3826,-102.5734
3673558,-345.50,-235.50,-56.2792,-94.1782
3677464,-429.50,-256.50,-59.6760,-79.2773
3681370,-205.50,-204.50,-65.7357,-60.4229
3685276,45.50,-125.50,-56.8756,-39.2904
3689182,16.50,-99.50,-33.8528,-19.0290
3693088,-209.50,-189.50,-3.9393,-9.8599
3696994,-329.50,-216.50,23.7037,-14.9432
3700900,-142.50,-175.50,39.8042,-15.9322
3704806,112.50,-111.50,47.2771,-5.9949
3708712,115.50,-57.50,55.9406,8.8624
3712618,-128.50,-109.50,67.9807,26.5149
3716524,-294.50,-145.50,76.0143,40.8563
3720430,-173.50,-111.50,70.4912,52.8749
3724336,75.50,-56.50,53.5046,63.4816
3728242,112.50,-31.50,40.4912,66.1950
3732148,-118.50,-79.50,40.6383,62.2225
3736054,-300.50,-150.50,47.7822,55.0429
3739960,-220.50,-158.50,48.0628,43.7743
3743866,49.50,-79.50,37.6257,34.5426
3747772,128.50,-32.50,31.5095,36.8801
3751678,-84.50,-63.50,36.9465,47.4795
3755584,-273.50,-129.50,48.2103,55.5521
3759490,-185.50,-153.50,62.8503,53.3517
3763396,66.50,-74.50,74.1295,45.7651
3767302,141.50,-25.50,71.0604,45.6172
3771208,-65.50,-73.50,53.8335,48.3491
3775114,-281.50,-126.50,38.0808,45.8667
3779020,-245.50,-131.50,34.7120,45.6010
3782926,19.50,-61.50,38.7142,52.5317
3786832,143.50,-0.50,42.0472,63.5270
3790738,-16.50,-32.50,41.8101,71.2785
3794644,-262.50,-123.50,40.7544,66.4347
3798550,-271.50,-162.50,38.8329,48.6720
3802456,-40.50,-178.50,31.7052,18.8666
3806362,114.50,-162.50,19.7369,-25.2885
3810268,-25.50,-154.50,7.8711,-63.9349
3814174,-288.50,-194.50,-0.9855,-71.3486
3818080,-322.50,-232.50,-6.2962,-56.5968
3821986,-106.50,-191.50,-9.7266,-44.5678
3825892,67.50,-128.50,-17.4038,-40.9362
3829798,-56.50,-121.50,-32.8621,-38.5174
3833704,-309.50,-175.50,-49.0223,-33.6053
3837610,-396.50,-208.50,-57.9716,-27.0142
3841516,-185.50,-173.50,-61.8242,-20.7095
3845422,48.50,-114.50,-59.8884,-16.9606
3849328,10.50,-101.50,-46.5721,-15.8081
3853234,-184.50,-83.50,-17.0860,-2.8399
3857140,-278.50,-106.50,24.0646,32.3521
3861046,-207.50,-174.50,37.2014,52.7897
3864952,-33.50,-150.50,-8.3370,23.9856
3868858,-47.50,-126.50,-71.4418,-21.8766
3872764,-276.50,-233.50,-98.9355,-55.0426
3876670,-420.50,-282.50,-92.8801,-82.4407
3880576,-276.50,-293.50,-81.4259,-102.9215
3884482,-79.50,-229.50,-84.5261,-113.1257
3888388,-96.50,-217.50,-108.0514,-117.1857
3892294,-345.50,-293.50,-139.4948,-126.0049
3896200,-512.50,-322.50,-160.8093,-138.8792
3900106,-385.50,-314.50,-164.6309,-139.3737
3904012,-98.50,-239.50,-150.2926,-126.7645
3907918,-28.50,-190.50,-122.0471,-109.0891
3911824,-222.50,-236.50,-91.6116,-94.7496
3915730,-398.50,-270.50,-66.4934,-87.0929
3919636,-303.50,-257.50,-46.9189,-76.4278
3923542,-44.50,-178.50,-32.9285,-57.9534
3927448,61.50,-108.50,-21.2446,-33.7447
3931354,-143.50,-187.50,-11.3909,-18.6105
3935260,-368.50,-256.50,-10.0998,-28.5178
3939166,-314.50,-303.50,-14.9890,-53.7735
3943072,-56.50,-252.50,-15.6386,-78.1168
3946978,93.50,-172.50,-5.8812,-86.1761
3950884,-88.50,-180.50,8.7978,-71.9832
3954790,-329.50,-281.50,14.1201,-58.4945
3958696,-345.50,-309.50,5.0946,-64.6943
3962602,-95.50,-221.50,-9.4103,-71.5201
3966508,39.50,-166.50,-19.8835,-61.0878
3970414,-108.50,-165.50,-28.2541,-45.0151
3974320,-373.50,-229.50,-39.0327,-33.7459
3978226,-397.50,-251.50,-49.5016,-26.5651
3982132,-157.50,-186.50,-52.4166,-17.6833
3986038,43.50,-105.50,-43.7357,-1.9925
3989944,-57.50,-102.50,-28.5371,15.8490
3993850,-298.50,-176.50,-14.3143,25.5407
3997756,-376.50,-246.50,-6.5156,19.4540
4001662,-184.50,-184.50,-10.5313,6.7825
4005568,22.50,-132.50,-22.3295,2.5323
4009474,-41.50,-110.50,-29.1689,5.0460
4013380,-305.50,-192.50,-29.2176,6.4671
4017286,-399.50,-239.50,-28.4180,2.6204
4021192,-188.50,-224.50,-22.9109,-4.6384
4025098,37.50,-166.50,-10.5511,-13.2775
4029004,61.50,-52.50,8.7652,-5.8154
4032910,-170.50,-111.50,38.5809,29.5803
4036816,-361.50,-239.50,56.3084,49.9613
4040722,-233.50,-244.50,38.6490,26.0782
4044628,41.50,-124.50,11.5815,-1.2823
4048534,75.50,-111.50,10.8972,-1.2492
4052440,-154.50,-173.50,31.5111,4.0097
4056346,-296.50,-196.50,53.9096,6.6424
4060252,-174.50,-153.50,71.0770,25.6596
4064158,103.50,-78.50,83.0541,55.8112
4068064,138.50,-15.50,91.4038,79.2420
4071970,-96.50,-56.50,90.7093,93.1840
4075876,-250.50,-105.50,88.0453,102.2664
4079782,-173.50,-160.50,94.8916,101.7693
4083688,92.50,-98.50,102.1850,84.6408
4087594,160.50,-36.50,102.6289,67.0811
4091500,-45.50,-58.50,96.6310,65.4592
4095406,-252.50,-83.50,89.7286,80.3758
4099312,-192.50,-121.50,89.1818,101.3206
4103218,53.50,-28.50,91.2484,114.7478
4107124,154.50,35.50,87.5597,125.2390
4111030,-20.50,-40.50,78.4147,125.4781
4114936,-250.50,-134.50,71.6853,101.3379
4118842,-248.50,-173.50,67.4311,68.6924
4122748,21.50,-111.50,64.8089,48.7202
4126654,141.50,-37.50,64.4695,46.1742
4130560,-3.50,-30.50,59.5689,56.2530
4134466,-239.50,-88.50,54.0104,72.1000
4138372,-250.50,-120.50,55.9766,86.4562
4142278,-18.50,-64.50,61.2863,95.2291
4146184,144.50,-26.50,61.9201,94.4155
4150090,35.50,-33.50,57.3456,81.4515
4153996,-224.50,-108.50,52.7769,65.7686
4157902,-298.50,-150.50,45.8120,56.7169
4161808,-59.50,-100.50,38.6942,56.1210
4165714,133.50,-41.50,39.2569,59.2105
4169620,59.50,-15.50,43.1132,61.1936
4173526,-186.50,-72.50,46.9115,66.0042
4177432,-271.50,-128.50,52.4645,72.1451
4181338,-88.50,-113.50,55.6628,71.2197
4185244,111.50,-51.50,49.6414,61.6416
4189150,81.50,-12.50,38.8106,53.4957
4193056,-173.50,-79.50,34.0720,53.6738
4196962,-312.50,-133.50,31.5836,55.9056
4200868,-127.50,-124.50,28.3119,55.1587
4204774,80.50,-50.50,25.7970,51.8712
4208680,80.50,-42.50,19.5351,45.2189
4212586,-169.50,-84.50,12.3808,36.2821
4216492,-288.50,-156.50,13.6519,30.4055
4220398,-166.50,-155.50,23.5822,26.5023
4224304,71.50,-74.50,28.1075,23.6259
4228210,99.50,-39.50,22.6724,24.4871
4232116,-141.50,-68.50,14.0800,27.9677
4236022,-284.50,-106.50,11.4264,38.1518
4239928,-210.50,-106.50,16.7695,55.1013
4243834,48.50,-48.50,17.6942,66.0212
4247740,143.50,15.50,19.4187,68.2632
4251646,-58.50,-24.50,31.6272,69.5520
4255552,-274.50,-100.50,41.8285,68.4357
4259458,-227.50,-137.50,37.8475,59.6034
4263364,27.50,-79.50,25.0253,45.0331
4267270,112.50,-34.50,13.5875,31.9596
4271176,-80.50,-73.50,3.0511,21.1562
4275082,-296.50,-141.50,-5.3212,11.4032
4278988,-254.50,-155.50,-4.8235,8.1221
4282894,17.50,-79.50,6.4152,15.3068
4286800,178.50,4.50,26.9771,31.9250
4290706,32.50,-28.50,50.0013,46.9609
4294612,-218.50,-86.50,63.1587,50.7853
4298518,-218.50,-126.50,63.4264,48.9988
4302424,38.50,-50.50,63.3933,50.6727
4306330,177.50,10.50,65.8097,57.9830
4310236,15.50,6.50,54.9188,63.6280
4314142,-261.50,-65.50,26.9954,63.3387
4318048,-301.50,-121.50,-0.8985,58.1028
4321954,-70.50,-142.50,-12.8363,39.0837
4325860,67.50,-106.50,-19.2476,0.8570
4329766,-29.50,-127.50,-36.7414,-41.8499
4333672,-272.50,-203.50,-52.3509,-73.1861
4337578,-386.50,-237.50,-59.6884,-86.4139
4341484,-191.50,-191.50,-71.6450,-80.5454
4345390,29.50,-126.50,-83.0714,-67.1141
4349296,-18.50,-109.50,-82.7450,-59.3195
4353202,-298.50,-175.50,-79.2759,-58.8198
4357108,-408.50,-223.50,-83.7373,-60.4925
4361014,-217.50,-207.50,-87.4927,-60.7727
4364920,17.50,-131.50,-82.2833,-59.9574
4368826,-20.50,-81.50,-77.4302,-53.9239
4372732,-258.50,-136.50,-78.7588,-41.5285
4376638,-396.50,-196.50,-78.5088,-32.0623
4380544,-237.50,-166.50,-72.1291,-26.1345
4384450,17.50,-111.50,-62.1403,-20.8924
4388356,28.50,-72.50,-53.3460,-20.3156
4392267,-213.50,-112.50,-51.1639,-21.0937
4396173,-382.50,-164.50,-53.6373,-16.7242
4400079,-273.50,-175.50,-56.0679,-10.8157
4403985,-0.50,-118.50,-55.3247,-11.9478
4407891,64.50,-61.50,-46.8398,-16.5845
4411797,-136.50,-100.50,-31.8334,-16.1913
4415703,-320.50,-125.50,-14.9599,-6.4739
4419609,-248.50,-138.50,-2.6745,11.7125
4423515,16.50,-90.50,0.9291,22.9465
4427421,118.50,-42.50,3.5752,19.6662
4431327,-78.50,-84.50,9.4770,9.8907
4435233,-271.50,-149.50,17.9927,0.0579
4439139,-225.50,-175.50,30.0314,-6.2333
4443045,16.50,-110.50,37.3265,-7.9516
4446951,115.50,-66.50,31.0247,-7.4316
4450857,-64.50,-84.50,14.1933,-9.1146
4454763,-288.50,-145.50,0.3930,-11.1497
4458669,-280.50,-184.50,-1.8512,-11.7006
4462575,-51.50,-136.50,-1.0253,-14.3359
4466481,83.50,-84.50,-7.7680,-19.0793
4470387,-46.50,-92.50,-18.1781,-23.9636
4474293,-245.50,-166.50,-14.5844,-28.3430
4478199,-280.50,-197.50,5.1112,-31.3814
4482105,-96.50,-146.50,12.8552,-29.8259
4486011,38.50,-114.50,-9.7752,-29.2899
4489917,-56.50,-109.50,-43.2790,-37.4893
4493823,-262.50,-140.50,-53.3086,-40.7019
4497729,-335.50,-190.50,-37.6415,-30.6362
4501635,-111.50,-142.50,-20.1941,-18.8327
4505541,85.50,-88.50,-9.6158,-12.2254
4509447,-3.50,-93.50,-8.2704,-14.7374
4513353,-235.50,-141.50,-14.0077,-22.9882
4517259,-340.50,-223.50,-17.1128,-31.8048
4521165,-143.50,-186.50,-15.6472,-41.7135
4525071,81.50,-121.50,-9.6302,-46.0248
4528977,66.50,-95.50,1.2894,-43.0005
4532883,-213.50,-149.50,7.3620,-38.6276
4536789,-360.50,-189.50,-3.8287,-33.6068
4540695,-187.50,-181.50,-20.5498,-27.7465
4544601,28.50,-111.50,-27.6794,-24.2945
4548507,59.50,-37.50,-26.4499,-15.7469
4552413,-173.50,-80.50,-17.3713,3.9979
4556319,-324.50,-143.50,-6.0593,20.4565
4560225,-191.50,-175.50,2.3026,18.7324
4564131,80.50,-111.50,12.6075,2.0540
4568037,134.50,-30.50,28.8546,-5.7658
4571943,-105.50,-79.50,41.0777,4.7669
4575849,-280.50,-149.50,41.2776,13.6899
4579755,-207.50,-176.50,35.3934,9.5676
4583661,50.50,-114.50,28.2242,-1.1745
4587567,126.50,-72.50,24.5635,-9.9817
4591473,-79.50,-114.50,24.2108,-17.2740
4595379,-274.50,-192.50,24.8267,-27.1471
4599285,-214.50,-208.50,28.9516,-36.0088
4603191,43.50,-122.50,35.1707,-34.1495
4607097,115.50,-85.50,34.3914,-23.7732
4611003,-72.50,-111.50,19.4579,-20.9273
4614909,-290.50,-160.50,2.5102,-23.6689
4618815,-271.50,-181.50,-3.5448,-19.2506
4622721,-22.50,-111.50,-2.2446,-7.7286
4626627,115.50,-64.50,0.9282,2.7894
4630533,-33.50,-62.50,2.8140,6.7219
4634439,-268.50,-131.50,3.3461,7.8956
4638345,-310.50,-160.50,-0.2896,9.8377
4642251,-79.50,-96.50,-11.1756,15.4952
4646157,112.50,-62.50,-17.0641,20.7041
4650063,16.50,-79.50,-6.8561,12.8297
4653969,-232.50,-143.50,10.1668,-2.9625
4657875,-300.50,-180.50,17.3046,-11.6776
4661781,-85.50,-127.50,12.0425,-8.6633
4665687,99.50,-104.50,3.6290,-5.9050
4669593,9.50,-110.50,-4.6254,-18.5067
4673499,-254.50,-180.50,-14.2651,-38.7591
4677405,-344.50,-216.50,-23.9954,-50.3195
4681311,-144.50,-188.50,-28.7358,-49.9016
4685217,55.50,-116.50,-29.4416,-44.0683
4689123,16.50,-89.50,-31.5173,-36.7190
4693029,-220.50,-128.50,-30.8767,-26.1670
4696935,-348.50,-175.50,-26.4187,-13.5556
4700841,-168.50,-166.50,-22.2937,-5.8693
4704747,67.50,-132.50,-16.7908,-11.8873
4708653,102.50,-90.50,-3.8081,-25.9693
4712559,-141.50,-128.50,16.2627,-30.1869
4716465,-369.50,-212.50,17.2865,-27.6580
4720371,-266.50,-222.50,-17.4864,-35.1800
4724277,-56.50,-193.50,-65.0974,-55.2576
4728183,-13.50,-153.50,-97.9500,-77.3190
4732089,-216.50,-177.50,-103.3405,-85.7741
4735995,-399.50,-229.50,-89.5480,-77.5949
4739901,-288.50,-233.50,-74.7068,-65.1793
4743807,-38.50,-168.50,-64.9357,-57.1042
4747713,37.50,-129.50,-58.8690,-53.3327
4751619,-191.50,-156.50,-58.7487,-52.1193
4755525,-392.50,-200.50,-65.6762,-48.2816
4759431,-344.50,-220.50,-74.0701,-40.5266
4763337,-63.50,-137.50,-76.0173,-31.2886
4767243,43.50,-85.50,-66.4912,-18.7243
4771149,-160.50,-122.50,-57.7407,-10.4064
4775055,-364.50,-175.50,-57.7339,-11.2399
4778961,-328.50,-192.50,-54.3453,-11.6633
4782867,-80.50,-117.50,-45.6921,-4.3605
4786773,81.50,-54.50,-34.9918,10.1340
4790679,-66.50,-66.50,-20.5680,23.6429
4794585,-303.50,-141.50,-7.9295,27.8225
4798491,-306.50,-188.50,-1.1776,20.6847
4802397,-62.50,-142.50,3.4983,8.3794
4806303,112.50,-81.50,9.8647,0.9732
4810209,-18.50,-77.50,15.3310,1.5392
4814115,-271.50,-156.50,15.0536,3.5985
4818021,-332.50,-238.50,8.5001,-6.5116
4821927,-105.50,-180.50,0.3526,-25.6853
4825833,71.50,-127.50,-5.3833,-35.6890
4829739,-31.50,-100.50,-12.8821,-33.6807
4833645,-282.50,-155.50,-22.2188,-24.3821
4837551,-349.50,-206.50,-24.6017,-14.8073
4841457,-146.50,-160.50,-18.0544,-8.5760
4845363,63.50,-99.50,-10.8565,-2.6910
4849269,13.50,-79.50,-8.0795,0.7829
4853175,-250.50,-150.50,-9.1760,-0.9630
4857081,-369.50,-209.50,-14.4150,-7.8611
4860987,-178.50,-175.50,-17.6806,-12.7703
4864893,48.50,-127.50,-14.1619,-13.0031
4868799,43.50,-99.50,-8.0688,-15.5576
4872705,-216.50,-157.50,-4.3590,-20.3726
4876611,-371.50,-209.50,-7.7938,-23.1444
4880517,-227.50,-206.50,-15.8540,-23.4229
4884423,23.50,-138.50,-20.2878,-23.5490
4888329,47.50,-114.50,-18.4113,-25.4446
4892235,-194.50,-168.50,-15.3552,-30.9038
4896141,-383.50,-234.50,-18.3036,-38.7896
4900047,-286.50,-238.50,-28.6687,-44.9476
4903953,-46.50,-169.50,-42.9563,-47.2226
4907859,-0.50,-160.50,-56.8944,-51.0026
4911765,-224.50,-204.50,-68.1570,-63.2203
4915671,-428.50,-253.50,-75.7891,-73.6395
4919577,-345.50,-269.50,-78.1512,-73.0598
4923483,-74.50,-186.50,-73.0857,-65.7574
4927389,-12.50,-128.50,-67.9142,-53.0873
4931295,-187.50,-172.50,-69.8035,-42.6241
4935201,-369.50,-220.50,-63.6121,-39.6077
4939107,-292.50,-225.50,-37.4685,-34.0309
4943013,-27.50,-143.50,-4.1191,-19.7498
4946919,102.50,-79.50,19.8870,-0.6240
4950825,-63.50,-97.50,30.2488,14.6928
4954731,-285.50,-157.50,34.1961,22.3695
4958637,-283.50,-218.50,37.7732,20.2011
4962543,-44.50,-166.50,38.5903,7.3085
4966449,118.50,-111.50,37.5529,-5.2187
4970355,-32.50,-111.50,36.4989,-9.0485
4974261,-260.50,-175.50,35.7331,-5.6779
4978167,-319.50,-216.50,34.4018,-1.2873
4982073,-79.50,-143.50,29.1432,4.3746
4985979,84.50,-92.50,22.6790,13.6068
4989885,-24.50,-86.50,15.2479,18.7641
4993791,-272.50,-145.50,8.5318,19.8440
4997697,-334.50,-181.50,7.8520,23.0664
5001603,-105.50,-153.50,14.4573,26.7309
5005509,95.50,-111.50,24.8104,22.8892
5009415,16.50,-79.50,29.0662,14.2469
5013321,-239.50,-149.50,24.6126,11.5446
5017227,-330.50,-210.50,20.2216,10.0576
5021133,-136.50,-173.50,22.6154,6.5797
5025039,79.50,-111.50,27.3751,6.4393
5028945,17.50,-85.50,22.9816,8.1858
5032851,-241.50,-150.50,7.1250,8.1941
5036757,-360.50,-190.50,-6.3138,7.8348
5040663,-191.50,-175.50,-5.9709,11.2394
5044569,28.50,-117.50,-0.8544,14.1354
5048475,29.50,-95.50,-2.9475,10.5800
5052381,-218.50,-154.50,-9.7265,2.2052
5056287,-376.50,-219.50,-15.2710,-7.2160
5060193,-239.50,-208.50,-15.8710,-12.8853
5064099,16.50,-140.50,-10.7434,-12.4719
5068005,77.50,-98.50,-0.3065,-8.4515
5071911,-153.50,-148.50,12.0302,-5.8016
5075817,-328.50,-208.50,20.2076,-6.6637
5079723,-170.50,-184.50,35.3004,-3.0934
5083629,65.50,-114.50,60.7591,9.9420
5087535,97.50,-111.50,68.0310,16.1293
5091441,-111.50,-161.50,48.9041,1.4591
5095347,-296.50,-200.50,32.7183,-15.4469
5099253,-219.50,-185.50,37.1738,-10.9267
5103159,43.50,-109.50,52.3771,10.7485
5107065,147.50,-75.50,64.4388,28.8385
5110971,-64.50,-111.50,63.6878,30.3533
5114877,-303.50,-182.50,48.3196,20.8878
5118783,-300.50,-221.50,26.6492,8.6240
5122689,-60.50,-162.50,5.9518,-3.1998
5126595,87.50,-111.50,-6.0252,-9.5269
5130501,-64.50,-120.50,-5.5253,-9.1960
5134407,-304.50,-188.50,0.4078,-5.3635
5138313,-314.50,-217.50,4.6910,-2.4817
5142219,-74.50,-159.50,6.3711,-0.7883
5146125,102.50,-104.50,8.6994,1.7578
5150031,-4.50,-79.50,15.5601,8.2738
5153937,-271.50,-140.50,22.7576,21.9565
5157843,-304.50,-148.50,24.7869,39.2367
5161749,-79.50,-95.50,26.8985,57.4184
5165655,119.50,-43.50,31.7636,70.0139
5169561,45.50,-46.50,38.0522,69.8791
5173467,-205.50,-110.50,46.2044,62.6196
5177373,-304.50,-172.50,50.0122,53.3680
5181279,-143.50,-143.50,39.1434,42.1134
5185185,70.50,-95.50,16.5203,30.4203
5189091,17.50,-63.50,-1.2278,23.2926
5192997,-239.50,-136.50,-8.1073,22.9941
5196903,-354.50,-198.50,-9.4417,20.4129
5200809,-179.50,-175.50,-7.6877,12.5353
5204715,80.50,-95.50,-0.4203,9.0165
5208621,87.50,-48.50,15.5277,17.1948
5212527,-143.50,-106.50,35.5767,31.6477
5216433,-304.50,-146.50,48.7204,42.5284
5220339,-189.50,-154.50,45.6171,46.3241
5224245,66.50,-109.50,31.7684,38.0102
5228151,109.50,-65.50,25.9599,23.7698
5232057,-143.50,-106.50,28.7219,18.5486
5235963,-333.50,-175.50,24.8470,20.3700
5239869,-237.50,-197.50,13.2842,16.4744
5243775,16.50,-143.50,2.3381,3.2859
5247681,90.50,-110.50,-1.5982,-11.3051
5251587,-128.50,-146.50,0.5575,-20.5967
5255493,-313.50,-207.50,5.2209,-23.3202
5259399,-256.50,-200.50,10.5783,-18.9088
5263305,11.50,-129.50,13.0751,-7.9821
5267211,127.50,-100.50,17.5907,0.5668
5271117,-96.50,-142.50,20.7624,-3.7171
5275023,-352.50,-207.50,7.2308,-15.6043
5278929,-339.50,-239.50,-19.9585,-25.6630
5282835,-112.50,-166.50,-47.7040,-30.2043
5286741,55.50,-149.50,-62.7702,-32.6256
5290647,-111.50,-148.50,-58.6370,-38.2076
5294553,-338.50,-208.50,-46.5722,-38.6945
5298459,-336.50,-248.50,-34.9525,-34.5778
5302365,-89.50,-194.50,-24.9886,-34.7468
5306271,87.50,-139.50,-16.9437,-36.1991
5310177,-24.50,-111.50,-7.2320,-30.4224
5314083,-278.50,-153.50,3.4839,-11.4021
5317989,-340.50,-203.50,6.4078,8.5462
5321895,-79.50,-152.50,5.0496,15.7845
5325801,102.50,-108.50,10.3397,13.7691
5329707,15.50,-80.50,16.4491,11.2967
5333613,-239.50,-134.50,19.2901,16.7342
5337519,-323.50,-197.50,20.7588,22.8814
5341425,-116.50,-175.50,20.1608,17.9296
5345331,130.50,-112.50,24.2928,7.7272
5349237,63.50,-90.50,35.0031,2.9956
5353143,-206.50,-130.50,39.2036,7.7095
5357049,-323.50,-176.50,32.7665,18.2412
5360955,-142.50,-144.50,25.6200,28.6299
5364861,99.50,-111.50,23.7855,31.2260
5368767,64.50,-112.50,23.4535,17.9842
5372673,-198.50,-189.50,17.3947,-7.3853
5376579,-350.50,-224.50,7.0238,-28.2554
5380485,-215.50,-206.50,-3.1905,-31.2949
5384391,15.50,-142.50,-15.5887,-22.9083
5388297,43.50,-132.50,-27.3066,-19.0375
5392203,-196.50,-202.50,-30.8643,-28.7094
5396109,-367.50,-253.50,-27.7826,-45.1997
5400015,-284.50,-254.50,-28.7069,-54.8383
5403921,-47.50,-172.50,-42.9923,-53.4525
5407827,29.50,-110.50,-58.8863,-39.7986
5411733,-164.50,-134.50,-56.3333,-17.9282
5415639,-347.50,-173.50,-36.2520,3.6449
5419545,-277.50,-176.50,-16.4049,20.5291
5423451,-18.50,-125.50,-9.2482,27.9384
5427357,86.50,-65.50,-8.4958,28.7115
5431266,-124.50,-111.50,-8.2185,28.5963
5435172,-328.50,-162.50,-8.6286,26.9543
5439078,-276.50,-176.50,-3.5347,26.8664
5442984,-4.50,-92.50,8.7606,33.8147
5446890,118.50,-36.50,21.2975,48.1577
5450796,-60.50,-63.50,25.1805,59.8299
5454702,-305.50,-129.50,19.2062,61.0926
5458608,-314.50,-165.50,8.9866,54.8277
5462514,-61.50,-109.50,0.1423,46.9177
5466420,90.50,-76.50,-3.3818,39.6032
5470326,-25.50,-84.50,-0.6520,31.0524
5474232,-271.50,-171.50,8.5477,21.3148
5478138,-307.50,-201.50,17.6213,10.7935
5482044,-74.50,-148.50,20.5834,5.2046
5485950,80.50,-88.50,15.2677,7.7225
5489856,-22.50,-79.50,1.7800,13.6606
5493762,-296.50,-157.50,-12.3421,17.4923
5497668,-360.50,-214.50,-21.9581,12.0679
5501574,-168.50,-190.50,-28.2665,-2.0802
5505480,39.50,-141.50,-34.7911,-17.8538
5509386,-24.50,-127.50,-39.4918,-29.0890
5513292,-271.50,-188.50,-37.6662,-32.2299
5517198,-362.50,-234.50,-29.4735,-30.5879
5521104,-191.50,-206.50,-21.6432,-28.3292
5525010,33.50,-143.50,-22.0030,-26.8325
5528916,16.50,-108.50,-24.8207,-23.8400
5532822,-225.50,-145.50,-20.8133,-14.1213
5536728,-354.50,-178.50,-11.8445,2.4019
5540634,-212.50,-157.50,-6.1936,19.4434
5544540,41.50,-113.50,-6.3608,26.3230
5548446,66.50,-80.50,-3.1340,21.1830
5552352,-164.50,-141.50,7.4444,13.0936
5556258,-309.50,-191.50,21.0868,7.0829
5560164,-186.50,-185.50,34.3092,5.1950
5564070,65.50,-104.50,41.7501,9.1262
5567976,112.50,-57.50,43.0486,19.4453
5571882,-130.50,-80.50,38.8661,33.8748
5575788,-325.50,-132.50,28.6075,48.1719
5579694,-225.50,-148.50,21.0125,55.8519
5583600,54.50,-79.50,25.8072,54.8728
5587506,129.50,-37.50,38.5014,52.7201
5591412,-92.50,-80.50,42.6655,50.3867
5595318,-324.50,-175.50,31.4481,39.7578
5599224,-260.50,-208.50,17.0317,18.4197
5603130,14.50,-145.50,14.8052,-1.9738
5607036,119.50,-65.50,22.5584,-4.9985
5610942,-94.50,-111.50,20.7610,4.4327
5614848,-304.50,-174.50,8.5263,7.7803
5618754,-292.50,-202.50,3.3380,4.0861
5622660,-50.50,-143.50,3.3792,1.3410
5626566,74.50,-88.50,-2.8622,1.4866
5630472,-79.50,-117.50,-15.3211,-0.2635
5634378,-289.50,-185.50,-19.4440,-6.9993
5638284,-348.50,-222.50,-14.2218,-14.0146
5642190,-121.50,-175.50,-19.4760,-18.0928
5646096,64.50,-122.50,-31.0219,-20.7535
5650002,-47.50,-119.50,-32.9995,-22.8417
5653908,-287.50,-191.50,-25.9757,-23.5254
5657814,-369.50,-210.50,-20.6329,-20.9408
5661720,-162.50,-164.50,-26.8986,-12.2411
5665626,41.50,-127.50,-37.9784,-6.6343
5669532,-40.50,-122.50,-43.2392,-13.3428
5673438,-288.50,-188.50,-42.4107,-23.4438
5677344,-381.50,-253.50,-38.4360,-32.0065
5681250,-188.50,-220.50,-34.9509,-40.7212
5685156,45.50,-143.50,-31.5776,-43.5486
5689062,-16.50,-136.50,-29.3589,-40.0707
5692968,-255.50,-191.50,-30.7873,-37.6647
5696874,-376.50,-231.50,-29.8040,-35.1395
5700780,-204.50,-200.50,-23.9577,-27.6279
5704686,48.50,-133.50,-15.6121,-18.4515
5708592,65.50,-97.50,-2.5230,-11.2878
5712498,-176.50,-138.50,12.9671,-3.5138
5716404,-319.50,-180.50,24.8253,7.2627
5720310,-176.50,-204.50,33.7568,12.5324
5724216,80.50,-136.50,41.6304,4.3713
5728122,125.50,-79.50,49.3225,-2.3158
5732028,-97.50,-111.50,57.6814,5.7197
5735934,-314.50,-154.50,58.6227,21.9750
5739840,-228.50,-175.50,44.5673,33.6178
5743746,23.50,-152.50,25.1339,26.1455
5747652,86.50,-96.50,12.2173,5.4489
5751558,-136.50,-129.50,3.7757,-6.2380
5755464,-332.50,-180.50,-1.7251,-4.0339
5759370,-271.50,-212.50,-1.3930,0.4193
5763276,9.50,-156.50,4.7599,-2.1944
5767182,96.50,-106.50,12.4462,-7.6902
5771088,-84.50,-143.50,13.9622,-12.1931
5774994,-320.50,-196.50,10.2319,-16.1618
5778900,-296.50,-220.50,5.3362,-16.2798
5782806,-62.50,-170.50,-2.3233,-14.4482
5786712,109.50,-107.50,-6.2208,-12.4544
5790618,-58.50,-120.50,-0.1885,-8.8472
5794524,-280.50,-184.50,9.2731,-5.7535
5798430,-292.50,-239.50,17.9110,-8.8855
5802336,-61.50,-200.50,21.6592,-20.1437
5806242,102.50,-149.50,17.7123,-32.3942
5810148,-20.50,-138.50,11.8993,-37.5779
5814054,-266.50,-184.50,10.1248,-31.5822
5817960,-321.50,-251.50,11.1429,-24.0004
5821866,-111.50,-228.50,8.1597,-29.4141
5825772,80.50,-184.50,0.5116,-45.0848
5829678,-15.50,-214.50,-6.9463,-66.1855
5833584,-272.50,-245.50,-12.2032,-84.7548
5837490,-350.50,-300.50,-14.2191,-88.5177
5841396,-133.50,-256.50,-10.0424,-81.3789
5845302,69.50,-178.50,-3.1953,-68.7916
5849208,25.50,-120.50,-0.4578,-47.7851
5853114,-257.50,-175.50,-4.2560,-22.7419
5857020,-366.50,-229.50,-13.6744,-7.6691
5860926,-174.50,-199.50,-17.4511,-3.4488
5864832,70.50,-126.50,-8.9611,1.3344
5868738,45.50,-68.50,1.3296,13.3670
5872644,-214.50,-138.50,2.2506,26.7537
5876550,-351.50,-181.50,-2.8501,31.2785
5880456,-223.50,-170.50,-7.1788,32.4988
5884362,16.50,-81.50,-14.1733,39.7590
5888268,64.50,-44.50,-18.0748,52.1360
5892174,-213.50,-88.50,-17.7200,60.8601
5896080,-399.50,-126.50,-27.4413,65.5675
5899986,-282.50,-152.50,-41.6542,69.1647
5903892,-9.50,-93.50,-44.5227,65.0220
5907798,67.50,-63.50,-33.6565,54.3939
5911704,-150.50,-108.50,-17.9043,42.1226
5915610,-364.50,-175.50,-9.8001,30.4548
5919516,-273.50,-202.50,-9.4786,20.8867
5923422,14.50,-102.50,-3.7501,19.4545
5927328,147.50,-26.50,16.7295,36.2909
5931234,-14.50,-58.50,48.8476,59.5367
5935140,-253.50,-191.50,76.7431,58.7830
5939046,-323.50,-300.50,68.0404,15.7447
5942952,-80.50,-232.50,16.6041,-44.6185
5946858,48.50,-154.50,-32.6836,-74.7143
5950764,-112.50,-156.50,-51.5610,-67.8020
5954670,-349.50,-252.50,-49.4597,-54.4951
5958576,-386.50,-301.50,-46.2611,-56.4305
5962482,-142.50,-229.50,-54.2896,-63.9505
5966388,29.50,-185.50,-63.2508,-65.1709
5970294,-79.50,-176.50,-60.3841,-65.8479
5974200,-336.50,-241.50,-48.7573,-64.7170
5978106,-378.50,-284.50,-39.6218,-59.3055
5982012,-145.50,-226.50,-35.8176,-51.3109
5985918,57.50,-158.50,-31.7231,-41.6404
5989824,-30.50,-146.50,-25.0404,-35.1033
5993730,-292.50,-208.50,-18.7773,-31.8672
5997636,-383.50,-240.50,-18.1062,-25.7267
6001542,-178.50,-213.50,-22.9822,-15.8213
6005448,-6.50,-137.50,-35.0584,-8.7004
6009354,-64.50,-106.50,-55.3864,-4.1896
6013260,-306.50,-187.50,-68.2002,-1.8904
6017166,-399.50,-239.50,-61.5671,-5.0539
6021072,-206.50,-205.50,-42.8276,-5.8747
6024978,31.50,-166.50,-24.9201,-5.5177
6028884,21.50,-111.50,-13.4373,-9.6647
6032790,-241.50,-156.50,-8.6213,-7.1975
6036696,-367.50,-186.50,-7.6409,8.0317
6040602,-239.50,-148.50,-7.4098,33.0764
6044508,23.50,-106.50,-8.9673,53.3920
6048414,59.50,-47.50,-5.0548,57.5944
6052320,-159.50,-94.50,9.4315,57.3296
6056226,-298.50,-146.50,31.4553,61.0415
6060132,-176.50,-132.50,55.8005,69.2911
6064038,74.50,-79.50,70.7613,77.1952
6067944,128.50,-12.50,72.6442,80.5924
6071850,-111.50,-65.50,65.6255,82.2735
6075756,-306.50,-143.50,54.4003,78.1577
6079662,-231.50,-153.50,46.0284,69.0776
6083568,17.50,-85.50,40.3125,63.9081
6087474,91.50,-47.50,32.2046,61.8249
6091380,-112.50,-89.50,21.1315,54.8098
6095286,-313.50,-141.50,14.8938,46.7446
6099192,-258.50,-174.50,20.3260,44.9584
6103098,-33.50,-155.50,25.6255,37.7106
6107004,86.50,-106.50,18.8950,17.6625
6110910,-98.50,-113.50,6.2136,0.6199
6114816,-314.50,-174.50,-1.3274,-1.3328
6118722,-303.50,-207.50,1.4269,4.8806
6122628,-52.50,-152.50,9.1503,9.9925
6126534,89.50,-110.50,13.5660,9.7416
6130440,-74.50,-111.50,8.1925,3.7266
6134346,-303.50,-212.50,-2.1883,-6.8451
6138252,-344.50,-282.50,-7.1521,-26.9566
6142158,-114.50,-211.50,-9.7276,-46.3683
6146064,60.50,-149.50,-13.2264,-48.1556
6149970,-53.50,-143.50,-16.8781,-40.8000
6153876,-298.50,-184.50,-19.2492,-32.0855
6157782,-346.50,-216.50,-15.5583,-17.7664
6161688,-143.50,-188.50,-8.3380,-3.4712
6165594,50.50,-128.50,-7.0381,0.8192
6169500,10.50,-96.50,-6.6482,-0.5138
6173406,-255.50,-196.50,0.7535,-4.3003
6177312,-345.50,-222.50,7.0792,-11.8546
6181218,-161.50,-174.50,8.5828,-8.4783
6185124,124.50,-96.50,18.3890,9.0215
6189030,80.50,-77.50,41.8530,23.8153
6192936,-188.50,-112.50,56.4681,31.3629
6196842,-303.50,-149.50,53.9630,41.5856
6200748,-135.50,-130.50,52.5019,56.2178
6204654,94.50,-84.50,54.8411,62.5581
6208560,112.50,-63.50,56.1352,53.8299
6212466,-117.50,-64.50,61.3223,47.7743
6216372,-218.50,-77.50,79.4800,67.2297
6220278,-134.50,-159.50,101.4927,87.5341
6224184,45.50,-149.50,91.8923,64.4177
6228090,95.50,-79.50,52.8949,20.5982
6231996,-110.50,-93.50,28.5493,6.1535
6235902,-312.50,-154.50,27.5778,19.0025
6239808,-230.50,-164.50,27.0006,32.3422
6243714,26.50,-91.50,21.0900,39.6200
6247620,82.50,-69.50,15.1330,41.8910
6251526,-120.50,-112.50,7.6192,32.3848
6255432,-335.50,-195.50,-0.4258,12.5358
6259338,-256.50,-209.50,-2.6317,-5.3768
6263244,-1.50,-140.50,4.2627,-9.8354
6267150,81.50,-94.50,9.5409,-3.0433
6271056,-111.50,-127.50,1.0166,-0.4731
6274962,-338.50,-188.50,-14.2569,-6.5373
6278868,-330.50,-233.50,-26.2800,-15.1196
6282774,-92.50,-202.50,-35.8034,-26.6239
6286680,54.50,-174.50,-41.1355,-43.8123
6290586,-126.50,-170.50,-44.9599,-60.5566
6294492,-367.50,-230.50,-54.6816,-66.1111
6298398,-388.50,-255.50,-65.5566,-60.8477
6302304,-142.50,-185.50,-69.5545,-47.5728
6306210,51.50,-146.50,-61.4384,-32.4934
6310116,-57.50,-139.50,-43.2605,-27.5567
6314022,-296.50,-196.50,-25.5080,-29.0276
6317928,-335.50,-239.50,-12.7047,-29.3961
6321834,-105.50,-193.50,-1.9856,-27.0447
6325740,90.50,-137.50,7.5686,-21.9325
6329646,16.50,-111.50,14.8235,-16.2885
6333552,-236.50,-168.50,20.2173,-10.1380
6337458,-310.50,-204.50,24.7161,-4.0556
6341364,-112.50,-145.50,29.7051,7.2224
6345270,101.50,-79.50,33.5472,26.0276
6349176,53.50,-69.50,34.1801,39.0066
6353082,-223.50,-138.50,28.8845,36.4349
6356988,-341.50,-188.50,16.8611,24.9964
6360894,-191.50,-154.50,3.7207,19.7277
6364800,43.50,-95.50,-7.0937,24.4268
6368706,35.50,-64.50,-12.1341,30.0398
6372612,-230.50,-120.50,-14.6941,31.1338
6376518,-380.50,-196.50,-21.9089,24.7300
6380424,-239.50,-194.50,-28.6345,11.9056
6384330,27.50,-159.50,-26.7049,-3.5119
6388236,50.50,-101.50,-17.2890,-15.3893
6392142,-195.50,-162.50,-12.2763,-18.8425
6396048,-360.50,-213.50,-14.6314,-19.6551
6399954,-250.50,-226.50,-14.4172,-21.1480
6403860,35.50,-130.50,-5.5432,-17.4937
6407766,87.50,-111.50,8.5651,-8.8447
6411672,-158.50,-163.50,10.9930,-10.0002
6415578,-393.50,-208.50,-8.1622,-19.6446
6419484,-305.50,-202.50,-32.1366,-18.7314
6423390,-47.50,-161.50,-41.3555,-10.1829
6427296,75.50,-127.50,-34.2735,-10.4926
6431202,-123.50,-141.50,-20.7341,-17.7269
6435108,-333.50,-207.50,-9.9663,-20.5326
6439014,-297.50,-250.50,-2.8009,-23.3499
6442920,-34.50,-190.50,2.3831,-30.9307
6446826,107.50,-124.50,8.0247,-33.0335
6450732,-79.50,-146.50,11.0636,-27.7624
6454638,-306.50,-216.50,8.3009,-25.4212
6458544,-332.50,-268.50,3.2477,-31.9652
6462450,-90.50,-206.50,-5.4652,-41.5711
6466356,66.50,-156.50,-15.1007,-44.7813
6470266,-52.50,-149.50,-18.3223,-42.2668
6474172,-303.50,-207.50,-13.8093,-36.3677
6478078,-351.50,-242.50,-9.1534,-29.1664
6481984,-132.50,-187.50,-11.8920,-21.7162
6485890,50.50,-128.50,-20.0154,-13.5173
6489796,-52.50,-113.50,-28.4147,-7.1347
6493702,-303.50,-175.50,-32.7259,-2.7242
6497608,-372.50,-233.50,-30.6254,-2.6997
6501514,-170.50,-198.50,-26.0114,-7.3664
6505420,34.50,-153.50,-25.6263,-13.5216
6509326,-15.50,-126.50,-27.6388,-19.3023
6513232,-264.50,-148.50,-24.7122,-14.4779
6517138,-350.50,-176.50,-14.2932,6.3835
6521044,-148.50,-146.50,3.1794,31.3450
6524950,93.50,-85.50,22.8071,46.8075
6528856,80.50,-64.50,38.4267,49.8086
6532762,-201.50,-134.50,42.8717,42.8947
6536668,-334.50,-184.50,34.3903,31.3936
6540574,-176.50,-160.50,26.8064,26.4946
6544480,36.50,-117.50,21.5101,27.6835
6548386,64.50,-80.50,12.4499,25.6357
6552292,-157.50,-142.50,11.1912,19.6467
6556198,-312.50,-202.50,22.9939,11.0348
6560104,-198.50,-207.50,36.1783,2.6187
6564010,52.50,-154.50,40.2925,-4.1987
6567916,100.50,-114.50,37.2109,-9.6318
6571822,-149.50,-165.50,28.6361,-14.3215
6575728,-367.50,-224.50,10.8189,-19.9893
6579634,-286.50,-255.50,-9.9663,-27.5038
6583540,-26.50,-207.50,-22.3217,-39.1652
6587446,53.50,-174.50,-25.2823,-52.5948
6591352,-111.50,-171.50,-19.6657,-57.5910
6595258,-302.50,-205.50,-0.7128,-44.4166
6599164,-319.50,-239.50,12.3354,-24.2372
6603070,-103.50,-222.50,-8.1461,-22.2503
6606976,-34.50,-191.50,-53.3598,-42.2104
6610882,-216.50,-217.50,-97.8756,-66.6376
6614788,-449.50,-267.50,-123.6912,-79.9178
6618694,-443.50,-293.50,-129.5141,-79.4819
6622600,-207.50,-223.50,-128.4090,-69.5531
6626506,-70.50,-164.50,-130.0499,-53.7909
6630412,-213.50,-175.50,-135.3849,-41.2335
6634318,-432.50,-250.50,-135.2418,-40.3041
6638224,-449.50,-281.50,-123.2973,-47.4918
6642130,-184.50,-208.50,-102.6118,-47.2238
6646036,16.50,-142.50,-75.2673,-31.8430
6649942,-79.50,-127.50,-47.8919,-12.4756
6653848,-316.50,-181.50,-27.8393,1.6865
6657754,-392.50,-210.50,-18.0957,10.9490
6661660,-158.50,-165.50,-15.4680,19.5193
6665566,54.50,-110.50,-8.7834,27.3262
6669472,-19.50,-72.50,1.6861,34.3994
6673378,-270.50,-126.50,7.9232,44.7010
6677284,-358.50,-172.50,11.1831,53.3044
6681190,-143.50,-139.50,19.2830,57.2395
6685096,91.50,-90.50,35.0834,58.2491
6689002,80.50,-64.50,54.3000,55.8370
6692908,-153.50,-102.50,74.1352,55.7319
6696814,-274.50,-136.50,91.0628,63.3928
6700720,-137.50,-104.50,96.7212,77.5849
6704626,117.50,-41.50,91.5064,92.0109
6708532,144.50,23.50,92.2625,105.7090
6712438,-79.50,-47.50,106.4496,117.1346
6716344,-201.50,-116.50,128.3350,114.0444
6720250,-83.50,-138.50,149.3872,95.4856
6724156,177.50,-81.50,159.6273,73.4874
6728062,218.50,-27.50,161.9154,61.9372
6731968,-14.50,-79.50,160.3366,62.1421
6735874,-258.50,-137.50,144.7260,62.0756
6739780,-185.50,-143.50,111.1403,59.5903
6743686,48.50,-92.50,75.3920,56.7492
6747592,102.50,-52.50,48.5866,52.0009
6751498,-140.50,-106.50,23.7588,42.6102
6755404,-353.50,-173.50,-1.5585,28.1112
6759310,-297.50,-193.50,-17.5517,15.3301
6763216,-47.50,-138.50,-22.4423,8.8142
6767122,80.50,-72.50,-20.0756,9.8036
6771028,-125.50,-111.50,-16.7379,13.7874
6774934,-352.50,-197.50,-20.7589,8.3305
6778840,-341.50,-232.50,-28.5989,-7.7525
6782746,-90.50,-174.50,-34.3373,-21.3001
6786652,55.50,-121.50,-35.6345,-24.8500
6790558,-79.50,-142.50,-30.6715,-25.1337
6794464,-323.50,-208.50,-21.7833,-28.2258
6798370,-360.50,-239.50,-18.6354,-31.3064
6802276,-102.50,-181.50,-21.8336,-29.4867
6806182,81.50,-127.50,-18.1898,-23.8376
6810088,-40.50,-126.50,-8.8541,-20.3423
6813994,-321.50,-202.50,-8.7151,-21.5679
6817900,-316.50,-219.50,-10.6196,-22.6784
6821806,-69.50,-143.50,7.6537,-11.0073
6825712,115.50,-70.50,34.1163,13.6730
6829618,47.50,-47.50,46.8207,36.5301
6833524,-200.50,-126.50,52.4638,47.4392
6837430,-293.50,-150.50,57.1437,48.6063
6841336,-109.50,-114.50,55.1161,51.7893
6845242,112.50,-61.50,47.0949,55.9959
6849148,43.50,-33.50,37.4444,55.5511
6853054,-208.50,-97.50,27.2813,54.7013
6856960,-344.50,-154.50,18.3290,52.7517
6860866,-174.50,-120.50,10.7155,50.7291
6864772,79.50,-79.50,8.1956,48.6263
6868678,54.50,-33.50,11.2158,44.4282
6872584,-213.50,-111.50,7.7681,40.5004
6876490,-364.50,-171.50,-3.8706,33.0921
6880396,-222.50,-169.50,-12.1180,22.8290
6884302,30.50,-108.50,-13.2698,14.1579
6888208,55.50,-52.50,-11.4316,11.7439
6892114,-168.50,-94.50,-8.4866,18.9069
6896020,-319.50,-144.50,0.8177,29.4752
6899926,-256.50,-177.50,9.4200,32.3436
6903832,-4.50,-145.50,1.2216,17.1005
6907738,74.50,-92.50,-11.4028,-6.1996
6911644,-148.50,-125.50,-13.7024,-17.2476
6915550,-352.50,-162.50,-12.6874,-11.6648
6919456,-290.50,-193.50,-14.0682,-0.2181
6923362,-32.50,-136.50,-17.5584,2.6633
6927268,73.50,-80.50,-19.0875,-0.6570
6931174,-121.50,-132.50,-17.7826,-5.7846
6935080,-350.50,-207.50,-18.0264,-17.7539
6938986,-301.50,-233.50,-17.6419,-31.6923
6942892,-63.50,-164.50,-15.2196,-37.0928
6946798,83.50,-80.50,-13.7991,-27.6236
6950704,-57.50,-86.50,-7.8978,-7.6970
6954610,-255.50,-154.50,11.0695,8.5148
6958516,-258.50,-174.50,37.5556,15.7251
6962422,14.50,-61.50,59.9554,29.9636
6966328,219.50,60.50,83.4673,68.8344
6970234,93.50,19.50,110.0002,110.6356
6974140,-249.50,-160.50,110.9051,103.7910
6978046,-335.50,-213.50,67.8011,45.6658
6981952,-114.50,-189.50,13.0219,-11.0070
6985858,47.50,-178.50,-22.3744,-48.5299
6989764,-78.50,-207.50,-46.8611,-84.8813
6993670,-338.50,-292.50,-67.9296,-118.3950
6997576,-484.50,-367.50,-89.5114,-142.2448
7001482,-286.50,-335.50,-118.8676,-158.7750
7005388,-69.50,-269.50,-142.6712,-168.1595
7009294,-137.50,-268.50,-151.5344,-172.9002
7013200,-397.50,-335.50,-153.7086,-176.7665
7017106,-512.50,-380.50,-153.1736,-176.5735
7021012,-319.50,-326.50,-148.1293,-166.0219
7024918,-79.50,-243.50,-138.8243,-146.5090
7028824,-111.50,-192.50,-132.3796,-124.4757
7032730,-345.50,-228.50,-130.0423,-100.3407
7036636,-449.50,-286.50,-117.4086,-77.4799
7040542,-298.50,-268.50,-92.0039,-63.7601
7044448,-48.50,-218.50,-72.3627,-63.2103
7048354,-15.50,-185.50,-63.3814,-72.6365
7052260,-251.50,-227.50,-56.1619,-79.3196
7056166,-413.50,-269.50,-47.6705,-72.8910
7060072,-288.50,-267.50,-37.5655,-58.0338
7063978,-20.50,-188.50,-26.8158,-46.2136
7067884,48.50,-149.50,-15.5328,-40.3438
7071790,-189.50,-216.50,-7.7163,-42.5148
7075696,-377.50,-260.50,-6.6289,-48.6914
7079602,-303.50,-268.50,-7.0043,-47.1550
7083508,-31.50,-186.50,-5.8752,-38.8581
7087414,70.50,-134.50,-0.7316,-29.1648
7091320,-143.50,-170.50,4.9129,-21.9767
7095226,-357.50,-235.50,5.3662,-18.7982
7099132,-293.50,-275.50,8.4084,-20.5679
7103038,-44.50,-213.50,16.1619,-29.1228
7106944,77.50,-150.50,19.2790,-36.0481
7110850,-104.50,-159.50,15.1485,-32.9641
7114756,-334.50,-208.50,10.2675,-19.6390
7118662,-332.50,-241.50,9.3347,-3.7498
7122568,-86.50,-191.50,8.8613,3.0033
7126474,113.50,-143.50,13.9915,-1.6566
7130380,-52.50,-138.50,26.5894,-8.2084
7134286,-335.50,-213.50,26.3274,-8.1542
7138192,-399.50,-287.50,4.0582,-11.5705
7142098,-172.50,-255.50,-25.2989,-28.7184
7146004,46.50,-191.50,-39.3603,-48.1122
7149910,-54.50,-175.50,-30.5128,-55.1072
7153816,-338.50,-220.50,-18.8289,-45.8294
7157722,-417.50,-271.50,-21.6412,-29.6167
7161628,-217.50,-244.50,-34.3339,-21.6130
7165534,-6.50,-164.50,-47.4206,-22.1322
7169440,-64.50,-143.50,-53.2725,-20.3091
7173346,-298.50,-217.50,-45.1109,-16.3641
7177252,-398.50,-270.50,-26.2975,-16.6718
7181158,-242.50,-219.50,-15.8052,-14.6665
7185064,-16.50,-146.50,-24.8829,-4.3212
7188970,-35.50,-125.50,-37.8773,5.4872
7192876,-274.50,-201.50,-37.5128,5.3863
7196782,-380.50,-236.50,-21.3904,1.1245
7200688,-200.50,-208.50,5.1148,6.0958
7204594,27.50,-148.50,25.7227,15.7169
7208500,35.50,-110.50,28.5188,19.1021
7212406,-200.50,-145.50,23.6479,21.9369
7216312,-367.50,-198.50,22.7357,30.8681
7220218,-222.50,-191.50,27.7674,41.2846
7224124,48.50,-126.50,39.2537,46.1118
7228030,103.50,-93.50,53.9111,43.9333
7231936,-160.50,-136.50,58.8028,38.4464
7235842,-349.50,-185.50,48.3906,37.2146
7239748,-248.50,-180.50,38.7431,44.6709
7243654,14.50,-108.50,39.2354,55.5891
7247560,92.50,-45.50,42.5513,65.8796
7251466,-107.50,-63.50,44.3494,77.5509
7255372,-316.50,-122.50,47.6474,90.2628
7259278,-257.50,-178.50,53.3394,92.7037
7263184,-21.50,-133.50,53.4731,75.8846
7267090,82.50,-90.50,42.5185,51.9044
7270996,-101.50,-117.50,27.9197,34.8239
7274902,-325.50,-183.50,20.9954,27.2046
7278808,-301.50,-200.50,24.2561,28.0625
7282714,-33.50,-104.50,33.3346,40.2749
7286620,144.50,-57.50,48.5415,59.7425
7290526,-7.50,-57.50,67.0023,71.9558
7294432,-250.50,-106.50,78.8752,79.0063
7298338,-280.50,-169.50,80.7509,83.1475
7302244,-64.50,-120.50,71.8679,77.0233
7306150,86.50,-82.50,52.0263,63.7974
7310056,-9.50,-90.50,33.4755,48.0134
7313962,-271.50,-164.50,28.9892,34.0362
7317868,-310.50,-193.50,34.7885,27.8669
7321774,-76.50,-154.50,45.7224,30.3267
7325680,112.50,-111.50,55.3460,31.3458
7329586,17.50,-111.50,53.4020,22.2993
7333492,-229.50,-172.50,45.1814,10.7779
7337398,-317.50,-214.50,42.8396,6.3123
7341304,-112.50,-192.50,46.9939,7.2000
7345210,66.50,-136.50,45.0364,5.4391
7349116,17.50,-114.50,29.0047,0.3550
7353022,-234.50,-188.50,12.7845,-4.9952
7356928,-376.50,-238.50,4.5390,-11.1027
7360834,-204.50,-223.50,-1.9362,-15.5029
7364740,48.50,-150.50,-3.7159,-16.3204
7368646,29.50,-104.50,0.1267,-11.2417
7372552,-224.50,-147.50,0.3138,0.5204
7376458,-380.50,-196.50,-4.7945,13.2429
7380364,-260.50,-195.50,-12.3034,20.9024
7384270,-15.50,-124.50,-22.8422,22.0040
7388176,-1.50,-80.50,-34.3695,22.3736
7392082,-219.50,-125.50,-41.5722,25.2060
7395988,-370.50,-195.50,-35.1831,25.8562
7399894,-244.50,-232.50,-13.6584,17.0531
7403800,30.50,-135.50,11.6538,4.7868
7407706,107.50,-79.50,32.2766,6.9137
7411612,-133.50,-122.50,40.3341,18.1116
7415518,-332.50,-168.50,33.9427,25.9054
7419424,-255.50,-175.50,27.1999,34.1615
7423330,32.50,-96.50,32.3202,45.0870
7427236,166.50,-62.50,52.3804,52.7603
7431142,-48.50,-79.50,73.6454,52.3696
7435048,-274.50,-140.50,78.1627,50.8722
7438954,-258.50,-165.50,69.0526,52.8464
7442860,17.50,-77.50,59.7962,59.1437
7446766,143.50,-34.50,58.0918,69.3403
7450672,-98.50,-124.50,45.8829,61.1567
7454578,-351.50,-217.50,10.7383,23.3015
7458484,-323.50,-224.50,-16.1236,-12.0798
7462390,-64.50,-143.50,-12.9129,-15.1526
7466296,80.50,-108.50,-0.3281,-0.5326
7470202,-42.50,-118.50,3.0728,4.0161
7474108,-301.50,-189.50,2.8880,-1.1189
7478014,-357.50,-239.50,0.4400,-7.6963
7481920,-128.50,-200.50,-8.0146,-16.3029
7485826,55.50,-140.50,-17.7927,-24.9711
7489732,-24.50,-134.50,-21.3194,-29.5799
7493638,-267.50,-191.50,-12.4416,-27.1971
7497544,-335.50,-232.50,4.0764,-19.9104
7501450,-137.50,-186.50,14.5130,-12.0670
7505356,45.50,-98.50,8.0986,-2.3926
7509266,6.50,-40.50,-6.6866,16.9617
7513172,-228.50,-121.50,-6.7609,40.9768
7517078,-335.50,-162.50,8.7454,53.0759
7520984,-145.50,-138.50,23.1442,54.3863
7524890,64.50,-80.50,26.3089,50.7785
7528796,47.50,-63.50,19.4435,42.3444
7532702,-180.50,-122.50,17.4371,33.9838
7536608,-348.50,-172.50,22.1182,30.8386
7540514,-191.50,-159.50,20.7281,32.5586
7544420,51.50,-100.50,15.2542,32.1813
7548326,77.50,-60.50,14.0043,28.4218
7552232,-194.50,-117.50,12.3029,26.0453
7556138,-364.50,-178.50,2.8679,24.6627
7560044,-224.50,-200.50,-3.3470,19.1219
7563950,48.50,-138.50,4.8097,6.3787
7567856,131.50,-90.50,24.4524,-4.7803
7571762,-101.50,-126.50,44.7210,-5.8353
7575668,-303.50,-172.50,52.5942,2.2330
7579574,-230.50,-180.50,47.5513,14.1345
7583480,31.50,-111.50,38.1485,22.2160
7587386,111.50,-46.50,30.5495,27.8513
7591292,-112.50,-79.50,21.5823,34.8375
7595198,-334.50,-168.50,9.1013,35.7760
7599104,-288.50,-200.50,0.0560,24.9306
7603010,-15.50,-153.50,-0.8571,8.0732
7606916,82.50,-122.50,0.6813,-9.6916
7610822,-82.50,-130.50,-2.5261,-23.9026
7614728,-308.50,-182.50,-3.0721,-24.6182
7618634,-312.50,-234.50,0.9542,-18.0330
7622540,-77.50,-172.50,-2.2720,-17.9216
7626446,82.50,-109.50,-11.3934,-19.5417
7630352,-60.50,-108.50,-16.0536,-16.2644
7634258,-324.50,-191.50,-17.4336,-12.7122
7638164,-323.50,-223.50,-16.4614,-13.7862
7642070,-52.50,-165.50,-2.6749,-13.6657
7645976,92.50,-136.50,14.4621,-14.0329
7649882,-47.50,-133.50,9.1979,-23.5914
7653788,-276.50,-204.50,-8.0089,-34.5462
7657694,-351.50,-234.50,-13.3041,-37.2290
7661600,-143.50,-176.50,-13.8154,-28.7664
7665506,59.50,-92.50,-18.8960,-11.1660
7669412,-0.50,-72.50,-21.2637,7.3558
7673318,-257.50,-135.50,-15.8835,19.5451
7677224,-351.50,-216.50,-8.3805,18.4725
7681130,-148.50,-193.50,-2.4370,4.3517
7685036,80.50,-112.50,3.2197,-7.8177
7688942,39.50,-70.50,6.9059,-5.1879
7692848,-224.50,-111.50,5.9105,10.1673
7696754,-354.50,-166.50,1.3725,27.2550
7700660,-196.50,-148.50,-3.4175,37.2744
7704566,55.50,-81.50,-6.1225,39.2839
7708472,64.50,-58.50,-3.2776,35.4443
7712378,-172.50,-130.50,5.1059,25.4211
7716284,-336.50,-191.50,13.1581,12.2234
7720190,-211.50,-221.50,14.9991,-1.5832
7724096,34.50,-144.50,9.4948,-16.3660
7728002,91.50,-85.50,5.0734,-21.5432
7731908,-156.50,-125.50,5.8314,-13.4180
7735814,-353.50,-191.50,3.1036,-3.9237
7739720,-260.50,-213.50,-4.6870,-2.0374
7743626,-0.50,-152.50,-11.3183,-8.6866
7747532,70.50,-111.50,-14.7042,-18.2337
7751438,-155.50,-146.50,-19.0455,-26.0877
7755344,-352.50,-198.50,-23.7726,-27.6296
7759250,-291.50,-231.50,-22.3839,-23.6801
7763156,-11.50,-142.50,-14.8177,-18.5486
7767062,85.50,-86.50,-6.4876,-9.6105
7770968,-86.50,-110.50,-2.2480,-1.5705
7774874,-303.50,-156.50,3.1216,4.1665
7778780,-300.50,-181.50,8.8634,13.6328
7782686,-81.50,-102.50,0.2826,26.0387
7786592,80.50,-32.50,-17.1670,40.2296
7790498,-44.50,-5.50,-19.0296,57.9264
7794404,-230.50,-26.50,6.4150,85.9021
7798310,-210.50,-113.50,50.5652,110.3225
7802216,-45.50,-169.50,77.4935,91.0844
7806122,101.50,-146.50,59.8294,26.0655
7810028,-12.50,-118.50,25.1794,-31.9840
7813934,-254.50,-162.50,8.8932,-45.4937
7817840,-322.50,-236.50,7.4822,-34.7689
7821746,-124.50,-213.50,2.1280,-32.9493
7825652,66.50,-150.50,-10.0843,-41.0568
7829558,-25.50,-143.50,-20.9288,-49.0854
7833464,-269.50,-203.50,-26.1043,-55.5337
7837370,-346.50,-202.50,-24.0511,-50.8083
7841276,-130.50,-146.50,-14.1805,-23.3980
7845182,97.50,-101.50,1.5273,7.9067
7849088,46.50,-83.50,15.3272,17.2179
7852994,-234.50,-140.50,15.3771,9.2690
7856900,-371.50,-207.50,-1.6296,-2.1877
7860806,-191.50,-202.50,-20.4950,-12.9232
7864712,16.50,-140.50,-30.8474,-20.9415
7868618,20.50,-123.50,-36.2502,-27.0819
7872524,-239.50,-187.50,-38.3405,-36.7347
7876430,-393.50,-234.50,-41.6480,-47.1360
7880336,-257.50,-218.50,-47.3528,-47.3049
7884242,-15.50,-166.50,-51.9117,-40.2695
7888148,25.50,-120.50,-51.9820,-36.0436
7892054,-210.50,-172.50,-47.0652,-36.3223
7895960,-376.50,-202.50,-41.4384,-35.2767
7899866,-268.50,-206.50,-35.7177,-26.0030
7903772,-0.50,-143.50,-28.5519,-14.6625
7907678,50.50,-120.50,-22.1441,-12.2317
7911584,-163.50,-164.50,-21.5066,-21.7942
7915490,-372.50,-227.50,-26.0447,-35.5697
7919396,-341.50,-258.50,-37.6090,-46.0422
7923302,-89.50,-197.50,-57.5165,-53.1643
7927208,16.50,-149.50,-71.2651,-55.2706
7931114,-170.50,-168.50,-71.3227,-53.4187
7935020,-383.50,-226.50,-64.5278,-50.0420
7938926,-344.50,-256.50,-55.7912,-47.0775
7942832,-104.50,-210.50,-50.1348,-47.7212
7946738,44.50,-172.50,-47.5284,-53.1574
7950644,-131.50,-181.50,-45.1247,-60.9982
7954550,-385.50,-229.50,-48.9685,-62.9706
7958456,-411.50,-271.50,-62.5559,-58.3733
7962362,-129.50,-218.50,-71.4961,-54.2910
7966268,32.50,-186.50,-62.4620,-54.8295
7970174,-88.50,-206.50,-46.8895,-65.0130
7974080,-335.50,-270.50,-36.6470,-80.4962
7977986,-366.50,-306.50,-29.8035,-89.8969
7981892,-156.50,-252.50,-26.6594,-87.7700
7985798,27.50,-191.50,-30.3428,-76.9171
7989704,-82.50,-171.50,-39.4679,-64.8077
7993610,-330.50,-232.50,-47.8509,-55.5685
7997516,-394.50,-280.50,-48.0920,-52.0487
8001422,-196.50,-262.50,-41.7939,-54.8963
8005328,16.50,-202.50,-37.5841,-60.5345
8009234,-16.50,-158.50,-32.3362,-59.8151
8013140,-261.50,-208.50,-19.5704,-48.1049
8017046,-345.50,-256.50,-2.0820,-35.3888
8020952,-164.50,-216.50,15.2310,-25.4026
8024858,45.50,-162.50,22.8309,-15.8101
8028764,13.50,-148.50,15.6292,-13.3950
8032670,-239.50,-207.50,2.6490,-20.8404
8036576,-406.50,-249.50,-11.0190,-28.6818
8040482,-237.50,-218.50,-22.0354,-25.0591
8044388,30.50,-111.50,-18.5917,-4.3819
8048294,26.50,-79.50,-5.6601,24.6559
8052200,-254.50,-175.50,-8.4663,34.5269
8056106,-418.50,-228.50,-29.1909,16.9471
8060012,-272.50,-239.50,-40.1757,-3.5553
8063918,-0.50,-143.50,-28.5955,-8.7352
8067824,63.50,-81.50,-6.9887,5.3934
8071730,-168.50,-141.50,8.5249,23.3220
8075636,-367.50,-218.50,11.1591,24.1083
8079542,-300.50,-224.50,3.9780,13.0518
8083448,-42.50,-144.50,-7.2444,8.1352
8087354,50.50,-93.50,-13.9148,14.3898
8091260,-140.50,-132.50,-11.3880,21.1611
8095166,-322.50,-198.50,1.8488,21.2286
8099072,-277.50,-223.50,21.8990,17.5932
8102978,7.50,-168.50,39.5482,12.5833
8106884,110.50,-111.50,50.8331,8.5323
8110790,-92.50,-113.50,46.9787,10.5558
8114696,-296.50,-172.50,34.7842,20.4482
8118602,-288.50,-188.50,33.6878,33.2355
8122508,-95.50,-130.50,29.9575,44.0303
8126414,80.50,-69.50,13.4645,50.9116
8130320,-49.50,-66.50,6.8795,55.3290
8134226,-300.50,-156.50,14.5803,56.3375
8138132,-335.50,-197.50,19.2824,49.1714
8142038,-72.50,-127.50,21.3251,43.4040
8145944,133.50,-79.50,34.2478,46.2045
8149850,13.50,-81.50,52.3135,46.7262
8153756,-258.50,-133.50,56.8299,44.7812
8157662,-344.50,-173.50,43.9099,47.9718
8161568,-133.50,-140.50,24.6173,52.4955
8165474,78.50,-75.50,12.5633,52.8590
8169380,-2.50,-77.50,9.8689,48.3003
8173286,-250.50,-138.50,10.9831,41.0438
8177192,-358.50,-177.50,12.7726,37.6278
8181098,-157.50,-162.50,13.9440,38.6246
8185004,57.50,-96.50,13.9826,36.9421
8188910,25.50,-70.50,11.8997,33.8483
8192816,-239.50,-133.50,8.1887,32.8467
8196722,-369.50,-186.50,3.9390,31.7634
8200628,-219.50,-175.50,-0.6607,29.8251
8204534,35.50,-113.50,-4.0513,26.1445
8208440,54.50,-84.50,-0.1672,21.3249
8212346,-206.50,-128.50,7.5119,19.1748
8216252,-352.50,-175.50,10.8761,22.7271
8220158,-260.50,-175.50,7.7539,29.0699
8224064,23.50,-111.50,0.3907,31.0992
8227970,91.50,-49.50,5.1246,32.8505
8231876,-133.50,-135.50,23.6190,33.3724
8235782,-332.50,-194.50,36.7109,22.9938
8239688,-266.50,-210.50,33.2846,9.3447
8243594,-15.50,-151.50,16.4624,-0.1027
8247500,82.50,-111.50,3.5302,-6.9664
8251406,-108.50,-149.50,7.1049,-12.0271
8255312,-298.50,-189.50,23.7999,-11.2385
8259218,-239.50,-204.50,43.4837,-1.8275
8263124,-19.50,-111.50,49.3548,12.4240
8267030,87.50,-68.50,35.0844,27.3837
8270936,-94.50,-79.50,16.5977,37.0316
8274842,-314.50,-128.50,8.9050,44.6896
8278748,-297.50,-188.50,11.7824,48.3939
8282654,-60.50,-136.50,14.5068,38.5630
8286560,80.50,-105.50,10.7566,20.9742
8290466,-86.50,-127.50,1.7169,2.8687
8294372,-317.50,-175.50,-7.0654,-7.4294
8298278,-338.50,-218.50,-8.8513,-6.3654
8302184,-117.50,-161.50,-8.9246,-2.4892
8306090,62.50,-112.50,-12.3903,-0.7014
8309996,-47.50,-81.50,-13.3008,3.0094
8313902,-303.50,-169.50,-10.5830,9.9358
8317808,-366.50,-218.50,-10.4292,8.9560
8321714,-113.50,-175.50,-8.1230,0.8467
8325620,126.50,-100.50,10.4916,-1.3178
8329526,19.50,-108.50,34.8765,0.8349
8333432,-292.50,-204.50,32.7993,-6.6710
8337338,-386.50,-222.50,3.4184,-20.0359
8341244,-172.50,-165.50,-19.2462,-16.8314
8345150,71.50,-102.50,-16.8670,0.8357
8349056,53.50,-55.50,3.1176,17.7228
8352962,-241.50,-129.50,19.6047,30.0403
8356868,-368.50,-170.50,16.3254,34.9960
8360774,-188.50,-144.50,6.1897,37.0837
8364680,64.50,-95.50,5.5901,36.9807
8368586,64.50,-52.50,12.8725,33.1786
8372492,-194.50,-108.50,19.2198,32.8559
8376398,-336.50,-168.50,22.1321,34.7126
8380304,-191.50,-169.50,27.2721,32.5128
8384210,64.50,-104.50,33.3031,25.9314
8388116,118.50,-43.50,39.4948,23.9800
8392022,-106.50,-123.50,50.4367,26.4263
8395928,-253.50,-192.50,68.5327,19.7345
8399834,-182.50,-200.50,84.7810,6.6516
8403740,64.50,-112.50,81.5602,0.8521
8407646,109.50,-84.50,61.1346,3.5071
8411552,-133.50,-136.50,35.1278,2.0333
8415458,-340.50,-175.50,12.1274,-1.9238
8419364,-300.50,-190.50,-3.2848,2.5079
8423270,-45.50,-165.50,-16.8993,2.1929
8427176,80.50,-129.50,-23.9240,-14.7061
8431082,-98.50,-145.50,-16.6295,-32.4945
8434988,-303.50,-196.50,0.2361,-33.9019
8438894,-284.50,-220.50,16.1783,-24.0141
8442800,-40.50,-149.50,19.6522,-14.5593
8446706,110.50,-94.50,14.7496,-7.1090
8450612,-37.50,-100.50,15.4878,-0.6338
8454518,-286.50,-175.50,21.8285,3.7341
8458424,-324.50,-217.50,20.5715,1.7104
8462330,-78.50,-158.50,8.5072,-4.5454
8466236,87.50,-113.50,-2.0378,-9.0516
8470142,-31.50,-121.50,-4.7481,-13.7937
8474048,-312.50,-189.50,-6.6343,-18.3907
8477954,-329.50,-217.50,-9.4325,-18.9496
8481860,-84.50,-155.50,-1.6857,-12.1538
8485766,93.50,-111.50,11.2524,-3.4379
8489672,-19.50,-105.50,9.9355,-2.7694
8493578,-284.50,-179.50,-4.3984,-7.8904
8497484,-371.50,-228.50,-17.8055,-14.4100
8501390,-143.50,-207.50,-20.7903,-22.3174
8505296,69.50,-143.50,-13.9201,-30.4872
8509202,-10.50,-111.50,-11.6149,-32.5190
8513108,-276.50,-180.50,-21.2955,-26.9230
8517014,-381.50,-225.50,-30.9557,-22.0831
8520920,-172.50,-197.50,-26.8290,-19.2633
8524826,81.50,-125.50,-8.7902,-15.5169
8528732,52.50,-85.50,8.7489,-8.9547
8532638,-200.50,-139.50,14.5818,0.4475
8536544,-340.50,-174.50,14.1362,10.6718
8540450,-211.50,-155.50,11.2866,22.2614
8544356,39.50,-111.50,2.9232,27.5622
8548267,82.50,-90.50,-0.9769,19.1950
8552173,-130.50,-145.50,11.6126,4.8606
8556079,-330.50,-198.50,28.7864,-4.4229
8559985,-238.50,-202.50,28.2581,-6.7073
8563891,23.50,-143.50,12.3977,-8.4128
8567797,97.50,-96.50,3.1253,-10.5057
8571703,-149.50,-130.50,2.8951,-8.4755
8575609,-352.50,-174.50,-0.8441,-0.8027
8579515,-269.50,-189.50,-5.8225,8.5178
8583421,-30.50,-121.50,-10.3415,13.1621
8587327,65.50,-95.50,-18.6085,11.2714
8591233,-137.50,-143.50,-26.0983,0.8507
8595139,-354.50,-197.50,-28.0171,-11.9745
8599045,-318.50,-222.50,-26.0323,-17.8287
8602951,-38.50,-154.50,-21.5061,-17.8711
8606857,107.50,-117.50,-10.3012,-16.5476
8610763,-57.50,-144.50,5.0434,-19.2656
8614669,-258.50,-175.50,22.4823,-19.4241
8618575,-273.50,-188.50,40.0541,-6.8782
8622481,-53.50,-154.50,41.2012,6.1224
8626387,109.50,-112.50,25.6138,4.6980
8630293,11.50,-92.50,19.2990,-0.4611
8634199,-254.50,-159.50,30.0765,4.6042
8638105,-374.50,-204.50,25.0773,9.6962
8642011,-161.50,-141.50,-13.0405,9.3672
8645917,57.50,-72.50,-47.3193,14.3875
8649823,-22.50,-66.50,-47.8410,24.9894
8653729,-257.50,-136.50,-25.6863,31.9232
8657635,-314.50,-175.50,0.8962,31.3377
8661541,-127.50,-127.50,17.6242,30.0412
8665447,91.50,-96.50,18.0317,28.3600
8669353,6.50,-78.50,8.4294,20.8261
8673259,-271.50,-144.50,-7.7719,13.6184
8677165,-380.50,-203.50,-25.0374,7.8292
8681071,-196.50,-175.50,-33.1737,0.6870
8684977,20.50,-112.50,-35.4134,-3.6853
8688883,15.50,-65.50,-36.5477,0.3522
8692789,-224.50,-129.50,-30.8637,11.1783
8696695,-364.50,-203.50,-19.9357,13.7109
8700601,-238.50,-192.50,-16.4226,2.9750
8704507,-13.50,-128.50,-28.3468,-8.8465
8708413,11.50,-83.50,-44.9376,-11.3644
8712319,-240.50,-128.50,-53.4472,-4.4342
8716225,-409.50,-182.50,-56.5496,4.0550
8720131,-268.50,-190.50,-53.2909,6.8196
8724037,-10.50,-124.50,-41.8062,3.0717
8727943,62.50,-81.50,-27.4757,-0.1726
8731849,-175.50,-153.50,-17.0842,-4.3670
8735755,-362.50,-207.50,-14.5914,-14.4444
8739661,-264.50,-204.50,-11.9973,-20.2191
8743567,14.50,-122.50,-1.3251,-13.9436
8747473,90.50,-60.50,11.0073,1.5354
8751379,-124.50,-113.50,12.3895,14.1927
8755285,-321.50,-173.50,7.4015,14.5480
8759191,-272.50,-178.50,9.5941,11.7366
8763097,-6.50,-111.50,16.9342,14.8514
8767003,115.50,-79.50,23.5470,17.7143
8770909,-47.50,-125.50,29.0816,9.7696
8774815,-282.50,-136.50,34.5987,3.6073
8778721,-282.50,-170.50,36.7302,14.4958
8782627,-47.50,-138.50,30.5383,22.7921
8786533,105.50,-86.50,20.1810,15.2069
8790439,-47.50,-97.50,11.8499,5.3611
8794345,-308.50,-165.50,4.2262,1.5533
8798251,-323.50,-215.50,-1.7361,-2.5388
8802157,-103.50,-175.50,-3.9522,-12.1366
8806063,63.50,-111.50,-9.0327,-20.5781
8809969,-47.50,-84.50,-18.4566,-17.1945
8813875,-303.50,-154.50,-24.9078,-3.8218
8817781,-367.50,-209.50,-26.5140,2.6608
8821687,-137.50,-172.50,-23.7863,-3.0420
8825593,62.50,-112.50,-17.9180,-10.4473
8829499,-21.50,-104.50,-16.0185,-14.2114
8833405,-269.50,-149.50,-18.3255,-12.6820
8837311,-335.50,-198.50,-12.9490,-6.5517
8841217,-138.50,-135.50,3.2305,4.0355
8845123,101.50,-31.50,19.9752,26.1723
8849029,74.50,-33.50,33.0464,51.0332
8852935,-195.50,-150.50,39.9458,49.3235
8856841,-333.50,-216.50,35.6925,17.4207
8860747,-142.50,-180.50,30.5182,-11.2888
8864653,86.50,-128.50,33.3002,-19.9914
8868559,69.50,-81.50,32.8966,-18.0304
8872465,-192.50,-141.50,21.8046,-11.6450
8876371,-349.50,-179.50,8.1884,-3.5922
8880277,-205.50,-162.50,2.9699,6.3571
8884183,58.50,-92.50,8.1119,15.5078
8888089,108.50,-53.50,19.2964,20.3914
8891995,-101.50,-108.50,34.2592,21.2617
8895901,-286.50,-155.50,49.5821,20.9557
8899807,-228.50,-175.50,51.7756,20.7447
8903713,30.50,-113.50,35.5958,15.3212
8907619,84.50,-65.50,15.8703,8.3433
8911525,-105.50,-116.50,5.2630,4.5634
8915431,-294.50,-160.50,10.4723,3.9528
8919337,-256.50,-176.50,22.0196,8.2751
8923243,16.50,-111.50,25.0367,12.4167
8927149,124.50,-38.50,25.1810,17.3731
8931055,-63.50,-68.50,26.0416,26.8976
8934961,-272.50,-141.50,27.9422,32.9973
8938867,-260.50,-153.50,32.5180,33.1018
8942773,-5.50,-89.50,33.9933,34.1219
8946679,169.50,-43.50,38.4010,36.0048
8950585,-8.50,-58.50,47.9379,34.6362
8954491,-250.50,-112.50,49.6597,34.8623
8958397,-284.50,-156.50,41.5420,37.5527
8962303,-32.50,-112.50,31.8215,34.5917
8966209,129.50,-63.50,26.9284,25.3672
8970115,-4.50,-89.50,22.6959,12.6547
8974021,-250.50,-143.50,16.8900,1.6001
8977927,-318.50,-173.50,12.3201,0.3968
8981833,-109.50,-146.50,4.1595,3.6653
8985739,81.50,-84.50,-7.8736,1.3779
8989645,-22.50,-82.50,-20.0547,-3.6945
8993551,-298.50,-162.50,-33.8238,-9.0684
8997457,-377.50,-220.50,-46.0644,-18.8208
9001363,-181.50,-191.50,-50.6841,-30.9740
9005269,14.50,-144.50,-54.2797,-42.1936
9009175,-13.50,-124.50,-59.5576,-51.1725
9013081,-250.50,-164.50,-54.4527,-50.6702
9016987,-366.50,-210.50,-39.7019,-39.7385
9020893,-159.50,-189.50,-22.5441,-29.2240
9024799,75.50,-98.50,-4.5868,-21.5311
9028705,73.50,-38.50,8.4669,-5.5946
9032611,-200.50,-148.50,10.6687,8.3581
9036517,-386.50,-228.50,-3.7710,-3.8707
9040423,-210.50,-223.50,-22.5139,-31.4046
9044329,47.50,-138.50,-23.3611,-47.2694
9048235,67.50,-85.50,-12.7307,-42.5818
9052141,-192.50,-129.50,-10.8620,-26.5593
9056047,-367.50,-181.50,-19.5021,-11.9484
9059953,-225.50,-175.50,-21.2283,-1.7760
9063859,42.50,-101.50,-8.0194,4.8250
9067765,101.50,-65.50,6.9074,7.5609
9071671,-97.50,-120.50,16.2880,3.7690
9075577,-303.50,-160.50,24.4931,-0.4902
9079483,-271.50,-170.50,22.7339,4.2446
9083389,-15.50,-102.50,4.0298,11.8488
9087295,98.50,-48.50,-12.1788,16.3285
9091201,-108.50,-104.50,-14.5494,14.9442
9095107,-332.50,-148.50,-13.2506,9.7100
9099013,-294.50,-164.50,-12.6700,11.3439
9102919,-45.50,-100.50,-13.1725,18.1637
9106825,126.50,-52.50,-9.4120,21.6449
9110731,-0.50,-60.50,10.8242,22.4686
9114637,-239.50,-127.50,40.8023,25.6121
9118543,-252.50,-158.50,58.5399,28.9591
9122449,-34.50,-86.50,53.8204,31.4787
9126355,126.50,-32.50,35.4552,36.0502
9130261,-18.50,-47.50,17.8898,37.8878
9134167,-282.50,-126.50,5.1398,33.5244
9138073,-332.50,-184.50,-5.2264,22.5827
9141979,-104.50,-146.50,-12.9853,6.5794
9145885,84.50,-79.50,-17.1667,-6.1639
9149791,-16.50,-51.50,-19.6448,-5.8613
9153697,-258.50,-112.50,-19.0763,7.5754
9157603,-319.50,-158.50,-10.5043,20.9630
9161509,-123.50,-140.50,0.2944,22.5384
9165415,74.50,-86.50,0.4174,11.5820
9169321,16.50,-50.50,-8.8720,1.2794
9173227,-222.50,-104.50,-12.8415,4.7556
9177133,-333.50,-166.50,-6.7183,13.4742
9181039,-143.50,-162.50,1.8225,11.8551
9184945,64.50,-110.50,4.0419,-2.3265
9188851,29.50,-98.50,-5.0559,-20.6353
9192757,-234.50,-142.50,-20.5747,-32.1761
9196663,-367.50,-208.50,-32.0936,-34.0599
9200569,-209.50,-189.50,-33.1960,-32.3519
9204475,45.50,-137.50,-26.1432,-32.8878
9208381,68.50,-96.50,-16.1106,-36.0940
9212287,-168.50,-149.50,-6.9251,-38.0896
9216193,-349.50,-193.50,-3.5816,-35.7971
9220099,-221.50,-207.50,-5.3112,-31.6748
9224005,64.50,-142.50,-0.8984,-32.3853
9227911,112.50,-96.50,12.8452,-35.2952
9231817,-111.50,-143.50,23.0324,-36.0332
9235723,-287.50,-192.50,27.9567,-34.8764
9239629,-186.50,-207.50,37.7385,-31.2004
9243535,48.50,-140.50,46.1055,-28.2184
9247441,127.50,-94.50,41.4578,-26.8255
9251347,-100.50,-127.50,25.8607,-26.7057
9255253,-349.50,-202.50,2.8703,-29.5964
9259159,-305.50,-225.50,-21.6922,-35.2277
9263065,-40.50,-147.50,-35.6688,-37.2389
9266971,91.50,-100.50,-34.1587,-32.0325
9270877,-76.50,-122.50,-23.8265,-27.7368
9274783,-274.50,-164.50,-7.5493,-23.7589
9278689,-253.50,-192.50,14.8951,-14.3779
9282595,-34.50,-138.50,27.8127,-5.9969
9286501,93.50,-96.50,17.5301,-5.5425
9290407,-57.50,-109.50,-4.8512,-12.5477
9294313,-276.50,-178.50,-16.2965,-20.4502
9298219,-305.50,-217.50,-10.1451,-25.3013
9302125,-49.50,-154.50,2.4636,-24.9962
9306031,155.50,-89.50,19.0547,-17.6222
9309937,62.50,-85.50,40.4912,-8.7792
9313843,-234.50,-143.50,51.3715,-2.4267
9317749,-288.50,-160.50,42.4380,6.0808
9321655,-80.50,-136.50,29.0461,16.4288
9325561,103.50,-92.50,18.5060,16.6658
9329467,37.50,-94.50,8.5745,3.7709
9333373,-224.50,-156.50,4.1370,-10.6188
9337279,-318.50,-173.50,4.2609,-13.1827
9341185,-120.50,-115.50,6.4285,3.1692
9345091,85.50,-26.50,6.7719,31.4525
9348997,37.50,-17.50,-0.6105,54.6152
9352903,-197.50,-128.50,-8.0337,53.0629
9356809,-324.50,-191.50,-5.7351,25.7092
9360715,-150.50,-209.50,2.4715,-7.9040
9364621,112.50,-144.50,13.7174,-35.2310
9368527,95.50,-118.50,24.4154,-49.7617
9372433,-207.50,-173.50,16.4351,-52.1478
9376339,-327.50,-228.50,-5.8331,-50.2108
9380245,-250.50,-240.50,-22.2559,-50.9126
9384151,-25.50,-172.50,-43.2955,-57.5325
9388057,34.50,-124.50,-65.0506,-61.4197
9391963,-186.50,-205.50,-66.5902,-63.1527
9395869,-368.50,-254.50,-54.7696,-70.3310
9399775,-269.50,-266.50,-44.5344,-76.1948
9403681,-15.50,-184.50,-40.5854,-75.6198
9407587,69.50,-137.50,-38.7536,-68.9145
9411493,-111.50,-153.50,-30.0754,-57.2995
9415399,-335.50,-201.50,-17.0698,-41.4500
9419305,-278.50,-211.50,-12.6498,-25.1572
9423211,-32.50,-157.50,-18.3217,-17.1690
9427117,81.50,-124.50,-24.9708,-20.9741
9431023,-85.50,-142.50,-24.4301,-29.9349
9434929,-303.50,-192.50,-15.0562,-31.0349
9438835,-304.50,-210.50,-7.9342,-22.0905
9442741,-64.50,-155.50,-13.6365,-13.1378
9446647,77.50,-97.50,-24.5365,-8.8522
9450553,-79.50,-111.50,-31.0395,-6.8598
9454459,-306.50,-169.50,-31.2754,-4.0868
9458365,-308.50,-212.50,-23.5250,-2.2175
9462271,-67.50,-156.50,-11.5757,-3.5833
9466177,110.50,-78.50,-1.3570,-1.0823
9470083,-8.50,-52.50,5.2528,13.1315
9473989,-248.50,-85.50,9.7324,38.7543
9477895,-288.50,-112.50,15.8906,66.7387
9481801,-40.50,-78.50,28.0479,84.0075
9485707,149.50,-15.50,43.5484,86.8930
9489613,63.50,-4.50,51.8439,83.8271
9493519,-213.50,-65.50,47.7238,82.1764
9497425,-277.50,-134.50,39.1140,77.7857
9501331,-58.50,-111.50,41.4237,66.1374
9505237,170.50,-64.50,56.1614,51.1929
9509143,139.50,-57.50,73.4341,36.4128
9513049,-148.50,-111.50,81.6098,25.3738
9516955,-290.50,-162.50,69.5979,21.3555
9520861,-126.50,-157.50,45.8548,19.5155
9524767,79.50,-114.50,23.0798,10.9656
9528673,60.50,-80.50,2.7700,-1.5711
9532579,-218.50,-143.50,-15.8860,-9.6310
9536485,-352.50,-207.50,-30.4155,-15.7845
9540391,-230.50,-207.50,-37.1708,-23.4641
9544297,-15.50,-164.50,-47.1504,-33.6467
9548203,19.50,-117.50,-63.3702,-43.3088
9552109,-233.50,-175.50,-74.5908,-47.7826
9556015,-399.50,-213.50,-79.2688,-47.3405
9559921,-280.50,-216.50,-76.1643,-41.2444
9563827,-17.50,-152.50,-66.2724,-33.9964
9567733,47.50,-106.50,-55.8742,-29.4328
9571639,-168.50,-149.50,-49.0686,-27.6498
9575545,-366.50,-222.50,-45.8770,-31.4613
9579451,-300.50,-242.50,-45.0073,-40.0463
9583357,-38.50,-172.50,-46.0325,-46.2297
9587266,48.50,-130.50,-47.4210,-45.7263
9591172,-137.50,-143.50,-48.5962,-41.6965
9595078,-346.50,-188.50,-45.6607,-33.0140
9598984,-318.50,-193.50,-39.2223,-17.8777
9602890,-42.50,-109.50,-33.0323,1.9691
9606796,103.50,-48.50,-21.6869,23.5833
9610702,-46.50,-72.50,-4.9280,37.1683
9614608,-271.50,-143.50,11.5377,37.1764
9618514,-297.50,-173.50,19.6723,30.2379
9622420,-48.50,-100.50,15.2496,28.5487
9626326,102.50,-68.50,7.2883,32.3811
9630232,-16.50,-65.50,3.6861,31.5873
9634138,-253.50,-133.50,8.0669,28.5345
9638044,-308.50,-193.50,14.7425,23.2052
9641950,-82.50,-136.50,13.7930,14.6813
9645856,117.50,-63.50,10.9212,14.0979
9649762,16.50,-52.50,12.5619,22.8996
9653668,-254.50,-143.50,11.8174,27.3628
9657574,-353.50,-180.50,1.0818,20.8472
9661480,-114.50,-96.50,-9.5730,22.1961
9665386,115.50,-62.50,-3.1337,36.4814
9669292,-14.50,-175.50,2.2799,20.7226
9673198,-302.50,-261.50,-21.0628,-41.0486
9677104,-420.50,-245.50,-57.3538,-88.7124
9681010,-236.50,-233.50,-79.2275,-86.7851
9684916,-8.50,-171.50,-84.8734,-70.9353
9688822,-25.50,-158.50,-82.6679,-66.1408
9692728,-292.50,-234.50,-79.4315,-69.9043
9696634,-426.50,-297.50,-78.8822,-80.4979
9700540,-250.50,-284.50,-74.4133,-93.1466
9704446,-2.50,-220.50,-63.2202,-102.1103
9708352,37.50,-169.50,-49.4332,-100.7597
9712258,-203.50,-189.50,-34.1923,-82.8690
9716164,-361.50,-226.50,-20.9754,-54.1864
9720070,-234.50,-212.50,-11.0285,-29.4667
9723976,35.50,-140.50,-2.5710,-16.3285
9727882,75.50,-101.50,3.1486,-10.2924
9731788,-161.50,-143.50,1.4432,-6.1038
9735694,-322.50,-206.50,0.1186,-3.8664
9739600,-221.50,-217.50,12.4065,-5.8555
9743506,18.50,-152.50,25.9470,-11.1641
9747412,94.50,-105.50,24.2646,-13.5602
9751318,-118.50,-135.50,12.5761,-10.2764
9755224,-321.50,-206.50,4.6454,-6.2949
9759130,-277.50,-236.50,5.1129,-9.4463
9763036,-15.50,-176.50,7.3023,-19.4649
9766942,116.50,-133.50,10.6299,-27.8286
9770848,-60.50,-139.50,17.2122,-28.3885
9774754,-302.50,-190.50,21.4003,-18.6796
9778660,-281.50,-219.50,21.4472,-6.4311
9782566,-61.50,-159.50,16.4477,-1.0179
9786472,95.50,-92.50,5.7423,2.4129
9790378,-27.50,-79.50,1.9630,12.9680
9794284,-274.50,-168.50,11.2886,25.1364
9798190,-320.50,-256.50,17.9393,16.6214
9802096,-90.50,-188.50,11.5265,-9.7644
9806002,75.50,-124.50,-1.0329,-23.7978
9809908,-44.50,-124.50,-13.3260,-20.7039
9813814,-286.50,-193.50,-19.9568,-15.0011
9817720,-361.50,-224.50,-19.7896,-11.2795
9821626,-145.50,-196.50,-20.2901,-9.1690
9825532,46.50,-149.50,-24.4731,-13.3887
9829438,-17.50,-116.50,-28.4240,-19.5200
9833344,-293.50,-185.50,-30.6229,-17.5129
9837250,-385.50,-223.50,-34.1689,-11.4513
9841156,-173.50,-175.50,-33.4586,-2.9733
9845062,53.50,-133.50,-24.2477,4.5142
9848968,37.50,-109.50,-11.4948,2.9401
9852874,-204.50,-153.50,3.4550,0.7767
9856780,-325.50,-217.50,18.0131,3.4361
9860686,-168.50,-214.50,26.4142,1.3948
9864592,63.50,-158.50,25.2667,-8.7679
9868498,67.50,-121.50,19.2040,-17.9655
9872404,-202.50,-189.50,11.6746,-21.9860
9876310,-346.50,-248.50,3.4985,-26.4803
9880216,-222.50,-244.50,0.3924,-31.4165
9884122,45.50,-175.50,2.9198,-33.4470
9888028,80.50,-128.50,8.5878,-30.6670
9891934,-168.50,-175.50,9.9897,-24.8205
9895840,-346.50,-214.50,4.3133,-17.6932
9899746,-257.50,-234.50,-0.6227,-10.5388
9903652,-3.50,-180.50,-4.5277,-11.3102
9907558,73.50,-158.50,-7.8040,-22.2837
9911464,-159.50,-180.50,-11.8084,-34.3602
9915370,-344.50,-200.50,-15.8786,-30.7453
9919276,-255.50,-158.50,-7.8902,-0.6061
9923182,10.50,-89.50,11.3478,41.8730
9927088,31.50,-144.50,12.7966,54.1797
9930994,-175.50,-176.50,-20.6836,18.8641
9934900,-370.50,-205.50,-54.1039,-16.4397
9938806,-357.50,-259.50,-59.7141,-24.6526
9942712,-114.50,-194.50,-56.8370,-26.4203
9946618,39.50,-154.50,-55.9424,-28.1733
9950524,-136.50,-182.50,-53.4775,-30.3872
9954430,-367.50,-228.50,-52.5208,-33.2306
9958336,-383.50,-250.50,-52.5909,-30.6283
9962242,-136.50,-186.50,-52.4708,-22.3153
9966148,43.50,-124.50,-48.7546,-10.0061
9970054,-66.50,-126.50,-37.6498,2.5322
9973960,-274.50,-157.50,-16.7899,15.4563
9977866,-320.50,-178.50,9.3934,31.9140
9981772,-92.50,-118.50,26.4984,49.2149
9985678,141.50,-74.50,38.2106,61.3310
9989584,73.50,-58.50,58.8668,65.9990
9993490,-194.50,-126.50,79.3883,67.0136
9997396,-272.50,-197.50,85.6429,59.3909
10001302,-58.50,-143.50,84.9995,45.2800
10005208,157.50,-66.50,87.0066,43.6595
10009114,137.50,-31.50,94.7032,59.1464
10013020,-122.50,-95.50,107.7010,77.2321
10016926,-266.50,-153.50,111.3395,82.2029
10020832,-94.50,-143.50,99.0966,72.5599
10024738,119.50,-98.50,81.6180,56.3137
10028644,110.50,-72.50,67.2217,42.1924
10032550,-146.50,-117.50,59.1963,37.6940
10036456,-324.50,-178.50,50.2594,38.9950
10040362,-187.50,-184.50,34.4671,34.9339
10044268,51.50,-105.50,18.8047,27.1907
10048174,80.50,-57.50,10.0202,29.3138
10052080,-152.50,-111.50,8.8201,39.1066
10055986,-331.50,-159.50,11.0689,44.5792
10059892,-209.50,-164.50,14.5482,45.0318
10063798,37.50,-99.50,18.1195,43.2641
10067704,93.50,-44.50,17.4086,44.7490
10071610,-128.50,-96.50,12.0409,49.1988
10075516,-341.50,-169.50,4.6041,46.2583
10079422,-278.50,-188.50,-4.5484,34.6760
10083328,-31.50,-124.50,-15.2981,23.6199
10087234,86.50,-58.50,-20.8271,23.0489
10091140,-111.50,-89.50,-16.9104,31.8464
10095046,-331.50,-154.50,-11.1820,38.4270
10098952,-303.50,-182.50,-9.7786,37.1353
10102858,-47.50,-111.50,-12.0872,33.6538
10106764,102.50,-64.50,-10.8939,34.3962
10110670,-62.50,-63.50,-3.0714,39.0796
10114576,-241.50,-85.50,13.8272,53.4418
10118482,-276.50,-126.50,35.6364,74.5264
10122388,-66.50,-130.50,36.9741,75.8848
10126294,31.50,-117.50,6.3130,44.9760
10130200,-111.50,-130.50,-38.5227,3.6411
10134106,-335.50,-209.50,-66.3822,-24.6577
10138012,-376.50,-254.50,-66.2483,-40.0218
10141918,-138.50,-195.50,-54.8291,-45.0712
10145824,38.50,-124.50,-45.2793,-36.8124
10149730,-58.50,-111.50,-42.0894,-21.6833
10153636,-293.50,-158.50,-40.2315,-7.6672
10157542,-367.50,-212.50,-34.3676,0.2608
10161448,-143.50,-172.50,-26.0431,1.0110
10165354,80.50,-120.50,-13.4501,-0.7160
10169260,-1.50,-111.50,-2.5886,-4.0083
10173166,-242.50,-173.50,-1.1323,-9.2801
10177072,-381.50,-227.50,-7.8062,-15.3049
10180978,-198.50,-223.50,-20.4491,-23.3652
10184884,10.50,-153.50,-33.1593,-31.8046
10188790,-0.50,-116.50,-39.9257,-32.2983
10192696,-249.50,-175.50,-38.9030,-25.7268
10196602,-387.50,-230.50,-34.9845,-22.5798
10200508,-227.50,-207.50,-31.5856,-21.9973
10204414,-0.50,-164.50,-29.5061,-21.8513
10208320,21.50,-127.50,-30.0213,-25.2653
10212226,-213.50,-170.50,-29.1580,-27.9195
10216132,-389.50,-210.50,-28.1465,-24.3153
10220038,-283.50,-222.50,-32.5515,-17.9900
10223944,-15.50,-171.50,-37.4916,-18.4194
10227850,59.50,-100.50,-30.4650,-19.6364
10231756,-148.50,-127.50,-11.9562,-9.3546
10235662,-317.50,-161.50,8.3067,8.7511
10239568,-211.50,-158.50,28.8276,28.0866
10243474,49.50,-80.50,48.0137,46.0748
10247380,149.50,-57.50,62.4325,56.7320
10251286,-33.50,-81.50,74.0678,54.8362
10255192,-236.50,-131.50,85.2581,49.8480
10259098,-212.50,-144.50,90.0875,51.5048
10263004,41.50,-98.50,83.9714,54.7506
10266910,143.50,-47.50,73.3588,54.5362
10270816,-20.50,-56.50,64.0699,54.1558
10274722,-257.50,-111.50,58.5767,57.3624
10278628,-282.50,-159.50,50.1321,57.9380
10282534,-47.50,-97.50,32.4306,52.8589
10286440,119.50,-33.50,19.1499,52.6313
10290346,-34.50,-41.50,17.3241,58.7755
10294252,-303.50,-127.50,12.4007,58.7070
10298158,-348.50,-176.50,-3.5757,45.6948
10302064,-108.50,-143.50,-19.0167,27.7876
10305970,66.50,-96.50,-23.5311,13.8410
10309876,-49.50,-79.50,-23.8347,7.1859
10313782,-296.50,-157.50,-26.0670,6.1528
10317688,-381.50,-188.50,-30.2908,4.7953
10321594,-158.50,-155.50,-35.6293,4.8206
10325500,37.50,-109.50,-37.6952,4.7302
10329406,-41.50,-96.50,-39.2474,-0.1239
10333312,-301.50,-164.50,-44.3109,-6.9373
10337218,-385.50,-214.50,-47.1879,-13.9653
10341124,-188.50,-188.50,-41.5933,-18.6497
10345030,55.50,-133.50,-28.4563,-20.2154
10348936,11.50,-104.50,-15.4954,-20.4922
10352842,-239.50,-128.50,-10.8506,-14.1308
10356748,-360.50,-142.50,-11.0232,5.8779
10360654,-207.50,-162.50,-9.8778,26.7512
10364560,-24.50,-168.50,-19.1324,17.9176
10368466,-17.50,-116.50,-42.9910,-14.9049
10372372,-234.50,-154.50,-57.2140,-33.4033
10376278,-367.50,-208.50,-46.7725,-31.5888
10380184,-255.50,-232.50,-27.8592,-30.1970
10384090,-10.50,-186.50,-20.6731,-39.4953
10387996,26.50,-152.50,-23.7023,-52.1380
10391902,-234.50,-181.50,-33.4650,-58.4235
10395808,-403.50,-229.50,-48.1176,-56.8335
10399714,-303.50,-242.50,-53.6929,-51.7003
10403620,-49.50,-179.50,-48.3672,-47.0653
10407526,26.50,-130.50,-41.4525,-41.0849
10411432,-175.50,-166.50,-36.5154,-36.4552
10415338,-361.50,-208.50,-30.3769,-35.3719
10419244,-302.50,-240.50,-20.6482,-34.8546
10423150,-51.50,-176.50,-13.3916,-34.2911
10427056,79.50,-122.50,-7.3227,-29.8375
10430962,-104.50,-130.50,1.8511,-21.3169
10434868,-325.50,-177.50,8.5627,-12.2394
10438774,-318.50,-197.50,8.1994,-3.3736
10442680,-47.50,-152.50,6.1227,3.3848
10446586,121.50,-82.50,15.8994,9.7986
10450492,-36.50,-106.50,34.2271,15.1196
10454398,-280.50,-155.50,43.5010,14.8969
10458304,-320.50,-192.50,37.7735,12.4304
10462210,-86.50,-145.50,23.3132,12.4823
10466116,89.50,-110.50,13.1617,12.2648
10470022,-47.50,-120.50,9.2551,5.0553
10473928,-254.50,-188.50,10.9852,-8.2684
10477834,-312.50,-197.50,22.7251,-15.3889
10481740,-88.50,-160.50,34.6097,-7.7557
10485646,95.50,-111.50,37.7677,3.7921
10489552,-20.50,-113.50,28.8154,5.2602
10493458,-275.50,-125.50,10.1245,5.3159
10497364,-366.50,-214.50,-5.2938,8.4765
10501270,-157.50,-198.50,-9.6834,0.2027
10505176,29.50,-148.50,-9.8693,-15.6986
10509082,-8.50,-128.50,-14.2977,-25.3701
10512988,-264.50,-192.50,-18.4310,-30.4562
10516894,-394.50,-241.50,-21.5862,-36.5402
10520800,-239.50,-239.50,-29.4241,-43.2668
10524706,16.50,-182.50,-35.4866,-48.8618
10528612,29.50,-156.50,-27.2865,-51.8396
10532518,-224.50,-218.50,-11.2030,-55.2871
10536424,-372.50,-254.50,-3.4571,-60.2236
10540330,-239.50,-225.50,-4.5190,-55.4781
10544236,7.50,-133.50,-7.9687,-34.6577
10548142,61.50,-91.50,-5.5617,-6.7492
10552048,-188.50,-153.50,2.2878,8.7239
10555954,-347.50,-207.50,6.9431,4.4941
10559860,-225.50,-211.50,13.8256,-4.8641
10563766,23.50,-139.50,24.5016,-6.5830
10567672,95.50,-76.50,31.4913,3.3409
10571578,-121.50,-93.50,34.0146,21.4965
10575484,-318.50,-161.50,33.9999,35.7238
10579390,-239.50,-189.50,35.4916,35.9737
10583296,27.50,-109.50,41.5708,30.4413
10587202,111.50,-78.50,47.4111,30.5327
10591108,-50.50,-49.50,50.6733,38.6462
10595014,-212.50,-53.50,66.9380,65.7694
10598920,-175.50,-160.50,98.8276,90.9698
10602826,19.50,-188.50,113.2282,67.1034
10606732,80.50,-157.50,84.9389,6.5549
10610638,-83.50,-164.50,34.0661,-40.4162
10614544,-302.50,-207.50,1.6569,-54.1386
10618450,-272.50,-242.50,3.3104,-47.1694
10622356,-43.50,-193.50,21.8068,-36.2018
10626266,132.50,-140.50,37.7882,-27.1298
10630172,-20.50,-172.50,44.5413,-28.0578
10634078,-268.50,-216.50,39.2278,-40.3310
10637984,-309.50,-266.50,27.4443,-50.9915
10641890,-88.50,-204.50,18.4115,-50.5165
10645796,112.50,-129.50,17.8563,-35.2274
10649702,27.50,-108.50,27.7982,-13.1188
10653608,-218.50,-164.50,40.7079,1.7404
10657514,-294.50,-177.50,46.9111,10.4445
10661420,-102.50,-136.50,43.8080,24.4427
10665326,107.50,-79.50,37.0252,41.1133
10669232,55.50,-65.50,35.2035,49.0068
10673138,-203.50,-134.50,37.3938,44.4772
10677044,-297.50,-168.50,38.1880,34.5143
10680950,-142.50,-124.50,35.7849,35.4834
10684856,86.50,-78.50,29.2778,47.4510
10688762,58.50,-79.50,23.5337,49.8798
10692668,-197.50,-148.50,19.0819,33.9214
10696574,-328.50,-197.50,13.3615,12.2999
10700480,-181.50,-207.50,10.2160,-2.8534
10704386,45.50,-149.50,8.1014,-12.3018
10708292,74.50,-105.50,6.6628,-14.6334
10712198,-142.50,-134.50,12.5901,-7.4965
10716104,-313.50,-138.50,22.2900,10.4369
10720010,-200.50,-140.50,25.6742,36.2712
10723916,69.50,-94.50,26.8422,52.3832
10727822,133.50,-47.50,36.3490,53.8949
10731728,-98.50,-79.50,46.9188,52.5358
10735634,-284.50,-129.50,47.5478,52.6203
10739540,-189.50,-132.50,45.9298,54.5498
10743446,85.50,-89.50,53.1641,56.4732
10747352,167.50,-27.50,66.5660,58.3859
10751258,-25.50,-68.50,75.1193,60.6206
10755164,-241.50,-125.50,75.6389,57.5472
10759070,-220.50,-126.50,68.0869,53.9486
10762976,34.50,-66.50,54.6159,59.2905
10766882,117.50,-33.50,40.1332,66.9974
10770788,-70.50,-68.50,20.9697,63.5916
10774694,-287.50,-143.50,3.3855,47.4882
10778600,-270.50,-188.50,-0.2436,26.0405
10782506,-18.50,-133.50,6.8985,9.3627
10786412,144.50,-100.50,18.4431,2.2390
10790318,-1.50,-108.50,28.9117,-2.2478
10794224,-232.50,-207.50,34.2438,-13.2955
10798130,-271.50,-228.50,34.7048,-30.5319
10802036,-57.50,-181.50,27.8286,-39.3642
10805942,87.50,-136.50,11.5204,-37.0871
10809848,-47.50,-117.50,-12.9192,-32.4071
10813754,-292.50,-162.50,-36.0716,-23.7372
10817660,-381.50,-218.50,-51.4409,-16.1750
10821566,-169.50,-172.50,-63.2646,-15.4244
10825472,96.50,-61.50,-58.7837,-5.5895
10829378,18.50,-89.50,-31.7103,13.2949
10833284,-335.50,-250.50,-25.1960,-0.0852
10837190,-424.50,-272.50,-60.3251,-48.7400
10841096,-169.50,-207.50,-83.5925,-75.1037
10845002,48.50,-168.50,-66.3209,-65.8315
10848908,48.50,-114.50,-36.5897,-49.9691
10852814,-211.50,-148.50,-13.2281,-30.7270
10856720,-346.50,-197.50,-3.3475,-10.0101
10860626,-179.50,-190.50,-5.0332,-0.6590
10864532,59.50,-122.50,-8.3966,-2.6918
10868438,93.50,-76.50,-4.8059,-2.8325
10872344,-149.50,-128.50,8.6992,4.2074
10876250,-312.50,-180.50,20.8113,10.5028
10880156,-194.50,-154.50,21.9601,16.0212
10884062,75.50,-82.50,17.8648,25.6506
10887968,109.50,-47.50,17.6236,35.4783
10891874,-130.50,-101.50,17.2621,37.9831
10895780,-317.50,-154.50,12.6655,33.8523
10899686,-208.50,-160.50,11.2469,30.1238
10903592,51.50,-90.50,15.7913,29.5122
10907498,131.50,-46.50,21.3832,32.0860
10911404,-77.50,-76.50,24.7391,36.1069
10915310,-272.50,-128.50,28.6172,40.6911
10919216,-220.50,-153.50,34.1648,43.6730
10923122,79.50,-92.50,42.6347,41.3620
10927028,150.50,-76.50,51.2396,32.4977
10930934,-36.50,-66.50,46.8495,23.4412
10934840,-242.50,-109.50,38.9068,29.4249
10938746,-238.50,-150.50,39.7150,43.0125
10942652,30.50,-75.50,41.2250,48.9270
10946558,172.50,-15.50,43.3704,54.4116
10950464,32.50,-36.50,48.8395,60.5445
10954370,-205.50,-106.50,56.9529,59.5593
10958276,-260.50,-158.50,57.6886,49.7172
10962182,-24.50,-116.50,42.4110,34.7452
10966088,154.50,-79.50,26.3092,20.0518
10969994,18.50,-78.50,19.2735,8.2930
10973900,-255.50,-150.50,11.4689,1.3373
10977806,-308.50,-207.50,-0.3261,-5.8582
10981712,-97.50,-136.50,-10.6035,-10.8938
10985618,83.50,-79.50,-20.7513,-4.9175
10989524,-4.50,-89.50,-32.3812,0.7564
10993430,-255.50,-183.50,-38.7464,-8.9263
10997336,-342.50,-257.50,-37.1810,-33.8570
11001242,-143.50,-221.50,-33.4209,-59.3508
11005148,78.50,-157.50,-31.4029,-70.6223
11009054,29.50,-118.50,-30.5850,-66.2740
11012960,-214.50,-172.50,-28.1397,-52.4937
11016866,-320.50,-209.50,-20.4306,-37.7563
11020772,-132.50,-163.50,-7.2010,-22.5712
11024678,101.50,-101.50,5.1942,-7.3709
11028584,99.50,-79.50,11.9172,-0.1805
11032490,-144.50,-111.50,16.0158,2.2821
11036396,-289.50,-160.50,20.3984,9.4479
11040302,-138.50,-138.50,25.8465,20.1545
11044208,108.50,-61.50,30.8910,30.6521
11048114,134.50,-25.50,32.6407,39.7561
11052020,-106.50,-83.50,30.6803,42.9355
11055926,-276.50,-143.50,28.1550,38.5849
11059832,-175.50,-124.50,27.5327,35.9327
11063738,86.50,-96.50,26.9259,34.5062
11067644,176.50,-50.50,31.2964,25.7080
11071550,16.50,-33.50,52.3827,25.9521
11075456,-214.50,-74.50,80.3871,49.8862
11079362,-236.50,-152.50,75.1633,66.6763
11083268,-10.50,-127.50,25.3347,45.2159
11087174,79.50,-94.50,-28.1844,5.0886
11091080,-105.50,-138.50,-55.1369,-25.6993
11094986,-361.50,-216.50,-64.5143,-45.3940
11098892,-378.50,-278.50,-80.7171,-64.4165
11102798,-175.50,-239.50,-114.8841,-88.1098
11106704,-47.50,-171.50,-153.0984,-104.2640
11110610,-217.50,-177.50,-177.7361,-102.9286
11114516,-436.50,-218.50,-183.7899,-89.4123
11118422,-456.50,-255.50,-177.0761,-74.0945
11122328,-236.50,-197.50,-173.2059,-63.9857
11126234,-63.50,-150.50,-176.5423,-59.1001
11130140,-164.50,-146.50,-173.8059,-58.1549
11134046,-383.50,-207.50,-156.4786,-57.7303
11137952,-426.50,-233.50,-132.2520,-54.1041
11141858,-180.50,-175.50,-111.0185,-44.1107
11145764,-4.50,-127.50,-96.1756,-31.7869
11149670,-98.50,-130.50,-92.8179,-28.9106
11153576,-339.50,-196.50,-95.6807,-35.9656
11157482,-402.50,-223.50,-91.5730,-41.4121
11161388,-195.50,-190.50,-78.8358,-37.6012
11165294,-15.50,-126.50,-71.1444,-29.5137
11169200,-52.50,-110.50,-74.8393,-23.9129
11173106,-285.50,-161.50,-74.5329,-20.7510
11177012,-399.50,-206.50,-65.0907,-18.0225
11180918,-188.50,-168.50,-50.8368,-12.3103
11184824,47.50,-110.50,-30.5556,-3.9852
11188730,48.50,-52.50,-9.9673,6.5815
11192636,-202.50,-120.50,3.1749,18.3036
11196542,-335.50,-176.50,7.7963,21.4602
11200448,-160.50,-164.50,14.5639,16.9435
11204354,71.50,-97.50,27.4294,14.3142
11208260,81.50,-48.50,33.3513,17.9989
11212166,-156.50,-111.50,28.1831,23.4134
11216072,-335.50,-184.50,18.8342,19.2617
11219978,-224.50,-179.50,10.5161,8.5185
11223884,37.50,-121.50,7.8157,1.7009
11227790,81.50,-84.50,10.2106,-1.0667
11231696,-150.50,-118.50,7.9434,-2.5044
11235602,-333.50,-172.50,0.8948,-1.1302
11239508,-258.50,-185.50,-1.6892,2.3681
11243414,-10.50,-117.50,-1.7726,5.2799
11247320,71.50,-76.50,-4.4765,7.3690
11251226,-154.50,-112.50,-14.0771,5.9609
11255132,-367.50,-191.50,-29.8129,-1.5863
11259038,-320.50,-240.50,-39.6847,-16.7718
11262944,-80.50,-188.50,-41.6012,-36.4190
11266850,35.50,-136.50,-43.7083,-49.6441
11270756,-146.50,-132.50,-49.4621,-49.4744
11274662,-381.50,-197.50,-57.3145,-39.1714
11278568,-384.50,-260.50,-64.5020,-35.2647
11282474,-120.50,-200.50,-66.5372,-44.2684
11286380,45.50,-153.50,-57.5311,-53.0594
11290286,-97.50,-156.50,-43.9492,-56.8759
11294192,-360.50,-213.50,-39.8748,-56.2743
11298098,-392.50,-268.50,-46.8629,-54.4779
11302004,-162.50,-224.50,-54.7537,-56.8438
11305910,25.50,-172.50,-55.9821,-61.0167
11309816,-72.50,-150.50,-50.5802,-62.0799
11313722,-306.50,-204.50,-39.8219,-55.9122
11317628,-381.50,-234.50,-28.5089,-44.0011
11321534,-164.50,-207.50,-23.0397,-32.6964
11325440,48.50,-144.50,-20.0074,-27.4789
11329346,-14.50,-123.50,-14.3971,-26.6621
11333252,-255.50,-171.50,-6.1192,-23.7517
11337158,-358.50,-212.50,2.3276,-16.7382
11341064,-174.50,-164.50,6.3683,-4.2241
11344970,62.50,-90.50,7.8999,13.2864
11348876,112.50,-27.50,25.0441,34.0347
11352782,-161.50,-70.50,58.5785,57.0545
11356688,-386.50,-190.50,62.9515,63.0941
11360594,-246.50,-196.50,21.7619,38.6163
11364500,26.50,-124.50,-16.3064,8.9111
11368406,41.50,-105.50,-20.1065,-5.4656
11372312,-221.50,-189.50,-11.5636,-17.8229
11376218,-385.50,-244.50,-11.9475,-35.6867
11380124,-283.50,-249.50,-18.6063,-46.8950
11384030,-51.50,-190.50,-31.1107,-49.9790
11387936,16.50,-143.50,-43.7205,-50.7835
11391842,-207.50,-207.50,-45.1794,-53.9537
11395748,-418.50,-248.50,-42.5674,-58.9272
11399654,-319.50,-253.50,-42.8961,-55.6713
11403560,-28.50,-175.50,-35.6174,-44.0219
11407466,75.50,-98.50,-15.1875,-27.1633
11411372,-144.50,-116.50,2.6523,-6.5234
11415278,-369.50,-182.50,3.9851,9.5970
11419184,-315.50,-201.50,-2.6896,16.4214
11423090,-33.50,-148.50,-1.8090,16.3157
11426996,91.50,-92.50,9.4141,13.3914
11430902,-89.50,-115.50,19.4845,10.1961
11434808,-304.50,-159.50,25.3543,11.4301
11438714,-297.50,-181.50,32.6559,21.0471
11442620,-32.50,-114.50,39.6903,34.7354
11446526,122.50,-73.50,45.7766,43.2536
11450432,-27.50,-64.50,49.2555,43.7905
11454338,-248.50,-116.50,53.2597,46.7365
11458244,-269.50,-193.50,64.3517,48.5916
11462150,-10.50,-143.50,78.9377,38.7995
11466056,162.50,-85.50,90.3079,27.7875
11469962,36.50,-84.50,90.9772,22.5954
11473868,-248.50,-168.50,77.8354,16.8522
11477774,-321.50,-213.50,57.0738,7.6547
11481680,-137.50,-181.50,34.1740,0.3495
11485586,57.50,-141.50,10.4856,-6.4770
11489492,-13.50,-120.50,-6.3978,-16.3117
11493398,-249.50,-172.50,-6.4809,-20.4752
11497304,-343.50,-222.50,6.7383,-16.4052
11501210,-152.50,-165.50,18.7682,-5.8929
11505116,91.50,-47.50,24.9796,18.5738
11509022,80.50,-9.50,35.2396,54.0518
11512928,-216.50,-143.50,44.1036,68.0403
11516834,-389.50,-257.50,30.4203,35.0852
11520740,-213.50,-253.50,2.5918,-18.9360
11524646,27.50,-189.50,-13.3915,-55.3750
11528552,42.50,-128.50,-13.4823,-63.3094
11532458,-226.50,-196.50,-9.7018,-54.1391
11536364,-354.50,-254.50,-6.1358,-46.1241
11540270,-239.50,-285.50,0.9542,-48.4618
11544176,-18.50,-178.50,-1.7622,-55.0924
11548082,20.50,-133.50,-19.3614,-51.6252
11551988,-238.50,-219.50,-38.4084,-48.7924
11555894,-374.50,-258.50,-44.6640,-55.8742
11559800,-219.50,-226.50,-20.6501,-49.1970
11563706,44.50,-173.50,21.8925,-28.1068
11567612,112.50,-137.50,49.3226,-19.3566
11571518,-111.50,-176.50,51.8637,-26.9955
11575424,-286.50,-239.50,48.3588,-34.5659
11579330,-211.50,-255.50,57.2795,-33.9716
11583236,48.50,-176.50,71.1879,-27.8384
11587142,141.50,-104.50,75.5047,-17.0408
11591048,-62.50,-132.50,67.3069,-5.2541
11594954,-286.50,-213.50,54.9646,-0.4336
11598860,-294.50,-255.50,42.7746,-5.4486
11602766,-61.50,-196.50,23.3319,-15.4667
11606672,61.50,-156.50,-0.5095,-26.1034
11610578,-100.50,-189.50,-18.4017,-40.2760
11614484,-314.50,-246.50,-21.4381,-52.3059
11618390,-323.50,-272.50,-9.5660,-51.0135
11622296,-82.50,-207.50,2.3343,-39.0380
11626202,99.50,-141.50,8.5326,-26.4482
11630108,-33.50,-126.50,12.8441,-16.7901
11634014,-285.50,-175.50,14.0392,-4.0463
11637920,-334.50,-208.50,12.3776,13.2523
11641826,-84.50,-146.50,14.2711,30.2605
11645732,122.50,-86.50,25.2766,42.1414
11649638,50.50,-63.50,41.9588,47.1278
11653544,-207.50,-120.50,56.8264,52.2841
11657450,-271.50,-144.50,67.1190,63.9410
11661356,-52.50,-108.50,77.3277,79.5684
11665266,139.50,-66.50,83.5289,85.4859
11669172,71.50,-52.50,75.6951,74.9976
11673078,-217.50,-115.50,55.7389,61.3455
11676984,-354.50,-176.50,29.8229,53.5627
11680890,-173.50,-175.50,7.6768,46.1643
11684796,48.50,-140.50,-4.1466,29.6619
11688702,41.50,-126.50,-8.2920,4.8070
11692608,-211.50,-189.50,-6.7753,-16.5764
11696514,-387.50,-225.50,-8.3802,-23.8425
11700420,-255.50,-213.50,-21.5996,-16.3908
11704326,-34.50,-150.50,-42.9594,-7.2580
11708232,-9.50,-109.50,-62.7784,-4.1777
11712138,-241.50,-158.50,-70.7272,-3.3996
11716044,-414.50,-208.50,-66.8611,-1.2854
11719950,-296.50,-220.50,-59.1437,1.4868
11723856,-41.50,-133.50,-53.3092,3.9237
11727762,36.50,-58.50,-47.7493,14.9420
11731668,-152.50,-89.50,-34.3144,35.5407
11735574,-348.50,-190.50,-13.8536,45.8610
11739480,-332.50,-249.50,-8.3832,28.7014
11743386,-81.50,-203.50,-29.7358,-7.2583
11747292,23.50,-126.50,-52.6810,-32.4657
11751198,-162.50,-127.50,-57.0458,-28.8982
11755104,-335.50,-159.50,-42.1255,-2.8086
11759010,-271.50,-175.50,-10.5735,28.7717
11762916,-5.50,-143.50,22.7172,45.1874
11766822,128.50,-84.50,43.8613,40.6212
11770728,-33.50,-89.50,52.4136,31.7542
11774634,-250.50,-144.50,57.1052,32.4413
11778540,-252.50,-197.50,63.8635,36.7724
11782446,-26.50,-126.50,65.3186,38.3248
11786352,119.50,-80.50,56.2314,39.9412
11790258,-32.50,-79.50,40.7218,38.9579
11794164,-269.50,-137.50,27.3546,37.2597
11798070,-287.50,-168.50,26.2009,41.0094
11801976,-26.50,-117.50,40.8435,49.7444
11805882,150.50,-80.50,61.4463,54.3219
11809788,35.50,-79.50,69.8760,45.9933
11813694,-239.50,-138.50,60.1737,33.8149
11817600,-303.50,-186.50,43.9982,28.3778
11821506,-88.50,-148.50,35.8069,29.2502
11825412,112.50,-84.50,36.0158,32.7716
11829318,51.50,-66.50,37.1657,34.9837
11833224,-188.50,-113.50,40.7421,36.9357
11837130,-291.50,-156.50,47.8958,42.3290
11841036,-125.50,-140.50,49.8719,48.6054
11844942,125.50,-68.50,46.7020,51.4482
11848848,95.50,-42.50,48.7845,52.2575
11852754,-162.50,-110.50,52.3946,49.7688
11856660,-320.50,-162.50,46.7518,43.0608
11860566,-164.50,-146.50,33.9474,39.5127
11864472,74.50,-88.50,23.6765,39.9205
11868378,94.50,-37.50,21.1488,41.4622
11872284,-166.50,-96.50,21.1725,43.6501
11876190,-337.50,-152.50,15.4053,42.9318
11880096,-239.50,-140.50,3.0683,43.0275
11884002,-0.50,-66.50,-13.8701,48.9468
11887908,69.50,-45.50,-25.2626,53.1675
11891814,-172.50,-111.50,-25.4719,43.6377
11895720,-356.50,-190.50,-23.9727,21.8613
11899626,-249.50,-207.50,-19.5400,0.9459
11903532,25.50,-140.50,-6.4536,-10.4636
11907438,95.50,-101.50,6.6819,-13.5893
11911344,-109.50,-126.50,9.1256,-14.2644
11915250,-302.50,-175.50,8.1832,-10.8795
11919156,-271.50,-201.50,10.6081,-3.4688
11923062,-42.50,-150.50,4.1282,-1.0850
11926968,71.50,-106.50,-12.4911,-6.4365
11930874,-102.50,-122.50,-24.8803,-13.5870
11934780,-304.50,-200.50,-22.8653,-18.6332
11938686,-289.50,-207.50,-8.6980,-19.5740
11942592,-53.50,-175.50,1.8426,-17.3077
11946498,102.50,-85.50,2.8290,-13.4220
11950404,-33.50,-93.50,3.8388,-4.2559
11954310,-271.50,-170.50,9.3304,3.6610
11958216,-309.50,-199.50,12.7080,3.6554
11962122,-62.50,-140.50,11.3607,4.8567
11966028,118.50,-82.50,13.0422,10.7036
11969934,45.50,-92.50,24.4755,12.3610
11973840,-228.50,-142.50,39.6902,9.8611
11977746,-312.50,-182.50,40.0078,11.5186
11981652,-106.50,-143.50,23.7115,16.6444
11985558,80.50,-90.50,5.7493,18.3229
11989464,16.50,-66.50,-5.2148,16.5228
11993370,-239.50,-111.50,-6.8463,19.9518
11997276,-305.50,-137.50,0.5067,32.9315
12001182,-110.50,-138.50,15.2425,44.4997
12005088,58.50,-132.50,19.6106,32.6717
12008994,33.50,-104.50,4.3987,0.7955
12012900,-214.50,-143.50,-8.9834,-18.9124
12016806,-330.50,-187.50,-8.9525,-15.7066
12020712,-148.50,-161.50,0.8390,-2.7714
12024618,95.50,-112.50,15.9304,6.5738
12028524,83.50,-81.50,26.3882,6.7737
12032430,-175.50,-130.50,23.5656,2.8781
12036336,-313.50,-166.50,14.3754,2.8989
12040242,-175.50,-175.50,13.3584,7.1141
12044148,42.50,-117.50,14.4712,7.4461
12048054,75.50,-80.50,6.5904,3.8747
12051960,-174.50,-128.50,-6.6922,0.2265
12055866,-352.50,-175.50,-19.7217,-2.5490
12059772,-244.50,-191.50,-25.2982,-3.2735
12063678,-1.50,-123.50,-23.7114,-3.3679
12067584,80.50,-80.50,-20.7664,-1.4757
12071490,-126.50,-128.50,-16.2068,-1.4487
12075396,-333.50,-175.50,-12.4416,-5.6833
12079302,-292.50,-196.50,-15.9054,-7.8742
12083208,-41.50,-122.50,-26.9276,-5.2575
12087114,82.50,-48.50,-32.7472,6.2769
12091020,-89.50,-95.50,-25.0457,19.4818
12094926,-303.50,-164.50,-11.1082,18.6466
12098832,-249.50,-178.50,4.5139,10.1015
12102738,-50.50,-141.50,12.7196,4.7360
12106644,93.50,-62.50,4.0736,4.5699
12110550,-60.50,-66.50,-7.5887,12.9752
12114456,-281.50,-134.50,-8.4473,23.4924
12118362,-290.50,-158.50,-1.1978,28.0005
12122268,-46.50,-96.50,7.3691,32.2314
12126174,113.50,-38.50,13.3606,40.0776
12130080,16.50,-40.50,19.0356,45.6877
12133986,-225.50,-111.50,28.4679,45.1902
12137892,-298.50,-168.50,32.6847,37.3216
12141798,-73.50,-120.50,25.5529,26.9109
12145704,118.50,-77.50,19.1693,19.9155
12149610,30.50,-58.50,18.6337,15.3467
12153516,-250.50,-144.50,13.9868,10.5736
12157422,-330.50,-204.50,1.1209,-0.2656
12161328,-141.50,-168.50,-10.5669,-12.9456
12165234,61.50,-123.50,-17.6553,-20.6613
12169140,22.50,-94.50,-21.3071,-25.4176
12173046,-207.50,-143.50,-16.2444,-24.2357
12176952,-288.50,-193.50,1.0090,-17.8379
12180858,-117.50,-175.50,23.6841,-12.8075
12184764,80.50,-123.50,32.9740,-13.4703
12188670,63.50,-81.50,22.6105,-16.6602
12192576,-192.50,-144.50,6.3422,-17.2976
12196482,-356.50,-202.50,-9.5497,-19.0290
12200388,-192.50,-188.50,-20.1384,-21.3859
12204294,37.50,-140.50,-19.7387,-23.2417
12208200,65.50,-95.50,-15.5249,-26.3040
12212106,-136.50,-141.50,-8.2829,-27.1918
12216012,-301.50,-186.50,5.4820,-23.8631
12219918,-197.50,-192.50,16.9545,-17.9285
12223824,59.50,-111.50,21.1140,-11.0993
12227730,90.50,-58.50,18.9297,-1.1222
12231636,-130.50,-108.50,7.8462,6.9685
12235542,-314.50,-173.50,-4.0684,5.3439
12239448,-239.50,-180.50,-6.3827,0.2059
12243354,18.50,-125.50,-1.9622,-1.9770
12247260,103.50,-79.50,3.0356,-3.2220
12251166,-84.50,-98.50,4.5395,-3.9549
12255072,-306.50,-180.50,2.1953,-5.1972
12258978,-298.50,-218.50,-6.9623,-13.0479
12262884,-36.50,-144.50,-20.5002,-22.2677
12266790,94.50,-85.50,-24.3354,-21.0928
12270696,-109.50,-96.50,-25.2132,-13.1053
12274602,-321.50,-175.50,-34.0671,-8.8299
12278508,-316.50,-217.50,-38.3635,-13.3828
12282414,-68.50,-169.50,-33.1004,-22.6582
12286320,94.50,-110.50,-23.8583,-28.8574
12290226,-44.50,-108.50,-15.9528,-29.5660
12294132,-270.50,-156.50,-11.0432,-23.3976
12298038,-314.50,-204.50,-7.1753,-14.1625
12301944,-93.50,-162.50,-7.6653,-10.0417
12305850,98.50,-117.50,-9.6428,-13.5764
12309756,-8.50,-105.50,-8.4467,-21.2206
12313662,-258.50,-148.50,-7.9501,-22.3821
12317568,-328.50,-190.50,-9.6584,-13.3522
12321474,-106.50,-156.50,-8.5451,-3.0687
12325380,81.50,-127.50,-4.7466,-3.3611
12329286,17.50,-111.50,-5.1851,-16.7932
12333192,-239.50,-162.50,-9.5620,-28.7093
12337098,-320.50,-207.50,-10.5347,-29.4496
12341004,-145.50,-208.50,-5.5300,-27.8287
12344910,111.50,-136.50,4.3306,-31.1922
12348816,48.50,-85.50,13.2598,-29.5243
12352722,-245.50,-146.50,2.6210,-19.5281
12356628,-383.50,-222.50,-27.1935,-17.1226
12360534,-220.50,-202.50,-49.0243,-24.3500
12364440,27.50,-158.50,-51.0459,-31.5729
12368346,44.50,-138.50,-41.1331,-40.8584
12372252,-202.50,-174.50,-31.2205,-50.7605
12376158,-290.50,-185.50,-16.3676,-45.7340
12380064,-121.50,-138.50,20.1864,-15.4983
12383970,32.50,-127.50,47.4935,15.2172
12387876,38.50,-137.50,24.5536,8.7888
12391782,-167.50,-180.50,-17.7582,-26.5969
12395688,-370.50,-244.50,-39.3053,-55.8269
12399594,-335.50,-255.50,-55.0991,-67.7029
12403500,-96.50,-200.50,-82.6120,-69.8511
12407406,-15.50,-160.50,-104.8378,-68.8881
12411312,-216.50,-213.50,-109.4739,-72.1081
12415218,-408.50,-276.50,-103.2991,-82.6935
12419124,-318.50,-303.50,-87.9111,-94.2608
12423030,-74.50,-216.50,-67.1836,-96.2545
12426936,39.50,-174.50,-52.8469,-85.3349
12430842,-128.50,-181.50,-45.9860,-72.1340
12434748,-337.50,-213.50,-39.0864,-58.3897
12438654,-324.50,-241.50,-31.9118,-42.1792
12442560,-106.50,-179.50,-33.3481,-30.3557
12446466,53.50,-134.50,-40.3125,-24.1689
12450372,-90.50,-129.50,-39.4693,-20.4885
12454278,-333.50,-208.50,-34.1195,-18.7880
12458184,-383.50,-256.50,-38.6212,-24.9085
12462090,-130.50,-190.50,-50.0117,-32.8809
12465996,48.50,-143.50,-50.0903,-31.6232
12469902,-57.50,-132.50,-38.1680,-26.0717
12473808,-309.50,-191.50,-28.0412,-20.5847
12477714,-377.50,-213.50,-28.0351,-13.6948
12481620,-130.50,-156.50,-29.9491,-1.6349
12485526,80.50,-107.50,-18.6201,12.0922
12489432,33.50,-85.50,4.7332,19.5211
12493338,-208.50,-161.50,29.6073,20.2838
12497244,-329.50,-211.50,40.4811,13.9132
12501150,-142.50,-174.50,31.1183,6.8902
12505056,64.50,-125.50,15.8062,4.9085
12508962,23.50,-91.50,5.7799,5.7323
12512868,-221.50,-145.50,2.3993,10.0705
12516774,-332.50,-205.50,5.2631,12.9677
12520680,-165.50,-188.50,12.5171,10.1154
12524586,54.50,-114.50,17.1918,8.1665
12528492,77.50,-79.50,19.3747,12.9297
12532398,-162.50,-127.50,26.2003,20.5754
12536304,-318.50,-177.50,32.3053,25.6139
12540210,-194.50,-194.50,31.1076,24.2783
12544116,41.50,-134.50,24.5851,14.8927
12548022,70.50,-110.50,16.9404,3.6356
12551928,-180.50,-160.50,7.1830,-5.9823
12555834,-398.50,-228.50,-12.6290,-15.3844
12559740,-284.50,-248.50,-35.6776,-25.5950
12563646,-24.50,-175.50,-43.2418,-33.6950
12567552,54.50,-106.50,-34.4437,-29.4350
12571458,-175.50,-127.50,-26.5220,-12.3010
12575364,-362.50,-208.50,-27.0822,1.0679
12579270,-300.50,-233.50,-27.1776,-1.3052
12583176,-54.50,-175.50,-25.7444,-11.7771
12587082,70.50,-143.50,-23.1988,-21.0728
12590988,-121.50,-148.50,-16.9757,-26.6554
12594894,-361.50,-209.50,-16.0768,-24.3191
12598800,-348.50,-238.50,-25.8465,-18.5419
12602706,-90.50,-160.50,-36.7096,-12.3738
12606612,63.50,-121.50,-35.8729,-4.5247
12610518,-100.50,-137.50,-26.6391,-3.0094
12614424,-333.50,-194.50,-20.5894,-6.5633
12618330,-360.50,-220.50,-20.9509,-6.1058
12622236,-94.50,-176.50,-21.7928,-2.1654
12626142,77.50,-140.50,-14.1172,-2.9681
12630048,-38.50,-130.50,-1.9727,-9.5540
12633954,-281.50,-156.50,7.3804,-6.4053
12637860,-316.50,-191.50,15.4640,11.0545
12641766,-60.50,-164.50,28.6609,25.1821
12645672,162.50,-78.50,52.2373,31.0084
12649578,97.50,-34.50,81.0593,44.0366
12653484,-239.50,-110.50,90.2265,62.5149
12657390,-377.50,-233.50,56.5366,56.1320
12661296,-205.50,-201.50,-0.1152,20.9235
12665202,65.50,-144.50,-33.8018,-8.6426
12669108,19.50,-105.50,-27.2057,-15.4591
12673014,-239.50,-154.50,-6.6433,-6.9995
12676920,-357.50,-202.50,4.3511,4.8479
12680826,-148.50,-160.50,13.1195,17.0132
12684732,80.50,-110.50,25.6711,28.4868
12688638,67.50,-89.50,32.0173,29.8845
12692544,-216.50,-162.50,24.8238,18.4965
12696450,-354.50,-204.50,10.9603,4.7481
12700356,-198.50,-202.50,6.6178,0.2244
12704266,46.50,-127.50,11.8473,3.7721
12708172,84.50,-79.50,16.5852,11.5237
12712078,-161.50,-132.50,19.6117,18.5977
12715984,-352.50,-180.50,18.3413,20.8106
12719890,-254.50,-192.50,10.6884,21.5270
12723796,-29.50,-144.50,-5.1751,18.3290
12727702,26.50,-121.50,-27.2531,6.9488
12731608,-201.50,-149.50,-45.1731,-6.8630
12735514,-398.50,-197.50,-52.1711,-11.2815
12739420,-317.50,-217.50,-48.6204,-6.0131
12743326,-77.50,-149.50,-44.5994,-0.1894
12747232,41.50,-107.50,-45.1317,3.3557
12751138,-143.50,-114.50,-40.7502,6.2693
12755044,-366.50,-169.50,-30.5688,12.5899
12758950,-338.50,-188.50,-24.0675,21.2543
12762856,-98.50,-128.50,-27.3949,28.1945
12766762,53.50,-72.50,-33.6659,33.6728
12770668,-109.50,-92.50,-31.8090,35.8628
12774574,-342.50,-153.50,-23.5772,34.0275
12778480,-335.50,-194.50,-14.0260,30.0873
12782386,-63.50,-133.50,-1.4853,27.4323
12786292,101.50,-82.50,13.8896,28.8951
12790198,-15.50,-80.50,26.9639,31.1210
12794104,-297.50,-170.50,31.5969,27.8889
12798010,-338.50,-204.50,24.3892,17.9050
12801916,-76.50,-148.50,19.3125,12.6880
12805822,100.50,-85.50,25.4632,18.4973
12809728,33.50,-79.50,34.9705,25.7877
12813634,-200.50,-140.50,51.0124,28.6271
12817540,-299.50,-178.50,67.5618,29.5278
12821446,-120.50,-116.50,64.4071,36.5064
12825352,81.50,-49.50,42.6946,51.5036
12829258,26.50,-52.50,22.5541,60.6369
12833164,-239.50,-120.50,14.2786,54.9179
12837070,-346.50,-164.50,13.1021,44.1704
12840976,-156.50,-143.50,15.9488,39.1212
12844882,80.50,-74.50,21.6412,38.9875
12848788,62.50,-34.50,26.9179,43.0574
12852694,-207.50,-100.50,27.3497,49.0271
12856600,-352.50,-154.50,20.9377,49.7561
12860506,-193.50,-158.50,15.1985,44.0240
12864412,48.50,-110.50,14.1554,31.8424
12868318,75.50,-76.50,15.3992,17.6049
12872224,-204.50,-127.50,12.4993,9.1730
12876130,-362.50,-180.50,2.2740,7.2845
12880036,-239.50,-181.50,-3.1664,8.9211
12883942,10.50,-101.50,-1.8165,12.6993
12887848,74.50,-57.50,-0.2574,19.6609
12891754,-173.50,-99.50,-1.0079,25.7720
12895660,-348.50,-147.50,-3.4103,29.1729
12899566,-264.50,-164.50,-0.2066,32.2524
12903472,-26.50,-100.50,1.7075,32.5736
12907378,57.50,-58.50,-6.5022,30.3232
12911284,-143.50,-106.50,-16.2035,24.4629
12915190,-341.50,-156.50,-16.1217,16.9225
12919096,-293.50,-174.50,-6.1759,15.5309
12923002,-15.50,-114.50,6.0281,18.6513
12926908,96.50,-80.50,15.5858,18.3381
12930814,-88.50,-111.50,16.6674,10.1105
12934720,-304.50,-170.50,13.8680,0.1067
12938626,-303.50,-180.50,15.8193,-0.9159
12942532,-56.50,-115.50,16.7184,8.6423
12946438,118.50,-61.50,17.7185,20.5955
12950344,6.50,-79.50,30.1473,25.3527
12954250,-237.50,-136.50,51.6542,23.9600
12958156,-301.50,-172.50,61.3948,22.6835
12962062,-66.50,-111.50,50.3263,24.4849
12965968,111.50,-56.50,35.0841,29.2798
12969874,-15.50,-53.50,24.1446,33.0132
12973780,-264.50,-143.50,15.6247,30.1982
12977686,-324.50,-194.50,13.6621,17.6903
12981592,-94.50,-149.50,19.6521,4.3026
12985498,119.50,-88.50,29.9482,-0.3506
12989404,61.50,-50.50,41.0357,5.0810
12993310,-191.50,-99.50,51.4674,20.4378
12997216,-301.50,-143.50,56.9423,36.8271
13001122,-112.50,-109.50,54.4428,46.1088
13005028,95.50,-40.50,45.7437,50.1187
13008934,54.50,-9.50,33.1147,53.6950
13012840,-189.50,-79.50,24.1867,56.4775
13016746,-304.50,-132.50,26.9499,54.0575
13020652,-129.50,-126.50,39.6785,47.4649
13024558,90.50,-100.50,48.9513,33.1853
13028464,93.50,-66.50,45.6862,11.9996
13032370,-159.50,-126.50,36.6468,-3.0601
13036276,-317.50,-185.50,29.5443,-9.5717
13040182,-218.50,-180.50,21.6646,-12.3464
13044088,21.50,-116.50,6.7167,-13.5029
13047994,69.50,-78.50,-7.4848,-13.7628
13051900,-190.50,-133.50,-16.3854,-15.2361
13055806,-361.50,-190.50,-24.5776,-19.2457
13059712,-255.50,-187.50,-24.7140,-20.6739
13063618,-34.50,-128.50,-22.6348,-18.5474
13067524,46.50,-104.50,-30.3543,-20.3698
13071430,-152.50,-142.50,-37.1774,-29.1755
13075336,-344.50,-200.50,-32.3285,-36.9036
13079242,-293.50,-207.50,-22.0206,-36.9689
13083148,-52.50,-139.50,-19.5430,-31.2254
13087054,94.50,-106.50,-19.7875,-26.5507
13090960,-82.50,-141.50,-9.4097,-30.1462
13094866,-285.50,-187.50,7.8032,-35.4531
13098772,-297.50,-208.50,18.3190,-32.9191
13102678,-32.50,-142.50,16.1158,-25.6322
13106584,87.50,-109.50,9.2498,-21.4537
13110490,-68.50,-138.50,0.4985,-27.1495
13114396,-321.50,-201.50,-10.2418,-37.9926
13118302,-333.50,-209.50,-17.9721,-40.7919
13122208,-76.50,-148.50,-16.8276,-31.1506
13126114,93.50,-96.50,-6.8443,-18.4147
13130020,-26.50,-109.50,1.3439,-13.5321
13133926,-270.50,-165.50,4.3211,-14.4569
13137832,-321.50,-195.50,6.5795,-13.6247
13141738,-108.50,-149.50,7.4927,-9.8044
13145644,79.50,-100.50,4.1968,-7.5437
13149550,-3.50,-95.50,-1.4439,-9.1902
13153456,-274.50,-160.50,-7.5150,-11.4547
13157362,-369.50,-223.50,-16.1206,-16.6141
13161268,-174.50,-188.50,-24.9972,-26.5956
13165174,34.50,-127.50,-31.1037,-34.0560
13169080,-18.50,-111.50,-36.4013,-35.0603
13172986,-267.50,-181.50,-40.2144,-34.1797
13176892,-365.50,-236.50,-36.7937,-37.5290
13180798,-213.50,-207.50,-28.8101,-42.7225
13184704,-8.50,-161.50,-32.0446,-47.1188
13188610,-6.50,-124.50,-45.5652,-50.5240
13192516,-239.50,-193.50,-50.5095,-51.0239
13196422,-367.50,-232.50,-40.8294,-50.2100
13200328,-204.50,-210.50,-21.2915,-45.7539
13204234,53.50,-116.50,1.1254,-33.4789
13208140,80.50,-64.50,17.7850,-12.8069
13212046,-210.50,-114.50,14.6084,7.9305
13215952,-372.50,-169.50,-8.2001,18.2113
13219858,-256.50,-194.50,-23.5533,15.1493
13223764,-15.50,-142.50,-23.9424,-0.1858
13227670,74.50,-106.50,-18.5044,-17.2087
13231576,-180.50,-151.50,-14.2607,-26.7586
13235482,-370.50,-196.50,-19.7511,-27.5893
13239388,-290.50,-191.50,-25.2293,-19.1441
13243294,-22.50,-128.50,-21.0340,-7.4419
13247200,69.50,-101.50,-13.0149,-3.1460
13251106,-111.50,-141.50,-6.7739,-10.2321
13255012,-324.50,-208.50,-0.4382,-21.4641
13258918,-306.50,-235.50,3.4109,-30.5668
13262824,-42.50,-155.50,0.9665,-33.7777
13266730,87.50,-98.50,-0.2928,-26.5116
13270636,-91.50,-111.50,-0.6491,-14.1526
13274542,-303.50,-165.50,-0.9828,-2.9449
13278448,-321.50,-194.50,2.2404,4.9110
13282354,-60.50,-136.50,5.2746,7.8638
13286260,82.50,-85.50,6.6433,8.1698
13290166,-61.50,-103.50,2.5534,5.9626
13294072,-290.50,-179.50,-2.9038,-0.0151
13297978,-333.50,-229.50,-1.2545,-10.3304
13301884,-109.50,-184.50,1.1321,-22.2085
13305790,49.50,-128.50,-4.5005,-29.8306
13309696,-49.50,-114.50,-17.1839,-30.0887
13313602,-294.50,-161.50,-25.3831,-21.1150
13317508,-348.50,-196.50,-21.1595,-7.0212
13321414,-136.50,-174.50,-9.0899,1.0511
13325320,80.50,-124.50,2.8178,-3.3789
13329226,-15.50,-96.50,5.5293,-10.9906
13333132,-271.50,-160.50,-4.6594,-10.8303
13337038,-377.50,-222.50,-16.9762,-10.0909
13340944,-188.50,-191.50,-21.4289,-14.3824
13344850,43.50,-142.50,-18.6003,-19.9160
13348756,17.50,-127.50,-12.7380,-26.7890
13352662,-249.50,-173.50,-10.9901,-31.6907
13356568,-378.50,-209.50,-15.3411,-27.9431
13360474,-220.50,-196.50,-17.9879,-18.1993
13364380,27.50,-144.50,-15.3776,-13.7017
13368286,58.50,-122.50,-7.0848,-18.4409
13372192,-193.50,-143.50,3.4232,-21.1770
13376098,-314.50,-182.50,14.2655,-11.0974
13380004,-194.50,-187.50,29.9382,3.1238
13383910,42.50,-121.50,39.4673,8.6684
13387816,87.50,-73.50,35.6033,10.6162
13391722,-148.50,-116.50,26.7464,14.7194
13395628,-335.50,-175.50,18.6917,16.8535
13399534,-255.50,-197.50,13.5067,13.2904
13403440,-2.50,-125.50,9.2289,7.1228
13407346,112.50,-72.50,11.4502,7.7217
13411252,-84.50,-77.50,25.2921,18.9162
13415158,-292.50,-143.50,40.0100,33.7216
13419064,-240.50,-175.50,47.1505,38.9244
13422970,16.50,-127.50,48.5798,30.8231
13426876,121.50,-95.50,46.7117,17.2539
13430782,-47.50,-113.50,43.0428,4.7119
13434688,-256.50,-173.50,44.8846,-1.4024
13438594,-277.50,-187.50,48.4995,0.6407
13442500,-47.50,-136.50,38.5142,7.1997
13446406,95.50,-85.50,20.3897,12.4440
13450312,-47.50,-96.50,8.8910,13.1071
13454218,-268.50,-169.50,9.6605,9.5504
13458124,-298.50,-209.50,18.5440,2.0703
13462030,-36.50,-168.50,29.1040,-6.0303
13465936,141.50,-109.50,42.2144,-10.1579
13469842,48.50,-96.50,55.7480,-8.1530
13473748,-254.50,-151.50,57.5440,-0.6291
13477654,-328.50,-203.50,38.3258,4.8433
13481560,-112.50,-160.50,13.8667,4.4690
13485466,82.50,-110.50,1.6685,2.3605
13489372,23.50,-126.50,1.0927,-5.0411
13493278,-208.50,-172.50,11.5273,-16.9316
13497184,-290.50,-207.50,29.4428,-20.5687
13501090,-111.50,-184.50,42.6843,-14.9835
13504996,112.50,-120.50,44.4341,-9.6799
13508902,102.50,-97.50,45.6685,-6.5587
13512808,-175.50,-143.50,50.4643,-2.6953
13516714,-297.50,-196.50,48.4234,1.0848
13520620,-143.50,-194.50,41.7875,0.0913
13524526,67.50,-121.50,32.0648,-4.4444
13528432,69.50,-81.50,18.0792,-3.0268
13532338,-170.50,-142.50,8.8098,2.4844
13536244,-345.50,-207.50,4.1464,0.7016
13540150,-219.50,-197.50,-2.8011,-6.3117
13544056,48.50,-126.50,-6.5963,-8.3924
13547962,95.50,-77.50,0.3527,-1.9789
13551868,-141.50,-124.50,9.5327,6.7598
13555774,-306.50,-161.50,14.0570,13.5651
13559680,-223.50,-185.50,17.1592,18.2654
13563586,37.50,-129.50,17.6548,15.5925
13567492,116.50,-77.50,18.0541,10.0357
13571398,-111.50,-79.50,17.2230,14.6605
13575304,-300.50,-162.50,13.1546,25.5277
13579210,-244.50,-196.50,13.0212,24.7215
13583116,16.50,-126.50,16.2624,14.3302
13587022,101.50,-67.50,15.6754,11.9733
13590928,-84.50,-95.50,7.5223,16.7337
13594834,-283.50,-134.50,2.4821,22.5353
13598740,-256.50,-159.50,10.1581,31.2897
13602646,-34.50,-111.50,16.0179,38.0634
13606552,103.50,-73.50,9.3655,36.0726
13610458,-41.50,-74.50,1.5242,28.7795
13614364,-258.50,-128.50,4.7217,26.5697
13618270,-276.50,-185.50,15.4445,26.8121
13622176,-63.50,-125.50,18.2097,23.2833
13626082,87.50,-72.50,6.7359,22.0767
13629988,-21.50,-61.50,-6.8439,24.7949
13633894,-273.50,-134.50,-11.6584,26.9051
13637800,-335.50,-205.50,-13.7845,19.8298
13641706,-111.50,-176.50,-18.2182,2.3836
13645612,62.50,-122.50,-22.5743,-13.6184
13649518,-18.50,-111.50,-27.5173,-22.0344
13653424,-254.50,-189.50,-28.2042,-27.5493
13657330,-309.50,-237.50,-17.5773,-35.1095
13661236,-79.50,-196.50,5.5021,-38.3501
13665142,131.50,-127.50,31.6539,-32.1055
13669048,52.50,-121.50,41.4935,-25.8697
13672954,-216.50,-194.50,28.0960,-30.3100
13676860,-335.50,-229.50,6.0325,-39.1473
13680766,-168.50,-191.50,-9.1794,-36.1755
13684672,43.50,-112.50,-17.9562,-20.2323
13688578,48.50,-74.50,-22.2650,-2.2824
13692484,-207.50,-134.50,-20.7272,8.3247
13696390,-338.50,-207.50,-17.8506,6.0599
13700296,-204.50,-182.50,-15.6491,-1.3488
13704202,51.50,-111.50,-13.0733,-1.0803
13708108,101.50,-64.50,-3.9116,6.9374
13712014,-146.50,-118.50,9.2829,14.0654
13715920,-328.50,-175.50,11.4347,15.4350
13719826,-207.50,-185.50,5.7182,13.3131
13723732,50.50,-112.50,5.6131,11.1796
13727638,118.50,-53.50,12.6242,14.3041
13731544,-79.50,-95.50,23.0536,21.6454
13735450,-284.50,-175.50,32.1557,22.7261
13739356,-240.50,-195.50,29.8549,14.6223
13743267,34.50,-111.50,18.8789,8.5970
13747173,107.50,-66.50,12.0258,11.9574
13751079,-105.50,-80.50,3.0796,18.3992
13754985,-329.50,-144.50,-12.5095,24.6971
13758891,-298.50,-149.50,-25.3089,32.9144
13762797,-49.50,-77.50,-31.9425,44.4920
13766703,148.50,-15.50,-22.2691,57.1314
13770609,-5.50,-26.50,8.9827,65.7564
13774515,-361.50,-206.50,18.5441,51.3832
13778421,-385.50,-248.50,-24.1749,4.0778
13782327,-104.50,-160.50,-69.5963,-34.3290
13786233,46.50,-129.50,-77.7985,-40.5630
13790139,-108.50,-158.50,-73.8777,-44.6123
13794045,-394.50,-239.50,-84.1791,-59.0168
13797951,-428.50,-271.50,-102.7154,-70.1695
13801857,-204.50,-248.50,-113.7160,-75.0277
13805763,-29.50,-190.50,-118.5619,-82.7816
13809669,-121.50,-183.50,-123.4223,-91.9038
13813575,-358.50,-229.50,-120.4902,-90.6181
13817481,-431.50,-256.50,-107.1774,-75.1800
13821387,-197.50,-207.50,-90.3569,-53.5159
13825293,35.50,-158.50,-71.3781,-40.3667
13829199,-1.50,-143.50,-49.8958,-41.9709
13833105,-262.50,-201.50,-30.7642,-46.9130
13837011,-369.50,-244.50,-20.1121,-44.8462
13840917,-175.50,-210.50,-15.0517,-36.6088
13844823,97.50,-158.50,-4.0544,-31.0017
13848729,109.50,-109.50,20.6774,-29.7430
13852635,-137.50,-159.50,50.5466,-22.8473
13856541,-318.50,-191.50,63.4353,-8.0124
13860447,-190.50,-170.50,49.1776,9.5273
13864353,59.50,-106.50,23.9597,21.1065
13868259,106.50,-66.50,13.1333,24.0488
13872165,-143.50,-116.50,20.2988,24.8480
13876071,-316.50,-164.50,29.0331,27.9244
13879977,-190.50,-173.50,33.8172,31.5010
13883883,66.50,-95.50,37.2080,31.9959
13887789,117.50,-62.50,36.8698,31.3594
13891695,-126.50,-116.50,29.6686,27.9970
13895601,-332.50,-182.50,17.4471,20.5589
13899507,-264.50,-202.50,5.9562,12.4780
13903413,11.50,-136.50,-0.7726,4.9180
13907319,99.50,-79.50,-1.0558,2.2024
13911225,-113.50,-114.50,-1.4406,5.2181
13915131,-328.50,-179.50,-4.5131,8.5436
13919037,-305.50,-201.50,-7.7162,9.3817
13922943,-50.50,-131.50,-15.0491,9.2777
13926849,93.50,-88.50,-20.9275,9.4007
13930755,-93.50,-118.50,-20.3128,5.9397
13934661,-302.50,-207.50,-14.8071,-3.6323
13938567,-296.50,-244.50,-2.5980,-17.5077
13942473,-54.50,-177.50,7.0106,-27.7257
13946379,64.50,-107.50,0.0610,-26.2408
13950285,-79.50,-107.50,-20.8511,-15.8720
13954191,-318.50,-170.50,-35.5070,-3.5555
13958097,-356.50,-227.50,-35.4269,1.8983
13962003,-116.50,-164.50,-31.1638,-1.0374
13965909,61.50,-130.50,-29.2919,-7.3486
13969815,-27.50,-129.50,-27.5862,-17.7159
13973721,-290.50,-185.50,-22.5922,-24.3745
13977627,-328.50,-222.50,-13.3425,-20.1519
13981533,-83.50,-169.50,4.7639,-9.6503
13985439,117.50,-117.50,25.8133,-1.3891
13989345,53.50,-96.50,36.3506,0.0434
13993251,-238.50,-175.50,33.2542,-2.0410
13997157,-361.50,-230.50,16.5172,-7.3142
14001063,-193.50,-206.50,-8.0294,-14.5095
14004969,22.50,-141.50,-31.4652,-20.2993
14008875,16.50,-122.50,-42.9543,-24.0977
14012781,-228.50,-185.50,-35.1926,-26.1382
14016687,-340.50,-251.50,-15.9102,-29.0903
14020593,-172.50,-224.50,4.1690,-32.2105
14024499,113.50,-109.50,23.7175,-24.3821
14028405,113.50,-22.50,43.1825,6.2325
14032311,-150.50,-113.50,50.9877,41.1354
14036217,-369.50,-175.50,35.1242,50.6259
14040123,-234.50,-180.50,5.5260,40.5605
14044029,37.50,-84.50,-11.8460,32.6838
14047935,75.50,-64.50,-10.7304,32.2854
14051841,-150.50,-106.50,-5.3158,31.1496
14055747,-372.50,-175.50,-5.9199,28.5853
14059653,-303.50,-202.50,-18.6615,24.4229
14063559,-15.50,-111.50,-33.8926,18.1363
14067465,91.50,-53.50,-31.6157,19.7181
14071371,-111.50,-85.50,-14.0636,28.6723
14075277,-312.50,-143.50,4.6976,38.4534
14079183,-266.50,-171.50,17.8362,45.3299
14083089,-9.50,-109.50,20.0723,44.1060
14086995,101.50,-62.50,13.2278,36.4402
14090901,-111.50,-80.50,-0.0877,29.3433
14094807,-321.50,-143.50,-12.4360,29.4597
14098713,-318.50,-175.50,-13.5233,34.6692
14102619,-47.50,-114.50,-8.6692,37.2471
14106525,119.50,-57.50,-0.3833,35.9542
14110431,-43.50,-46.50,8.9298,36.7998
14114337,-282.50,-116.50,13.5309,44.8836
14118243,-292.50,-160.50,18.8668,52.3956
14122149,-31.50,-117.50,29.4708,50.8682
14126055,143.50,-75.50,40.4729,40.0798
14129961,20.50,-73.50,43.9830,25.0695
14133867,-242.50,-171.50,40.6617,11.3982
14137773,-300.50,-207.50,36.7640,-0.0783
14141679,-100.50,-136.50,30.5816,-0.1767
14145585,92.50,-76.50,17.2076,11.7138
14149491,32.50,-38.50,6.1161,24.2202
14153397,-224.50,-114.50,9.1993,34.8598
14157303,-335.50,-176.50,16.3676,38.0573
14161209,-156.50,-143.50,11.7865,32.7581
14165115,67.50,-84.50,-2.4387,25.2937
14169021,48.50,-60.50,-9.9952,18.1712
14172927,-191.50,-128.50,-0.6187,13.8093
14176833,-316.50,-182.50,17.0599,12.4608
14180739,-152.50,-163.50,28.3980,13.0616
14184645,79.50,-101.50,27.5101,11.8514
14188551,71.50,-46.50,18.6377,10.8847
14192457,-184.50,-134.50,9.0648,11.4638
14196363,-345.50,-202.50,2.3148,4.6600
14200269,-215.50,-185.50,-1.7935,-4.2764
14204175,57.50,-127.50,-2.1295,-8.2654
14208081,121.50,-61.50,8.0451,-8.0015
14211987,-93.50,-79.50,29.1270,4.0779
14215893,-267.50,-111.50,51.4559,30.6667
14219799,-184.50,-127.50,63.7020,57.1617
14223705,80.50,-66.50,61.9045,65.5938
14227611,143.50,-44.50,54.2126,54.6472
14231517,-107.50,-100.50,40.6535,33.0820
14235423,-323.50,-180.50,19.5239,10.8795
14239329,-239.50,-209.50,6.6964,-5.7020
14243235,31.50,-130.50,11.2534,-14.3772
14247141,113.50,-89.50,18.1231,-15.4320
14251047,-91.50,-130.50,11.0689,-18.4529
14254953,-304.50,-173.50,-0.4665,-21.7517
14258859,-271.50,-192.50,-0.6278,-14.7313
14262765,-28.50,-128.50,3.6790,-3.2963
14266671,111.50,-56.50,2.1657,5.7839
14270577,-62.50,-79.50,-3.8616,12.0296
14274483,-303.50,-136.50,-10.0564,15.7270
14278389,-324.50,-181.50,-14.3548,17.8666
14282295,-76.50,-127.50,-18.2122,16.4523
14286201,97.50,-81.50,-19.6904,10.5716
14290107,-40.50,-81.50,-19.2522,2.6606
14294013,-271.50,-132.50,-16.6969,1.4720
14297919,-331.50,-173.50,-10.5999,9.4230
14301825,-90.50,-127.50,-6.1612,17.2738
14305731,98.50,-64.50,-4.3670,19.9703
14309637,12.50,-37.50,-3.5959,22.1505
14313543,-242.50,-108.50,-1.4719,28.0282
14317449,-330.50,-192.50,1.6638,26.3171
14321355,-140.50,-191.50,-0.7231,6.1324
14325261,73.50,-116.50,-9.7636,-19.8716
14329167,16.50,-84.50,-18.7395,-30.8740
14333073,-239.50,-141.50,-22.3876,-25.0987
14336979,-329.50,-196.50,-17.1662,-15.6504
14340885,-83.50,-137.50,6.9049,-3.9111
14344791,198.50,-27.50,52.3972,19.8058
14348697,101.50,-30.50,84.1644,43.6342
14352603,-225.50,-136.50,60.8170,38.7718
14356509,-366.50,-181.50,5.3776,11.9482
14360415,-190.50,-169.50,-26.1138,-4.2008
14364321,70.50,-79.50,-22.4401,-2.0416
14368227,80.50,-31.50,-8.7599,9.8166
14372133,-175.50,-76.50,-3.8106,23.3830
14376039,-304.50,-130.50,0.2400,34.0718
14379945,-196.50,-123.50,13.1024,42.8527
14383851,67.50,-41.50,21.5275,50.1643
14387757,143.50,15.50,24.6708,57.7407
14391663,-79.50,-24.50,33.4091,65.5718
14395569,-241.50,-76.50,49.6677,73.1773
14399475,-136.50,-77.50,73.3580,82.7222
14403381,102.50,-3.50,89.7512,91.8319
14407287,173.50,32.50,83.9337,94.1146
14411193,-49.50,-0.50,63.5457,87.6805
14415099,-245.50,-40.50,48.8085,84.9887
14419005,-191.50,-58.50,50.9429,94.4512
14422911,64.50,-10.50,58.6513,101.9660
14426817,173.50,37.50,58.2693,96.6255
14430723,9.50,30.50,53.3417,87.8153
14434629,-232.50,-20.50,52.5508,89.5008
14438535,-216.50,-45.50,54.4096,100.5853
14442441,35.50,17.50,54.7671,110.6145
14446347,176.50,57.50,51.9766,112.1482
14450253,63.50,30.50,51.3818,100.9217
14454159,-185.50,-36.50,60.9049,84.5279
14458065,-241.50,-72.50,66.8249,74.8313
14461971,-3.50,-29.50,57.1349,71.6136
14465877,188.50,21.50,46.3467,67.3929
14469783,80.50,41.50,45.6465,62.9717
14473689,-188.50,-58.50,48.1583,59.5193
14477595,-268.50,-117.50,43.7437,47.5473
14481501,-60.50,-69.50,31.4113,32.2306
14485407,144.50,-25.50,18.4482,22.6521
14489313,86.50,-41.50,13.4422,9.3424
14493219,-192.50,-109.50,15.1346,-9.5084
14497125,-304.50,-156.50,11.7428,-22.1159
14501031,-109.50,-138.50,2.7893,-26.2619
14504937,99.50,-86.50,-6.4363,-31.7771
14508843,66.50,-41.50,-15.8841,-37.2169
14512749,-181.50,-94.50,-19.9278,-32.4205
14516655,-319.50,-144.50,-17.2542,-21.6641
14520561,-182.50,-129.50,-19.1748,-14.3111
14524467,50.50,-57.50,-32.3583,-12.1197
14528373,63.50,-25.50,-45.6879,-11.8014
14532279,-180.50,-89.50,-48.1281,-13.1124
14536185,-345.50,-142.50,-44.2052,-16.5368
14540091,-197.50,-145.50,-38.1085,-19.1574
14543997,58.50,-92.50,-29.6187,-24.4203
14547903,119.50,-60.50,-19.7062,-34.3621
14551809,-129.50,-86.50,-12.4436,-40.1866
14555715,-303.50,-141.50,-10.6967,-34.9584
14559621,-211.50,-142.50,-9.0795,-24.3567
14563527,98.50,-1.50,0.9476,-4.7204
14567433,204.50,61.50,25.9466,31.8952
14571339,-86.50,-108.50,40.9022,42.9400
14575245,-314.50,-205.50,19.4296,-5.4918
14579151,-269.50,-249.50,-14.7834,-70.5593
14583057,-28.50,-181.50,-39.5637,-110.2023
14586963,52.50,-143.50,-61.1305,-124.6657
14590869,-150.50,-200.50,-84.4018,-132.4833
14594775,-364.50,-282.50,-98.5565,-145.0197
14598681,-368.50,-319.50,-99.7054,-158.1532
14602587,-144.50,-230.50,-106.9948,-163.2852
14606493,-0.50,-178.50,-125.0609,-157.1777
14610399,-111.50,-173.50,-130.6570,-145.7838
14614305,-335.50,-226.50,-109.9884,-128.7840
14618211,-366.50,-241.50,-83.0784,-106.3051
14622117,-106.50,-175.50,-69.5484,-85.9036
14626023,64.50,-111.50,-64.0527,-73.0337
14629929,-47.50,-115.50,-60.4520,-67.9593
14633835,-280.50,-154.50,-53.1641,-60.3048
14637741,-330.50,-205.50,-39.3749,-46.3125
14641647,-110.50,-148.50,-28.1375,-36.1877
14645553,91.50,-84.50,-24.6061,-32.6130
14649459,6.50,-88.50,-25.0965,-33.8077
14653365,-268.50,-147.50,-28.5035,-36.1991
14657271,-354.50,-189.50,-34.5183,-33.4801
14661177,-150.50,-174.50,-37.2208,-31.0629
14665083,75.50,-121.50,-34.4639,-39.3157
14668989,35.50,-79.50,-29.2029,-48.9687
14672895,-236.50,-143.50,-26.0497,-45.6450
14676801,-351.50,-188.50,-27.1975,-35.1170
14680707,-178.50,-158.50,-27.4771,-25.6394
14684613,59.50,-107.50,-26.0421,-22.6716
14688519,53.50,-79.50,-25.2783,-28.3716
14692425,-189.50,-146.50,-23.0590,-35.6446
14696331,-330.50,-200.50,-16.6769,-39.6959
14700237,-186.50,-216.50,-7.2429,-44.4618
14704143,76.50,-163.50,1.3400,-57.6135
14708049,70.50,-114.50,2.1553,-71.4525
14711955,-191.50,-173.50,-13.0078,-75.0351
14715861,-354.50,-216.50,-32.2004,-70.6223
14719767,-244.50,-207.50,-36.6165,-60.0856
14723673,13.50,-133.50,-31.5280,-47.9775
14727579,30.50,-88.50,-35.5119,-39.6329
14731485,-134.50,-125.50,-45.0146,-34.8309
14735391,-326.50,-173.50,-36.7764,-28.9464
14739297,-258.50,-184.50,-17.7037,-20.0163
14743203,-18.50,-132.50,-11.9805,-16.1481
14747109,117.50,-95.50,-13.5616,-22.2771
14751015,-74.50,-91.50,-5.9127,-26.5338
14754921,-296.50,-141.50,5.3794,-15.0664
14758827,-272.50,-158.50,9.0326,3.9647
14762733,21.50,-89.50,11.7314,17.0300
14766639,169.50,-45.50,26.1886,22.2215
14770545,-2.50,-41.50,43.4555,24.1942
14774451,-216.50,-87.50,53.7959,33.2240
14778357,-236.50,-127.50,60.3458,46.0698
14782267,42.50,-74.50,65.3873,50.4561
14786173,183.50,-25.50,70.6251,46.8910
14790079,45.50,-12.50,68.7938,44.0476
14793985,-184.50,-24.50,64.2353,56.6503
14797891,-220.50,-51.50,68.6870,85.7317
14801797,-63.50,-114.50,64.0586,92.5144
14805703,101.50,-89.50,32.6803,50.8529
14809609,-4.50,-106.50,-5.0086,-5.8427
14813515,-289.50,-193.50,-30.4541,-45.6304
14817421,-360.50,-236.50,-46.4845,-68.3398
14821327,-174.50,-207.50,-56.2587,-76.5208
14825233,33.50,-157.50,-64.1507,-76.9156
14829139,-16.50,-166.50,-68.3609,-81.5919
14833045,-272.50,-241.50,-65.2960,-95.7202
14836951,-381.50,-285.50,-60.5482,-111.5851
14840857,-216.50,-250.50,-60.5417,-116.1108
14844763,10.50,-171.50,-66.3692,-105.9250
14848669,-0.50,-140.50,-70.3606,-88.5343
14852575,-232.50,-191.50,-64.3420,-74.1486
14856481,-320.50,-219.50,-43.5159,-63.8643
14860387,-207.50,-208.50,-18.9013,-52.9890
14864293,10.50,-138.50,-17.1671,-43.9080
14868199,43.50,-98.50,-32.0587,-36.5032
14872105,-194.50,-149.50,-38.5232,-30.0939
14876011,-354.50,-217.50,-35.5197,-30.2988
14879917,-260.50,-222.50,-33.6766,-37.6632
14883823,16.50,-149.50,-34.2479,-43.7909
14887729,68.50,-101.50,-28.8001,-40.6028
14891635,-164.50,-144.50,-23.3028,-32.5747
14895541,-360.50,-207.50,-26.9473,-29.1697
14899447,-248.50,-189.50,-27.9845,-26.2856
14903353,31.50,-112.50,-13.4905,-14.4751
14907259,114.50,-59.50,7.9367,2.9133
14911165,-84.50,-65.50,19.2808,19.5056
14915071,-272.50,-113.50,23.9360,36.2631
14918977,-228.50,-150.50,32.1793,46.8398
14922883,17.50,-67.50,37.7687,48.6133
14926789,122.50,-4.50,34.0113,54.6329
14930695,-41.50,-47.50,25.9911,61.6106
14934601,-285.50,-113.50,19.9714,57.4893
14938507,-287.50,-168.50,13.2547,44.0446
14942413,-66.50,-116.50,0.8817,27.4024
14946319,67.50,-72.50,-16.2154,14.5207
14950225,-57.50,-90.50,-29.0256,5.5512
14954131,-330.50,-169.50,-34.5879,-3.7370
14958037,-367.50,-223.50,-43.3688,-16.0522
14961943,-114.50,-179.50,-50.6779,-29.3469
14965849,58.50,-139.50,-46.6795,-40.1377
14969755,-65.50,-122.50,-43.0291,-46.9186
14973661,-315.50,-210.50,-47.5360,-49.8259
14977567,-372.50,-240.50,-51.4102,-52.8353
14981473,-174.50,-214.50,-52.0044,-54.7907
14985379,39.50,-138.50,-52.3556,-53.5610
14989285,-8.50,-111.50,-46.1580,-46.7758
14993191,-240.50,-164.50,-28.7731,-34.2550
14997097,-337.50,-208.50,-9.2922,-22.6834
15001003,-145.50,-185.50,2.3504,-16.2396
15004909,64.50,-138.50,4.5035,-17.9361
15008815,41.50,-114.50,1.9860,-25.9991
15012721,-201.50,-187.50,2.8524,-34.7008
15016627,-306.50,-207.50,11.4178,-37.3164
15020533,-100.50,-136.50,32.6190,-19.0909
15024439,-0.50,-154.50,39.2345,1.6858
15028345,-32.50,-178.50,-4.2705,-17.4255
15032251,-238.50,-207.50,-56.9035,-58.8926
15036157,-388.50,-241.50,-70.3407,-75.4074
15040063,-296.50,-270.50,-65.5142,-71.2336
15043969,-68.50,-212.50,-72.6916,-74.0423
15047875,-8.50,-156.50,-82.4584,-78.2229
15051781,-234.50,-179.50,-79.9994,-68.5617
15055687,-420.50,-241.50,-75.1038,-53.3323
15059593,-360.50,-271.50,-81.0173,-50.0686
15063499,-81.50,-207.50,-90.9463,-59.5799
15067405,39.50,-144.50,-80.1646,-63.0225
15071311,-176.50,-172.50,-52.2365,-53.2315
15075217,-377.50,-213.50,-35.8477,-39.2226
15079123,-333.50,-235.50,-36.2396,-28.0440
15083029,-79.50,-176.50,-42.0361,-23.2599
15086935,44.50,-125.50,-41.4061,-21.3497
15090841,-142.50,-134.50,-34.5842,-16.8579
15094747,-375.50,-188.50,-33.4967,-9.1447
15098653,-367.50,-208.50,-40.9714,-1.2549
15102559,-124.50,-127.50,-50.0468,8.9192
15106465,-0.50,-85.50,-56.5924,22.6225
15110371,-130.50,-79.50,-59.5614,32.7591
15114277,-361.50,-152.50,-55.1861,37.0996
15118183,-367.50,-190.50,-45.0162,34.4936
15122089,-92.50,-122.50,-27.9256,31.5693
15125995,80.50,-60.50,-2.5932,38.5361
15129901,-27.50,-60.50,18.2269,48.9506
15133807,-253.50,-126.50,30.6916,53.3368
15137713,-318.50,-186.50,38.3950,47.8570
15141619,-130.50,-160.50,34.2821,33.8388
15145525,35.50,-116.50,15.4897,17.8087
15149431,-30.50,-78.50,-4.1918,9.9388
15153337,-273.50,-141.50,-9.4957,15.2545
15157243,-367.50,-192.50,-5.4701,21.7905
15161149,-141.50,-190.50,2.1678,17.5534
15165055,103.50,-114.50,21.7047,7.5754
15168961,64.50,-92.50,48.1735,4.2622
15172867,-168.50,-151.50,67.3207,6.7532
15176773,-303.50,-191.50,74.0134,8.9729
15180679,-202.50,-189.50,59.4798,10.3758
15184585,27.50,-136.50,26.3789,6.7188
15188491,15.50,-113.50,0.1447,-1.6565
15192397,-212.50,-180.50,-7.3902,-11.9292
15196303,-396.50,-240.50,-9.5313,-23.9875
15200209,-268.50,-224.50,-19.0449,-31.0111
15204115,-20.50,-143.50,-28.9409,-25.9295
15208021,-0.50,-91.50,-31.9886,-10.5110
15211927,-239.50,-144.50,-36.3560,3.5044
15215833,-408.50,-208.50,-43.4063,5.6870
15219739,-271.50,-210.50,-39.1190,0.9170
15223645,26.50,-138.50,-12.6995,-0.3632
15227551,97.50,-79.50,24.4922,6.5917
15231457,-108.50,-126.50,48.8988,15.3061
15235363,-327.50,-181.50,51.9346,17.7329
15239269,-308.50,-197.50,34.7655,17.2207
15243175,-48.50,-140.50,7.6999,16.6264
15247081,64.50,-85.50,-6.0805,16.4488
15250987,-127.50,-122.50,-3.9944,15.7295
15254893,-328.50,-184.50,2.4801,12.2486
15258799,-273.50,-207.50,15.8155,9.2542
15262705,-20.50,-132.50,35.0764,12.2073
15266611,113.50,-92.50,49.2319,19.0495
15270517,-70.50,-113.50,48.9457,19.5532
15274423,-324.50,-192.50,33.1984,11.4965
15278329,-357.50,-210.50,10.0000,3.5728
15282235,-93.50,-155.50,-6.1798,3.9826
15286141,83.50,-80.50,-2.9150,12.9346
15290047,-34.50,-80.50,12.4319,24.8489
15293953,-240.50,-134.50,31.6072,35.4929
15297859,-273.50,-191.50,55.6061,39.9154
15301765,-52.50,-146.50,74.6096,36.1211
15305671,127.50,-109.50,79.3987,26.9953
15309577,-0.50,-85.50,67.9348,17.7717
15313483,-321.50,-132.50,34.9706,18.9060
15317389,-399.50,-191.50,-9.4232,27.0619
15321295,-188.50,-169.50,-36.0438,27.7348
15325201,53.50,-108.50,-32.7681,20.7095
15329107,13.50,-92.50,-11.0682,13.9522
15333013,-244.50,-162.50,10.0963,8.8274
15336919,-344.50,-223.50,20.7989,1.4994
15340825,-164.50,-217.50,26.1944,-8.7108
15344731,80.50,-150.50,31.6280,-18.3876
15348637,48.50,-116.50,35.5346,-21.8085
15352543,-232.50,-175.50,28.8352,-19.7437
15356449,-360.50,-236.50,14.2534,-19.5110
15360355,-224.50,-214.50,5.9041,-19.7659
15364261,18.50,-138.50,2.2605,-14.4020
15368167,51.50,-80.50,1.3106,-1.9868
15372073,-206.50,-122.50,2.8455,13.4153
15375979,-394.50,-164.50,-2.6435,26.9514
15379885,-271.50,-194.50,-12.5850,33.1929
15383791,-20.50,-140.50,-17.5226,25.5641
15387697,75.50,-85.50,-11.5584,13.8699
15391603,-195.50,-133.50,-2.7288,9.1036
15395509,-369.50,-191.50,-4.6076,7.5720
15399415,-294.50,-207.50,-7.6172,7.2774
15403321,-49.50,-133.50,-8.7718,9.6243
15407227,53.50,-79.50,-12.4821,15.6481
15411133,-112.50,-98.50,-7.2988,22.9239
15415039,-305.50,-174.50,13.6393,26.5779
15418945,-256.50,-197.50,39.6155,24.6738
15422851,-4.50,-143.50,54.9169,20.5742
15426757,112.50,-80.50,55.9456,19.2190
15430663,-65.50,-97.50,48.2477,20.8643
15434569,-266.50,-160.50,45.1889,23.0787
15438475,-278.50,-175.50,52.2070,27.5480
15442381,-17.50,-79.50,58.5062,43.0190
15446287,128.50,-62.50,60.7278,61.0497
15450193,-46.50,-97.50,53.7426,55.5173
15454099,-264.50,-164.50,40.5345,31.5407
15458005,-325.50,-169.50,33.3154,19.7266
15461911,-78.50,-84.50,29.0550,35.2469
15465817,107.50,-33.50,28.8332,62.7623
15469723,-0.50,-12.50,32.8734,80.1434
15473629,-228.50,-84.50,39.1102,86.6886
15477535,-242.50,-134.50,58.2262,85.2988
15481441,-40.50,-111.50,86.4383,76.2748
15485347,147.50,-45.50,99.3356,65.3253
15489253,73.50,-17.50,91.7078,61.3443
15493159,-211.50,-95.50,75.1595,63.8016
15497065,-325.50,-143.50,53.7911,62.7911
15500971,-108.50,-114.50,39.6806,59.4105
15504877,127.50,-50.50,44.8660,57.7598
15508783,99.50,-30.50,59.7020,55.9290
15512689,-149.50,-102.50,70.7270,51.1568
15516595,-262.50,-157.50,77.9822,43.1445
15520501,-82.50,-116.50,88.4324,41.1048
15524407,161.50,-36.50,101.1538,51.2066
15528313,177.50,-18.50,111.0257,62.3422
15532219,-79.50,-62.50,115.2762,64.8430
15536125,-239.50,-100.50,111.9657,67.2261
15540031,-129.50,-97.50,102.8349,75.0581
15543937,123.50,-46.50,90.9944,77.3092
15547843,153.50,-11.50,80.8294,69.5242
15551749,-72.50,-81.50,74.1385,56.2741
15555655,-266.50,-153.50,69.6861,39.3632
15559561,-189.50,-192.50,63.3420,19.2387
15563467,55.50,-149.50,51.0105,-5.4386
15567373,122.50,-108.50,36.5931,-28.2404
15571279,-86.50,-127.50,25.4750,-37.4895
15575185,-345.50,-185.50,11.8067,-31.8617
15579091,-290.50,-237.50,-9.9893,-27.7503
15582997,-79.50,-176.50,-35.4182,-37.3380
15586903,45.50,-117.50,-57.5367,-47.3739
15590809,-133.50,-128.50,-66.4367,-45.9200
15594715,-349.50,-180.50,-60.9501,-35.3647
15598621,-322.50,-213.50,-49.2352,-24.1278
15602527,-62.50,-144.50,-37.1530,-17.4498
15606433,99.50,-94.50,-24.8114,-13.0694
15610339,-56.50,-77.50,-13.5401,-7.2552
15614245,-298.50,-148.50,-8.4307,2.1808
15618151,-303.50,-201.50,-6.0819,5.9734
15622057,-35.50,-148.50,3.4336,0.3790
15625963,143.50,-105.50,21.0806,-6.9316
15629869,48.50,-101.50,39.1433,-14.1290
15633775,-219.50,-171.50,51.1306,-19.2270
15637681,-318.50,-187.50,45.0690,-17.2376
15641587,-95.50,-132.50,21.9813,-4.1346
15645493,109.50,-72.50,4.7198,12.2936
15649399,-5.50,-33.50,-3.5200,24.6297
15653305,-264.50,-94.50,-14.6045,36.5400
15657211,-354.50,-148.50,-24.2017,43.7691
15661117,-168.50,-128.50,-28.6268,41.6367
15665023,71.50,-57.50,-29.6672,35.9780
15668929,60.50,-28.50,-19.6669,34.6670
15672835,-216.50,-99.50,-3.1849,35.9178
15676741,-324.50,-156.50,5.1663,32.4990
15680647,-118.50,-161.50,14.3583,23.3258
15684553,118.50,-92.50,31.3159,11.5774
15688459,127.50,-65.50,45.3743,3.4383
15692365,-137.50,-111.50,50.9158,1.2822
15696271,-320.50,-141.50,43.2389,7.2367
15700177,-204.50,-146.50,22.1821,19.4841
15704083,45.50,-108.50,-0.7988,21.4225
15707989,97.50,-62.50,-10.7600,10.2350
15711895,-125.50,-126.50,-3.3835,-2.0213
15715801,-313.50,-191.50,9.3962,-13.3131
15719707,-253.50,-200.50,8.8830,-22.2490
15723613,16.50,-123.50,-7.2824,-24.0354
15727519,82.50,-82.50,-20.5869,-19.3444
15731425,-145.50,-129.50,-26.7553,-17.5034
15735331,-329.50,-193.50,-28.4531,-22.6531
15739237,-261.50,-207.50,-20.8878,-27.6354
15743143,38.50,-147.50,-4.7384,-28.7739
15747049,130.50,-100.50,13.5069,-28.3951
15750955,-80.50,-133.50,18.0510,-30.4093
15754861,-320.50,-190.50,5.4033,-33.4986
15758767,-316.50,-224.50,-13.1922,-34.6748
15762673,-68.50,-171.50,-32.0327,-36.6237
15766579,82.50,-111.50,-43.1161,-38.4245
15770485,-58.50,-118.50,-39.1653,-36.4110
15774391,-316.50,-178.50,-27.8533,-30.7841
15778297,-364.50,-222.50,-28.9004,-26.7252
15782203,-108.50,-173.50,-44.1273,-27.9897
15786109,82.50,-111.50,-51.0253,-30.1044
15790015,-8.50,-96.50,-37.2547,-27.0241
15793921,-252.50,-158.50,-11.1426,-18.2460
15797827,-340.50,-193.50,4.3175,-9.3656
15801733,-122.50,-158.50,-4.3990,-4.5311
15805639,66.50,-84.50,-23.0765,-2.0510
15809545,-28.50,-63.50,-37.5660,3.1186
15813451,-271.50,-138.50,-42.4626,8.8909
15817357,-346.50,-204.50,-34.7749,5.3631
15821266,-184.50,-174.50,-28.6862,-5.6805
15825172,-29.50,-110.50,-48.7276,-13.7291
15829078,-68.50,-97.50,-86.9352,-17.3687
15832984,-303.50,-154.50,-106.2684,-19.8424
15836890,-412.50,-191.50,-97.2105,-18.2762
15840796,-200.50,-164.50,-73.7282,-9.4765
15844702,58.50,-112.50,-43.5431,-1.8289
15848608,33.50,-90.50,-19.5152,-4.0681
15852514,-200.50,-143.50,-10.4661,-11.4276
15856420,-362.50,-194.50,-9.9884,-15.3032
15860326,-242.50,-193.50,-17.0086,-14.9333
15864232,-15.50,-138.50,-34.0345,-16.9440
15868138,27.50,-105.50,-49.3242,-23.0405
15872044,-201.50,-175.50,-50.1971,-32.4926
15875950,-336.50,-239.50,-35.3008,-45.5981
15879856,-210.50,-218.50,-8.6682,-51.7250
15883762,42.50,-144.50,15.2285,-43.2917
15887668,97.50,-113.50,23.9029,-31.8047
15891574,-143.50,-146.50,16.9012,-28.3380
15895480,-367.50,-192.50,-2.3240,-26.2112
15899386,-306.50,-225.50,-25.1305,-22.7066
15903292,-21.50,-168.50,-36.7859,-26.3313
15907198,48.50,-121.50,-35.0391,-33.8199
15911104,-168.50,-157.50,-39.0577,-39.1983
15915010,-382.50,-226.50,-51.7480,-43.9206
15918916,-356.50,-242.50,-60.0174,-46.8603
15922822,-88.50,-192.50,-61.7214,-47.2329
15926728,62.50,-146.50,-54.1041,-48.6466
15930634,-85.50,-145.50,-36.4644,-49.2433
15934540,-335.50,-199.50,-20.0593,-42.0944
15938446,-363.50,-262.50,-19.4113,-36.4686
15942352,-74.50,-191.50,-26.0681,-40.1654
15946258,59.50,-138.50,-24.2313,-41.8432
15950164,-82.50,-128.50,-24.7514,-37.0484
15954070,-323.50,-188.50,-30.1578,-28.6016
15957976,-367.50,-220.50,-31.0127,-19.6069
15961882,-107.50,-202.50,-25.5921,-17.2648
15965788,87.50,-124.50,-12.6675,-21.3367
15969694,31.50,-51.50,7.4576,-11.1479
15973600,-242.50,-142.50,28.8631,15.2860
15977506,-350.50,-245.50,32.8418,19.3446
15981412,-159.50,-227.50,13.5175,-9.2298
15985318,61.50,-144.50,-8.5581,-35.5275
15989224,10.50,-127.50,-15.6388,-40.4069
15993130,-271.50,-207.50,-13.7487,-38.8572
15997036,-387.50,-248.50,-17.4376,-41.6557
16000942,-207.50,-213.50,-25.2258,-38.7715
16004848,16.50,-165.50,-31.9801,-31.7301
16008754,5.50,-114.50,-35.8311,-28.7236
16012660,-207.50,-162.50,-27.1893,-23.5406
16016566,-335.50,-222.50,-3.4753,-15.9297
16020472,-198.50,-220.50,17.1501,-12.6662
16024378,44.50,-154.50,20.0502,-14.4506
16028284,35.50,-136.50,9.0848,-20.6498
16032190,-207.50,-175.50,-6.8863,-29.2166
16036096,-373.50,-222.50,-17.3821,-30.9745
16040002,-251.50,-226.50,-17.4371,-23.4584
16043908,23.50,-169.50,-9.9028,-17.6751
16047814,98.50,-110.50,5.1059,-16.0986
16051720,-172.50,-176.50,14.5416,-17.7059
16055626,-380.50,-238.50,2.7075,-25.8259
16059532,-302.50,-256.50,-17.5732,-34.1265
16063438,-74.50,-205.50,-35.0234,-39.3251
16067344,-15.50,-161.50,-56.4453,-45.1611
16071250,-216.50,-188.50,-78.6228,-50.7184
16075156,-409.50,-234.50,-85.3930,-49.8424
16079062,-334.50,-233.50,-69.8192,-36.9416
16082968,-33.50,-143.50,-38.7649,-13.0259
16086874,93.50,-79.50,-4.7836,14.0386
16090780,-79.50,-81.50,16.9643,34.4793
16094686,-286.50,-144.50,28.3860,46.5249
16098592,-275.50,-184.50,40.0180,50.5268
16102498,-13.50,-116.50,49.8737,50.0487
16106404,127.50,-68.50,54.2696,50.8334
16110310,-4.50,-73.50,54.6590,49.9008
16114216,-250.50,-143.50,56.6386,46.6090
16118122,-300.50,-200.50,56.3471,40.6265
16122028,-66.50,-155.50,47.1386,31.4615
16125934,112.50,-90.50,36.8272,25.5081
16129840,-2.50,-95.50,31.2700,23.0504
16133746,-303.50,-159.50,21.3228,19.9319
16137652,-371.50,-212.50,1.0076,16.0944
16141558,-145.50,-184.50,-15.3777,11.5339
16145464,74.50,-100.50,-15.6248,9.7419
16149370,48.50,-79.50,1.5924,15.3174
16153276,-213.50,-157.50,29.1033,20.6254
16157182,-350.50,-203.50,41.6562,18.6950
16161088,-196.50,-161.50,23.6115,19.0707
16164994,47.50,-110.50,-5.3327,23.7413
16168900,31.50,-78.50,-15.8405,24.1904
16172806,-208.50,-126.50,-4.3930,24.1291
16176712,-329.50,-179.50,14.6871,28.4375
16180618,-174.50,-180.50,29.1587,31.2263
16184524,53.50,-108.50,30.3205,28.2285
16188430,54.50,-74.50,20.1907,24.6397
16192336,-207.50,-143.50,7.0746,20.4458
16196242,-368.50,-186.50,-3.8918,15.1302
16200148,-250.50,-183.50,-10.0745,16.1784
16204054,-15.50,-149.50,-17.0158,15.5872
16207960,13.50,-113.50,-29.6624,3.4105
16211866,-223.50,-161.50,-43.7701,-11.3382
16215772,-404.50,-225.50,-51.7307,-20.0812
16219678,-305.50,-253.50,-49.5403,-25.9504
16223584,-58.50,-201.50,-44.7507,-35.4078
16227490,-0.50,-170.50,-48.2826,-48.3333
16231396,-180.50,-202.50,-54.5275,-60.2448
16235302,-368.50,-253.50,-46.8279,-64.2173
16239208,-297.50,-253.50,-25.9180,-55.5964
16243114,-12.50,-183.50,-2.9319,-39.2153
16247020,114.50,-122.50,19.4879,-23.1276
16250926,-65.50,-143.50,36.8005,-12.7032
16254832,-271.50,-200.50,48.1954,-7.4255
16258738,-260.50,-238.50,57.0712,-5.5917
16262644,-2.50,-160.50,60.7636,-3.8088
16266550,128.50,-96.50,59.2140,4.6010
16270456,-67.50,-96.50,46.9714,16.8659
16274362,-317.50,-149.50,22.8107,28.3930
16278268,-329.50,-190.50,3.7373,36.9742
16282174,-83.50,-131.50,-0.3525,41.2865
16286080,80.50,-90.50,2.9971,41.6214
16289986,-34.50,-84.50,5.2202,36.8222
16293892,-318.50,-139.50,1.5923,33.9090
16297798,-358.50,-169.50,-7.6534,38.9920
16301704,-116.50,-116.50,-9.8371,50.1380
16305610,110.50,-61.50,3.9388,60.6044
16309516,-8.50,-53.50,19.0015,62.8041
16313422,-262.50,-113.50,19.2390,59.3580
16317328,-345.50,-180.50,13.4062,53.1234
16321234,-122.50,-146.50,15.6975,44.7239
16325140,73.50,-110.50,21.1817,35.1220
16329046,17.50,-84.50,17.6887,23.7839
16332952,-243.50,-144.50,8.5174,16.2471
16336858,-362.50,-208.50,2.8195,12.3017
16340764,-200.50,-192.50,-0.7973,7.2299
16344670,47.50,-126.50,-4.5578,3.1129
16348576,42.50,-89.50,-3.5426,3.2388
16352482,-216.50,-161.50,1.0340,3.4232
16356388,-362.50,-205.50,3.0017,-0.1651
16360294,-239.50,-197.50,0.1556,-0.8679
16364200,-2.50,-137.50,-10.5413,1.2153
16368106,38.50,-96.50,-21.3556,1.6481
16372012,-202.50,-140.50,-22.4396,1.9417
16375918,-377.50,-198.50,-18.3651,2.8652
16379824,-272.50,-192.50,-15.2520,5.7989
16383730,-8.50,-122.50,-14.1387,11.7259
16387636,48.50,-64.50,-13.8993,20.3698
16391542,-156.50,-111.50,-12.6545,27.4407
16395448,-334.50,-171.50,-4.2169,28.0828
16399354,-242.50,-186.50,14.2623,25.7318
16403260,-11.50,-124.50,27.9363,24.2242
16407166,105.50,-70.50,28.1540,24.5677
16411072,-79.50,-111.50,28.3468,23.7891
16414978,-314.50,-171.50,32.1828,19.5249
16418884,-292.50,-184.50,29.3689,18.1806
16422790,-33.50,-120.50,20.8551,23.4183
16426696,117.50,-60.50,19.1314,31.3732
16430602,-33.50,-78.50,29.1730,36.7957
16434508,-278.50,-129.50,41.5263,40.3484
16438414,-316.50,-172.50,40.8080,43.4261
16442320,-77.50,-130.50,24.1868,40.9968
16446226,96.50,-82.50,9.3980,32.3110
16450132,-14.50,-79.50,10.5069,24.0449
16454038,-257.50,-144.50,23.7446,21.8976
16457944,-321.50,-191.50,33.1652,22.1093
16461850,-63.50,-156.50,34.4858,18.6967
16465756,106.50,-98.50,35.8798,12.7121
16469662,-5.50,-80.50,30.9575,9.5108
16473568,-252.50,-144.50,20.2347,11.8266
16477474,-314.50,-185.50,18.5669,15.6724
16481380,-109.50,-132.50,26.3210,21.9862
16485286,103.50,-70.50,32.5102,31.9362
16489192,13.50,-77.50,28.3066,34.4625
16493098,-228.50,-142.50,16.8157,24.3916
16497004,-294.50,-181.50,18.4405,14.1499
16500910,-125.50,-152.50,36.3906,14.4601
16504816,53.50,-106.50,39.9017,17.3554
16508722,15.50,-73.50,16.3258,14.7269
16512628,-228.50,-132.50,-9.3361,11.5617
16516534,-367.50,-192.50,-18.9031,9.0248
16520440,-229.50,-172.50,-20.0809,6.8698
16524346,49.50,-88.50,-17.1603,10.7052
16528252,85.50,-54.50,-1.4382,20.6512
16532158,-168.50,-90.50,17.5963,30.5136
16536064,-336.50,-133.50,22.8337,40.0141
16539970,-236.50,-152.50,15.8386,46.4259
16543876,16.50,-105.50,4.4355,40.0743
16547782,96.50,-57.50,1.3691,26.9642
16551688,-154.50,-95.50,6.7748,20.6705
16555594,-321.50,-146.50,9.7333,22.7245
16559500,-228.50,-159.50,16.1899,27.8324
16563406,25.50,-114.50,26.0101,27.6284
16567312,93.50,-63.50,27.2703,21.2010
16571218,-112.50,-82.50,18.0342,17.9041
16575124,-326.50,-130.50,7.7065,23.2649
16579030,-270.50,-162.50,4.9994,30.8231
16582936,12.50,-110.50,13.0006,31.0031
16586842,137.50,-53.50,29.3364,27.0384
16590748,-38.50,-63.50,42.4229,26.8541
16594654,-289.50,-128.50,43.1531,30.0114
16598560,-314.50,-172.50,28.6193,29.3411
16602466,-99.50,-126.50,-0.0744,22.0404
16606372,45.50,-88.50,-30.4552,11.6837
16610278,-110.50,-111.50,-50.3900,-1.9017
16614184,-335.50,-191.50,-56.0576,-18.5896
16618090,-352.50,-234.50,-47.4646,-34.3059
16621996,-136.50,-192.50,-37.1097,-44.0633
16625902,49.50,-143.50,-35.6301,-48.1501
16629808,-73.50,-136.50,-39.4267,-50.6961
16633714,-339.50,-250.50,-46.8832,-59.8998
16637620,-416.50,-268.50,-58.3748,-76.4413
16641526,-207.50,-209.50,-70.0256,-79.0182
16645432,-0.50,-154.50,-76.5160,-65.0535
16649338,-45.50,-130.50,-71.8511,-52.8468
16653244,-288.50,-198.50,-55.2052,-47.1188
16657150,-380.50,-262.50,-36.6964,-49.4056
16661056,-201.50,-240.50,-27.2103,-58.3932
16664962,25.50,-175.50,-27.3918,-65.9488
16668868,19.50,-131.50,-25.1537,-64.4923
16672774,-255.50,-177.50,-17.6099,-52.4976
16676680,-399.50,-216.50,-19.0864,-36.5619
16680586,-232.50,-193.50,-27.9857,-21.9520
16684492,14.50,-140.50,-30.8129,-13.9132
16688398,39.50,-97.50,-23.4168,-13.2294
16692304,-178.50,-120.50,-6.5740,-8.2766
16696210,-291.50,-132.50,20.4495,11.9725
16700116,-156.50,-132.50,52.8134,40.3914
16704022,71.50,-111.50,70.8853,50.5131
16707928,145.50,-52.50,72.5203,38.8360
16711834,-78.50,-79.50,76.2806,32.0185
16715740,-240.50,-130.50,86.7746,38.5144
16719646,-150.50,-134.50,98.6978,47.8464
16723552,97.50,-47.50,104.0623,58.0774
16727458,207.50,51.50,106.5813,80.2390
16731364,-29.50,13.50,110.1374,110.3413
16735270,-220.50,-65.50,107.5406,123.5844
16739176,-170.50,-79.50,103.7209,116.4887
16743082,86.50,-31.50,102.3754,105.5760
16746988,211.50,5.50,103.8127,95.6051
16750894,10.50,-36.50,105.2199,81.4142
16754800,-216.50,-112.50,99.4720,62.8647
16758706,-214.50,-162.50,88.7844,43.4136
16762612,11.50,-110.50,73.8289,26.5603
16766518,123.50,-68.50,52.1128,15.4287
16770424,-47.50,-74.50,25.5934,8.6730
16774330,-296.50,-143.50,1.9356,5.0852
16778236,-298.50,-204.50,-8.9787,-1.0075
16782142,-60.50,-159.50,-5.9943,-12.8708
16786048,99.50,-111.50,-0.3582,-23.6808
16789954,-15.50,-94.50,-0.4040,-28.2518
16793860,-290.50,-144.50,-6.4687,-23.2013
16797766,-345.50,-186.50,-17.9494,-12.7477
16801672,-125.50,-152.50,-27.7411,-5.9041
16805578,67.50,-106.50,-30.8466,-6.9822
16809484,-20.50,-80.50,-31.6709,-12.3081
16813390,-277.50,-154.50,-33.5036,-15.7552
16817296,-341.50,-204.50,-31.8441,-19.7892
16821202,-146.50,-146.50,-23.5097,-18.6643
16825108,46.50,-79.50,-19.9146,-5.7514
16829014,-20.50,-79.50,-30.8637,3.8842
16832920,-282.50,-166.50,-49.0054,-5.5017
16836826,-384.50,-221.50,-59.8489,-27.1018
16840732,-224.50,-198.50,-59.3992,-41.3832
16844638,21.50,-118.50,-55.0338,-40.1204
16848544,41.50,-80.50,-44.3727,-28.8713
16852450,-187.50,-127.50,-23.8002,-16.7689
16856356,-354.50,-175.50,-7.4599,-8.2010
16860266,-207.50,-176.50,-4.9847,-3.3493
16864172,66.50,-90.50,-2.9996,-0.1993
16868078,101.50,-47.50,9.3197,6.7244
16871984,-111.50,-102.50,25.7071,12.9220
16875890,-265.50,-144.50,42.8427,14.8656
16879796,-159.50,-152.50,59.2072,18.4678
16883702,80.50,-83.50,65.4759,22.2938
16887608,156.50,-24.50,62.4781,26.5914
16891514,-47.50,-62.50,62.0658,32.7497
16895420,-255.50,-137.50,65.0496,34.2291
16899326,-208.50,-168.50,61.3672,26.6877
16903232,58.50,-108.50,51.4950,14.4565
16907138,139.50,-76.50,44.0520,2.9701
16911044,-84.50,-100.50,31.8196,-7.3467
16914950,-322.50,-166.50,8.6613,-13.5150
16918856,-296.50,-207.50,-13.8459,-17.0566
16922762,-40.50,-156.50,-25.4250,-23.8320
16926668,82.50,-116.50,-27.5190,-33.3435
16930574,-82.50,-148.50,-28.5029,-45.9912
16934480,-328.50,-216.50,-32.2985,-59.4060
16938386,-362.50,-266.50,-41.9722,-69.7701
16942292,-160.50,-209.50,-63.8730,-76.4786
16946198,23.50,-145.50,-87.1372,-76.4701
16950104,-18.50,-112.50,-79.2285,-65.8249
16954010,-296.50,-175.50,-42.2737,-46.4682
16957916,-448.50,-298.50,-36.8165,-44.3761
16961822,-252.50,-287.50,-85.6942,-77.7574
16965728,-44.50,-216.50,-135.7417,-116.9253
16969634,-111.50,-191.50,-147.0919,-130.5513
16973540,-386.50,-259.50,-135.6639,-123.8413
16977446,-479.50,-305.50,-130.4442,-114.5754
16981352,-250.50,-267.50,-129.1986,-106.6870
16985258,-66.50,-240.50,-124.4380,-105.2374
16989164,-128.50,-215.50,-128.6062,-116.2869
16993070,-384.50,-266.50,-140.4749,-126.0850
16996976,-484.50,-337.50,-144.5004,-127.7268
17000882,-296.50,-310.50,-134.3881,-127.0360
17004788,-32.50,-234.50,-113.3309,-122.1590
17008694,-36.50,-179.50,-88.5832,-109.7645
17012600,-273.50,-235.50,-68.8294,-94.5275
17016506,-429.50,-257.50,-59.0323,-79.3584
17020412,-236.50,-252.50,-49.5344,-61.2818
17024318,39.50,-174.50,-25.8705,-45.6435
17028224,53.50,-132.50,1.2607,-36.2319
17032130,-197.50,-189.50,10.0421,-33.5922
17036036,-385.50,-266.50,0.7010,-40.2490
17039942,-281.50,-271.50,-13.1453,-50.3223
17043848,-17.50,-208.50,-21.6340,-56.1119
17047754,26.50,-177.50,-24.6473,-59.5220
17051660,-194.50,-204.50,-28.7000,-63.6821
17055566,-351.50,-266.50,-25.7808,-63.9076
17059472,-292.50,-272.50,-10.9735,-57.9758
17063378,-26.50,-196.50,-0.4835,-47.6963
17067284,96.50,-144.50,6.4530,-36.1727
17071190,-146.50,-172.50,10.5876,-29.8032
17075096,-342.50,-232.50,4.5397,-28.2586
17079002,-257.50,-267.50,9.0693,-27.9586
17082908,-0.50,-198.50,32.0918,-27.7623
17086814,130.50,-115.50,51.7211,-20.4160
17090720,-47.50,-134.50,57.0350,-6.5430
17094626,-316.50,-207.50,48.1776,1.4448
17098532,-354.50,-253.50,23.8568,-1.1128
17102438,-115.50,-205.50,-7.9140,-8.8976
17106344,41.50,-152.50,-29.9441,-16.3912
17110250,-90.50,-156.50,-36.0753,-22.4145
17114156,-320.50,-228.50,-29.0769,-26.4128
17118062,-367.50,-271.50,-17.1654,-28.4709
17121968,-142.50,-207.50,-13.3882,-25.3277
17125874,48.50,-141.50,-17.1598,-15.3022
17129780,-80.50,-126.50,-24.0869,-5.5195
17133686,-318.50,-178.50,-31.6044,2.5167
17137592,-388.50,-234.50,-31.4033,9.4965
17141498,-152.50,-211.50,-21.5860,10.2955
17145404,69.50,-149.50,-5.7824,4.3200
17149310,7.50,-131.50,9.3844,-2.7687
17153216,-292.50,-190.50,11.0034,-6.1405
17157122,-431.50,-222.50,-9.4492,-2.0788
17161028,-239.50,-189.50,-37.4749,11.0327
17164934,14.50,-124.50,-48.3430,24.5499
17168840,7.50,-92.50,-36.5260,30.4341
17172746,-236.50,-150.50,-14.7038,30.9089
17176652,-367.50,-192.50,4.0957,32.0012
17180558,-191.50,-184.50,18.1541,37.0194
17184464,30.50,-125.50,24.8296,39.7274
17188370,38.50,-111.50,19.0494,32.9373
17192276,-207.50,-150.50,9.0847,21.2714
17196182,-350.50,-191.50,8.4408,18.6576
17200088,-220.50,-195.50,19.7017,27.1563
17203994,30.50,-116.50,30.6680,36.3954
17207900,77.50,-66.50,32.8398,44.6012
17211806,-170.50,-122.50,27.2540,48.7295
17215712,-352.50,-190.50,19.0244,43.5684
17219618,-250.50,-206.50,18.5991,34.5169
17223524,40.50,-153.50,30.5438,26.1373
17227430,95.50,-110.50,43.9641,18.2296
17231336,-155.50,-158.50,37.1294,8.9776
17235242,-357.50,-212.50,14.1781,0.4820
17239148,-305.50,-228.50,0.6803,-0.4139
17243054,-36.50,-133.50,0.4242,10.1242
17246960,62.50,-98.50,2.1883,25.6259
17250866,-136.50,-143.50,-3.4816,27.3159
17254772,-341.50,-195.50,-9.4274,16.1238
17258678,-335.50,-245.50,-5.6770,6.9582
17262584,-62.50,-181.50,1.0990,0.9365
17266490,91.50,-120.50,8.9340,-0.1210
17270396,-40.50,-112.50,20.5466,6.2678
17274302,-308.50,-163.50,30.3296,19.2348
17278208,-338.50,-206.50,28.7906,32.0687
17282114,-95.50,-141.50,18.9512,39.5260
17286020,70.50,-86.50,10.2569,44.5720
17289926,-26.50,-83.50,7.3787,46.2842
17293832,-254.50,-143.50,18.1452,46.1386
17297738,-313.50,-187.50,37.9863,47.2709
17301644,-83.50,-149.50,51.5697,48.2880
17305550,113.50,-100.50,55.2900,45.7747
17309456,52.50,-91.50,56.4860,38.2089
17313362,-203.50,-160.50,62.5249,29.8413
17317268,-316.50,-201.50,66.5660,25.2069
17321174,-129.50,-175.50,59.0301,25.5806
17325080,81.50,-130.50,44.2052,23.9868
17328986,16.50,-110.50,27.3212,15.5400
17332892,-255.50,-161.50,9.3170,8.6164
17336798,-362.50,-209.50,-2.1208,9.2400
17340704,-189.50,-222.50,0.0018,8.9507
17344610,41.50,-149.50,5.9076,0.9804
17348516,27.50,-100.50,4.5097,-2.5113
17352422,-221.50,-158.50,-1.4653,3.5469
17356328,-364.50,-212.50,-3.4649,8.5138
17360234,-207.50,-205.50,4.0107,10.4052
17364140,30.50,-135.50,13.8183,12.4864
17368046,48.50,-86.50,13.5854,16.8144
17371952,-200.50,-139.50,2.8098,21.0424
17375858,-354.50,-207.50,-4.8532,19.2436
17379764,-239.50,-207.50,1.9184,14.5378
17383670,16.50,-141.50,13.9969,13.4473
17387576,103.50,-93.50,23.1456,15.8652
17391482,-127.50,-127.50,29.7628,18.3155
17395388,-316.50,-175.50,32.6111,21.8839
17399294,-271.50,-185.50,31.4883,29.6004
17403200,-36.50,-140.50,19.9507,34.7802
17407106,54.50,-94.50,-0.1867,30.9027
17411012,-130.50,-80.50,-14.8086,29.3701
17414918,-347.50,-146.50,-16.4931,40.1966
17418824,-308.50,-181.50,-9.1678,50.1839
17422730,-51.50,-126.50,-0.9755,49.7226
17426636,107.50,-64.50,8.3504,47.0858
17430542,-54.50,-95.50,20.6605,44.1843
17434448,-303.50,-180.50,28.1503,33.8351
17438354,-340.50,-236.50,21.6414,15.1472
17442260,-88.50,-163.50,5.7470,0.9449
17446166,64.50,-104.50,-5.9538,2.0759
17450072,-80.50,-89.50,-14.0275,11.8538
17453978,-316.50,-149.50,-20.0329,22.6862
17457884,-398.50,-209.50,-24.7467,27.8043
17461790,-166.50,-185.50,-35.2454,20.7375
17465696,30.50,-147.50,-43.5816,3.6928
17469602,-50.50,-125.50,-40.9261,-13.4512
17473508,-292.50,-186.50,-29.5423,-19.4572
17477414,-383.50,-237.50,-18.0356,-17.1445
17481320,-167.50,-198.50,-13.2481,-12.9333
17485226,55.50,-120.50,-9.8701,-5.3783
17489132,-4.50,-109.50,-5.3336,2.0947
17493038,-224.50,-156.50,2.6541,5.0402
17496944,-276.50,-156.50,27.7370,15.5853
17500850,-132.50,-156.50,60.0718,37.1665
17504756,48.50,-137.50,62.0542,41.6694
17508662,58.50,-108.50,38.1833,21.0893
17512568,-202.50,-125.50,23.5981,6.7743
17516474,-304.50,-154.50,27.1859,18.0862
17520380,-149.50,-161.50,44.2093,38.8166
17524286,83.50,-85.50,59.8450,49.6712
17528192,101.50,-42.50,62.5368,54.6724
17532098,-147.50,-79.50,56.5551,59.8934
17536004,-317.50,-155.50,47.1908,59.9688
17539910,-207.50,-138.50,39.3314,56.2975
17543816,65.50,-72.50,38.2777,58.6924
17547722,105.50,-29.50,43.3350,65.8570
17551628,-117.50,-59.50,44.5006,70.0704
17555534,-302.50,-129.50,41.2888,69.2145
17559440,-223.50,-137.50,40.9045,65.3485
17563346,35.50,-74.50,42.3264,63.8570
17567252,125.50,-36.50,44.2834,64.3969
17571158,-79.50,-52.50,44.6909,63.0327
17575064,-286.50,-111.50,42.8746,62.6357
17578970,-221.50,-143.50,46.1024,62.6843
17582876,29.50,-80.50,55.2005,61.0792
17586782,128.50,-26.50,58.1911,61.7255
17590688,-52.50,-52.50,48.3662,61.6141
17594594,-282.50,-123.50,35.2582,55.2784
17598500,-245.50,-143.50,33.2613,48.1610
17602406,-6.50,-88.50,42.5927,48.4413
17606312,112.50,-36.50,45.2469,53.2147
17610218,-28.50,-52.50,33.4933,52.7524
17614124,-294.50,-155.50,17.7713,39.5074
17618030,-312.50,-206.50,5.3514,14.4314
17621936,-65.50,-160.50,2.7393,-6.8491
17625842,94.50,-113.50,7.4580,-15.8065
17629748,-24.50,-111.50,6.1323,-20.4848
17633654,-272.50,-143.50,-0.6805,-19.3609
17637560,-320.50,-174.50,-2.5216,-6.2603
17641466,-75.50,-143.50,7.2601,9.6135
17645372,146.50,-106.50,28.4833,13.0452
17649278,78.50,-88.50,51.0589,3.3894
17653184,-256.50,-146.50,51.3548,-5.8966
17657090,-351.50,-207.50,21.1338,-11.0648
17660996,-125.50,-160.50,-3.5413,-12.0875
17664902,101.50,-86.50,0.3946,-3.4050
17668808,72.50,-52.50,15.6636,10.9719
17672714,-182.50,-112.50,27.3497,20.8306
17676620,-298.50,-168.50,34.2790,21.4955
17680526,-149.50,-161.50,36.3334,16.5709
17684432,80.50,-91.50,29.5847,12.2525
17688338,90.50,-63.50,20.3856,11.0983
17692244,-154.50,-118.50,19.0118,9.4246
17696150,-297.50,-152.50,24.8126,8.8271
17700056,-175.50,-174.50,31.2426,11.1779
17703962,101.50,-102.50,35.5429,9.7238
17707868,174.50,-30.50,48.3457,12.6815
17711774,-33.50,-14.50,73.8810,35.4210
17715680,-303.50,-131.50,83.9154,60.2338
17719586,-296.50,-238.50,44.6470,42.8112
17723492,-36.50,-170.50,-22.6719,-11.8228
17727398,26.50,-142.50,-67.7265,-54.3338
17731304,-186.50,-175.50,-82.9252,-72.9226
17735210,-397.50,-241.50,-84.5069,-80.0680
17739116,-348.50,-278.50,-82.2211,-82.7878
17743022,-142.50,-268.50,-90.6799,-93.5085
17746928,-43.50,-252.50,-115.5555,-120.8020
17750834,-200.50,-264.50,-135.3415,-152.2981
17754740,-431.50,-318.50,-134.0273,-166.6787
17758646,-461.50,-354.50,-131.7468,-163.2607
17762552,-176.50,-272.50,-139.4888,-150.1836
17766458,-15.50,-207.50,-136.0445,-129.4188
17770364,-131.50,-196.50,-114.7170,-109.0547
17774270,-364.50,-250.50,-87.3520,-94.1638
17778176,-354.50,-274.50,-61.3828,-81.7350
17782082,-126.50,-229.50,-41.6174,-69.6304
17785988,23.50,-160.50,-37.5126,-58.7424
17789894,-79.50,-153.50,-46.5903,-51.1673
17793800,-317.50,-200.50,-49.5999,-45.3808
17797706,-379.50,-261.50,-42.9889,-41.6478
17801612,-149.50,-221.50,-35.7258,-41.4777
17805518,64.50,-168.50,-26.7760,-42.2742
17809424,-18.50,-149.50,-16.5602,-43.6022
17813330,-269.50,-217.50,-10.6451,-46.6176
17817236,-376.50,-276.50,-11.2590,-52.3890
17821142,-191.50,-245.50,-18.6680,-56.8229
17825048,39.50,-176.50,-26.1243,-54.0950
17828954,-37.50,-134.50,-32.0695,-45.1205
17832860,-271.50,-200.50,-39.8745,-36.6704
17836766,-385.50,-238.50,-40.2435,-32.7873
17840672,-207.50,-205.50,-29.9955,-24.4850
17844578,34.50,-140.50,-17.8266,-9.8790
17848484,19.50,-99.50,-11.0232,1.4178
17852390,-216.50,-168.50,-10.3191,3.0267
17856296,-370.50,-221.50,-10.0703,-4.0148
17860202,-217.50,-232.50,-5.9068,-11.5124
17864108,75.50,-161.50,8.9647,-15.5558
17868014,144.50,-93.50,39.7080,-11.1245
17871920,-90.50,-137.50,72.1333,1.2495
17875826,-273.50,-175.50,87.3803,13.5056
17879732,-189.50,-191.50,84.2102,23.9378
17883638,69.50,-128.50,72.3401,29.2401
17887544,118.50,-76.50,60.0936,29.9463
17891450,-100.50,-132.50,47.9047,25.8592
17895356,-308.50,-189.50,37.5229,15.9839
17899266,-272.50,-216.50,27.7494,8.3123
17903172,-14.50,-160.50,14.1337,4.7878
17907078,96.50,-108.50,5.0596,2.7727
17910984,-95.50,-137.50,4.4830,0.0612
17914890,-341.50,-190.50,2.3478,-2.4627
17918796,-335.50,-232.50,-9.1906,-2.8691
17922702,-111.50,-170.50,-30.0337,-3.1755
17926608,53.50,-125.50,-47.0082,-3.8211
17930514,-36.50,-101.50,-36.1553,-1.1993
17934420,-274.50,-143.50,0.7257,12.6760
17938326,-377.50,-253.50,16.0989,20.3163
17942232,-133.50,-191.50,-11.4958,4.3361
17946138,63.50,-96.50,-37.9980,-5.8446
17950044,-18.50,-70.50,-30.7051,9.3859
17953950,-269.50,-115.50,-4.3583,34.8684
17957856,-288.50,-111.50,20.8906,62.9566
17961762,-30.50,-47.50,47.0836,97.1683
17965668,179.50,7.50,75.9615,125.7950
17969574,81.50,-8.50,92.8424,129.2509
17973480,-176.50,-58.50,91.6380,113.4065
17977386,-257.50,-101.50,84.7984,101.9760
17981292,-61.50,-56.50,82.2609,105.3100
17985198,178.50,-2.50,85.1041,114.4271
17989104,144.50,26.50,94.4150,118.0698
17993010,-115.50,-11.50,104.5675,119.9455
17996916,-212.50,-64.50,111.6146,125.4366
18000822,-79.50,-54.50,113.3008,128.9478
18004728,144.50,-4.50,100.7143,124.4278
18008634,145.50,18.50,83.2051,112.8437
18012540,-143.50,-62.50,69.3529,95.6749
18016446,-284.50,-111.50,54.0869,76.6235
18020352,-143.50,-90.50,45.2933,69.0895
18024258,138.50,-21.50,50.7625,75.7033
18028164,161.50,42.50,64.7476,88.6196
18032070,-96.50,-8.50,69.8955,101.0694
18035976,-264.50,-65.50,62.2570,105.5278
18039882,-153.50,-79.50,57.5148,102.3932
18043788,93.50,-25.50,57.2083,94.7245
18047694,161.50,-12.50,54.7077,80.5521
18051600,-62.50,-60.50,50.6292,58.9983
18055506,-271.50,-113.50,45.5496,40.7334
18059412,-202.50,-136.50,40.3102,34.1614
18063318,79.50,-68.50,40.0264,34.1473
18067224,158.50,-2.50,43.8005,39.5078
18071130,-35.50,-38.50,41.7340,46.6585
18075036,-249.50,-97.50,37.3076,48.0798
18078942,-207.50,-120.50,39.8974,46.4828
18082848,78.50,-58.50,50.6465,46.8782
18086754,195.50,-4.50,63.6370,49.3684
18090660,23.50,-27.50,66.2081,49.2811
18094566,-236.50,-94.50,56.3575,44.4161
18098472,-260.50,-132.50,39.2481,37.9138
18102378,-26.50,-78.50,18.8265,33.2939
18106284,137.50,-14.50,3.0586,33.4213
18110190,35.50,-15.50,1.6554,36.7716
18114096,-193.50,-72.50,18.4832,40.8192
18118002,-228.50,-116.50,41.7506,43.7503
18121908,-17.50,-65.50,52.7925,45.2810
18125814,144.50,-28.50,43.1643,43.4998
18129720,14.50,-40.50,16.9814,31.7158
18133626,-250.50,-101.50,-12.3174,14.9793
18137532,-326.50,-158.50,-30.7735,3.1876
18141438,-111.50,-118.50,-34.9214,-2.2829
18145344,97.50,-82.50,-31.5858,-6.6111
18149250,14.50,-72.50,-32.3101,-16.7203
18153156,-225.50,-127.50,-37.7205,-27.2253
18157062,-305.50,-138.50,-33.2682,-24.4496
18160968,-112.50,-95.50,-15.8129,-4.0100
18164874,106.50,-95.50,-1.5413,9.1258
18168780,64.50,-81.50,-2.5172,-7.1908
18172686,-177.50,-115.50,-11.5952,-29.1603
18176592,-335.50,-175.50,-19.1118,-34.8932
18180498,-205.50,-163.50,-30.1568,-33.4184
18184404,10.50,-127.50,-50.4418,-36.9539
18188310,33.50,-79.50,-70.0797,-44.0749
18192216,-228.50,-153.50,-80.2805,-49.8081
18196122,-400.50,-219.50,-87.2783,-60.0801
18200028,-293.50,-239.50,-95.3753,-76.3648
18203934,-46.50,-188.50,-103.7512,-93.0843
18207840,32.50,-111.50,-104.9252,-97.8448
18211746,-188.50,-136.50,-93.6730,-82.6237
18215652,-367.50,-189.50,-78.6616,-61.7844
18219558,-282.50,-194.50,-66.7110,-48.7777
18223464,-18.50,-106.50,-59.1237,-38.4168
18227370,95.50,-26.50,-49.8469,-18.6735
18231276,-92.50,-68.50,-33.5252,3.7819
18235182,-284.50,-111.50,-13.9461,15.2566
18239088,-239.50,-127.50,2.9704,20.6435
18242994,19.50,-76.50,11.7220,24.1310
18246900,143.50,-47.50,14.5936,20.2828
18250806,-58.50,-79.50,11.3023,6.8771
18254712,-274.50,-166.50,2.4725,-12.2681
18258618,-251.50,-214.50,1.3072,-33.8303
18262524,-0.50,-143.50,9.8636,-48.8107
18266430,126.50,-79.50,14.2334,-46.7773
18270336,-27.50,-97.50,5.9350,-37.4412
18274242,-261.50,-173.50,-4.9871,-36.3510
18278148,-303.50,-196.50,-9.9530,-41.1303
18282054,-63.50,-143.50,-13.2265,-40.2337
18285960,106.50,-81.50,-15.6715,-32.9620
18289866,-16.50,-84.50,-19.5755,-27.5088
18293772,-266.50,-146.50,-25.8087,-26.6681
18297678,-322.50,-205.50,-28.4713,-30.4367
18301584,-126.50,-174.50,-29.6303,-38.7925
18305490,79.50,-126.50,-34.1340,-49.0203
18309396,-0.50,-97.50,-38.4239,-55.2492
18313302,-255.50,-160.50,-40.2248,-53.1055
18317208,-351.50,-208.50,-40.9595,-48.3870
18321114,-122.50,-169.50,-34.7580,-44.0213
18325020,110.50,-105.50,-16.8808,-37.8244
18328926,77.50,-84.50,2.3204,-33.1462
18332832,-191.50,-154.50,10.0141,-34.1770
18336738,-308.50,-176.50,7.3035,-35.2828
18340644,-122.50,-102.50,8.3692,-17.9415
18344550,106.50,-81.50,16.1869,8.5480
18348456,-4.50,-180.50,2.1347,-6.7694
18352362,-244.50,-236.50,-43.4158,-70.0044
18356268,-417.50,-293.50,-83.5750,-123.4577
18360174,-325.50,-319.50,-107.1271,-146.1805
18364080,-82.50,-246.50,-129.1871,-157.0335
18367986,-95.50,-243.50,-151.5767,-163.4459
18371892,-304.50,-271.50,-169.3523,-167.1668
18375798,-478.50,-336.50,-171.2830,-166.6342
18379704,-369.50,-354.50,-159.4712,-167.2605
18383610,-124.50,-270.50,-149.3071,-170.1457
18387516,-62.50,-242.50,-147.3572,-166.7513
18391422,-269.50,-268.50,-149.0647,-159.9797
18395328,-451.50,-320.50,-144.6048,-152.2000
18399234,-390.50,-337.50,-133.2814,-144.9226
18403140,-105.50,-281.50,-120.2131,-143.0828
18407046,28.50,-208.50,-99.5409,-139.2093
18410952,-156.50,-225.50,-73.5905,-125.0468
18414858,-390.50,-276.50,-58.5693,-107.0022
18418764,-376.50,-303.50,-60.5611,-95.1713
18422670,-149.50,-234.50,-74.9468,-89.9609
18426576,7.50,-168.50,-88.0862,-82.0995
18430482,-139.50,-160.50,-85.9996,-66.2441
18434388,-377.50,-213.50,-73.6452,-46.2485
18438294,-401.50,-265.50,-66.4040,-34.8051
18442200,-148.50,-190.50,-66.5934,-34.0050
18446106,16.50,-156.50,-65.2249,-33.6903
18450012,-137.50,-185.50,-66.4104,-39.7164
18453918,-348.50,-260.50,-69.7422,-55.7306
18457824,-396.50,-290.50,-62.5900,-69.3842
18461730,-164.50,-239.50,-50.1512,-71.1005
18465636,47.50,-194.50,-38.1049,-66.1939
18469542,-42.50,-165.50,-25.1340,-60.9329
18473448,-280.50,-223.50,-13.7866,-51.3544
18477354,-336.50,-261.50,-0.4671,-40.7097
18481260,-133.50,-234.50,15.4883,-35.4767
18485166,69.50,-160.50,24.1798,-33.2384
18489072,16.50,-133.50,22.6284,-27.0192
18492978,-248.50,-206.50,16.9142,-19.5178
18496884,-362.50,-256.50,10.2443,-19.6466
18500790,-164.50,-220.50,9.2144,-21.7674
18504696,23.50,-157.50,10.1615,-18.4311
18508602,22.50,-127.50,3.3852,-12.6142
18512508,-213.50,-228.50,0.2238,-15.2395
18516414,-362.50,-271.50,5.3599,-30.2804
18520320,-222.50,-249.50,7.7482,-40.1779
18524226,16.50,-182.50,4.4310,-37.0582
18528132,25.50,-134.50,-1.6165,-27.8827
18532038,-226.50,-169.50,-10.8552,-14.6438
18535944,-414.50,-230.50,-24.8227,-2.2291
18539850,-294.50,-209.50,-37.3113,6.2260
18543756,-28.50,-152.50,-38.8461,12.2494
18547662,78.50,-111.50,-22.1186,14.6020
18551568,-143.50,-124.50,6.2386,18.8060
18555474,-328.50,-152.50,27.0662,35.3726
18559380,-254.50,-157.50,35.2535,59.0167
18563286,19.50,-79.50,38.9218,76.5923
18567192,134.50,-28.50,48.1220,87.5764
18571098,-64.50,-36.50,61.6421,97.6924
18575004,-271.50,-82.50,70.7272,110.9818
18578910,-239.50,-127.50,74.4347,119.4302
18582816,-8.50,-47.50,69.4810,117.2391
18586722,115.50,-36.50,56.5333,109.9618
18590628,-58.50,-90.50,44.5248,90.7057
18594534,-277.50,-175.50,40.2402,59.6753
18598440,-254.50,-184.50,47.7755,36.3157
18602346,-0.50,-130.50,63.3298,31.7496
18606252,165.50,-86.50,78.2633,35.6803
18610158,20.50,-66.50,86.0406,40.7654
18614064,-212.50,-124.50,87.2850,52.1966
18617970,-260.50,-176.50,86.1005,60.6638
18621876,11.50,-137.50,88.5492,55.6835
18625782,205.50,-88.50,102.6601,44.2271
18629688,85.50,-108.50,116.4422,31.4722
18633594,-210.50,-181.50,109.1439,17.0163
18637500,-266.50,-233.50,86.9902,2.8612
18641406,-81.50,-176.50,68.5728,-4.2034
18645312,122.50,-138.50,55.0693,-3.9168
18649218,61.50,-93.50,46.3049,-0.4858
18653124,-212.50,-168.50,42.7817,7.0851
18657030,-332.50,-225.50,35.1205,9.5019
18660936,-161.50,-236.50,20.5748,-3.1188
18664842,32.50,-160.50,0.5177,-22.4922
18668748,-2.50,-152.50,-22.1043,-34.1234
18672654,-269.50,-202.50,-39.6300,-36.8906
18676560,-372.50,-253.50,-44.3711,-35.6620
18680466,-244.50,-265.50,-39.2309,-37.1071
18684372,32.50,-179.50,-33.6176,-42.9048
18688278,46.50,-144.50,-23.5518,-41.6020
18692184,-220.50,-205.50,-15.2716,-35.7327
18696090,-400.50,-294.50,-22.5713,-40.8570
18699996,-289.50,-280.50,-39.1710,-54.9928
18703902,-14.50,-185.50,-49.8048,-57.9851
18707808,29.50,-159.50,-47.1228,-46.5036
18711714,-218.50,-207.50,-43.4396,-39.1080
18715620,-424.50,-265.50,-50.9475,-40.1452
18719526,-329.50,-271.50,-61.8430,-41.0632
18723432,-63.50,-229.50,-65.0827,-44.0205
18727338,70.50,-177.50,-52.5444,-51.0270
18731244,-124.50,-206.50,-24.7359,-54.1262
18735150,-321.50,-249.50,3.3687,-47.5164
18739056,-289.50,-280.50,18.2273,-37.2174
18742962,-38.50,-204.50,15.5744,-31.3090
18746868,49.50,-146.50,0.0287,-25.4961
18750774,-95.50,-154.50,-13.7574,-15.7306
18754680,-322.50,-216.50,-10.7659,-4.8083
18758586,-321.50,-226.50,-0.0410,5.5211
18762492,-41.50,-148.50,7.2705,18.5312
18766398,85.50,-104.50,13.3102,31.9882
18770304,-60.50,-110.50,12.5102,37.3109
18774210,-280.50,-158.50,11.6436,40.2133
18778116,-280.50,-188.50,24.3025,47.8291
18782022,-80.50,-177.50,37.1852,48.8857
18785928,90.50,-113.50,32.2635,37.0827
18789834,47.50,-49.50,30.3154,36.5479
18793740,-218.50,-125.50,49.8784,58.5126
18797646,-300.50,-207.50,63.9015,69.7053
18801552,-94.50,-190.50,55.9427,52.1785
18805458,108.50,-111.50,42.0177,29.9574
18809364,27.50,-93.50,33.4849,24.1600
18813270,-207.50,-132.50,32.6421,33.1028
18817176,-313.50,-180.50,37.3844,46.8725
18821082,-153.50,-166.50,34.8641,54.7204
18824988,66.50,-133.50,20.4761,47.5163
18828894,33.50,-95.50,7.9927,31.6546
18832800,-223.50,-143.50,3.7823,24.6281
18836706,-320.50,-189.50,7.4324,29.2759
18840612,-171.50,-196.50,17.6546,33.6766
18844518,89.50,-127.50,27.5554,30.8740
18848424,81.50,-105.50,34.9862,25.0462
18852330,-182.50,-164.50,33.7819,17.4607
18856236,-335.50,-234.50,22.7621,6.1947
18860142,-190.50,-233.50,17.1461,-4.3325
18864048,43.50,-177.50,19.4106,-10.7457
18867954,112.50,-97.50,24.4936,-7.4977
18871860,-149.50,-144.50,28.9215,6.2777
18875766,-346.50,-216.50,21.5544,14.8421
18879672,-243.50,-240.50,7.8687,9.5405
18883578,22.50,-164.50,3.6483,1.0031
18887484,83.50,-108.50,6.6351,1.5158
18891390,-204.50,-162.50,-6.3858,4.3893
18895296,-428.50,-241.50,-44.6023,-3.5374
18899202,-371.50,-261.50,-80.5861,-16.7499
18903108,-92.50,-210.50,-92.1625,-25.3645
18907014,16.50,-142.50,-83.7841,-26.8710
18910920,-180.50,-189.50,-73.6911,-26.8711
18914826,-394.50,-258.50,-69.5028,-33.4017
18918732,-416.50,-307.50,-72.4729,-44.7185
18922638,-149.50,-244.50,-85.1987,-54.0134
18926544,-6.50,-214.50,-93.7068,-60.6425
18930450,-115.50,-177.50,-83.9847,-62.1618
18934356,-367.50,-239.50,-61.0108,-49.7910
18938267,-383.50,-255.50,-44.2896,-29.3172
18942173,-117.50,-204.50,-37.2171,-11.2507
18946079,101.50,-132.50,-20.8998,2.0032
18949985,-6.50,-122.50,8.3181,10.7376
18953891,-258.50,-177.50,33.6814,18.1211
18957797,-335.50,-221.50,40.9189,24.5557
18961703,-111.50,-179.50,31.8969,29.3083
18965609,58.50,-93.50,16.1586,36.2525
18969515,-21.50,-101.50,0.0120,43.0572
18973421,-298.50,-168.50,-11.4355,40.4061
18977327,-379.50,-213.50,-17.2753,32.7839
18981233,-190.50,-182.50,-19.6835,30.8849
18985139,48.50,-147.50,-19.2063,28.5322
18989045,22.50,-114.50,-11.1197,19.3640
18992951,-244.50,-158.50,1.7948,15.1746
18996857,-367.50,-180.50,7.9072,25.9569
19000763,-214.50,-184.50,4.1548,42.3042
19004669,6.50,-125.50,-8.7222,46.5252
19008575,16.50,-89.50,-21.4105,40.4778
19012481,-241.50,-164.50,-23.7954,32.2685
19016387,-393.50,-223.50,-21.4111,20.6530
19020293,-278.50,-230.50,-23.5725,9.5566
19024199,-60.50,-172.50,-38.2129,0.9772
19028105,-62.50,-141.50,-65.7580,-6.4984
19032011,-226.50,-196.50,-81.3958,-14.3944
19035917,-402.50,-226.50,-64.5877,-17.6251
19039823,-340.50,-243.50,-44.8685,-11.1649
19043729,-104.50,-159.50,-53.1642,-1.8061
19047635,-4.50,-133.50,-68.6340,4.4736
19051541,-225.50,-181.50,-68.4083,0.9888
19055447,-411.50,-204.50,-59.3621,-3.7658
19059353,-303.50,-232.50,-42.2257,2.9309
19063259,-34.50,-177.50,-15.0441,9.0310
19067165,47.50,-144.50,4.8459,5.2208
19071071,-120.50,-141.50,9.0209,0.5282
19074977,-352.50,-195.50,8.6559,6.1774
19078883,-333.50,-206.50,6.0740,19.3536
19082789,-50.50,-143.50,4.8135,32.3713
19086695,50.50,-120.50,8.3772,37.4154
19090601,-76.50,-125.50,10.5498,30.4567
19094507,-303.50,-212.50,18.0876,18.9114
19098413,-329.50,-242.50,27.6157,7.0154
19102319,-76.50,-179.50,28.5670,1.7684
19106225,80.50,-106.50,27.2718,10.1943
19110131,-89.50,-144.50,19.2745,18.4664
19114037,-319.50,-189.50,2.9678,15.3761
19117943,-399.50,-255.50,-11.1257,7.1561
19121849,-128.50,-194.50,-16.7176,0.2493
19125755,49.50,-127.50,-9.0197,1.9319
19129661,-62.50,-129.50,-2.5665,8.8118
19133567,-314.50,-176.50,-7.8812,13.1264
19137473,-399.50,-226.50,-15.1024,16.2597
19141379,-157.50,-192.50,-13.5224,17.7858
19145285,58.50,-129.50,0.6866,17.9257
19149191,16.50,-95.50,18.0935,21.1051
19153097,-261.50,-168.50,26.9838,26.2338
19157003,-372.50,-223.50,23.5609,25.0630
19160909,-163.50,-180.50,20.9565,22.6174
19164815,67.50,-152.50,29.2765,21.7257
19168721,48.50,-94.50,38.6340,18.5496
19172627,-213.50,-156.50,40.6596,20.2641
19176533,-357.50,-194.50,36.3590,26.5345
19180439,-214.50,-224.50,30.0298,26.6267
19184345,55.50,-175.50,27.9105,12.1207
19188251,58.50,-133.50,31.6938,-5.9235
19192157,-192.50,-194.50,31.7358,-15.0200
19196063,-350.50,-216.50,27.5896,-14.4721
19199969,-207.50,-192.50,32.3882,1.1965
19203875,35.50,-120.50,43.3653,25.4004
19207781,109.50,-88.50,50.7485,41.3610
19211687,-111.50,-82.50,57.3737,50.6879
19215593,-307.50,-191.50,63.6871,56.1639
19219499,-232.50,-207.50,64.9170,46.3482
19223405,36.50,-120.50,62.2619,33.9773
19227311,131.50,-64.50,62.3892,38.9338
19231217,-38.50,-111.50,70.9709,48.0104
19235123,-275.50,-187.50,83.2538,44.1192
19239029,-228.50,-225.50,87.1881,29.5028
19242935,-42.50,-181.50,71.5958,12.1863
19246841,109.50,-105.50,43.0916,2.6592
19250747,-79.50,-160.50,25.2386,0.1624
19254653,-314.50,-197.50,20.4542,-3.2969
19258559,-304.50,-228.50,19.8227,-1.5546
19262465,-48.50,-178.50,23.0600,4.2533
19266371,70.50,-139.50,22.3862,3.6716
19270277,-35.50,-143.50,16.4307,-3.6840
19274183,-285.50,-203.50,18.3378,-8.8330
19278089,-302.50,-222.50,27.7307,-5.1800
19281995,-66.50,-180.50,36.6393,4.2771
19285901,105.50,-126.50,41.0001,10.4472
19289807,-18.50,-147.50,35.5504,5.6664
19293713,-276.50,-180.50,23.3934,-2.2464
19297619,-338.50,-204.50,14.2790,2.9499
19301525,-162.50,-192.50,6.0946,14.3143
19305431,37.50,-124.50,-8.9211,16.1953
19309337,-36.50,-105.50,-23.5287,14.5673
19313243,-292.50,-193.50,-29.9514,11.6814
19317149,-372.50,-206.50,-27.5688,6.8856
19321055,-173.50,-195.50,-16.4774,8.7651
19324961,22.50,-150.50,-8.5944,9.0384
19328867,58.50,-98.50,-2.4997,6.0005
19332773,-271.50,-227.50,4.6202,-0.6549
19336679,-373.50,-291.50,-2.6119,-25.6268
19340585,-180.50,-275.50,-5.6786,-53.7320
19344491,93.50,-206.50,15.3776,-64.0456
19348397,107.50,-114.50,45.1842,-51.0849
19352303,-180.50,-228.50,58.1789,-30.6589
19356209,-353.50,-229.50,43.8867,-23.7116
19360115,-236.50,-292.50,20.2654,-26.7275
19364021,38.50,-170.50,7.3296,-33.1391
19367927,95.50,-47.50,12.2062,-14.3879
19371833,-114.50,-92.50,29.3804,33.4127
19375739,-286.50,-220.50,49.7957,56.9864
19379645,-260.50,-213.50,55.3261,40.6765
19383551,10.50,-126.50,35.7461,24.8023
19387457,98.50,-69.50,17.3615,29.6585
19391363,-140.50,-114.50,10.5675,38.3268
19395269,-275.50,-207.50,14.5028,34.7895
19399175,-228.50,-182.50,37.5980,29.0954
19403081,31.50,-143.50,59.1217,33.4218
19406987,111.50,-88.50,59.0748,35.2408
19410893,-116.50,-122.50,35.6779,27.9785
19414799,-317.50,-193.50,6.6380,19.5383
19418705,-282.50,-210.50,0.2290,16.9491
19422611,31.50,-152.50,22.3278,21.0720
19426517,184.50,-102.50,59.9886,23.5714
19430423,15.50,-150.50,86.4095,13.8574
19434329,-230.50,-186.50,88.7904,0.2177
19438235,-276.50,-208.50,75.9622,3.1897
19442141,-46.50,-168.50,54.9802,16.2509
19446047,144.50,-82.50,39.4863,24.9119
19449953,77.50,-63.50,47.8667,35.2974
19453859,-175.50,-141.50,76.3936,47.7979
19457765,-198.50,-188.50,104.1451,51.9177
19461671,-1.50,-116.50,118.2078,53.5337
19465577,153.50,-53.50,107.9154,61.6125
19469483,30.50,-36.50,72.8025,69.2139
19473389,-209.50,-111.50,37.8912,71.2353
19477295,-260.50,-172.50,31.0768,66.9920
19481201,-70.50,-107.50,47.3389,64.4559
19485107,112.50,-29.50,54.1171,73.4440
19489013,78.50,-30.50,43.3659,81.9175
19492919,-178.50,-63.50,34.4682,83.1220
19496825,-304.50,-142.50,31.2786,84.1890
19500731,-173.50,-142.50,20.9057,77.8812
19504637,100.50,-109.50,7.5051,55.9474
19508543,127.50,-96.50,15.0757,25.2866
19512449,-143.50,-116.50,36.5902,6.9418
19516355,-294.50,-128.50,43.7207,20.3387
19520261,-111.50,-91.50,45.4020,57.8403
19524167,143.50,-47.50,59.3372,87.6417
19528073,189.50,33.50,77.9603,98.5764
19531979,-78.50,-37.50,85.6888,103.5430
19535885,-254.50,-72.50,77.1838,106.1660
19539791,-174.50,-78.50,61.1275,109.5478
19543697,80.50,-45.50,44.3844,106.9612
19547603,171.50,25.50,37.1242,96.4412
19551509,-21.50,-4.50,48.1231,94.6956
19555415,-239.50,-101.50,64.2925,95.9199
19559321,-162.50,-181.50,70.5919,75.3033
19563227,133.50,-89.50,75.8846,40.5933
19567133,215.50,20.50,86.6506,33.9474
19571039,16.50,15.50,88.5623,63.8081
19574945,-153.50,-79.50,89.5148,91.9508
19578851,-140.50,-112.50,102.3452,93.9081
19582757,55.50,-48.50,100.4261,82.9827
19586663,165.50,19.50,69.2461,77.7524
19590569,-4.50,-8.50,33.4016,76.2507
19594475,-160.50,-69.50,26.8351,72.8929
19598381,-216.50,-94.50,47.2299,73.4124
19602287,-30.50,-69.50,46.1429,75.0111
19606193,123.50,-53.50,13.6312,60.2459
19610099,-29.50,-52.50,-19.0380,30.5962
19614005,-208.50,-17.50,-28.8591,26.4506
19617911,-304.50,-160.50,-19.3158,47.6469
19621817,-140.50,-98.50,-28.9844,47.4404
19625723,6.50,-42.50,-69.3988,32.2855
19629629,34.50,17.50,-90.4762,31.7504
19633535,-186.50,-85.50,-56.1543,40.9403
19637441,-296.50,-201.50,-11.2017,29.0701
19641347,-129.50,-166.50,-5.1219,-5.6193
19645253,30.50,-111.50,-32.0974,-31.8030
19649159,17.50,-79.50,-60.7364,-41.3711
19653065,-245.50,-116.50,-69.5868,-38.0091
19656971,-303.50,-165.50,-61.0576,-24.2641
19660877,-150.50,-138.50,-42.3466,-7.8901
19664783,-10.50,-97.50,-41.6250,-0.5865
19668689,-0.50,-42.50,-68.8003,-4.6331
19672595,-148.50,-52.50,-74.7179,-0.4697
19676501,-314.50,-169.50,-45.7852,9.6299
19680407,-200.50,-189.50,-27.8492,-0.4583
19684313,34.50,-74.50,-33.5239,-16.0438
19688219,46.50,-79.50,-42.1103,-18.7663
19692125,-161.50,-146.50,-46.4072,-30.5272
19696031,-380.50,-207.50,-55.7464,-52.1998
19699937,-240.50,-198.50,-70.2426,-59.7095
19703843,-53.50,-143.50,-79.3433,-53.3428
19707749,-20.50,-143.50,-93.2508,-57.0716
19711655,-195.50,-160.50,-109.7034,-76.2091
19715561,-369.50,-235.50,-109.3618,-89.5561
19719467,-254.50,-154.50,-89.6081,-75.0977
19723373,-45.50,-157.50,-65.1793,-43.0351
19727279,85.50,-107.50,-48.6976,-33.8455
19731185,-108.50,-84.50,-36.9787,-39.4854
19735091,-256.50,-111.50,-23.6711,-23.1638
19738997,-344.50,-207.50,-24.1337,-4.2101
19742903,-66.50,-81.50,-50.6464,-2.1885
19746809,79.50,-22.50,-64.0312,7.7742
19750715,-2.50,-65.50,-37.3622,19.4681
19754621,-301.50,-171.50,-7.1253,6.2988
19758527,-332.50,-198.50,-16.3265,-20.2932
19762433,-70.50,-199.50,-42.6162,-43.6360
19766339,7.50,-111.50,-57.2794,-60.9020
19770245,-15.50,-40.50,-61.2151,-53.0481
19774151,-239.50,-82.50,-39.9314,-13.2974
19778057,-377.50,-240.50,-25.8177,7.5737
19781963,-108.50,-208.50,-42.6837,-23.2529
19785869,71.50,-172.50,-48.3323,-68.9975
19789775,-47.50,-95.50,-42.1475,-88.2159
19793681,-298.50,-146.50,-51.7295,-72.2021
19797587,-352.50,-128.50,-65.2458,-33.5340
19801493,-160.50,-206.50,-64.1833,-5.8839
19805399,-4.50,-114.50,-61.6218,-15.4158
19809305,-14.50,-73.50,-66.4173,-32.8749
19813211,-218.50,-69.50,-57.6875,-23.4698
19817117,-370.50,-224.50,-42.4631,-10.4882
19821023,-236.50,-194.50,-50.1123,-23.3136
19824929,12.50,-32.50,-67.4140,-24.4961
19828835,31.50,8.50,-62.2414,12.6220
19832741,-160.50,-85.50,-33.4885,39.4603
19836647,-292.50,-136.50,-1.4060,31.9007
19840553,-178.50,-79.50,14.8936,29.7243
19844459,16.50,-76.50,7.3871,41.7507
19848365,80.50,5.50,-6.5232,41.6419
19852271,-175.50,-77.50,-11.7627,30.9217
19856177,-293.50,-78.50,-12.2475,26.4629
19860083,-241.50,-154.50,-11.0293,30.9350
19863989,-24.50,-141.50,-20.1447,16.1633
19867895,151.50,-4.50,-18.0171,-6.4496
19871801,-96.50,32.50,12.4330,13.1196
19875707,-253.50,-56.50,34.2727,58.5346
19879613,-219.50,-207.50,35.6181,62.0828
19883519,31.50,-122.50,29.8584,15.6331
19887425,108.50,-47.50,24.5245,-18.9005
19891331,-116.50,-88.50,11.0781,-25.5989
19895237,-310.50,-180.50,-13.7222,-34.8738
19899143,-222.50,-232.50,-19.2573,-51.5288
19903049,-57.50,-184.50,-6.4846,-64.0127
19906955,83.50,-56.50,-6.9381,-58.5898
19910861,-70.50,-104.50,-15.0339,-42.7984
19914767,-239.50,-163.50,-10.0249,-40.9568
19918673,-257.50,-199.50,7.0393,-44.4327
19922579,-70.50,-92.50,12.8197,-27.6758
19926485,78.50,-95.50,-0.3089,-5.8377
19930391,-0.50,-109.50,-6.8891,-16.9699
19934297,-207.50,-144.50,8.0731,-43.6338
19938203,-266.50,-185.50,25.9589,-46.3004
19942109,-47.50,-144.50,30.8034,-29.8326
19946015,103.50,-143.50,28.2857,-26.3348
19949921,16.50,-144.50,21.3678,-53.4686
19953827,-216.50,-166.50,12.8888,-80.9773
19957733,-280.50,-170.50,8.5233,-71.4760
19961639,-84.50,-106.50,11.0629,-28.7283
19965545,101.50,-78.50,17.7104,9.1120
19969451,34.50,-65.50,18.7111,11.8967
19973357,-200.50,-118.50,10.9451,-6.0366
19977267,-282.50,-202.50,4.5642,-23.1648
19981173,-90.50,-168.50,12.2811,-33.4066
19985079,48.50,-112.50,19.3862,-33.6806
19988985,23.50,-48.50,3.4800,-26.3272
19992891,-207.50,-100.50,-20.3702,-15.0273
19996797,-282.50,-181.50,-25.0100,-10.5748
20000703,-124.50,-146.50,-3.7454,-11.8727
20004609,80.50,-70.50,22.0672,-3.6718
20008515,80.50,-44.50,29.5782,7.0743
20012421,-158.50,-111.50,18.6582,2.5354
20016327,-272.50,-145.50,6.1812,-8.9547
20020233,-168.50,-178.50,7.4755,-12.3500
20024139,21.50,-110.50,8.6324,-14.1571
20028045,93.50,-69.50,2.0670,-18.2453
20031951,-117.50,-137.50,1.0684,-27.8600
20035857,-289.50,-190.50,2.2980,-43.1801
20039763,-216.50,-197.50,-0.6499,-48.7449
20043669,-5.50,-153.50,-7.4518,-45.0617
20047575,126.50,-82.50,-6.7685,-42.0020
20051481,-47.50,-116.50,12.6588,-39.5719
20055387,-206.50,-146.50,38.9553,-33.5160
20059293,-175.50,-160.50,57.4256,-18.0960
20063199,55.50,-111.50,62.8223,-1.5878
20067105,141.50,-58.50,58.0476,3.9392
20071011,-48.50,-65.50,42.7377,1.8474
20074917,-250.50,-143.50,20.5386,-1.8133
20078823,-236.50,-175.50,6.9759,-6.3573
20082729,-28.50,-139.50,3.4182,-11.1005
20086635,98.50,-69.50,0.5629,-14.0828
20090541,-30.50,-75.50,-3.2981,-14.2748
20094447,-194.50,-96.50,2.9982,-6.7532
20098353,-160.50,-56.50,33.0166,24.0760
20102259,-38.50,-73.50,59.6932,63.6775
20106165,63.50,-106.50,40.0890,57.9796
20110071,39.50,-62.50,5.3697,11.9775
20113977,-168.50,-111.50,8.3470,-14.4194
20117883,-294.50,-223.50,19.7497,-22.3575
20121789,-96.50,-207.50,3.7682,-43.7750
20125695,70.50,-174.50,-16.0382,-71.4257
20129601,11.50,-143.50,-22.0940,-89.2393
20133507,-237.50,-185.50,-25.4346,-91.3893
20137413,-350.50,-257.50,-40.0311,-87.2451
20141319,-200.50,-241.50,-63.9964,-89.1527
20145225,29.50,-160.50,-76.3211,-89.1960
20149131,-4.50,-132.50,-67.4911,-80.4592
20153037,-220.50,-168.50,-54.1077,-70.3242
20156943,-356.50,-230.50,-52.1861,-64.8331
20160849,-180.50,-214.50,-54.6292,-62.2627
20164755,36.50,-166.50,-45.9517,-60.2567
20168661,48.50,-112.50,-29.6843,-57.7549
20172567,-152.50,-156.50,-16.1440,-53.4312
20176473,-318.50,-199.50,-11.7738,-48.2334
20180379,-191.50,-164.50,-16.6487,-35.3185
20184285,48.50,-79.50,-15.9821,-8.5472
20188191,90.50,-16.50,-3.8940,22.7215
20192097,-111.50,-80.50,7.5776,39.5994
20196003,-261.50,-141.50,13.2245,33.7633
20199909,-196.50,-143.50,15.0924,22.7922
20203815,61.50,-76.50,16.8690,23.1876
20207721,127.50,-53.50,25.3043,26.9570
20211627,-79.50,-96.50,29.9276,19.0560
20215533,-241.50,-140.50,25.1111,6.1573
20219439,-200.50,-143.50,23.0234,6.3026
20223345,48.50,-78.50,26.9623,19.7214
20227251,128.50,-42.50,32.6911,31.5311
20231157,-49.50,-82.50,29.8316,27.9613
20235063,-239.50,-144.50,19.7077,12.6994
20238969,-255.50,-192.50,9.6902,-2.6069
20242875,-49.50,-135.50,-5.9182,-13.1742
20246781,97.50,-77.50,-18.9601,-15.0989
20250687,-48.50,-80.50,-19.7754,-10.4515
20254593,-288.50,-138.50,-22.1186,-5.0204
20258499,-300.50,-206.50,-32.9137,-6.6905
20262405,-62.50,-138.50,-36.6546,-14.4180
20266311,114.50,-79.50,-22.2249,-14.2931
20270217,-8.50,-74.50,-3.7168,-7.7764
20274123,-212.50,-133.50,4.8577,-3.4630
20278029,-271.50,-196.50,7.5160,-5.1178
20281935,-68.50,-156.50,7.6421,-12.0233
20285841,102.50,-108.50,6.6687,-18.3645
20289747,13.50,-93.50,3.0975,-23.4316
20293653,-217.50,-143.50,-4.8100,-25.2297
20297559,-305.50,-217.50,-13.3083,-26.4685
20301465,-131.50,-159.50,-20.1793,-27.6756
20305371,23.50,-104.50,-30.7765,-21.6640
20309277,-27.50,-91.50,-49.7459,-16.6698
20313183,-296.50,-208.50,-73.7786,-30.1234
20317089,-417.50,-261.50,-99.9351,-60.5660
20320995,-304.50,-288.50,-126.0012,-90.4143
20324901,-114.50,-224.50,-151.7480,-112.9530
20328807,-145.50,-245.50,-175.2084,-133.4327
20332713,-388.50,-340.50,-194.9358,-163.0027
20336619,-556.50,-369.50,-215.4652,-191.7980
20340525,-444.50,-414.50,-236.7738,-205.2126
20344431,-272.50,-450.50,-259.0178,-232.4729
20348337,-308.50,-417.50,-291.7146,-283.3575
20352243,-564.50,-477.50,-337.1404,-322.6153
20356149,-744.50,-532.50,-380.3657,-336.2540
20360055,-705.50,-560.50,-414.0410,-337.3105
20363961,-559.50,-581.50,-453.9245,-350.8430
20367867,-484.50,-513.50,-495.5934,-378.9428
20371773,-692.50,-571.50,-513.6147,-395.9830
20375679,-895.50,-667.50,-515.2997,-406.2318
20379585,-853.50,-729.50,-520.1330,-427.7664
20383491,-664.50,-653.50,-532.6833,-449.3102
20387397,-560.50,-655.50,-544.6529,-459.0727
20391303,-709.50,-691.50,-539.5974,-469.9850
20395209,-911.50,-738.50,-520.0123,-479.6700
20399115,-952.50,-782.50,-513.6819,-477.8775
20403021,-708.50,-732.50,-527.2501,-472.6209
20406927,-522.50,-635.50,-521.5371,-459.2077
20410833,-626.50,-634.50,-477.3947,-430.5635
20414739,-798.50,-713.50,-419.4605,-404.5120
20418645,-820.50,-751.50,-374.4382,-395.8341
20422551,-612.50,-708.50,-354.6301,-395.3343
20426457,-512.50,-623.50,-358.7123,-387.3123
20430363,-591.50,-590.50,-371.3220,-363.7683
20434269,-797.50,-648.50,-368.2749,-332.4568
20438175,-834.50,-689.50,-348.7037,-309.3065
20442081,-593.50,-626.50,-321.8885,-292.8331
20445987,-390.50,-581.50,-284.3364,-277.0765
20449893,-453.50,-523.50,-243.8857,-261.1687
20453799,-649.50,-588.50,-211.1618,-240.7887
20457705,-687.50,-591.50,-181.1838,-216.6154
20461611,-554.50,-578.50,-159.3627,-191.9601
20465517,-366.50,-523.50,-158.7270,-177.5201
20469423,-399.50,-512.50,-164.8414,-177.8267
20473329,-591.50,-538.50,-156.6037,-178.2818
20477235,-678.50,-566.50,-134.2443,-164.5832
20481141,-512.50,-489.50,-108.8461,-131.2986
20485047,-277.50,-405.50,-83.9564,-84.9372
20488953,-271.50,-367.50,-57.0053,-45.2023
20492859,-512.50,-444.50,-38.8269,-29.5779
20496765,-645.50,-486.50,-39.6774,-34.0491
20500671,-477.50,-461.50,-40.6732,-35.6239
20504577,-269.50,-373.50,-26.7006,-21.5546
20508483,-222.50,-321.50,-8.0084,2.1742
20512389,-398.50,-362.50,13.0093,23.4685
20516295,-542.50,-405.50,36.9443,36.8594
20520201,-408.50,-396.50,60.6909,47.9997
20524107,-146.50,-309.50,89.8990,62.4137
20528013,-65.50,-234.50,125.3015,84.0995
20531919,-275.50,-261.50,150.8633,109.3955
20535825,-397.50,-297.50,163.5407,130.7530
20539731,-287.50,-285.50,186.1488,150.8380
20543637,-62.50,-174.50,217.9832,177.5220
20547543,74.50,-61.50,245.5425,218.6059
20551449,-53.50,-37.50,277.3472,271.7327
20555355,-198.50,-54.50,317.6098,324.7735
20559261,-110.50,-58.50,361.9996,367.0443
20563167,167.50,38.50,409.4175,396.7244
20567073,304.50,95.50,454.1571,417.8394
20570979,157.50,115.50,482.2411,432.4510
20574885,-7.50,104.50,494.6805,452.5744
20578791,11.50,79.50,507.3779,480.7698
20582697,263.50,186.50,524.9081,507.9473
20586603,446.50,257.50,549.1704,534.6321
20590509,336.50,274.50,576.1852,555.3637
20594415,135.50,235.50,593.7496,568.4981
20598321,107.50,205.50,599.2472,578.5131
20602227,326.50,295.50,598.2318,590.2747
20606133,486.50,366.50,595.5484,607.7550
20610039,394.50,338.50,589.6839,613.9209
20613945,176.50,240.50,581.0498,591.8509
20617851,111.50,205.50,572.6590,556.7344
20621757,304.50,243.50,564.7002,534.2616
20625663,476.50,282.50,556.0668,522.1326
20629569,427.50,285.50,546.1744,504.8835
20633475,176.50,225.50,533.8734,485.2004
20637381,31.50,140.50,507.7148,465.4256
20641287,163.50,157.50,463.4743,440.7527
20645193,368.50,252.50,421.2192,422.7536
20649099,304.50,224.50,392.1845,412.9379
20653005,67.50,173.50,365.8782,395.5412
20656911,-78.50,123.50,337.9712,377.8545
20660817,74.50,128.50,316.5410,368.5226
20664723,237.50,128.50,299.3552,349.0924
20668629,162.50,143.50,262.5198,310.0274
20672535,-111.50,5.50,197.2542,258.6558
20676441,-303.50,-113.50,126.0232,194.0443
20680347,-216.50,-176.50,70.2589,121.5864
20684253,-18.50,-124.50,33.6287,59.1672
20688159,-68.50,-132.50,-2.4158,15.7788
20692065,-372.50,-273.50,-64.4476,-29.0111
20695971,-589.50,-385.50,-145.9496,-91.9530
20699877,-558.50,-417.50,-216.9721,-152.1317
20703783,-323.50,-373.50,-261.1779,-191.0485
20707689,-221.50,-360.50,-269.4793,-215.2467
20711595,-424.50,-428.50,-253.0099,-237.8350
20715501,-634.50,-512.50,-242.7047,-260.8927
20719407,-569.50,-512.50,-244.0891,-273.9244
20723313,-300.50,-424.50,-236.8006,-267.6584
20727219,-207.50,-352.50,-217.2218,-245.3908
20731125,-416.50,-390.50,-210.1528,-223.2596
20735031,-634.50,-415.50,-225.3275,-205.8924
20738937,-566.50,-408.50,-233.8002,-180.4457
20742843,-284.50,-318.50,-209.1745,-146.3763
20746749,-120.50,-214.50,-161.0663,-109.3512
20750655,-193.50,-180.50,-107.6252,-66.5334
20754561,-318.50,-191.50,-42.9874,-15.6198
20758467,-328.50,-224.50,26.3782,31.3742
20762373,-69.50,-110.50,74.5213,65.3572
20766279,126.50,-1.50,105.6956,100.8065
20770185,80.50,21.50,141.0268,141.4340
20774091,-85.50,-30.50,189.8970,174.3938
20777997,-149.50,-52.50,236.3182,195.8167
20781903,64.50,19.50,256.7031,212.2349
20785809,243.50,85.50,257.0551,226.0088
20789715,174.50,112.50,252.4580,234.4976
20793621,-56.50,71.50,248.5992,244.6739
20797527,-94.50,16.50,253.2092,256.9487
20801433,98.50,81.50,270.6223,265.8745
20805339,298.50,160.50,287.9427,275.3332
20809245,285.50,181.50,297.4838,283.6153
20813151,69.50,117.50,307.3758,285.5545
20817057,-50.50,61.50,314.8406,281.9732
20820963,101.50,103.50,312.0755,278.9412
20824869,313.50,178.50,302.7366,280.6167
20828775,322.50,208.50,295.9614,282.8185
20832681,78.50,112.50,291.7570,275.6347
20836587,-79.50,18.50,279.5528,250.7706
20840493,53.50,28.50,262.0456,218.2197
20844399,258.50,99.50,247.7638,195.5513
20848305,290.50,144.50,235.4147,186.9675
20852211,95.50,89.50,229.0057,186.4175
20856117,-80.50,25.50,228.7948,186.5766
20860023,15.50,35.50,226.2001,186.4252
20863929,213.50,86.50,214.9890,183.0204
20867835,294.50,147.50,199.0434,175.0658
20871741,80.50,86.50,187.2212,167.4993
20875647,-111.50,16.50,176.2440,159.4620
20879553,-52.50,5.50,164.4392,151.5653
20883459,151.50,74.50,151.6459,145.9811
20887365,257.50,117.50,137.5124,140.1301
20891271,70.50,79.50,127.0756,131.6570
20895177,-118.50,-6.50,120.9753,120.8566
20899083,-111.50,-53.50,116.6681,105.4893
20902989,99.50,26.50,106.7782,88.9698
20906895,240.50,91.50,95.0165,82.8893
20910801,124.50,59.50,96.7303,83.7440
20914707,-72.50,-25.50,113.2847,79.8026
20918613,-98.50,-33.50,127.9842,75.0148
20922519,127.50,22.50,129.3887,77.0480
20926425,287.50,87.50,127.1092,80.0957
20930331,149.50,80.50,123.9974,79.3751
20934237,-112.50,-13.50,107.6838,74.8819
20938143,-148.50,-79.50,82.4513,61.3074
20942049,33.50,-44.50,63.2414,39.1432
20945955,213.50,21.50,52.0080,18.4134
20949861,111.50,32.50,43.6538,7.9448
20953767,-114.50,-30.50,35.2170,9.7941
20957673,-207.50,-82.50,26.4421,16.7196
20961579,-48.50,-26.50,13.0719,22.6943
20965485,140.50,64.50,-5.0650,31.0128
20969391,110.50,87.50,-15.7085,42.5445
20973297,-111.50,18.50,-12.1291,51.6387
20977203,-213.50,-41.50,-2.7533,54.0117
20981109,-50.50,-21.50,4.0536,49.7875
20985015,135.50,32.50,3.2900,38.3975
20988921,129.50,35.50,-5.3442,19.0880
20992827,-80.50,-41.50,-10.1738,-3.2273
20996733,-214.50,-92.50,-6.7911,-18.1957
21000639,-89.50,-53.50,-3.8234,-16.9004
21004545,83.50,-0.50,-13.2656,-8.6415
21008451,80.50,16.50,-39.8719,-12.1113
21012357,-154.50,-61.50,-72.2518,-29.1105
21016266,-284.50,-105.50,-92.2280,-44.1857
21020172,-145.50,-48.50,-85.2044,-37.0821
21024078,79.50,-8.50,-60.3102,-16.5221
21027984,78.50,-46.50,-50.7453,-23.6327
21031890,-137.50,-111.50,-71.2432,-65.9107
21035796,-255.50,-131.50,-90.1430,-97.3943
21039702,-216.50,-169.50,-85.8570,-98.7084
21043608,15.50,-68.50,-80.4508,-92.6808
21047514,117.50,15.50,-78.2885,-78.4628
21051420,-49.50,-35.50,-68.1075,-55.3574
21055326,-239.50,-93.50,-56.0527,-40.9335
21059232,-205.50,-104.50,-50.2716,-36.0682
21063138,46.50,-48.50,-46.7784,-37.0067
21067044,156.50,26.50,-37.9689,-38.9663
21070950,-8.50,-14.50,-31.6632,-36.4471
21074856,-216.50,-79.50,-34.7199,-33.6838
21078762,-224.50,-127.50,-42.2737,-36.6903
21082668,-40.50,-63.50,-56.3267,-46.3926
21086574,109.50,-28.50,-73.7484,-58.8161
21090480,-24.50,-52.50,-83.0242,-72.2389
21094386,-256.50,-140.50,-87.4555,-85.0359
21098292,-319.50,-193.50,-99.1883,-98.1717
21102198,-120.50,-126.50,-118.9088,-109.7018
21106104,44.50,-68.50,-133.6886,-113.1838
21110010,-34.50,-60.50,-134.6449,-109.8865
21113916,-254.50,-143.50,-125.3509,-104.5256
21117822,-333.50,-210.50,-118.0148,-106.8545
21121728,-129.50,-172.50,-117.2772,-120.1496
21125634,38.50,-111.50,-117.5399,-134.4505
21129540,-14.50,-77.50,-118.6312,-138.1758
21133446,-242.50,-153.50,-119.1124,-129.2045
21137352,-361.50,-206.50,-122.0767,-120.3449
21141258,-182.50,-160.50,-129.3761,-116.5107
21145164,27.50,-82.50,-130.1552,-111.4807
21149070,16.50,-41.50,-120.7851,-101.7028
21152976,-224.50,-89.50,-111.4047,-85.4120
21156882,-341.50,-175.50,-110.1053,-73.2223
21160788,-175.50,-148.50,-107.4018,-75.2612
21164694,14.50,-80.50,-100.3175,-83.0246
21168600,34.50,-49.50,-98.7218,-87.8503
21172506,-175.50,-111.50,-98.0651,-89.5047
21176412,-325.50,-152.50,-94.2391,-85.8898
21180318,-232.50,-158.50,-94.5424,-78.5791
21184224,-12.50,-92.50,-101.9402,-78.0896
21188130,38.50,-57.50,-107.9105,-85.0141
21192036,-165.50,-124.50,-106.9269,-93.6973
21195942,-317.50,-212.50,-101.1409,-105.9135
21199848,-236.50,-222.50,-91.4972,-120.6536
21203754,-19.50,-118.50,-84.9458,-126.2607
21207660,71.50,-65.50,-83.0548,-115.3746
21211566,-142.50,-111.50,-84.1846,-101.2218
21215472,-335.50,-160.50,-93.2747,-91.8113
21219378,-283.50,-200.50,-102.6767,-86.3215
21223284,-61.50,-133.50,-104.7310,-90.4103
21227190,81.50,-70.50,-97.2928,-97.1946
21231096,-68.50,-80.50,-78.5581,-94.0059
21235002,-254.50,-169.50,-56.9044,-84.7597
21238908,-238.50,-177.50,-39.8944,-78.3860
21242814,-47.50,-93.50,-35.5627,-69.8737
21246720,102.50,-26.50,-42.8895,-55.8242
21250626,-64.50,-53.50,-52.6690,-46.3756
21254532,-260.50,-136.50,-61.8148,-47.2127
21258438,-287.50,-175.50,-64.1412,-53.7980
21262344,-63.50,-122.50,-59.1617,-60.3082
21266250,103.50,-59.50,-49.8792,-64.9725
21270156,-14.50,-47.50,-42.5545,-65.0650
21274062,-236.50,-117.50,-43.6760,-57.4184
21277968,-300.50,-168.50,-49.1016,-49.2094
21281874,-111.50,-113.50,-55.5433,-46.3261
21285780,53.50,-72.50,-63.1253,-49.9722
21289686,-10.50,-54.50,-69.8916,-59.3574
21293592,-221.50,-138.50,-69.1274,-66.2868
21297498,-267.50,-173.50,-54.2061,-66.8594
21301404,-58.50,-53.50,-24.8938,-48.0933
21305310,57.50,-60.50,-7.0684,-20.9044
21309216,-24.50,-65.50,-31.1682,-26.5678
21313122,-237.50,-126.50,-73.3689,-53.7616
21317028,-297.50,-170.50,-86.3888,-66.1283
21320934,-157.50,-148.50,-68.1091,-63.0767
21324840,50.50,-50.50,-50.0691,-54.7763
21328746,64.50,6.50,-40.9329,-37.9557
21332652,-149.50,-62.50,-31.2834,-16.2431
21336558,-246.50,-96.50,-17.9180,-0.4474
21340464,-118.50,-81.50,-0.0566,10.7682
21344370,127.50,7.50,18.9288,19.2137
21348276,144.50,30.50,34.7243,23.6498
21352182,-96.50,-42.50,35.5640,19.8213
21356088,-255.50,-99.50,18.3808,10.1255
21359994,-207.50,-95.50,-6.0958,5.0261
21363900,30.50,-45.50,-29.4832,0.6851
21367806,113.50,-15.50,-35.3620,-10.8946
21371712,-57.50,-70.50,-19.2642,-25.3618
21375618,-201.50,-142.50,6.5128,-35.8935
21379524,-174.50,-145.50,25.6475,-40.3805
21383430,65.50,-63.50,26.9951,-38.5474
21387336,159.50,-3.50,23.6777,-30.4748
21391242,-18.50,-42.50,23.5415,-21.1438
21395148,-232.50,-92.50,17.5780,-12.9227
21399054,-217.50,-113.50,4.2436,-4.3315
21402960,-1.50,-70.50,-9.9388,-3.7135
21406866,123.50,-4.50,-17.3741,-12.1586
21410772,-40.50,-46.50,-20.7143,-20.1013
21414678,-236.50,-113.50,-24.9487,-25.3100
21418584,-257.50,-160.50,-27.7797,-30.4926
21422490,-48.50,-104.50,-31.6101,-38.6300
21426396,115.50,-40.50,-33.1991,-45.8256
21430302,-15.50,-37.50,-30.1314,-44.8057
21434208,-232.50,-99.50,-30.2276,-34.6801
21438114,-276.50,-142.50,-33.5284,-23.9251
21442020,-77.50,-111.50,-36.4261,-23.8408
21445926,89.50,-30.50,-37.9630,-31.0841
21449832,17.50,-25.50,-36.5517,-32.4560
21453738,-205.50,-88.50,-31.6693,-25.8896
21457644,-297.50,-148.50,-30.3818,-20.8648
21461550,-152.50,-102.50,-43.1061,-22.0048
21465456,35.50,-47.50,-64.7977,-26.5501
21469362,-11.50,-46.50,-78.7974,-34.4784
21473268,-208.50,-118.50,-76.2547,-44.1721
21477174,-315.50,-190.50,-63.3319,-53.9512
21481080,-168.50,-144.50,-55.1825,-61.2485
21484986,11.50,-94.50,-60.2396,-64.1734
21488892,-14.50,-65.50,-74.8919,-67.1576
21492798,-245.50,-140.50,-90.9941,-70.7066
21496704,-376.50,-204.50,-103.1366,-75.2224
21500610,-225.50,-188.50,-105.0290,-80.4636
21504516,-5.50,-104.50,-94.4996,-81.7169
21508422,19.50,-74.50,-80.4943,-77.7054
21512328,-193.50,-143.50,-71.8047,-75.2622
21516234,-350.50,-211.50,-71.0323,-79.2121
21520140,-240.50,-207.50,-72.6084,-84.9042
21524046,14.50,-126.50,-65.0778,-86.9841
21527952,118.50,-62.50,-38.7354,-80.2968
21531858,-128.50,-79.50,-11.4923,-61.3585
21535764,-306.50,-157.50,-11.6145,-39.3958
21539670,-254.50,-177.50,-29.4315,-31.2375
21543576,-81.50,-127.50,-53.7189,-41.0112
21547482,43.50,-84.50,-76.4035,-58.0292
21551388,-128.50,-138.50,-77.7973,-73.3118
21555294,-354.50,-197.50,-70.9761,-82.1752
21559200,-293.50,-213.50,-71.5184,-81.2872
21563106,-64.50,-132.50,-67.8793,-73.2537
21567012,53.50,-78.50,-58.3855,-63.4151
21570918,-111.50,-88.50,-54.0451,-54.7634
21574824,-272.50,-126.50,-49.7610,-40.9785
21578730,-298.50,-172.50,-38.5391,-23.8940
21582636,-120.50,-127.50,-40.2010,-20.2636
21586542,45.50,-65.50,-55.6771,-29.1771
21590448,-67.50,-88.50,-59.7556,-38.2386
21594354,-241.50,-144.50,-44.4042,-41.4517
21598260,-291.50,-197.50,-21.6897,-40.0147
21602166,-73.50,-127.50,-7.8299,-37.7592
21606072,90.50,-79.50,-1.8867,-35.3644
21609978,16.50,-70.50,3.6157,-34.9920
21613884,-220.50,-140.50,7.4747,-34.2723
21617790,-284.50,-188.50,6.2044,-32.4824
21621696,-123.50,-129.50,-0.8749,-29.5497
21625602,73.50,-56.50,-9.1581,-21.9099
21629508,30.50,-44.50,-9.5289,-13.4739
21633414,-190.50,-98.50,-1.5134,-6.5846
21637320,-259.50,-144.50,10.0992,1.0467
21641226,-97.50,-113.50,24.2036,7.6968
21645132,91.50,-64.50,32.4007,6.9179
21649038,57.50,-49.50,28.0248,-3.0080
21652944,-170.50,-121.50,16.1982,-14.9643
21656850,-278.50,-161.50,7.6774,-20.7301
21660756,-126.50,-113.50,11.4234,-12.7278
21664662,82.50,-41.50,22.5392,4.9151
21668568,96.50,-9.50,29.9406,18.2219
21672474,-114.50,-83.50,31.9841,20.1048
21676380,-248.50,-144.50,33.3910,12.7634
21680286,-172.50,-128.50,32.1991,6.2555
21684192,47.50,-75.50,22.6690,2.8369
21688098,64.50,-35.50,8.2349,-2.2209
21692004,-143.50,-105.50,-8.0906,-9.4215
21695910,-306.50,-157.50,-21.5051,-16.3888
21699816,-207.50,-161.50,-21.6741,-18.1891
21703722,48.50,-79.50,-5.1875,-14.7440
21707628,132.50,-20.50,20.1246,-6.3638
21711534,-68.50,-79.50,35.5020,1.4827
21715440,-285.50,-153.50,27.5672,-0.5792
21719346,-278.50,-175.50,0.2410,-9.8448
21723252,-56.50,-86.50,-30.8940,-15.4480
21727158,64.50,-42.50,-46.0425,-12.3235
21731064,-111.50,-70.50,-45.3996,-7.8819
21734970,-332.50,-159.50,-47.8474,-9.0959
21738876,-334.50,-206.50,-59.0036,-19.7383
21742782,-98.50,-140.50,-67.9190,-35.8363
21746688,42.50,-97.50,-64.9643,-47.6986
21750594,-112.50,-126.50,-59.7857,-56.6010
21754500,-337.50,-189.50,-65.1474,-62.1539
21758406,-364.50,-218.50,-75.1515,-60.0930
21762312,-144.50,-169.50,-79.3855,-55.7754
21766218,-2.50,-111.50,-78.6502,-55.9544
21770124,-96.50,-136.50,-79.2629,-62.1143
21774030,-328.50,-207.50,-80.3545,-70.7222
21777936,-385.50,-246.50,-80.8550,-75.3799
21781842,-175.50,-186.50,-78.8916,-72.7882
21785748,37.50,-111.50,-66.3437,-64.0777
21789654,-11.50,-111.50,-42.7678,-55.0489
21793560,-263.50,-185.50,-24.0634,-51.1765
21797466,-358.50,-233.50,-23.8365,-51.8781
21801372,-173.50,-159.50,-31.5068,-47.4010
21805278,114.50,-42.50,-18.4712,-25.2766
21809184,66.50,-8.50,18.2689,10.2743
21813090,-223.50,-155.50,34.9789,26.6308
21816996,-367.50,-271.50,10.1615,-4.0931
21820902,-212.50,-226.50,-23.6511,-53.8850
21824808,-57.50,-192.50,-49.7922,-86.0657
21828714,-101.50,-207.50,-84.6200,-110.8591
21832620,-318.50,-281.50,-121.0384,-137.4697
21836526,-514.50,-383.50,-144.8985,-159.9628
21840432,-431.50,-404.50,-169.6779,-184.7089
21844338,-218.50,-336.50,-199.6420,-212.5373
21848244,-184.50,-292.50,-220.2751,-228.7372
21852150,-400.50,-367.50,-226.5361,-230.4581
21856056,-570.50,-473.50,-224.8186,-234.8947
21859962,-464.50,-453.50,-217.1971,-245.6782
21863868,-238.50,-383.50,-206.1922,-250.0919
21867774,-137.50,-319.50,-193.8531,-244.7754
21871680,-305.50,-353.50,-173.8803,-230.8824
21875586,-488.50,-411.50,-148.9619,-210.4303
21879492,-405.50,-425.50,-125.8624,-191.8853
21883398,-192.50,-314.50,-109.4676,-177.0662
21887304,-47.50,-268.50,-98.7300,-161.5197
21891210,-200.50,-281.50,-81.3513,-147.0767
21895116,-413.50,-332.50,-61.6610,-128.9929
21899022,-379.50,-351.50,-49.8915,-106.7553
21902928,-149.50,-264.50,-42.2762,-89.4936
21906834,-0.50,-208.50,-33.6740,-78.7285
21910740,-127.50,-226.50,-21.4727,-73.1467
21914646,-338.50,-277.50,-7.0425,-64.7045
21918552,-349.50,-304.50,5.4288,-48.7984
21922458,-128.50,-243.50,13.3805,-35.6210
21926364,16.50,-175.50,15.3378,-30.8015
21930270,-73.50,-175.50,14.6253,-27.9914
21934176,-303.50,-231.50,18.3130,-18.4223
21938082,-369.50,-271.50,21.1213,-3.6419
21941988,-153.50,-222.50,18.9317,5.7492
21945894,30.50,-160.50,20.2338,5.3316
21949800,-36.50,-167.50,26.6249,-1.3031
21953706,-270.50,-239.50,33.3868,-7.3549
21957612,-332.50,-298.50,40.4184,-10.4816
21961518,-156.50,-239.50,48.4977,-10.6455
21965424,45.50,-156.50,53.4177,-4.4525
21969330,-3.50,-126.50,52.9137,7.9558
21973236,-218.50,-214.50,52.2706,18.8096
21977142,-336.50,-262.50,55.0601,21.5290
21981048,-170.50,-220.50,58.7853,22.7998
21984954,10.50,-141.50,56.7284,27.9534
21988860,-15.50,-98.50,42.1825,35.9392
21992766,-239.50,-174.50,23.2822,44.7888
21996672,-335.50,-249.50,20.0527,46.3624
22000578,-181.50,-214.50,40.4322,42.6162
22004484,16.50,-156.50,63.0768,39.6231
22008390,43.50,-121.50,67.0412,34.3715
22012296,-177.50,-177.50,59.5749,29.9128
22016202,-330.50,-253.50,52.9706,29.0822
22020108,-240.50,-260.50,50.1291,25.7613
22024014,-22.50,-185.50,46.0101,17.6827
22027920,63.50,-128.50,43.9597,13.0341
22031826,-161.50,-172.50,46.7176,17.4647
22035732,-344.50,-248.50,43.2375,24.9060
22039638,-299.50,-261.50,32.0858,27.3821
22043544,-69.50,-197.50,19.2897,22.5476
22047450,22.50,-154.50,11.3660,13.1510
22051356,-172.50,-184.50,7.3469,5.7537
22055266,-328.50,-246.50,8.0124,7.7298
22059172,-317.50,-281.50,17.4512,14.1681
22063078,-110.50,-212.50,19.3579,14.0489
22066984,10.50,-162.50,8.8059,8.4834
22070890,-166.50,-201.50,-4.1246,0.4769
22074796,-348.50,-264.50,-12.3962,-5.6487
22078702,-350.50,-288.50,-8.0356,-3.3515
22082608,-122.50,-217.50,2.8808,4.7632
22086514,52.50,-157.50,16.4758,11.8890
22090420,-17.50,-159.50,41.7636,16.1983
22094326,-276.50,-234.50,68.0073,21.0778
22098232,-329.50,-272.50,70.1642,25.7272
22102138,-111.50,-200.50,55.9972,30.4609
22106044,10.50,-133.50,41.2867,37.5732
22109950,-33.50,-137.50,29.4848,42.1640
22113856,-248.50,-203.50,34.6853,43.9400
22117762,-335.50,-249.50,48.6329,46.8672
22121668,-145.50,-205.50,52.0981,49.4661
22125574,10.50,-117.50,44.1614,52.3094
22129480,-37.50,-86.50,29.4324,61.3032
22133386,-269.50,-160.50,18.3263,74.6989
22137292,-333.50,-229.50,20.4884,80.2420
22141198,-171.50,-204.50,34.9559,73.6146
22145104,28.50,-140.50,47.5317,61.2162
22149010,28.50,-110.50,52.9139,51.2833
22152916,-213.50,-185.50,55.4134,47.6472
22156822,-351.50,-252.50,49.8662,45.3597
22160728,-205.50,-236.50,40.6895,41.0887
22164634,-9.50,-173.50,34.8419,34.3128
22168540,-0.50,-137.50,27.4130,26.3998
22172446,-239.50,-201.50,15.1945,21.5647
22176352,-390.50,-251.50,0.7259,22.4951
22180258,-256.50,-222.50,-3.8180,32.5704
22184164,-15.50,-153.50,8.6185,46.0900
22188070,29.50,-95.50,25.8102,54.7670
22191976,-146.50,-164.50,38.6138,57.6166
22195882,-302.50,-190.50,52.1495,61.0517
22199788,-229.50,-177.50,65.8311,76.3986
22203694,28.50,-106.50,76.4754,95.3140
22207600,127.50,-49.50,91.2444,104.6608
22211506,-47.50,-93.50,108.7287,106.8090
22215412,-210.50,-164.50,123.9904,105.8339
22219318,-197.50,-178.50,133.4892,104.0669
22223224,31.50,-107.50,129.5301,102.5359
22227130,149.50,-54.50,121.3721,101.1514
22231036,-46.50,-93.50,113.1890,97.7878
22234942,-260.50,-143.50,96.4462,96.2634
22238848,-212.50,-122.50,86.4044,109.4747
22242754,35.50,-93.50,99.9441,128.7407
22246660,109.50,-116.50,113.3906,117.4616
22250566,-42.50,-146.50,97.2464,71.6517
22254472,-254.50,-205.50,68.9170,33.9836
22258378,-284.50,-254.50,54.0638,22.4205
22262284,-90.50,-182.50,46.7811,22.3526
22266190,42.50,-133.50,34.3314,25.1768
22270096,-44.50,-129.50,20.2154,27.6006
22274002,-265.50,-217.50,16.6186,27.8363
22277908,-306.50,-253.50,23.5720,24.0673
22281814,-108.50,-178.50,33.2041,24.0797
22285720,75.50,-113.50,40.8987,34.0865
22289626,41.50,-79.50,50.8054,48.8566
22293532,-207.50,-133.50,63.0774,67.6630
22297438,-301.50,-180.50,64.2522,84.3842
22301344,-111.50,-144.50,57.8224,90.5455
22305250,79.50,-84.50,56.3965,87.2309
22309156,22.50,-63.50,53.1318,81.2055
22313062,-207.50,-143.50,42.2741,76.5800
22316968,-325.50,-205.50,31.1772,69.4028
22320874,-166.50,-168.50,26.7819,62.0908
22324780,31.50,-90.50,26.5495,61.9560
22328686,48.50,-60.50,26.9703,67.6825
22332592,-206.50,-124.50,25.1545,72.8802
22336498,-332.50,-169.50,17.5631,75.9032
22340404,-206.50,-168.50,13.3776,77.3544
22344310,33.50,-90.50,19.0415,74.9515
22348216,73.50,-40.50,30.3259,74.7651
22352122,-136.50,-96.50,40.3290,80.4494
22356028,-285.50,-158.50,46.2506,84.7545
22359934,-207.50,-144.50,49.7144,86.9851
22363840,14.50,-100.50,46.6875,85.4026
22367746,83.50,-40.50,39.9339,78.8167
22371652,-124.50,-96.50,34.0111,74.2187
22375558,-282.50,-158.50,31.1851,72.1217
22379464,-196.50,-161.50,41.3355,71.8417
22383370,31.50,-110.50,60.0006,70.7649
22387276,110.50,-47.50,68.7131,66.8998
22391182,-70.50,-80.50,61.6694,66.1055
22395088,-269.50,-143.50,49.3088,69.2829
22398994,-262.50,-173.50,39.2705,70.8870
22402900,-40.50,-105.50,29.0411,68.2538
22406806,91.50,-53.50,22.4513,64.8967
22410712,-74.50,-95.50,19.7534,59.1450
22414618,-283.50,-191.50,14.6554,44.8981
22418524,-289.50,-230.50,10.9832,24.8063
22422430,-69.50,-178.50,11.6386,7.9752
22426336,59.50,-93.50,10.6251,3.2410
22430242,-61.50,-90.50,2.9387,13.1075
22434148,-240.50,-109.50,1.2652,36.6093
22438054,-316.50,-207.50,9.8648,56.8928
22441960,-98.50,-165.50,12.5528,50.3166
22445866,59.50,-92.50,9.2764,31.1491
22449772,-48.50,-102.50,1.1746,20.4275
22453678,-270.50,-186.50,-11.7921,12.6679
22457584,-317.50,-186.50,-15.1969,11.4446
22461490,-136.50,-120.50,-5.9373,30.1493
22465396,67.50,-76.50,5.2924,52.8831
22469302,26.50,-96.50,15.3698,51.3005
22473208,-200.50,-121.50,24.2977,37.1549
22477114,-271.50,-45.50,33.3925,58.3594
22481020,-130.50,-74.50,42.3974,110.7571
22484926,48.50,-68.50,38.7822,124.8600
22488832,53.50,-70.50,26.2845,87.2438
22492738,-189.50,-148.50,19.6992,42.9224
22496644,-338.50,-210.50,11.4218,13.6694
22500550,-191.50,-194.50,-0.2641,-1.0357
22504456,-5.50,-122.50,-9.0922,-4.4633
22508362,63.50,-29.50,-10.7681,10.0254
22512268,-157.50,-85.50,0.8841,40.9431
22516174,-321.50,-181.50,10.9583,56.5507
22520080,-230.50,-176.50,6.8855,43.5271
22523986,-2.50,-95.50,-2.6441,27.8905
22527892,80.50,13.50,-2.7269,38.1895
22531798,-114.50,-84.50,10.1616,63.4486
22535704,-271.50,-175.50,25.3030,63.2773
22539610,-96.50,80.50,54.4509,82.1737
22543516,41.50,-36.50,89.2981,141.9043
22547422,35.50,-84.50,74.3713,135.6276
22551328,-157.50,-158.50,12.1396,52.7103
22555234,-346.50,-233.50,-38.3452,-19.9291
22559140,-335.50,-260.50,-59.7250,-55.9142
22563046,-79.50,-47.50,-64.8638,-44.7609
22566952,23.50,-77.50,-57.1052,3.3209
22570858,-125.50,-148.50,-45.9515,21.9482
22574764,-348.50,-245.50,-43.1445,-7.1997
22578670,-367.50,-266.50,-53.1788,-44.9422
22582576,-139.50,-239.50,-69.2165,-74.1001
22586482,6.50,-205.50,-74.2478,-97.6825
22590388,-78.50,-63.50,-60.5812,-86.2774
22594294,-334.50,-218.50,-42.5216,-35.2419
22598200,-377.50,-245.50,-43.6849,-11.3340
22602106,-160.50,-180.50,-57.6335,-23.2372
22606012,-10.50,-154.50,-65.1546,-37.1852
22609918,-60.50,-205.50,-60.2961,-57.2983
22613824,-290.50,-271.50,-43.5633,-82.0412
22617730,-367.50,-296.50,-32.0222,-94.4791
22621636,-158.50,-220.50,-31.7498,-87.7158
22625542,54.50,-167.50,-24.5594,-71.7654
22629448,-13.50,-158.50,-8.7113,-60.0556
22633354,-271.50,-237.50,-4.2154,-55.2319
22637260,-367.50,-297.50,-16.7829,-59.4036
22641166,-177.50,-248.50,-26.7391,-69.3880
22645072,-14.50,-165.50,-29.0033,-71.2271
22648978,-36.50,-130.50,-36.4768,-57.9577
22652884,-241.50,-207.50,-40.9028,-39.4074
22656790,-376.50,-252.50,-36.0786,-30.1539
22660696,-227.50,-207.50,-32.3753,-27.1033
22664602,13.50,-111.50,-26.8941,-17.9105
22668508,86.50,-0.50,-4.0238,12.4785
22672414,-77.50,19.50,41.7663,75.0629
22676320,-261.50,-191.50,83.1775,118.4269
22680226,-144.50,-142.50,93.0550,95.7875
22684132,41.50,-110.50,78.5503,51.8524
22688038,64.50,-84.50,52.5115,22.1296
22691944,-143.50,-120.50,26.2721,7.8656
22695850,-303.50,-210.50,12.7701,6.4833
22699756,-212.50,-177.50,15.3889,8.7942
22703662,46.50,-47.50,30.5799,25.5415
22707568,306.50,405.50,80.7266,124.4365
22711474,78.50,107.50,161.8483,274.1807
22715380,-229.50,-206.50,189.2549,276.2072
22719286,-234.50,-217.50,132.4445,125.6575
22723192,9.50,-143.50,62.3864,3.3553
22727098,135.50,-81.50,33.4992,-36.8498
22731004,-64.50,-136.50,30.4030,-40.6739
22734910,-257.50,-175.50,26.0173,-30.6589
22738816,-220.50,-217.50,30.5793,-8.9526
22742722,45.50,23.50,54.4511,32.3132
22746628,144.50,-44.50,76.3436,75.0861
22750534,39.50,-78.50,78.1086,64.6230
22754440,-180.50,-172.50,75.9865,23.7772
22758346,-221.50,-213.50,78.3218,3.6456
22762252,-21.50,-197.50,73.2837,-9.4248
22766158,165.50,38.50,65.2151,-7.8575
22770064,25.50,-63.50,58.1105,21.1345
22773970,-210.50,-166.50,44.5403,31.7384
22777876,-314.50,-244.50,23.8870,11.1602
22781782,-130.50,-174.50,-1.4132,-11.2311
22785688,63.50,-93.50,-21.7559,-24.8713
22789594,14.50,-78.50,-25.9525,-29.2601
22793500,-196.50,-149.50,-13.8221,-21.3620
22797406,-301.50,-198.50,3.0156,-2.1330
22801312,-125.50,-154.50,10.6547,14.3212
22805218,68.50,-106.50,7.6759,9.8036
22809124,100.50,-99.50,9.5580,-15.9992
22813030,-157.50,-175.50,24.0100,-37.5869
22816936,-317.50,-218.50,26.5184,-35.5334
22820842,-186.50,-190.50,6.5420,-19.4921
22824748,39.50,-124.50,-14.9363,-15.1787
22828654,62.50,-98.50,-21.8983,-28.7114
22832560,-117.50,-143.50,-9.3513,-36.7526
22836466,-272.50,-204.50,14.7666,-23.9830
22840372,-184.50,-182.50,27.6955,-4.0393
22844278,43.50,-96.50,20.2087,4.7344
22848184,107.50,-37.50,10.5717,4.9099
22852090,-128.50,-97.50,6.8420,9.0507
22855996,-293.50,-143.50,1.4520,23.1273
22859902,-209.50,-130.50,-0.5419,44.1583
22863808,19.50,-62.50,1.9533,55.6024
22867714,97.50,-8.50,1.9283,49.9525
22871620,-95.50,-70.50,-1.3597,39.8768
22875526,-280.50,-143.50,-3.8138,35.9699
22879432,-228.50,-161.50,-0.3260,37.1280
22883338,-1.50,-109.50,4.7671,30.3643
22887244,83.50,-61.50,1.3139,10.4804
22891150,-71.50,-80.50,-9.7360,-4.9785
22895056,-303.50,-161.50,-20.0009,-2.0803
22898962,-308.50,-191.50,-30.9779,7.4138
22902868,-76.50,-137.50,-42.6103,5.4021
22906774,61.50,-94.50,-47.3118,-11.7781
22910680,-76.50,-125.50,-46.7993,-33.5291
22914586,-290.50,-200.50,-44.6637,-44.2275
22918492,-306.50,-235.50,-38.9602,-41.6578
22922398,-90.50,-164.50,-31.9527,-36.3557
22926304,31.50,-113.50,-34.5132,-37.4082
22930210,-84.50,-111.50,-52.5990,-43.3297
22934116,-305.50,-196.50,-70.5334,-43.7643
22938022,-352.50,-266.50,-73.0925,-43.6027
22941928,-101.50,-157.50,-57.3167,-43.6624
22945834,144.50,-41.50,-19.0035,-25.4672
22949740,92.50,-47.50,30.7431,3.7722
22953646,-177.50,-193.50,60.3318,10.3601
22957552,-269.50,-244.50,56.4683,-12.2158
22961458,-40.50,-140.50,48.3218,-25.8167
22965364,149.50,-65.50,56.5705,-12.5721
22969270,79.50,-74.50,59.1450,-1.3130
22973176,-177.50,-160.50,41.5809,-6.2144
22977082,-303.50,-234.50,17.6648,-16.1150
22980988,-143.50,-204.50,2.4063,-25.8087
22984894,58.50,-124.50,-4.9213,-36.2784
22988800,80.50,-104.50,-7.7347,-45.6066
22992706,-149.50,-176.50,-2.3342,-49.2186
22996612,-304.50,-214.50,3.7516,-41.0995
23000518,-194.50,-186.50,-0.1178,-23.2099
23004424,32.50,-117.50,-11.9528,-13.2707
23008330,66.50,-79.50,-22.1534,-18.2052
23012236,-180.50,-149.50,-30.4459,-24.9647
23016142,-295.50,-228.50,-33.2430,-27.0006
23020048,-222.50,-202.50,-22.7986,-25.0862
23023954,-14.50,-143.50,-19.5805,-24.9931
23027860,57.50,-111.50,-32.3478,-35.2732
23031766,-152.50,-166.50,-44.3292,-48.7605
23035672,-322.50,-223.50,-47.4917,-49.8438
23039578,-255.50,-237.50,-40.3686,-40.7096
23043484,-8.50,-154.50,-28.7712,-36.5859
23047390,85.50,-82.50,-20.0697,-36.0401
23051296,-94.50,-115.50,-17.6772,-28.1572
23055202,-269.50,-180.50,-14.8371,-12.6863
23059108,-249.50,-225.50,-4.7400,-2.2307
23063014,-15.50,-171.50,3.0474,-11.4058
23066920,112.50,-111.50,4.6316,-32.5026
23070826,-47.50,-142.50,2.8417,-46.5407
23074732,-252.50,-210.50,0.5664,-46.0703
23078638,-276.50,-236.50,0.3587,-36.0324
23082544,-48.50,-171.50,-1.6826,-28.2217
23086450,85.50,-100.50,-6.9418,-27.3473
23090356,-34.50,-110.50,-14.8629,-27.3144
23094266,-290.50,-177.50,-25.7358,-20.8516
23098172,-348.50,-246.50,-41.1024,-14.7527
23102078,-140.50,-197.50,-56.7722,-21.9249
23105984,32.50,-150.50,-65.0354,-40.5465
23109890,-68.50,-146.50,-69.4514,-58.6655
23113796,-303.50,-220.50,-74.7181,-64.2106
23117702,-367.50,-260.50,-76.1985,-57.1515
23121608,-168.50,-201.50,-70.1151,-45.8236
23125514,42.50,-147.50,-58.7696,-40.1399
23129420,-16.50,-122.50,-48.3982,-42.7745
23133326,-238.50,-197.50,-42.0741,-42.7432
23137232,-298.50,-236.50,-29.3660,-35.2381
23141138,-127.50,-188.50,-5.7815,-22.9906
23145044,49.50,-104.50,7.1623,-10.9012
23148950,15.50,-64.50,-4.5436,-0.6499
23152856,-207.50,-165.50,-23.0973,5.0414
23156762,-348.50,-239.50,-32.4010,-2.0108
23160668,-193.50,-220.50,-32.8996,-16.2142
23164574,48.50,-141.50,-24.5380,-26.9286
23168480,78.50,-77.50,-8.7436,-26.5948
23172386,-140.50,6.50,6.3606,10.7430
23176292,-310.50,-161.50,11.7489,68.9404
23180198,-174.50,-149.50,11.8118,84.9354
23184104,17.50,-120.50,10.3238,57.0116
23188010,79.50,-80.50,2.1995,20.3508
23191916,-111.50,-148.50,-2.1467,-7.4855
23195822,-293.50,-204.50,3.3022,-18.4400
23199728,-223.50,-238.50,7.7379,-18.9816
23203634,25.50,-164.50,8.6059,-22.8971
23207540,111.50,-82.50,12.0864,-25.2940
23211446,-104.50,-122.50,11.8355,-17.2274
23215352,-303.50,-205.50,0.8228,-9.0590
23219258,-245.50,-271.50,-7.3862,-15.3368
23223164,-38.50,-201.50,-8.9195,-36.2724
23227070,67.50,-106.50,-15.5514,-48.5263
23230976,-108.50,-143.50,-27.8877,-42.3652
23234882,-318.50,-202.50,-38.4113,-31.3376
23238788,-303.50,-221.50,-40.8888,-18.4579
23242694,-50.50,-204.50,-32.6799,-12.8367
23246600,50.50,-111.50,-24.2837,-21.4285
23250506,-79.50,-111.50,-29.2516,-25.5454
23254412,-321.50,-185.50,-41.3526,-17.5204
23258318,-300.50,-102.50,-43.5574,12.3559
23262224,-9.50,-52.50,-17.5185,68.6860
23266130,87.50,-15.50,18.0133,106.0469
23270036,-112.50,-126.50,6.2457,82.8470
23273942,-392.50,-235.50,-56.8727,14.1987
23277848,-384.50,-257.50,-108.2391,-43.3803
23281754,-174.50,-181.50,-108.9190,-52.7908
23285660,-66.50,-190.50,-98.6923,-45.4596
23289566,-138.50,-197.50,-114.7849,-63.0607
23293472,-383.50,-275.50,-134.9580,-90.9785
23297378,-448.50,-326.50,-139.3526,-105.0187
23301284,-258.50,-271.50,-131.7235,-104.3831
23305190,-74.50,-203.50,-124.3503,-95.8954
23309096,-100.50,-175.50,-122.0278,-87.1599
23313002,-323.50,-207.50,-114.3909,-73.0607
23316908,-442.50,-270.50,-103.1680,-53.1216
23320814,-277.50,-222.50,-97.7728,-37.6553
23324720,-26.50,-132.50,-90.6383,-25.1260
23328626,-18.50,-80.50,-71.7501,-8.5150
23332532,-232.50,-156.50,-47.4865,7.3389
23336438,-351.50,-200.50,-26.0971,15.4554
23340344,-242.50,-233.50,-13.6672,12.3092
23344250,-13.50,-152.50,-15.4505,-3.4933
23348156,35.50,-108.50,-18.5208,-16.2778
23352062,-220.50,-173.50,-17.8831,-17.8237
23355968,-399.50,-252.50,-27.8842,-19.8183
23359874,-314.50,-256.50,-46.1761,-26.5757
23363780,-85.50,-186.50,-61.7440,-34.2342
23367686,-1.50,-127.50,-66.4912,-36.8732
23371592,-189.50,-171.50,-56.2321,-32.4672
23375498,-367.50,-234.50,-39.3682,-25.1800
23379404,-329.50,-251.50,-30.4932,-19.6116
23383310,-108.50,-178.50,-38.6403,-18.4343
23387216,10.50,-136.50,-50.0329,-21.1304
23391122,-175.50,-175.50,-49.8756,-27.0147
23395028,-376.50,-220.50,-44.9669,-28.1137
23398934,-333.50,-238.50,-38.6759,-17.7146
23402840,-97.50,-169.50,-29.5932,-5.4035
23406746,49.50,-104.50,-18.4526,1.8813
23410652,-88.50,-112.50,-4.1882,8.0922
23414558,-335.50,-191.50,4.6796,14.8424
23418464,-385.50,-256.50,-6.7003,12.4570
23422370,-154.50,-212.50,-31.7912,-4.6219
23426276,11.50,-144.50,-45.2784,-22.9105
23430182,-81.50,-151.50,-37.5309,-30.1410
23434088,-296.50,-224.50,-16.7361,-28.5036
23437994,-360.50,-271.50,0.1759,-25.7976
23441900,-156.50,-221.50,0.6758,-25.6212
23445806,23.50,-141.50,-7.0136,-24.4086
23449712,-53.50,-136.50,-10.5982,-19.8229
23453618,-288.50,-200.50,-8.1219,-13.7917
23457524,-366.50,-241.50,-4.0151,-6.8617
23461430,-180.50,-191.50,-2.0776,2.0288
23465336,25.50,-130.50,-1.1154,8.7838
23469242,-1.50,-122.50,4.3951,7.2740
23473148,-239.50,-185.50,15.0406,1.7525
23477054,-324.50,-239.50,26.4919,-0.0529
23480960,-207.50,-210.50,30.5721,1.9701
23484866,14.50,-129.50,20.3400,5.3810
23488772,-9.50,-86.50,6.4618,12.1713
23492678,-225.50,-163.50,0.4534,19.7438
23496584,-358.50,-209.50,3.1051,22.9278
23500490,-237.50,-184.50,7.6231,27.3304
23504396,-25.50,-151.50,4.0709,27.4099
23508302,18.50,-114.50,-1.9385,14.3423
23512208,-189.50,-178.50,1.6566,-0.3754
23516114,-351.50,-232.50,10.9767,-6.4084
23520020,-242.50,-222.50,18.3113,-3.1700
23523926,-15.50,-140.50,22.1825,5.1121
23527832,69.50,-77.50,26.6862,16.3454
23531738,-138.50,-129.50,34.8110,27.8903
23535644,-318.50,-204.50,40.1050,31.8652
23539550,-255.50,-225.50,40.5648,26.2742
23543456,-36.50,-162.50,36.2148,15.3014
23547362,48.50,-111.50,26.8377,5.7070
23551268,-114.50,-132.50,20.5613,3.9035
23555174,-333.50,-204.50,19.9506,9.6845
23559080,-334.50,-217.50,12.5870,16.7353
23562986,-81.50,-157.50,-1.2014,20.2489
23566892,34.50,-92.50,-5.8292,21.0191
23570798,-109.50,-128.50,-2.2299,19.9142
23574704,-303.50,-196.50,5.9513,16.9885
23578610,-302.50,-255.50,19.6011,10.4597
23582516,-77.50,-168.50,30.9895,3.1144
23586422,58.50,-98.50,33.8882,5.9868
23590328,-56.50,-111.50,30.2854,15.4198
23594234,-282.50,-191.50,27.5691,19.5904
23598140,-353.50,-239.50,22.5132,16.3501
23602046,-142.50,-176.50,9.6911,11.6284
23605952,38.50,-111.50,0.9169,11.3154
23609858,-56.50,-102.50,1.1991,13.8600
23613764,-257.50,-159.50,7.6508,20.2511
23617670,-334.50,-234.50,19.4328,25.4347
23621576,-109.50,-196.50,33.4494,19.8715
23625482,61.50,-142.50,45.7755,6.9469
23629388,18.50,-116.50,49.7677,-3.6196
23633294,-229.50,-174.50,46.6443,-3.3835
23637200,-303.50,-206.50,44.9412,8.6636
23641106,-72.50,-130.50,61.1628,32.3247
23645012,135.50,-62.50,95.1381,60.4233
23648918,48.50,-82.50,108.5794,68.5675
23652824,-207.50,-163.50,82.0411,48.6833
23656730,-278.50,-189.50,54.0905,28.5528
23660636,-134.50,-146.50,57.9926,33.3142
23664542,65.50,-79.50,70.6996,51.0742
23668448,106.50,-46.50,74.2734,60.9562
23672354,-143.50,-99.50,75.6958,63.0835
23676260,-276.50,-172.50,73.9171,62.1837
23680166,-148.50,-142.50,75.2878,61.3330
23684072,77.50,-73.50,81.8336,64.0372
23687978,153.50,-32.50,90.3839,66.9994
23691884,-51.50,-79.50,103.8136,68.2276
23695790,-244.50,-112.50,111.5866,74.8378
23699696,-159.50,-120.50,106.7406,87.9542
23703602,60.50,-47.50,96.3705,95.7640
23707508,143.50,16.50,87.1234,98.4670
23711414,-33.50,-52.50,85.0030,98.9165
23715320,-235.50,-110.50,88.4330,93.1336
23719226,-210.50,-120.50,85.8470,88.4005
23723132,18.50,-56.50,73.1887,87.4698
23727038,93.50,-8.50,55.2721,85.0238
23730944,-72.50,-45.50,35.5505,79.7210
23734850,-262.50,-117.50,25.2769,73.7062
23738756,-264.50,-148.50,27.7490,68.1325
23742662,-36.50,-80.50,29.4088,62.9617
23746568,113.50,-21.50,29.8565,60.6919
23750474,-25.50,-47.50,33.8057,59.6612
23754380,-253.50,-134.50,35.5832,54.6747
23758286,-289.50,-175.50,30.6651,44.3943
23762192,-81.50,-93.50,20.2558,37.8123
23766098,87.50,-33.50,11.8732,41.8433
23770004,-6.50,-47.50,12.1028,46.5190
23773910,-230.50,-133.50,19.2456,43.2932
23777816,-284.50,-188.50,26.9768,32.7894
23781722,-80.50,-133.50,31.8337,21.2832
23785628,118.50,-60.50,37.1122,16.8396
23789534,80.50,-41.50,49.4410,21.1020
23793440,-137.50,-108.50,69.7971,30.9736
23797346,-207.50,-136.50,90.6338,42.9588
23801252,59.50,-42.50,119.8908,63.5444
23805158,259.50,103.50,162.1447,104.5459
23809064,190.50,46.50,185.2400,142.1250
23812970,-159.50,-144.50,156.2653,121.4352
23816876,-300.50,-212.50,86.0723,48.2953
23820782,-134.50,-171.50,27.4290,-9.9474
23824688,51.50,-138.50,3.1043,-34.1876
23828594,-4.50,-167.50,-16.6845,-57.9607
23832500,-237.50,-259.50,-45.1995,-92.5126
23836406,-372.50,-364.50,-63.8657,-126.9967
23840312,-265.50,-357.50,-68.5318,-157.2870
23844218,-70.50,-300.50,-78.7135,-182.1668
23848124,-15.50,-252.50,-94.0261,-195.9701
23852030,-235.50,-323.50,-97.0026,-195.5353
23855936,-431.50,-398.50,-95.8475,-190.3490
23859842,-356.50,-418.50,-106.6320,-193.3381
23863748,-102.50,-305.50,-120.5562,-200.2511
23867654,-16.50,-234.50,-119.1364,-191.5805
23871560,-206.50,-291.50,-103.0167,-169.2413
23875466,-367.50,-329.50,-82.2829,-146.7090
23879372,-289.50,-335.50,-59.0416,-125.5528
23883278,-69.50,-258.50,-42.7898,-112.9285
23887184,43.50,-198.50,-39.1514,-109.6427
23891090,-132.50,-217.50,-38.1535,-103.2848
23894996,-333.50,-280.50,-34.5857,-87.3368
23898902,-331.50,-296.50,-33.9317,-69.5644
23902808,-84.50,-221.50,-38.5721,-60.0084
23906714,70.50,-152.50,-35.7139,-56.2326
23910620,-47.50,-171.50,-16.7376,-50.7284
23914526,-256.50,-223.50,9.4711,-37.9517
23918432,-270.50,-271.50,28.6538,-23.6537
23922338,-79.50,-170.50,29.0193,-14.8213
23926244,98.50,-94.50,17.5493,-3.4315
23930150,16.50,-120.50,18.4470,7.9627
23934056,-228.50,-172.50,33.1898,15.2247
23937962,-304.50,-216.50,36.8320,23.9891
23941868,-84.50,-168.50,25.7777,27.9913
23945774,119.50,-102.50,22.4970,22.5354
23949680,30.50,-79.50,30.9462,19.0783
23953586,-200.50,-145.50,37.4292,28.3551
23957492,-271.50,-197.50,40.8760,41.8454
23961398,-88.50,-145.50,44.7244,48.2574
23965304,93.50,-79.50,43.0966,47.6706
23969210,81.50,-47.50,39.2860,46.6190
23973116,-149.50,-92.50,45.4511,56.4736
23977022,-255.50,-132.50,56.7199,77.4246
23980928,-117.50,-136.50,59.8263,89.6115
23984834,80.50,-74.50,49.1853,78.2965
23988740,65.50,-38.50,31.3666,59.6530
23992646,-144.50,-108.50,21.3006,52.8397
23996552,-281.50,-149.50,24.1052,56.9408
24000458,-168.50,-143.50,28.2026,63.9905
24004364,53.50,-79.50,23.5349,62.7950
24008270,103.50,-41.50,19.4721,54.2213
24012176,-132.50,-128.50,21.4432,44.1547
24016082,-290.50,-175.50,20.4960,34.4853
24019988,-175.50,-149.50,20.6577,35.6779
24023894,25.50,-94.50,21.9594,43.4127
24027800,64.50,-38.50,11.0953,45.3731
24031706,-92.50,-108.50,-0.7180,42.5850
24035612,-228.50,-153.50,12.6003,40.0876
24039518,-110.50,-95.50,53.2798,53.7883
24043424,83.50,-12.50,90.6672,86.4007
24047330,103.50,-57.50,86.2674,98.0474
24051236,-99.50,-120.50,41.8278,64.3856
24055142,-288.50,-165.50,-1.0636,25.4163
24059048,-239.50,-176.50,-14.6075,15.7306
24062954,-15.50,-94.50,-7.8419,23.4897
24066860,95.50,-34.50,-0.5198,34.6914
24070766,-89.50,-50.50,-4.7228,46.9788
24074672,-287.50,-111.50,-17.7976,60.1122
24078578,-291.50,-144.50,-26.2745,68.1346
24082484,-43.50,-69.50,-24.1012,67.3974
24086390,138.50,-16.50,-6.2480,64.8564
24090296,18.50,-37.50,22.1068,63.3188
24094202,-186.50,-101.50,44.8255,63.5679
24098108,-260.50,-134.50,50.2039,65.8261
24102014,-79.50,-69.50,31.5751,67.3045
24105920,91.50,-15.50,4.5486,67.0554
24109826,-0.50,22.50,-9.3635,72.0274
24113732,-225.50,-92.50,-9.8830,81.5757
24117638,-301.50,-149.50,-7.7833,75.7318
24121544,-113.50,-99.50,-9.8440,56.7157
24125450,66.50,-32.50,-14.7395,43.9358
24129356,28.50,-10.50,-16.3658,43.0499
24133266,-202.50,-95.50,-11.0874,48.7203
24137172,-290.50,-129.50,-3.8516,52.5245
24141078,-146.50,-93.50,-2.3591,54.7344
24144984,50.50,-44.50,-10.1728,51.8619
24148890,45.50,-46.50,-17.8157,38.1754
24152796,-177.50,-122.50,-15.2590,20.4727
24156702,-294.50,-201.50,-7.7478,3.9344
24160608,-170.50,-191.50,-3.8682,-13.8972
24164514,37.50,-137.50,-8.2278,-33.4025
24168420,64.50,-67.50,-14.1020,-42.0985
24172326,-166.50,-125.50,-15.4812,-30.0852
24176232,-306.50,-151.50,-16.5937,-7.3173
24180138,-184.50,-124.50,-13.9513,16.6533
24184044,49.50,-66.50,-4.5882,31.6531
24187950,116.50,-21.50,8.7193,32.7847
24191856,-72.50,-62.50,24.3484,32.5324
24195762,-270.50,-114.50,32.5232,39.1085
24199668,-218.50,-116.50,22.9168,47.4360
24203574,18.50,-46.50,4.7616,49.9925
24207480,104.50,-21.50,-3.4455,44.8516
24211386,-82.50,-86.50,-1.6581,31.2625
24215292,-265.50,-175.50,1.3710,10.7387
24219198,-251.50,-178.50,0.5066,-7.5875
24223104,-28.50,-119.50,-8.9590,-17.0362
24227010,74.50,-61.50,-21.0664,-19.2781
24230916,-70.50,-109.50,-26.7953,-19.6117
24234822,-284.50,-207.50,-25.9432,-26.9512
24238728,-313.50,-239.50,-29.8705,-44.0724
24242634,-80.50,-164.50,-42.5508,-58.9595
24246540,74.50,-100.50,-46.9500,-60.7702
24250446,-46.50,-95.50,-37.7383,-49.6871
24254352,-242.50,-164.50,-23.0832,-31.6654
24258258,-300.50,-175.50,-12.6970,-14.7136
24262164,-77.50,-95.50,-13.3458,0.9063
24266070,64.50,-52.50,-19.0204,12.3876
24269976,-62.50,-62.50,-31.7512,12.0172
24273882,-256.50,-148.50,-46.0292,4.3440
24277788,-303.50,-194.50,-42.9629,-5.1489
24281694,-113.50,-125.50,-28.3676,-10.7494
24285600,99.50,-15.50,-13.7826,-0.3574
24289506,103.50,42.50,11.9322,32.5171
24293412,-146.50,-81.50,45.7761,65.3997
24297318,-324.50,-114.50,47.5258,70.8172
24301224,-168.50,-172.50,7.0237,46.2219
24305130,53.50,-70.50,-30.1035,5.4018
24309036,50.50,-36.50,-33.9402,-15.9807
24312942,-170.50,-148.50,-17.2872,-15.0799
24316848,-281.50,-207.50,-0.1393,-21.1215
24320754,-129.50,-158.50,13.1866,-28.0490
24324660,53.50,-121.50,17.3230,-30.2202
24328566,54.50,-84.50,5.3160,-38.1137
24332472,-175.50,-132.50,-13.5411,-42.2563
24336378,-329.50,-180.50,-28.3999,-33.0422
24340284,-208.50,-175.50,-34.1626,-20.7706
24344190,39.50,-111.50,-27.4342,-18.9833
24348096,79.50,-81.50,-13.9050,-27.4382
24352002,-152.50,-146.50,-10.2104,-38.0232
24355908,-324.50,-210.50,-21.2931,-45.6284
24359814,-253.50,-204.50,-33.7371,-47.0702
24363720,-38.50,-115.50,-43.4280,-42.1360
24367626,82.50,-60.50,-45.0255,-31.9452
24371532,-111.50,-110.50,-32.7957,-22.1563
24375438,-288.50,-176.50,-18.8868,-17.6516
24379344,-226.50,-175.50,-7.1347,-14.3338
24383250,37.50,-125.50,9.8046,-13.3092
24387156,112.50,-72.50,24.8005,-19.0891
24391062,-111.50,-96.50,13.7281,-23.9553
24394968,-309.50,-180.50,-19.6526,-23.1254
24398874,-255.50,-191.50,-35.0020,-21.5152
24402780,-1.50,-110.50,-16.8510,-17.3586
24406686,109.50,-36.50,8.1655,-6.7604
24410592,-51.50,-54.50,11.4190,6.1517
24414498,-254.50,-136.50,-0.1174,14.0733
24418404,-256.50,-165.50,-2.1582,14.5670
24422310,-19.50,-90.50,9.7190,14.4650
24426216,130.50,-17.50,23.9077,20.1321
24430122,-20.50,-33.50,23.0048,26.8153
24434028,-257.50,-126.50,3.6995,26.0887
24437934,-271.50,-186.50,-9.9530,14.6133
24441840,-49.50,-135.50,-0.7292,-1.4344
24445746,106.50,-75.50,14.5477,-13.6898
24449652,-4.50,-94.50,11.1079,-24.3678
24453558,-243.50,-176.50,-8.2798,-36.5548
24457464,-312.50,-226.50,-22.9997,-46.0276
24461370,-88.50,-146.50,-18.8387,-43.6837
24465276,176.50,-7.50,11.2449,-17.8797
24469182,71.50,-14.50,45.4180,19.3849
24473088,-273.50,-173.50,32.1741,24.5420
24476994,-384.50,-240.50,-27.5681,-12.9865
24480900,-190.50,-209.50,-71.3467,-51.9892
24484806,16.50,-162.50,-75.9793,-73.9974
24488712,-49.50,-164.50,-76.4733,-93.6160
24492618,-329.50,-239.50,-99.6485,-112.4781
24496524,-445.50,-308.50,-129.4072,-122.6680
24500430,-318.50,-296.50,-142.1249,-126.6339
24504336,-113.50,-207.50,-148.1487,-129.3081
24508242,-96.50,-178.50,-158.9394,-129.3374
24512148,-324.50,-256.50,-165.7184,-129.5594
24516054,-456.50,-298.50,-160.2118,-128.2652
24519960,-340.50,-309.50,-143.4404,-122.3064
24523866,-106.50,-236.50,-128.9392,-122.5280
24527772,-47.50,-169.50,-123.0516,-125.4119
24531678,-251.50,-218.50,-118.1293,-117.8864
24535584,-429.50,-260.50,-110.4895,-100.3006
24539490,-334.50,-273.50,-99.9021,-80.8711
24543396,-100.50,-190.50,-89.8149,-70.7611
24547302,-13.50,-132.50,-85.0966,-67.9804
24551208,-192.50,-141.50,-81.8521,-59.4345
24555114,-384.50,-223.50,-73.8827,-43.0365
24559020,-354.50,-274.50,-65.5996,-36.7853
24562926,-102.50,-201.50,-62.7918,-48.8933
24566832,26.50,-129.50,-58.2277,-60.1907
24570738,-160.50,-168.50,-52.6767,-61.0725
24574644,-358.50,-237.50,-51.4363,-57.8397
24578550,-313.50,-277.50,-41.2963,-54.6966
24582456,-111.50,-214.50,-25.1241,-55.5064
24586362,39.50,-144.50,-21.0494,-58.4779
24590268,-88.50,-143.50,-23.0235,-56.2832
24594174,-288.50,-207.50,-15.5576,-44.9503
24598080,-296.50,-239.50,3.7107,-29.1068
24601986,-41.50,-159.50,29.1673,-13.5996
24605892,160.50,-110.50,58.9003,-3.3623
24609798,58.50,-102.50,86.4890,-3.2368
24613704,-218.50,-190.50,94.3567,-6.8302
24617610,-300.50,-81.50,76.0787,15.8039
24621516,-122.50,-159.50,45.8151,57.7658
24625422,71.50,-126.50,20.8989,53.0059
24629328,19.50,-130.50,12.5111,5.7439
24633234,-252.50,-207.50,14.2402,-29.8061
24637140,-365.50,-255.50,7.0343,-42.6087
24641046,-166.50,-209.50,-5.0987,-40.1208
24644952,39.50,-140.50,-8.2408,-31.7267
24648858,-20.50,-117.50,-11.2697,-25.1205
24652764,-269.50,-192.50,-23.4478,-22.8278
24656670,-369.50,-228.50,-32.0519,-21.7674
24660576,-200.50,-196.50,-24.4409,-15.1499
24664482,38.50,-116.50,-7.7625,-4.5560
24668388,38.50,-105.50,5.3700,1.0857
24672294,-209.50,-181.50,8.0236,-4.3968
24676200,-341.50,-228.50,4.8690,-14.1432
24680106,-201.50,-220.50,9.2689,-17.1497
24684012,54.50,-155.50,22.8228,-17.6520
24687918,53.50,-102.50,30.7613,-17.5753
24691824,-186.50,-175.50,19.5801,-15.6621
24695730,-344.50,-225.50,2.3676,-15.6950
24699636,-252.50,-222.50,-1.9323,-14.0910
24703542,-13.50,-142.50,0.1942,-9.1974
24707448,41.50,-103.50,-2.4974,-4.5665
24711354,-181.50,-161.50,-12.9322,-5.1321
24715260,-365.50,-216.50,-24.4238,-9.2674
24719166,-306.50,-228.50,-27.0879,-9.5427
24723072,-42.50,-143.50,-21.5753,-5.3449
24726978,75.50,-111.50,-9.3011,-1.2458
24730884,-127.50,-172.50,1.3774,-7.3776
24734790,-326.50,-240.50,2.8710,-22.3590
24738696,-269.50,-205.50,8.8307,-23.3804
24742602,18.50,-88.50,31.8818,5.3851
24746508,79.50,-133.50,51.2397,30.1405
24750414,-132.50,-197.50,31.5409,6.9989
24754320,-314.50,-230.50,-5.4685,-32.2571
24758226,-303.50,-207.50,-11.7009,-34.0021
24762132,-32.50,-149.50,11.7183,-6.3903
24766038,133.50,-74.50,41.9579,18.2875
24769944,16.50,-74.50,64.3698,35.0711
24773850,-216.50,-177.50,76.2408,43.6520
24777756,-213.50,-206.50,88.4085,37.1991
24781662,38.50,-149.50,111.1598,26.2004
24785568,212.50,-66.50,135.4821,25.2525
24789474,140.50,-47.50,149.2031,38.6612
24793380,-111.50,-84.50,155.9939,64.5025
24797286,-164.50,-132.50,160.3529,89.6358
24801192,61.50,-79.50,168.3336,100.4972
24805098,272.50,26.50,181.9100,107.0839
24809004,206.50,54.50,191.2571,125.0821
24812910,-52.50,-33.50,189.5186,143.5775
24816816,-144.50,-94.50,182.0962,144.0290
24820722,19.50,-80.50,175.7849,127.9233
24824628,208.50,-12.50,163.3138,107.5909
24828534,196.50,21.50,144.9433,96.6281
24832440,-47.50,-33.50,135.0548,100.8879
24836346,-180.50,-82.50,133.8829,111.8598
24840252,-53.50,-72.50,129.9641,117.5613
24844158,181.50,-4.50,119.0749,112.7743
24848064,202.50,45.50,110.4515,107.3684
24851970,-50.50,-24.50,106.4890,108.8061
24855876,-207.50,-66.50,100.0344,112.3825
24859782,-94.50,-88.50,93.5210,111.9443
24863688,143.50,-14.50,88.2883,102.1315
24867594,178.50,61.50,80.8286,96.9871
24871500,-47.50,-20.50,70.1953,102.4999
24875406,-221.50,-113.50,61.6598,96.4441
24879312,-126.50,-99.50,62.7171,79.7053
24883218,127.50,-15.50,70.5735,73.6850
24887124,210.50,26.50,77.7452,78.5259
24891030,9.50,-28.50,79.8249,79.2258
24894936,-190.50,-111.50,78.0633,70.3168
24898842,-175.50,-139.50,71.5397,56.1483
24902748,55.50,-67.50,54.4459,42.8297
24906654,137.50,-32.50,29.8120,32.7959
24910560,-43.50,-51.50,4.7377,25.2672
24914466,-255.50,-127.50,-11.0135,23.2513
24918372,-240.50,-143.50,-12.0256,26.1307
24922278,-4.50,-56.50,-7.4996,33.4474
24926184,138.50,15.50,-5.3418,46.7869
24930090,13.50,-0.50,-2.9130,59.5476
24933996,-220.50,-69.50,3.1842,66.9237
24937902,-238.50,34.50,9.5010,92.6860
24941808,-8.50,-17.50,13.5031,131.6402
24945714,144.50,13.50,13.4762,126.5714
24949620,67.50,-4.50,12.6572,83.8455
24953526,-170.50,-88.50,20.1525,50.3884
24957432,-242.50,-129.50,28.1203,33.9088
24961338,-28.50,-105.50,27.2620,24.0431
24965244,163.50,-40.50,24.3767,13.6315
24969150,77.50,-8.50,21.0720,10.9728
24973056,-200.50,-79.50,9.5211,20.8849
24976962,-290.50,-142.50,-9.2219,27.1627
24980868,-83.50,-126.50,-18.6284,18.2356
24984774,112.50,-63.50,-15.4677,1.3246
24988680,80.50,-34.50,-13.1173,-8.8746
24992586,-156.50,-100.50,-12.1966,-7.4496
24996492,-271.50,-162.50,-8.0013,-4.8414
25000398,-130.50,-132.50,-5.7452,-6.3364
25004304,80.50,-52.50,-13.4294,-5.8235
25008210,80.50,-34.50,-26.6210,-2.4465
25012116,-156.50,-82.50,-34.6324,-0.0269
25016022,-293.50,-164.50,-34.5878,-1.5672
25019928,-184.50,-172.50,-31.9818,-12.5149
25023834,59.50,-96.50,-33.8076,-28.1527
25027740,114.50,-52.50,-33.0225,-34.5540
25031646,-125.50,-100.50,-27.4358,-30.5063
25035552,-284.50,-156.50,-25.0296,-23.5043
25039458,-207.50,-154.50,-25.3747,-17.0991
25043364,48.50,-78.50,-27.3082,-12.3587
25047270,125.50,-35.50,-26.0095,-8.9719
25051176,-84.50,-75.50,-21.7848,-7.3192
25055082,-285.50,-135.50,-21.9700,-5.9607
25058988,-237.50,-186.50,-26.9507,-9.6659
25062894,21.50,-127.50,-31.6809,-25.4626
25066800,126.50,-90.50,-30.1036,-44.4009
25070706,-54.50,-112.50,-25.7632,-55.6791
25074612,-244.50,-180.50,-20.0465,-57.0657
25078518,-254.50,-228.50,-14.7335,-57.5031
25082424,-2.50,-137.50,-17.8857,-60.3399
25086330,150.50,-63.50,-19.1345,-52.5888
25090236,-32.50,-80.50,-16.5842,-36.8786
25094142,-275.50,-177.50,-24.9790,-31.0115
25098048,-297.50,-217.50,-40.5463,-40.3992
25101954,-76.50,-143.50,-53.4618,-49.9869
25105860,70.50,-84.50,-63.9218,-48.4919
25109766,-37.50,-80.50,-71.4742,-42.2387
25113672,-277.50,-148.50,-71.7781,-35.4106
25117578,-319.50,-201.50,-66.4401,-31.4480
25121484,-79.50,-136.50,-56.4385,-30.5697
25125390,84.50,-63.50,-45.8113,-25.7734
25129296,16.50,-47.50,-42.4675,-17.1533
25133202,-234.50,-111.50,-41.8106,-8.0306
25137108,-303.50,-171.50,-38.8878,-2.7563
25141014,-104.50,-131.50,-33.1335,-3.6286
25144920,99.50,-67.50,-27.0226,-7.1397
25148826,59.50,-44.50,-23.4909,-10.1157
25152732,-184.50,-126.50,-20.1136,-12.8212
25156638,-288.50,-171.50,-15.8633,-15.9725
25160544,-112.50,-138.50,-9.8970,-14.4882
25164450,100.50,-51.50,-5.2702,-6.4508
25168356,115.50,-21.50,-1.8134,3.5070
25172266,-137.50,-79.50,3.9933,10.7869
25176172,-274.50,-148.50,6.6025,12.6790
25180078,-156.50,-137.50,2.5856,9.7885
25183984,69.50,-64.50,-7.8359,5.1065
25187890,90.50,-40.50,-19.9097,-0.2044
25191796,-131.50,-97.50,-26.1513,-7.2208
25195702,-300.50,-155.50,-26.3801,-11.8353
25199608,-205.50,-175.50,-26.0575,-14.0431
25203514,35.50,-92.50,-29.4519,-18.5947
25207420,90.50,-53.50,-34.1692,-21.8752
25211326,-121.50,-102.50,-38.1392,-23.7532
25215232,-304.50,-191.50,-39.8932,-29.7052
25219138,-244.50,-217.50,-39.0968,-41.7479
25223044,-6.50,-148.50,-41.2590,-55.4158
25226950,99.50,-89.50,-43.9565,-61.9130
25230856,-89.50,-112.50,-41.9240,-58.6768
25234762,-318.50,-182.50,-42.1776,-50.1037
25238668,-302.50,-207.50,-51.7589,-43.1611
25242574,-56.50,-132.50,-64.7691,-39.7805
25246480,81.50,-84.50,-68.5353,-38.2857
25250386,-64.50,-104.50,-60.3036,-40.1061
25254292,-264.50,-192.50,-44.1254,-44.7568
25258198,-271.50,-74.50,-26.2719,-25.9584
25262104,-35.50,-129.50,-16.1770,13.3760
25266010,117.50,-104.50,-13.8387,11.4812
25269916,-19.50,-116.50,-16.0895,-28.9087
25273822,-238.50,-174.50,-18.4342,-54.2196
25277728,-222.50,-169.50,-5.9111,-48.5768
25281634,-10.50,-58.50,20.9209,-14.4735
25285540,112.50,-60.50,30.5992,19.6493
25289446,6.50,-85.50,9.1875,16.4059
25293352,-255.50,-153.50,-20.5568,-10.2900
25297258,-357.50,-191.50,-46.2679,-27.8648
25301164,-166.50,-159.50,-69.3811,-33.4085
25305070,6.50,-118.50,-87.7296,-39.2570
25308976,-60.50,-111.50,-102.2355,-49.3493
25312882,-303.50,-175.50,-111.3049,-55.7620
25316788,-434.50,-260.50,-118.3471,-62.9713
25320694,-252.50,-219.50,-127.8726,-76.8617
25324600,-42.50,-152.50,-133.5128,-85.6266
25328506,-66.50,-123.50,-133.6470,-82.4455
25332412,-329.50,-186.50,-135.7966,-73.6231
25336318,-458.50,-236.50,-143.2541,-67.1606
25340224,-339.50,-218.50,-153.1089,-65.2271
25344130,-130.50,-146.50,-167.4068,-65.1458
25348036,-92.50,-108.50,-178.2898,-61.9633
25351942,-332.50,-171.50,-175.7726,-56.0253
25355848,-469.50,-223.50,-166.3832,-52.7649
25359754,-346.50,-252.50,-153.2291,-57.7080
25363660,-92.50,-156.50,-137.4219,-68.0674
25367566,-18.50,-111.50,-119.0374,-67.5279
25371472,-214.50,-153.50,-96.7736,-55.6196
25375378,-372.50,-194.50,-73.7288,-41.9643
25379284,-284.50,-191.50,-52.8011,-27.8163
25383190,-54.50,-112.50,-41.2638,-15.7992
25387096,25.50,-37.50,-41.7155,-2.0159
25391002,-160.50,-104.50,-45.1783,10.6306
25394908,-330.50,-180.50,-39.7650,8.4399
25398814,-329.50,-216.50,-31.3892,-7.2804
25402720,-91.50,-143.50,-37.2831,-23.4710
25406626,28.50,-109.50,-47.9438,-32.6250
25410532,-157.50,-120.50,-52.9277,-35.2938
25414438,-366.50,-172.50,-57.2206,-28.7069
25418344,-392.50,-196.50,-63.9861,-15.8826
25422250,-116.50,-124.50,-68.9080,-5.7657
25426156,53.50,-57.50,-55.7945,2.9521
25430062,-53.50,-43.50,-25.8274,16.0591
25433968,-271.50,-110.50,4.1243,33.3988
25437874,-283.50,-153.50,25.9715,43.8208
25441780,-61.50,-77.50,38.8426,46.1942
25445686,105.50,-17.50,43.8204,50.8030
25449592,7.50,-22.50,43.7066,55.3600
25453498,-236.50,-84.50,42.4413,57.0535
25457404,-295.50,-132.50,40.8604,57.5240
25461310,-104.50,-111.50,37.9069,51.8816
25465216,71.50,-68.50,30.6271,35.9484
25469122,-3.50,-47.50,18.9746,19.2093
25473028,-255.50,-144.50,7.4669,9.1856
25476934,-344.50,-193.50,-0.4915,-0.9719
25480840,-147.50,-149.50,0.0898,-7.8888
25484746,64.50,-93.50,9.0257,-7.8456
25488652,33.50,-61.50,17.6402,-6.1539
25492558,-242.50,-126.50,15.4237,-2.6996
25496464,-363.50,-200.50,0.7150,-2.9883
25500370,-217.50,-194.50,-13.4010,-13.3404
25504276,-1.50,-134.50,-21.6491,-28.8848
25508182,-15.50,-92.50,-30.0409,-38.4613
25512088,-235.50,-165.50,-37.2338,-39.7433
25515994,-367.50,-233.50,-34.8124,-42.6959
25519900,-245.50,-260.50,-23.7700,-54.7637
25523806,14.50,-207.50,-11.5860,-76.2079
25527712,87.50,-143.50,6.6586,-91.7774
25531618,-143.50,-153.50,27.8587,-82.8510
25535524,-349.50,-197.50,31.6135,-54.1360
25539430,-301.50,-222.50,10.0356,-30.1693
25543336,-38.50,-137.50,-18.0609,-23.1877
25547242,89.50,-54.50,-19.7809,-15.4393
25551148,-116.50,-79.50,5.3521,3.9126
25555054,-303.50,-141.50,27.6677,22.7314
25558960,-239.50,-168.50,39.6382,30.7275
25562866,23.50,-121.50,50.0865,25.9209
25566772,122.50,-75.50,59.3668,13.3631
25570678,-48.50,-79.50,62.1377,5.1230
25574584,-246.50,-127.50,63.7021,11.4515
25578490,-234.50,-24.50,69.9282,47.9659
25582396,-20.50,-55.50,69.7239,97.7927
25586302,113.50,-28.50,58.3096,104.3637
25590208,-0.50,-53.50,51.5138,70.6283
25594114,-239.50,-132.50,57.6348,39.0360
25598020,-282.50,-164.50,60.2160,21.4370
25601926,-57.50,-113.50,50.3213,16.1849
25605832,123.50,-69.50,42.7570,16.1982
25609738,-6.50,-53.50,42.3340,16.7251
25613644,-239.50,-132.50,40.5628,18.4347
25617550,-306.50,-193.50,36.3912,13.0492
25621456,-79.50,-133.50,34.1705,2.9262
25625362,96.50,-100.50,35.5245,-2.6672
25629268,9.50,-80.50,33.3173,-7.1704
25633174,-245.50,-138.50,24.1363,-8.1328
25637080,-325.50,-154.50,15.2298,0.0784
25640986,-109.50,-143.50,17.3760,11.5676
25644892,118.50,-80.50,33.9131,14.7421
25648798,87.50,-51.50,54.6634,13.1500
25652704,-175.50,-114.50,65.4917,14.6331
25656610,-285.50,-175.50,63.0669,13.2614
25660516,-114.50,-144.50,59.7646,9.1320
25664422,112.50,-65.50,61.9269,11.6828
25668328,126.50,-6.50,67.7736,26.2736
25672234,-68.50,16.50,83.4365,58.9412
25676140,-272.50,-79.50,97.4814,95.6477
25680046,-206.50,-186.50,78.4558,87.6567
25683952,36.50,-129.50,34.3830,29.7543
25687858,49.50,-111.50,1.5696,-24.0413
25691764,-233.50,-200.50,-22.9735,-56.8345
25695670,-432.50,-292.50,-56.5665,-88.0243
25699576,-369.50,-330.50,-91.8100,-120.4098
25703482,-165.50,-299.50,-124.5031,-149.9170
25707388,-136.50,-303.50,-159.1783,-180.2037
25711294,-378.50,-377.50,-195.4538,-216.9603
25715200,-559.50,-424.50,-222.0340,-248.2713
25719106,-528.50,-457.50,-231.7890,-259.3491
25723012,-303.50,-412.50,-239.7024,-260.5049
25726918,-184.50,-358.50,-247.8530,-261.2395
25730824,-377.50,-399.50,-247.0983,-262.0145
25734730,-575.50,-441.50,-240.5978,-261.7000
25738636,-517.50,-428.50,-225.1400,-248.4326
25742542,-246.50,-350.50,-197.0024,-218.1280
25746448,-122.50,-294.50,-168.3286,-186.1215
25750354,-237.50,-287.50,-147.5690,-164.2179
25754260,-456.50,-322.50,-127.3610,-145.5285
25758166,-452.50,-335.50,-106.9863,-122.9000
25762072,-178.50,-271.50,-85.7157,-99.3892
25765978,-17.50,-218.50,-60.3718,-81.0563
25769884,-124.50,-204.50,-39.8028,-69.9247
25773790,-338.50,-278.50,-23.6190,-63.7122
25777696,-348.50,-302.50,-1.9199,-61.0395
25781602,-110.50,-234.50,25.5426,-52.6167
25785508,87.50,-158.50,51.1766,-32.5691
25789414,-9.50,-143.50,66.2976,-10.8634
25793320,-280.50,-200.50,64.3841,3.3223
25797226,-352.50,-234.50,50.7364,10.6438
25801132,-154.50,-200.50,40.7424,16.1994
25805038,48.50,-144.50,38.7157,19.8487
25808944,9.50,-124.50,41.5510,20.1931
25812850,-213.50,-193.50,52.0458,18.2218
25816756,-304.50,-237.50,69.8567,14.4656
25820662,-128.50,-208.50,87.0677,14.0034
25824568,75.50,-143.50,93.2649,18.6090
25828474,57.50,-112.50,87.0173,24.4316
25832380,-211.50,-191.50,73.9774,24.8608
25836286,-362.50,-229.50,55.5996,18.5542
25840192,-206.50,-232.50,40.8974,13.5829
25844098,48.50,-156.50,41.7552,12.1949
25848004,91.50,-104.50,57.7625,17.6120
25851910,-158.50,-148.50,74.1750,29.8420
25855816,-317.50,-182.50,77.6670,42.9357
25859722,-197.50,-190.50,76.0114,54.1395
25863628,9.50,-121.50,71.1740,59.2186
25867534,74.50,-111.50,58.9183,55.1170
25871440,-141.50,-132.50,49.9814,45.5135
25875346,-324.50,-206.50,49.2895,39.0122
25879252,-259.50,-218.50,50.3615,35.0522
25883158,-14.50,-158.50,47.3090,30.9398
25887064,98.50,-116.50,46.5547,28.7896
25890970,-95.50,-145.50,53.8781,27.2565
25894876,-306.50,-196.50,60.3353,27.6890
25898782,-249.50,-92.50,63.9017,51.8035
25902688,16.50,-113.50,72.4848,93.6424
25906594,129.50,-106.50,84.1209,98.7868
25910500,-74.50,-139.50,82.4366,64.0358
25914406,-312.50,-222.50,62.4807,28.9057
25918312,-322.50,-249.50,39.1700,6.1841
25922218,-110.50,-205.50,18.8712,-5.1805
25926124,17.50,-158.50,-2.2329,-8.9051
25930030,-122.50,-190.50,-21.4206,-13.0505
25933936,-382.50,-268.50,-35.3145,-24.1477
25937842,-416.50,-292.50,-46.2843,-37.4443
25941748,-192.50,-252.50,-53.6410,-43.8357
25945654,-50.50,-206.50,-61.0484,-45.2553
25949560,-161.50,-215.50,-75.3416,-47.8687
25953466,-369.50,-317.50,-82.4028,-58.1885
25957372,-512.50,-368.50,-83.8858,-79.9180
25961278,-354.50,-345.50,-109.6048,-102.8728
25965184,-227.50,-357.50,-161.7105,-127.8190
25969090,-317.50,-367.50,-217.5047,-162.4349
25972996,-652.50,-512.50,-268.4853,-204.5353
25976902,-794.50,-595.50,-321.9515,-255.7436
25980808,-661.50,-580.50,-373.2273,-301.9643
25984714,-488.50,-546.50,-415.0712,-328.4069
25988620,-482.50,-541.50,-438.3502,-341.4339
25992526,-757.50,-629.50,-437.8901,-351.0477
25996432,-904.50,-692.50,-435.4319,-363.7170
26000338,-748.50,-664.50,-438.7591,-373.0780
26004244,-525.50,-591.50,-437.9998,-369.2830
26008150,-527.50,-557.50,-435.2577,-354.1168
26012056,-762.50,-612.50,-433.7526,-337.0295
26015962,-911.50,-690.50,-429.1607,-329.7155
26019868,-754.50,-670.50,-412.4939,-331.9646
26023774,-452.50,-580.50,-375.4500,-327.2970
26027680,-382.50,-547.50,-323.7065,-309.8446
26031586,-605.50,-577.50,-281.0171,-289.7682
26035492,-741.50,-617.50,-253.8656,-269.8341
26039398,-630.50,-585.50,-225.1066,-245.2849
26043304,-354.50,-452.50,-191.8916,-208.1418
26047210,-239.50,-382.50,-157.9286,-157.1923
26051116,-388.50,-367.50,-118.6581,-104.3447
26055022,-543.50,-426.50,-71.2803,-60.7251
26058928,-481.50,-424.50,-25.2933,-34.3515
26062834,-196.50,-300.50,8.6170,-13.7035
26066740,-60.50,-198.50,36.5296,23.8613
26070646,-191.50,-191.50,66.4799,74.3146
26074552,-404.50,-233.50,96.4515,119.0083
26078458,-324.50,-258.50,127.2282,146.0695
26082364,-73.50,-178.50,161.5999,156.6484
26086270,80.50,-79.50,189.1506,169.0395
26090176,-56.50,-73.50,202.8034,193.8369
26094082,-237.50,-160.50,216.4529,215.3609
26097988,-234.50,-135.50,242.2227,227.8430
26101894,9.50,-32.50,270.0139,252.1949
26105800,177.50,47.50,286.5472,289.2135
26109706,100.50,64.50,296.0907,319.5405
26113612,-104.50,-15.50,313.1897,335.0289
26117518,-146.50,-57.50,337.5269,334.6983
26121424,70.50,-13.50,354.8379,325.2542
26125330,285.50,66.50,364.2395,317.8352
26129236,245.50,103.50,377.8048,321.7800
26133142,7.50,54.50,396.9304,338.8544
26137048,-111.50,-9.50,403.4772,353.5777
26140954,63.50,26.50,387.7517,352.7631
26144860,275.50,62.50,365.2378,337.4967
26148766,234.50,78.50,350.7186,314.4164
26152672,-36.50,-0.50,338.8600,293.7644
26156578,-155.50,-92.50,322.4004,273.3790
26160484,-14.50,-106.50,305.4407,243.1638
26164390,159.50,-98.50,281.9347,199.6106
26168296,87.50,-111.50,237.9461,146.5524
26172202,-216.50,-232.50,173.9467,91.4628
26176108,-406.50,-320.50,105.5004,39.6903
26180014,-325.50,-349.50,47.3152,-3.3855
26183920,-155.50,-303.50,-4.9005,-37.9870
26187826,-171.50,-308.50,-58.9471,-68.7520
26191732,-475.50,-408.50,-116.2304,-102.6623
26195638,-711.50,-527.50,-179.5181,-145.1450
26199544,-626.50,-540.50,-235.8892,-187.4667
26203450,-367.50,-472.50,-263.1344,-213.4626
26207356,-324.50,-457.50,-264.3196,-224.0673
26211267,-530.50,-472.50,-260.8534,-226.7840
26215173,-687.50,-461.50,-252.3922,-205.5017
26219079,-612.50,-354.50,-230.2302,-140.8032
26222985,-320.50,-354.50,-200.1761,-68.3841
26226891,-194.50,-303.50,-165.0138,-43.6638
26230797,-345.50,-303.50,-127.9621,-48.4098
26234703,-453.50,-309.50,-80.3380,-33.8989
26238609,-396.50,-308.50,-15.5321,3.1236
26242515,-102.50,-213.50,44.9660,41.3013
26246421,61.50,-112.50,91.5204,77.5168
26250327,-68.50,-86.50,128.1767,119.6245
26254233,-255.50,-129.50,158.5098,161.8047
26258139,-222.50,-111.50,190.2626,196.5277
26262045,58.50,-25.50,226.4086,227.6501
26265951,229.50,40.50,261.8210,254.8698
26269857,137.50,69.50,289.3374,276.2389
26273763,-47.50,15.50,316.4115,296.3213
26277669,-34.50,-45.50,354.0134,305.2727
26281575,223.50,29.50,397.3307,300.0440
26285481,403.50,86.50,430.4506,296.8887
26289387,314.50,71.50,442.0413,294.4800
26293293,69.50,31.50,437.8942,289.4058
26297199,-14.50,-10.50,426.5464,289.3288
26301105,208.50,34.50,415.8187,291.9493
26305011,410.50,86.50,413.5164,290.7674
26308917,359.50,123.50,415.1864,288.5879
26312823,71.50,62.50,407.6679,291.7700
26316729,-77.50,4.50,378.4984,293.1222
26320635,93.50,26.50,337.3532,285.3075
26324541,317.50,75.50,308.5653,271.4708
26328447,319.50,103.50,301.6142,257.7616
26332353,75.50,48.50,308.2311,250.4429
26336259,-58.50,-3.50,313.3021,247.8355
26340165,85.50,21.50,311.2170,246.7731
26344071,309.50,83.50,302.7230,246.2442
26347977,320.50,125.50,289.3952,245.8140
26351883,61.50,66.50,272.1892,244.9766
26355789,-86.50,-12.50,254.8254,236.7989
26359695,11.50,-5.50,243.9472,221.0770
26363601,220.50,47.50,229.6519,206.2451
26367507,269.50,83.50,206.2845,194.9100
26371413,64.50,23.50,189.0053,183.9974
26375319,-142.50,-30.50,181.3385,172.9774
26379225,-90.50,-62.50,168.9827,161.9657
26383131,144.50,-4.50,147.0588,147.3325
26387037,237.50,39.50,128.3324,133.5351
26390943,47.50,-2.50,121.4832,124.7613
26394849,-146.50,-72.50,123.6461,116.8583
26398755,-105.50,-64.50,129.1659,112.9591
26402661,156.50,18.50,134.2142,121.0640
26406567,272.50,68.50,138.9542,135.9837
26410473,160.50,48.50,149.2366,144.7631
26414379,-104.50,-68.50,161.7943,137.1718
26418285,-102.50,-96.50,158.9154,112.4304
26422191,144.50,-32.50,146.0301,90.2280
26426097,285.50,10.50,139.0031,81.5253
26430003,146.50,16.50,133.8647,80.0279
26433909,-100.50,-29.50,125.7988,87.7137
26437815,-143.50,-93.50,114.5971,96.1585
26441721,62.50,-56.50,99.6257,88.8747
26445627,222.50,-18.50,81.7763,68.9524
26449533,126.50,-6.50,66.3072,50.9903
26453439,-118.50,-72.50,59.0599,44.9813
26457345,-207.50,-79.50,53.7040,52.0938
26461251,34.50,30.50,49.3690,78.8341
26465157,266.50,31.50,61.0762,109.0644
26469063,80.50,-78.50,64.1579,89.9219
26472969,-223.50,-164.50,18.7303,19.6219
26476875,-360.50,-234.50,-51.8393,-46.2908
26480781,-179.50,-223.50,-103.3757,-84.0884
26484687,15.50,-174.50,-128.1776,-105.2294
26488593,-14.50,-130.50,-138.7913,-111.5945
26492499,-252.50,-191.50,-139.8994,-101.5806
26496405,-373.50,-245.50,-132.2714,-90.0192
26500311,-207.50,-227.50,-121.3001,-88.2338
26504217,37.50,-136.50,-110.7079,-88.1053
26508123,64.50,-110.50,-98.5345,-80.2301
26512029,-149.50,-153.50,-80.5368,-68.2741
26515935,-259.50,-185.50,-53.5844,-54.9201
26519841,-133.50,-177.50,-22.8998,-41.3670
26523747,90.50,-126.50,-7.9316,-37.5568
26527653,126.50,-70.50,-14.3114,-40.2926
26531559,-79.50,-117.50,-23.4580,-36.8457
26535465,-248.50,-162.50,-21.1157,-28.1426
26539371,-141.50,-65.50,-9.0395,-4.1635
26543277,137.50,-50.50,8.4547,31.4912
26547183,201.50,-29.50,25.6660,41.4478
26551089,-30.50,-72.50,27.2610,24.6573
26554995,-230.50,-128.50,12.4731,9.7355
26558901,-187.50,-176.50,-2.7538,-1.9565
26562807,73.50,-111.50,-11.2134,-18.9388
26566713,175.50,-61.50,-12.5915,-30.4145
26570619,-15.50,-94.50,-13.7556,-30.3619
26574525,-214.50,-147.50,-15.6440,-26.0800
26578431,-191.50,-200.50,-10.9188,-27.5393
26582337,60.50,-126.50,-3.3365,-37.6594
26586243,189.50,-56.50,0.5264,-39.9315
26590149,35.50,-79.50,-1.6402,-29.9726
26594055,-212.50,-162.50,-8.7758,-24.8354
26597961,-223.50,-174.50,-16.7360,-28.6281
26601867,22.50,-109.50,-19.3026,-28.4855
26605773,190.50,-47.50,-14.4834,-20.1950
26609679,80.50,-33.50,-7.4822,-7.8429
26613585,-175.50,-98.50,-3.4541,5.9729
26617491,-234.50,-137.50,-6.6270,13.6814
26621397,-47.50,-82.50,-19.7008,14.3183
26625303,129.50,-15.50,-40.3807,15.9984
26629209,49.50,-2.50,-58.0765,21.8476
26633115,-207.50,-121.50,-65.5313,20.2188
26637021,-290.50,-188.50,-67.3315,-2.5339
26640927,-100.50,-157.50,-68.1808,-32.9907
26644833,107.50,-108.50,-69.9859,-53.5927
26648739,73.50,-64.50,-70.5052,-59.4926
26652645,-175.50,-81.50,-66.6136,-42.6090
26656551,-299.50,-150.50,-63.7166,-15.0269
26660457,-193.50,-210.50,-75.5177,-16.5278
26664363,23.50,-166.50,-105.5421,-58.0483
26668269,54.50,-130.50,-126.0765,-99.5356
26672175,-190.50,-175.50,-119.8672,-111.3108
26676081,-309.50,-217.50,-102.4145,-101.5343
26679987,-156.50,-198.50,-82.1018,-85.4788
26683893,80.50,-120.50,-64.0476,-70.8169
26687799,133.50,-85.50,-52.1867,-59.8723
26691705,-81.50,-137.50,-40.1705,-55.3729
26695611,-272.50,-176.50,-31.9374,-53.8640
26699517,-165.50,-191.50,-33.1319,-50.5345
26703423,62.50,-116.50,-39.7273,-48.5957
26707329,121.50,-78.50,-49.1224,-47.1490
26711235,-96.50,-134.50,-59.4869,-48.8026
26715141,-281.50,-189.50,-65.9168,-55.4685
26719047,-233.50,-222.50,-67.8884,-62.8962
26722953,16.50,-149.50,-71.1333,-69.6582
26726859,94.50,-88.50,-77.4365,-68.8025
26730765,-85.50,-111.50,-85.2507,-59.2961
26734671,-276.50,-168.50,-86.0663,-48.9857
26738577,-268.50,-214.50,-79.5042,-45.9362
26742483,-8.50,-150.50,-76.0728,-52.2023
26746389,112.50,-94.50,-74.1555,-57.2038
26750295,-63.50,-105.50,-76.3306,-55.5082
26754201,-292.50,-170.50,-85.4792,-50.9216
26758107,-298.50,-194.50,-92.6375,-46.2154
26762013,-73.50,-138.50,-95.6868,-41.2614
26765919,74.50,-77.50,-99.3189,-35.8747
26769825,-68.50,-78.50,-107.0031,-31.4143
26773731,-317.50,-144.50,-118.3353,-28.1448
26777637,-364.50,-205.50,-128.8836,-30.4446
26781543,-132.50,-139.50,-132.8897,-36.0362
26785449,43.50,-79.50,-129.3580,-34.7295
26789355,-34.50,-57.50,-122.8946,-27.0533
26793261,-274.50,-120.50,-114.2887,-17.7761
26797167,-337.50,-146.50,-103.8456,-8.0915
26801073,-125.50,-120.50,-92.4116,0.5230
26804979,58.50,-57.50,-84.6688,3.4275
26808885,-0.50,-42.50,-86.8197,0.8010
26812791,-266.50,-124.50,-95.9218,-5.5435
26816697,-369.50,-191.50,-106.0961,-18.6111
26820603,-164.50,-163.50,-106.2382,-32.3207
26824509,54.50,-105.50,-93.2923,-39.3988
26828415,33.50,-79.50,-81.1509,-42.2805
26832321,-217.50,-136.50,-77.9423,-43.4337
26836227,-347.50,-192.50,-80.0093,-43.5253
26840133,-233.50,-193.50,-86.2396,-45.2547
26844039,-9.50,-109.50,-100.4615,-47.5866
26847945,48.50,-69.50,-107.9831,-43.9968
26851851,-194.50,-144.50,-97.4930,-40.8981
26855757,-352.50,-123.50,-85.4378,-34.0354
26859663,-222.50,-140.50,-77.6063,-11.1640
26863569,-2.50,-143.50,-72.9326,-4.5303
26867475,13.50,-117.50,-82.3890,-33.7588
26871381,-205.50,-175.50,-103.8108,-69.6174
26875287,-394.50,-252.50,-120.1648,-93.7904
26879193,-303.50,-257.50,-122.9176,-106.5991
26883099,-46.50,-192.50,-115.1744,-108.5711
26887005,39.50,-170.50,-103.7163,-107.5792
26890911,-170.50,-182.50,-98.1091,-109.3658
26894817,-349.50,-239.50,-96.7700,-106.5166
26898723,-303.50,-290.50,-89.3883,-104.4640
26902629,-48.50,-207.50,-78.8658,-108.9666
26906535,71.50,-160.50,-69.9711,-107.8834
26910441,-93.50,-170.50,-62.7360,-100.4419
26914347,-288.50,-211.50,-53.2945,-89.3970
26918253,-260.50,-228.50,-36.0772,-73.5065
26922159,-32.50,-154.50,-19.8837,-55.9039
26926065,107.50,-95.50,-15.5751,-39.0379
26929971,-16.50,-102.50,-16.8471,-27.6612
26933877,-245.50,-144.50,-12.9748,-19.8191
26937783,-228.50,-113.50,0.7736,0.1302
26941689,22.50,-76.50,25.9609,32.6140
26945595,94.50,-132.50,35.8599,35.4789
26949501,-45.50,-147.50,2.7651,-10.5611
26953407,-286.50,-230.50,-43.4510,-62.7906
26957313,-358.50,-280.50,-69.1772,-93.5807
26961219,-150.50,-222.50,-78.7951,-103.6936
26965125,16.50,-213.50,-84.2728,-104.2814
26969031,-69.50,-230.50,-93.0401,-116.6300
26972937,-298.50,-303.50,-99.8048,-139.4784
26976843,-396.50,-333.50,-99.3415,-155.5342
26980749,-192.50,-286.50,-95.3176,-154.6574
26984655,19.50,-236.50,-87.6460,-142.8370
26988561,6.50,-207.50,-74.5079,-131.4639
26992467,-201.50,-250.50,-52.5835,-119.8989
26996373,-353.50,-321.50,-33.0687,-113.0581
27000279,-207.50,-257.50,-34.7519,-110.6750
27004185,18.50,-178.50,-49.0139,-96.5336
27008091,-10.50,-160.50,-61.6244,-74.9417
27011997,-260.50,-206.50,-75.6171,-62.0263
27015903,-402.50,-259.50,-88.8800,-58.5590
27019809,-284.50,-253.50,-95.0080,-60.2838
27023715,-16.50,-185.50,-91.9837,-62.8617
27027621,57.50,-143.50,-72.2039,-59.4471
27031527,-154.50,-181.50,-40.6235,-49.4472
27035433,-329.50,-239.50,-17.9069,-40.5679
27039339,-238.50,-249.50,-11.5604,-39.5791
27043245,-3.50,-174.50,-15.7766,-42.7135
27047151,98.50,-114.50,-16.9791,-37.1650
27051057,-104.50,-146.50,-7.0466,-22.0268
27054963,-338.50,-207.50,-2.7022,-9.9028
27058869,-297.50,-232.50,-17.5451,-9.1574
27062775,-36.50,-163.50,-35.5673,-15.3143
27066681,75.50,-114.50,-37.8230,-16.7447
27070587,-102.50,-132.50,-29.4746,-11.0579
27074493,-305.50,-196.50,-20.7810,-4.1952
27078399,-300.50,-239.50,-15.4724,-4.9324
27082305,-70.50,-177.50,-19.1532,-13.8708
27086211,78.50,-136.50,-25.5841,-21.0369
27090117,-68.50,-152.50,-24.7668,-24.3907
27094023,-305.50,-230.50,-21.0408,-28.2041
27097929,-330.50,-271.50,-22.0739,-36.2764
27101835,-97.50,-208.50,-26.7257,-43.8663
27105741,48.50,-151.50,-31.5739,-42.5943
27109647,-67.50,-130.50,-37.7841,-32.3180
27113553,-321.50,-194.50,-44.6983,-17.3689
27117459,-374.50,-226.50,-51.3246,-6.2789
27121365,-158.50,-195.50,-55.4769,-3.6433
27125271,67.50,-163.50,-48.5268,-11.2435
27129177,12.50,-128.50,-25.7401,-21.2737
27133083,-204.50,-159.50,5.3103,-14.3856
27136989,-324.50,-219.50,25.4564,3.2861
27140895,-152.50,-233.50,19.8911,3.3802
27144801,50.50,-152.50,-0.1694,-13.8232
27148707,18.50,-111.50,-13.1827,-19.2596
27152613,-234.50,-187.50,-14.8137,-10.4440
27156519,-335.50,-267.50,-11.3400,-12.5623
27160425,-162.50,-207.50,-3.0459,-21.6787
27164331,53.50,-141.50,5.5723,-16.3359
27168237,42.50,-122.50,6.3298,-4.7085
27172143,-200.50,-177.50,0.9191,-2.0805
27176049,-348.50,-47.50,-5.5213,24.6380
27179955,-209.50,-118.50,-8.4186,85.1161
27183861,19.50,-126.50,-8.2103,103.8893
27187767,64.50,-79.50,-6.3288,67.6119
27191673,-179.50,-125.50,-4.3955,36.7225
27195579,-332.50,-201.50,-4.6407,23.4497
27199485,-248.50,-221.50,-4.6598,10.4066
27203391,9.50,-159.50,-4.6019,-2.5952
27207297,54.50,-124.50,-5.5999,-7.4218
27211203,-143.50,-175.50,-8.4504,-9.8905
27215109,-314.50,-224.50,-6.3847,-16.2582
27219015,-260.50,-235.50,2.6882,-20.3466
27222921,9.50,-139.50,11.0215,-12.9161
27226827,102.50,-88.50,19.3374,8.0125
27230733,-66.50,-110.50,27.3020,27.9565
27234639,-266.50,-159.50,35.6273,37.3581
27238545,-256.50,-220.50,41.5356,34.0819
27242451,-15.50,-133.50,37.8777,23.6439
27246357,83.50,-75.50,26.4336,25.5500
27250266,-76.50,-88.50,10.6445,37.9179
27254172,-283.50,-139.50,1.3032,47.1895
27258078,-288.50,-172.50,5.5591,51.4048
27261984,-36.50,-117.50,16.4998,52.6455
27265890,125.50,-61.50,29.8332,55.0207
27269796,-15.50,-69.50,37.8256,57.3730
27273702,-260.50,-157.50,33.5957,52.1651
27277608,-280.50,-200.50,27.4301,37.0990
27281514,-100.50,-143.50,23.5898,25.5184
27285420,75.50,-93.50,13.1375,25.8751
27289326,11.50,-88.50,5.6319,28.7918
27293232,-235.50,-154.50,11.6555,27.8616
27297138,-326.50,-187.50,16.5471,25.6604
27301044,-88.50,-120.50,18.1026,32.0543
27304950,87.50,-73.50,24.6898,46.7428
27308856,-3.50,-105.50,20.5903,46.9818
27312762,-292.50,-212.50,-6.1069,18.6160
27316668,-377.50,-232.50,-36.9944,-16.5167
27320574,-207.50,-194.50,-49.3549,-27.0167
27324480,34.50,-117.50,-43.3313,-14.2518
27328386,28.50,-76.50,-27.3603,5.6984
27332292,-206.50,-156.50,-9.3098,19.7499
27336198,-323.50,-208.50,4.6196,18.2243
27340104,-192.50,-198.50,12.6262,8.6488
27344010,53.50,-117.50,13.8837,3.7514
27347916,80.50,-80.50,16.5604,8.8298
27351822,-160.50,-124.50,22.1691,19.4727
27355728,-341.50,-161.50,19.6092,30.6895
27359634,-245.50,-152.50,6.1367,42.0701
27363540,7.50,-92.50,-7.9515,48.4876
27367446,61.50,-56.50,-11.7168,48.0671
27371352,-146.50,-110.50,-6.9376,43.5963
27375258,-329.50,-172.50,-0.3952,36.5822
27379164,-225.50,-175.50,9.0807,30.7167
27383070,50.50,-94.50,26.4699,31.1992
27386976,135.50,-43.50,47.2995,39.9062
27390882,-67.50,-104.50,57.6031,45.6355
27394788,-287.50,-159.50,53.0425,40.4505
27398694,-207.50,-194.50,48.6547,30.7103
27402600,57.50,-122.50,59.3100,21.8311
27406506,155.50,-56.50,74.0292,21.7749
27410412,-0.50,-65.50,77.9605,33.5149
27414318,-232.50,-141.50,76.4576,45.9900
27418224,-228.50,-178.50,73.4529,46.8735
27422130,26.50,-132.50,70.6192,36.2536
27426036,157.50,-64.50,70.3017,26.5649
27429942,33.50,-58.50,69.8478,28.8208
27433848,-234.50,-122.50,66.7579,40.6525
27437754,-297.50,-169.50,51.5955,47.9960
27441660,-82.50,-114.50,24.4376,45.9995
27445566,106.50,-79.50,4.9139,38.8119
27449472,19.50,-86.50,5.5462,26.6013
27453378,-210.50,-160.50,21.2001,13.8477
27457284,-277.50,-205.50,37.6251,4.8960
27461190,-78.50,-144.50,43.0992,3.3495
27465096,108.50,-71.50,36.8013,12.3254
27469002,45.50,-60.50,27.2953,24.3202
27472908,-234.50,-133.50,17.9127,29.6595
27476814,-335.50,-196.50,4.5979,24.4530
27480720,-153.50,-182.50,-7.3266,10.8430
27484626,59.50,-120.50,-13.0108,-4.4311
27488532,42.50,-79.50,-13.2066,-10.6425
27492438,-216.50,-144.50,-10.0364,-5.0682
27496344,-340.50,35.50,-9.3073,39.3879
27500250,-194.50,-136.50,-11.5386,106.1058
27504156,50.50,-117.50,-13.4392,99.6950
27508062,66.50,-88.50,-10.1917,35.7955
27511968,-177.50,-159.50,-3.7255,-8.2217
27515874,-346.50,-226.50,-3.4304,-29.4583
27519780,-181.50,-210.50,-2.4605,-38.9649
27523686,147.50,-101.50,23.2667,-29.8337
27527592,195.50,-4.50,71.6843,6.3752
27531498,-142.50,-108.50,88.7617,42.3510
27535404,-364.50,-207.50,44.8407,35.7077
27539310,-292.50,-230.50,-16.3521,-3.1591
27543216,-34.50,-133.50,-53.1250,-30.0200
27547122,31.50,-89.50,-65.2260,-27.4714
27551028,-160.50,-111.50,-64.4863,-12.4603
27554934,-381.50,-188.50,-58.6983,-3.2049
27558840,-272.50,-174.50,-46.2672,1.0741
27562746,-27.50,-84.50,-26.9922,13.4916
27566652,95.50,-34.50,-12.9822,33.5916
27570558,-85.50,-47.50,-7.4720,47.9805
27574464,-297.50,-116.50,-1.6467,54.2791
27578370,-283.50,-133.50,6.0659,56.2281
27582276,-15.50,-47.50,12.2521,61.7483
27586182,137.50,-14.50,19.5962,70.7145
27590088,11.50,-40.50,32.2421,68.9960
27593994,-239.50,-105.50,46.7301,58.4451
27597900,-302.50,-142.50,46.6507,50.4348
27601806,-81.50,-73.50,23.9917,49.0153
27605712,83.50,-17.50,-3.4691,53.8028
27609618,-9.50,-18.50,-15.6240,58.3730
27613524,-236.50,-86.50,-5.2540,59.8460
27617430,-301.50,-125.50,14.5678,59.2747
27621336,-80.50,-93.50,24.8172,55.7621
27625242,111.50,-22.50,24.0240,50.8586
27629148,48.50,-18.50,21.8147,48.5432
27633054,-186.50,-98.50,28.3970,46.0055
27636960,-261.50,-129.50,44.4538,41.6847
27640866,-68.50,-80.50,59.7944,44.2451
27644772,133.50,-56.50,63.3789,46.4057
27648678,105.50,-31.50,57.7655,36.5308
27652584,-142.50,-104.50,55.9940,24.7498
27656490,-271.50,-168.50,58.2134,15.4891
27660396,-126.50,-125.50,54.4072,9.4824
27664302,107.50,-80.50,43.1420,8.3368
27668208,91.50,-61.50,31.5817,3.7099
27672114,-145.50,-106.50,24.3805,-2.0517
27676020,-300.50,-177.50,22.2129,-4.1850
27679926,-168.50,-177.50,22.3549,-9.7110
27683832,79.50,-124.50,21.7149,-21.6625
27687738,90.50,-72.50,17.7087,-30.5277
27691644,-152.50,-99.50,6.4457,-25.0617
27695550,-319.50,-170.50,-5.1324,-11.9863
27699456,-209.50,-192.50,-5.6436,-9.9173
27703362,41.50,-107.50,0.9645,-17.7428
27707268,87.50,-47.50,2.0340,-16.6294
27711174,-128.50,-86.50,-6.7819,-5.3488
27715080,-336.50,-154.50,-18.0368,2.4300
27718986,-271.50,-152.50,-25.1480,5.0753
27722892,25.50,-15.50,-21.1806,20.3655
27726798,163.50,17.50,2.6101,51.3147
27730704,-97.50,-115.50,21.8584,53.7688
27734610,-359.50,-239.50,2.7984,2.4097
27738516,-334.50,-246.50,-36.8024,-58.9267
27742422,-70.50,-165.50,-60.6025,-83.7604
27746328,76.50,-129.50,-60.3406,-79.7801
27750234,-110.50,-160.50,-53.1723,-76.5609
27754140,-333.50,-239.50,-51.6486,-80.7636
27758046,-351.50,-284.50,-50.9827,-88.5498
27761952,-141.50,-243.50,-56.9066,-101.4112
27765858,-0.50,-206.50,-77.0380,-119.2705
27769764,-136.50,-208.50,-100.6798,-134.4836
27773670,-357.50,-269.50,-109.0449,-135.5487
27777576,-401.50,-305.50,-98.2592,-125.4641
27781482,-177.50,-256.50,-85.3886,-116.9301
27785388,-20.50,-194.50,-86.1865,-114.4719
27789294,-88.50,-175.50,-95.3409,-111.9186
27793200,-304.50,-239.50,-89.2744,-102.3739
27797106,-373.50,-271.50,-64.4695,-89.0295
27801012,-172.50,-220.50,-42.8686,-76.1569
27804918,49.50,-152.50,-33.3647,-66.0289
27808824,16.50,-137.50,-25.0672,-60.3460
27812730,-238.50,-203.50,-12.7540,-56.7315
27816636,-367.50,-8.50,-7.3986,-13.8063
27820542,-206.50,-161.50,-15.7216,59.0873
27824448,10.50,-140.50,-31.2179,61.0041
27828354,-8.50,-108.50,-44.2234,3.8261
27832260,-221.50,-181.50,-44.1407,-32.6577
27836166,-346.50,-221.50,-27.2153,-42.4961
27840072,-215.50,-207.50,-8.7915,-40.4307
27843978,51.50,-130.50,0.1215,-33.7607
27847884,127.50,-80.50,16.5672,-21.3875
27851790,-106.50,-126.50,46.1368,-4.7684
27855696,-266.50,-192.50,68.7438,4.0693
27859602,-172.50,-189.50,74.9055,0.8589
27863508,69.50,-113.50,67.6251,-3.7969
27867414,91.50,-82.50,50.4578,-2.0155
27871320,-116.50,-137.50,30.2757,-1.0300
27875226,-318.50,-206.50,17.6400,-7.9015
27879132,-277.50,-233.50,8.1441,-21.5013
27883038,-47.50,-142.50,-10.4939,-32.0036
27886944,36.50,-94.50,-32.2692,-27.4422
27890850,-143.50,-135.50,-44.0063,-16.7877
27894756,-366.50,-181.50,-44.5522,-10.7066
27898662,-305.50,-208.50,-38.8648,-7.6347
27902568,-49.50,-154.50,-27.6789,-9.8904
27906474,82.50,-81.50,-14.3728,-11.2323
27910380,-76.50,-100.50,-4.4359,-3.3112
27914286,-303.50,-154.50,1.6649,8.3828
27918192,-297.50,-173.50,5.7403,17.7250
27922098,-21.50,-145.50,14.5174,19.0042
27926004,115.50,-112.50,28.4409,6.7623
27929910,-31.50,-93.50,32.2521,-5.9953
27933816,-261.50,-164.50,26.1543,-4.6944
27937722,-300.50,-206.50,23.0244,-0.4829
27941628,-64.50,-164.50,24.0243,-3.5802
27945534,98.50,-93.50,24.6158,-6.1386
27949440,-20.50,-75.50,17.7133,0.2909
27953346,-271.50,-158.50,4.9531,9.1883
27957252,-335.50,-200.50,-3.3752,8.2638
27961158,-114.50,-160.50,-2.2060,2.3894
27965064,75.50,-98.50,3.2692,0.5669
27968970,7.50,-85.50,4.0118,2.0194
27972876,-240.50,-168.50,1.5495,0.4930
27976782,-323.50,-225.50,3.6572,-9.4792
27980688,-143.50,-192.50,10.6379,-20.5303
27984594,80.50,-125.50,15.8802,-23.4649
27988500,63.50,-85.50,19.7761,-17.4062
27992406,-179.50,-144.50,26.4258,-6.5467
27996312,-288.50,-175.50,35.8965,4.1808
28000218,-174.50,-172.50,40.2209,12.3123
28004124,80.50,-97.50,33.3540,14.9268
28008030,101.50,-48.50,30.4622,18.5758
28011936,-143.50,-100.50,36.5528,27.6272
28015842,-291.50,-155.50,41.1740,34.3415
28019748,-196.50,-152.50,39.9532,35.9252
28023654,34.50,-90.50,28.4178,33.9965
28027560,109.50,-51.50,18.0885,31.0342
28031466,-115.50,-90.50,21.7403,29.9399
28035372,-289.50,-128.50,30.5832,34.5177
28039278,-207.50,-184.50,36.5115,36.6755
28043184,48.50,-111.50,38.8274,25.2730
28047090,129.50,-63.50,40.1295,14.1979
28050996,-84.50,-98.50,38.8745,12.6217
28054902,-303.50,-177.50,30.4184,10.6447
28058808,-270.50,-218.50,16.5317,0.2742
28062714,-15.50,-151.50,3.6330,-14.0634
28066620,85.50,-138.50,-3.3211,-26.9021
28070526,-86.50,-157.50,-7.1230,-41.5831
28074432,-329.50,-207.50,-12.2251,-49.5424
28078338,-318.50,-238.50,-19.9582,-45.6608
28082244,-51.50,-160.50,-22.9235,-36.4850
28086150,93.50,-81.50,-14.9581,-20.3678
28090056,-40.50,-79.50,-3.9749,0.6051
28093962,-269.50,-175.50,5.5281,11.6509
28097868,-301.50,-220.50,12.0322,3.5233
28101774,-48.50,-160.50,15.5038,-9.4527
28105680,123.50,-88.50,21.5722,-10.1083
28109586,16.50,-111.50,28.0284,-5.8765
28113492,-241.50,-175.50,29.6664,-8.7286
28117398,-289.50,-223.50,28.1086,-14.9265
28121304,-62.50,-163.50,30.4398,-15.4679
28125210,114.50,-93.50,34.5032,-7.4835
28129116,7.50,-49.50,26.4184,7.5165
28133022,-225.50,-106.50,10.8601,27.1860
28136928,-303.50,74.50,7.2765,80.1122
28140834,-138.50,-79.50,11.2765,150.2034
28144740,79.50,-60.50,7.7780,145.4887
28148646,48.50,-53.50,3.0040,80.3737
28152552,-168.50,-97.50,10.0517,35.8540
28156458,-301.50,-188.50,24.6583,18.2110
28160364,-184.50,-239.50,24.7357,-6.1148
28164270,16.50,-175.50,-0.2847,-43.1700
28168176,31.50,-132.50,-28.2087,-63.9464
28172082,-212.50,-232.50,-37.9344,-70.1457
28175988,-347.50,-265.50,-33.8738,-81.4413
28179894,-212.50,-277.50,-24.0747,-90.4209
28183800,21.50,-196.50,-15.9833,-89.9020
28187706,51.50,-117.50,-15.2984,-74.7046
28191612,-181.50,-178.50,-20.3618,-51.7695
28195518,-357.50,-227.50,-27.1927,-41.4336
28199424,-286.50,-239.50,-35.2213,-42.0055
28203330,-32.50,-158.50,-44.9666,-40.5959
28207236,48.50,-96.50,-47.6433,-29.4793
28211142,-168.50,-113.50,-43.3695,-11.5724
28215048,-355.50,-160.50,-40.5631,5.2282
28218954,-287.50,-172.50,-36.2696,18.0068
28222860,-25.50,-98.50,-27.5351,28.1142
28226766,70.50,-47.50,-18.3890,38.0038
28230672,-111.50,-93.50,-14.9254,40.0983
28234578,-325.50,-153.50,-15.8136,30.7224
28238484,-286.50,-178.50,-13.4235,21.3857
28242390,-26.50,-111.50,-4.1787,20.9516
28246296,118.50,-47.50,10.2151,29.5053
28250202,-25.50,-46.50,24.2659,41.8087
28254108,-248.50,-148.50,35.1410,45.4938
28258014,-272.50,-194.50,40.2897,31.5646
28261920,-42.50,-129.50,36.7396,15.4968
28265826,79.50,-86.50,23.6832,11.2697
28269732,-14.50,-104.50,8.0716,7.1097
28273638,-235.50,624.50,8.0560,127.3747
28277544,-300.50,-25.50,19.3124,347.8171
28281450,-78.50,-143.50,23.1801,343.5921
28285356,97.50,-126.50,20.3092,140.3807
28289267,16.50,-125.50,16.5390,-9.5324
28293173,-232.50,-188.50,14.3340,-69.9165
28297079,-314.50,-206.50,12.8990,-79.9536
28300985,-123.50,-179.50,10.5289,-58.9496
28304891,69.50,-112.50,6.0112,-24.5330
28308797,39.50,-89.50,2.4209,-1.6742
28312703,-212.50,-175.50,4.5695,-9.5807
28316609,-316.50,-226.50,8.3000,-41.0879
28320515,-139.50,-208.50,12.5199,-59.9086
28324421,82.50,-137.50,17.9705,-48.6024
28328327,67.50,-94.50,20.6849,-25.6630
28332233,-176.50,-165.50,19.2549,-19.9568
28336139,-313.50,-222.50,15.9958,-38.1416
28340045,-175.50,-214.50,14.5228,-53.0719
28343951,28.50,-158.50,9.2508,-47.1643
28347857,67.50,-125.50,-1.1796,-35.4906
28351763,-175.50,-172.50,-8.0039,-38.2004
28355669,-335.50,-212.50,-11.3120,-51.4275
28359575,-222.50,-220.50,-10.9053,-54.6434
28363481,28.50,-94.50,-5.3853,-31.9605
28367387,113.50,859.50,5.9399,159.0184
28371293,-125.50,147.50,16.5433,449.2888
28375199,-316.50,511.50,14.2929,549.9557
28379105,-248.50,601.50,5.2092,587.7604
28383011,-8.50,6.50,-2.0555,586.7374
28386917,81.50,-133.50,-7.1820,343.9707
28390823,-111.50,-212.50,-10.7032,22.5941
28394729,-310.50,-254.50,-11.5292,-157.3767
28398635,-270.50,-308.50,-7.3046,-197.8142
28402541,7.50,545.50,3.6755,-48.6185
28406447,110.50,-12.50,17.3120,208.2539
28410353,-73.50,-224.50,17.7646,214.9201
28414259,-297.50,-335.50,4.9022,-12.4179
28418165,-324.50,-380.50,-9.4707,-192.8144
28422071,-80.50,-317.50,-22.5755,-259.4519
28425977,89.50,-260.50,-25.6431,-254.7012
28429883,-63.50,-249.50,-20.4211,-222.9162
28433789,-322.50,-331.50,-23.7455,-193.5293
28437695,-373.50,-352.50,-38.7437,-183.9725
28441601,-140.50,-288.50,-53.0404,-185.6686
28445507,64.50,-242.50,-52.4860,-183.6344
28449413,-31.50,-196.50,-38.2647,-169.4555
28453319,-271.50,-190.50,-23.7047,-129.8215
28457225,-324.50,142.50,-12.4487,-18.7750
28461131,-143.50,-159.50,-6.2912,105.1220
28465037,49.50,-177.50,-11.8213,82.6488
28468943,-9.50,-175.50,-22.5071,-32.1070
28472849,-241.50,-243.50,-24.4195,-100.4283
28476755,-335.50,-283.50,-15.5186,-121.9418
28480661,-137.50,-262.50,-1.5257,-128.7897
28484567,94.50,-170.50,13.7312,-122.7172
28488473,80.50,-116.50,27.8071,-91.7318
28492379,-143.50,-165.50,41.2480,-50.6968
28496285,-249.50,-229.50,57.9201,-34.2002
28500191,-79.50,-214.50,78.6832,-47.0082
28504097,121.50,-139.50,90.6792,-59.2742
28508003,135.50,-106.50,84.7554,-49.9523
28511909,-111.50,-175.50,71.9389,-34.6179
28515815,-262.50,-244.50,62.6379,-39.3531
28519721,-139.50,-261.50,60.4274,-64.8119
28523627,107.50,-180.50,63.3971,-86.4740
28527533,165.50,-132.50,68.9124,-81.4809
28531439,-64.50,-184.50,73.7543,-61.5263
28535345,-270.50,-234.50,68.7492,-52.7321
28539251,-194.50,-249.50,53.4173,-59.0412
28543157,39.50,-198.50,36.0843,-70.5811
28547063,106.50,-157.50,21.0832,-75.3144
28550969,-91.50,-193.50,9.7562,-71.2741
28554875,-297.50,-250.50,4.1205,-68.5499
28558781,-258.50,-267.50,1.4892,-72.8038
28562687,-2.50,-188.50,-1.2253,-75.1714
28566593,113.50,-136.50,-0.3199,-63.7482
28570499,-70.50,-145.50,1.4264,-43.4440
28574405,-282.50,-178.50,0.4788,-23.7199
28578311,-295.50,-253.50,-2.9712,-18.5004
28582217,-48.50,-178.50,-10.7575,-31.7874
28586123,57.50,-115.50,-22.3932,-36.3954
28590029,-47.50,-127.50,-31.7331,-23.6220
28593935,-312.50,-205.50,-32.6684,-15.2999
28597841,-340.50,-214.50,-35.1244,-18.4158
28601747,-96.50,-155.50,-39.8749,-17.8837
28605653,76.50,-107.50,-36.3846,-8.4019
28609559,-22.50,-100.50,-27.9077,1.7999
28613465,-276.50,-165.50,-21.5082,8.0995
28617371,-335.50,-219.50,-21.0053,4.2288
28621277,-140.50,-191.50,-26.1883,-9.9153
28625183,38.50,-143.50,-36.4232,-23.5594
28629089,-46.50,-180.50,-50.0167,-36.8716
28632995,-264.50,-232.50,-56.0061,-54.2313
28636901,-381.50,-302.50,-52.1706,-71.7161
28640807,-216.50,-313.50,-55.3752,-93.8110
28644713,-15.50,-246.50,-70.4487,-117.2382
28648619,-40.50,-217.50,-82.8025,-123.4128
28652525,-266.50,-289.50,-80.6807,-116.2378
28656431,-363.50,-396.50,-64.3668,-124.4628
28660337,-316.50,-440.50,-62.0102,-163.3173
28664243,-146.50,-391.50,-104.6345,-212.7456
28668149,-191.50,-383.50,-171.2098,-244.3947
28672055,-512.50,-512.50,-235.6102,-268.5593
28675961,-697.50,-606.50,-297.2449,-308.9424
28679867,-592.50,-607.50,-343.3729,-351.0541
28683773,-399.50,-570.50,-370.9179,-374.8347
28687679,-397.50,-561.50,-394.7208,-387.0916
28691585,-719.50,-623.50,-432.1189,-398.6575
28695491,-911.50,-687.50,-484.8019,-409.4041
28699397,-866.50,-720.50,-530.3932,-418.9891
28703303,-610.50,-680.50,-554.8971,-431.7494
28707209,-512.50,-644.50,-551.2065,-443.0242
28711115,-690.50,-698.50,-521.8787,-448.2141
28715021,-847.50,-756.50,-481.2039,-450.2575
28718927,-852.50,-800.50,-451.9967,-453.1541
28722833,-591.50,-703.50,-450.2338,-452.5302
28726739,-447.50,-649.50,-447.7027,-436.0055
28730645,-624.50,-691.50,-425.4253,-414.6901
28734551,-829.50,-719.50,-400.8161,-399.8772
28738457,-785.50,-734.50,-379.0125,-381.8556
28742363,-512.50,-659.50,-351.6659,-359.2350
28746269,-373.50,-607.50,-320.5853,-337.1443
28750175,-485.50,-620.50,-292.5187,-320.3942
28754081,-669.50,-672.50,-259.9867,-308.3873
28757987,-655.50,-704.50,-218.2053,-297.8122
28761893,-401.50,-623.50,-177.3344,-284.4941
28765799,-207.50,-531.50,-141.9617,-258.4999
28769705,-282.50,-489.50,-107.3363,-217.4484
28773611,-541.50,-544.50,-78.7048,-173.7887
28777517,-527.50,-163.50,-57.8093,-76.8235
28781423,-278.50,-380.50,-26.8537,63.8800
28785329,-128.50,-380.50,3.7597,95.2381
28789235,-223.50,-367.50,6.8335,26.3184
28793141,-456.50,-436.50,-5.1626,-23.4004
28797047,-470.50,-436.50,1.2827,-34.1930
28800953,-245.50,-381.50,37.1533,-17.4321
28804859,-34.50,-271.50,78.5199,19.6851
28808765,-52.50,-207.50,106.3894,72.5272
28812671,-293.50,-244.50,124.9057,125.1852
28816577,-388.50,-256.50,136.9969,158.7109
28820483,-191.50,-206.50,148.8979,178.8732
28824389,53.50,-137.50,167.7583,198.1409
28828295,66.50,-105.50,191.5274,217.2649
28832201,-152.50,-142.50,215.5166,232.6438
28836107,-303.50,-186.50,230.7752,239.8918
28840013,-180.50,-146.50,229.0094,242.9344
28843919,80.50,-62.50,220.1161,254.4411
28847825,133.50,-43.50,224.8340,272.8268
28851731,-74.50,-107.50,244.7431,279.2617
28855637,-251.50,-141.50,261.7145,270.4061
28859543,-152.50,-134.50,263.6998,261.7096
28863449,110.50,-28.50,258.6425,266.8860
28867355,193.50,32.50,262.4693,292.2219
28871261,-28.50,-18.50,271.8081,319.9211
28875167,-196.50,-64.50,276.6979,328.3247
28879073,-97.50,-77.50,285.7488,321.1281
28882979,179.50,15.50,305.4579,315.3246
28886885,282.50,80.50,327.6664,326.4075
28890791,113.50,75.50,343.4602,350.9912
28894697,-74.50,15.50,355.2537,371.1163
28898603,-45.50,-0.50,364.9156,374.9110
28902509,222.50,64.50,369.7674,368.2837
28906415,346.50,88.50,373.4736,360.4076
28910321,175.50,59.50,372.4403,348.6669
28914227,-44.50,-5.50,364.5915,333.8023
28918133,-70.50,-15.50,353.5553,322.5237
28922039,114.50,46.50,330.0770,319.8320
28925945,272.50,75.50,296.3666,320.3728
28929851,147.50,59.50,273.5603,313.9018
28933757,-122.50,-13.50,261.7452,301.0617
28937663,-225.50,-66.50,236.7699,282.4509
28941569,-48.50,-57.50,189.6322,254.6920
28945475,106.50,-35.50,138.7812,220.2947
28949381,-44.50,-62.50,94.4947,186.2813
28953287,-351.50,-184.50,46.2326,150.4036
28957193,-464.50,-269.50,-7.6628,102.8657
28961099,-302.50,-269.50,-55.8465,49.7466
28965005,-149.50,-249.50,-96.8481,4.2174
28968911,-282.50,-268.50,-143.0339,-30.8091
28972817,-597.50,-386.50,-202.1308,-63.5077
28976723,-701.50,-513.50,-256.8423,-111.5796
28980629,-574.50,-492.50,-290.0166,-169.1347
28984535,-345.50,-460.50,-307.8194,-209.3171
28988441,-335.50,-489.50,-307.0030,-234.1054
28992347,-568.50,-528.50,-285.4085,-252.5842
28996253,-710.50,-549.50,-263.0569,-252.1318
29000159,-566.50,-555.50,-252.9123,-237.9583
29004065,-301.50,-446.50,-245.8327,-223.5472
29007971,-251.50,-382.50,-226.1657,-197.2039
29011877,-512.50,-462.50,-202.8772,-166.8734
29015783,-591.50,-512.50,-181.8438,-156.9230
29019689,-431.50,-477.50,-141.7152,-155.7850
29023595,-213.50,-393.50,-97.7966,-142.9288
29027501,-174.50,-335.50,-84.0393,-118.6951
29031407,-340.50,-377.50,-84.0012,-93.9649
29035313,-484.50,-428.50,-64.2114,-78.0890
29039219,-408.50,-408.50,-31.3259,-67.4119
29043125,-145.50,-314.50,-9.1775,-51.1076
29047031,-67.50,-262.50,0.8020,-27.8697
29050937,-257.50,-288.50,4.2122,-6.8469
29054843,-416.50,-302.50,12.0191,13.6883
29058749,-358.50,-304.50,33.2939,39.3971
29062655,-84.50,-217.50,59.3003,63.3982
29066561,80.50,-146.50,89.4597,85.0203
29070467,-79.50,-148.50,123.4102,108.2663
29074373,-288.50,-200.50,147.5532,130.0488
29078279,-239.50,-194.50,164.0163,147.9421
29082185,31.50,-114.50,186.3125,165.5797
29086091,158.50,-46.50,208.0079,184.7373
29089997,65.50,-21.50,221.0669,206.1873
29093903,-158.50,-69.50,235.7728,231.3870
29097809,-161.50,272.50,253.1038,311.2375
29101715,82.50,116.50,268.2249,435.4405
29105621,257.50,112.50,280.8170,465.1890
29109527,163.50,119.50,288.8114,402.5328
29113433,-64.50,64.50,295.0186,355.8713
29117339,-96.50,35.50,304.4639,341.3065
29121245,151.50,98.50,322.2214,340.8281
29125151,341.50,176.50,343.6461,352.1708
29129057,293.50,207.50,357.9330,375.0142
29132963,54.50,155.50,366.3411,397.9224
29136869,-40.50,111.50,369.0017,404.4133
29140775,158.50,129.50,365.8835,391.2616
29144681,347.50,176.50,359.2969,370.5729
29148587,328.50,208.50,349.9862,358.6967
29152493,68.50,128.50,341.8622,355.7513
29156399,-38.50,85.50,334.7891,345.8265
29160305,85.50,101.50,324.6412,328.6318
29164211,309.50,140.50,307.1389,311.4026
29168117,310.50,157.50,289.7697,296.2874
29172023,57.50,73.50,277.6372,280.5964
29175929,-101.50,7.50,263.4525,256.0113
29179835,-12.50,-2.50,242.4380,224.5902
29183741,217.50,70.50,215.3803,200.2640
29187647,272.50,127.50,196.6430,198.2460
29191553,38.50,87.50,192.3182,214.2794
29195459,-133.50,48.50,190.0525,228.5193
29199365,-45.50,37.50,185.3405,230.7104
29203271,207.50,101.50,181.1380,223.1408
29207177,257.50,163.50,176.1537,220.5377
29211083,48.50,119.50,165.1640,227.6629
29214989,-144.50,54.50,152.2106,229.0337
29218895,-82.50,29.50,146.1114,216.4242
29222801,177.50,106.50,147.5426,201.1395
29226707,304.50,153.50,157.0426,197.8897
29230613,133.50,131.50,171.0918,203.4972
29234519,-81.50,66.50,180.2676,205.9384
29238425,-68.50,28.50,179.7095,197.4605
29242331,166.50,74.50,170.8246,179.2244
29246237,274.50,97.50,156.0648,158.8671
29250143,128.50,81.50,138.5163,140.9373
29254049,-115.50,-8.50,124.0975,124.8454
29257955,-128.50,-60.50,113.9464,102.8835
29261861,110.50,10.50,108.6913,81.6618
29265767,240.50,64.50,104.2602,76.8772
29269673,124.50,46.50,92.6622,80.3612
29273579,-122.50,-37.50,79.7071,75.0416
29277485,-169.50,-72.50,71.3850,59.7961
29281391,5.50,-59.50,60.3944,41.3115
29285297,195.50,15.50,43.1639,26.4041
29289203,122.50,16.50,32.0156,22.5366
29293109,-132.50,-28.50,30.8043,28.0107
29297015,-228.50,-69.50,26.7212,34.9675
29300921,-0.50,-28.50,22.9060,39.4105
29304827,197.50,48.50,29.0754,44.4052
29308733,150.50,67.50,35.4741,53.2560
29312639,-104.50,-11.50,33.4873,57.4466
29316545,-215.50,-64.50,26.4427,48.9567
29320451,-52.50,-65.50,20.0441,31.8443
29324357,157.50,-1.50,13.8877,13.9555
29328267,170.50,39.50,9.9590,6.5965
29332173,-68.50,-28.50,13.9819,9.8408
29336079,-221.50,-86.50,17.5511,9.1922
29339985,-111.50,-108.50,9.5185,-3.0937
29343891,97.50,-46.50,-11.3484,-23.2432
29347797,84.50,-15.50,-41.0064,-38.3134
29351703,-140.50,-77.50,-70.0281,-45.4757
29355609,-303.50,-135.50,-85.5445,-52.2454
29359515,-213.50,-133.50,-88.3750,-57.6730
29363421,43.50,-78.50,-87.6621,-60.9115
29367327,97.50,-28.50,-84.3578,-62.1790
29371233,-128.50,-78.50,-84.7603,-61.6839
29375139,-265.50,-132.50,-84.1413,-62.4650
29379045,-223.50,-138.50,-73.6421,-62.7100
29382951,50.50,-77.50,-63.6252,-61.1486
29386857,141.50,-45.50,-54.9570,-61.7851
29390763,-52.50,-62.50,-49.0830,-64.5885
29394669,-255.50,-102.50,-50.2580,-60.5931
29398575,-233.50,-116.50,-53.7653,-48.2690
29402481,47.50,-47.50,-52.3752,-36.0531
29406387,155.50,13.50,-42.3005,-25.4001
29410293,-12.50,-0.50,-37.1387,-15.7672
29414199,-239.50,-88.50,-42.4951,-13.9461
29418105,-248.50,179.50,-49.9482,25.0368
29422011,-6.50,16.50,-54.9903,101.1945
29425917,152.50,-13.50,-53.6217,97.0638
29429823,27.50,-42.50,-47.4034,13.7862
29433729,-219.50,-111.50,-43.4733,-51.4879
29437635,-266.50,-161.50,-47.0155,-81.7629
29441541,-40.50,-143.50,-54.3104,-99.7480
29445447,141.50,-86.50,-56.7036,-112.5737
29449353,74.50,-60.50,-49.6074,-109.9088
29453259,-160.50,-127.50,-33.8082,-95.5716
29457165,-260.50,-185.50,-23.9970,-92.6285
29461071,-79.50,-144.50,-33.4767,-104.1921
29464977,119.50,-94.50,-52.0211,-112.4836
29468883,50.50,-79.50,-65.7290,-111.0724
29472789,-232.50,-154.50,-79.3460,-108.6421
29476695,-352.50,-210.50,-100.4995,-116.5803
29480601,-174.50,-200.50,-119.3199,-133.4863
29484507,59.50,-137.50,-123.5118,-146.7106
29488413,42.50,-100.50,-115.3221,-145.0089
29492319,-228.50,-160.50,-110.2045,-133.1250
29496225,-325.50,-207.50,-111.0321,-126.9584
29500131,-109.50,-157.50,-92.5615,-122.7659
29504037,147.50,-49.50,-49.6026,-101.9776
29507943,56.50,-67.50,-29.0006,-75.1397
29511849,-216.50,-152.50,-63.5586,-75.8391
29515755,-360.50,-206.50,-113.1825,-101.9863
29519661,-245.50,-204.50,-133.9140,-124.9522
29523567,-15.50,-132.50,-136.1764,-132.7497
29527473,23.50,-110.50,-139.0375,-129.3663
29531379,-177.50,-157.50,-139.3801,-125.6041
29535285,-373.50,-225.50,-133.8397,-128.4457
29539191,-326.50,-209.50,-136.8584,-133.1026
29543097,-64.50,-132.50,-152.2350,-129.0687
29547003,13.50,-76.50,-161.4840,-113.3715
29550909,-164.50,-85.50,-156.5571,-90.7861
29554815,-318.50,-128.50,-135.2121,-66.7629
29558721,-252.50,-129.50,-100.1396,-47.9563
29562627,24.50,-48.50,-66.7525,-34.4394
29566533,144.50,-4.50,-42.0116,-21.8272
29570439,-14.50,-16.50,-25.3439,-11.0934
29574345,-239.50,-84.50,-15.8291,-4.4386
29578251,-239.50,-129.50,-15.0260,-8.4105
29582157,15.50,-82.50,-20.1179,-24.1391
29586063,147.50,-53.50,-22.7413,-41.7534
29589969,14.50,-60.50,-22.4376,-53.7867
29593875,-225.50,-122.50,-20.4574,-56.6109
29597781,-249.50,-152.50,-19.1832,-54.9476
29601687,-30.50,-97.50,-22.3342,-53.6022
29605593,134.50,-45.50,-28.8294,-50.9916
29609499,48.50,-40.50,-30.8014,-46.6755
29613405,-192.50,-112.50,-22.4822,-42.8980
29617311,-252.50,-158.50,-12.8404,-45.7391
29621217,-48.50,-111.50,-11.1245,-52.8852
29625123,142.50,-52.50,-15.3297,-55.1930
29629029,54.50,-54.50,-22.1841,-53.7518
29632935,-202.50,-122.50,-31.3483,-54.9909
29636841,-303.50,-184.50,-41.9462,-63.0593
29640747,-132.50,-160.50,-53.4486,-76.6213
29644653,81.50,-95.50,-64.2646,-87.0425
29648559,71.50,-76.50,-65.2364,-88.0388
29652465,-204.50,-138.50,-58.6298,-83.8610
29656371,-334.50,-196.50,-61.2836,-83.4945
29660277,-189.50,-201.50,-73.5179,-92.3887
29664183,48.50,-138.50,-83.8872,-107.0928
29668089,74.50,-102.50,-81.9759,-114.4520
29671995,-191.50,-148.50,-72.8263,-109.1658
29675901,-358.50,-194.50,-75.1877,-99.0635
29679807,-236.50,-200.50,-87.8499,-93.4116
29683713,16.50,-134.50,-96.2508,-95.4298
29687619,75.50,-80.50,-91.6044,-94.8127
29691525,-152.50,-132.50,-78.3700,-86.8596
29695431,-313.50,-193.50,-66.1697,-81.9618
29699337,-225.50,-206.50,-56.7202,-84.8844
29703243,16.50,-133.50,-53.8209,-89.6168
29707149,85.50,-89.50,-57.9183,-88.3496
29711055,-126.50,-133.50,-64.0890,-84.2261
29714961,-335.50,-202.50,-70.5598,-85.1972
29718867,-273.50,-202.50,-74.7516,-88.0140
29722773,-16.50,-132.50,-73.8023,-84.6571
29726679,111.50,-69.50,-65.0716,-73.4824
29730585,-43.50,-85.50,-47.5082,-58.6995
29734491,-278.50,-116.50,-30.0915,-41.0607
29738397,-273.50,77.50,-26.9054,13.2840
29742303,-41.50,-80.50,-38.3234,78.8763
29746209,95.50,-92.50,-51.7545,57.3106
29750115,-58.50,-123.50,-59.5738,-25.1360
29754021,-303.50,-204.50,-63.8058,-83.1543
29757927,-344.50,-262.50,-71.3649,-113.4390
29761833,-122.50,-187.50,-85.2330,-128.1105
29765739,39.50,-143.50,-98.5361,-124.4813
29769645,-68.50,-148.50,-104.0231,-113.0222
29773551,-290.50,-233.50,-97.5358,-110.1121
29777457,-318.50,-264.50,-78.6911,-119.3348
29781363,-106.50,-202.50,-57.5984,-125.9448
29785269,81.50,-134.50,-46.7059,-116.5519
29789175,11.50,-112.50,-44.3694,-95.9085
29793081,-216.50,-168.50,-38.4969,-75.1984
29796987,-288.50,-173.50,-24.8936,-58.7315
29800893,-108.50,-148.50,-12.8145,-44.9590
29804799,48.50,-157.50,-19.3394,-48.5880
29808705,26.50,-126.50,-40.8751,-71.2556
29812611,-232.50,-175.50,-54.2895,-84.0330
29816517,-320.50,-178.50,-53.1652,-74.6359
29820423,-148.50,-173.50,-41.2416,-56.8737
29824329,77.50,-111.50,-27.2524,-47.3521
29828235,61.50,-79.50,-21.2873,-42.7694
29832141,-191.50,-165.50,-25.2630,-41.2089
29836047,-360.50,-221.50,-39.1005,-53.3007
29839953,-218.50,-225.50,-55.1142,-73.3949
29843859,63.50,-146.50,-55.0201,-85.3794
29847765,83.50,-99.50,-36.4425,-78.0856
29851671,-154.50,-152.50,-22.7009,-60.7001
29855577,-330.50,-209.50,-24.5803,-52.9876
29859483,-239.50,-196.50,-33.3122,-54.7803
29863389,33.50,-125.50,-37.9841,-53.2548
29867295,91.50,-99.50,-32.5563,-46.3550
29871201,-124.50,-159.50,-26.4541,-45.5567
29875107,-303.50,-220.50,-24.0698,-55.7105
29879013,-272.50,-242.50,-25.0844,-70.0085
29882919,-18.50,-207.50,-34.8396,-85.9163
29886825,90.50,-156.50,-42.1498,-98.3479
29890731,-101.50,-164.50,-39.7869,-96.1432
29894637,-312.50,-219.50,-35.7893,-81.8135
29898543,-302.50,-256.50,-36.2431,-73.5151
29902449,-53.50,-193.50,-42.6226,-77.0444
29906355,80.50,-138.50,-46.9459,-78.1081
29910261,-62.50,-150.50,-42.8886,-70.4986
29914167,-272.50,-205.50,-30.2413,-60.7031
29918073,-286.50,-221.50,-15.4683,-52.9779
29921979,-63.50,-176.50,-11.0898,-47.9217
29925885,66.50,-129.50,-21.3575,-45.9450
29929791,-52.50,-111.50,-37.7299,-41.8493
29933697,-292.50,-189.50,-46.4920,-34.0530
29937603,-349.50,-240.50,-48.4751,-35.7413
29941509,-120.50,-192.50,-50.5002,-46.6051
29945415,50.50,-148.50,-51.4004,-53.7159
29949321,-37.50,-122.50,-52.4605,-52.3708
29953227,-260.50,-181.50,-49.3534,-43.0178
29957133,-332.50,-219.50,-38.2644,-34.1935
29961039,-114.50,-158.50,-24.2983,-26.3965
29964945,89.50,-103.50,-11.3585,-14.2256
29968851,10.50,-81.50,-7.5127,-2.9254
29972757,-248.50,-156.50,-17.6477,1.1295
29976663,-385.50,-217.50,-36.8169,-6.5494
29980569,-218.50,-208.50,-57.8027,-22.7362
29984475,7.50,-139.50,-70.9804,-35.6189
29988381,16.50,-95.50,-68.0239,-34.0309
29992287,-212.50,-152.50,-50.6337,-21.2872
29996193,-335.50,-216.50,-30.0403,-14.6277
30000099,-195.50,-205.50,-15.6280,-19.1376
30004005,42.50,-134.50,-10.3050,-24.0389
30007911,68.50,-104.50,-8.8045,-22.4242
30011817,-155.50,-171.50,-4.8930,-21.7798
30015723,-315.50,-224.50,0.8385,-28.0142
30019629,-230.50,-234.50,1.6827,-35.8935
30023535,13.50,-152.50,-6.6806,-39.0285
30027441,61.50,-143.50,-16.2911,-38.4835
30031347,-148.50,-176.50,-20.9731,-41.6637
30035253,-318.50,-193.50,-18.6113,-38.6701
30039159,-286.50,-228.50,-16.5147,-25.8442
30043065,-79.50,-210.50,-33.3163,-28.6549
30046971,17.50,-162.50,-60.6189,-49.3437
30050877,-149.50,-148.50,-70.9526,-56.7984
30054783,-367.50,-207.50,-63.4950,-40.9113
30058689,-335.50,43.50,-57.1879,20.5579
30062595,-89.50,-93.50,-57.4394,106.6773
30066501,41.50,-102.50,-55.4941,112.7072
30070407,-114.50,-147.50,-48.6036,45.4724
30074313,-324.50,-199.50,-39.3854,-8.7433
30078219,-320.50,-253.50,-29.4637,-34.6275
30082125,-82.50,-177.50,-21.6911,-44.5623
30086031,57.50,-131.50,-18.2918,-38.3964
30089937,-66.50,-136.50,-18.8460,-23.6123
30093843,-276.50,-207.50,-15.0875,-15.8016
30097749,-310.50,-229.50,-3.6166,-19.3219
30101655,-111.50,-176.50,2.4919,-23.5840
30105561,73.50,-102.50,-0.8415,-15.5604
30109467,-12.50,-95.50,-1.4662,3.6644
30113373,-270.50,-162.50,1.3124,19.1412
30117279,-317.50,-205.50,2.1936,18.6374
30121185,-111.50,-153.50,7.1187,11.1946
30125091,83.50,-133.50,15.4190,5.9450
30128997,27.50,-127.50,20.6852,-1.8650
30132903,-239.50,-204.50,19.4070,-12.7438
30136809,-336.50,-225.50,10.5124,-22.0463
30140715,-178.50,-204.50,-0.3720,-24.8933
30144621,33.50,-101.50,-10.1233,-15.5939
30148527,21.50,-79.50,-14.3601,7.6895
30152433,-207.50,-150.50,-8.5011,27.1567
30156339,-318.50,-213.50,3.9699,24.2150
30160245,-191.50,-207.50,13.8603,5.7807
30164151,48.50,-122.50,14.9399,-7.0307
30168057,70.50,-65.50,15.9435,3.1174
30171963,-172.50,-118.50,19.5280,27.3002
30175869,-305.50,-176.50,21.6237,40.7652
30179775,-190.50,-197.50,27.1124,33.8436
30183681,36.50,-122.50,31.3396,18.0369
30187587,61.50,-86.50,25.4671,12.0736
30191493,-170.50,-148.50,9.8720,13.2741
30195399,-328.50,-221.50,-3.6973,6.0931
30199305,-217.50,-232.50,0.9094,-9.0466
30203211,27.50,-138.50,19.3357,-16.2311
30207117,114.50,-80.50,35.7555,-3.5479
30211023,-94.50,-121.50,42.1630,16.0940
30214929,-288.50,-188.50,39.2632,23.8198
30218835,-252.50,-207.50,33.1110,18.9989
30222741,-3.50,-133.50,27.3526,13.2267
30226647,105.50,-72.50,25.7213,17.4680
30230553,-68.50,-108.50,26.7167,26.7310
30234459,-305.50,-174.50,22.6943,29.3208
30238365,-293.50,-208.50,12.6556,23.7920
30242271,-37.50,-160.50,6.9713,13.9483
30246177,80.50,-111.50,8.8930,4.9102
30250083,-76.50,-176.50,5.1764,-8.0909
30253989,-305.50,-192.50,-5.2343,-21.6578
30257895,-321.50,-215.50,-10.9334,-17.2102
30261801,-73.50,-161.50,-6.5244,-1.2810
30265707,117.50,-109.50,9.6383,8.8061
30269613,53.50,-105.50,37.4217,12.7330
30273519,-174.50,-171.50,70.5037,15.4226
30277425,-218.50,-214.50,95.5432,15.2511
30281331,21.50,-170.50,111.8768,11.6425
30285237,181.50,-78.50,121.6677,14.9465
30289143,87.50,-61.50,114.6637,31.1358
30293049,-182.50,-143.50,92.6142,45.6692
30296955,-282.50,-191.50,67.4758,44.3419
30300861,-138.50,-166.50,41.9438,33.8811
30304767,71.50,-93.50,16.6824,26.5154
30308673,48.50,-94.50,4.2145,23.9807
30312579,-191.50,-148.50,9.1273,21.6432
30316485,-336.50,-185.50,13.4859,21.9495
30320391,-195.50,-183.50,3.5064,23.9246
30324297,39.50,-111.50,-11.5159,21.0602
30328203,48.50,-90.50,-15.4751,17.5936
30332109,-210.50,-152.50,-13.0262,15.4732
30336015,-341.50,-215.50,-14.2611,10.2832
30339921,-217.50,-210.50,-14.0132,2.4627
30343827,15.50,-144.50,-12.7092,-4.4195
30347733,45.50,-97.50,-14.6624,-4.7863
30351639,-164.50,-141.50,-15.7604,2.2811
30355545,-360.50,-202.50,-16.5197,9.2523
30359451,-269.50,-196.50,-22.4150,12.2096
30363357,-18.50,-131.50,-29.0163,13.5304
30367267,48.50,-93.50,-29.4426,14.3021
30371173,-127.50,-131.50,-22.8604,13.9935
30375079,-297.50,464.50,-6.4292,121.2625
30378985,-270.50,166.50,9.0628,345.5833
30382891,-20.50,-92.50,8.5258,401.6980
30386797,70.50,-175.50,0.1135,213.7285
30390703,-116.50,-237.50,-8.3559,1.8997
30394609,-317.50,-288.50,-14.2167,-112.4400
30398515,-312.50,-302.50,-15.6297,-143.0559
30402421,-66.50,-239.50,-17.7025,-129.9611
30406327,76.50,-186.50,-16.6652,-97.0645
30410233,-60.50,-191.50,-8.4723,-65.8791
30414139,-300.50,-239.50,-0.5085,-53.9990
30418045,-303.50,-283.50,1.9536,-63.4997
30421951,-64.50,-229.50,4.6299,-76.4261
30425857,89.50,-173.50,10.0043,-69.9300
30429763,-31.50,-174.50,11.5581,-49.6140
30433669,-268.50,592.50,9.2209,95.2608
30437575,-309.50,-62.50,8.5142,325.4427
30441481,-92.50,-195.50,11.3887,316.2943
30445387,94.50,-190.50,16.0944,109.3719
30449293,-2.50,-176.50,17.4938,-32.4984
30453199,-258.50,-244.50,11.3269,-85.6741
30457105,-354.50,-290.50,-1.3132,-109.6695
30461011,-170.50,-254.50,-15.5944,-114.0442
30464917,26.50,-202.50,-27.1064,-87.2543
30468823,-0.50,-170.50,-30.5366,-52.2339
30472729,-250.50,-238.50,-24.8634,-46.1513
30476635,-354.50,-277.50,-18.2102,-73.2419
30480541,-196.50,-245.50,-15.3087,-91.3321
30484447,26.50,-180.50,-16.0762,-69.6909
30488353,-14.50,-116.50,-22.7413,-25.6544
30492259,-175.50,-127.50,-22.7670,8.2832
30496165,-303.50,-222.50,0.7700,8.5614
30500071,-240.50,-345.50,18.0306,-35.5305
30503977,-49.50,-285.50,-6.2514,-94.1599
30507883,43.50,-194.50,-36.7306,-110.6487
30511789,-184.50,-239.50,-33.1692,-92.0644
30515695,-351.50,-319.50,-16.6379,-92.9339
30519601,-266.50,-348.50,-12.1758,-116.7215
30523507,-47.50,-286.50,-20.6698,-125.7631
30527413,26.50,-208.50,-31.8238,-104.2880
30531319,-173.50,-257.50,-34.3643,-82.2659
30535225,-349.50,134.50,-29.1869,-17.3495
30539131,-284.50,-226.50,-21.1007,92.1954
30543037,-21.50,-240.50,-11.0127,97.6463
30546943,65.50,-202.50,0.5027,15.8968
30550849,-143.50,-244.50,1.5359,-46.0333
30554755,-329.50,-303.50,-8.4381,-91.4281
30558661,-268.50,-316.50,-6.9710,-119.2932
30562567,-14.50,-239.50,12.4268,-104.9239
30566473,80.50,-191.50,29.3457,-56.7432
30570379,-85.50,-210.50,26.3311,-25.2697
30574285,-312.50,-284.50,11.3317,-41.2334
30578191,-315.50,-309.50,-0.2846,-77.7139
30582097,-92.50,-240.50,-5.7029,-83.3666
30586003,74.50,-187.50,-4.6489,-48.3578
30589909,-48.50,-188.50,2.7031,-16.1780
30593815,-312.50,-258.50,4.7904,-21.4104
30597721,-352.50,-272.50,-6.2216,-46.4517
30601627,-126.50,-214.50,-17.0121,-46.1148
30605533,43.50,-122.50,-17.7712,-5.8743
30609439,-48.50,-177.50,-15.4722,29.7209
30613345,-265.50,-239.50,-10.8212,14.6682
30617251,-326.50,-281.50,0.4039,-27.7284
30621157,-144.50,-192.50,9.9653,-37.9394
30625063,47.50,-146.50,9.2594,-2.2160
30628969,-0.50,-136.50,4.8438,33.6684
30632875,-250.50,-200.50,3.3939,33.4804
30636781,-361.50,-271.50,-0.0838,4.3984
30640687,-166.50,-225.50,-2.5652,-18.7715
30644593,71.50,-163.50,7.2579,-9.1007
30648499,48.50,-138.50,24.6936,15.6821
30652405,-208.50,-175.50,32.1425,25.9962
30656311,-333.50,-214.50,26.1406,21.1643
30660217,-192.50,-231.50,19.3121,14.4922
30664123,66.50,-160.50,21.4949,15.4146
30668029,80.50,-101.50,33.1942,30.1682
30671935,-169.50,-152.50,40.2867,45.0170
30675841,-321.50,-208.50,35.0686,40.7827
30679747,-197.50,-207.50,30.9403,29.3425
30683653,34.50,-155.50,32.5549,30.0262
30687559,77.50,-93.50,32.1935,43.2817
30691465,-126.50,-143.50,30.0421,53.0514
30695371,-313.50,-207.50,29.9947,43.7264
30699277,-224.50,-47.50,31.8184,54.8428
30703183,23.50,-92.50,35.0774,105.6097
30707089,89.50,-80.50,36.4035,127.5438
30710995,-111.50,-141.50,30.4378,96.2301
30714901,-306.50,-207.50,22.5436,48.9093
30718807,-259.50,-214.50,20.9103,16.2545
30722713,-13.50,-165.50,23.3407,11.7209
30726619,109.50,-82.50,27.8376,30.4205
30730525,-79.50,-96.50,30.1421,56.6007
30734431,-290.50,-176.50,26.3262,65.1600
30738337,-270.50,-232.50,24.6326,46.1889
30742243,-36.50,-156.50,27.9440,25.5269
30746149,68.50,-118.50,24.5288,26.6566
30750055,-63.50,-114.50,10.6970,36.6916
30753961,-293.50,-204.50,0.6787,34.4750
30757867,-319.50,-237.50,-0.3804,17.4533
30761773,-78.50,-166.50,2.9878,8.6272
30765679,82.50,-85.50,9.3098,26.7331
30769585,-16.50,-79.50,14.3514,55.2575
30773491,-250.50,-136.50,18.5789,69.7506
30777397,-314.50,-191.50,21.8409,65.2381
30781303,-89.50,-156.50,23.8983,54.3160
30785209,93.50,-74.50,27.8258,54.7653
30789115,16.50,-62.50,29.3106,67.4917
30793021,-239.50,-143.50,24.6888,71.6689
30796927,-305.50,-205.50,20.6642,56.0088
30800833,-42.50,-146.50,37.4110,41.9851
30804739,176.50,-36.50,77.6280,57.1704
30808645,82.50,-47.50,101.7974,86.5433
30812551,-246.50,-153.50,75.4504,86.2271
30816457,-366.50,-171.50,18.3399,59.2612
30820363,-224.50,-188.50,-25.5394,40.3959
30824269,16.50,-128.50,-42.9553,31.2521
30828175,19.50,-68.50,-40.7798,30.4568
30832081,-260.50,-161.50,-36.3603,33.7855
30835987,-426.50,-228.50,-48.1826,21.9644
30839893,-286.50,-236.50,-66.2427,0.7876
30843799,-41.50,-151.50,-73.9792,-9.6165
30847705,-0.50,-121.50,-70.4146,-5.4611
30851611,-227.50,-169.50,-61.5967,-1.0057
30855517,-408.50,-242.50,-55.1568,-6.3790
30859423,-303.50,-233.50,-53.2673,-13.6012
30863329,-30.50,-165.50,-49.2169,-11.9512
30867235,49.50,-112.50,-36.8133,-2.5002
30871141,-156.50,-161.50,-21.4961,3.5720
30875047,-374.50,-234.50,-14.6317,-1.5791
30878953,-319.50,-259.50,-20.2746,-13.5605
30882859,-63.50,-188.50,-30.6375,-21.3923
30886765,66.50,-113.50,-30.9390,-15.7124
30890671,-116.50,-132.50,-18.2422,-0.0884
30894577,-317.50,-192.50,-1.9433,12.8861
30898483,-269.50,-207.50,15.2983,20.4234
30902389,-18.50,-140.50,31.2575,28.1726
30906295,97.50,-84.50,37.0395,37.0038
30910201,-64.50,-97.50,30.2257,41.7330
30914107,-291.50,-171.50,22.2181,40.0971
30918013,-302.50,-213.50,21.0929,33.4004
30921919,-62.50,-147.50,22.4432,28.7770
30925825,111.50,-101.50,25.2557,30.1329
30929731,-10.50,-80.50,31.1453,33.5469
30933637,-218.50,-126.50,43.0847,42.8716
30937543,-272.50,-178.50,59.5830,54.7474
30941449,-56.50,-170.50,67.2032,53.2353
30945355,140.50,-109.50,65.2191,37.5932
30949261,48.50,-88.50,63.7558,25.1359
30953167,-218.50,-162.50,61.1167,22.2909
30957073,-306.50,-207.50,52.2625,20.7954
30960979,-132.50,-182.50,37.4179,18.9886
30964885,64.50,-132.50,18.6197,15.7368
30968791,27.50,-123.50,5.4642,7.0518
30972697,-207.50,-197.50,8.1201,-6.2314
30976603,-335.50,-254.50,17.2599,-20.1911
30980509,-191.50,-240.50,14.0910,-29.4095
30984415,16.50,-181.50,-4.7824,-33.7768
30988321,16.50,-136.50,-22.8295,-33.7707
30992227,-228.50,-203.50,-27.0549,-30.9461
30996133,-361.50,-250.50,-22.3174,-30.3510
31000039,-212.50,-220.50,-14.4294,-25.5532
31003945,27.50,-158.50,-6.6398,-13.8901
31007851,57.50,-111.50,-1.1387,-3.9047
31011757,-176.50,-170.50,2.3346,-0.5127
31015663,-328.50,-44.50,5.6684,26.3758
31019569,-197.50,16.50,15.6180,108.9787
31023475,58.50,-70.50,31.7254,173.5769
31027381,101.50,-58.50,42.3221,147.2195
31031287,-120.50,-111.50,39.7173,82.3816
31035193,-303.50,-174.50,31.9043,39.2869
31039099,-226.50,-189.50,30.0537,20.9187
31043005,65.50,-104.50,39.1470,20.8665
31046911,163.50,-21.50,59.3081,41.5856
31050817,-40.50,-56.50,75.1272,70.7183
31054723,-211.50,-113.50,82.9346,84.9236
31058629,-178.50,-143.50,94.0425,80.9733
31062535,36.50,-82.50,96.2254,71.6401
31066441,143.50,-37.50,79.4239,67.8501
31070347,-27.50,-50.50,57.6637,69.0740
31074253,-264.50,-133.50,42.8082,66.5223
31078159,-271.50,-164.50,33.2653,55.1630
31082065,-46.50,-118.50,23.2671,42.4838
31085971,106.50,-73.50,13.7278,35.6906
31089877,-18.50,-79.50,10.4416,32.5220
31093783,-265.50,-172.50,12.6280,25.5685
31097689,-292.50,-205.50,14.4142,10.6891
31101595,-72.50,-141.50,14.4314,1.8019
31105501,110.50,-106.50,14.3237,4.5968
31109407,16.50,-102.50,16.1341,5.5679
31113313,-249.50,-168.50,16.7154,1.7425
31117219,-305.50,-208.50,13.0084,-3.1545
31121125,-105.50,-178.50,10.3001,-7.4936
31125031,107.50,-111.50,11.6174,-8.5146
31128937,38.50,-79.50,15.0777,-2.0886
31132843,-218.50,-144.50,15.8400,8.6960
31136749,-332.50,-190.50,9.7329,13.0962
31140655,-169.50,-153.50,-2.6675,13.1359
31144561,51.50,-79.50,-16.3156,18.3259
31148467,48.50,-57.50,-19.8772,27.7592
31152373,-206.50,-144.50,-12.1731,28.6772
31156279,-316.50,-198.50,-2.8550,14.9678
31160185,-170.50,-185.50,5.3977,-0.1838
31164091,46.50,-112.50,6.4690,-5.3586
31167997,49.50,-74.50,-2.8973,-0.3953
31171903,-192.50,-144.50,-14.4761,4.7076
31175809,-356.50,-202.50,-23.1241,0.1478
31179715,-239.50,-193.50,-28.2426,-7.3066
31183621,16.50,-134.50,-28.8863,-10.5913
31187527,73.50,-86.50,-22.6289,-9.7207
31191433,-137.50,-128.50,-11.6804,-5.3680
31195339,-308.50,-197.50,-0.2488,-3.1340
31199245,-239.50,-217.50,6.9843,-8.5863
31203151,-0.50,-127.50,3.4054,-14.1324
31207057,74.50,-93.50,-6.9352,-10.7501
31210963,-149.50,-127.50,-19.4104,-6.5050
31214869,-365.50,-185.50,-35.2067,-6.1362
31218775,-292.50,-168.50,-44.3933,-0.1178
31222681,-32.50,-127.50,-37.8999,10.9642
31226587,98.50,-78.50,-21.2874,14.7580
31230493,-68.50,-90.50,-4.3094,13.2153
31234399,-282.50,-143.50,8.2070,16.9742
31238305,-278.50,-180.50,14.2793,22.1533
31242211,-17.50,-113.50,15.9502,23.0195
31246117,122.50,-84.50,19.3543,20.3491
31250023,-6.50,-111.50,24.9454,10.3084
31253929,-237.50,-186.50,32.3277,-5.1494
31257835,-262.50,-223.50,39.1599,-18.5011
31261741,-38.50,-156.50,39.9523,-23.2260
31265647,144.50,-94.50,38.1731,-16.4934
31269553,48.50,-88.50,41.8483,-5.3984
31273459,-196.50,-149.50,50.5019,3.7438
31277365,-261.50,-191.50,55.4310,8.0708
31281271,-66.50,-143.50,50.7991,8.7069
31285177,94.50,-92.50,34.6230,8.3474
31289083,9.50,-93.50,10.6051,4.5315
31292989,-254.50,-175.50,-10.9063,-4.9118
31296895,-348.50,-223.50,-24.8866,-17.7980
31300801,-160.50,-190.50,-31.1964,-26.9489
31304707,48.50,-117.50,-32.6224,-27.5382
31308613,18.50,-90.50,-32.1847,-20.6592
31312519,-233.50,-160.50,-30.3673,-13.1605
31316425,-358.50,-205.50,-30.3316,-11.4500
31320331,-214.50,-176.50,-34.9035,-10.7832
31324237,-4.50,-101.50,-46.2754,-6.0277
31328143,-5.50,-66.50,-60.3785,2.0802
31332049,-240.50,-166.50,-67.7365,2.6761
31335955,-390.50,112.50,-67.2741,42.6200
31339861,-258.50,-16.50,-63.4364,142.3327
31343767,10.50,-81.50,-55.0439,173.2709
31347673,61.50,-92.50,-38.2980,96.4148
31351579,-173.50,-155.50,-22.4551,10.8071
31355485,-325.50,-201.50,-14.2697,-33.5940
31359391,-224.50,-209.50,-5.4623,-45.1080
31363297,-3.50,-140.50,-1.0519,-42.4225
31367203,45.50,-93.50,-11.8004,-31.1041
31371109,-186.50,-143.50,-33.9498,-19.3876
31375015,-357.50,-201.50,-51.3455,-19.8502
31378921,-285.50,-233.50,-49.1775,-32.8904
31382827,-28.50,-165.50,-34.6747,-47.3705
31386733,79.50,-124.50,-20.8264,-49.9072
31390639,-114.50,-161.50,-14.0432,-45.2066
31394545,-319.50,-230.50,-14.1414,-47.4772
31398451,-239.50,-238.50,-4.8504,-55.6848
31402357,61.50,-120.50,28.5215,-48.8566
31406266,109.50,-81.50,58.1908,-19.8455
31410172,-86.50,-109.50,42.6219,3.3822
31414078,-309.50,-156.50,2.6159,7.9085
31417984,-298.50,-149.50,-17.0754,11.3046
31421890,-62.50,-79.50,-13.6716,25.8316
31425796,114.50,-13.50,-1.8353,47.7271
31429702,16.50,11.50,16.0828,72.1534
31433608,-226.50,-52.50,36.7360,94.3033
31437514,-296.50,-108.50,43.2876,99.0899
31441420,-79.50,-92.50,30.4694,80.8646
31445326,91.50,-50.50,13.2975,54.2957
31449232,16.50,-50.50,4.9487,35.7257
31453138,-210.50,-100.50,11.5137,30.5679
31457044,-293.50,-157.50,25.0093,29.7114
31460950,-104.50,-114.50,29.3056,25.3227
31464856,84.50,-79.50,21.0785,19.3498
31468762,18.50,-64.50,7.0614,12.9419
31472668,-224.50,-143.50,-3.9308,5.2243
31476574,-321.50,-192.50,-5.9025,-6.6076
31480480,-175.50,-188.50,-5.5723,-21.6883
31484386,69.50,-123.50,-8.6219,-33.9394
31488292,74.50,-84.50,-2.9438,-34.3076
31492198,-163.50,-143.50,13.3398,-24.6837
31496104,-313.50,-188.50,23.3715,-18.5626
31500010,-165.50,-169.50,22.0658,-17.3045
31503916,80.50,-100.50,19.9789,-14.3753
31507822,95.50,-62.50,22.4928,-6.8862
31511728,-152.50,-142.50,21.8209,-3.5904
31515634,-333.50,-207.50,11.4085,-15.3849
31519540,-233.50,-201.50,-4.1543,-32.3936
31523446,10.50,-111.50,-17.0963,-36.0543
31527352,64.50,-93.50,-22.9714,-26.7817
31531258,-143.50,-140.50,-22.3818,-22.1496
31535164,-354.50,-200.50,-22.3486,-27.0028
31539070,-267.50,-207.50,-26.2305,-33.2930
31542976,-26.50,-116.50,-29.5023,-32.3039
31546882,51.50,-79.50,-32.7072,-21.0531
31550788,-136.50,-104.50,-37.4949,-9.6761
31554694,-346.50,-175.50,-39.5197,-5.6427
31558600,-303.50,-202.50,-37.7800,-10.5073
31562506,-49.50,-121.50,-34.1261,-16.8971
31566412,70.50,-72.50,-29.2057,-13.5853
31570318,-85.50,-79.50,-24.2317,-3.2144
31574224,-323.50,-137.50,-21.1536,8.2912
31578130,-322.50,-174.50,-22.7617,14.1292
31582036,-89.50,-108.50,-28.0898,12.5279
31585942,66.50,-77.50,-31.6345,8.5207
31589848,-49.50,-104.50,-28.0064,-0.8794
31593754,-271.50,-168.50,-15.1120,-13.3392
31597660,-321.50,-205.50,-2.8454,-21.6277
31601566,-90.50,-127.50,-0.9159,-20.7470
31605472,102.50,-61.50,-0.2497,-7.7102
31609378,29.50,14.50,10.5144,20.3712
31613284,-225.50,-59.50,26.0250,58.5943
31617190,-271.50,-111.50,36.9803,79.9758
31621096,-69.50,-85.50,44.5951,74.3626
31625002,126.50,-64.50,48.1708,53.0811
31628908,59.50,-52.50,45.5637,27.0238
31632814,-202.50,-121.50,38.8213,9.8535
31636720,-293.50,-173.50,31.5043,2.1612
31640626,-111.50,-159.50,29.5561,-4.3488
31644532,115.50,-89.50,33.0604,-10.6087
31648438,97.50,-47.50,39.4056,-8.7632
31652344,-160.50,-111.50,44.0485,0.9085
31656250,-273.50,298.50,44.6435,82.0292
31660156,-168.50,-4.50,39.3834,219.6496
31664062,59.50,-41.50,22.2980,229.3338
31667968,113.50,-14.50,11.4882,121.5734
31671874,-95.50,-72.50,26.8440,43.0382
31675780,-300.50,-154.50,44.6713,8.4421
31679686,-223.50,-189.50,33.1862,-17.8075
31683592,48.50,-81.50,6.8375,-33.1370
31687498,83.50,-41.50,-4.6705,-18.7705
31691404,-152.50,-90.50,-8.6012,3.0158
31695310,-335.50,-148.50,-16.7056,4.2194
31699216,-271.50,-178.50,-24.7537,-11.4954
31703122,16.50,-79.50,-25.9832,-21.4975
31707028,93.50,-34.50,-15.8217,-8.2750
31710934,-143.50,-53.50,-12.5442,13.3135
31714840,-329.50,-109.50,-23.8044,23.4490
31718746,-256.50,-126.50,-24.9473,22.0322
31722652,-8.50,-66.50,-11.0198,19.2374
31726558,91.50,-32.50,-1.7418,21.1580
31730464,-88.50,-52.50,-6.1112,21.7020
31734370,-314.50,-152.50,-15.5926,10.3896
31738276,-306.50,-158.50,-21.6198,-10.3183
31742182,-48.50,-97.50,-21.9075,-18.9942
31746088,106.50,-50.50,-14.4645,-10.1765
31749994,-20.50,-72.50,-1.7166,-2.3939
31753900,-266.50,-137.50,9.4094,-6.2691
31757806,-306.50,-197.50,10.5716,-21.4022
31761712,-90.50,-148.50,-0.1088,-39.4306
31765618,90.50,-102.50,-12.0611,-47.9632
31769524,-34.50,-94.50,-18.6844,-46.6941
31773430,-268.50,-160.50,-21.3422,-43.8622
31777336,-322.50,-192.50,-18.2150,-44.5661
31781242,-96.50,-161.50,-9.2545,-46.3240
31785148,91.50,-89.50,-0.6707,-43.2162
31789054,-0.50,-56.50,-1.5169,-30.8368
31792960,-239.50,-131.50,-9.1541,-17.3568
31796866,-308.50,-174.50,-8.3472,-16.6163
31800772,-117.50,-112.50,3.5725,-16.9408
31804678,117.50,-21.50,17.3414,0.8493
31808584,87.50,16.50,30.0224,31.2348
31812490,-182.50,-81.50,36.1593,48.0199
31816396,-335.50,-184.50,25.6750,28.6546
31820302,-191.50,-202.50,2.1976,-17.1974
31824208,41.50,-162.50,-19.2928,-61.6419
31828114,66.50,-139.50,-24.8011,-88.9584
31832020,-161.50,-198.50,-12.5368,-100.6261
31835926,-317.50,-248.50,3.2564,-104.4492
31839832,-221.50,-246.50,5.4332,-103.9741
31843738,7.50,-180.50,-10.5930,-101.3213
31847644,29.50,-159.50,-32.8496,-100.1049
31851550,-216.50,-207.50,-52.4310,-104.2230
31855456,-398.50,-271.50,-67.9263,-111.9716
31859362,-286.50,-285.50,-72.3922,-119.1926
31863268,-46.50,-212.50,-67.0337,-122.3204
31867174,17.50,-154.50,-64.1812,-115.5300
31871080,-184.50,-175.50,-66.6843,-100.6324
31874986,-349.50,-232.50,-62.1139,-86.2654
31878892,-316.50,-245.50,-49.8507,-77.4432
31882798,-62.50,-182.50,-45.7940,-72.7740
31886704,47.50,-132.50,-47.5584,-68.4599
31890610,-140.50,-136.50,-47.5227,-61.7614
31894516,-372.50,-184.50,-50.4253,-49.9396
31898422,-356.50,-215.50,-57.6028,-38.0178
31902328,-86.50,-142.50,-60.4356,-30.1515
31906234,64.50,-83.50,-49.9527,-20.8168
31910140,-92.50,-98.50,-34.9002,-12.2242
31914046,-320.50,-168.50,-26.5588,-10.8473
31917952,-344.50,-194.50,-24.6211,-13.8849
31921858,-114.50,-143.50,-28.0223,-14.0536
31925764,48.50,-92.50,-33.3622,-11.3090
31929670,-58.50,-73.50,-34.5998,-7.3569
31933576,-287.50,-141.50,-27.3037,-0.8665
31937482,-345.50,-186.50,-16.5341,2.1472
31941388,-121.50,-127.50,-10.9519,2.9992
31945294,82.50,-47.50,-6.6650,12.3407
31949200,28.50,7.50,5.1398,34.5727
31953106,-278.50,-112.50,13.2651,52.8557
31957012,-352.50,-186.50,3.0247,40.9400
31960918,-170.50,-175.50,-12.1329,8.7812
31964824,48.50,-124.50,-19.6111,-18.7193
31968730,43.50,-81.50,-13.8034,-30.7904
31972636,-261.50,-149.50,-3.2241,-27.9260
31976542,-361.50,346.50,-6.7399,66.8303
31980448,-200.50,-47.50,-14.6536,227.4342
31984354,19.50,-109.50,-19.4154,227.1320
31988260,28.50,-108.50,-22.4800,81.5394
31992166,-224.50,-161.50,-20.3804,-27.3435
31996072,-360.50,-225.50,-16.3478,-70.1319
31999978,-212.50,-213.50,-9.7096,-79.2596
32003884,45.50,-162.50,0.8606,-72.8516
32007790,56.50,-125.50,8.5212,-59.7336
32011696,-156.50,-184.50,10.1305,-53.8841
32015602,-305.50,-239.50,16.7744,-64.7096
32019508,-223.50,-246.50,28.0404,-81.3935
32023414,7.50,-179.50,25.8858,-85.8458
32027320,49.50,-174.50,8.4292,-79.8964
32031226,-190.50,-217.50,-15.3643,-82.8876
32035132,-383.50,-275.50,-36.5707,-98.6832
32039038,-331.50,-298.50,-48.4676,-115.6641
32042944,-84.50,-239.50,-55.9041,-123.5658
32046850,16.50,-169.50,-60.3453,-112.9781
32050756,-143.50,-188.50,-54.9361,-90.4216
32054662,-324.50,-218.50,-34.5160,-72.0991
32058568,-264.50,-219.50,-3.0208,-58.3533
32062474,22.50,-132.50,31.0596,-37.7685
32066380,155.50,-63.50,61.2885,-5.2979
32070286,9.50,-80.50,80.6832,24.3285
32074192,-229.50,-161.50,88.4333,30.2071
32078098,-241.50,-178.50,86.3173,16.0340
32082004,-13.50,-99.50,76.5275,10.8997
32085910,163.50,-25.50,69.3424,31.0423
32089816,39.50,-37.50,72.3663,57.7327
32093722,-210.50,-111.50,78.4923,65.5331
32097628,-237.50,-88.50,81.2423,63.2280
32101534,42.50,-30.50,92.9226,77.3291
32105440,131.50,-88.50,102.8426,83.8662
32109346,10.50,-104.50,78.5963,49.6207
32113252,-241.50,-174.50,38.5239,2.6728
32117158,-274.50,-208.50,22.8955,-25.8826
32121064,-137.50,-216.50,23.2707,-41.6109
32124970,48.50,-175.50,7.7473,-56.8948
32128876,-4.50,-169.50,-15.7296,-69.3422
32132782,-271.50,-268.50,-27.5498,-82.1896
32136688,-387.50,-335.50,-35.7917,-108.5017
32140594,-207.50,-303.50,-44.8371,-135.8941
32144500,13.50,-239.50,-49.1662,-142.7993
32148406,-12.50,-197.50,-48.7462,-128.4126
32152312,-283.50,-228.50,-51.4752,-104.2620
32156218,-385.50,-272.50,-56.4467,-84.4584
32160124,-216.50,-260.50,-49.0682,-76.2291
32164030,33.50,-191.50,-30.0327,-72.7951
32167936,48.50,-160.50,-12.2730,-65.1154
32171842,-186.50,-207.50,-2.2012,-56.8039
32175748,-364.50,-257.50,-2.5448,-55.0346
32179654,-256.50,-260.50,-12.3186,-58.5031
32183560,-14.50,-189.50,-24.9154,-59.8697
32187466,35.50,-144.50,-31.9831,-51.7545
32191372,-175.50,-190.50,-30.7090,-40.5514
32195278,-357.50,-230.50,-24.2200,-35.5569
32199184,-253.50,-236.50,-14.4874,-33.3390
32203090,16.50,-160.50,-0.2744,-27.5222
32206996,94.50,-139.50,14.6194,-19.1703
32210902,-122.50,-175.50,18.9034,-18.0771
32214808,-362.50,-216.50,6.0964,-22.3475
32218714,-280.50,-234.50,-9.7385,-22.9199
32222620,-26.50,-150.50,-9.9566,-16.4244
32226526,93.50,-81.50,0.6636,2.5529
32230432,-65.50,-105.50,11.6918,25.7241
32234338,-271.50,-173.50,25.0485,35.3684
32238244,-272.50,-215.50,36.9433,27.1565
32242150,-31.50,-137.50,37.8788,16.2735
32246056,114.50,-84.50,32.2641,19.6584
32249962,-12.50,-63.50,31.4517,35.8391
32253868,-243.50,-126.50,39.1052,54.3634
32257774,-276.50,-176.50,47.1356,60.6647
32261680,-53.50,-133.50,46.1131,52.0651
32265586,112.50,-86.50,38.3531,41.8843
32269492,-10.50,-93.50,28.4785,35.0832
32273398,-239.50,-157.50,22.1681,29.1974
32277304,-306.50,-204.50,23.0837,22.1772
32281210,-94.50,-155.50,24.7276,17.3395
32285116,112.50,-91.50,25.7411,20.7431
32289022,21.50,-64.50,26.6884,31.5763
32292928,-223.50,-144.50,24.0999,39.9926
32296834,-298.50,286.50,23.9559,114.5521
32300740,-137.50,-50.50,25.8415,243.0628
32304646,57.50,-113.50,16.7871,233.7134
32308552,35.50,-113.50,2.6929,101.3032
32312458,-239.50,-186.50,-5.5342,3.0283
32316364,-340.50,-226.50,-10.2000,-38.0127
32320270,-159.50,-203.50,-5.1304,-46.3108
32324176,91.50,-114.50,12.0063,-30.9226
32328082,107.50,-79.50,32.9182,1.2787
32331988,-191.50,-169.50,39.9639,20.7557
32335894,-362.50,-228.50,19.1832,4.5213
32339800,-224.50,-210.50,-8.5748,-23.8801
32343706,23.50,-129.50,-19.9535,-29.6475
32347612,53.50,-80.50,-18.9485,-7.6186
32351518,-153.50,-128.50,-13.1304,18.1949
32355424,-312.50,-175.50,-0.4799,25.3754
32359330,-220.50,-181.50,14.5573,17.8616
32363236,-11.50,-106.50,14.0060,13.7967
32367142,67.50,-61.50,-2.9336,24.5553
32371048,-127.50,-104.50,-13.6567,38.7098
32374954,-319.50,-169.50,-8.9638,37.8873
32378860,-272.50,-207.50,-1.4359,19.9519
32382766,-26.50,-127.50,-2.5143,2.4475
32386672,59.50,-78.50,-10.9822,5.4121
32390578,-124.50,-89.50,-21.7735,22.4538
32394484,-333.50,-167.50,-27.7379,31.5935
32398390,-357.50,-244.50,-33.4811,14.9016
32402296,-105.50,-175.50,-48.3751,-16.7473
32406202,7.50,-152.50,-63.4084,-34.8494
32410108,-145.50,-186.50,-73.4281,-43.5159
32414014,-400.50,-265.50,-82.2785,-58.6830
32417920,-447.50,-314.50,-96.8937,-80.6862
32421826,-178.50,-245.50,-111.1538,-96.1063
32425732,-72.50,-296.50,-117.7695,-109.1562
32429638,-287.50,-366.50,-145.4331,-149.8338
32433544,-562.50,-437.50,-202.6113,-207.6130
32437450,-633.50,-512.50,-254.8984,-252.3444
32441356,-447.50,-516.50,-287.4430,-286.5698
32445267,-304.50,-461.50,-313.3991,-311.7529
32449173,-399.50,-442.50,-337.9839,-315.8012
32453079,-719.50,-542.50,-362.3048,-310.0141
32456985,-814.50,-636.50,-392.4879,-325.1830
32460891,-618.50,-564.50,-416.3871,-350.6135
32464797,-406.50,-512.50,-421.3965,-352.1771
32468703,-428.50,-480.50,-408.7679,-333.3135
32472609,-673.50,-560.50,-383.9805,-316.7185
32476515,-798.50,-644.50,-363.1467,-320.4422
32480421,-633.50,-630.50,-356.6483,-340.9667
32484327,-397.50,-582.50,-356.4107,-357.3969
32488233,-422.50,-542.50,-353.7921,-358.6641
32492139,-650.50,-590.50,-347.1755,-346.6117
32496045,-777.50,-642.50,-333.0851,-332.6661
32499951,-700.50,-687.50,-324.7272,-332.9947
32503857,-461.50,-618.50,-337.8594,-348.3975
32507763,-416.50,-587.50,-349.8929,-357.4614
32511669,-589.50,-613.50,-332.5868,-350.1158
32515575,-725.50,-666.50,-288.3026,-334.7105
32519481,-609.50,-665.50,-241.2098,-320.0992
32523387,-328.50,-584.50,-206.6742,-305.9729
32527293,-261.50,-543.50,-180.2308,-288.0868
32531199,-464.50,-584.50,-160.8674,-273.6568
32535105,-655.50,-632.50,-149.3967,-266.5070
32539011,-575.50,-665.50,-140.8515,-263.7324
32542917,-278.50,-518.50,-124.9002,-250.5954
32546823,-184.50,-448.50,-98.2873,-209.3927
32550729,-384.50,-484.50,-79.0174,-164.8339
32554635,-596.50,-526.50,-75.6352,-142.6269
32558541,-528.50,-514.50,-71.4121,-127.3237
32562447,-234.50,-420.50,-49.6529,-101.2156
32566353,-72.50,-330.50,-10.7443,-63.2811
32570259,-207.50,-320.50,31.1133,-22.4727
32574165,-380.50,-366.50,71.3378,11.4892
32578071,-354.50,-341.50,113.1639,41.3654
32581977,-68.50,-205.50,152.7233,85.3265
32585883,115.50,-109.50,188.8935,146.5823
32589789,43.50,-69.50,225.9913,205.2238
32593695,-175.50,-111.50,265.4388,249.5059
32597601,-208.50,-146.50,295.4952,275.1580
32601507,37.50,-79.50,309.5298,285.1536
32605413,225.50,28.50,316.8124,298.1213
32609319,157.50,53.50,325.1217,323.2898
32613225,-82.50,-10.50,337.1965,346.7938
32617131,-124.50,402.50,351.7257,430.1057
32621037,97.50,148.50,368.0837,568.0528
32624943,305.50,119.50,381.8257,584.6283
32628849,259.50,157.50,388.5976,488.5583
32632755,27.50,91.50,394.1392,422.1177
32636661,-79.50,23.50,399.7101,395.7483
32640567,133.50,55.50,405.1726,379.4410
32644473,366.50,126.50,415.1250,374.2886
32648379,307.50,144.50,418.1474,380.7966
32652285,64.50,28.50,404.2933,374.4867
32656191,-116.50,-42.50,379.5658,337.6539
32660097,-21.50,-46.50,341.0956,290.7867
32664003,189.50,7.50,291.1336,259.1725
32667909,154.50,12.50,243.0613,243.6375
32671815,-143.50,-124.50,194.6462,218.3911
32675721,-353.50,-234.50,140.2497,161.4062
32679627,-346.50,-277.50,75.7690,89.7904
32683533,-138.50,-234.50,0.6131,32.8486
32687439,-102.50,-184.50,-60.0997,7.2936
32691345,-412.50,-319.50,-102.5808,-6.0507
32695251,-659.50,-415.50,-153.5013,-42.9234
32699157,-612.50,-484.50,-209.3678,-99.7384
32703063,-361.50,-431.50,-247.6116,-151.3151
32706969,-261.50,-392.50,-257.8936,-178.3399
32710875,-447.50,-422.50,-246.3277,-180.6690
32714781,-684.50,-517.50,-232.5721,-179.1109
32718687,-623.50,-563.50,-227.0210,-191.8448
32722593,-341.50,-463.50,-217.4855,-205.9406
32726499,-214.50,-405.50,-197.3329,-197.5696
32730405,-430.50,-445.50,-186.5405,-180.0319
32734311,-634.50,-512.50,-191.3253,-174.3653
32738217,-577.50,-514.50,-183.0190,-172.6986
32742123,-324.50,-440.50,-153.4905,-160.8275
32746029,-187.50,-380.50,-129.3156,-141.3138
32749935,-329.50,-377.50,-123.6422,-123.1623
32753841,-533.50,-422.50,-118.6101,-105.5049
32757747,-621.50,-512.50,-111.5837,-98.1497
32761653,-364.50,-429.50,-117.0396,-106.3769
32765559,-175.50,-336.50,-119.9917,-102.9272
32769465,-281.50,-335.50,-110.4580,-80.3918
32773371,-550.50,-431.50,-102.6836,-65.8258
32777277,-574.50,-461.50,-96.9770,-68.7578
32781183,-335.50,-381.50,-79.6556,-66.6495
32785089,-143.50,-296.50,-57.3281,-45.4633
32788995,-207.50,-269.50,-45.5777,-17.4742
32792901,-461.50,-319.50,-40.7173,6.2559
32796807,-512.50,-370.50,-29.6967,21.7907
32800713,-298.50,-334.50,-5.1043,28.2173
32804619,-58.50,-268.50,24.0493,29.2512
32808525,-63.50,-201.50,49.9148,36.2535
32812431,-329.50,-264.50,69.8328,55.1251
32816337,-428.50,-273.50,80.9777,78.7279
32820243,-188.50,-192.50,102.2209,112.3833
32824149,90.50,-97.50,146.5372,156.6531
32828055,87.50,-68.50,190.0314,190.6107
32831961,-108.50,-84.50,217.4659,209.2320
32835867,-209.50,-85.50,247.1123,233.1740
32839773,-62.50,-52.50,283.8332,269.4375
32843679,193.50,43.50,308.3084,302.5168
32847585,279.50,101.50,323.0075,326.1659
32851491,91.50,64.50,347.9115,342.7712
32855397,-100.50,29.50,375.9396,355.1260
32859303,-2.50,35.50,385.9854,366.3130
32863209,266.50,119.50,381.4389,374.7010
32867115,352.50,173.50,379.1250,381.2555
32871021,159.50,158.50,384.2799,389.6030
32874927,-16.50,102.50,396.2422,399.8712
32878833,48.50,93.50,410.9843,406.5546
32882739,298.50,398.50,416.8089,444.7733
32886645,400.50,511.50,410.1191,548.4686
32890551,246.50,1043.50,403.2336,742.6202
32894457,48.50,985.50,409.7801,1014.5928
32898363,34.50,303.50,417.6000,1099.2080
32902269,277.50,176.50,406.2706,835.2652
32906175,406.50,177.50,384.3278,488.7154
32910081,289.50,163.50,372.3049,291.2735
32913987,60.50,87.50,377.5522,228.4529
32917893,45.50,44.50,387.0999,229.0350
32921799,254.50,85.50,383.2211,249.6998
32925705,410.50,133.50,364.2167,262.6990
32929611,298.50,143.50,343.5853,250.5580
32933517,43.50,76.50,330.8980,223.3900
32937423,-18.50,30.50,320.2616,205.4314
32941329,211.50,64.50,309.7690,208.9689
32945235,400.50,124.50,304.4777,220.5356
32949141,304.50,147.50,299.0946,218.1608
32953047,54.50,82.50,288.8674,200.2334
32956953,-61.50,38.50,273.4530,185.0078
32960859,133.50,53.50,253.1715,187.0509
32964765,327.50,112.50,233.5696,195.4212
32968671,273.50,141.50,216.3390,191.0761
32972577,15.50,78.50,201.1216,172.0798
32976483,-125.50,31.50,185.4718,154.3077
32980389,48.50,41.50,169.0458,154.4934
32984295,262.50,112.50,155.9587,166.5701
32988201,267.50,141.50,147.6744,170.1426
32992107,14.50,78.50,143.9703,154.2550
32996013,-136.50,16.50,139.5026,130.4935
32999919,-22.50,5.50,128.7984,118.7156
33003825,220.50,66.50,113.2291,118.5251
33007731,265.50,96.50,103.8655,114.0183
33011637,10.50,27.50,101.4703,92.3000
33015543,-163.50,-25.50,94.4587,63.7007
33019449,-68.50,-22.50,84.2029,55.3184
33023355,183.50,59.50,75.7867,71.6504
33027261,251.50,109.50,71.2703,90.8835
33031167,48.50,61.50,71.6438,90.7303
33035073,-162.50,-3.50,72.1913,73.7813
33038979,-112.50,-64.50,65.4643,55.6001
33042885,142.50,7.50,52.6260,42.6009
33046791,202.50,52.50,37.1504,35.9703
33050697,48.50,30.50,23.0380,27.4105
33054603,-81.50,35.50,36.1704,27.1641
33058509,-123.50,-30.50,67.4638,46.0835
33062415,62.50,-5.50,60.5996,55.8970
33066321,175.50,13.50,15.0006,37.2787
33070227,32.50,32.50,-22.3537,6.9883
33074133,-176.50,-32.50,-29.6039,-9.8869
33078039,-181.50,-66.50,-17.5802,-9.1004
33081945,47.50,37.50,-6.7129,10.1147
33085851,191.50,68.50,-6.0509,38.8501
33089757,98.50,69.50,-8.2363,46.3754
33093663,-142.50,-16.50,-3.6515,28.6387
33097569,-204.50,-62.50,-1.4799,6.7315
33101475,11.50,-26.50,-9.1588,-3.1140
33105381,176.50,26.50,-19.5986,-3.1947
33109287,83.50,19.50,-30.1878,-10.2785
33113193,-170.50,-57.50,-40.8123,-30.0174
33117099,-257.50,-98.50,-51.5738,-48.6600
33121005,-47.50,-58.50,-58.4695,-49.7327
33124911,181.50,16.50,-52.1162,-36.0628
33128817,133.50,35.50,-35.4315,-24.7904
33132723,-116.50,-30.50,-23.5197,-26.4649
33136629,-222.50,-72.50,-22.4346,-33.6054
33140535,-73.50,-47.50,-28.6471,-31.4990
33144441,128.50,15.50,-42.2035,-22.3324
33148347,104.50,48.50,-59.5583,-18.0314
33152253,-144.50,-34.50,-73.8843,-26.0946
33156159,-271.50,-79.50,-81.6407,-41.7262
33160065,-112.50,-79.50,-78.0508,-49.1691
33163971,113.50,-10.50,-67.7582,-47.2323
33167877,134.50,35.50,-61.9294,-43.6637
33171783,-96.50,-25.50,-62.1702,-44.5775
33175689,-246.50,-79.50,-62.8129,-51.0442
33179595,-170.50,-79.50,-64.9283,-52.9261
33183501,82.50,-18.50,-72.8641,-48.6224
33187407,135.50,33.50,-78.2677,-45.1397
33191313,-79.50,-35.50,-78.5782,-50.2895
33195219,-250.50,-110.50,-77.0938,-67.5034
33199125,-188.50,-141.50,-73.6814,-86.6816
33203031,81.50,-79.50,-69.4442,-98.6884
33206937,182.50,-15.50,-59.0317,-100.9594
33210843,-24.50,-47.50,-48.7669,-97.9105
33214749,-248.50,-137.50,-52.5447,-100.8736
33218655,-218.50,-177.50,-66.6950,-113.1966
33222561,-2.50,-108.50,-83.8508,-123.9518
33226467,110.50,-63.50,-101.3385,-126.7022
33230373,-48.50,-89.50,-112.9676,-130.9425
33234279,-280.50,-159.50,-116.6623,-139.4378
33238185,-284.50,-189.50,-118.7318,-143.5746
33242091,-21.50,-111.50,-117.4325,-136.2266
33245997,127.50,-47.50,-107.1982,-120.0341
33249903,12.50,-70.50,-93.9598,-111.3972
33253809,-224.50,-125.50,-83.2081,-114.4049
33257715,-280.50,-156.50,-81.0427,-114.0535
33261621,-60.50,-114.50,-89.8992,-106.1962
33265527,95.50,-70.50,-102.0297,-103.1555
33269433,-15.50,-59.50,-115.0843,-109.9262
33273339,-291.50,-130.50,-131.8556,-117.3541
33277245,-363.50,-192.50,-150.9410,-122.7335
33281151,-143.50,-160.50,-160.7221,-128.3339
33285057,48.50,-106.50,-156.7671,-133.8199
33288963,-14.50,-88.50,-150.6004,-139.7658
33292869,-252.50,-152.50,-146.3330,-143.9259
33296775,-327.50,-186.50,-137.3896,-141.5866
33300681,-133.50,-136.50,-120.6560,-127.1729
33304587,89.50,-79.50,-102.8188,-108.1234
33308493,64.50,-49.50,-91.1177,-99.0881
33312399,-200.50,-127.50,-89.4177,-102.3192
33316305,-342.50,-188.50,-99.4843,-112.7409
33320211,-196.50,-165.50,-113.5304,-119.4150
33324117,47.50,-93.50,-120.5440,-116.3148
33328023,69.50,-65.50,-115.4833,-110.9536
33331929,-173.50,-114.50,-105.2581,-109.7446
33335835,-305.50,-152.50,-96.4962,-106.4915
33339741,-200.50,-153.50,-88.4942,-96.3234
33343647,50.50,-84.50,-85.0616,-87.5832
33347553,103.50,-29.50,-82.7916,-82.3737
33351459,-116.50,-88.50,-77.6147,-79.5117
33355365,-328.50,-156.50,-78.7314,-83.0160
33359271,-239.50,-143.50,-88.9178,-85.0661
33363177,66.50,-1.50,-88.0230,-65.6815
33367083,157.50,-13.50,-63.5723,-35.8299
33370989,-180.50,-175.50,-59.7938,-52.3727
33374895,-400.50,-255.50,-108.1608,-121.0459
33378801,-342.50,-265.50,-159.6032,-177.3129
33382707,-94.50,-230.50,-177.3130,-197.7089
33386613,12.50,-198.50,-176.5266,-208.4326
33390519,-154.50,-208.50,-171.4350,-216.8429
33394425,-376.50,-273.50,-163.0329,-212.9229
33398331,-350.50,-319.50,-152.2293,-205.4322
33402237,-128.50,-248.50,-147.3041,-205.2931
33406143,7.50,-197.50,-153.7508,-206.3691
33410049,-112.50,-179.50,-158.7298,-199.9791
33413955,-324.50,-252.50,-145.5521,-184.1402
33417861,-335.50,-280.50,-120.2121,-168.8712
33421767,-57.50,-206.50,-93.4436,-157.3849
33425673,144.50,-126.50,-62.2018,-142.2330
33429579,45.50,-120.50,-30.2509,-124.5096
33433485,-216.50,-191.50,-10.9042,-110.4687
33437391,-273.50,-226.50,-8.6492,-102.4783
33441297,-65.50,-175.50,-15.5948,-96.7454
33445203,112.50,-125.50,-26.1473,-94.0531
33449109,30.50,-111.50,-38.5361,-96.5962
33453015,-250.50,-170.50,-51.0957,-96.2921
33456921,-345.50,-224.50,-64.9735,-91.0984
33460827,-175.50,-207.50,-79.2791,-90.3484
33464733,37.50,-154.50,-92.9121,-99.3329
33468639,-13.50,-106.50,-103.4791,-106.7484
33472545,-240.50,-148.50,-104.7498,-96.9959
33476451,-357.50,-209.50,-94.5780,-78.3456
33480357,-208.50,-160.50,-84.6797,-63.2758
33484266,33.50,-88.50,-83.8910,-49.9389
33488172,63.50,-63.50,-79.0367,-40.9226
33492078,-180.50,-134.50,-63.1995,-41.5965
33495984,-326.50,-180.50,-48.9350,-46.5239
33499890,-200.50,-186.50,-43.1855,-48.9276
33503796,53.50,-117.50,-42.6326,-52.2083
33507702,91.50,-80.50,-40.8230,-56.1094
33511608,-154.50,-122.50,-39.5560,-55.8471
33515514,-338.50,-180.50,-44.8153,-51.0802
33519420,-268.50,-196.50,-56.3355,-47.2392
33523326,-20.50,-143.50,-72.0047,-52.2308
33527232,64.50,-104.50,-81.0551,-63.5026
33531138,-136.50,-141.50,-76.3098,-71.8634
33535044,-312.50,-196.50,-61.7027,-71.7631
33538950,-239.50,-189.50,-41.7789,-61.8209
33542856,-0.50,-143.50,-27.8570,-50.6538
33546762,82.50,-107.50,-30.1645,-51.0820
33550668,-127.50,-145.50,-47.3645,-62.2052
33554574,-335.50,-190.50,-65.7657,-69.2731
33558480,-303.50,-223.50,-70.3988,-66.2307
33562386,-65.50,-143.50,-66.1001,-59.2498
33566292,50.50,-90.50,-66.9095,-50.3167
33570198,-94.50,-112.50,-72.8384,-43.8833
33574104,-322.50,-176.50,-73.2559,-42.6103
33578010,-314.50,-213.50,-64.5087,-43.3668
33581916,-59.50,-152.50,-49.4061,-44.0388
33585822,103.50,-93.50,-33.0570,-41.9729
33589728,-24.50,-102.50,-23.7862,-39.1267
33593634,-256.50,-164.50,-20.5793,-37.0315
33597540,-320.50,-194.50,-20.1348,-33.1693
33601446,-76.50,-142.50,-21.2148,-26.5150
33605352,102.50,-89.50,-18.4881,-21.2109
33609258,10.50,-70.50,-15.5586,-18.8640
33613164,-234.50,-138.50,-15.1370,-15.0383
33617070,-308.50,-201.50,-13.0448,-14.5202
33620976,-114.50,-161.50,-10.6230,-20.5273
33624882,79.50,-104.50,-13.2520,-26.4212
33628788,45.50,-93.50,-17.4164,-30.6301
33632694,-207.50,-162.50,-14.9486,-34.6610
33636600,-313.50,-221.50,-9.5657,-39.6180
33640506,-171.50,-174.50,-11.2220,-41.0041
33644412,63.50,-90.50,-21.1572,-31.6239
33648318,67.50,-78.50,-24.7035,-18.8473
33652224,-162.50,-129.50,-13.7513,-13.3843
33656130,-294.50,-175.50,2.0985,-10.7490
33660036,-160.50,-170.50,12.3890,-7.2676
33663942,76.50,-97.50,13.1167,-6.8388
33667848,94.50,-46.50,8.8623,-4.3510
33671754,-165.50,-111.50,0.2477,1.8157
33675660,-317.50,-152.50,-11.2673,6.4667
33679566,-246.50,-170.50,-21.1665,8.5572
33683472,31.50,-97.50,-28.7539,5.5282
33687378,99.50,-56.50,-24.5867,1.6729
33691284,-124.50,-96.50,-13.2982,1.7526
33695190,-310.50,-164.50,-8.5113,2.9016
33699096,-248.50,-184.50,-9.2119,0.9166
33703002,15.50,-113.50,-11.1252,-4.1490
33706908,93.50,-79.50,-11.6040,-8.7004
33710814,-111.50,-111.50,-15.8523,-13.4561
33714720,-289.50,-149.50,-18.8589,-12.2110
33718626,-255.50,-181.50,-10.2965,-2.9195
33722532,-6.50,-126.50,-0.3958,1.0427
33726438,106.50,-73.50,1.4975,-2.6499
33730344,-73.50,-109.50,-4.9661,-8.6669
33734250,-289.50,-195.50,-13.3968,-18.8282
33738156,-297.50,-237.50,-16.3260,-33.6319
33742062,-79.50,-175.50,-21.0132,-45.8169
33745968,75.50,-109.50,-30.5207,-47.3114
33749874,-68.50,-90.50,-38.1344,-36.4330
33753780,-300.50,-156.50,-41.2460,-18.2774
33757686,-316.50,-189.50,-36.9711,-4.1049
33761592,-56.50,-137.50,-20.9632,2.3677
33765498,93.50,-88.50,-2.7702,3.1067
33769404,-8.50,-81.50,0.6523,-0.7343
33773310,-255.50,-147.50,-5.8024,-3.1206
33777216,-337.50,-185.50,-12.6201,-1.3925
33781122,-130.50,-141.50,-20.0937,3.3078
33785028,43.50,-85.50,-28.9297,7.2169
33788934,-15.50,-63.50,-38.7693,7.9332
33792840,-265.50,-134.50,-43.5652,8.1667
33796746,-356.50,-165.50,-41.6010,10.2900
33800652,-143.50,-156.50,-31.6851,13.3151
33804558,81.50,-85.50,-13.7117,12.1940
33808464,71.50,-70.50,4.8770,8.0908
33812370,-189.50,-133.50,16.6871,3.9158
33816276,-321.50,-188.50,16.7758,-0.2883
33820182,-202.50,-184.50,4.9865,-4.4126
33824088,31.50,-118.50,-13.5910,-10.0372
33827994,57.50,-79.50,-23.6775,-13.2023
33831900,-168.50,-137.50,-16.9302,-11.9891
33835806,-319.50,-191.50,-3.5353,-10.4554
33839712,-220.50,-181.50,3.0290,-8.0124
33843618,18.50,-111.50,-3.0278,-3.9225
33847524,83.50,-64.50,-9.2830,1.0756
33851430,-152.50,-116.50,-7.9051,4.8742
33855336,-338.50,-184.50,-8.4482,3.6161
33859242,-257.50,-185.50,-12.8700,0.1067
33863148,-25.50,-130.50,-19.6276,-2.5855
33867054,64.50,-72.50,-26.4463,-3.8111
33870960,-128.50,-108.50,-26.7199,-1.7527
33874866,-324.50,-172.50,-20.3246,1.4813
33878772,-286.50,-205.50,-14.2017,0.6433
33882678,-34.50,-132.50,-13.4787,-3.8409
33886584,99.50,-63.50,-10.6403,-2.1379
33890490,-73.50,-93.50,-1.3314,6.0132
33894396,-325.50,-175.50,1.4362,8.4432
33898302,-303.50,-175.50,-6.7533,7.0218
33902208,-46.50,-120.50,-10.6144,11.8284
33906114,93.50,-68.50,-4.4534,17.4855
33910020,-37.50,-73.50,3.0495,18.3744
33913926,-260.50,-158.50,11.4454,16.7467
33917832,-278.50,-184.50,22.2411,13.1899
33921738,-38.50,-137.50,32.0974,11.1804
33925644,119.50,-76.50,37.4528,11.0929
33929550,-9.50,-67.50,32.3464,12.2429
33933456,-285.50,-130.50,14.8469,17.3058
33937362,-333.50,-172.50,-4.9902,23.3255
33941268,-100.50,-131.50,-10.3658,26.2990
33945174,95.50,-76.50,-0.2667,24.8438
33949080,21.50,-77.50,10.5463,18.0289
33952986,-238.50,-148.50,13.8761,8.7022
33956892,-353.50,-191.50,6.7809,2.3949
33960798,-162.50,-156.50,-7.1476,2.5357
33964704,69.50,-74.50,-14.2816,8.5646
33968610,82.50,21.50,-1.2517,29.7698
33972516,-128.50,-67.50,33.5489,62.9600
33976422,-338.50,-265.50,56.4131,55.9053
33980328,-239.50,-264.50,29.2620,-9.2579
33984234,16.50,-173.50,-20.9767,-68.8684
33988140,11.50,-151.50,-46.5488,-85.9052
33992046,-252.50,-239.50,-52.5980,-88.0789
33995952,-421.50,-326.50,-61.3921,-100.2629
33999858,-318.50,-351.50,-75.2719,-121.3911
34003764,-83.50,-265.50,-91.2085,-140.2276
34007670,-82.50,-258.50,-109.9676,-152.1772
34011576,-303.50,-328.50,-129.9590,-167.2506
34015482,-447.50,-353.50,-134.4869,-176.4801
34019388,-365.50,-356.50,-118.9884,-163.4004
34023294,-96.50,-284.50,-101.9886,-143.8228
34027200,10.50,-237.50,-84.8366,-134.5170
34031106,-204.50,-249.50,-66.1635,-128.9228
34035012,-370.50,-293.50,-51.0098,-113.3906
34038918,-334.50,-315.50,-38.1182,-91.4457
34042824,-79.50,-229.50,-33.2742,-75.4375
34046730,31.50,-175.50,-33.9717,-65.2476
34050636,-133.50,-188.50,-30.9807,-57.8170
34054542,-330.50,-243.50,-19.9240,-48.0528
34058448,-282.50,-271.50,1.3530,-35.1403
34062354,-50.50,-176.50,22.3708,-21.0636
34066260,91.50,-140.50,30.9831,-8.6124
34070166,-49.50,-143.50,31.7290,-5.5584
34074072,-271.50,-213.50,35.3251,-5.9219
34077978,-312.50,-250.50,38.4862,-3.3518
34081884,-74.50,-181.50,34.2201,1.2422
34085790,111.50,-118.50,32.7702,8.0646
34089696,16.50,-110.50,43.7576,14.2830
34093602,-226.50,-176.50,59.8314,20.7190
34097508,-298.50,-217.50,66.4692,27.5070
34101414,-94.50,-180.50,58.5156,30.7695
34105320,87.50,-133.50,44.6825,25.6208
34109226,-0.50,-122.50,32.2651,13.8818
34113132,-241.50,-186.50,24.8747,6.7902
34117038,-329.50,-242.50,24.0713,6.7440
34120944,-129.50,-216.50,27.5510,6.4496
34124850,64.50,-160.50,29.6066,0.9847
34128756,33.50,-126.50,27.4885,-5.4087
34132662,-232.50,-192.50,23.6116,-5.4096
34136568,-369.50,-240.50,14.0885,-0.8485
34140474,-218.50,-207.50,-1.6998,6.4816
34144380,16.50,-136.50,-14.2682,14.9645
34148286,36.50,-108.50,-13.2312,19.5664
34152192,-226.50,-174.50,-4.0715,18.3902
34156098,-367.50,-229.50,-1.6110,14.6750
34160004,-239.50,-221.50,-3.9131,13.4888
34163910,-8.50,-140.50,-7.4899,15.5729
34167816,53.50,-96.50,-7.8930,20.7597
34171722,-181.50,-138.50,-0.1973,28.0123
34175628,-334.50,-187.50,9.7661,36.9487
34179534,-217.50,-194.50,22.7824,46.0908
34183440,47.50,-134.50,40.0303,48.0903
34187346,112.50,-111.50,54.6617,39.1645
34191252,-108.50,-155.50,58.5951,23.9946
34195158,-291.50,-200.50,54.8151,16.1552
34199064,-241.50,-206.50,52.1298,23.0020
34202970,7.50,-146.50,48.3785,32.9821
34206876,87.50,-127.50,40.6794,30.9556
34210782,-102.50,-173.50,29.4924,13.7281
34214688,-335.50,-250.50,16.9842,-7.1270
34218594,-270.50,-290.50,12.4868,-23.2164
34222500,19.50,-197.50,28.9308,-29.6996
34226406,86.50,-142.50,48.6681,-21.7108
34230312,-138.50,-200.50,31.1377,-16.6735
34234218,-380.50,-277.50,-16.2668,-28.7763
34238124,-380.50,-312.50,-51.1349,-45.0416
34242030,-119.50,-245.50,-56.7160,-51.8853
34245936,31.50,-218.50,-45.0414,-54.2567
34249842,-175.50,-222.50,-47.5988,-61.5926
34253748,-422.50,-276.50,-76.5193,-64.6177
34257654,-446.50,-312.50,-101.3242,-56.9956
34261560,-207.50,-254.50,-102.1662,-46.8070
34265466,-45.50,-196.50,-93.9209,-39.6077
34269372,-133.50,-185.50,-90.7827,-35.7712
34273278,-352.50,-253.50,-82.9167,-31.8068
34277184,-422.50,-291.50,-65.0550,-27.0192
34281090,-222.50,-250.50,-52.2908,-22.3120
34284996,-0.50,-157.50,-48.1440,-14.2015
34288902,-32.50,-136.50,-38.0380,0.0748
34292808,-256.50,-176.50,-14.4433,18.1543
34296714,-349.50,-223.50,12.9081,35.5629
34300620,-181.50,-207.50,28.6865,44.6345
34304526,21.50,-131.50,25.3653,43.4662
34308432,-15.50,-106.50,9.5468,41.3314
34312338,-248.50,-177.50,-2.8102,40.4309
34316244,-367.50,-245.50,-1.1976,34.9636
34320150,-220.50,-248.50,8.6630,23.4834
34324056,16.50,-165.50,14.7648,12.2451
34327962,34.50,-122.50,16.9944,11.3521
34331868,-208.50,-172.50,18.5603,19.4327
34335774,-361.50,-204.50,18.7101,31.6490
34339680,-236.50,-184.50,20.7282,49.7119
34343586,32.50,-111.50,28.5469,67.1911
34347492,76.50,-68.50,40.5272,76.4374
34351398,-175.50,-102.50,43.1863,80.2907
34355304,-336.50,-172.50,35.0255,82.7201
34359210,-245.50,-186.50,33.8455,81.5300
34363116,16.50,-126.50,41.8683,75.0870
34367022,80.50,-76.50,47.8721,68.1039
34370928,-99.50,-90.50,49.1789,68.0037
34374834,-300.50,-143.50,53.3709,78.1861
34378740,-280.50,-170.50,55.4147,89.7546
34382646,-26.50,-97.50,46.3443,94.1209
34386552,81.50,-42.50,36.1969,95.6027
34390458,-66.50,-73.50,35.7802,95.2734
34394364,-288.50,-153.50,45.4871,89.3896
34398270,-259.50,-196.50,58.3272,77.9344
34402176,-33.50,-144.50,65.3679,64.5379
34406082,112.50,-94.50,63.7041,53.7109
34409988,-34.50,-82.50,58.4385,50.0740
34413894,-289.50,-156.50,51.6772,55.2748
34417800,-314.50,-208.50,41.9068,58.1911
34421706,-88.50,-160.50,33.1517,52.4225
34425612,102.50,-89.50,32.0413,47.0569
34429518,-14.50,-95.50,37.9793,45.8953
34433424,-265.50,-163.50,41.5668,44.7809
34437330,-341.50,-213.50,36.5196,42.0466
34441236,-133.50,-202.50,25.3690,34.3632
34445142,51.50,-154.50,14.2120,17.5743
34449048,-31.50,-132.50,4.7926,0.5597
34452954,-267.50,-198.50,-0.0037,-5.4146
34456860,-389.50,-230.50,-2.1848,-0.9472
34460766,-204.50,-202.50,-10.3694,9.1909
34464672,-0.50,-141.50,-22.1118,16.1923
34468578,-18.50,-101.50,-27.7428,18.3725
34472484,-265.50,-162.50,-23.3712,22.0904
34476390,-374.50,-193.50,-13.8802,29.4047
34480296,-211.50,-202.50,-3.8520,36.2077
34484202,9.50,-140.50,1.4655,33.0703
34488108,-5.50,-98.50,-3.0367,25.2952
34492014,-241.50,-156.50,-12.4405,22.6885
34495920,-409.50,-222.50,-20.8075,20.7687
34499826,-284.50,-214.50,-28.4875,17.7863
34503732,-48.50,-138.50,-35.5643,18.3214
34507638,-2.50,-90.50,-38.2368,24.0614
34511544,-233.50,-142.50,-36.2193,29.3319
34515450,-392.50,-197.50,-31.6185,30.2545
34519356,-276.50,-217.50,-20.3228,28.8091
34523266,-1.50,-142.50,-0.6649,26.2838
34527172,74.50,-99.50,20.8953,25.4034
34531078,-111.50,-137.50,37.9461,24.5582
34534984,-292.50,-184.50,52.7724,24.9095
34538890,-262.50,-195.50,61.5358,31.8733
34542796,-30.50,-133.50,52.7504,40.5429
34546702,83.50,-79.50,36.8967,44.9848
34550608,-111.50,-108.50,27.9964,44.6216
34554514,-320.50,-175.50,24.3978,41.2983
34558420,-313.50,-207.50,22.3902,37.4265
34562326,-62.50,-126.50,19.3222,37.8680
34566232,81.50,-88.50,19.5606,42.7868
34570138,-68.50,-88.50,24.6549,44.5892
34574044,-300.50,-148.50,29.0828,46.3485
34577950,-312.50,-198.50,31.1698,48.5848
34581856,-94.50,-164.50,29.2684,42.6008
34585762,73.50,-133.50,23.9860,26.2325
34589668,-70.50,-143.50,16.3422,4.4141
34593574,-319.50,-222.50,4.6357,-14.0256
34597480,-372.50,-272.50,-6.8448,-26.4806
34601386,-168.50,-225.50,-15.0371,-32.7034
34605292,6.50,-191.50,-23.5845,-36.6929
34609198,-82.50,-180.50,-33.1443,-45.3947
34613104,-339.50,-290.50,-41.1154,-60.5591
34617010,-442.50,-351.50,-50.1173,-83.5749
34620916,-270.50,-319.50,-64.8151,-103.6464
34624822,-78.50,-285.50,-83.5781,-115.4387
34628728,-109.50,-228.50,-96.1312,-120.4534
34632634,-377.50,-321.50,-98.5111,-117.3385
34636540,-576.50,-434.50,-114.1885,-127.6205
34640446,-417.50,-435.50,-153.1057,-160.3019
34644352,-229.50,-394.50,-191.7867,-194.7895
34648258,-274.50,-385.50,-222.5231,-220.4065
34652164,-552.50,-451.50,-252.8752,-237.9685
34656070,-721.50,-550.50,-282.0480,-253.1630
34659976,-596.50,-528.50,-303.5653,-266.6699
34663882,-357.50,-447.50,-313.2942,-267.1226
34667788,-348.50,-436.50,-315.5683,-259.6348
34671694,-586.50,-515.50,-318.4368,-264.7453
34675600,-776.50,-594.50,-324.5340,-283.1379
34679506,-702.50,-616.50,-335.0255,-301.2777
34683412,-451.50,-545.50,-347.5312,-312.0045
34687318,-399.50,-512.50,-353.5122,-314.8408
34691224,-618.50,-571.50,-354.1335,-317.4058
34695130,-754.50,-620.50,-343.4643,-319.5944
34699036,-719.50,-633.50,-319.8184,-312.7428
34702942,-447.50,-562.50,-302.5074,-300.6595
34706848,-348.50,-512.50,-291.4483,-290.2768
34710754,-557.50,-532.50,-284.0530,-281.6901
34714660,-751.50,-607.50,-282.0464,-273.4991
34718566,-716.50,-613.50,-274.6857,-264.3072
34722472,-449.50,-537.50,-259.6959,-250.3454
34726378,-309.50,-477.50,-239.8194,-233.0552
34730284,-474.50,-520.50,-221.7939,-224.1213
34734190,-689.50,-591.50,-209.8665,-227.0635
34738096,-685.50,-618.50,-198.1516,-230.2129
34742002,-437.50,-553.50,-184.6522,-225.0253
34745908,-269.50,-477.50,-170.0540,-212.1300
34749814,-366.50,-462.50,-151.2226,-193.2479
34753720,-575.50,-527.50,-123.5590,-171.5384
34757626,-644.50,-570.50,-98.8712,-155.3246
34761532,-406.50,-521.50,-90.9978,-148.0865
34765438,-173.50,-408.50,-80.8883,-137.3071
34769344,-211.50,-367.50,-46.9510,-109.3159
34773250,-490.50,-425.50,-8.0227,-72.6124
34777156,-544.50,-458.50,9.7041,-44.1097
34781062,-274.50,-372.50,25.8890,-19.3129
34784968,-63.50,-297.50,58.7066,8.7792
34788874,-110.50,-271.50,87.1731,30.2689
34792780,-326.50,-308.50,105.1718,45.4775
34796686,-463.50,-359.50,117.2717,61.8479
34800592,-274.50,-300.50,118.3918,79.6549
34804498,-16.50,-192.50,120.7398,103.0571
34808404,-31.50,-162.50,134.1953,129.0400
34812310,-285.50,-246.50,145.5581,141.1060
34816216,-398.50,-273.50,150.7518,140.5381
34820122,-208.50,-238.50,165.4934,147.9633
34824028,38.50,-159.50,190.8015,163.6097
34827934,81.50,-84.50,213.0091,180.4441
34831840,-143.50,-118.50,229.4416,202.6889
34835746,-278.50,-146.50,245.1432,229.6937
34839652,-169.50,-143.50,260.1021,253.8530
34843558,80.50,-68.50,265.8975,265.0961
34847464,146.50,-9.50,264.5890,266.6941
34851370,-77.50,-42.50,263.7027,270.2876
34855276,-256.50,-76.50,263.5023,281.7795
34859182,-170.50,-84.50,265.9616,298.3736
34863088,79.50,-17.50,268.4121,307.3684
34866994,193.50,42.50,271.0236,306.6956
34870900,17.50,23.50,280.8256,306.7114
34874806,-185.50,-41.50,295.3970,311.2449
34878712,-151.50,-58.50,303.8631,315.4095
34882618,99.50,6.50,301.1317,315.2642
34886524,215.50,67.50,292.8600,312.6686
34890430,55.50,49.50,285.7246,310.3423
34894336,-161.50,-20.50,284.5511,308.8460
34898242,-128.50,-42.50,292.7906,307.8855
34902148,138.50,23.50,309.5435,308.4467
34906054,284.50,64.50,325.7817,306.3917
34909960,187.50,78.50,337.0095,300.4776
34913866,-36.50,39.50,351.7177,304.6214
34917772,-81.50,10.50,363.6811,320.8761
34921678,129.50,58.50,358.1586,333.2238
34925584,284.50,102.50,337.3065,330.8463
34929490,167.50,107.50,311.0922,317.0713
34933396,-84.50,19.50,288.8258,301.2540
34937302,-170.50,-42.50,271.8516,283.2051
34941208,20.50,-4.50,253.8685,264.2793
34945114,203.50,48.50,233.3125,249.3854
34949020,115.50,63.50,211.5955,237.9742
34952926,-132.50,-26.50,192.3390,226.7617
34956832,-228.50,-84.50,181.4038,211.4936
34960738,-52.50,-47.50,176.9667,198.1889
34964644,123.50,-6.50,165.7715,188.7079
34968550,103.50,9.50,145.4321,174.8801
34972456,-175.50,-101.50,126.2322,152.3795
34976362,-312.50,-174.50,107.3661,120.8988
34980268,-166.50,-152.50,89.6871,94.0345
34984174,27.50,-117.50,72.0425,77.1450
34988080,20.50,-79.50,49.0273,62.2430
34991986,-251.50,-162.50,23.3252,48.7819
34995892,-415.50,-256.50,-1.8291,30.5321
34999798,-335.50,-271.50,-26.1309,4.1637
35003704,-108.50,-206.50,-52.3957,-20.4572
35007610,-106.50,-200.50,-79.7899,-39.7353
35011516,-404.50,-310.50,-116.2853,-67.2663
35015422,-628.50,-399.50,-168.1882,-107.3782
35019328,-512.50,-386.50,-209.4154,-137.0832
35023234,-210.50,-318.50,-209.1485,-142.6033
35027140,-154.50,-274.50,-180.0316,-136.9035
35031046,-367.50,-335.50,-161.1677,-136.0072
35034952,-565.50,-399.50,-159.7608,-141.3095
35038858,-512.50,-447.50,-160.6230,-149.7469
35042764,-240.50,-366.50,-157.2191,-160.4054
35046670,-169.50,-316.50,-154.0572,-165.0933
35050576,-319.50,-331.50,-155.0241,-160.4616
35054482,-541.50,-378.50,-149.8287,-146.5978
35058388,-559.50,-430.50,-145.6310,-131.8734
35062294,-288.50,-399.50,-151.8048,-135.5827
35066200,-127.50,-352.50,-149.1417,-156.1045
35070106,-253.50,-349.50,-129.4195,-170.9875
35074012,-480.50,-386.50,-104.0621,-162.7948
35077918,-513.50,-426.50,-87.6325,-139.5840
35081824,-244.50,-367.50,-80.8562,-122.1554
35085730,-76.50,-306.50,-71.1909,-115.0715
35089636,-161.50,-293.50,-56.0827,-110.6398
35093542,-376.50,-337.50,-33.2651,-99.2393
35097448,-396.50,-363.50,-1.6119,-79.1233
35101354,-120.50,-272.50,36.9312,-52.1160
35105260,103.50,-176.50,80.6486,-17.3634
35109166,44.50,-133.50,118.7356,19.5248
35113072,-186.50,-173.50,145.2775,53.1370
35116978,-269.50,-175.50,161.8823,85.5123
35120884,-47.50,-140.50,172.7311,115.4415
35124790,170.50,-47.50,182.8068,136.0782
35128696,156.50,-15.50,194.0854,149.9873
35132602,-99.50,-76.50,206.1004,160.3564
35136508,-207.50,-96.50,213.6319,169.5148
35140414,-29.50,-51.50,217.5269,185.8060
35144320,233.50,16.50,225.3358,203.4393
35148226,240.50,73.50,239.7439,215.2443
35152132,-22.50,11.50,250.0268,224.1927
35156038,-170.50,-44.50,246.5663,227.4223
35159944,-24.50,-33.50,239.0070,224.7787
35163850,235.50,34.50,237.6846,220.0039
35167756,262.50,85.50,240.6101,217.0309
35171662,34.50,37.50,241.7328,218.5176
35175568,-130.50,11.50,242.1243,226.0495
35179474,-8.50,34.50,247.3741,243.4544
35183380,246.50,125.50,254.6977,265.6985
35187286,315.50,169.50,257.8563,282.2866
35191192,128.50,147.50,260.6774,290.1656
35195098,-50.50,91.50,271.4687,295.0240
35199004,-9.50,38.50,280.7758,291.6057
35202910,239.50,112.50,273.2093,273.9684
35206816,340.50,172.50,257.2628,259.2891
35210722,138.50,130.50,244.0724,254.1389
35214628,-97.50,70.50,230.2277,249.7386
35218534,-77.50,51.50,213.6146,246.3714
35222440,185.50,109.50,200.2265,244.0223
35226346,307.50,155.50,194.1583,238.3233
35230252,151.50,87.50,190.1992,220.5070
35234158,-89.50,60.50,185.7102,197.9800
35238064,-107.50,17.50,179.1378,190.2663
35241970,147.50,86.50,171.3770,192.8778
35245876,311.50,141.50,168.8891,195.2215
35249782,181.50,144.50,169.0970,195.9569
35253688,-61.50,80.50,167.8469,196.8267
35257594,-109.50,39.50,165.4136,196.8629
35261500,129.50,99.50,163.0016,195.4291
35265406,333.50,155.50,165.6399,194.5939
35269312,263.50,157.50,175.8481,191.2324
35273218,-0.50,85.50,186.8157,184.5470
35277124,-48.50,59.50,193.6680,179.8636
35281030,114.50,117.50,193.7458,184.3746
35284936,304.50,133.50,177.1156,186.5176
35288842,254.50,144.50,152.2095,170.6204
35292748,-15.50,80.50,135.4927,150.4110
35296654,-140.50,34.50,122.5605,140.0953
35300560,41.50,65.50,110.4226,137.4371
35304466,258.50,129.50,101.6866,136.8137
35308372,243.50,160.50,94.6306,136.0869
35312278,-2.50,73.50,90.1656,131.8412
35316184,-130.50,19.50,90.6718,119.3026
35320090,11.50,32.50,94.1114,105.5639
35323996,255.50,91.50,94.5915,95.4998
35327902,283.50,128.50,93.1914,88.4370
35331808,43.50,80.50,93.0250,86.6104
35335714,-136.50,27.50,89.5179,88.5869
35339620,-36.50,32.50,79.5361,90.4203
35343526,207.50,99.50,65.4301,89.2415
35347432,224.50,112.50,47.1064,81.8900
35351338,-17.50,63.50,20.9416,67.3984
35355244,-204.50,16.50,-3.6096,56.0013
35359150,-122.50,-22.50,-13.1796,49.4861
35363056,103.50,47.50,-16.8633,38.2491
35366962,173.50,83.50,-29.5524,26.8337
35370868,-31.50,33.50,-48.3493,17.4494
35374774,-226.50,-50.50,-59.1335,3.8316
35378680,-191.50,-80.50,-57.8426,-14.1875
35382586,46.50,-25.50,-57.4126,-31.6086
35386492,170.50,16.50,-62.7012,-43.9398
35390398,-31.50,-16.50,-71.9828,-52.7527
35394304,-242.50,-79.50,-83.0429,-58.9104
35398210,-233.50,-112.50,-85.8826,-62.3785
35402116,7.50,-66.50,-82.1261,-67.4973
35406022,141.50,-15.50,-82.3348,-75.2283
35409928,29.50,-15.50,-83.9592,-79.4495
35413834,-221.50,-105.50,-79.7298,-80.2455
35417740,-250.50,-150.50,-75.7363,-87.2548
35421646,-61.50,-94.50,-83.0309,-97.5520
35425552,110.50,-40.50,-101.4622,-102.0818
35429458,7.50,-24.50,-117.1775,-100.2486
35433364,-235.50,-94.50,-120.5917,-93.6860
35437270,-319.50,-141.50,-120.0248,-89.5339
35441176,-116.50,-108.50,-125.2089,-92.2238
35445082,86.50,-47.50,-131.8002,-98.1141
35448988,36.50,-25.50,-130.2868,-100.7685
35452894,-182.50,-96.50,-115.7768,-98.1965
35456800,-291.50,-128.50,-96.6009,-93.7674
35460706,-114.50,-80.50,-88.5018,-84.5429
35464612,173.50,61.50,-80.1483,-59.3207
35468518,154.50,106.50,-53.6813,-16.0124
35472424,-165.50,-47.50,-38.5017,6.9845
35476330,-270.50,-92.50,-54.4084,-15.1297
35480236,-81.50,-45.50,-64.1038,-39.8405
35484142,194.50,54.50,-44.5547,-34.5310
35488048,240.50,55.50,-7.8173,-18.7166
35491954,-29.50,6.50,21.8290,-14.7091
35495860,-176.50,-47.50,28.3921,-16.1229
35499766,-58.50,-14.50,23.7300,-10.3545
35503672,160.50,61.50,13.4137,0.4926
35507578,207.50,80.50,-3.3155,5.2308
35511484,-34.50,39.50,-17.6906,1.1702
35515390,-210.50,-25.50,-25.5885,-1.7092
35519296,-143.50,-60.50,-29.7938,-6.8774
35523202,99.50,9.50,-38.7242,-22.3588
35527108,156.50,22.50,-54.3073,-42.2675
35531014,-47.50,-31.50,-70.1156,-62.7770
35534920,-239.50,-118.50,-76.2915,-81.6709
35538826,-212.50,-155.50,-74.8165,-99.4912
35542732,23.50,-109.50,-81.6571,-120.6281
35546638,102.50,-82.50,-100.7028,-143.7563
35550544,-76.50,-111.50,-122.8947,-162.4483
35554450,-292.50,-168.50,-134.6713,-167.4368
35558356,-282.50,-206.50,-133.7143,-162.6650
35562266,-44.50,-143.50,-132.0854,-161.3202
35566172,99.50,-92.50,-133.5050,-164.0684
35570078,-47.50,-92.50,-133.9708,-163.4610
35573984,-288.50,-137.50,-132.9649,-151.5716
35577890,-301.50,-160.50,-131.0688,-131.0328
35581796,-79.50,-114.50,-129.7080,-116.2494
35585702,112.50,-52.50,-127.1599,-113.1940
35589608,-21.50,-40.50,-122.7646,-112.0787
35593514,-248.50,-126.50,-119.4132,-107.6708
35597420,-280.50,-175.50,-110.3990,-108.7930
35601326,-53.50,-113.50,-92.9619,-112.9054
35605232,142.50,-72.50,-76.9277,-114.3250
35609138,67.50,-58.50,-68.0127,-117.4204
35613044,-184.50,-114.50,-64.2171,-116.8270
35616950,-280.50,-145.50,-64.6677,-107.1371
35620856,-102.50,-124.50,-70.9685,-96.7614
35624762,112.50,-49.50,-80.2394,-93.6100
35628668,82.50,-15.50,-83.6660,-90.4303
35632574,-186.50,-64.50,-81.7754,-79.0109
35636480,-297.50,-164.50,-82.4667,-73.3415
35640386,-128.50,-148.50,-82.3636,-86.7657
35644292,112.50,-72.50,-77.5659,-103.9144
35648198,113.50,-1.50,-69.8046,-101.7381
35652104,-99.50,-1.50,-57.4577,-71.5377
35656010,-239.50,-111.50,-39.9774,-37.8490
35659916,-252.50,-239.50,-49.1418,-55.2971
35663822,-49.50,-166.50,-110.8309,-123.9698
35667728,19.50,-88.50,-172.4824,-171.8494
35671634,-238.50,-184.50,-191.7344,-178.3153
35675540,-404.50,-301.50,-191.5483,-189.8398
35679446,-325.50,-352.50,-190.0777,-224.1644
35683352,-48.50,-285.50,-185.8985,-260.0069
35687258,12.50,-268.50,-176.2164,-282.9907
35691164,-186.50,-303.50,-167.4865,-297.7932
35695070,-376.50,-364.50,-161.8449,-302.7359
35698976,-353.50,-400.50,-160.8663,-297.8704
35702882,-111.50,-363.50,-171.3618,-298.4068
35706788,7.50,-285.50,-180.7196,-304.4944
35710694,-169.50,-281.50,-177.4964,-298.6600
35714600,-364.50,-341.50,-165.4539,-277.8941
35718506,-326.50,-356.50,-147.1810,-253.7428
35722412,-78.50,-263.50,-128.3006,-228.2414
35726318,54.50,-205.50,-115.9711,-202.6635
35730224,-93.50,-213.50,-111.2657,-187.9103
35734130,-286.50,-266.50,-103.6448,-180.9906
35738036,-305.50,-293.50,-87.3368,-169.7721
35741942,-49.50,-212.50,-70.7806,-150.3217
35745848,122.50,-144.50,-55.1082,-127.1886
35749754,-31.50,-141.50,-47.7450,-111.6378
35753660,-293.50,-207.50,-60.1123,-105.6015
35757566,-344.50,-245.50,-81.0099,-101.3085
35761472,-122.50,-188.50,-92.6419,-92.4557
35765378,74.50,-148.50,-90.3780,-85.0950
35769284,-4.50,-136.50,-80.3479,-89.1072
35773190,-245.50,-197.50,-69.6082,-95.7188
35777096,-313.50,-218.50,-59.7758,-90.3544
35781002,-104.50,-192.50,-48.4315,-74.1822
35784908,96.50,-111.50,-38.2622,-59.7771
35788814,48.50,-79.50,-34.6104,-50.0034
35792720,-202.50,-132.50,-35.5704,-40.5011
35796626,-298.50,-164.50,-34.9064,-28.4759
35800532,-106.50,-139.50,-25.5906,-12.7082
35804438,131.50,-83.50,-8.3594,-2.4961
35808344,138.50,-59.50,10.3670,-4.9125
35812250,-131.50,-138.50,21.2679,-16.7757
35816156,-271.50,-190.50,17.3115,-30.3733
35820062,-176.50,-175.50,1.2249,-34.7184
35823968,41.50,-97.50,-25.0325,-28.6490
35827874,59.50,-57.50,-50.9687,-19.7713
35831780,-191.50,-121.50,-67.5367,-16.5810
35835686,-338.50,-168.50,-74.8052,-18.8121
35839592,-240.50,-174.50,-71.9900,-17.8335
35843498,45.50,-118.50,-61.1052,-17.0368
35847404,95.50,-72.50,-44.9183,-20.9341
35851310,-127.50,-132.50,-35.7714,-28.0801
35855216,-328.50,-169.50,-40.0773,-32.8075
35859122,-191.50,-108.50,-37.4702,-14.9590
35863028,109.50,-35.50,-7.1120,26.0902
35866934,93.50,-111.50,18.1281,38.6268
35870840,-118.50,-162.50,-4.5994,-6.3430
35874746,-304.50,-205.50,-41.2265,-56.3054
35878652,-264.50,-237.50,-50.3034,-71.7649
35882558,-22.50,-173.50,-45.2473,-70.0916
35886464,119.50,-138.50,-39.2379,-68.5118
35890370,-70.50,-166.50,-33.5366,-71.7624
35894276,-303.50,-223.50,-35.1007,-75.3992
35898182,-314.50,-257.50,-44.4147,-75.5959
35902088,-73.50,-197.50,-55.8366,-75.3884
35905994,58.50,-138.50,-65.6780,-73.0843
35909900,-72.50,-142.50,-72.5150,-66.7457
35913806,-316.50,-194.50,-73.9716,-56.7536
35917712,-328.50,-239.50,-69.0346,-48.1765
35921618,-86.50,-175.50,-58.0494,-44.3732
35925524,97.50,-122.50,-43.8847,-40.7590
35929430,-18.50,-105.50,-34.9085,-34.8213
35933336,-286.50,-175.50,-37.6004,-27.1877
35937242,-323.50,-221.50,-43.8069,-23.6330
35941148,-111.50,-206.50,-40.4046,-29.7750
35945054,98.50,-148.50,-30.4732,-42.5977
35948960,19.50,-123.50,-23.2486,-50.1329
35952866,-239.50,-184.50,-22.7583,-46.0353
35956772,-339.50,-261.50,-27.5361,-43.9315
35960678,-172.50,-230.50,-35.5755,-52.2057
35964584,39.50,-144.50,-47.3825,-56.5009
35968490,48.50,-111.50,-50.5467,-46.5955
35972396,-224.50,-192.50,-39.9382,-35.7519
35976302,-335.50,-218.50,-30.8009,-32.5724
35980208,-174.50,-208.50,-25.1794,-28.3122
35984114,62.50,-126.50,-19.9130,-21.4261
35988020,77.50,-79.50,-15.4753,-11.4233
35991926,-180.50,-141.50,-12.8006,-0.3967
35995832,-321.50,-207.50,-13.3197,1.9221
35999738,-180.50,-204.50,-8.8146,-3.3851
36003644,30.50,-121.50,-4.8584,-6.2276
36007550,69.50,-64.50,-13.2125,1.3456
36011456,-143.50,-122.50,-22.1701,12.7687
36015362,-335.50,-190.50,-22.6033,15.2874
36019268,-244.50,-206.50,-21.8415,9.0730
36023174,-1.50,-130.50,-24.7704,2.4380
36027080,65.50,-80.50,-30.3847,2.2501
36030986,-138.50,-117.50,-35.9848,6.1397
36034892,-329.50,-190.50,-36.2706,7.5381
36038798,-266.50,-210.50,-29.0236,5.0558
36042704,-32.50,-148.50,-23.4511,1.0289
36046610,77.50,-106.50,-25.5405,-3.2728
36050516,-122.50,-133.50,-32.5145,-8.8148
36054422,-330.50,-207.50,-39.4373,-13.8904
36058328,-309.50,-236.50,-39.7733,-17.4067
36062234,-54.50,-155.50,-34.2871,-15.9628
36066140,80.50,-84.50,-27.7122,-4.7940
36070046,-57.50,-111.50,-21.7659,6.9257
36073952,-325.50,-175.50,-20.9159,10.0892
36077858,-352.50,-193.50,-31.4677,12.3467
36081764,-104.50,-143.50,-43.9492,19.1171
36085670,59.50,-108.50,-45.6211,19.9147
36089576,-35.50,-109.50,-38.0157,9.8272
36093482,-271.50,-168.50,-23.8314,2.4725
36097388,-314.50,-209.50,-8.3473,4.6107
36101294,-108.50,-175.50,-0.0587,7.7081
36105200,80.50,-120.50,-1.2739,4.6967
36109106,14.50,-116.50,-3.4983,-2.7131
36113012,-202.50,-170.50,6.3011,-6.4511
36116918,-239.50,-204.50,33.7258,-1.1839
36120824,-102.50,-184.50,58.2726,6.9780
36124730,65.50,-127.50,47.7934,7.1042
36128636,19.50,-116.50,13.4153,-0.5495
36132542,-252.50,-222.50,-14.3268,-15.3720
36136448,-377.50,-270.50,-32.5571,-36.6816
36140354,-225.50,-256.50,-45.9754,-51.7173
36144260,28.50,-175.50,-49.9453,-54.4617
36148166,-4.50,-125.50,-45.1654,-45.1792
36152072,-236.50,-182.50,-42.9257,-28.8468
36155978,-354.50,-230.50,-39.5666,-16.1141
36159884,-229.50,-222.50,-29.4977,-9.3386
36163790,-8.50,-160.50,-26.2902,-8.5455
36167696,14.50,-130.50,-33.8414,-12.8897
36171602,-216.50,-174.50,-42.4204,-17.1091
36175508,-380.50,-224.50,-46.3727,-15.5618
36179414,-260.50,-225.50,-42.1965,-8.7145
36183320,-6.50,-157.50,-30.5336,-3.2210
36187226,64.50,-85.50,-16.6769,3.7368
36191132,-133.50,-126.50,-4.1976,16.1515
36195038,-283.50,-175.50,11.8570,28.2828
36198944,-256.50,-177.50,26.8414,38.8596
36202850,-29.50,-111.50,21.3648,47.7721
36206756,71.50,-70.50,3.6466,51.0110
36210662,-99.50,-88.50,-3.0048,49.9727
36214568,-334.50,-162.50,-1.5196,49.4814
36218474,-296.50,-186.50,-3.8678,48.1778
36222380,-36.50,-128.50,-4.1423,44.8073
36226286,96.50,-88.50,5.2011,39.8818
36230192,-75.50,-101.50,13.5539,33.5078
36234098,-319.50,-173.50,9.3865,29.5445
36238004,-332.50,-223.50,-3.9628,24.8097
36241910,-82.50,-155.50,-13.2539,18.2211
36245816,93.50,-79.50,-7.5205,20.3923
36249722,-50.50,-79.50,4.5986,31.9410
36253628,-303.50,-166.50,5.6251,39.4954
36257534,-349.50,-239.50,-4.3140,30.3483
36261440,-122.50,-206.50,-12.9039,7.5779
36265346,49.50,-151.50,-15.4174,-13.6547
36269252,-26.50,-131.50,-13.8750,-23.0298
36273158,-273.50,-196.50,-8.0601,-19.7033
36277064,-348.50,-223.50,-2.2982,-9.1217
36280970,-171.50,-186.50,-4.3196,3.9058
36284876,25.50,-148.50,-15.0107,8.5031
36288782,-17.50,-153.50,-23.7341,-4.4073
36292688,-271.50,-233.50,-23.5220,-26.6868
36296594,-392.50,-266.50,-23.7488,-41.8165
36300500,-216.50,-239.50,-28.8802,-40.8171
36304406,12.50,-164.50,-31.3544,-31.2348
36308312,22.50,-127.50,-23.5514,-20.7750
36312218,-224.50,-184.50,-8.3983,-11.0499
36316124,-350.50,-213.50,3.2573,-1.0240
36320030,-214.50,-194.50,8.4217,12.6080
36323936,33.50,-117.50,10.2390,25.5291
36327842,64.50,-64.50,14.9829,36.7166
36331748,-181.50,-122.50,20.9020,46.8921
36335654,-341.50,-188.50,20.7776,49.5660
36339560,-239.50,-205.50,17.4215,42.3736
36343466,59.50,-111.50,22.2786,34.4555
36347372,194.50,-9.50,54.8855,46.8098
36351278,-26.50,-2.50,105.2148,86.9588
36355184,-309.50,-132.50,120.6043,120.5974
36359090,-255.50,-166.50,83.5453,112.7647
36362996,-4.50,-118.50,37.7148,79.4819
36366902,103.50,-68.50,18.6599,52.1890
36370808,-78.50,-76.50,23.5272,43.2060
36374714,-308.50,-139.50,33.4058,51.2479
36378620,-246.50,-125.50,39.9993,69.4892
36382526,-25.50,-72.50,43.0980,89.6799
36386432,101.50,-14.50,37.6275,99.8798
36390338,-56.50,-15.50,29.4152,101.3667
36394244,-298.50,-111.50,26.1341,99.9499
36398150,-271.50,-135.50,29.0416,93.5804
36402056,-15.50,-69.50,41.4871,90.2751
36405962,227.50,22.50,71.1274,99.4077
36409868,39.50,37.50,105.3279,118.7732
36413774,-222.50,-57.50,109.9337,133.6524
36417680,-288.50,-95.50,85.8380,132.4854
36421586,-38.50,-46.50,62.7550,125.4019
36425492,128.50,17.50,53.6877,121.5684
36429398,16.50,23.50,47.7128,118.3852
36433304,-243.50,-63.50,37.9294,112.5049
36437210,-312.50,-136.50,31.1750,99.2783
36441116,-84.50,-81.50,33.2171,85.1538
36445022,112.50,-26.50,40.0157,79.0430
36448928,66.50,-22.50,44.2866,72.8600
36452834,-196.50,-86.50,47.5599,63.2530
36456740,-310.50,-132.50,47.9641,59.0072
36460646,-130.50,-106.50,43.1751,62.1428
36464552,111.50,-46.50,39.4387,63.6704
36468458,98.50,-8.50,43.2083,60.4949
36472364,-154.50,-73.50,51.7035,58.5114
36476270,-270.50,-123.50,60.7798,59.4498
36480176,-128.50,-111.50,69.1204,62.4634
36484082,101.50,-62.50,68.3097,60.4122
36487988,114.50,-44.50,58.5403,46.7587
36491894,-150.50,-100.50,46.6828,28.8208
36495800,-288.50,-133.50,38.8078,22.4657
36499706,-175.50,-125.50,41.2724,33.2015
36503612,74.50,-60.50,45.2107,45.8548
36507518,128.50,-20.50,44.6868,48.6885
36511424,-98.50,-79.50,43.9585,42.7684
36515330,-272.50,-148.50,46.1702,32.3033
36519236,-184.50,-149.50,53.1691,25.1989
36523142,91.50,-78.50,62.3839,25.3403
36527048,196.50,-26.50,75.1351,29.3188
36530954,-10.50,-47.50,88.5862,34.7477
36534860,-206.50,-108.50,97.2275,42.4494
36538766,-176.50,-143.50,100.4495,47.0187
36542672,50.50,-77.50,90.8836,43.3477
36546578,117.50,-44.50,62.9315,34.4381
36550484,-78.50,-79.50,24.2381,20.9344
36554390,-316.50,-145.50,-7.4340,8.0637
36558296,-308.50,-197.50,-22.7196,-0.9065
36562202,-64.50,-114.50,-27.7214,-6.2931
36566108,47.50,-53.50,-34.5674,-2.4838
36570014,-79.50,-58.50,-45.8340,6.1814
36573920,-296.50,-144.50,-45.2487,9.7447
36577826,-322.50,-179.50,-30.8212,6.0886
36581732,-98.50,-149.50,-21.2989,-2.0105
36585638,64.50,-101.50,-24.1216,-14.6520
36589544,-47.50,-86.50,-32.3959,-26.2805
36593450,-265.50,-81.50,-32.4977,-15.3968
36597356,-256.50,-111.50,-9.1249,22.0251
36601266,-107.50,-177.50,19.9304,39.3605
36605172,-12.50,-187.50,3.8693,-3.5804
36609078,-45.50,-143.50,-46.9944,-67.0986
36612984,-303.50,-238.50,-74.1353,-99.9910
36616890,-414.50,-351.50,-77.6305,-121.0731
36620796,-236.50,-325.50,-83.9186,-150.4616
36624702,-50.50,-293.50,-96.4052,-174.6995
36628608,-110.50,-298.50,-113.7161,-194.8033
36632514,-392.50,-383.50,-136.0952,-218.7996
36636420,-512.50,-414.50,-159.3274,-236.6341
36640326,-325.50,-399.50,-167.7489,-235.4257
36644232,-153.50,-346.50,-166.1532,-225.5524
36648138,-80.50,-292.50,-162.4449,-217.5475
36652044,-345.50,-360.50,-146.6864,-210.5752
36655950,-448.50,-378.50,-126.6951,-202.7345
36659856,-303.50,-353.50,-105.2989,-184.1391
36663762,-48.50,-262.50,-81.8015,-155.2613
36667668,5.50,-207.50,-60.6832,-126.1087
36671574,-198.50,-238.50,-39.6833,-103.0843
36675480,-358.50,-272.50,-20.1895,-85.2626
36679386,-258.50,-259.50,-5.7389,-65.7656
36683292,7.50,-191.50,4.5340,-46.4096
36687198,47.50,-145.50,10.4618,-33.6258
36691104,-168.50,-208.50,4.7794,-33.5680
36695010,-361.50,-266.50,-7.2783,-44.8513
36698916,-314.50,-292.50,-16.0681,-55.6572
36702822,-62.50,-242.50,-22.3272,-62.8337
36706728,37.50,-175.50,-23.8808,-65.1782
36710634,-143.50,-196.50,-21.2805,-59.2835
36714540,-333.50,-254.50,-14.8114,-50.1831
36718446,-336.50,-268.50,-8.2999,-41.5751
36722352,-74.50,-176.50,-8.8482,-27.4642
36726258,74.50,-124.50,-5.2171,-7.0352
36730164,-64.50,-143.50,9.1713,5.7960
36734070,-286.50,-207.50,25.1746,6.5339
36737976,-288.50,-242.50,36.8132,3.3890
36741882,10.50,-176.50,53.9962,3.7286
36745788,127.50,-114.50,76.9718,10.7144
36749694,-2.50,-112.50,81.2048,19.2956
36753600,-232.50,-173.50,70.4195,25.5738
36757506,-271.50,-212.50,65.9495,29.4193
36761412,-74.50,-165.50,64.3590,31.8844
36765318,119.50,-90.50,59.5348,36.5867
36769224,47.50,-65.50,60.0009,46.4360
36773130,-202.50,-144.50,67.6740,55.9040
36777036,-303.50,-205.50,68.3729,53.8560
36780942,-132.50,-177.50,53.4441,42.5625
36784848,64.50,-129.50,31.2450,30.2794
36788754,26.50,-110.50,17.7333,19.4766
36792660,-239.50,-176.50,14.9436,12.5932
36796566,-363.50,-210.50,9.1331,12.1918
36800472,-181.50,-175.50,0.5284,20.9835
36804378,35.50,-97.50,-2.0074,35.3830
36808284,29.50,-48.50,0.0806,50.7741
36812190,-207.50,-106.50,4.4038,64.3223
36816096,-296.50,-146.50,16.9063,72.9605
36820002,-176.50,-175.50,36.4809,72.8323
36823908,-32.50,-198.50,30.7345,45.4612
36827814,-48.50,-176.50,-15.7146,-7.6928
36831720,-253.50,-196.50,-62.4272,-45.4714
36835626,-420.50,-256.50,-77.4049,-48.7712
36839532,-335.50,-284.50,-76.7485,-42.5146
36843438,-64.50,-215.50,-75.2618,-44.9580
36847344,-15.50,-182.50,-67.1212,-49.6507
36851250,-218.50,-220.50,-57.2629,-53.2952
36855156,-420.50,-252.50,-55.0477,-52.0055
36859062,-351.50,-252.50,-60.5309,-38.9929
36862968,-112.50,-175.50,-68.0834,-19.4829
36866874,-30.50,-134.50,-72.6043,-3.3435
36870780,-214.50,-172.50,-74.2202,0.7388
36874686,-408.50,-239.50,-71.5570,-6.5939
36878592,-360.50,-271.50,-62.9438,-17.0227
36882498,-106.50,-201.50,-50.7621,-22.7714
36886404,-0.50,-138.50,-40.6734,-17.6006
36890310,-176.50,-156.50,-41.0443,-7.1441
36894216,-400.50,-233.50,-50.2731,-3.4898
36898122,-401.50,-271.50,-58.6645,-9.7834
36902028,-159.50,-206.50,-61.2999,-16.0851
36905934,-9.50,-145.50,-56.9849,-12.9527
36909840,-110.50,-132.50,-45.2335,-2.5789
36913746,-346.50,-195.50,-28.7760,9.5292
36917652,-361.50,-237.50,-14.9563,16.5920
36921558,-132.50,-176.50,-4.2782,19.8644
36925464,48.50,-122.50,6.3699,24.9453
36929370,-47.50,-110.50,15.0314,28.9044
36933276,-296.50,-158.50,18.5010,33.3272
36937182,-369.50,-201.50,14.8561,40.6232
36941088,-154.50,-172.50,10.3047,45.6279
36944994,50.50,-114.50,13.6847,44.9445
36948900,9.50,-107.50,25.8122,39.6196
36952806,-268.50,-164.50,35.1606,33.3135
36956712,-346.50,-200.50,33.1091,31.8728
36960618,-165.50,-155.50,31.1935,40.5991
36964524,71.50,-104.50,38.2221,52.9311
36968430,13.50,-86.50,44.8481,55.9702
36972336,-236.50,-186.50,39.1841,43.1548
36976242,-364.50,-239.50,26.6579,18.9393
36980148,-225.50,-207.50,17.4628,3.9123
36984054,23.50,-126.50,13.8125,9.5019
36987960,21.50,-110.50,16.2111,21.5694
36991866,-254.50,-189.50,11.4222,20.0312
36995772,-417.50,-245.50,-8.4480,4.7554
36999678,-298.50,-274.50,-27.4289,-12.9552
37003584,-78.50,-233.50,-38.8245,-34.3096
37007490,-79.50,-226.50,-55.2664,-60.3675
37011396,-315.50,-313.50,-81.2970,-90.5134
37015302,-545.50,-420.50,-111.4578,-127.5651
37019208,-493.50,-447.50,-145.5525,-165.7188
37023114,-241.50,-394.50,-175.4886,-193.4207
37027020,-203.50,-332.50,-193.2861,-202.4517
37030926,-453.50,-436.50,-214.2862,-206.5962
37034832,-721.50,-572.50,-252.5165,-235.9477
37038738,-719.50,-622.50,-303.0161,-288.0467
37042644,-454.50,-571.50,-343.7175,-331.7292
37046550,-303.50,-536.50,-347.7635,-353.2813
37050456,-530.50,-596.50,-329.8033,-365.2647
37054362,-763.50,-692.50,-326.3134,-381.0571
37058268,-733.50,-723.50,-331.8399,-397.0349
37062174,-512.50,-655.50,-332.0663,-402.1843
37066080,-351.50,-600.50,-329.8698,-395.4744
37069986,-512.50,-623.50,-325.0186,-387.1589
37073892,-754.50,-712.50,-320.2845,-384.8244
37077798,-778.50,-734.50,-317.3374,-384.8294
37081704,-541.50,-666.50,-313.4360,-376.7365
37085610,-366.50,-624.50,-306.8059,-364.3552
37089516,-456.50,-616.50,-294.4604,-357.4714
37093422,-709.50,-672.50,-276.9929,-348.0492
37097328,-720.50,-706.50,-255.4865,-330.9297
37101234,-528.50,-642.50,-233.2974,-310.8515
37105140,-328.50,-562.50,-222.0995,-289.5757
37109046,-395.50,-543.50,-218.1890,-268.7921
37112952,-633.50,-585.50,-208.1156,-247.0090
37116858,-719.50,-629.50,-192.8660,-223.9557
37120764,-512.50,-584.50,-177.4883,-204.8042
37124670,-253.50,-469.50,-156.8719,-184.4552
37128576,-253.50,-429.50,-123.0531,-154.3199
37132482,-490.50,-474.50,-83.7770,-121.2312
37136388,-556.50,-463.50,-47.0690,-85.9169
37140294,-386.50,-432.50,-11.9014,-45.1163
37144200,-112.50,-335.50,18.3202,-11.4124
37148106,-94.50,-236.50,45.7902,20.7208
37152012,-334.50,-274.50,69.1183,63.1011
37155918,-447.50,-334.50,86.9517,98.1664
37159824,-285.50,-286.50,109.8994,118.1393
37163730,16.50,-168.50,143.1592,141.0921
37167636,66.50,-96.50,181.5957,175.2959
37171542,-152.50,-118.50,211.2017,211.4004
37175448,-303.50,-141.50,228.7846,244.6223
37179354,-194.50,-132.50,243.1271,274.2754
37183260,83.50,-44.50,256.4033,294.2500
37187166,173.50,10.50,271.3579,304.8724
37191072,7.50,-53.50,293.0126,305.5915
37194978,-189.50,-52.50,318.3312,306.5498
37198884,-128.50,-37.50,333.7620,328.1681
37202790,139.50,53.50,335.7196,360.5672
37206696,266.50,112.50,338.2550,383.5074
37210602,122.50,106.50,352.6953,396.1204
37214508,-88.50,94.50,375.7759,413.5896
37218414,-58.50,62.50,393.1772,437.7583
37222320,203.50,144.50,399.2562,451.5919
37226226,346.50,204.50,401.1665,454.9365
37230132,210.50,182.50,404.2612,453.4063
37234038,-19.50,128.50,409.8437,449.7304
37237944,-74.50,111.50,406.6779,450.3323
37241850,181.50,150.50,389.6124,450.6622
37245756,319.50,176.50,371.5657,437.2555
37249662,171.50,174.50,350.8088,412.4940
37253568,-70.50,102.50,327.1808,393.5419
37257474,-147.50,30.50,308.1950,378.2275
37261380,27.50,38.50,283.4674,351.3251
37265286,225.50,98.50,252.5574,317.6166
37269192,131.50,85.50,231.6602,291.5027
37273098,-146.50,10.50,218.4334,273.7245
37277004,-254.50,-79.50,199.3468,253.2104
37280910,-96.50,-108.50,170.8912,216.2056
37284816,51.50,-100.50,129.9977,160.2235
37288722,-62.50,-140.50,73.5687,97.0261
37292628,-372.50,-272.50,8.7403,33.8686
37296534,-538.50,-367.50,-53.4259,-27.4839
37300440,-367.50,-388.50,-99.3537,-80.6236
37304346,-226.50,-349.50,-133.1518,-122.2151
37308252,-304.50,-409.50,-180.2441,-162.8821
37312158,-563.50,-443.50,-234.5631,-203.0552
37316064,-708.50,-512.50,-267.1209,-222.9332
37319970,-572.50,-527.50,-274.3127,-228.2011
37323876,-286.50,-431.50,-263.4013,-231.0193
37327782,-239.50,-376.50,-234.8472,-219.8426
37331688,-484.50,-422.50,-204.7098,-197.7575
37335594,-633.50,-478.50,-187.9971,-180.6820
37339500,-485.50,-474.50,-171.2473,-171.5991
37343406,-240.50,-383.50,-148.7452,-162.7372
37347312,-169.50,-367.50,-131.6610,-153.3912
37351218,-399.50,-388.50,-123.7792,-149.1901
37355124,-594.50,-429.50,-123.5182,-141.0387
37359030,-528.50,-446.50,-126.9529,-126.3787
37362936,-251.50,-355.50,-127.0225,-113.2059
37366842,-159.50,-317.50,-118.7687,-101.2923
37370748,-333.50,-335.50,-105.3412,-92.4788
37374654,-481.50,-348.50,-80.2478,-77.6031
37378560,-432.50,-380.50,-40.6088,-53.2258
37382466,-141.50,-266.50,-3.0096,-29.3321
37386372,18.50,-170.50,30.2578,2.4572
37390278,-127.50,-142.50,62.5046,46.3787
37394184,-303.50,-159.50,94.6435,94.4099
37398090,-303.50,-177.50,126.0439,136.2998
37401996,-41.50,-99.50,146.4761,163.2511
37405902,144.50,-14.50,161.2348,182.2665
37409808,66.50,22.50,186.7763,205.5829
37413714,-158.50,-21.50,222.6335,234.9126
37417620,-172.50,-28.50,253.2460,262.9034
37421526,80.50,47.50,273.7320,287.8861
37425432,267.50,137.50,288.8375,312.8020
37429338,195.50,186.50,300.4915,339.6153
37433244,-46.50,139.50,311.7263,367.6046
37437150,-113.50,79.50,319.5310,383.5072
37441056,151.50,170.50,329.6617,389.0308
37444962,368.50,227.50,351.7242,399.0307
37448868,323.50,246.50,374.3728,405.7516
37452774,64.50,182.50,385.0555,402.3119
37456680,-15.50,161.50,386.4484,399.1157
37460586,161.50,168.50,386.0373,399.8429
37464492,371.50,240.50,380.4356,395.8370
37468398,364.50,289.50,370.5990,391.5311
37472304,128.50,217.50,368.4839,391.9538
37476210,16.50,154.50,375.7154,385.9224
37480116,159.50,164.50,383.0374,372.3295
37484022,400.50,222.50,381.4850,357.4890
37487928,419.50,271.50,375.2605,346.4480
37491834,173.50,207.50,369.6300,340.3367
37495740,10.50,138.50,361.2991,331.2464
37499646,98.50,117.50,346.2799,314.5196
37503552,339.50,195.50,323.4054,295.9105
37507458,383.50,235.50,302.0520,284.7256
37511364,156.50,195.50,288.2231,279.8752
37515270,-22.50,146.50,279.7835,278.1775
37519176,52.50,120.50,274.4629,277.1840
37523082,303.50,171.50,267.4220,267.9000
37526988,362.50,219.50,255.5717,252.0164
37530894,152.50,176.50,237.7025,237.0421
37534800,-52.50,112.50,220.0399,224.7222
37538706,-10.50,93.50,209.1370,216.7647
37542612,240.50,155.50,201.7573,212.6642
37546518,342.50,199.50,194.2125,208.1569
37550424,182.50,183.50,187.1773,200.9061
37554330,-53.50,115.50,182.5854,194.1908
37558236,-69.50,64.50,172.7424,185.7355
37562142,171.50,128.50,153.7553,173.6978
37566048,305.50,160.50,135.9328,161.5258
37569954,133.50,99.50,119.1644,138.8322
37573860,-120.50,16.50,97.6385,102.4539
37577766,-188.50,-33.50,70.5882,69.4138
37581672,39.50,23.50,41.1203,51.7213
37585578,207.50,63.50,20.6267,44.7797
37589484,84.50,25.50,10.2081,31.1237
37593390,-161.50,-47.50,2.9397,6.8223
37597296,-215.50,-65.50,-0.2207,-8.8678
37601202,-1.50,16.50,1.0702,0.4575
37605108,183.50,35.50,1.0021,17.9056
37609014,50.50,-26.50,-13.6287,4.6008
37612920,-207.50,-95.50,-44.4462,-37.9368
37616826,-271.50,-132.50,-65.6947,-70.2285
37620732,-53.50,-75.50,-58.5906,-73.5444
37624638,206.50,22.50,-30.0632,-54.7160
37628544,161.50,55.50,1.3765,-26.5359
37632450,-80.50,-25.50,19.0339,-6.8813
37636356,-177.50,-84.50,27.2953,-7.2821
37640266,-37.50,-80.50,32.4411,-21.8154
37644172,169.50,-16.50,23.4614,-39.7706
37648078,149.50,19.50,0.8732,-50.2917
37651984,-106.50,-31.50,-21.8694,-48.2508
37655890,-221.50,-79.50,-31.4808,-39.7541
37659796,-105.50,-80.50,-26.0302,-34.2939
37663702,113.50,-1.50,-26.0830,-35.4816
37667608,150.50,18.50,-37.7837,-39.2482
37671514,-80.50,-47.50,-46.8171,-46.9597
37675420,-239.50,-105.50,-47.2139,-57.7795
37679326,-148.50,-108.50,-42.5860,-64.6172
37683232,91.50,-47.50,-42.5204,-68.9273
37687138,129.50,6.50,-52.6994,-71.1586
37691044,-88.50,-36.50,-70.3844,-68.6827
37694950,-268.50,-113.50,-82.9727,-67.3582
37698856,-239.50,-144.50,-87.9483,-75.0438
37702762,16.50,-93.50,-96.3377,-91.4529
37706668,108.50,-41.50,-104.2453,-106.5156
37710574,-70.50,-60.50,-106.3281,-110.3740
37714480,-293.50,-128.50,-106.0275,-104.5950
37718386,-244.50,-143.50,-103.1102,-97.5274
37722292,5.50,-76.50,-95.3307,-92.0767
37726198,133.50,-27.50,-86.6248,-88.2969
37730104,-0.50,-18.50,-79.1703,-83.5082
37734010,-233.50,-85.50,-69.9990,-72.9260
37737916,-252.50,-124.50,-65.4135,-64.4870
37741822,-3.50,-62.50,-67.1888,-63.7263
37745728,146.50,-9.50,-67.7317,-64.9077
37749634,11.50,-8.50,-69.7480,-65.3743
37753540,-216.50,-77.50,-73.1306,-63.8730
37757446,-214.50,-111.50,-64.2600,-61.2088
37761352,63.50,-18.50,-32.7479,-51.1327
37765258,211.50,80.50,2.6699,-24.2617
37769164,48.50,-8.50,1.1609,-8.2562
37773070,-288.50,-137.50,-50.7194,-40.0524
37776976,-352.50,-160.50,-117.7526,-92.1655
37780882,-150.50,-122.50,-155.1315,-116.8521
37784788,18.50,-64.50,-165.9562,-118.2410
37788694,-28.50,-63.50,-172.6223,-118.8330
37792600,-277.50,-125.50,-172.7160,-121.3418
37796506,-370.50,-162.50,-164.7383,-118.9101
37800412,-204.50,-143.50,-157.6319,-113.2556
37804318,33.50,-85.50,-155.0331,-114.5894
37808224,32.50,-53.50,-147.5860,-120.2412
37812130,-202.50,-105.50,-130.5088,-118.1874
37816036,-333.50,-161.50,-113.5581,-109.6290
37819942,-201.50,-158.50,-106.9931,-105.9620
37823848,51.50,-106.50,-109.3710,-114.2161
37827754,92.50,-50.50,-104.8181,-123.5625
37831660,-132.50,-101.50,-87.7087,-119.7469
37835566,-280.50,-157.50,-68.5148,-108.6608
37839472,-210.50,-156.50,-61.9778,-101.5645
37843378,41.50,-80.50,-74.2025,-99.9175
37847284,79.50,-47.50,-89.8841,-99.9680
37851190,-129.50,-96.50,-97.2337,-101.1328
37855096,-318.50,-155.50,-96.9759,-102.2344
37859002,-246.50,-181.50,-94.5616,-104.0881
37862908,16.50,-106.50,-93.4776,-109.5053
37866814,112.50,-58.50,-88.0655,-112.2620
37870720,-64.50,-80.50,-76.2379,-107.8152
37874626,-271.50,-125.50,-62.6185,-95.5229
37878532,-256.50,-143.50,-57.9884,-79.7762
37882438,-15.50,-88.50,-68.2775,-72.0934
37886344,105.50,-50.50,-80.9174,-76.3352
37890250,-54.50,-60.50,-84.3999,-83.5903
37894156,-276.50,-124.50,-79.7946,-83.0634
37898062,-302.50,-176.50,-78.3283,-81.4173
37901968,-53.50,-125.50,-86.1143,-89.3285
37905874,74.50,-79.50,-95.3151,-101.2756
37909780,-48.50,-77.50,-101.3282,-107.7129
37913686,-290.50,-138.50,-101.8531,-103.9122
37917592,-330.50,-201.50,-100.4058,-99.8105
37921498,-114.50,-153.50,-103.7962,-105.8763
37925404,53.50,-106.50,-110.6182,-116.0615
37929310,-47.50,-88.50,-116.6570,-121.3344
37933216,-286.50,-153.50,-117.5220,-117.3595
37937122,-357.50,-199.50,-114.2728,-110.4148
37941028,-138.50,-164.50,-109.7954,-107.8937
37944934,54.50,-97.50,-104.2297,-108.0522
37948840,-16.50,-91.50,-101.6521,-108.4954
37952746,-267.50,-160.50,-103.5281,-110.1654
37956652,-384.50,-224.50,-109.2196,-115.4712
37960558,-205.50,-213.50,-118.0937,-125.4754
37964464,18.50,-156.50,-123.5261,-138.1131
37968370,-0.50,-131.50,-120.2042,-147.1427
37972276,-246.50,-162.50,-111.8301,-144.0922
37976182,-396.50,-225.50,-109.1719,-131.2976
37980088,-232.50,-239.50,-113.4390,-126.7372
37983994,16.50,-177.50,-112.4505,-137.5072
37987900,58.50,-144.50,-97.6243,-149.2005
37991806,-158.50,-172.50,-72.1137,-148.7084
37995712,-252.50,-193.50,-38.5792,-131.2412
37999618,-111.50,-165.50,2.4494,-100.3200
38003524,50.50,-113.50,21.3106,-73.8829
38007430,30.50,-124.50,-11.1329,-73.4128
38011336,-184.50,-184.50,-65.9122,-99.4321
38015242,-346.50,-233.50,-94.8609,-125.5347
38019148,-238.50,-225.50,-88.7951,-130.4922
38023054,-2.50,-159.50,-70.9368,-119.7888
38026960,89.50,-117.50,-57.9610,-107.9499
38030866,-91.50,-140.50,-46.1483,-100.1639
38034772,-303.50,-193.50,-35.7372,-92.7921
38038678,-272.50,-210.50,-37.5995,-85.6711
38042584,-22.50,-132.50,-49.4070,-79.1480
38046490,82.50,-79.50,-56.6195,-69.2389
38050396,-73.50,-105.50,-53.9991,-59.8533
38054302,-282.50,-162.50,-44.1022,-55.1406
38058208,-274.50,-175.50,-34.8922,-50.7824
38062114,-16.50,-109.50,-30.1978,-42.9021
38066020,121.50,-65.50,-23.6166,-34.7673
38069926,-40.50,-79.50,-19.9831,-32.4328
38073832,-300.50,-159.50,-29.9287,-36.4896
38077738,-319.50,-205.50,-48.3943,-46.7174
38081644,-133.50,-175.50,-67.8391,-61.8277
38085550,29.50,-132.50,-87.5061,-77.7739
38089456,-84.50,-136.50,-100.6108,-89.9587
38093362,-332.50,-187.50,-104.6451,-92.5177
38097268,-408.50,-223.50,-109.5804,-86.1672
38101174,-175.50,-176.50,-115.2376,-77.4130
38105080,37.50,-109.50,-107.8559,-68.8601
38108986,-13.50,-85.50,-85.3852,-58.6969
38112892,-278.50,-144.50,-64.4881,-47.0219
38116798,-331.50,-207.50,-53.7102,-42.1423
38120704,-127.50,-155.50,-40.9229,-43.7054
38124610,79.50,-85.50,-25.4281,-39.5272
38128516,64.50,-63.50,-13.6552,-29.6058
38132422,-184.50,-124.50,-2.8782,-22.3156
38136328,-300.50,-172.50,3.5899,-20.1678
38140234,-141.50,-159.50,4.3993,-21.1485
38144140,91.50,-85.50,3.9531,-22.2699
38148046,123.50,-51.50,11.0866,-19.1900
38151952,-103.50,-117.50,29.6709,-15.0307
38155858,-271.50,-175.50,43.6167,-16.9307
38159764,-170.50,-166.50,37.2133,-21.6049
38163670,48.50,-111.50,14.3356,-25.7891
38167576,83.50,-84.50,-7.8840,-31.4347
38171482,-127.50,-130.50,-15.9585,-37.3351
38175388,-306.50,-190.50,-12.6851,-40.4702
38179294,-257.50,-193.50,-16.0771,-40.9571
38183200,-24.50,-116.50,-35.9987,-38.7750
38187106,53.50,-59.50,-55.2019,-30.3423
38191012,-143.50,-92.50,-59.1039,-17.8224
38194918,-332.50,-162.50,-52.8711,-9.9235
38198824,-271.50,-191.50,-44.1216,-12.5476
38202730,-76.50,-128.50,-45.8863,-22.1789
38206636,25.50,-81.50,-63.3667,-29.0279
38210542,-130.50,-117.50,-76.4774,-32.1418
38214448,-325.50,-192.50,-69.9370,-36.8288
38218354,-314.50,-208.50,-55.2614,-41.7870
38222260,-56.50,-126.50,-45.0038,-38.6230
38226166,86.50,-65.50,-34.3466,-25.0276
38230072,-58.50,-62.50,-22.7322,-8.4591
38233978,-286.50,-143.50,-16.4863,3.3404
38237884,-285.50,-192.50,-12.9001,2.1885
38241790,-51.50,-141.50,-6.1672,-9.2212
38245696,88.50,-91.50,-0.9741,-19.6343
38249602,-15.50,-90.50,-2.5118,-25.0101
38253508,-261.50,-153.50,-5.3162,-24.1198
38257414,-303.50,-177.50,-6.7731,-17.1089
38261320,-84.50,-128.50,-5.3305,-6.4464
38265226,109.50,-79.50,1.7105,0.3253
38269132,19.50,-66.50,9.1476,-0.6383
38273038,-272.50,-143.50,2.6940,-4.1575
38276944,-369.50,-188.50,-22.9041,-8.4586
38280850,-166.50,-159.50,-46.8020,-12.4481
38284756,55.50,-95.50,-49.6452,-15.0872
38288662,21.50,-69.50,-35.9245,-15.0112
38292568,-232.50,-124.50,-21.8933,-9.8076
38296474,-352.50,-188.50,-19.2373,-5.2063
38300380,-176.50,-178.50,-22.6487,-8.7316
38304286,41.50,-106.50,-23.4738,-16.8005
38308192,46.50,-63.50,-20.6159,-17.8909
38312098,-197.50,-126.50,-15.2639,-11.3236
38316004,-329.50,-173.50,-10.4874,-5.5049
38319910,-207.50,-170.50,-8.4445,-2.5617
38323816,48.50,-106.50,-7.8528,-3.5630
38327722,79.50,-81.50,-2.8117,-8.7305
38331628,-170.50,-137.50,0.9824,-16.3250
38335534,-323.50,-190.50,-2.4747,-22.2225
38339440,-221.50,-190.50,-3.5640,-22.0165
38343346,31.50,-138.50,0.1379,-21.4008
38347252,107.50,-73.50,7.4671,-21.5099
38351158,-111.50,-112.50,15.5177,-16.0372
38355064,-317.50,-180.50,15.1701,-9.7887
38358970,-258.50,-196.50,5.9649,-9.3667
38362876,-1.50,-136.50,-2.9347,-13.1044
38366782,110.50,-41.50,-1.4679,-9.0975
38370688,-95.50,-80.50,5.1658,6.8354
38374594,-380.50,-237.50,-6.9322,3.8702
38378500,-335.50,-264.50,-38.6828,-32.6902
38382406,-54.50,-175.50,-54.7133,-62.7903
38386312,87.50,-124.50,-40.5427,-63.1159
38390218,-100.50,-169.50,-23.5874,-58.4759
38394124,-348.50,-224.50,-26.0736,-62.0414
38398030,-351.50,-239.50,-39.1082,-59.6240
38401936,-97.50,-186.50,-45.0529,-48.7765
38405842,49.50,-147.50,-42.4071,-44.7513
38409748,-76.50,-156.50,-40.2895,-52.7614
38413654,-325.50,-210.50,-39.9153,-58.3483
38417560,-367.50,-237.50,-39.7314,-51.2438
38421466,-138.50,-185.50,-39.9097,-37.9385
38425372,43.50,-140.50,-39.4251,-31.3077
38429278,-47.50,-124.50,-38.4886,-33.6798
38433184,-280.50,-194.50,-33.0403,-34.7786
38437090,-336.50,-238.50,-19.2336,-32.4336
38440996,-132.50,-180.50,-3.4107,-26.7958
38444902,58.50,-117.50,2.4476,-17.4343
38448808,-2.50,-106.50,-3.4021,-11.6834
38452714,-256.50,-172.50,-10.7685,-11.5669
38456620,-376.50,-224.50,-16.1883,-13.1402
38460526,-175.50,-200.50,-18.3802,-14.5363
38464432,64.50,-132.50,-10.8970,-16.1465
38468338,64.50,-111.50,5.8225,-17.7825
38472244,-196.50,-170.50,21.3581,-18.4248
38476150,-346.50,-206.50,23.7692,-14.6215
38480056,-208.50,-190.50,13.8582,-5.0282
38483962,27.50,-127.50,0.9915,1.6630
38487868,48.50,-73.50,-6.7253,4.8364
38491774,-188.50,-129.50,-6.7826,11.1973
38495680,-314.50,-181.50,2.8082,18.0459
38499586,-220.50,-194.50,18.2004,20.0059
38503492,29.50,-126.50,23.5823,14.9580
38507398,92.50,-80.50,21.3546,9.6531
38511304,-144.50,-122.50,19.9929,10.0535
38515210,-335.50,-171.50,15.7026,15.4539
38519116,-250.50,-186.50,11.7139,22.5373
38523022,-41.50,-118.50,4.2118,25.2832
38526928,57.50,-85.50,-10.7679,22.2947
38530834,-153.50,-111.50,-22.2870,16.9586
38534740,-348.50,-204.50,-24.7516,10.4413
38538646,-306.50,-225.50,-20.2039,0.1913
38542552,-60.50,-158.50,-15.9422,-8.6153
38546458,59.50,-98.50,-15.7888,-8.6749
38550364,-102.50,-111.50,-15.0499,-2.0222
38554270,-335.50,-176.50,-12.2289,6.8077
38558176,-345.50,-220.50,-13.5102,10.6510
38562082,-86.50,-172.50,-18.6311,4.7764
38565988,64.50,-111.50,-17.8015,-3.9924
38569894,-64.50,-116.50,-10.8668,-7.1690
38573800,-302.50,-182.50,-2.7178,-4.0692
38577706,-348.50,-210.50,0.6853,1.9579
38581612,-79.50,-168.50,2.4058,7.1845
38585518,75.50,-121.50,9.5768,5.9202
38589424,-32.50,-111.50,12.0373,-0.5540
38593330,-300.50,-178.50,4.6595,-3.1391
38597236,-350.50,-240.50,-3.6064,-4.4989
38601142,-127.50,-195.50,-2.9095,-9.2523
38605048,77.50,-111.50,6.2024,-8.8149
38608954,43.50,-100.50,20.4009,-0.4966
38612860,-218.50,-160.50,37.6736,7.4886
38616766,-319.50,-206.50,46.4481,12.1558
38620672,-143.50,-182.50,42.8338,14.8739
38624578,58.50,-115.50,31.2325,14.7338
38628484,33.50,-88.50,18.4544,13.6509
38632390,-218.50,-146.50,13.0071,14.7010
38636296,-335.50,-197.50,15.1539,17.4693
38640202,-154.50,-190.50,24.9684,19.2743
38644108,87.50,-116.50,40.1033,18.1901
38648014,87.50,-79.50,50.8315,18.0891
38651920,-161.50,-137.50,51.4511,19.8940
38655826,-312.50,-176.50,46.6714,23.3149
38659732,-222.50,-184.50,38.3892,28.9819
38663638,25.50,-114.50,23.3952,30.7120
38667544,80.50,-63.50,13.3749,30.6038
38671450,-137.50,-103.50,17.2417,34.6067
38675356,-324.50,-169.50,25.4198,39.1770
38679266,-242.50,-175.50,27.7657,40.7773
38683172,-4.50,-108.50,21.0505,40.3675
38687078,80.50,-76.50,11.9276,37.5611
38690984,-120.50,-101.50,9.1751,32.4967
38694890,-342.50,-152.50,9.0505,33.0344
38698796,-293.50,-169.50,4.2483,40.7952
38702702,-29.50,-94.50,-0.7251,49.1519
38706608,107.50,-56.50,5.1909,53.8502
38710514,-80.50,-78.50,18.3356,51.8741
38714420,-304.50,-157.50,25.2581,45.5415
38718326,-276.50,-178.50,27.1733,39.4058
38722232,-15.50,-98.50,32.7077,40.5289
38726138,129.50,-41.50,41.9769,50.7698
38730044,-10.50,-50.50,49.9125,60.0726
38733950,-241.50,-117.50,56.5644,64.1054
38737856,-271.50,-175.50,60.9927,61.0637
38741762,-37.50,-138.50,59.2022,48.2125
38745668,114.50,-92.50,51.6865,30.8470
38749574,-15.50,-84.50,38.6220,18.0151
38753480,-274.50,-170.50,23.2289,12.1193
38757386,-344.50,-212.50,9.4570,7.0638
38761292,-106.50,-168.50,1.9468,3.3015
38765198,86.50,-116.50,4.7826,1.6049
38769104,-19.50,-108.50,6.1714,-2.5809
38773010,-265.50,-160.50,-1.0243,-4.8276
38776916,-345.50,-192.50,-5.1768,1.5889
38780822,-182.50,-160.50,-7.0443,13.4754
38784728,33.50,-101.50,-16.4025,20.5860
38788634,-15.50,-81.50,-27.0986,19.6650
38792540,-250.50,-146.50,-29.2905,15.8440
38796446,-351.50,-190.50,-20.0798,13.6554
38800352,-213.50,-180.50,-10.0427,13.8197
38804258,13.50,-127.50,-13.6225,10.2570
38808164,11.50,-96.50,-23.0368,2.4979
38812070,-213.50,-156.50,-23.2870,-3.2042
38815976,-344.50,-194.50,-11.8565,-3.2377
38819882,-188.50,-198.50,6.9234,1.3052
38823788,61.50,-117.50,25.6466,5.1962
38827694,86.50,-64.50,36.7714,11.9832
38831600,-152.50,-128.50,36.7278,19.8504
38835506,-322.50,-190.50,30.5404,19.0099
38839412,-230.50,-209.50,25.2391,10.8922
38843318,11.50,-131.50,19.2773,2.9713
38847224,49.50,-85.50,8.4243,2.1772
38851130,-146.50,-129.50,-3.6640,5.0302
38855036,-324.50,-188.50,-4.3917,5.7095
38858942,-271.50,-213.50,4.3765,4.5309
38862848,-33.50,-131.50,5.4768,3.8924
38866754,61.50,-80.50,-2.3368,8.3277
38870660,-129.50,-100.50,-10.1417,15.2205
38874566,-329.50,-184.50,-12.1934,17.5638
38878472,-312.50,-228.50,-9.3458,9.7437
38882378,-78.50,-156.50,-11.3495,-2.3698
38886284,68.50,-121.50,-15.5533,-9.6269
38890190,-130.50,-111.50,-19.5882,-11.7014
38894096,-367.50,-181.50,-32.2859,-6.3581
38898002,-372.50,-212.50,-46.5454,1.4106
38901908,-120.50,-152.50,-49.6108,6.4165
38905814,41.50,-102.50,-41.5870,8.9852
38909720,-66.50,-108.50,-28.7418,6.5877
38913626,-316.50,-173.50,-17.0966,2.8431
38917532,-350.50,-205.50,-11.1846,3.4199
38921438,-94.50,-143.50,-3.7305,10.9245
38925344,70.50,-79.50,8.5241,22.5172
38929250,-9.50,-84.50,15.2057,28.1356
38933156,-241.50,-163.50,20.4895,22.8348
38937062,-362.50,-212.50,22.1295,12.1120
38940968,-175.50,-169.50,6.9061,5.8500
38944874,23.50,-112.50,-15.0638,5.4364
38948780,-32.50,-105.50,-28.2226,3.0427
38952686,-272.50,-168.50,-29.8849,-2.4493
38956592,-360.50,-212.50,-21.2991,-4.9311
38960498,-184.50,-186.50,-7.5346,-2.0213
38964404,42.50,-135.50,2.6340,-0.9633
38968310,48.50,-111.50,10.7683,-6.5855
38972216,-176.50,-164.50,24.9638,-11.8800
38976122,-320.50,-228.50,39.6621,-13.3797
38980028,-186.50,-225.50,43.6568,-16.2651
38983934,31.50,-146.50,34.7941,-20.2678
38987840,39.50,-106.50,19.2595,-18.6836
38991746,-206.50,-174.50,3.7003,-15.6812
38995652,-381.50,-225.50,-9.9859,-17.3724
38999558,-268.50,-216.50,-19.3018,-16.9426
39003464,-28.50,-144.50,-23.2748,-11.6878
39007370,13.50,-92.50,-26.4015,-4.5448
39011276,-186.50,-136.50,-28.9882,2.2926
39015182,-378.50,-168.50,-27.1821,11.0373
39019088,-256.50,-137.50,-16.3851,31.3054
39022994,-29.50,-144.50,-0.1562,46.2810
39026900,16.50,-173.50,0.2761,20.0795
39030806,-174.50,-189.50,-19.0201,-31.1600
39034712,-356.50,-223.50,-31.0821,-55.2800
39038618,-305.50,-237.50,-23.0846,-44.6302
39042524,-28.50,-175.50,-4.4131,-27.5201
39046430,92.50,-110.50,16.8100,-15.2071
39050336,-93.50,-126.50,28.4245,-4.3413
39054242,-328.50,-200.50,23.0872,1.8871
39058148,-335.50,-240.50,8.4972,-2.5484
39062054,-96.50,-183.50,-5.7546,-12.6886
39065960,64.50,-153.50,-10.4324,-21.6347
39069866,-60.50,-161.50,-2.5662,-30.2648
39073772,-309.50,-207.50,7.9015,-32.4796
39077678,-332.50,-242.50,11.3664,-25.8595
39081584,-94.50,-189.50,12.3858,-18.4502
39085490,92.50,-120.50,18.9354,-11.0515
39089396,5.50,-116.50,31.2851,-2.0311
39093302,-252.50,-188.50,42.5806,3.5366
39097208,-338.50,-225.50,41.1893,2.3546
39101114,-125.50,-172.50,28.9859,2.1278
39105020,69.50,-111.50,19.7246,8.1765
39108926,16.50,-110.50,19.2060,13.1534
39112832,-223.50,-180.50,26.9176,10.7045
39116738,-336.50,-222.50,34.0940,4.1850
39120644,-182.50,-181.50,27.6590,2.5200
39124550,42.50,-128.50,11.2901,5.9686
39128456,41.50,-104.50,5.7770,8.1506
39132362,-239.50,-172.50,11.1016,7.5901
39136268,-373.50,-217.50,7.3313,4.9364
39140174,-226.50,-203.50,-4.0044,2.5459
39144080,25.50,-124.50,-9.3383,3.3313
39147986,46.50,-84.50,-3.0839,10.6893
39151892,-184.50,-145.50,9.6547,20.1573
39155798,-338.50,-201.50,19.9561,22.5375
39159704,-236.50,-189.50,22.4608,20.4136
39163610,-0.50,-111.50,14.3125,21.5242
39167516,66.50,-46.50,6.5613,32.2414
39171422,-143.50,-93.50,11.4674,49.4245
39175328,-330.50,-184.50,22.0909,55.1297
39179234,-237.50,-198.50,29.1205,41.7855
39183140,21.50,-132.50,33.9601,24.1282
39187046,95.50,-94.50,38.0154,14.7244
39190952,-123.50,-132.50,34.9326,11.2589
39194858,-312.50,-188.50,27.1783,11.1000
39198764,-248.50,-204.50,28.4054,13.8412
39202670,33.50,-136.50,42.9270,16.6340
39206576,147.50,-87.50,63.3440,19.0094
39210482,-60.50,-109.50,71.1683,20.9622
39214388,-277.50,-178.50,61.0316,22.0749
39218294,-276.50,-217.50,48.2705,19.2552
39222200,-29.50,-161.50,39.5406,11.3309
39226106,85.50,-115.50,30.8907,3.2641
39230012,-72.50,-117.50,17.1395,-0.5607
39233918,-259.50,-178.50,11.5515,2.8288
39237824,-195.50,-175.50,40.1846,15.3154
39241730,35.50,-94.50,91.6840,38.7541
39245636,73.50,-89.50,104.6846,55.7366
39249542,-22.50,-95.50,60.8644,46.7062
39253448,-270.50,-169.50,18.7167,27.4157
39257354,-339.50,-204.50,2.9302,15.8689
39261260,-139.50,-164.50,-7.2012,12.1571
39265166,-17.50,-127.50,-27.6488,8.1802
39269072,-60.50,-86.50,-52.8440,4.6765
39272978,-306.50,-145.50,-59.0997,12.6552
39276884,-370.50,-175.50,-48.0078,26.9116
39280790,-158.50,-145.50,-31.6410,37.1580
39284696,53.50,-93.50,-13.7060,39.0495
39288602,13.50,-63.50,-0.1232,36.2116
39292508,-252.50,-129.50,3.4383,36.0897
39296414,-358.50,-180.50,-3.1922,35.6006
39300320,-210.50,-169.50,-12.4906,31.1022
39304226,26.50,-102.50,-18.5790,24.9952
39308132,23.50,-67.50,-16.3966,23.4279
39312038,-221.50,-133.50,-9.6542,25.6384
39315944,-354.50,-191.50,-6.3740,23.4770
39319850,-224.50,-188.50,-5.4597,16.8185
39323756,21.50,-126.50,-4.6062,9.6641
39327662,48.50,-91.50,-1.3828,5.2732
39331568,-171.50,-143.50,3.7453,3.7171
39335474,-320.50,-214.50,10.7825,-0.0828
39339380,-236.50,-207.50,17.3245,-5.7695
39343286,-11.50,-136.50,12.7841,-6.8301
39347192,59.50,-79.50,1.8138,0.0687
39351098,-148.50,-101.50,-2.3814,13.3120
39355004,-323.50,-143.50,1.3342,30.0916
39358910,-246.50,-147.50,10.5134,46.4071
39362816,11.50,-83.50,22.0447,56.8545
39366722,97.50,-18.50,31.2842,63.4836
39370628,-77.50,-68.50,35.3615,66.9314
39374534,-284.50,-116.50,37.3275,64.9311
39378440,-238.50,-144.50,41.4521,62.7030
39382346,21.50,-91.50,50.1025,60.2516
39386252,139.50,-52.50,61.0333,53.9720
39390158,-18.50,-63.50,66.0493,46.5980
39394064,-271.50,-141.50,60.1472,41.3033
39397970,-286.50,-177.50,43.7973,34.9607
39401876,-32.50,-142.50,29.7135,24.7794
39405782,123.50,-86.50,30.4874,13.9436
39409688,-15.50,-100.50,36.3431,6.0409
39413594,-276.50,-181.50,32.1310,-1.1791
39417500,-303.50,-206.50,20.5732,-8.2463
39421406,-24.50,-125.50,23.7401,-3.3573
39425312,99.50,-94.50,39.3424,10.3139
39429218,-92.50,-156.50,22.5349,2.4709
39433124,-336.50,-223.50,-29.7382,-30.8968
39437030,-356.50,-239.50,-61.2188,-54.5196
39440936,-175.50,-236.50,-55.1687,-57.9539
39444842,-16.50,-197.50,-51.5721,-65.2033
39448748,-79.50,-182.50,-66.4663,-79.7016
39452654,-358.50,-260.50,-84.6133,-89.5631
39456560,-454.50,-303.50,-100.2751,-95.5231
39460466,-293.50,-281.50,-112.6341,-98.8093
39464372,-73.50,-220.50,-121.0802,-100.0068
39468278,-74.50,-190.50,-118.8918,-98.4021
39472184,-325.50,-239.50,-105.0157,-91.3089
39476090,-447.50,-289.50,-93.4460,-82.6526
39479996,-284.50,-280.50,-86.7777,-78.5358
39483902,-30.50,-207.50,-76.9311,-78.3168
39487808,9.50,-126.50,-57.6635,-67.6120
39491714,-209.50,-196.50,-31.0883,-45.2925
39495620,-390.50,-243.50,-13.7795,-31.5688
39499526,-278.50,-250.50,-16.4972,-30.7283
39503432,-45.50,-173.50,-30.0994,-33.3535
39507338,5.50,-137.50,-40.1486,-32.5695
39511244,-189.50,-187.50,-37.5559,-30.7286
39515150,-345.50,-242.50,-20.3985,-31.5129
39519056,-296.50,-248.50,-4.4950,-31.4483
39522962,-46.50,-180.50,-6.5532,-29.5208
39526868,48.50,-141.50,-12.9474,-27.2605
39530774,-142.50,-160.50,-9.0521,-24.4174
39534680,-347.50,-236.50,-1.6499,-21.2851
39538586,-290.50,-241.50,3.6159,-20.0431
39542492,-17.50,-165.50,11.9525,-15.9742
39546398,117.50,-111.50,29.7357,-5.8849
39550304,-47.50,-112.50,50.3788,6.6330
39554210,-256.50,-168.50,64.9296,20.9001
39558116,-253.50,-203.50,71.6938,30.8809
39562022,-15.50,-130.50,70.2301,34.0161
39565928,131.50,-79.50,66.1606,37.1845
39569834,-16.50,-79.50,63.5379,41.5349
39573740,-240.50,-139.50,62.3469,47.1631
39577646,-271.50,-174.50,62.9904,52.4378
39581552,-32.50,-124.50,64.2071,54.2869
39585458,135.50,-68.50,66.7528,53.8366
39589364,33.50,-52.50,69.5876,54.7785
39593270,-255.50,-116.50,64.0724,60.0907
39597176,-308.50,-174.50,46.8413,62.2108
39601082,-117.50,-143.50,29.3562,54.7894
39604988,48.50,-111.50,13.3788,39.6603
39608894,-8.50,-81.50,-1.4656,24.5688
39612800,-239.50,-149.50,-2.6501,19.7686
39616706,-335.50,-187.50,7.0471,22.4972
39620612,-126.50,-164.50,17.4377,25.9650
39624518,105.50,-92.50,30.8924,28.5027
39628424,66.50,-61.50,45.1926,32.5082
39632330,-189.50,-126.50,50.1628,37.3102
39636236,-318.50,-177.50,44.0380,37.6628
39640142,-179.50,-158.50,31.9709,35.9567
39644048,63.50,-65.50,20.7436,40.0680
39647954,96.50,-32.50,23.2282,52.1920
39651860,-134.50,-74.50,40.6223,64.5680
39655766,-257.50,-105.50,61.0061,75.7660
39659672,-122.50,-88.50,79.8049,90.4314
39663578,134.50,-17.50,94.7121,103.6487
39667484,178.50,39.50,105.3354,113.4258
39671390,-45.50,-10.50,111.4692,121.1045
39675296,-219.50,-90.50,112.3248,119.6079
39679202,-125.50,-101.50,111.4333,107.3925
39683108,124.50,-18.50,110.4173,97.4014
39687014,203.50,20.50,110.8291,97.4856
39690920,-30.50,-30.50,107.7529,96.9238
39694826,-226.50,-106.50,96.3356,87.3019
39698732,-201.50,-143.50,80.7238,71.3015
39702638,46.50,-79.50,62.9812,54.6938
39706544,133.50,-34.50,47.1702,44.2482
39710450,-43.50,-68.50,36.0004,38.0921
39714356,-243.50,-109.50,33.4354,36.7212
39718266,-270.50,-152.50,32.6314,40.9707
39722172,-58.50,-106.50,14.0376,39.3032
39726078,81.50,-79.50,-13.3303,25.7380
39729984,-28.50,-99.50,-21.5490,5.8942
39733890,-306.50,-175.50,-14.6212,-10.6015
39737796,-344.50,-217.50,-21.2791,-21.0704
39741702,-111.50,-171.50,-40.2728,-28.3969
39745608,74.50,-117.50,-47.6489,-33.2564
39749514,-56.50,-102.50,-42.8650,-33.5729
39753420,-297.50,-169.50,-40.3211,-27.7025
39757326,-335.50,-209.50,-39.0594,-21.8135
39761232,-141.50,-166.50,-36.4779,-19.4023
39765138,48.50,-111.50,-38.8474,-19.4003
39769044,-29.50,-96.50,-43.4556,-20.9326
39772950,-275.50,-169.50,-44.4755,-22.3089
39776856,-355.50,-218.50,-42.1207,-25.2571
39780762,-196.50,-202.50,-43.2733,-31.0802
39784668,23.50,-154.50,-51.6716,-41.1938
39788574,-16.50,-120.50,-57.0825,-50.6190
39792480,-271.50,-191.50,-56.8412,-52.8564
39796386,-378.50,-250.50,-56.2924,-54.4223
39800292,-238.50,-223.50,-57.3357,-57.0984
39804198,-15.50,-143.50,-63.8268,-53.8828
39808104,17.50,-96.50,-65.1173,-42.2589
39812010,-239.50,-180.50,-54.8926,-32.8583
39815916,-393.50,-252.50,-50.1083,-39.3896
39819822,-259.50,-249.50,-54.0679,-54.8934
39823728,-17.50,-178.50,-56.4561,-65.0503
39827634,33.50,-124.50,-51.7875,-63.8970
39831540,-182.50,-173.50,-40.0034,-54.9187
39835446,-344.50,-229.50,-26.6063,-46.7065
39839352,-261.50,-221.50,-18.4287,-39.6738
39843258,16.50,-161.50,-14.2386,-33.6481
39847164,81.50,-120.50,-5.7243,-32.6702
39851070,-149.50,-162.50,-1.6981,-36.3008
39854976,-358.50,-232.50,-12.3081,-41.0099
39858882,-336.50,-248.50,-33.1855,-44.7787
39862788,-81.50,-189.50,-56.1794,-47.8297
39866694,67.50,-112.50,-60.2768,-45.8055
39870600,-67.50,-90.50,-32.8364,-27.8438
39874506,-352.50,-207.50,-4.9698,-6.0223
39878412,-424.50,-308.50,-25.0823,-18.2725
39882318,-159.50,-260.50,-80.0611,-63.8152
39886224,-15.50,-180.50,-112.3030,-97.4586
39890130,-160.50,-202.50,-111.3368,-102.0163
39894036,-456.50,-320.50,-110.5144,-104.0664
39897942,-481.50,-362.50,-128.4157,-120.4443
39901848,-235.50,-302.50,-146.5167,-134.7237
39905754,-111.50,-275.50,-155.3720,-141.5076
39909660,-233.50,-261.50,-168.8062,-150.0679
39913566,-460.50,-321.50,-178.2627,-151.5041
39917472,-469.50,-345.50,-164.9991,-139.0193
39921378,-240.50,-280.50,-133.8699,-117.3001
39925284,-58.50,-212.50,-108.5292,-95.4140
39929190,-104.50,-180.50,-95.4841,-80.0001
39933096,-317.50,-237.50,-75.9899,-66.5115
39937002,-389.50,-271.50,-46.6193,-51.6766
39940908,-181.50,-234.50,-21.2005,-37.0694
39944814,26.50,-163.50,-6.8456,-26.7041
39948720,-15.50,-133.50,-2.5421,-21.2834
39952626,-256.50,-197.50,-1.2556,-17.3452
39956532,-383.50,-264.50,-0.2340,-16.7606
39960438,-194.50,-238.50,1.6417,-19.1792
39964344,30.50,-164.50,7.5937,-19.3881
39968250,16.50,-137.50,12.1519,-17.6359
39972156,-260.50,-217.50,5.5106,-21.1139
39976062,-398.50,-265.50,-10.2159,-29.1066
39979968,-239.50,-256.50,-16.6318,-31.0782
39983874,-14.50,-188.50,-11.0906,-28.2257
39987780,35.50,-157.50,-4.5981,-28.4341
39991686,-188.50,-207.50,4.2653,-32.1003
39995592,-350.50,-251.50,15.3511,-31.6660
39999498,-239.50,-237.50,25.1161,-20.2859
40003404,35.50,-145.50,35.7270,-1.4197
40007310,85.50,-116.50,46.7366,13.8036
40011216,-156.50,-172.50,45.6803,13.7017
40015122,-341.50,-221.50,32.4853,5.7252
40019028,-271.50,-184.50,24.2949,13.3863
40022934,-34.50,-191.50,21.2365,25.8327
40026840,66.50,-132.50,17.0087,15.9648
40030746,-110.50,-154.50,17.0123,0.2937
40034652,-312.50,-207.50,25.3193,0.7804
40038558,-280.50,-238.50,36.1844,9.0488
40042464,6.50,-144.50,47.6128,17.8923
40046370,128.50,-85.50,62.7014,31.2193
40050276,-82.50,-82.50,64.6597,46.9398
40054182,-314.50,-156.50,45.2448,59.4174
40058088,-316.50,-200.50,26.1552,62.0698
40061994,-72.50,-147.50,19.5259,54.6844
40065900,80.50,-106.50,20.0436,44.0343
40069806,-28.50,-96.50,25.0224,35.6480
40073712,-255.50,-144.50,37.8039,38.9552
40077618,-302.50,-191.50,51.5058,50.3641
40081524,-90.50,-144.50,52.7243,56.4197
40085430,98.50,-100.50,44.8782,53.2150
40089336,-41.50,-92.50,32.8103,44.1998
40093242,-288.50,-170.50,15.4199,35.5063
40097148,-352.50,-221.50,3.9015,27.7941
40101054,-146.50,-190.50,4.2109,20.7617
40104960,62.50,-154.50,8.7286,11.5422
40108866,29.50,-113.50,17.3266,1.8115
40112772,-239.50,-171.50,28.6819,2.8452
40116678,-350.50,-205.50,30.8776,13.5275
40120584,-170.50,-178.50,24.2682,25.8919
40124490,42.50,-130.50,16.7052,31.2224
40128396,16.50,-112.50,9.6385,24.7246
40132302,-238.50,-180.50,3.9803,12.6808
40136208,-376.50,-246.50,-0.7033,0.1358
40140114,-230.50,-230.50,-4.8099,-9.1674
40144020,21.50,-146.50,-6.1431,-9.2689
40147926,5.50,-111.50,-7.2474,-0.5012
40151832,-238.50,-156.50,-15.5029,8.7126
40155738,-373.50,-208.50,-21.6617,14.6683
40159644,-230.50,-180.50,-10.6861,23.4230
40163550,22.50,-100.50,9.4225,38.5684
40167456,71.50,-74.50,23.4956,51.0209
40171362,-152.50,-124.50,28.0797,50.4197
40175268,-331.50,-184.50,28.5232,42.3274
40179174,-255.50,-191.50,28.5554,37.2824
40183080,-28.50,-130.50,21.5663,35.5125
40186986,54.50,-106.50,7.5909,30.5749
40190892,-175.50,-159.50,-6.9182,16.9916
40194798,-399.50,-225.50,-23.6093,0.1940
40198704,-362.50,-248.50,-40.9966,-10.7337
40202610,-111.50,-193.50,-53.6780,-16.6570
40206516,-15.50,-159.50,-61.7290,-23.0728
40210422,-207.50,-207.50,-71.5529,-35.4740
40214328,-439.50,-278.50,-83.5896,-51.9023
40218234,-430.50,-336.50,-91.9058,-68.5973
40222140,-207.50,-293.50,-99.1962,-87.4419
40226046,-108.50,-262.50,-115.8568,-106.6701
40229952,-268.50,-277.50,-142.8788,-122.3815
40233858,-519.50,-352.50,-166.2232,-131.4181
40237764,-556.50,-396.50,-179.6659,-136.3486
40241670,-398.50,-367.50,-199.3618,-143.6813
40245576,-299.50,-347.50,-243.4124,-159.2243
40249482,-435.50,-362.50,-299.6823,-182.4156
40253388,-700.50,-463.50,-339.9340,-206.1158
40257294,-793.50,-549.50,-362.2955,-233.2983
40261200,-589.50,-512.50,-378.6480,-261.7119
40265106,-379.50,-455.50,-384.1174,-277.3492
40269012,-440.50,-425.50,-372.0269,-275.3683
40272918,-689.50,-512.50,-351.6106,-265.4333
40276824,-824.50,-573.50,-343.4318,-263.6916
40280730,-650.50,-552.50,-356.0247,-270.9517
40284636,-406.50,-477.50,-367.3795,-275.2342
40288542,-461.50,-440.50,-361.9741,-268.4673
40292448,-735.50,-540.50,-357.0938,-260.1054
40296354,-815.50,-577.50,-355.2020,-261.2476
40300260,-600.50,-536.50,-331.5563,-257.0866
40304166,-366.50,-446.50,-289.8889,-237.5606
40308072,-322.50,-393.50,-251.4020,-210.3786
40311978,-536.50,-449.50,-215.3157,-185.6507
40315884,-644.50,-477.50,-176.8753,-166.4147
40319790,-469.50,-440.50,-134.7873,-143.4000
40323696,-194.50,-344.50,-91.4189,-113.9737
40327602,-162.50,-268.50,-57.7066,-81.4456
40331508,-367.50,-317.50,-38.2664,-51.5639
40335414,-512.50,-351.50,-21.0539,-29.9517
40339320,-377.50,-361.50,5.4755,-14.7440
40343226,-84.50,-273.50,40.6060,-4.8449
40347132,15.50,-188.50,79.7385,9.4617
40351038,-173.50,-188.50,114.9391,38.0489
40354944,-367.50,-202.50,138.4561,78.6724
40358850,-271.50,-197.50,153.8285,121.8444
40362756,19.50,-106.50,173.5115,155.4016
40366662,143.50,-9.50,201.1379,182.6661
40370568,-24.50,-25.50,227.2715,209.5688
40374474,-244.50,-86.50,243.7078,228.7646
40378380,-208.50,-103.50,249.9225,237.4548
40382286,61.50,-49.50,253.4004,238.9883
40386192,213.50,-2.50,262.6882,233.5001
40390098,92.50,14.50,279.9843,228.4717
40394004,-143.50,-73.50,300.1309,230.4016
40397910,-160.50,-70.50,310.0085,235.8000
40401816,111.50,22.50,311.0367,252.0631
40405722,282.50,80.50,317.1753,276.2604
40409628,182.50,85.50,328.7076,289.7646
40413534,-48.50,-15.50,342.5131,286.3361
40417440,-79.50,-37.50,356.6070,273.2042
40421346,162.50,30.50,368.5871,268.8958
40425252,315.50,98.50,370.9680,277.3544
40429158,221.50,111.50,355.9716,285.0923
40433064,-42.50,21.50,334.4093,283.9148
40436970,-98.50,-50.50,321.9319,269.1506
40440876,83.50,-15.50,318.8005,247.0706
40444782,259.50,35.50,307.9267,227.8238
40448688,182.50,30.50,281.0227,209.0290
40452594,-63.50,-53.50,253.7712,187.4873
40456500,-181.50,-130.50,238.7298,164.6894
40460406,-32.50,-96.50,227.6206,146.3132
40464312,105.50,-76.50,197.6149,129.7576
40468218,54.50,-69.50,142.7298,103.8796
40472124,-254.50,-174.50,81.9995,70.1418
40476030,-432.50,-270.50,26.2388,32.8376
40479936,-368.50,-305.50,-28.7157,-7.9690
40483842,-193.50,-319.50,-90.3470,-59.0300
40487748,-249.50,-331.50,-157.4405,-122.0555
40491654,-486.50,-400.50,-214.3464,-176.4071
40495560,-649.50,-485.50,-242.4664,-207.4796
40499466,-608.50,-545.50,-255.0134,-230.6220
40503372,-394.50,-512.50,-281.1792,-264.1720
40507278,-361.50,-475.50,-313.9342,-297.4352
40511184,-552.50,-513.50,-330.0576,-312.1931
40515090,-757.50,-577.50,-327.4431,-309.2407
40518996,-634.50,-580.50,-313.3732,-298.3620
40522902,-334.50,-450.50,-281.3093,-276.1680
40526808,-236.50,-396.50,-235.7689,-239.7643
40530714,-438.50,-431.50,-203.5924,-210.3599
40534620,-652.50,-512.50,-195.5876,-201.7950
40538526,-618.50,-527.50,-200.1854,-204.1223
40542432,-331.50,-399.50,-198.9765,-194.3112
40546338,-159.50,-305.50,-173.9138,-157.7646
40550244,-250.50,-346.50,-121.6578,-118.2757
40554150,-481.50,-417.50,-63.9989,-102.2758
40558056,-463.50,-432.50,-28.8163,-99.8100
40561962,-213.50,-339.50,-15.3012,-89.7472
40565868,-74.50,-255.50,-10.6198,-66.9455
40569774,-187.50,-224.50,-9.1732,-36.6098
40573680,-386.50,-258.50,2.6277,0.3738
40577586,-354.50,-293.50,36.5336,36.0131
40581492,-96.50,-226.50,85.6046,58.2017
40585398,118.50,-144.50,132.8363,70.4017
40589304,29.50,-132.50,167.6231,80.4320
40593210,-200.50,-173.50,188.2888,93.9506
40597116,-232.50,-207.50,203.1248,113.0841
40601022,-15.50,-130.50,219.9773,135.3286
40604928,180.50,-44.50,232.4828,158.5451
40608834,141.50,-18.50,239.0019,177.6538
40612740,-80.50,-95.50,250.6564,187.2014
40616646,-168.50,-108.50,267.4374,193.1312
40620552,55.50,-46.50,285.3535,209.8708
40624458,311.50,48.50,310.3007,235.7420
40628364,291.50,95.50,338.1576,259.6552
40632270,61.50,60.50,356.7674,281.2905
40636176,-76.50,15.50,361.8973,301.4957
40640082,45.50,16.50,350.6222,311.4338
40643988,273.50,80.50,326.2982,303.4135
40647894,311.50,122.50,309.8475,288.3967
40651800,83.50,79.50,313.0088,282.4074
40655706,-88.50,33.50,319.1895,288.1619
40659612,33.50,48.50,314.9059,299.1081
40663518,272.50,129.50,304.9455,307.3646
40667424,322.50,176.50,296.5661,310.9171
40671330,134.50,112.50,296.7229,308.0268
40675236,-50.50,48.50,305.3303,298.2232
40679142,58.50,13.50,314.6697,283.7627
40683048,299.50,80.50,320.3105,264.4412
40686954,350.50,129.50,314.7139,247.4935
40690860,147.50,90.50,295.5086,238.3061
40694766,-64.50,37.50,274.5402,236.2851
40698672,-21.50,-0.50,258.8215,236.4845
40702578,228.50,89.50,247.6656,233.7231
40706484,340.50,138.50,241.8991,232.3824
40710390,183.50,115.50,241.6154,231.1852
40714296,-46.50,38.50,243.2187,226.9134
40718202,-45.50,5.50,238.4533,220.1625
40722108,219.50,59.50,230.2488,210.6667
40726014,379.50,125.50,232.7441,201.7139
40729920,203.50,100.50,237.2910,194.4324
40733826,-45.50,33.50,225.9098,187.8537
40737732,-94.50,-5.50,201.5997,183.1848
40741638,112.50,48.50,172.8574,179.8236
40745544,275.50,91.50,146.7281,172.6251
40749450,176.50,97.50,132.0206,160.6916
40753356,-110.50,41.50,123.0689,154.9569
40757267,-153.50,-8.50,109.9081,157.5840
40761173,63.50,31.50,101.5100,157.9965
40765079,256.50,76.50,101.7194,149.5495
40768985,159.50,81.50,98.2633,133.4687
40772891,-113.50,-28.50,83.3825,112.2179
40776797,-213.50,-86.50,61.7496,86.3273
40780703,-15.50,-56.50,46.1235,65.4407
40784609,194.50,-2.50,40.9041,53.2434
40788515,157.50,21.50,39.8032,44.2242
40792421,-97.50,-50.50,38.2184,38.1770
40796327,-213.50,-125.50,35.8906,30.7753
40800233,-89.50,-130.50,28.4952,15.5404
40804139,141.50,-64.50,11.7163,-4.8046
40808045,146.50,-5.50,-2.4327,-15.1892
40811951,-79.50,-64.50,-2.6562,-9.0565
40815857,-221.50,-122.50,6.7096,0.6258
40819763,-112.50,-112.50,13.0798,5.7902
40823669,160.50,-33.50,12.9904,8.3278
40827575,195.50,22.50,17.0133,12.8042
40831481,-14.50,-20.50,25.7615,20.8913
40835387,-178.50,-93.50,35.7224,26.7027
40839293,-143.50,-94.50,35.4583,27.0061
40843199,106.50,-47.50,14.4168,21.1535
40847105,195.50,-3.50,-4.5090,8.9756
40851011,-16.50,-41.50,-6.4371,-2.6782
40854917,-233.50,-111.50,-6.8796,-7.9474
40858823,-166.50,-121.50,-12.1835,-7.8224
40862729,68.50,-47.50,-17.7000,-4.1803
40866635,146.50,-4.50,-27.8353,-1.2316
40870541,-53.50,-25.50,-47.4612,-2.7425
40874447,-258.50,-95.50,-65.2717,-4.5187
40878353,-232.50,-127.50,-68.6784,-5.2119
40882259,31.50,-47.50,-60.2400,-4.6353
40886165,159.50,-4.50,-48.9170,-2.2137
40890071,18.50,18.50,-41.9447,2.1262
40893977,-185.50,-29.50,-33.6261,17.1454
40897883,-224.50,-154.50,-23.6980,23.0077
40901789,-10.50,-135.50,-27.7243,-8.8857
40905695,133.50,-56.50,-45.8137,-51.0009
40909601,46.50,-56.50,-58.9588,-68.3301
40913507,-196.50,-110.50,-55.3151,-64.0497
40917413,-264.50,-149.50,-49.1159,-51.5354
40921319,-47.50,-94.50,-52.9227,-37.9858
40925225,163.50,-34.50,-54.5713,-28.6145
40929131,105.50,-15.50,-42.5695,-26.2729
40933037,-170.50,-84.50,-29.0005,-27.0363
40936943,-277.50,-140.50,-34.0992,-28.6857
40940849,-91.50,-105.50,-53.4101,-30.2079
40944755,118.50,-54.50,-68.6691,-32.8312
40948661,63.50,-47.50,-75.7570,-42.4681
40952567,-200.50,-91.50,-82.5029,-52.7785
40956473,-312.50,-133.50,-91.1060,-50.8413
40960379,-143.50,-127.50,-94.6480,-41.6444
40964285,95.50,-68.50,-90.7290,-40.4712
40968191,79.50,-45.50,-84.6464,-48.9467
40972097,-169.50,-112.50,-83.8008,-60.5619
40976003,-332.50,-168.50,-91.2268,-70.1660
40979909,-204.50,-160.50,-103.1360,-73.0191
40983815,63.50,-97.50,-108.6278,-72.1452
40987721,91.50,-63.50,-101.1104,-73.4008
40991627,-143.50,-111.50,-91.9814,-76.9610
40995533,-340.50,-161.50,-94.1659,-77.7331
40999439,-266.50,-150.50,-109.7689,-70.3011
41003345,-16.50,-79.50,-130.4070,-58.1077
41007251,51.50,-47.50,-141.6304,-51.2332
41011157,-156.50,-89.50,-141.0000,-54.5293
41015063,-321.50,-127.50,-130.6926,-57.0417
41018969,-254.50,-140.50,-112.4450,-49.1601
41022875,12.50,-73.50,-95.7457,-39.2068
41026781,106.50,-36.50,-85.3142,-36.2269
41030687,-65.50,-67.50,-79.3139,-41.1123
41034593,-256.50,-144.50,-69.8208,-49.6208
41038499,-232.50,-157.50,-55.4850,-55.6399
41042405,14.50,-83.50,-47.4032,-53.2379
41046311,112.50,-28.50,-51.8118,-43.7497
41050217,-34.50,-34.50,-64.2506,-34.7338
41054123,-253.50,-126.50,-69.5847,-32.1401
41058029,-261.50,-172.50,-64.0885,-41.2143
41061935,-22.50,-106.50,-58.1954,-53.4652
41065841,154.50,-64.50,-51.7282,-59.0682
41069747,19.50,-76.50,-43.6559,-64.3151
41073653,-245.50,-129.50,-44.1586,-68.0071
41077559,-317.50,-169.50,-60.1550,-64.5844
41081465,-90.50,-118.50,-81.4817,-58.4739
41085371,109.50,-56.50,-89.4826,-53.9130
41089277,-2.50,-49.50,-86.0217,-51.7514
41093183,-252.50,-137.50,-86.1131,-54.2956
41097089,-322.50,-207.50,-88.6913,-66.6962
41100995,-121.50,-166.50,-87.4028,-83.1004
41104901,78.50,-101.50,-85.6034,-91.3213
41108807,31.50,-82.50,-85.2458,-91.0962
41112713,-207.50,-168.50,-81.1446,-91.3257
41116619,-313.50,-207.50,-72.9905,-95.3122
41120525,-111.50,-185.50,-61.8496,-96.2370
41124431,115.50,-92.50,-47.5942,-90.2258
41128337,84.50,-58.50,-38.9069,-77.7230
41132243,-196.50,-133.50,-46.3400,-67.4475
41136149,-332.50,-188.50,-65.4224,-67.2450
41140055,-191.50,-186.50,-79.8117,-72.0880
41143961,48.50,-122.50,-84.7682,-79.0759
41147867,55.50,-94.50,-86.2972,-86.9400
41151773,-191.50,-137.50,-90.1760,-90.8521
41155679,-360.50,-195.50,-97.1747,-87.8583
41159585,-223.50,-213.50,-98.4190,-84.6880
41163491,-12.50,-142.50,-96.6168,-88.7330
41167397,50.50,-108.50,-101.6703,-95.2535
41171303,-153.50,-157.50,-103.7903,-100.8559
41175209,-347.50,-211.50,-96.9911,-103.2511
41179115,-269.50,-228.50,-91.0692,-100.6005
41183021,-16.50,-157.50,-89.9322,-97.8169
41186927,93.50,-109.50,-85.7916,-96.0480
41190833,-130.50,-129.50,-79.5805,-92.5372
41194739,-339.50,-198.50,-81.3791,-86.4714
41198645,-284.50,-225.50,-84.5525,-82.3856
41202551,-33.50,-153.50,-81.2436,-81.7074
41206457,67.50,-96.50,-79.0708,-79.0212
41210363,-97.50,-130.50,-82.8332,-77.0805
41214269,-336.50,-174.50,-87.4439,-75.6176
41218175,-305.50,-196.50,-86.8135,-66.8663
41222081,-56.50,-132.50,-78.1806,-54.0501
41225987,91.50,-85.50,-67.2955,-46.6514
41229893,-56.50,-101.50,-62.9952,-48.8255
41233799,-303.50,-156.50,-65.6423,-52.6759
41237705,-320.50,-199.50,-68.4557,-51.1769
41241611,-80.50,-139.50,-65.0405,-47.0811
41245517,128.50,-75.50,-51.7931,-41.6507
41249423,9.50,-73.50,-34.2621,-36.7769
41253329,-251.50,-126.50,-26.9754,-31.7951
41257235,-321.50,-186.50,-32.7287,-27.5406
41261141,-132.50,-120.50,-45.2933,-24.6213
41265047,55.50,-63.50,-61.7794,-19.0056
41268953,-16.50,-62.50,-75.7746,-16.8726
41272859,-278.50,-149.50,-82.4825,-25.1647
41276765,-366.50,-200.50,-83.6099,-39.0332
41280671,-176.50,-175.50,-80.2255,-49.1564
41284577,48.50,-115.50,-74.7586,-54.5009
41288483,19.50,-95.50,-69.1792,-58.6494
41292389,-239.50,-160.50,-65.1104,-61.3640
41296295,-366.50,-237.50,-65.0067,-66.3770
41300201,-202.50,-220.50,-65.4293,-75.7466
41304107,85.50,-160.50,-55.3736,-84.8447
41308013,71.50,-126.50,-34.7515,-90.0457
41311919,-178.50,-165.50,-23.3812,-87.8444
41315825,-332.50,-220.50,-25.6182,-78.0877
41319731,-160.50,-185.50,-21.5200,-63.2478
41323637,144.50,-52.50,4.6885,-36.1294
41327543,78.50,-84.50,25.5473,-10.4178
41331449,-236.50,-193.50,-7.7119,-24.8502
41335355,-399.50,-257.50,-70.7989,-69.2597
41339261,-278.50,-223.50,-100.3296,-93.5395
41343167,-44.50,-160.50,-96.7155,-86.7265
41347073,11.50,-108.50,-94.9140,-72.6227
41350979,-196.50,-154.50,-100.4539,-64.3061
41354885,-432.50,-252.50,-106.8313,-66.3482
41358791,-372.50,-232.50,-117.1202,-73.8347
41362697,-98.50,-149.50,-125.3615,-70.0486
41366603,16.50,-136.50,-121.2439,-62.5771
41370509,-160.50,-175.50,-107.5907,-69.3263
41374415,-368.50,-244.50,-89.8377,-80.7623
41378321,-335.50,-256.50,-72.0844,-83.4723
41382227,-77.50,-181.50,-60.6875,-78.0554
41386133,59.50,-134.50,-56.1737,-70.9804
41390039,-83.50,-124.50,-52.0137,-62.9678
41393945,-363.50,-194.50,-49.9063,-48.7806
41397851,-387.50,-226.50,-60.2079,-36.3317
41401757,-138.50,-162.50,-75.9360,-32.5363
41405663,50.50,-111.50,-79.0729,-33.3113
41409569,-52.50,-107.50,-65.0159,-33.9437
41413475,-304.50,-193.50,-43.6494,-32.0841
41417381,-354.50,-222.50,-29.2890,-31.0104
41421287,-133.50,-175.50,-26.8738,-30.7702
41425193,83.50,-107.50,-27.3681,-29.9037
41429099,29.50,-65.50,-16.1564,-22.0028
41433005,-196.50,-111.50,11.4735,0.9694
41436911,-284.50,-159.50,41.0137,26.4357
41440817,-94.50,-115.50,53.3537,39.0652
41444723,118.50,-58.50,47.4403,39.2877
41448629,58.50,-44.50,35.4425,33.3723
41452535,-217.50,-112.50,23.0369,28.2528
41456441,-313.50,-173.50,14.9863,24.6152
41460347,-172.50,-124.50,12.0564,23.6964
41464253,41.50,-47.50,0.7518,30.0233
41468159,19.50,-9.50,-19.0904,41.2130
41472065,-225.50,-84.50,-32.6563,49.5777
41475971,-354.50,-137.50,-32.0441,50.2155
41479877,-236.50,-132.50,-25.3222,45.8509
41483783,17.50,-68.50,-25.7589,38.0741
41487689,55.50,-40.50,-26.7949,28.7519
41491595,-190.50,-104.50,-22.7555,20.8328
41495501,-335.50,-160.50,-16.0499,15.6652
41499407,-228.50,-179.50,-4.6404,11.2533
41503313,11.50,-112.50,1.9769,1.9735
41507219,64.50,-81.50,-3.1798,-9.2568
41511125,-141.50,-152.50,-10.1210,-21.2947
41515031,-335.50,-220.50,-9.4183,-35.3350
41518937,-291.50,-222.50,-8.5474,-43.7846
41522843,-63.50,-156.50,-21.6464,-44.6618
41526749,54.50,-126.50,-38.6199,-46.2190
41530655,-139.50,-172.50,-41.8192,-54.1610
41534561,-356.50,-234.50,-36.1227,-62.1664
41538467,-333.50,-271.50,-33.2390,-66.6018
41542373,-89.50,-207.50,-37.2746,-72.8243
41546279,54.50,-133.50,-41.1015,-74.9236
41550185,-89.50,-165.50,-34.7111,-68.4411
41554091,-301.50,-208.50,-17.4814,-57.6636
41557997,-306.50,-223.50,1.4047,-42.2521
41561903,-56.50,-144.50,12.7462,-24.2500
41565809,123.50,-73.50,21.4514,-7.0748
41569715,49.50,11.50,41.4572,21.9557
41573621,-237.50,-112.50,65.1997,59.8546
41577527,-325.50,-212.50,61.3755,62.3225
41581433,-100.50,-147.50,31.7762,28.0882
41585339,102.50,-50.50,11.5280,8.1826
41589245,48.50,-15.50,17.9895,21.8556
41593151,-209.50,-115.50,39.9298,44.5550
41597057,-264.50,-139.50,59.0844,54.3180
41600963,-58.50,-98.50,72.4060,58.4221
41604869,161.50,-40.50,81.6852,59.8542
41608775,92.50,-17.50,83.9702,55.4003
41612681,-163.50,-106.50,78.6589,49.3802
41616587,-256.50,-134.50,74.4570,46.2350
41620493,-79.50,-110.50,78.6149,50.6121
41624399,116.50,-72.50,78.7307,49.8573
41628305,83.50,-32.50,63.7618,37.4804
41632211,-168.50,-89.50,44.0879,30.8479
41636117,-280.50,-143.50,36.8539,35.1962
41640023,-134.50,-127.50,45.3549,41.7436
41643929,90.50,-52.50,52.6292,44.8105
41647835,113.50,-16.50,49.7444,45.0581
41651741,-101.50,-78.50,48.9422,43.8274
41655647,-255.50,-138.50,58.1649,41.4906
41659553,-172.50,-146.50,65.3228,38.6312
41663459,70.50,-79.50,57.5034,32.5976
41667365,126.50,-31.50,44.8425,26.3063
41671271,-93.50,-74.50,38.6612,25.1446
41675177,-271.50,-137.50,38.7333,28.3136
41679083,-192.50,-145.50,43.6989,32.4164
41682989,30.50,-79.50,43.6178,33.4963
41686895,98.50,-47.50,30.0214,28.4132
41690801,-78.50,-81.50,14.2532,18.6642
41694707,-281.50,-158.50,11.6904,10.6968
41698613,-284.50,-178.50,11.3157,6.3346
41702519,-32.50,-111.50,-1.3735,3.9863
41706425,80.50,-79.50,-14.5762,-0.1174
41710331,-84.50,-108.50,-19.9901,-10.2883
41714237,-316.50,-170.50,-21.9002,-18.5315
41718143,-317.50,-207.50,-24.0384,-19.5824
41722049,-79.50,-134.50,-27.4424,-17.6226
41725955,71.50,-72.50,-29.0192,-12.8681
41729861,-61.50,-62.50,-27.9910,-4.1290
41733767,-316.50,-143.50,-28.6411,6.1186
41737673,-357.50,-171.50,-35.3526,12.1514
41741579,-121.50,-117.50,-42.4845,14.8844
41745485,73.50,-70.50,-39.1048,14.2416
41749391,-20.50,-72.50,-26.2590,7.2528
41753297,-257.50,-143.50,-12.5953,0.3501
41757203,-317.50,-193.50,-1.9929,-3.0669
41761109,-82.50,-144.50,9.5950,-4.2692
41765015,109.50,-65.50,22.9710,-1.0509
41768921,27.50,-66.50,26.9004,3.6441
41772827,-226.50,-141.50,18.7058,2.6798
41776733,-320.50,-221.50,9.9621,-7.5949
41780639,-161.50,-164.50,3.7809,-19.2792
41784545,70.50,-98.50,-2.7096,-20.8229
41788451,51.50,-79.50,-2.8158,-17.2662
41792357,-220.50,-152.50,0.1077,-17.4524
41796267,-360.50,-193.50,-6.7403,-18.2410
41800173,-220.50,-184.50,-20.6598,-16.1832
41804079,22.50,-111.50,-31.5611,-16.3058
41807985,51.50,-82.50,-30.5336,-19.1016
41811891,-191.50,-144.50,-19.9574,-21.2337
41815797,-342.50,-201.50,-11.3722,-22.0628
41819703,-251.50,-213.50,-11.6476,-23.9873
41823609,-11.50,-164.50,-23.0599,-34.8611
41827515,55.50,-118.50,-32.2416,-50.2289
41831421,-159.50,-168.50,-27.2587,-57.3686
41835327,-335.50,-217.50,-15.5638,-53.7181
41839233,-244.50,-241.50,-4.8455,-47.3755
41843139,-0.50,-156.50,0.9067,-45.8668
41847045,82.50,-79.50,1.2230,-39.3263
41850951,-102.50,-117.50,2.3479,-23.2219
41854857,-322.50,-182.50,5.4471,-9.7935
41858763,-270.50,-164.50,5.4588,1.5204
41862669,-13.50,-93.50,4.7510,17.0750
41866575,99.50,-58.50,7.5728,26.7094
41870481,-46.50,-69.50,14.7887,25.6171
41874387,-256.50,-157.50,28.9330,22.5780
41878293,-239.50,-210.50,44.9276,13.7235
41882199,-1.50,-141.50,53.3220,-1.5096
41886105,114.50,-84.50,49.2244,-10.3277
41890011,-37.50,-97.50,33.5193,-11.0194
41893917,-269.50,-168.50,18.4765,-8.4810
41897823,-282.50,-196.50,15.0230,-4.5152
41901729,-32.50,-126.50,23.4042,2.2762
41905635,129.50,-72.50,35.9889,9.8285
41909541,9.50,-76.50,40.2397,11.4661
41913447,-221.50,-142.50,37.5318,10.2194
41917353,-271.50,-191.50,38.8593,10.1576
41921259,-61.50,-144.50,43.5820,9.3883
41925165,118.50,-85.50,43.8738,6.9555
41929071,17.50,-77.50,34.1650,3.0876
41932977,-229.50,-152.50,18.6674,-0.3910
41936883,-348.50,-205.50,3.3060,-3.6596
41940789,-173.50,-177.50,-14.1562,-7.7652
41944695,51.50,-106.50,-27.8578,-11.9686
41948601,16.50,-84.50,-28.6771,-13.7310
41952507,-230.50,-157.50,-22.1274,-13.3804
41956413,-355.50,-216.50,-18.3514,-15.0745
41960319,-200.50,-189.50,-20.0123,-17.4159
41964225,46.50,-114.50,-21.4877,-17.0997
41968131,23.50,-90.50,-20.3601,-15.6577
41972037,-212.50,-134.50,-22.3381,-13.0514
41975943,-370.50,-192.50,-27.2401,-6.8801
41979849,-224.50,-176.50,-28.7487,0.5121
41983755,18.50,-84.50,-24.5208,8.2564
41987661,64.50,-54.50,-16.5618,16.6643
41991567,-170.50,-113.50,-9.7335,19.1218
41995473,-338.50,-161.50,-7.2190,17.7796
41999379,-217.50,-178.50,-1.9898,18.2746
42003285,16.50,-110.50,6.6319,15.0098
42007191,69.50,-69.50,6.7303,8.3230
42011097,-106.50,-101.50,3.0700,5.1906
42015003,-316.50,-154.50,6.8878,10.0899
42018909,-268.50,-171.50,8.5966,19.2841
42022815,10.50,-69.50,6.4375,29.1359
42026721,117.50,-56.50,13.3591,36.2827
42030627,-78.50,-98.50,22.2345,28.9587
42034533,-293.50,-150.50,22.4202,16.5635
42038439,-270.50,-181.50,18.9610,13.9657
42042345,-32.50,-140.50,14.7111,10.6504
42046251,101.50,-111.50,10.2537,-4.0587
42050157,-41.50,-118.50,9.8328,-21.4638
42054063,-256.50,-180.50,17.4702,-26.0221
42057969,-261.50,-219.50,30.3645,-21.1722
42061875,9.50,-160.50,45.7573,-18.6757
42065781,147.50,-102.50,60.0284,-18.5381
42069687,-30.50,-95.50,53.3659,-16.1926
42073593,-303.50,-156.50,19.6884,-8.4472
42077499,-356.50,-208.50,-17.4467,-1.6609
42081405,-153.50,-176.50,-41.5020,-5.2165
42085311,31.50,-136.50,-53.9496,-19.2133
42089217,-60.50,-132.50,-58.4438,-35.9506
42093123,-318.50,-207.50,-59.1535,-46.6729
42097029,-364.50,-246.50,-55.3645,-50.1690
42100935,-143.50,-195.50,-40.1930,-46.0768
42104841,48.50,-143.50,-23.0523,-38.8078
42108747,-10.50,-118.50,-19.0170,-35.5632
42112653,-265.50,-156.50,-24.2323,-29.1723
42116559,-354.50,-236.50,-26.3730,-20.8906
42120465,-169.50,-214.50,-19.0817,-23.4859
42124371,44.50,-160.50,-10.2858,-34.3160
42128277,50.50,-126.50,-4.7396,-42.5574
42132183,-192.50,-195.50,4.0002,-45.1442
42136089,-333.50,-235.50,12.0094,-44.1155
42139995,-184.50,-213.50,14.2422,-37.5452
42143901,46.50,-134.50,12.5740,-26.4112
42147807,77.50,-85.50,11.3018,-13.6633
42151713,-158.50,-132.50,14.0698,-1.1263
42155619,-304.50,-179.50,20.3720,8.8518
42159525,-193.50,-180.50,28.8608,16.1127
42163431,53.50,-105.50,34.0374,20.0811
42167337,91.50,-90.50,31.8789,18.3677
42171243,-143.50,-152.50,21.6465,6.0374
42175149,-361.50,-233.50,3.1274,-14.0838
42179055,-292.50,-258.50,-18.5828,-33.9461
42182961,-47.50,-184.50,-35.5342,-47.3757
42186867,42.50,-143.50,-42.9287,-50.8284
42190773,-161.50,-184.50,-44.1974,-51.1411
42194679,-352.50,-243.50,-41.8515,-52.2701
42198585,-301.50,-244.50,-32.9480,-47.9771
42202491,-68.50,-171.50,-25.1943,-36.3790
42206397,31.50,-115.50,-29.5849,-23.4848
42210303,-133.50,-122.50,-41.3534,-13.0405
42214209,-353.50,-207.50,-47.0519,-6.6610
42218115,-370.50,-237.50,-48.0182,-8.4701
42222021,-111.50,-177.50,-50.8129,-13.9636
42225927,58.50,-133.50,-45.6527,-17.9514
42229833,-62.50,-69.50,-28.6825,-10.4456
42233739,-252.50,-84.50,-2.9110,26.0783
42237645,-290.50,-200.50,25.4437,61.0292
42241551,-106.50,-186.50,33.4513,49.1387
42245457,79.50,-106.50,18.3033,14.5639
42249363,-32.50,-110.50,3.4490,-2.8689
42253269,-312.50,-220.50,-8.4896,-12.5087
42257175,-365.50,-272.50,-22.7162,-30.9128
42261081,-146.50,-250.50,-27.3201,-49.2872
42264987,51.50,-209.50,-20.2245,-63.7602
42268893,26.50,-190.50,-6.1945,-77.1991
42272799,-187.50,-239.50,19.6664,-81.5692
42276705,-314.50,-319.50,43.9675,-79.8267
42280611,-127.50,-285.50,48.3070,-81.7236
42284517,66.50,-208.50,38.3493,-81.3594
42288423,18.50,-167.50,21.6143,-72.7658
42292329,-232.50,-216.50,3.1616,-59.8228
42296235,-335.50,-270.50,-4.8092,-48.3157
42300141,-206.50,-255.50,-1.8199,-40.5154
42304047,10.50,-191.50,-4.4857,-36.9166
42307953,48.50,-148.50,-9.8430,-35.9111
42311859,-181.50,-204.50,-3.3410,-35.1702
42315765,-334.50,-261.50,7.7787,-34.7798
42319671,-195.50,-260.50,17.0101,-33.0846
42323577,36.50,-176.50,24.6246,-27.7784
42327483,79.50,-126.50,26.9033,-18.1309
42331389,-140.50,-157.50,24.7663,-7.3024
42335295,-309.50,-209.50,23.8606,3.1516
42339201,-265.50,-223.50,20.0174,12.5428
42343107,-12.50,-154.50,6.8336,17.3867
42347013,78.50,-112.50,-1.5526,17.6206
42350919,-122.50,-156.50,1.9928,12.3345
42354825,-314.50,-224.50,7.9547,3.4429
42358731,-270.50,-256.50,12.1382,-4.1237
42362637,-26.50,-192.50,12.4016,-9.2974
42366543,96.50,-116.50,12.6943,-7.3984
42370449,-65.50,-153.50,18.4588,-0.7361
42374355,-265.50,-233.50,29.4939,-1.4784
42378261,-272.50,-254.50,38.5865,-7.6437
42382167,-60.50,-196.50,32.7838,-8.6728
42386073,69.50,-148.50,14.2243,-7.1738
42389979,-79.50,-146.50,-3.5150,-8.0484
42393885,-308.50,-208.50,-13.3252,-5.7691
42397791,-319.50,-245.50,-13.4568,0.5667
42401697,-73.50,-191.50,-3.8864,6.6218
42405603,93.50,-143.50,10.7038,8.6751
42409509,-28.50,-143.50,18.3067,3.8392
42413415,-264.50,-201.50,15.7420,-0.8850
42417321,-318.50,-232.50,12.0092,2.8162
42421227,-104.50,-151.50,12.2610,19.3191
42425133,81.50,-120.50,14.7683,38.2587
42429039,14.50,-95.50,17.2280,42.3702
42432945,-257.50,-162.50,15.5548,38.5778
42436851,-344.50,-222.50,6.1895,34.8851
42440757,-159.50,-176.50,-3.2349,32.5652
42444663,49.50,-112.50,-6.7590,35.4017
42448569,62.50,-95.50,1.5110,38.0636
42452475,-126.50,-133.50,32.7796,40.3552
42456381,-284.50,-175.50,67.3105,49.2382
42460287,-188.50,-201.50,64.8005,53.9115
42464193,-36.50,-166.50,17.1120,36.5079
42468099,-36.50,-139.50,-42.4464,7.3801
42472005,-294.50,-203.50,-80.8598,-13.2242
42475911,-451.50,-238.50,-99.3123,-19.1633
42479817,-346.50,-242.50,-110.5985,-13.5710
42483723,-106.50,-204.50,-118.0131,-12.7253
42487629,-52.50,-154.50,-116.1754,-21.4719
42491535,-282.50,-235.50,-107.5762,-32.6921
42495441,-429.50,-276.50,-99.7451,-44.1078
42499347,-319.50,-264.50,-86.4348,-44.3518
42503253,-47.50,-169.50,-63.8776,-27.5010
42507159,48.50,-111.50,-35.4700,-2.0673
42511065,-129.50,-159.50,-7.1046,16.2583
42514971,-315.50,-197.50,14.5053,23.0191
42518877,-239.50,-207.50,29.8346,29.6726
42522783,15.50,-138.50,43.4319,38.2055
42526689,99.50,-63.50,52.0752,48.7549
42530595,-79.50,-95.50,48.9801,61.0325
42534501,-273.50,-161.50,43.4297,66.9770
42538407,-258.50,-184.50,45.0466,65.9381
42542313,16.50,-111.50,53.4922,66.0566
42546219,161.50,-73.50,71.1332,68.4446
42550125,27.50,-70.50,91.2808,69.1252
42554031,-239.50,-138.50,97.5454,71.4367
42557937,-297.50,-176.50,77.6560,73.4341
42561843,-77.50,-128.50,42.2247,70.5674
42565749,80.50,-111.50,16.7037,59.4429
42569655,-46.50,-82.50,5.9412,44.6895
42573561,-272.50,-146.50,3.0435,42.8714
42577467,-336.50,-186.50,3.6995,50.1334
42581373,-117.50,-128.50,3.2811,56.6444
42585279,55.50,-72.50,1.3236,62.9740
42589185,-10.50,-52.50,-0.0357,67.5812
42593091,-252.50,-113.50,2.5776,71.7876
42596997,-316.50,-143.50,9.9811,77.3641
42600903,-144.50,-109.50,16.7731,84.4148
42604809,48.50,-45.50,14.2707,89.7690
42608715,27.50,-24.50,8.4364,91.5063
42612621,-214.50,-99.50,11.4373,89.2455
42616527,-314.50,-143.50,19.6753,82.8854
42620433,-143.50,-131.50,28.9146,76.9319
42624339,61.50,-66.50,34.3881,72.1759
42628245,50.50,-30.50,30.9296,70.1703
42632151,-194.50,-101.50,22.5508,69.9043
42636057,-336.50,-163.50,14.0103,64.0574
42639963,-214.50,-155.50,7.0060,54.8360
42643869,37.50,-92.50,4.2550,47.9703
42647775,45.50,-61.50,5.8086,43.7203
42651681,-196.50,-126.50,1.2533,37.8942
42655587,-353.50,-189.50,-9.6637,28.0048
42659493,-242.50,-218.50,-12.8418,14.8117
42663399,16.50,-173.50,-4.6166,-3.9512
42667305,23.50,-140.50,-0.5066,-24.0432
42671211,-192.50,-208.50,-15.6621,-41.7901
42675117,-398.50,-254.50,-39.2772,-55.3987
42679023,-326.50,-249.50,-55.0832,-55.2290
42682929,-64.50,-185.50,-57.4246,-43.6872
42686835,18.50,-148.50,-49.6510,-35.2998
42690741,-201.50,-182.50,-49.5174,-36.4103
42694647,-400.50,-259.50,-61.4412,-43.6523
42698553,-373.50,-290.50,-70.7149,-53.7878
42702459,-145.50,-204.50,-76.3355,-58.8523
42706365,-37.50,-179.50,-84.8623,-55.9888
42710271,-156.50,-178.50,-87.2435,-53.7001
42714177,-414.50,-250.50,-80.0376,-50.9915
42718083,-468.50,-336.50,-87.6595,-57.5041
42721989,-262.50,-314.50,-119.9419,-86.1391
42725895,-122.50,-290.50,-153.6353,-124.0589
42729801,-265.50,-296.50,-174.1010,-152.9637
42733707,-523.50,-388.50,-186.9212,-168.3842
42737613,-623.50,-476.50,-207.3181,-185.6666
42741519,-464.50,-478.50,-246.9165,-217.9651
42745425,-288.50,-431.50,-290.6042,-254.4007
42749331,-404.50,-418.50,-316.8276,-275.3440
42753237,-655.50,-512.50,-328.0785,-280.8767
42757143,-751.50,-591.50,-335.4220,-290.6353
42761049,-581.50,-576.50,-346.0650,-309.7836
42764955,-383.50,-491.50,-358.3809,-321.7844
42768861,-426.50,-492.50,-361.4131,-319.7649
42772767,-655.50,-591.50,-350.2630,-321.4932
42776673,-749.50,-649.50,-331.1087,-335.5161
42780579,-617.50,-640.50,-318.9523,-348.3481
42784485,-415.50,-574.50,-325.0189,-353.2846
42788391,-374.50,-518.50,-328.0798,-347.0554
42792297,-636.50,-548.50,-311.8349,-324.9360
42796203,-758.50,-600.50,-295.6451,-295.9446
42800109,-606.50,-617.50,-283.9735,-278.6366
42804015,-333.50,-523.50,-263.4103,-274.8136
42807921,-284.50,-460.50,-229.9439,-264.3000
42811827,-555.50,-530.50,-203.6673,-247.1315
42815733,-713.50,-604.50,-203.0621,-241.9467
42819639,-584.50,-575.50,-207.1987,-240.8886
42823545,-305.50,-490.50,-192.4640,-226.2757
42827451,-256.50,-473.50,-165.8061,-209.2167
42831357,-463.50,-512.50,-146.7158,-206.6300
42835266,-618.50,-525.50,-133.7147,-201.4683
42839172,-512.50,-512.50,-111.4024,-174.0149
42843078,-242.50,-470.50,-80.6097,-144.2874
42846984,-159.50,-445.50,-54.4827,-138.7828
42850890,-337.50,-447.50,-40.4591,-146.8308
42854796,-560.50,-512.50,-36.1108,-144.7148
42858702,-530.50,-532.50,-39.9166,-134.4379
42862608,-239.50,-443.50,-40.2499,-121.6604
42866514,-85.50,-396.50,-19.0258,-105.3285
42870420,-246.50,-417.50,13.3520,-94.6142
42874326,-414.50,-433.50,43.7206,-83.7317
42878232,-401.50,-431.50,75.2879,-56.8496
42882138,-157.50,-363.50,99.3152,-22.1939
42886044,38.50,-271.50,116.8428,8.3049
42889950,-86.50,-248.50,138.8599,37.8020
42893856,-313.50,-308.50,158.8546,65.0689
42897762,-305.50,-317.50,175.9049,85.2878
42901668,-65.50,-219.50,197.1620,108.9788
42905574,107.50,-132.50,215.1545,143.5666
42909480,19.50,-116.50,222.7500,176.1274
42913386,-223.50,-168.50,225.7188,196.7352
42917292,-266.50,-184.50,230.4918,210.8948
42921198,-47.50,-130.50,240.2812,226.4287
42925104,139.50,-57.50,248.9335,241.4172
42929010,103.50,-6.50,253.1440,256.2996
42932916,-137.50,-67.50,260.8404,273.9358
42936822,-207.50,-102.50,273.1785,287.2742
42940728,-16.50,-68.50,287.1453,294.3232
42944634,215.50,9.50,299.6394,299.1105
42948540,191.50,48.50,308.4359,305.0594
42952446,-47.50,-8.50,313.2064,312.2000
42956352,-162.50,-47.50,315.2278,317.4656
42960258,16.50,-19.50,321.0745,323.1410
42964164,259.50,75.50,332.6785,332.8164
42968070,279.50,118.50,344.7016,346.3857
42971976,64.50,64.50,355.4248,356.4429
42975882,-68.50,29.50,367.3809,360.7019
42979788,67.50,30.50,380.4453,364.3089
42983694,320.50,86.50,390.5429,361.9857
42987600,341.50,147.50,391.7387,355.1947
42991506,88.50,80.50,376.2116,349.8622
42995412,-76.50,16.50,351.6270,340.3930
42999318,-6.50,-9.50,333.7714,325.3483
43003224,175.50,20.50,310.1010,302.7649
43007130,211.50,49.50,266.6701,272.5629
43011036,-40.50,-16.50,213.8442,241.2034
43014942,-277.50,-100.50,162.4510,211.3758
43018848,-228.50,-128.50,121.8748,186.1590
43022754,-8.50,-90.50,95.9555,165.6235
43026660,50.50,-92.50,71.9598,139.5468
43030566,-158.50,-116.50,39.1355,106.7174
43034472,-386.50,-216.50,6.1550,78.8471
43038378,-397.50,-271.50,-19.0299,53.6349
43042284,-146.50,-218.50,-37.0601,29.0864
43046190,-42.50,-185.50,-48.3179,11.2795
43050096,-250.50,-281.50,-67.9222,-15.0133
43054002,-512.50,-343.50,-104.4215,-55.3697
43057908,-531.50,-381.50,-139.2843,-83.8724
43061814,-345.50,-360.50,-164.0640,-95.9900
43065720,-185.50,-307.50,-184.8998,-106.9830
43069626,-316.50,-285.50,-198.8292,-111.6130
43073532,-584.50,-382.50,-207.9012,-107.7917
43077438,-600.50,-430.50,-212.6631,-110.7953
43081344,-313.50,-333.50,-193.4951,-110.7127
43085250,-140.50,-260.50,-153.8157,-90.2526
43089156,-235.50,-266.50,-128.6685,-68.0552
43093062,-474.50,-356.50,-124.6188,-65.7118
43096968,-575.50,-370.50,-127.6853,-72.7650
43100874,-353.50,-329.50,-130.5032,-68.4009
43104780,-161.50,-288.50,-128.2883,-60.7001
43108686,-208.50,-254.50,-125.4167,-61.1335
43112592,-445.50,-330.50,-121.2730,-61.9835
43116498,-512.50,-356.50,-105.9009,-58.5076
43120404,-276.50,-294.50,-70.3212,-43.3657
43124310,-35.50,-207.50,-22.9197,-15.9935
43128216,-47.50,-175.50,12.2221,9.5576
43132122,-285.50,-226.50,27.2891,25.1334
43136028,-393.50,-255.50,36.1158,36.4503
43139934,-234.50,-225.50,50.9364,51.6075
43143840,6.50,-116.50,66.2752,72.4664
43147746,50.50,-54.50,78.2231,100.2438
43151652,-188.50,-114.50,89.3425,125.3776
43155558,-317.50,-152.50,100.5771,138.2376
43159464,-233.50,-136.50,109.8325,146.8319
43163370,38.50,-49.50,111.6056,157.1721
43167276,149.50,21.50,122.3509,171.6860
43171182,-34.50,-16.50,154.9564,189.6828
43175088,-217.50,-70.50,189.7593,203.5439
43178994,-129.50,-79.50,209.7181,209.6643
43182900,129.50,9.50,217.3066,211.8996
43186806,213.50,55.50,218.6714,215.4366
43190712,14.50,-5.50,213.9185,212.8642
43194618,-189.50,-66.50,206.7492,200.7889
43198524,-154.50,-86.50,202.3787,190.4225
43202430,113.50,-5.50,201.7639,187.5901
43206336,253.50,62.50,208.8246,192.8708
43210242,106.50,57.50,222.8587,204.4142
43214148,-92.50,13.50,240.4784,220.6179
43218054,-106.50,-12.50,254.5010,236.8249
43221960,153.50,65.50,257.6783,246.8862
43225866,304.50,145.50,257.2182,255.5330
43229772,179.50,131.50,257.8239,264.3958
43233678,-58.50,66.50,258.4525,268.3781
43237584,-73.50,43.50,260.9941,269.6205
43241490,159.50,66.50,266.4087,266.5261
43245396,331.50,134.50,269.9984,254.4516
43249302,254.50,151.50,270.5726,244.6188
43253208,26.50,98.50,276.8268,248.1726
43257114,-17.50,65.50,290.6972,259.2308
43261020,197.50,112.50,305.3791,268.3477
43264926,388.50,174.50,311.9796,270.3638
43268832,347.50,201.50,311.0218,267.8308
43272738,126.50,144.50,316.1481,268.6668
43276644,30.50,113.50,328.2825,274.7801
43280550,184.50,133.50,330.5446,280.3323
43284456,368.50,198.50,311.2273,277.4810
43288362,338.50,213.50,280.4297,267.0774
43292268,102.50,155.50,258.8584,256.3537
43296174,-42.50,101.50,248.6994,249.0017
43300080,105.50,95.50,239.4119,240.4608
43303986,334.50,159.50,229.2855,225.0840
43307892,330.50,187.50,219.3830,209.1416
43311798,89.50,131.50,207.0829,198.6596
43315704,-56.50,91.50,195.7174,195.0446
43319610,80.50,83.50,193.9432,195.8666
43323516,302.50,144.50,196.5847,191.1011
43327422,336.50,185.50,190.6854,181.1233
43331328,112.50,141.50,177.0141,173.7112
43335234,-86.50,66.50,160.8925,167.3283
43339140,-30.50,46.50,139.9695,156.1812
43343046,183.50,98.50,111.0032,139.3614
43346952,240.50,116.50,79.1224,118.6430
43350858,39.50,71.50,53.8111,95.6358
43354764,-175.50,-8.50,37.8836,74.9726
43358670,-148.50,-45.50,24.0403,56.6568
43362576,96.50,17.50,8.6011,39.8812
43366482,220.50,59.50,1.2620,28.6372
43370388,50.50,39.50,4.8001,22.5395
43374294,-161.50,-44.50,10.8436,17.3892
43378200,-138.50,-69.50,16.3166,9.9134
43382106,112.50,11.50,22.9652,6.9906
43386012,221.50,55.50,25.2698,11.9272
43389918,81.50,48.50,16.4703,14.8309
43393824,-156.50,-40.50,4.6375,10.9740
43397730,-177.50,-91.50,-2.7076,-1.3089
43401636,41.50,-47.50,-7.7611,-18.3707
43405542,203.50,16.50,-12.5881,-30.3438
43409448,106.50,21.50,-14.9912,-33.2152
43413354,-161.50,-49.50,-16.8776,-30.4968
43417260,-241.50,-76.50,-29.2607,-26.2620
43421166,-33.50,-47.50,-49.2205,-22.7268
43425072,191.50,-6.50,-56.2673,-27.9449
43428978,117.50,-5.50,-44.8082,-43.6202
43432884,-147.50,-73.50,-34.8118,-58.4278
43436790,-248.50,-140.50,-40.5054,-68.9888
43440696,-59.50,-111.50,-52.6416,-78.8742
43444602,144.50,-44.50,-60.7717,-85.8301
43448508,117.50,-16.50,-63.5144,-86.4596
43452414,-136.50,-61.50,-62.6998,-79.7039
43456320,-259.50,-111.50,-63.5595,-68.8387
43460226,-82.50,-97.50,-63.4952,-61.5006
43464132,147.50,-46.50,-57.8049,-64.0364
43468038,126.50,-16.50,-54.9502,-73.4915
43471944,-122.50,-75.50,-62.7762,-81.3880
43475850,-268.50,-124.50,-74.3057,-83.9642
43479756,-143.50,-120.50,-80.3264,-82.1354
43483662,103.50,-90.50,-81.2511,-86.5580
43487568,138.50,-31.50,-78.8600,-98.3137
43491474,-80.50,-74.50,-74.6840,-101.8351
43495380,-270.50,-133.50,-73.4290,-96.5879
43499286,-170.50,-157.50,-76.7240,-95.0763
43503192,53.50,-105.50,-83.9959,-103.5005
43507098,96.50,-64.50,-98.3550,-115.6931
43511004,-122.50,-109.50,-118.6302,-124.7790
43514910,-334.50,-175.50,-137.2596,-131.1048
43518816,-284.50,-205.50,-151.0208,-136.9421
43522722,-24.50,-140.50,-158.1437,-142.7707
43526628,74.50,-97.50,-156.3476,-145.8094
43530534,-114.50,-124.50,-152.6686,-147.3966
43534440,-340.50,-186.50,-154.2843,-148.3101
43538346,-320.50,-254.50,-159.6750,-154.0168
43542252,-70.50,-194.50,-163.8378,-168.9551
43546158,81.50,-141.50,-159.6112,-180.3787
43550064,-60.50,-140.50,-146.0509,-179.9778
43553970,-248.50,-175.50,-124.2177,-166.9224
43557876,-239.50,-164.50,-94.3765,-138.9116
43561782,-75.50,-153.50,-80.1401,-111.7146
43565688,61.50,-124.50,-101.5288,-111.3034
43569594,-40.50,-99.50,-131.3533,-127.3460
43573500,-278.50,-146.50,-139.6866,-128.9583
43577406,-306.50,-186.50,-130.6912,-116.6856
43581312,-84.50,-122.50,-116.1261,-102.2582
43585218,121.50,-32.50,-99.9172,-82.2017
43589124,86.50,18.50,-76.3309,-52.5943
43593030,-146.50,-46.50,-44.4309,-22.9612
43596936,-238.50,-98.50,-22.5296,-9.6016
43600842,-30.50,-65.50,-17.5397,-10.8190
43604748,176.50,-9.50,-16.1783,-14.7162
43608654,123.50,11.50,-14.3564,-18.2218
43612560,-128.50,-56.50,-16.5700,-22.5276
43616466,-246.50,-100.50,-23.3060,-27.2477
43620372,-100.50,-83.50,-33.7084,-28.4775
43624278,101.50,-21.50,-49.2394,-27.3306
43628184,77.50,6.50,-67.4177,-27.4123
43632090,-171.50,-77.50,-82.8251,-33.9273
43635996,-302.50,-111.50,-91.5368,-45.3952
43639902,-190.50,-114.50,-95.4637,-50.1995
43643808,59.50,-52.50,-99.2558,-50.5121
43647714,94.50,-18.50,-96.7301,-52.1675
43651620,-142.50,-84.50,-89.4127,-57.3622
43655526,-320.50,-143.50,-89.6193,-67.4774
43659432,-217.50,-142.50,-96.3621,-74.5929
43663338,34.50,-64.50,-100.0623,-72.4331
43667244,94.50,-15.50,-96.8604,-62.6857
43671150,-113.50,-56.50,-91.7595,-53.6738
43675056,-298.50,-124.50,-88.1351,-52.2356
43678962,-206.50,-151.50,-80.8422,-58.1909
43682868,53.50,-79.50,-66.6670,-65.5689
43686774,126.50,-16.50,-54.8193,-64.3411
43690680,-73.50,-50.50,-57.1645,-56.6615
43694586,-262.50,-124.50,-64.8532,-54.2046
43698492,-236.50,-150.50,-64.8534,-58.8301
43702398,26.50,-86.50,-59.6189,-63.1089
43706304,144.50,-33.50,-52.0674,-62.6276
43710210,-26.50,-54.50,-48.5470,-61.5721
43714116,-262.50,-104.50,-53.8467,-59.9614
43718022,-277.50,-144.50,-64.6014,-55.6767
43721928,-47.50,-96.50,-76.8152,-54.0856
43725834,131.50,-50.50,-80.2712,-58.1748
43729740,16.50,-40.50,-68.3082,-62.7707
43733646,-229.50,-101.50,-52.4472,-60.4903
43737552,-271.50,-146.50,-46.9375,-55.0499
43741458,-48.50,-112.50,-50.0172,-54.8387
43745364,126.50,-60.50,-53.3668,-60.5681
43749270,43.50,-28.50,-53.1134,-63.8057
43753176,-144.50,-68.50,-39.0269,-53.4873
43757082,-232.50,-136.50,-13.3094,-39.1229
43760988,-35.50,-125.50,0.6579,-40.1272
43764894,159.50,-48.50,-1.8903,-51.2690
43768800,142.50,-5.50,-1.7126,-51.8100
43772706,-94.50,-62.50,12.6769,-39.2988
43776612,-211.50,-106.50,26.7501,-26.8845
43780518,-47.50,-89.50,26.0198,-19.9315
43784424,143.50,-32.50,12.5957,-19.1485
43788330,130.50,-15.50,-4.0449,-25.2212
43792236,-158.50,-79.50,-20.6882,-35.9858
43796142,-324.50,-144.50,-47.2336,-48.0887
43800048,-192.50,-127.50,-78.6504,-55.2985
43803954,55.50,-47.50,-96.1245,-52.2327
43807860,86.50,13.50,-92.6289,-38.3153
43811766,-145.50,-47.50,-79.2542,-23.3747
43815672,-302.50,-111.50,-69.8684,-20.0938
43819578,-207.50,-104.50,-68.1533,-23.3072
43823484,31.50,-42.50,-73.8035,-23.6036
43827390,69.50,-15.50,-82.7984,-25.2902
43831296,-160.50,-79.50,-93.8546,-36.6626
43835202,-319.50,-160.50,-100.9162,-56.8220
43839108,-255.50,-180.50,-97.3116,-76.0434
43843014,-14.50,-118.50,-93.7563,-87.2121
43846920,51.50,-81.50,-98.3692,-92.0868
43850826,-150.50,-111.50,-109.3306,-96.2679
43854732,-356.50,-194.50,-120.1899,-102.0755
43858638,-317.50,-230.50,-124.8944,-111.2841
43862544,-75.50,-172.50,-125.5784,-121.5445
43866450,55.50,-134.50,-122.0406,-129.2599
43870356,-128.50,-156.50,-116.9354,-136.6871
43874267,-348.50,-217.50,-117.0350,-140.9519
43878173,-363.50,-239.50,-122.6047,-137.2650
43882079,-97.50,-203.50,-126.4671,-131.6968
43885985,55.50,-168.50,-118.6129,-135.7318
43889891,-107.50,-169.50,-109.5083,-147.3562
43893797,-345.50,-239.50,-113.0257,-153.9376
43897703,-354.50,-270.50,-117.2334,-152.6871
43901609,-111.50,-207.50,-108.6812,-144.2118
43905515,61.50,-146.50,-92.7851,-130.7262
43909421,-33.50,-126.50,-80.2527,-118.1874
43913327,-241.50,-175.50,-66.4620,-105.0746
43917233,-329.50,-201.50,-51.4588,-88.8231
43921139,-116.50,-153.50,-47.3439,-71.0790
43925045,71.50,-79.50,-51.0731,-54.9179
43928951,14.50,-59.50,-52.8493,-42.8041
43932857,-246.50,-141.50,-52.0447,-38.8244
43936763,-328.50,-168.50,-51.3568,-41.0682
43940669,-136.50,-137.50,-47.1359,-37.6448
43944575,108.50,-74.50,-34.3204,-29.7636
43948481,80.50,-47.50,-15.7879,-25.2255
43952387,-197.50,-102.50,-7.1328,-22.7174
43956293,-280.50,-132.50,-9.4414,-16.9146
43960199,-108.50,-110.50,-1.0590,-4.6879
43964105,128.50,-36.50,16.9231,8.2072
43968011,126.50,-13.50,28.2674,15.0214
43971917,-127.50,-70.50,27.3025,13.7235
43975823,-273.50,-138.50,19.0742,6.2038
43979729,-146.50,-144.50,14.5099,-3.8723
43983635,80.50,-86.50,12.0596,-14.4621
43987541,79.50,-44.50,0.0811,-21.6250
43991447,-140.50,-98.50,-20.1913,-24.8304
43995353,-323.50,-172.50,-34.4028,-30.0271
43999259,-239.50,-186.50,-39.9906,-38.9703
44003165,-22.50,-128.50,-49.0490,-48.1194
44007071,53.50,-105.50,-63.0362,-57.5669
44010977,-160.50,-140.50,-72.8208,-68.6484
44014883,-337.50,-208.50,-73.3640,-76.6889
44018789,-286.50,-217.50,-66.1636,-78.0895
44022695,-52.50,-143.50,-62.6155,-72.5619
44026601,51.50,-105.50,-66.7218,-64.7390
44030507,-111.50,-144.50,-68.0280,-65.2058
44034413,-333.50,-190.50,-62.7595,-69.9903
44038319,-324.50,-223.50,-60.0289,-69.0080
44042225,-92.50,-154.50,-65.8501,-64.3345
44046131,58.50,-109.50,-70.9088,-59.7306
44050037,-81.50,-107.50,-65.8838,-55.8168
44053943,-297.50,-163.50,-53.1287,-48.5552
44057849,-305.50,-191.50,-38.9203,-38.2394
44061755,-54.50,-129.50,-25.3957,-28.5984
44065661,86.50,-58.50,-15.7918,-17.8228
44069567,-13.50,-46.50,-13.6536,-4.9768
44073473,-241.50,-129.50,-10.0783,4.0615
44077379,-297.50,-170.50,-2.7328,2.7276
44081285,-70.50,-128.50,2.3629,-2.9295
44085191,141.50,-78.50,11.5667,-7.3174
44089097,54.50,-79.50,25.6687,-13.8103
44093003,-226.50,-157.50,28.1939,-23.3059
44096909,-315.50,-192.50,12.8622,-31.0936
44100815,-132.50,-145.50,-5.5845,-29.0035
44104721,83.50,-79.50,-15.0959,-18.7349
44108627,48.50,-58.50,-13.3337,-9.8170
44112533,-196.50,-112.50,-4.7850,-4.1003
44116439,-311.50,-159.50,1.8087,0.7081
44120345,-143.50,-144.50,4.2357,3.5958
44124251,87.50,-84.50,5.6838,1.5738
44128157,58.50,-73.50,4.7310,-5.7312
44132063,-188.50,-128.50,-2.6742,-14.9236
44135969,-324.50,-204.50,-10.7828,-24.1358
44139875,-196.50,-191.50,-13.2455,-33.1469
44143781,53.50,-125.50,-12.3281,-38.4764
44147687,80.50,-79.50,-8.4796,-36.8113
44151593,-169.50,-125.50,-7.6327,-30.0613
44155499,-328.50,-168.50,-13.2051,-21.0814
44159405,-203.50,-145.50,-12.3876,-7.4490
44163311,64.50,-85.50,1.4779,7.5665
44167217,78.50,-86.50,11.6724,7.9955
44171123,-163.50,-123.50,-2.2801,-9.0598
44175029,-353.50,-200.50,-28.8730,-26.7782
44178935,-302.50,-200.50,-46.9659,-35.4507
44182841,-47.50,-140.50,-56.4470,-36.1763
44186747,37.50,-92.50,-60.1122,-33.1321
44190653,-136.50,-112.50,-58.1572,-28.6899
44194559,-362.50,-161.50,-53.5280,-20.1487
44198465,-305.50,-190.50,-48.4017,-11.1536
44202371,-52.50,-127.50,-40.3942,-8.3069
44206277,93.50,-64.50,-27.6081,-6.4950
44210183,-59.50,-67.50,-12.1923,1.4973
44214089,-303.50,-124.50,-1.6777,14.2894
44217995,-325.50,-181.50,-5.1843,20.1304
44221901,-93.50,-142.50,-19.7184,10.1063
44225807,75.50,-75.50,-29.9083,-3.5115
44229713,-34.50,-74.50,-25.0798,-5.9786
44233619,-257.50,-143.50,-7.5224,-0.5325
44237525,-288.50,-198.50,12.4407,0.1431
44241431,-79.50,-127.50,22.6812,-2.3852
44245337,97.50,-79.50,19.8230,0.5642
44249243,26.50,-94.50,16.2259,-0.1637
44253149,-239.50,-154.50,19.1602,-8.6911
44257055,-313.50,-218.50,19.3132,-18.0598
44260961,-106.50,-175.50,16.1793,-25.6008
44264867,73.50,-122.50,12.0617,-29.6102
44268773,29.50,-100.50,5.8327,-30.6957
44272679,-247.50,-175.50,-0.1793,-31.1929
44276585,-367.50,-228.50,-11.2441,-34.5483
44280491,-186.50,-200.50,-24.3613,-38.4131
44284397,48.50,-144.50,-27.7245,-40.3008
44288303,25.50,-120.50,-21.9525,-42.6376
44292209,-228.50,-175.50,-17.4569,-43.9344
44296115,-356.50,-213.50,-17.6597,-40.2735
44300021,-192.50,-196.50,-14.2259,-31.0866
44303927,39.50,-138.50,-6.4598,-24.0720
44307833,69.50,-81.50,0.4103,-19.7687
44311739,-160.50,-137.50,7.7709,-12.4458
44315645,-320.50,-197.50,15.1107,-7.4582
44319551,-209.50,-211.50,19.1063,-10.2566
44323457,-1.50,-144.50,12.2161,-18.1288
44327363,51.50,-108.50,-5.4720,-24.2498
44331269,-162.50,-142.50,-18.2251,-25.3178
44335175,-345.50,-181.50,-18.8990,-18.8849
44339081,-241.50,-185.50,-9.9964,-5.2562
44342987,14.50,-111.50,4.6383,7.9612
44346893,103.50,-63.50,17.7039,17.2923
44350799,-108.50,-104.50,21.8300,20.5283
44354705,-292.50,-181.50,20.6675,15.1503
44358611,-236.50,-197.50,26.3845,6.0371
44362517,26.50,-143.50,39.0618,-0.2504
44366423,128.50,-108.50,48.8126,-5.5704
44370329,-102.50,-127.50,39.2751,-12.7703
44374235,-328.50,-218.50,9.7836,-21.2825
44378141,-326.50,-262.50,-15.5343,-34.7039
44382047,-64.50,-197.50,-23.2419,-47.7838
44385953,80.50,-130.50,-16.9636,-48.6682
44389859,-78.50,-133.50,-10.8533,-39.2864
44393765,-319.50,-189.50,-13.6804,-27.3153
44397671,-350.50,-230.50,-20.1232,-18.2534
44401577,-105.50,-194.50,-23.3891,-17.1971
44405483,64.50,-125.50,-20.6733,-21.0766
44409389,-48.50,-94.50,-17.1099,-17.3571
44413295,-318.50,-160.50,-19.6852,-3.1256
44417201,-367.50,-202.50,-26.8416,8.9480
44421107,-169.50,-170.50,-32.8094,12.4023
44425013,30.50,-120.50,-37.3874,8.4010
44428919,-36.50,-111.50,-38.4023,-0.6210
44432825,-276.50,-172.50,-31.7115,-7.9239
44436731,-353.50,-217.50,-19.0981,-9.4481
44440637,-152.50,-192.50,-4.4300,-6.8662
44444543,68.50,-137.50,7.6132,-6.0736
44448449,18.50,-94.50,12.2184,-6.1916
44452355,-232.50,-165.50,9.3260,-3.3950
44456261,-369.50,-216.50,2.5264,-2.5850
44460167,-201.50,-207.50,-4.1963,-4.5818
44464073,29.50,-124.50,-7.4784,-4.1910
44467979,41.50,-79.50,-5.4384,3.3614
44471885,-188.50,-124.50,3.0738,15.5688
44475791,-313.50,-175.50,18.2962,25.7635
44479697,-173.50,-172.50,37.4280,32.3236
44483603,69.50,-112.50,51.1428,33.7102
44487509,95.50,-79.50,53.5497,29.7243
44491415,-130.50,-129.50,49.0788,22.5886
44495321,-304.50,-184.50,45.5645,16.7722
44499227,-208.50,-207.50,45.6800,13.7156
44503133,44.50,-132.50,46.1513,11.0703
44507039,112.50,-73.50,46.2665,13.6998
44510945,-88.50,-111.50,47.3260,20.8455
44514851,-298.50,-166.50,48.1661,25.9197
44518757,-260.50,-185.50,42.4076,29.3592
44522663,-17.50,-130.50,27.5473,30.2710
44526569,61.50,-92.50,9.8093,25.8169
44530475,-129.50,-127.50,-7.1320,15.4460
44534381,-340.50,-196.50,-17.4423,3.6702
44538287,-345.50,-218.50,-22.2924,-2.6885
44542193,-120.50,-153.50,-34.6999,-0.8881
44546099,9.50,-116.50,-52.2897,2.7700
44550005,-128.50,-159.50,-60.5404,-5.1917
44553911,-335.50,-226.50,-51.6270,-23.3167
44557817,-356.50,-262.50,-34.3717,-36.6792
44561723,-140.50,-193.50,-28.1247,-37.2991
44565629,34.50,-143.50,-32.7744,-29.4294
44569535,-94.50,-145.50,-36.0117,-24.1786
44573441,-324.50,-206.50,-34.9757,-22.7434
44577347,-374.50,-237.50,-30.9332,-19.3446
44581253,-151.50,-168.50,-26.3148,-9.1584
44585159,68.50,-106.50,-16.7892,6.5278
44589065,-15.50,-90.50,0.0401,18.8507
44592971,-285.50,-155.50,9.6415,25.2602
44596877,-344.50,-221.50,8.0788,23.9896
44600783,-164.50,-182.50,6.5288,16.2606
44604689,46.50,-126.50,5.0495,9.7030
44608595,23.50,-98.50,7.0356,7.5003
44612501,-206.50,-165.50,20.5156,8.9299
44616407,-289.50,-220.50,42.4146,9.4508
44620313,-104.50,-175.50,66.8294,11.5102
44624219,131.50,-92.50,86.9734,22.3035
44628125,127.50,-107.50,99.4173,29.6865
44632031,-111.50,-143.50,105.8991,23.7086
44635937,-268.50,-207.50,105.1578,17.4224
44639843,-160.50,-222.50,92.8771,11.7924
44643749,63.50,-138.50,70.4848,2.5385
44647655,95.50,-93.50,51.6774,1.5116
44651561,-154.50,-162.50,42.2577,5.9901
44655467,-337.50,-189.50,32.3196,9.3769
44659373,-207.50,-140.50,25.0674,26.3886
44663279,61.50,-46.50,32.7043,60.4402
44667185,43.50,-115.50,36.7604,73.4588
44671091,-200.50,-206.50,9.9957,33.3006
44674997,-399.50,-255.50,-29.6767,-22.9371
44678903,-320.50,-242.50,-51.1699,-45.2060
44682809,-98.50,-207.50,-57.9694,-42.5239
44686715,-5.50,-177.50,-64.4016,-45.0439
44690621,-169.50,-219.50,-64.9173,-55.9947
44694527,-422.50,-304.50,-60.4457,-67.8058
44698433,-410.50,-336.50,-69.9388,-82.2053
44702339,-169.50,-251.50,-91.3046,-93.1069
44706245,-26.50,-190.50,-102.6503,-88.4049
44710151,-154.50,-189.50,-92.1583,-69.8680
44714057,-399.50,-237.50,-71.0803,-45.3857
44717963,-401.50,-246.50,-60.0476,-22.2590
44721869,-169.50,-165.50,-61.3321,-3.2561
44725775,-0.50,-157.50,-62.9873,4.8752
44729681,-105.50,-125.50,-55.1244,2.0130
44733587,-332.50,-188.50,-37.0116,7.8618
44737493,-335.50,-245.50,-13.4150,16.3646
44741399,-142.50,-175.50,5.1118,14.7723
44745305,52.50,-141.50,9.1362,10.7404
44749211,-42.50,-134.50,7.3728,6.2624
44753117,-284.50,-208.50,8.6755,3.3082
44757023,-364.50,-255.50,10.0340,0.3610
44760929,-164.50,-235.50,8.6316,-8.2255
44764835,29.50,-158.50,4.8326,-17.6359
44768741,-17.50,-144.50,2.0605,-17.7648
44772647,-280.50,-198.50,1.3635,-8.9414
44776553,-393.50,-244.50,-2.9532,0.1803
44780459,-223.50,-234.50,-11.0381,1.5109
44784365,-0.50,-154.50,-17.0535,-3.6390
44788271,-14.50,-122.50,-17.4315,-2.3977
44792177,-250.50,-175.50,-12.0431,7.7940
44796083,-362.50,-238.50,-1.5742,15.3336
44799989,-213.50,-223.50,12.5525,14.0731
44803895,26.50,-138.50,23.5833,11.9000
44807801,57.50,-105.50,31.2816,17.3712
44811707,-180.50,-131.50,38.2084,29.8933
44815613,-348.50,-168.50,39.5536,48.1200
44819519,-220.50,-172.50,38.1798,64.3677
44823425,53.50,-110.50,45.2993,67.8029
44827331,125.50,-53.50,64.5688,66.0289
44831237,-66.50,-88.50,88.8450,71.3100
44835143,-260.50,-136.50,107.4070,81.9356
44839049,-205.50,-148.50,109.6052,90.2581
44842955,55.50,-95.50,98.6664,89.5876
44846861,137.50,-60.50,90.5107,80.7704
44850767,-62.50,-106.50,86.8915,68.7673
44854673,-276.50,-176.50,82.0762,56.5825
44858579,-245.50,-200.50,75.4057,46.0883
44862485,9.50,-143.50,68.6966,37.8191
44866391,128.50,-82.50,66.4397,35.0153
44870297,-47.50,-85.50,65.6640,41.7287
44874203,-278.50,-158.50,61.4008,52.7974
44878109,-270.50,-192.50,56.5223,56.0575
44882015,-30.50,-140.50,54.0300,50.1968
44885921,106.50,-95.50,51.5419,42.2468
44889827,-56.50,-115.50,41.9545,33.7127
44893733,-296.50,-193.50,26.4013,24.0475
44897639,-353.50,-254.50,11.0387,10.3959
44901545,-127.50,-208.50,-3.6530,-6.3333
44905451,48.50,-154.50,-13.1109,-17.9378
44909357,-62.50,-143.50,-16.2123,-20.5664
44913266,-310.50,-196.50,-17.8594,-14.2966
44917172,-382.50,-222.50,-20.1962,-1.8191
44921078,-181.50,-190.50,-24.6385,9.7744
44924984,-6.50,-131.50,-33.7975,13.6338
44928890,-71.50,-113.50,-46.0591,12.4299
44932796,-315.50,-176.50,-52.0260,12.7775
44936702,-372.50,-210.50,-43.0804,15.8885
44940608,-176.50,-188.50,-20.4006,20.5039
44944514,47.50,-116.50,1.9347,23.8972
44948420,22.50,-72.50,14.7847,30.2707
44952326,-241.50,-151.50,17.8683,38.4665
44956232,-364.50,-212.50,12.5456,36.3046
44960138,-193.50,-196.50,9.5455,26.6012
44964044,18.50,-114.50,10.6857,22.5179
44967950,29.50,-69.50,8.5889,29.7724
44971856,-200.50,-139.50,7.8247,39.0268
44975762,-345.50,-192.50,13.0689,39.3708
44979668,-220.50,-190.50,20.3936,35.4558
44983574,45.50,-133.50,28.0640,30.7390
44987480,97.50,-101.50,40.0136,23.8280
44991386,-127.50,-143.50,52.3211,17.6950
44995292,-303.50,-195.50,57.9462,16.8928
44999198,-217.50,-205.50,58.2102,20.4331
45003104,63.50,-132.50,60.4039,23.4769
45007010,119.50,-86.50,67.3198,26.4353
45010916,-96.50,-118.50,67.0571,29.4905
45014822,-286.50,-152.50,59.7195,36.2408
45018728,-232.50,-175.50,57.2820,48.0151
45022634,33.50,-114.50,60.3769,54.6744
45026540,159.50,-68.50,69.6901,53.5635
45030446,-69.50,-79.50,74.0506,51.9200
45034352,-290.50,-152.50,60.7418,52.9544
45038258,-269.50,-191.50,44.5841,50.4108
45042164,26.50,-119.50,46.0426,44.8747
45046070,182.50,-36.50,68.6105,49.9283
45049976,27.50,-17.50,93.1592,70.3169
45053882,-288.50,-157.50,90.3028,82.3861
45057788,-319.50,-207.50,54.8035,62.3949
45061694,-114.50,-159.50,12.0102,31.1972
45065600,48.50,-101.50,-18.8546,14.6676
45069506,-47.50,-89.50,-30.4865,12.1791
45073412,-308.50,-159.50,-24.7059,17.2488
45077318,-359.50,-207.50,-17.4406,21.2004
45081224,-133.50,-154.50,-14.5762,22.6592
45085130,47.50,-105.50,-14.7978,23.1527
45089036,-20.50,-100.50,-17.0901,17.9890
45092942,-263.50,-175.50,-13.3820,8.5601
45096848,-337.50,-211.50,-1.7811,2.6407
45100754,-174.50,-176.50,4.6412,5.3360
45104660,37.50,-98.50,-4.1464,13.4309
45108566,17.50,-64.50,-13.2334,23.0958
45112472,-217.50,-131.50,-5.6248,31.5764
45116378,-330.50,-188.50,11.3755,33.8384
45120284,-151.50,-169.50,25.9426,31.5706
45124190,85.50,-79.50,35.4857,32.3074
45128096,82.50,-28.50,41.0465,42.4683
45132002,-160.50,-81.50,43.9288,57.7845
45135908,-300.50,-144.50,46.2866,67.1228
45139814,-170.50,-124.50,48.7865,70.3353
45143720,64.50,-72.50,46.6806,69.9025
45147626,94.50,-45.50,40.1816,61.8492
45151532,-142.50,-85.50,34.1984,50.8507
45155438,-322.50,-144.50,28.9931,47.1849
45159344,-207.50,-134.50,26.8869,52.4378
45163250,35.50,-68.50,28.2079,60.2963
45167156,101.50,-28.50,28.3042,63.2466
45171062,-114.50,-66.50,26.0380,60.0729
45174968,-314.50,-122.50,23.0285,57.6900
45178874,-246.50,-148.50,20.9804,58.0137
45182780,-12.50,-93.50,16.8045,53.9854
45186686,82.50,-60.50,7.8667,42.9511
45190592,-106.50,-99.50,-0.7698,27.5638
45194498,-335.50,-171.50,-6.3973,13.4839
45198404,-307.50,-210.50,-11.4487,3.1202
45202310,-65.50,-155.50,-16.9712,-6.2269
45206216,58.50,-109.50,-22.4911,-14.5779
45210122,-98.50,-118.50,-26.9700,-20.0967
45214028,-335.50,-194.50,-28.7339,-21.7989
45217934,-367.50,-239.50,-33.0887,-24.6558
45221840,-168.50,-186.50,-50.5180,-30.8148
45225746,-4.50,-125.50,-74.9738,-34.7986
45229652,-106.50,-129.50,-84.9058,-35.2971
45233558,-335.50,-196.50,-73.1365,-34.0828
45237464,-377.50,-228.50,-54.6004,-31.0938
45241370,-138.50,-175.50,-40.5800,-24.7649
45245276,48.50,-108.50,-29.7829,-16.6347
45249182,-41.50,-91.50,-23.0368,-9.5148
45253088,-286.50,-156.50,-20.2664,-3.2181
45256994,-341.50,-194.50,-14.7591,2.2614
45260900,-154.50,-160.50,-6.3084,7.1968
45264806,42.50,-107.50,-4.9474,7.9480
45268712,-0.50,-93.50,-9.3933,1.9551
45272618,-245.50,-161.50,-9.0128,-5.6981
45276524,-349.50,-196.50,-3.9137,-8.2622
45280430,-169.50,-176.50,2.1103,-3.6649
45284336,54.50,-89.50,7.1875,4.3052
45288242,58.50,-41.50,13.1774,16.8189
45292148,-178.50,-94.50,23.4696,32.6864
45296054,-330.50,-150.50,30.7117,43.1091
45299960,-185.50,-125.50,29.1541,48.3051
45303866,63.50,-47.50,26.5829,54.3388
45307772,103.50,-32.50,32.4189,57.5784
45311678,-140.50,-85.50,42.2673,51.7022
45315584,-304.50,-146.50,45.4540,42.8035
45319490,-159.50,-148.50,49.5179,37.9348
45323396,59.50,-76.50,57.5359,36.1118
45327302,112.50,-32.50,56.3098,36.6607
45331208,-111.50,-79.50,46.5780,37.1723
45335114,-282.50,-126.50,40.7704,38.1581
45339020,-220.50,-162.50,41.9084,38.8099
45342926,33.50,-127.50,42.0482,27.4478
45346832,112.50,-85.50,38.8697,5.4039
45350738,-81.50,-129.50,34.1496,-13.7499
45354644,-328.50,-191.50,23.7465,-24.4067
45358550,-272.50,-209.50,9.3502,-26.3906
45362456,-15.50,-151.50,3.8268,-24.1015
45366362,74.50,-90.50,4.2048,-21.1669
45370268,-70.50,-100.50,0.5159,-16.2770
45374174,-308.50,-143.50,-1.1052,-5.8562
45378080,-303.50,-178.50,-0.7821,7.2804
45381986,-73.50,-122.50,-3.9609,14.3932
45385892,90.50,-78.50,-6.7080,13.1055
45389798,-37.50,-83.50,-3.2346,6.9643
45393704,-271.50,-163.50,5.1198,0.1556
45397610,-272.50,-232.50,17.2149,-11.7056
45401516,-74.50,-170.50,27.8943,-26.7152
45405422,80.50,-86.50,23.1447,-28.0612
45409328,-14.50,-76.50,7.6720,-14.5245
45413234,-271.50,-147.50,-2.7081,-1.8750
45417140,-351.50,-185.50,-10.0626,2.6970
45421046,-143.50,-143.50,-18.3804,4.9987
45424952,53.50,-83.50,-23.1336,7.2553
45428858,-8.50,-68.50,-23.2064,6.6636
45432764,-248.50,-146.50,-19.4000,2.6026
45436670,-346.50,-197.50,-13.8309,-4.3555
45440576,-166.50,-173.50,-10.4778,-9.9154
45444482,80.50,-109.50,-5.4977,-12.8276
45448388,80.50,-74.50,10.6218,-13.2488
45452294,-157.50,-126.50,33.7861,-8.7079
45456200,-286.50,-161.50,49.4730,1.1904
45460106,-143.50,-136.50,52.3266,15.4041
45464012,97.50,-52.50,48.0344,30.0805
45467918,108.50,-25.50,45.6710,40.3539
45471824,-152.50,-83.50,42.4961,42.0043
45475730,-308.50,-143.50,32.7476,37.0887
45479636,-177.50,-175.50,26.0917,26.8011
45483542,35.50,-112.50,22.6140,9.0052
45487448,79.50,-77.50,13.1201,-7.2565
45491354,-133.50,-121.50,4.6024,-15.2421
45495260,-310.50,-175.50,4.9020,-15.9023
45499166,-226.50,-207.50,9.4805,-15.2667
45503072,34.50,-113.50,13.6297,-16.4645
45506978,101.50,-52.50,16.6368,-9.4883
45510884,-157.50,-70.50,5.8261,5.8793
45514790,-317.50,-136.50,-15.1127,19.5703
45518696,-271.50,-164.50,-20.2427,24.8736
45522602,-0.50,-116.50,-10.1037,19.4057
45526508,125.50,-78.50,5.5570,6.4862
45530414,-36.50,-95.50,23.3777,-6.6933
45534320,-248.50,-166.50,38.3218,-13.1408
45538226,-239.50,-194.50,46.6156,-13.9398
45542132,15.50,-129.50,48.0575,-11.5685
45546038,145.50,-69.50,47.5251,-6.2371
45549944,-16.50,-77.50,42.3746,-1.6979
45553850,-252.50,-143.50,32.2861,0.6462
45557756,-271.50,-189.50,24.9836,0.3773
45561662,-64.50,-134.50,18.3813,-1.7491
45565568,94.50,-97.50,6.6504,-6.0011
45569474,-31.50,-89.50,-7.1984,-14.2220
45573380,-303.50,-188.50,-21.9917,-25.0847
45577286,-367.50,-239.50,-39.5592,-39.7783
45581192,-164.50,-194.50,-55.5507,-51.5709
45585098,21.50,-139.50,-66.2781,-55.1050
45589004,-53.50,-138.50,-71.1811,-58.5525
45592910,-308.50,-223.50,-71.2957,-67.7488
45596816,-404.50,-267.50,-72.2431,-78.8059
45600722,-218.50,-253.50,-76.7093,-85.7145
45604628,-12.50,-180.50,-82.4356,-89.3967
45608534,-44.50,-168.50,-85.2264,-91.6396
45612440,-277.50,-229.50,-79.8486,-93.4467
45616346,-398.50,-261.50,-69.4700,-90.9207
45620252,-227.50,-226.50,-61.2060,-77.6834
45624158,-17.50,-153.50,-59.2801,-60.3023
45628064,28.50,-130.50,-55.9675,-50.1816
45631970,-232.50,-180.50,-43.7675,-48.5258
45635876,-374.50,-214.50,-35.3444,-44.8654
45639782,-264.50,-186.50,-37.8528,-30.4268
45643688,9.50,-111.50,-41.3243,-11.5344
45647594,67.50,-69.50,-30.8507,2.0587
45651500,-161.50,-126.50,-10.8869,6.7446
45655406,-340.50,-180.50,0.2535,5.2132
45659312,-257.50,-206.50,-1.3720,0.5079
45663218,7.50,-113.50,-7.1711,-4.3038
45667124,86.50,-66.50,-5.3994,-0.8364
45671030,-117.50,-110.50,3.0080,6.3415
45674936,-303.50,-170.50,11.6925,8.9614
45678842,-230.50,-184.50,21.8827,9.7550
45682748,23.50,-121.50,32.0378,9.6179
45686654,112.50,-70.50,35.9872,8.6034
45690560,-97.50,-112.50,27.1064,5.4739
45694466,-304.50,-186.50,11.6452,-1.5242
45698372,-266.50,-204.50,6.5807,-7.9582
45702278,-30.50,-134.50,10.9527,-7.9293
45706184,97.50,-72.50,12.2576,-1.4840
45710090,-44.50,-81.50,10.9449,6.8930
45713996,-252.50,-153.50,17.4282,13.5601
45717902,-253.50,-198.50,32.8653,13.8483
45721808,-37.50,-143.50,42.9724,7.7405
45725714,112.50,-75.50,38.4405,3.6207
45729620,23.50,-84.50,32.6329,4.2893
45733526,-214.50,-144.50,39.9632,7.2223
45737432,-264.50,-177.50,50.4320,12.5325
45741338,-60.50,-111.50,50.4766,21.9896
45745244,111.50,-89.50,40.6921,26.6652
45749150,7.50,-87.50,25.8417,15.5043
45753056,-225.50,-158.50,13.9434,-0.1221
45756962,-308.50,-200.50,10.8842,-7.3480
45760868,-104.50,-144.50,13.3485,-4.0657
45764774,76.50,-82.50,13.3568,5.6339
45768680,23.50,-63.50,6.0335,12.5170
45772586,-222.50,-126.50,-2.4550,15.2274
45776492,-336.50,-180.50,-7.1228,15.6440
45780398,-181.50,-166.50,-12.1965,12.3823
45784304,23.50,-104.50,-22.2735,4.7745
45788210,13.50,-65.50,-33.3618,-0.5411
45792116,-210.50,-124.50,-35.2853,1.9982
45796022,-354.50,-186.50,-29.2497,5.6859
45799928,-197.50,-186.50,-22.0200,3.0403
45803834,57.50,-134.50,-10.9915,-7.5980
45807740,69.50,-91.50,1.9980,-19.2051
45811646,-189.50,-143.50,2.2374,-23.0421
45815552,-372.50,-178.50,-15.4533,-17.3091
45819458,-261.50,-191.50,-35.5648,-7.2221
45823364,-14.50,-127.50,-44.2213,-4.1609
45827270,77.50,-76.50,-36.7882,-6.4649
45831176,-133.50,-113.50,-17.7955,-5.0326
45835082,-337.50,-175.50,-5.0866,-0.7972
45838988,-248.50,-189.50,-3.7788,1.7617
45842894,10.50,-133.50,-1.3041,-0.4143
45846800,82.50,-79.50,2.8225,-4.4707
45850706,-113.50,-111.50,-0.7615,-5.9200
45854612,-324.50,-176.50,-8.6691,-5.3647
45858518,-277.50,-206.50,-11.4399,-6.2306
45862424,-24.50,-125.50,-7.5204,-6.4726
45866330,80.50,-65.50,-3.7637,0.1670
45870236,-79.50,-78.50,-6.0911,10.2342
45874142,-308.50,-164.50,-9.7755,14.2656
45878048,-318.50,-217.50,-13.1121,5.5329
45881954,-47.50,-161.50,-13.5217,-10.5103
45885860,74.50,-106.50,-8.8843,-21.1605
45889766,-47.50,-110.50,-8.2058,-24.2270
45893672,-271.50,-176.50,-6.8797,-22.5037
45897578,-313.50,-217.50,-0.7344,-19.4910
45901484,-104.50,-166.50,-1.2379,-17.4666
45905390,85.50,-111.50,-7.1313,-16.8648
45909296,-17.50,-102.50,-8.6511,-18.1921
45913202,-261.50,-162.50,-6.5299,-17.3751
45917108,-337.50,-175.50,-6.3655,-8.0314
45921014,-96.50,-76.50,-3.4719,19.0590
45924920,146.50,26.50,15.7074,63.4816
45928826,16.50,-100.50,34.6343,80.3415
45932732,-253.50,-188.50,22.9156,36.0313
45936638,-346.50,-239.50,-3.8870,-22.3849
45940544,-212.50,-240.50,-25.2875,-54.4243
45944450,-14.50,-188.50,-50.0279,-73.3174
45948356,-63.50,-180.50,-77.0529,-88.7400
45952266,-319.50,-260.50,-96.8993,-100.5541
45956172,-462.50,-354.50,-109.4175,-116.3472
45960078,-343.50,-356.50,-122.5136,-140.9507
45963984,-75.50,-270.50,-134.0426,-161.4680
45967890,-46.50,-221.50,-127.3555,-161.2297
45971796,-271.50,-256.50,-105.2494,-141.8873
45975702,-416.50,-301.50,-83.8585,-116.5244
45979608,-305.50,-287.50,-70.7168,-95.5598
45983514,-47.50,-205.50,-66.2772,-82.4721
45987420,20.50,-164.50,-59.6080,-73.9660
45991326,-193.50,-195.50,-45.4306,-65.5446
45995232,-366.50,-252.50,-30.8524,-54.5161
45999138,-271.50,-258.50,-18.6762,-44.5144
46003044,-27.50,-192.50,-11.0188,-41.2335
46006950,43.50,-164.50,-11.2067,-45.3617
46010856,-161.50,-201.50,-17.5870,-53.7244
46014762,-352.50,-252.50,-21.7495,-56.4966
46018668,-289.50,-252.50,-16.0047,-47.6064
46022574,-26.50,-168.50,-3.0983,-31.5603
46026480,75.50,-114.50,7.9668,-15.2055
46030386,-106.50,-143.50,9.1925,-5.4003
46034292,-328.50,-194.50,3.6080,-0.0602
46038198,-325.50,-238.50,-2.2263,3.2475
46042104,-95.50,-162.50,-10.3346,2.3078
46046010,73.50,-82.50,-14.9945,6.8601
46049916,-56.50,-110.50,-6.2899,17.9932
46053822,-294.50,-166.50,8.6994,25.6879
46057728,-308.50,-203.50,18.6072,29.6320
46061634,-76.50,-156.50,23.2900,29.5678
46065540,112.50,-86.50,28.6227,26.9618
46069446,11.50,-104.50,38.3292,24.7733
46073352,-290.50,-182.50,39.3701,19.9940
46077258,-313.50,-233.50,26.7634,11.4024
46081164,-105.50,-179.50,20.8243,4.4189
46085070,92.50,-118.50,24.3764,2.8876
46088976,37.50,-120.50,30.6024,1.9664
46092882,-207.50,-203.50,41.5432,-3.6334
46096788,-288.50,-258.50,53.0769,-13.4517
46100694,-121.50,-216.50,57.0452,-21.0366
46104600,79.50,-142.50,47.7334,-21.2214
46108506,55.50,-102.50,35.0115,-13.1370
46112412,-175.50,-171.50,35.0723,-0.2672
46116318,-289.50,-223.50,46.6755,8.3327
46120224,-129.50,-207.50,57.8992,9.3181
46124130,87.50,-141.50,59.6512,4.5917
46128036,85.50,-111.50,52.8116,-1.1249
46131942,-181.50,-175.50,41.2599,-3.7203
46135848,-342.50,-226.50,24.7171,-3.3301
46139754,-235.50,-239.50,6.2237,-4.1882
46143660,14.50,-170.50,-8.5080,-12.0524
46147566,55.50,-136.50,-12.7314,-21.4523
46151472,-184.50,-168.50,-10.7524,-22.5791
46155378,-348.50,-207.50,-10.4174,-10.9460
46159284,-262.50,-217.50,-9.8756,5.7465
46163190,-2.50,-145.50,-9.0021,13.5565
46167096,69.50,-79.50,-6.2737,17.1518
46171002,-158.50,-111.50,-5.9902,26.4245
46174908,-333.50,-186.50,-9.1588,35.4292
46178814,-251.50,-178.50,-2.3244,40.2580
46182720,27.50,-105.50,17.5506,46.8834
46186626,155.50,-48.50,43.6913,55.5541
46190532,-35.50,-74.50,64.9964,61.9316
46194438,-242.50,-145.50,73.9783,64.9998
46198344,-210.50,-164.50,77.7863,65.5524
46202250,32.50,-97.50,80.2970,66.0627
46206156,159.50,-40.50,78.5313,67.8572
46210062,15.50,-57.50,75.0143,69.0750
46213968,-204.50,-136.50,77.4704,68.0095
46217874,-223.50,-189.50,84.0074,60.7375
46221780,-4.50,-125.50,82.6170,49.3706
46225686,127.50,-80.50,67.8119,40.8028
46229592,5.50,-90.50,46.7417,33.1965
46233498,-239.50,-169.50,32.7621,25.5513
46237404,-319.50,-221.50,23.0960,17.8386
46241310,-113.50,-185.50,6.7090,8.1100
46245216,62.50,-114.50,-11.5514,-0.3007
46249122,-32.50,-121.50,-24.7802,-5.1488
46253028,-284.50,-207.50,-32.9154,-11.5756
46256934,-338.50,-264.50,-32.5940,-22.6838
46260840,-137.50,-219.50,-21.8545,-31.4051
46264746,64.50,-138.50,-11.0572,-30.5398
46268652,29.50,-97.50,-5.7702,-19.0155
46272558,-217.50,-167.50,-0.4081,-2.9666
46276464,-335.50,-191.50,2.9513,11.5888
46280370,-174.50,-152.50,-0.2356,27.9521
46284276,47.50,-84.50,-7.4882,41.9854
46288182,35.50,-72.50,-12.8484,43.9225
46292088,-217.50,-129.50,-15.6265,37.1482
46295994,-351.50,-186.50,-18.3829,32.1515
46299900,-244.50,-184.50,-24.1586,29.9739
46303806,-9.50,-124.50,-36.8479,23.4062
46307712,16.50,-77.50,-47.9112,15.8317
46311618,-239.50,-128.50,-54.3511,15.5212
46315524,-408.50,-197.50,-63.6406,18.6314
46319430,-309.50,-224.50,-72.5159,14.1414
46323336,-47.50,-160.50,-74.9124,-0.9401
46327242,-0.50,-126.50,-71.4163,-16.8426
46331148,-194.50,-161.50,-66.1621,-25.0245
46335054,-366.50,-223.50,-56.0361,-23.9363
46338960,-285.50,-238.50,-39.8269,-18.9159
46342866,-36.50,-166.50,-26.7766,-16.3836
46346772,64.50,-128.50,-19.5634,-17.1611
46350678,-143.50,-142.50,-17.8883,-18.2764
46354584,-351.50,-216.50,-22.4164,-15.3781
46358490,-310.50,-236.50,-26.0032,-11.7218
46362396,-61.50,-161.50,-24.5738,-8.8521
46366302,75.50,-84.50,-18.6791,-0.1883
46370208,-68.50,-91.50,-7.2333,14.9393
46374114,-300.50,-171.50,5.6232,27.5865
46378020,-302.50,-202.50,11.6846,30.3831
46381926,-73.50,-140.50,9.0554,28.2740
46385832,66.50,-81.50,1.1577,27.6305
46389738,-59.50,-85.50,-7.2113,27.8562
46393644,-284.50,-164.50,-7.9909,27.6313
46397550,-335.50,-207.50,-3.4684,25.0099
46401456,-128.50,-158.50,-6.2983,21.1850
46405362,46.50,-100.50,-16.5808,17.8352
46409268,-40.50,-100.50,-23.2388,13.2618
46413174,-276.50,-159.50,-20.2531,10.8342
46417080,-336.50,-202.50,-10.8545,14.1143
46420986,-144.50,-153.50,-3.1567,21.1540
46424892,52.50,-73.50,-2.6695,30.0501
46428798,-0.50,-61.50,-5.1661,37.9055
46432704,-244.50,-113.50,-4.1889,43.5061
46436610,-337.50,-175.50,-0.0394,47.3226
46440516,-160.50,-149.50,5.2296,46.9840
46444422,61.50,-114.50,9.6000,37.5409
46448328,32.50,-96.50,11.5221,18.7890
46452234,-220.50,-174.50,8.8819,-0.3848
46456140,-349.50,-222.50,2.4982,-12.1360
46460046,-177.50,-202.50,2.3671,-13.2085
46463952,66.50,-131.50,13.6517,-8.3202
46467858,71.50,-81.50,26.3664,-1.8790
46471764,-165.50,-117.50,29.9638,9.2835
46475670,-320.50,-169.50,26.8720,23.9990
46479576,-217.50,-179.50,22.3020,33.3345
46483482,18.50,-134.50,14.7104,27.7139
46487388,77.50,-77.50,8.9466,14.5406
46491294,-152.50,-121.50,8.4404,9.4066
46495200,-310.50,-175.50,11.0396,13.2845
46499106,-164.50,-136.50,29.0650,27.7044
46503012,64.50,-69.50,59.4039,51.5991
46506918,70.50,-66.50,63.8041,61.5919
46510824,-186.50,-108.50,22.7710,45.5415
46514730,-364.50,-174.50,-28.1112,24.3906
46518636,-287.50,-170.50,-44.6174,18.0429
46522542,-36.50,-111.50,-30.4706,24.3965
46526448,80.50,-50.50,-11.8246,32.6515
46530354,-92.50,-74.50,0.5165,38.3068
46534260,-278.50,-105.50,11.5010,47.1943
46538166,-317.50,-158.50,16.4674,57.6325
46542072,-94.50,-109.50,-0.5181,55.7278
46545978,34.50,-65.50,-27.2410,42.8108
46549884,-109.50,-88.50,-42.8097,28.9236
46553790,-293.50,-143.50,-38.0820,20.5468
46557696,-335.50,-168.50,-19.9106,22.1158
46561602,-104.50,-101.50,-10.6878,31.7387
46565508,82.50,-41.50,-7.9055,43.7461
46569414,-18.50,-45.50,2.1707,50.7166
46573320,-252.50,-113.50,15.4250,50.8795
46577226,-318.50,-169.50,21.7537,45.1649
46581132,-120.50,-121.50,16.7581,36.7131
46585038,93.50,-46.50,11.1791,34.4942
46588944,30.50,-54.50,18.0217,37.0486
46592850,-221.50,-125.50,30.0027,34.3009
46596756,-310.50,-163.50,33.7785,28.3836
46600662,-143.50,-138.50,27.7446,25.8530
46604568,58.50,-84.50,15.6266,22.4137
46608474,26.50,-53.50,5.8397,17.8619
46612380,-207.50,-127.50,5.6365,16.3614
46616286,-326.50,-175.50,10.9520,14.5523
46620192,-162.50,-165.50,15.6974,10.8546
46624098,54.50,-117.50,17.3967,2.7051
46628004,61.50,-73.50,17.1682,-6.4229
46631910,-165.50,-136.50,19.7464,-8.4569
46635816,-329.50,-198.50,21.6190,-8.7191
46639722,-224.50,-204.50,13.4692,-14.0893
46643628,48.50,-132.50,4.1516,-22.1543
46647534,100.50,-76.50,12.2347,-22.8582
46651440,-136.50,-113.50,27.8163,-12.3667
46655346,-316.50,-175.50,30.4390,-0.3710
46659252,-214.50,-175.50,24.9803,5.7207
46663158,21.50,-110.50,21.3020,6.8329
46667064,109.50,-66.50,21.9671,6.2092
46670970,-104.50,-86.50,25.7904,8.1160
46674876,-329.50,-165.50,21.7123,12.0950
46678782,-266.50,-188.50,8.1446,10.1417
46682688,-1.50,-122.50,1.2215,3.0331
46686594,125.50,-61.50,11.1939,0.9277
46690500,-60.50,-77.50,27.6988,6.6916
46694406,-286.50,-156.50,34.2236,12.9594
46698312,-281.50,-177.50,27.2925,13.2233
46702218,-44.50,-104.50,13.5549,13.3776
46706124,83.50,-52.50,1.5820,18.1269
46710030,-66.50,-70.50,-5.3424,20.6928
46713936,-308.50,-152.50,-9.3274,16.7356
46717842,-309.50,-194.50,-10.6886,7.3954
46721748,-61.50,-137.50,-5.2837,-1.3516
46725654,101.50,-80.50,5.5021,-4.5038
46729560,-28.50,-90.50,10.8420,-6.1583
46733466,-285.50,-172.50,5.2845,-11.2863
46737372,-328.50,-250.50,-4.3934,-25.1375
46741278,-124.50,-211.50,-11.2213,-46.4131
46745184,64.50,-148.50,-15.8472,-62.4734
46749090,-20.50,-142.50,-18.5980,-68.2639
46752996,-264.50,-192.50,-18.0801,-65.5586
46756902,-319.50,-222.50,-11.2798,-53.8561
46760808,-109.50,-177.50,4.2945,-36.4832
46764714,112.50,-103.50,22.7281,-21.0970
46768620,77.50,-85.50,38.2671,-12.4878
46772526,-222.50,-152.50,40.8015,-10.6963
46776432,-335.50,-206.50,23.6550,-13.0761
46780338,-146.50,-186.50,8.2330,-15.6975
46784244,84.50,-121.50,9.9586,-18.1129
46788150,39.50,-96.50,12.7360,-21.1807
46792056,-208.50,-137.50,3.3577,-21.0626
46795962,-337.50,-188.50,-6.5741,-14.2560
46799868,-203.50,-190.50,-7.2085,-7.3389
46803774,58.50,-127.50,-2.6034,-9.0228
46807680,81.50,-78.50,5.6212,-13.3639
46811586,-143.50,-120.50,14.1883,-11.0298
46815492,-319.50,-186.50,18.5245,-5.4279
46819398,-221.50,-216.50,16.5316,-7.5620
46823304,31.50,-142.50,9.9731,-18.7509
46827210,71.50,-98.50,2.8576,-26.7012
46831116,-164.50,-136.50,-8.5453,-27.5783
46835022,-377.50,-216.50,-26.2196,-28.6738
46838928,-328.50,-262.50,-46.5129,-38.5422
46842834,-74.50,-178.50,-64.7117,-53.0165
46846740,22.50,-133.50,-72.7705,-58.1280
46850646,-175.50,-174.50,-71.8997,-58.7782
46854552,-364.50,-239.50,-65.7333,-62.5366
46858458,-335.50,-253.50,-54.9563,-62.7893
46862364,-66.50,-178.50,-45.2114,-55.0163
46866270,79.50,-129.50,-33.3424,-44.8226
46870176,-79.50,-144.50,-17.7358,-40.5953
46874082,-303.50,-207.50,-4.9716,-39.5696
46877988,-299.50,-216.50,3.3110,-32.8705
46881894,-69.50,-164.50,5.6493,-20.5901
46885800,82.50,-112.50,1.5280,-13.1904
46889706,-16.50,-105.50,1.3387,-12.8445
46893612,-267.50,-157.50,11.4472,-8.3699
46897518,-301.50,-196.50,20.5465,1.8627
46901424,-117.50,-111.50,15.8347,15.9532
46905330,143.50,30.50,11.1302,47.4312
46909236,115.50,47.50,39.7100,94.8478
46913142,-239.50,-170.50,73.8298,105.0557
46917048,-385.50,-276.50,50.8646,43.1630
46920954,-191.50,-238.50,-10.9797,-36.0649
46924860,26.50,-177.50,-53.1506,-77.5330
46928766,-17.50,-168.50,-60.3423,-88.8631
46932672,-304.50,-296.50,-55.1902,-99.2781
46936578,-431.50,-345.50,-60.9363,-119.3497
46940484,-268.50,-324.50,-76.1049,-133.5684
46944390,-66.50,-258.50,-94.1462,-138.7647
46948296,-117.50,-255.50,-117.9120,-146.9227
46952202,-366.50,-326.50,-141.8407,-159.2020
46956108,-468.50,-351.50,-146.7382,-160.9559
46960014,-285.50,-315.50,-122.6197,-141.7701
46963920,-15.50,-217.50,-84.3636,-113.8483
46967826,37.50,-169.50,-47.8869,-90.2180
46971732,-189.50,-197.50,-18.0681,-69.5987
46975638,-371.50,-233.50,-1.7930,-44.6595
46979544,-266.50,-248.50,-2.1787,-22.1208
46983450,23.50,-188.50,-4.9646,-19.2468
46987356,49.50,-125.50,-1.2382,-28.1368
46991266,-186.50,-178.50,-5.0797,-30.6247
46995172,-360.50,-224.50,-13.8133,-23.9892
46999078,-264.50,-236.50,-9.2200,-12.2817
47002984,-14.50,-168.50,2.7924,-5.2561
47006890,95.50,-127.50,11.4613,-7.9011
47010796,-97.50,-149.50,19.7960,-12.6782
47014702,-322.50,-207.50,26.5025,-8.8937
47018608,-296.50,-230.50,24.4188,1.3856
47022514,-47.50,-168.50,13.5943,6.4595
47026420,78.50,-113.50,3.3341,4.3311
47030326,-88.50,-145.50,0.1491,-0.9595
47034232,-320.50,-226.50,2.8335,-7.3179
47038138,-303.50,-254.50,9.1461,-12.6060
47042044,-58.50,-179.50,16.0802,-12.3664
47045950,83.50,-136.50,17.6862,-9.2234
47049856,-38.50,-111.50,15.2463,-5.5364
47053762,-271.50,-181.50,19.5264,5.9538
47057668,-300.50,-222.50,30.4145,18.7486
47061574,-64.50,-174.50,38.9014,22.3013
47065480,112.50,-106.50,41.9513,19.8633
47069386,17.50,-76.50,42.1316,21.9457
47073292,-218.50,-124.50,46.6346,37.3512
47077198,-284.50,-175.50,56.2888,57.0899
47081104,-63.50,-95.50,64.7570,73.1690
47085010,143.50,-47.50,70.3170,85.6314
47088916,63.50,-32.50,71.0664,87.4019
47092822,-197.50,-88.50,65.2398,84.1174
47096728,-281.50,-134.50,60.1800,86.6749
47100634,-89.50,-118.50,63.2539,89.9176
47104540,139.50,-64.50,70.1554,83.8079
47108446,109.50,-46.50,74.9491,69.9391
47112352,-120.50,-113.50,80.4220,57.8424
47116258,-244.50,-160.50,90.1653,52.9002
47120164,-94.50,-160.50,97.9770,52.1196
47124070,130.50,-84.50,94.9531,48.6984
47127976,92.50,-62.50,77.2946,43.2859
47131882,-177.50,-128.50,46.3406,36.3096
47135788,-344.50,-192.50,14.8609,27.5830
47139694,-239.50,-202.50,-6.6446,19.0822
47143600,-2.50,-142.50,-22.5161,8.4822
47147506,31.50,-100.50,-35.2549,-1.6338
47151412,-207.50,-157.50,-44.5883,-7.8624
47155318,-371.50,-204.50,-48.2878,-9.2316
47159224,-288.50,-226.50,-44.3265,-6.6385
47163130,-16.50,-148.50,-38.0916,-5.8052
47167036,87.50,-85.50,-26.3580,-2.8511
47170942,-47.50,-60.50,2.8054,15.2130
47174848,-308.50,-132.50,35.0823,46.0772
47178754,-320.50,-206.50,29.4838,58.2723
47182660,-61.50,-136.50,-10.5090,39.8578
47186566,63.50,-80.50,-38.1234,20.1200
47190472,-80.50,-47.50,-34.5063,22.9505
47194378,-271.50,-112.50,-7.8973,46.9260
47198284,-239.50,-113.50,26.7800,74.4733
47202190,41.50,-36.50,57.6093,97.8732
47206096,183.50,17.50,80.6038,114.7486
47210002,35.50,19.50,89.8241,120.3755
47213908,-200.50,-62.50,88.2870,118.6632
47217814,-239.50,-109.50,83.1566,111.5217
47221720,-63.50,-64.50,65.4891,101.6265
47225626,97.50,-15.50,32.8267,91.9403
47229532,-2.50,-8.50,6.9430,82.4449
47233438,-225.50,-66.50,5.4864,78.6804
47237344,-270.50,-118.50,22.3362,80.6376
47241250,-93.50,-79.50,34.1407,81.5784
47245156,82.50,-36.50,24.1780,76.3709
47249062,15.50,-34.50,5.0551,62.4999
47252968,-229.50,-114.50,-3.4868,44.7049
47256874,-340.50,-150.50,-5.1400,32.5718
47260780,-140.50,-102.50,-8.0587,35.2782
47264686,80.50,-58.50,-7.1147,44.1957
47268592,62.50,-60.50,1.3894,39.0967
47272498,-224.50,-136.50,6.4492,19.2653
47276404,-367.50,-181.50,-6.3357,1.3489
47280310,-193.50,-181.50,-25.0085,-6.5998
47284216,48.50,-102.50,-29.3127,-9.7754
47288122,38.50,-60.50,-23.7964,-7.4414
47292028,-175.50,-104.50,-17.0624,1.6576
47295934,-310.50,-144.50,-4.7124,13.9935
47299840,-159.50,-136.50,14.5019,26.8207
47303746,66.50,-77.50,29.1161,32.9151
47307652,71.50,-24.50,25.3433,32.7575
47311558,-154.50,-79.50,7.0739,32.5234
47315464,-319.50,-158.50,-5.5176,28.0544
47319370,-239.50,-185.50,-7.2353,14.7017
47323276,14.50,-125.50,-8.4060,-2.8941
47327182,50.50,-69.50,-14.9614,-13.6811
47331088,-148.50,-113.50,-26.7293,-15.2140
47334994,-315.50,-157.50,-29.5001,-11.6389
47338900,-246.50,-191.50,-15.4535,-6.3050
47342806,13.50,-124.50,1.8142,-5.6555
47346712,106.50,-80.50,11.9329,-9.0568
47350618,-99.50,-123.50,9.3407,-16.3252
47354524,-304.50,-191.50,-1.5520,-27.3457
47358430,-276.50,-208.50,-6.8999,-33.3569
47362336,-21.50,-152.50,-4.1552,-31.5046
47366242,97.50,-101.50,0.1694,-28.7183
47370148,-50.50,-108.50,1.1959,-28.5221
47374054,-252.50,-174.50,6.1411,-27.2697
47377960,-242.50,-195.50,22.2338,-22.6126
47381866,6.50,-110.50,42.1680,-10.0405
47385772,114.50,-56.50,48.7200,8.4042
47389678,-44.50,-89.50,28.1231,14.0635
47393584,-302.50,-174.50,-6.9532,-0.5661
47397490,-319.50,-205.50,-29.2842,-18.8081
47401396,-93.50,-142.50,-28.5639,-22.3094
47405302,101.50,-78.50,-15.1816,-12.4667
47409208,7.50,-56.50,-2.3125,-0.7006
47413114,-257.50,-129.50,1.2524,8.1244
47417020,-333.50,-192.50,-6.1318,8.2417
47420926,-117.50,-143.50,-12.6875,2.1822
47424832,89.50,-79.50,-9.8351,0.0327
47428738,6.50,-53.50,-7.4780,2.5035
47432644,-255.50,-101.50,-16.1573,9.4512
47436550,-360.50,-186.50,-29.4489,13.9752
47440456,-190.50,-160.50,-38.0078,7.3461
47444362,42.50,-89.50,-40.4902,-1.7129
47448268,52.50,-108.50,-32.2309,-12.3452
47452174,-177.50,-136.50,-11.8152,-26.1206
47456080,-319.50,-186.50,6.7911,-27.5461
47459986,-175.50,-176.50,12.4164,-17.8349
47463892,48.50,-128.50,6.8606,-15.2671
47467798,49.50,-101.50,-4.8448,-24.5007
47471704,-180.50,-143.50,-16.1961,-34.4675
47475610,-357.50,-193.50,-23.3673,-34.7219
47479516,-248.50,-182.50,-29.3220,-25.9454
47483422,13.50,-113.50,-32.4164,-15.7537
47487328,55.50,-73.50,-29.6962,-9.8328
47491234,-165.50,-111.50,-28.1466,-8.2834
47495140,-345.50,-188.50,-29.1180,-10.3213
47499046,-271.50,-204.50,-28.3652,-16.7528
47502952,-21.50,-144.50,-28.4812,-25.0895
47506858,48.50,-93.50,-31.9998,-30.0419
47510764,-163.50,-127.50,-41.1462,-30.9814
47514670,-361.50,-189.50,-51.0602,-30.0826
47518576,-308.50,-207.50,-51.4817,-27.9048
47522482,-58.50,-143.50,-44.7380,-24.9967
47526388,65.50,-93.50,-37.4403,-22.6098
47530294,-83.50,-98.50,-28.2355,-19.8528
47534200,-315.50,-191.50,-17.3852,-18.5112
47538106,-296.50,-221.50,-9.9753,-24.2562
47542012,-42.50,-157.50,-3.9878,-30.5160
47545918,60.50,-114.50,-3.4568,-31.8935
47549824,-77.50,-90.50,-16.2447,-29.3586
47553730,-309.50,-158.50,-28.5328,-19.1353
47557636,-349.50,-191.50,-32.0317,-7.8237
47561542,-90.50,-143.50,-29.8217,-2.0791
47565448,80.50,-82.50,-19.8551,-0.1309
47569354,-16.50,-86.50,-8.3626,-1.8233
47573260,-255.50,-143.50,0.4049,-4.1259
47577166,-337.50,-184.50,3.4787,-2.6637
47581072,-115.50,-142.50,-0.7458,2.0483
47584978,85.50,-74.50,-2.5330,7.0615
47588884,30.50,-70.50,3.4305,8.8701
47592790,-242.50,-144.50,9.4571,4.4397
47596696,-342.50,-198.50,5.6460,-4.3184
47600602,-131.50,-169.50,0.7502,-10.8785
47604508,82.50,-106.50,5.3162,-13.2455
47608414,48.50,-66.50,11.4457,-11.3830
47612320,-238.50,-143.50,7.1593,-7.6772
47616226,-345.50,-207.50,-5.8667,-10.6957
47620132,-207.50,-188.50,-15.4750,-18.1884
47624038,16.50,-125.50,-23.7793,-22.9065
47627944,25.50,-95.50,-31.9375,-25.5640
47631850,-221.50,-163.50,-34.3771,-29.8587
47635756,-368.50,-201.50,-33.3355,-33.1537
47639662,-238.50,-204.50,-29.9091,-30.0743
47643568,14.50,-134.50,-24.9948,-26.3246
47647474,62.50,-82.50,-18.3525,-23.4397
47651380,-144.50,-124.50,-7.7408,-17.5961
47655286,-335.50,-186.50,2.7657,-11.8748
47659192,-250.50,-180.50,4.7977,-6.8406
47663098,16.50,-111.50,1.5102,-0.7719
47667004,83.50,-68.50,1.8754,3.7475
47670910,-116.50,-111.50,3.9827,2.8008
47674816,-320.50,-181.50,5.5294,-2.5897
47678722,-289.50,-193.50,2.7412,-7.0481
47682628,-52.50,-131.50,-10.3978,-7.9481
47686534,60.50,-81.50,-25.0136,-7.4153
47690440,-98.50,-111.50,-27.2132,-8.6584
47694346,-322.50,-175.50,-17.8590,-10.6905
47698252,-312.50,-207.50,-10.5175,-11.9042
47702158,-61.50,-140.50,-10.8054,-12.2059
47706064,64.50,-98.50,-13.9221,-12.4611
47709970,-74.50,-99.50,-17.1625,-13.8461
47713876,-305.50,-175.50,-16.1666,-13.7582
47717782,-328.50,-220.50,-12.0572,-15.3491
47721688,-102.50,-160.50,-12.1125,-19.4828
47725594,54.50,-111.50,-17.4757,-21.8443
47729500,-50.50,-111.50,-22.7944,-24.3173
47733406,-289.50,-162.50,-21.3814,-23.2282
47737312,-337.50,-190.50,-14.6117,-13.6834
47741218,-138.50,-153.50,-11.1972,-2.2145
47745124,43.50,-79.50,-16.3284,4.4107
47749030,-36.50,-70.50,-25.0912,8.0220
47752936,-272.50,-136.50,-27.7599,10.2719
47756842,-346.50,-186.50,-21.0560,9.8644
47760748,-142.50,-156.50,-8.7013,7.8495
47764654,91.50,-94.50,6.6280,5.1077
47768560,48.50,-70.50,22.1495,2.9647
47772466,-206.50,-157.50,30.1366,-0.8391
47776372,-330.50,-158.50,27.2393,-1.6853
47780278,-143.50,-111.50,23.7334,15.8288
47784184,111.50,-29.50,32.3857,44.5229
47788090,81.50,-34.50,45.9037,59.5113
47791996,-176.50,-127.50,45.4206,47.1934
47795902,-325.50,-189.50,32.4199,18.7252
47799808,-204.50,-191.50,19.3406,-4.6229
47803714,61.50,-120.50,12.9425,-17.1507
47807620,74.50,-80.50,14.6779,-19.7339
47811526,-150.50,-146.50,16.6641,-18.1273
47815432,-347.50,-207.50,12.5367,-20.3738
47819338,-260.50,-204.50,0.6767,-23.8311
47823244,-4.50,-123.50,-13.3353,-23.0010
47827150,69.50,-65.50,-17.6995,-14.8758
47831056,-122.50,-116.50,-9.6803,-4.3963
47834962,-312.50,-186.50,4.9559,-1.0846
47838868,-223.50,-201.50,21.1949,-5.1050
47842774,29.50,-138.50,35.3296,-11.6874
47846680,113.50,-111.50,40.6692,-20.4063
47850586,-52.50,-129.50,38.9752,-29.0592
47854492,-256.50,-192.50,43.2426,-29.4225
47858398,-239.50,-226.50,51.3451,-25.6201
47862304,-25.50,-159.50,46.2143,-26.6623
47866210,101.50,-97.50,27.7346,-27.3022
47870116,-47.50,-107.50,13.6743,-22.1585
47874022,-277.50,-175.50,12.3882,-13.8300
47877928,-276.50,-203.50,17.7896,-7.6095
47881834,-18.50,-124.50,26.8611,-1.5567
47885740,109.50,-61.50,34.0290,8.8374
47889646,-16.50,-63.50,29.4569,18.9898
47893552,-248.50,-138.50,21.9392,24.3952
47897458,-285.50,-178.50,22.5078,24.2701
47901364,-64.50,-136.50,26.7100,20.1274
47905270,95.50,-97.50,25.6504,11.0782
47909176,-15.50,-96.50,13.6525,-2.7822
47913082,-272.50,-172.50,-3.9434,-13.8967
47916988,-351.50,-213.50,-18.1129,-18.8655
47920894,-156.50,-191.50,-26.4813,-21.7617
47924800,48.50,-143.50,-30.2949,-29.9151
47928706,-15.50,-146.50,-31.7854,-44.9213
47932612,-288.50,-217.50,-37.1796,-59.8751
47936518,-390.50,-244.50,-48.0340,-65.0544
47940424,-212.50,-208.50,-54.8809,-56.0891
47944330,23.50,-129.50,-52.3882,-41.3095
47948236,11.50,-95.50,-42.7801,-27.7042
47952142,-239.50,-165.50,-33.1429,-18.5454
47956048,-356.50,-208.50,-27.1074,-15.5365
47959954,-222.50,-200.50,-22.4715,-14.8526
47963860,37.50,-143.50,-18.6343,-18.2791
47967766,61.50,-101.50,-10.5929,-23.7680
47971672,-174.50,-138.50,-0.4513,-21.0803
47975578,-319.50,-196.50,7.0947,-10.8524
47979484,-196.50,-207.50,16.4141,-5.2213
47983390,87.50,-125.50,31.3995,-7.2742
47987296,145.50,-65.50,51.8845,-4.1167
47991202,-47.50,-85.50,71.8953,11.1957
47995108,-204.50,-127.50,92.1175,33.3979
47999014,-175.50,-150.50,104.2208,50.3527
48002920,64.50,-79.50,91.7648,53.3807
48006826,141.50,-41.50,68.1826,48.7394
48010732,-44.50,-82.50,53.9613,41.6806
48014638,-293.50,-159.50,44.9970,32.2705
48018544,-278.50,-201.50,26.5660,19.3792
48022450,-47.50,-143.50,-0.2770,3.6502
48026356,91.50,-93.50,-17.5657,-7.6124
48030266,-81.50,-120.50,-18.6041,-12.7507
48034172,-293.50,-170.50,-12.0515,-12.2932
48038078,-268.50,-206.50,-0.6944,-7.1415
48041984,-42.50,-140.50,10.9295,-2.5501
48045890,105.50,-94.50,13.6079,-0.6752
48049796,-12.50,-100.50,12.6869,-1.9900
48053702,-266.50,-166.50,14.3605,-3.1685
48057608,-313.50,-221.50,10.5154,-5.4107
48061514,-88.50,-148.50,0.0021,-8.2996
48065420,85.50,-78.50,-7.7214,-2.5865
48069326,-17.50,-75.50,-10.6918,8.3037
48073232,-255.50,-148.50,-10.1742,14.1990
48077138,-329.50,-205.50,-8.0230,11.2067
48081044,-124.50,-159.50,-8.3053,3.9727
48084950,75.50,-105.50,-10.0828,-1.2166
48088856,22.50,-86.50,-8.7603,-4.2157
48092762,-240.50,-136.50,-5.8199,-1.6525
48096668,-341.50,-196.50,-7.7038,4.7600
48100574,-175.50,-181.50,-14.7680,4.6922
48104480,63.50,-141.50,-19.9676,-7.2462
48108386,39.50,-100.50,-16.3720,-21.9080
48112292,-220.50,-156.50,-10.9434,-24.9754
48116198,-356.50,-219.50,-13.9595,-20.7769
48120104,-195.50,-212.50,-19.2578,-21.0061
48124010,27.50,-136.50,-21.3741,-24.5016
48127916,23.50,-100.50,-25.8592,-24.2048
48131822,-213.50,-157.50,-33.7599,-21.3287
48135728,-378.50,-192.50,-40.3880,-16.8418
48139634,-244.50,-182.50,-41.8494,-6.3581
48143540,-8.50,-92.50,-39.2106,8.1509
48147446,53.50,-50.50,-34.8906,22.5311
48151352,-143.50,-78.50,-24.2556,34.0865
48155258,-301.50,-130.50,-4.4038,44.1484
48159164,-213.50,-147.50,16.8786,51.3424
48163070,48.50,-63.50,30.6785,53.8877
48166976,139.50,-19.50,39.9895,57.2081
48170882,-47.50,-48.50,49.9159,60.7384
48174788,-248.50,-96.50,59.1179,65.2004
48178694,-191.50,-114.50,65.8050,72.7420
48182600,66.50,-42.50,70.8931,79.2512
48186506,176.50,-8.50,75.6116,80.7177
48190412,-12.50,-30.50,74.8244,75.0939
48194318,-236.50,-138.50,66.8335,61.4931
48198224,-246.50,-178.50,55.0321,39.0933
48202130,-2.50,-115.50,41.3651,18.9829
48206036,123.50,-72.50,29.9609,10.0849
48209942,-47.50,-79.50,16.9121,6.3316
48213848,-291.50,-161.50,-0.6901,3.3314
48217754,-288.50,-202.50,-10.2684,-1.9581
48221660,-47.50,-152.50,-3.6201,-8.3691
48225566,121.50,-100.50,9.3640,-13.1312
48229472,-4.50,-100.50,14.4943,-17.5408
48233378,-266.50,-160.50,7.6192,-18.6686
48237284,-317.50,-195.50,-4.0239,-14.1601
48241190,-114.50,-150.50,-12.4637,-6.8868
48245096,63.50,-110.50,-20.2093,-5.2033
48249002,-12.50,-109.50,-28.8692,-14.7806
48252908,-271.50,-175.50,-34.4859,-27.1263
48256814,-361.50,-224.50,-38.1953,-33.6489
48260720,-178.50,-195.50,-42.3560,-35.1281
48264626,16.50,-122.50,-49.7081,-33.8261
48268532,-0.50,-93.50,-55.6868,-28.9983
48272438,-257.50,-145.50,-52.8257,-20.4882
48276344,-360.50,-217.50,-45.7016,-15.4991
48280250,-221.50,-237.50,-42.0971,-25.5436
48284156,-15.50,-176.50,-50.5528,-48.8831
48288062,-28.50,-146.50,-68.4089,-67.6091
48291968,-271.50,-202.50,-82.4523,-73.5856
48295874,-406.50,-252.50,-86.0903,-71.7135
48299780,-267.50,-241.50,-79.4832,-65.3227
48303686,-19.50,-154.50,-68.8648,-55.4268
48307592,30.50,-113.50,-56.7508,-43.0952
48311498,-185.50,-173.50,-42.2145,-36.1888
48315404,-352.50,-240.50,-29.1048,-39.7854
48319310,-255.50,-233.50,-21.1708,-44.5685
48323216,10.50,-164.50,-16.0702,-42.7789
48327122,81.50,-101.50,-7.9602,-34.7992
48331028,-125.50,-125.50,0.3799,-22.0667
48334934,-321.50,-196.50,3.9969,-10.2435
48338840,-239.50,-188.50,7.6550,-1.9379
48342746,17.50,-137.50,15.9494,4.5485
48346652,114.50,-96.50,24.8168,4.1829
48350558,-62.50,-113.50,29.4343,-1.4552
48354464,-291.50,-189.50,29.4737,-4.4162
48358370,-271.50,-225.50,23.9886,-7.8230
48362276,-37.50,-155.50,13.7970,-12.3776
48366182,87.50,-111.50,3.4266,-13.9250
48370088,-62.50,-114.50,-2.8068,-13.9172
48373994,-320.50,-175.50,-7.4530,-10.2130
48377900,-345.50,-204.50,-18.8712,-2.8805
48381806,-113.50,-137.50,-34.3460,5.4821
48385712,32.50,-103.50,-45.8039,10.1265
48389618,-85.50,-111.50,-52.4288,3.9311
48393524,-313.50,-177.50,-51.0895,-5.7228
48397430,-360.50,-226.50,-43.0233,-11.2802
48401336,-131.50,-164.50,-35.4108,-11.8297
48405242,58.50,-121.50,-28.6711,-9.2545
48409148,-32.50,-112.50,-23.2819,-10.7654
48413054,-271.50,-180.50,-19.8524,-14.6227
48416960,-346.50,-224.50,-15.8432,-16.3512
48420866,-148.50,-170.50,-11.8151,-12.7494
48424772,65.50,-110.50,-8.4615,-4.1748
48428678,16.50,-92.50,-4.2394,1.5490
48432584,-224.50,-161.50,1.1875,1.7336
48436490,-346.50,-208.50,4.0730,-0.6508
48440396,-190.50,-190.50,-0.9217,-2.6090
48444302,38.50,-143.50,-10.5792,-7.7532
48448208,24.50,-115.50,-15.4594,-17.2032
48452114,-224.50,-175.50,-15.6866,-23.7233
48456020,-361.50,-234.50,-16.3202,-26.2728
48459926,-207.50,-218.50,-14.3089,-26.9495
48463832,20.50,-143.50,-9.9536,-24.7099
48467738,45.50,-85.50,-8.3802,-15.9527
48471644,-174.50,-132.50,-6.6809,-1.6287
48475550,-331.50,-174.50,-0.4445,12.0854
48479456,-239.50,-156.50,4.9383,25.7452
48483362,39.50,-64.50,7.9218,42.5033
48487268,96.50,-19.50,16.7050,59.9149
48491174,-110.50,-81.50,27.4256,67.2219
48495080,-284.50,-88.50,35.7613,69.9273
48498986,-186.50,-155.50,48.4312,74.8592
48502892,59.50,-67.50,63.0002,69.8186
48506798,143.50,-29.50,69.6024,61.9416
48510704,-50.50,-49.50,66.5500,60.6581
48514610,-249.50,-113.50,62.5866,63.2358
48518516,-213.50,-136.50,63.3553,66.0537
48522422,38.50,-72.50,65.4170,65.8873
48526328,162.50,-29.50,67.6543,63.7047
48530234,-0.50,-46.50,69.9453,59.6216
48534140,-217.50,-124.50,72.3925,54.6742
48538046,-255.50,-161.50,69.2332,47.6826
48541952,-6.50,-88.50,55.9033,42.7297
48545858,138.50,-33.50,44.8453,45.5157
48549764,19.50,-27.50,43.3472,52.0389
48553670,-238.50,-97.50,44.7601,58.5273
48557576,-254.50,-160.50,44.3704,57.4057
48561482,-40.50,-105.50,44.2726,47.1345
48565388,114.50,-56.50,39.9183,37.6414
48569294,-3.50,-52.50,25.0497,31.1460
48573200,-270.50,-132.50,4.3695,25.2722
48577106,-333.50,-184.50,-13.1199,17.6703
48581012,-118.50,-144.50,-18.7692,10.3992
48584918,69.50,-84.50,-15.8695,6.6948
48588824,16.50,-49.50,-13.1433,7.9663
48592730,-240.50,-123.50,-11.3441,13.7901
48596636,-342.50,-188.50,-12.2320,14.2677
48600542,-154.50,-150.50,-14.2754,8.9026
48604448,59.50,-102.50,-14.1244,3.9274
48608354,29.50,-72.50,-14.2266,-1.7801
48612260,-240.50,-136.50,-19.3445,-6.0483
48616166,-384.50,-194.50,-32.7692,-8.2025
48620072,-233.50,-190.50,-47.6937,-11.4037
48623978,13.50,-121.50,-53.6214,-16.5482
48627884,27.50,-93.50,-48.5011,-21.3139
48631790,-206.50,-141.50,-39.3551,-23.6819
48635696,-342.50,-190.50,-29.5816,-21.5497
48639602,-222.50,-185.50,-18.0399,-14.7608
48643508,15.50,-113.50,-11.7744,-8.4314
48647414,74.50,-61.50,-10.7849,-2.9898
48651320,-137.50,-107.50,-6.0590,2.4925
48655226,-310.50,-168.50,3.2316,5.5160
48659132,-226.50,-184.50,11.8219,5.2308
48663038,45.50,-111.50,18.6767,3.1135
48666944,106.50,-81.50,24.4886,0.0091
48670850,-126.50,-127.50,18.4757,-8.0931
48674756,-302.50,-192.50,4.6939,-18.6394
48678662,-268.50,-214.50,-0.1848,-24.5703
48682568,-22.50,-153.50,-2.0309,-26.8740
48686474,85.50,-105.50,-6.3781,-28.4709
48690380,-78.50,-127.50,-7.6235,-30.3154
48694286,-283.50,-201.50,-1.2341,-32.1015
48698192,-267.50,-248.50,10.1940,-37.2902
48702098,-29.50,-182.50,16.7638,-45.4344
48706004,97.50,-138.50,14.3034,-50.6561
48709910,-51.50,-154.50,5.8414,-55.2122
48713816,-316.50,-233.50,-6.6530,-61.3513
48717722,-336.50,-270.50,-21.9792,-67.2232
48721628,-110.50,-194.50,-33.4396,-66.1644
48725534,77.50,-117.50,-34.1471,-52.6558
48729440,-0.50,-94.50,-20.1054,-32.1293
48733346,-239.50,-158.50,3.6511,-12.3361
48737252,-324.50,-220.50,16.4625,-3.2193
48741158,-142.50,-181.50,4.5404,-7.8616
48745064,27.50,-120.50,-23.0408,-16.7003
48748970,-43.50,-112.50,-47.1491,-23.3409
48752876,-285.50,-181.50,-55.3819,-27.2500
48756782,-369.50,-227.50,-50.7230,-28.3405
48760688,-171.50,-196.50,-41.2556,-26.3466
48764594,34.50,-130.50,-33.1124,-24.0928
48768500,-9.50,-90.50,-31.5535,-21.0113
48772406,-229.50,-143.50,-30.6123,-12.5492
48776312,-342.50,-177.50,-21.7546,0.8906
48780218,-175.50,-158.50,-9.3395,15.3662
48784124,42.50,-90.50,-2.5062,23.7924
48788030,61.50,-61.50,0.2895,24.1927
48791936,-180.50,-125.50,5.2240,19.9291
48795842,-343.50,-188.50,6.2678,13.2165
48799748,-219.50,-193.50,-0.7968,6.0236
48803654,41.50,-124.50,-5.3737,-1.0739
48807560,85.50,-90.50,1.7739,-6.3369
48811466,-140.50,-146.50,13.1391,-10.9223
48815372,-324.50,-197.50,16.6859,-14.1562
48819278,-258.50,-186.50,8.1130,-9.3901
48823184,-2.50,-125.50,-6.9698,-0.1190
48827090,66.50,-82.50,-15.0217,3.8592
48830996,-138.50,-145.50,-14.9524,-2.0885
48834902,-332.50,-193.50,-13.0859,-12.0079
48838808,-277.50,-196.50,-11.0118,-12.3090
48842714,-26.50,-153.50,-10.3054,-7.4826
48846620,64.50,-96.50,-11.6156,-8.8070
48850526,-124.50,-124.50,-17.2765,-11.8364
48854432,-335.50,-194.50,-24.1482,-12.5640
48858338,-290.50,-216.50,-22.1989,-12.8692
48862244,-48.50,-167.50,-11.7472,-14.6160
48866150,109.50,-112.50,1.1957,-18.3303
48870056,-11.50,-118.50,19.2273,-19.9177
48873962,-226.50,-177.50,42.8898,-14.9561
48877868,-239.50,-212.50,61.9401,-7.5838
48881774,-14.50,-140.50,67.8314,-0.7780
48885680,135.50,-89.50,62.3470,6.3510
48889586,-4.50,-113.50,49.1568,5.9678
48893492,-261.50,-196.50,31.0282,-5.9075
48897398,-312.50,-217.50,14.1977,-17.3739
48901304,-111.50,-169.50,2.2462,-16.9500
48905210,67.50,-111.50,-7.0457,-10.7293
48909116,-32.50,-85.50,-16.4905,-4.9595
48913022,-271.50,-142.50,-24.2959,4.8549
48916928,-349.50,-175.50,-26.1628,17.4088
48920834,-121.50,-112.50,-17.9636,32.1131
48924740,97.50,-45.50,0.6386,48.6088
48928646,50.50,-28.50,19.1450,59.2544
48932552,-216.50,-96.50,24.8738,61.2030
48936458,-329.50,-164.50,17.2104,55.0791
48940364,-159.50,-156.50,7.7852,41.4464
48944270,62.50,-97.50,3.4173,24.9170
48948176,48.50,-79.50,1.9755,11.6283
48952082,-217.50,-144.50,-2.2621,3.0358
48955988,-342.50,-213.50,-9.7483,-4.5924
48959894,-190.50,-198.50,-9.5615,-11.8714
48963800,48.50,-118.50,-1.5305,-13.9149
48967706,62.50,-89.50,3.5381,-10.2048
48971612,-156.50,-138.50,4.3003,-6.8939
48975518,-349.50,-190.50,1.8679,-4.4932
48979424,-288.50,-207.50,-13.7334,-3.5644
48983330,-17.50,-161.50,-37.5020,-12.2272
48987236,27.50,-125.50,-48.6199,-28.2674
48991142,-182.50,-190.50,-48.8984,-43.9663
48995048,-382.50,-259.50,-48.7755,-58.0798
48998954,-336.50,-275.50,-54.0204,-68.3132
49002860,-88.50,-204.50,-66.5345,-72.5609
49006766,16.50,-154.50,-74.3108,-70.7359
49010672,-178.50,-172.50,-72.3275,-64.0294
49014578,-399.50,-228.50,-70.0797,-53.2824
49018484,-340.50,-245.50,-67.5722,-41.9268
49022390,-79.50,-164.50,-57.1114,-31.9553
49026296,48.50,-124.50,-42.2515,-23.7182
49030202,-111.50,-155.50,-32.2584,-23.8512
49034108,-329.50,-207.50,-26.2862,-28.0678
49038014,-330.50,-248.50,-20.1971,-28.4131
49041920,-97.50,-180.50,-17.1785,-27.1982
49045826,53.50,-125.50,-18.9340,-24.4561
49049732,-86.50,-111.50,-23.6312,-17.7705
49053638,-328.50,-168.50,-28.8955,-4.9754
49057544,-356.50,-212.50,-30.4921,7.0235
49061450,-104.50,-153.50,-22.9062,11.9161
49065356,99.50,-89.50,-3.6839,15.0589
49069266,-2.50,-93.50,16.9967,17.2276
49073172,-243.50,-175.50,28.1952,13.7595
49077078,-299.50,-208.50,34.2098,7.1307
49080984,-76.50,-149.50,43.5719,8.5542
49084890,134.50,-80.50,56.2013,19.7370
49088796,80.50,-57.50,67.2298,31.6448
49092702,-191.50,-122.50,70.8463,40.0512
49096608,-286.50,-169.50,65.7718,43.9640
49100514,-107.50,-144.50,60.3347,44.0900
49104420,100.50,-85.50,55.6332,40.4887
49108326,79.50,-48.50,49.0080,36.9337
49112232,-184.50,-111.50,42.6966,38.6724
49116138,-301.50,-149.50,38.3663,44.2188
49120044,-177.50,-136.50,35.0086,50.8903
49123950,64.50,-78.50,27.5525,52.3179
49127856,97.50,-42.50,24.3092,47.7516
49131762,-128.50,-102.50,33.9261,43.4494
49135668,-293.50,-166.50,46.0419,39.2135
49139574,-191.50,-168.50,48.2355,33.4318
49143480,50.50,-86.50,39.2415,29.5581
49147386,85.50,-49.50,26.8402,31.3096
49151292,-145.50,-105.50,14.8610,32.6418
49155198,-334.50,-164.50,4.5227,29.3406
49159104,-256.50,-173.50,-1.8273,26.0711
49163010,-17.50,-79.50,-7.5930,28.3378
49166916,71.50,-28.50,-13.1666,38.9888
49170822,-126.50,-66.50,-14.5019,49.6037
49174728,-303.50,-126.50,-7.6687,53.9114
49178634,-228.50,-157.50,11.4137,53.0050
49182540,21.50,-95.50,34.0503,46.4479
49186446,126.50,-48.50,45.2081,38.4018
49190352,-78.50,-92.50,37.9473,29.6387
49194258,-328.50,-180.50,14.9443,16.1130
49198164,-312.50,-226.50,-9.1740,-2.0972
49202070,-70.50,-172.50,-21.1777,-19.9951
49205976,91.50,-114.50,-19.4032,-30.7088
49209882,-50.50,-122.50,-9.5379,-32.5112
49213788,-307.50,-176.50,-3.5322,-26.1373
49217694,-337.50,-229.50,-8.6640,-18.4962
49221600,-121.50,-177.50,-20.6158,-18.6921
49225506,39.50,-132.50,-33.9819,-25.7511
49229412,-75.50,-136.50,-45.4462,-35.5398
49233318,-303.50,-214.50,-48.1859,-44.0337
49237224,-377.50,-257.50,-43.2068,-49.4812
49241130,-178.50,-218.50,-43.6153,-52.1705
49245036,30.50,-155.50,-49.2533,-53.3084
49248942,-24.50,-122.50,-46.5118,-50.4562
49252848,-266.50,-166.50,-33.3045,-37.0075
49256754,-339.50,-194.50,-17.0830,-15.2647
49260660,-131.50,-132.50,0.2964,9.7102
49264566,79.50,-57.50,15.1581,33.5227
49268472,41.50,-46.50,20.7455,46.7414
49272378,-208.50,-111.50,19.2494,46.3339
49276284,-335.50,-168.50,15.6321,39.7254
49280190,-165.50,-154.50,13.7789,33.1900
49284096,73.50,-80.50,16.6867,28.5678
49288002,65.50,-48.50,20.9573,27.9915
49291908,-169.50,-111.50,22.3556,29.2145
49295814,-310.50,-175.50,24.3125,27.0377
49299720,-209.50,-183.50,24.6517,19.8357
49303626,22.50,-127.50,14.2579,7.2338
49307532,77.50,-84.50,3.0706,-4.6975
49311438,-158.50,-143.50,2.1685,-10.7067
49315344,-317.50,-207.50,6.6610,-14.3295
49319250,-230.50,-210.50,12.5507,-16.8107
49323156,23.50,-168.50,15.6577,-21.9004
49327062,86.50,-114.50,14.9807,-31.0083
49330968,-114.50,-141.50,12.9477,-34.0016
49334874,-311.50,-207.50,12.4002,-28.3278
49338780,-280.50,-232.50,9.6509,-24.1878
49342686,-44.50,-174.50,-3.1986,-27.5713
49346592,81.50,-125.50,-14.9034,-33.9459
49350498,-108.50,-143.50,-14.9415,-36.7357
49354404,-335.50,-207.50,-13.5068,-33.5852
49358310,-316.50,-237.50,-17.0800,-29.1279
49362216,-32.50,-186.50,-15.1023,-29.4987
49366122,79.50,-110.50,-4.3885,-30.1228
49370028,-60.50,-111.50,1.6181,-22.7118
49373934,-278.50,-168.50,5.2209,-8.8825
49377840,-269.50,-191.50,17.0899,4.9351
49381746,-11.50,-126.50,36.2840,17.3289
49385652,113.50,-60.50,49.1237,28.5563
49389558,-26.50,-69.50,39.7634,34.5545
49393464,-283.50,-155.50,16.8992,30.8557
49397370,-328.50,-202.50,-0.9072,19.2856
49401276,-129.50,-154.50,-11.0199,9.6328
49405182,77.50,-79.50,-15.5888,9.3225
49409088,-15.50,-64.50,-13.3308,16.2178
49412994,-256.50,-143.50,-8.0853,21.8606
49416900,-326.50,-186.50,-2.1744,21.2141
49420806,-120.50,-154.50,5.9536,19.1749
49424712,80.50,-101.50,12.2897,16.0626
49428618,23.50,-72.50,11.8321,10.9510
49432524,-222.50,-136.50,7.6799,9.5341
49436430,-313.50,-185.50,8.7306,11.7778
49440336,-153.50,-163.50,15.2607,14.8222
49444242,73.50,-93.50,18.0701,16.8403
49448148,80.50,-56.50,20.2806,18.6609
49452054,-164.50,-128.50,27.9962,19.5271
49455960,-320.50,-188.50,31.4945,15.4846
49459866,-181.50,-191.50,25.7090,8.1008
49463772,48.50,-122.50,16.7754,0.0765
49467678,68.50,-95.50,9.3314,-6.9679
49471584,-154.50,-160.50,6.2610,-15.0857
49475490,-322.50,-218.50,7.9799,-23.9450
49479396,-237.50,-224.50,7.1417,-28.2516
49483302,11.50,-159.50,-0.9790,-29.9705
49487208,45.50,-137.50,-11.9993,-35.3795
49491114,-216.50,-185.50,-31.6435,-46.6942
49495020,-402.50,-271.50,-59.0748,-60.6465
49498926,-362.50,-296.50,-80.6399,-75.0111
49502832,-118.50,-229.50,-96.9083,-86.7725
49506738,-12.50,-146.50,-104.9838,-85.6694
49510644,-191.50,-161.50,-98.8501,-68.4322
49514550,-397.50,-225.50,-85.6043,-47.4238
49518456,-346.50,-252.50,-72.1220,-35.3063
49522362,-94.50,-196.50,-60.3052,-34.0901
49526268,29.50,-126.50,-51.6795,-35.7876
49530174,-131.50,-142.50,-47.4436,-33.2161
49534080,-330.50,-201.50,-40.9081,-26.6067
49537986,-328.50,-207.50,-27.4194,-14.5873
49541892,-112.50,-132.50,-19.7292,4.8937
49545798,58.50,-69.50,-21.6685,24.4852
49549704,-47.50,-60.50,-17.0098,36.9317
49553610,-269.50,-123.50,0.3601,45.6976
49557516,-289.50,-150.50,21.0855,54.4424
49561422,-79.50,-104.50,34.1831,62.2328
49565328,113.50,-58.50,38.0276,63.0496
49569234,43.50,-47.50,44.5285,55.7394
49573140,-206.50,-114.50,57.0926,50.1208
49577046,-267.50,-152.50,65.8795,50.6174
49580952,-62.50,-111.50,69.9042,55.2463
49584858,122.50,-49.50,69.9037,59.3218
49588764,59.50,-28.50,63.5261,59.8838
49592670,-176.50,-100.50,57.6952,58.5106
49596576,-278.50,-159.50,57.7733,53.9836
49600482,-88.50,-138.50,62.0350,46.9519
49604388,98.50,-90.50,63.0202,37.5412
49608294,69.50,-68.50,53.4035,25.2689
49612200,-175.50,-142.50,40.4239,13.3733
49616106,-332.50,-213.50,28.2929,1.2555
49620012,-180.50,-194.50,15.3397,-9.0270
49623918,50.50,-136.50,7.4591,-14.5862
49627824,57.50,-102.50,5.6009,-18.3018
49631730,-192.50,-169.50,1.7799,-23.2296
49635636,-337.50,-222.50,-4.7938,-28.5921
49639542,-209.50,-235.50,-4.2942,-32.3371
49643448,35.50,-175.50,3.5364,-38.3358
49647354,71.50,-124.50,8.9303,-44.3158
49651260,-154.50,-174.50,6.0900,-45.2662
49655166,-332.50,-232.50,-0.7839,-43.8016
49659072,-242.50,-235.50,-2.9331,-40.1582
49662978,15.50,-158.50,1.5562,-33.4778
49666884,93.50,-95.50,8.9884,-23.3265
49670790,-114.50,-117.50,11.8154,-10.6070
49674696,-317.50,-175.50,7.8142,1.8161
49678602,-276.50,-218.50,2.1281,7.0564
49682508,-56.50,-163.50,-7.5271,-0.3290
49686414,54.50,-129.50,-21.5045,-14.9121
49690320,-111.50,-157.50,-30.1907,-30.2854
49694226,-324.50,-220.50,-28.6986,-39.9915
49698132,-332.50,-239.50,-25.6617,-39.1490
49702038,-121.50,-190.50,-34.5602,-33.1830
49705944,46.50,-121.50,-47.5650,-28.2958
49709850,-82.50,-124.50,-45.9450,-23.1189
49713756,-303.50,-202.50,-31.7329,-18.6391
49717662,-345.50,-239.50,-20.9742,-19.1132
49721568,-120.50,-176.50,-21.9248,-19.1689
49725474,39.50,-134.50,-28.5574,-17.0830
49729380,-47.50,-117.50,-31.2586,-17.5975
49733286,-240.50,-160.50,-18.2161,-12.2489
49737192,-266.50,-201.50,13.8859,1.8756
49741098,-43.50,-120.50,49.7278,20.3630
49745004,167.50,-57.50,76.5747,41.5354
49748910,82.50,-28.50,90.2592,57.7490
49752816,-165.50,-109.50,89.1872,64.1622
49756722,-271.50,-161.50,77.9957,60.3743
49760628,-84.50,-140.50,65.5628,51.5736
49764534,135.50,-60.50,60.5492,46.0981
49768440,128.50,-31.50,68.2848,48.1906
49772346,-152.50,-98.50,77.5185,53.2298
49776252,-303.50,-161.50,66.8067,52.5844
49780158,-169.50,-138.50,38.5342,48.2034
49784064,43.50,-71.50,10.3058,45.5371
49787970,55.50,-35.50,-6.1968,45.0746
49791876,-170.50,-110.50,-6.8569,42.4837
49795782,-335.50,-171.50,-1.8766,34.4355
49799688,-240.50,-174.50,-6.8739,25.4268
49803594,14.50,-137.50,-19.7913,13.3008
49807500,45.50,-108.50,-26.2906,-5.7115
49811406,-181.50,-162.50,-28.0434,-23.6387
49815312,-366.50,-208.50,-32.7934,-30.7097
49819218,-256.50,-207.50,-34.9475,-24.7738
49823124,-1.50,-128.50,-27.9382,-13.1191
49827030,78.50,-81.50,-15.7191,-2.7198
49830936,-166.50,-150.50,-13.8239,-2.4427
49834842,-356.50,-223.50,-27.3005,-16.0577
49838748,-294.50,-249.50,-37.5859,-32.5709
49842654,-56.50,-176.50,-38.1700,-42.0299
49846560,60.50,-143.50,-35.9385,-45.4216
49850466,-114.50,-144.50,-31.3202,-45.3237
49854372,-338.50,-191.50,-27.2505,-34.9328
49858278,-303.50,-207.50,-24.6166,-16.0475
49862184,-58.50,-144.50,-19.7421,-1.0621
49866090,64.50,-115.50,-16.0675,1.4776
49869996,-68.50,-136.50,-15.9266,-9.5362
49873902,-303.50,-191.50,-13.7277,-19.9670
49877808,-322.50,-225.50,-11.1858,-20.0324
49881714,-90.50,-158.50,-11.9884,-13.8435
49885620,64.50,-105.50,-14.3076,-6.4550
49889526,-51.50,-105.50,-17.5916,-2.4149
49893432,-290.50,-165.50,-19.3228,0.2071
49897338,-337.50,-212.50,-17.8200,2.6053
49901244,-121.50,-173.50,-14.9675,1.0590
49905150,64.50,-116.50,-12.5995,-3.8236
49909056,-15.50,-86.50,-11.5005,-4.8009
49912962,-256.50,-150.50,-9.7731,2.9438
49916868,-335.50,-190.50,-6.2844,12.3666
49920774,-136.50,-165.50,-1.6023,16.5507
49924680,80.50,-95.50,4.5557,15.9928
49928586,76.50,-64.50,17.8676,17.1441
49932492,-185.50,-137.50,36.3740,21.0861
49936398,-325.50,-186.50,40.4248,21.2548
49940304,-168.50,-178.50,25.9775,17.0744
49944210,37.50,-126.50,6.7970,8.1497
49948116,43.50,-108.50,-6.4317,-4.5859
49952022,-189.50,-166.50,-7.1901,-15.4047
49955928,-332.50,-207.50,-0.4581,-18.6242
49959834,-212.50,-180.50,2.8053,-10.5491
49963740,48.50,-111.50,2.6174,2.9160
49967646,100.50,-57.50,10.8395,15.2708
49971552,-111.50,-112.50,28.7668,24.7276
49975458,-273.50,-176.50,45.9232,26.9457
49979364,-157.50,-174.50,59.2786,23.7467
49983270,83.50,-111.50,68.3467,20.6489
49987176,121.50,-79.50,66.5491,17.1924
49991082,-100.50,-128.50,51.0632,10.4883
49994988,-297.50,-196.50,32.4310,1.7683
49998894,-260.50,-219.50,17.2031,-6.7055
50002800,-15.50,-172.50,2.1171,-17.2317
50006706,90.50,-126.50,-6.7055,-28.6583
50010612,-104.50,-150.50,-7.4304,-34.8007
50014518,-296.50,-205.50,-4.8064,-32.3195
50018424,-271.50,-239.50,1.5052,-27.2258
50022330,-57.50,-172.50,1.4064,-26.0909
50026236,60.50,-124.50,-11.6968,-26.2287
50030142,-104.50,-128.50,-28.1354,-24.2938
50034048,-326.50,-206.50,-38.0041,-21.2068
50037954,-340.50,-233.50,-40.4712,-20.8158
50041860,-89.50,-172.50,-38.1693,-20.6136
50045766,65.50,-111.50,-31.0123,-16.2083
50049672,-51.50,-101.50,-23.0676,-8.5392
50053578,-271.50,-164.50,-14.6786,1.4116
50057484,-334.50,-180.50,-8.0202,12.6376
50061390,-93.50,-106.50,-6.6591,29.1082
50065296,97.50,-45.50,-1.2419,48.7838
50069202,16.50,-42.50,10.1593,59.9184
50073108,-249.50,-111.50,16.2541,60.3556
50077014,-324.50,-170.50,11.4877,53.6625
50080920,-158.50,-114.50,-1.1553,46.9960
50084826,29.50,-66.50,-19.7127,45.6199
50088732,-15.50,-52.50,-35.6718,43.4750
50092638,-256.50,-126.50,-38.8854,37.8310
50096544,-352.50,-173.50,-32.3704,31.5231
50100450,-173.50,-142.50,-22.1070,28.7583
50104356,42.50,-86.50,-13.8141,28.3893
50108267,25.50,-73.50,-11.3044,23.9688
50112173,-202.50,-117.50,-10.0993,18.9240
50116079,-316.50,-149.50,-2.7354,23.4461
50119985,-181.50,-166.50,8.9529,30.9199
50123891,16.50,-143.50,9.2125,19.3103
50127797,14.50,-116.50,-8.8279,-8.9579
50131703,-226.50,-175.50,-32.7419,-31.5106
50135609,-386.50,-255.50,-49.5165,-45.2784
50139515,-250.50,-207.50,-50.8245,-49.4199
50143421,-10.50,-143.50,-39.0562,-37.7643
50147327,25.50,-90.50,-30.0309,-20.5398
50151233,-165.50,-139.50,-28.4392,-9.4588
50155139,-365.50,-207.50,-27.6997,-7.9643
50159045,-274.50,-218.50,-27.0736,-13.7732
50162951,-32.50,-142.50,-25.4217,-18.3092
50166857,80.50,-78.50,-17.7303,-12.9802
50170763,-122.50,-113.50,-6.2200,-0.8571
50174669,-302.50,-177.50,3.0063,7.3041
50178575,-261.50,-206.50,11.4523,6.9877
50182481,-32.50,-138.50,15.0780,1.8609
50186387,80.50,-118.50,10.3620,-5.6985
50190293,-107.50,-137.50,0.3356,-17.1559
50194199,-335.50,-210.50,-13.5554,-26.4877
50198105,-352.50,-241.50,-29.0440,-31.3032
50202011,-128.50,-162.50,-45.4463,-30.8916
50205917,37.50,-104.50,-54.3029,-21.9926
50209823,-86.50,-118.50,-47.8044,-12.7122
50213729,-296.50,-180.50,-31.0198,-8.5301
50217635,-349.50,-220.50,-17.3810,-7.6464
50221541,-143.50,-170.50,-19.9719,-9.2017
50225447,49.50,-117.50,-28.9775,-11.9572
50229353,-47.50,-102.50,-27.6833,-12.5494
50233259,-271.50,-175.50,-17.5480,-8.8033
50237165,-319.50,-193.50,-3.6296,-2.2378
50241071,-93.50,-128.50,13.8057,11.0812
50244977,107.50,-64.50,32.3153,28.8986
50248883,30.50,-53.50,42.8552,40.0157
50252789,-231.50,-137.50,38.4847,39.7565
50256695,-318.50,-194.50,26.5332,29.0696
50260601,-138.50,-146.50,20.3390,19.1323
50264507,80.50,-79.50,21.8734,19.5023
50268413,49.50,-4.50,25.7800,33.5813
50272319,-202.50,-125.50,26.4612,49.8612
50276225,-305.50,-205.50,25.4374,40.6283
50280131,-139.50,-184.50,32.1381,13.6589
50284037,64.50,-133.50,39.6402,-6.7788
50287943,49.50,-104.50,33.0112,-18.9200
50291849,-192.50,-182.50,15.8503,-27.7356
50295755,-351.50,-234.50,-0.0725,-35.2148
50299661,-240.50,-239.50,-11.1323,-39.8367
50303567,23.50,-184.50,-14.6848,-46.5460
50307473,23.50,-141.50,-13.7797,-55.6452
50311379,-212.50,-190.50,-23.4032,-59.4594
50315285,-408.50,-244.50,-43.9033,-56.5220
50319191,-320.50,-241.50,-62.0387,-49.0633
50323097,-82.50,-175.50,-72.3624,-42.3115
50327003,16.50,-122.50,-71.5385,-38.5399
50330909,-177.50,-161.50,-59.2051,-35.3465
50334815,-367.50,-236.50,-44.2105,-34.0211
50338721,-318.50,-244.50,-34.9496,-35.1132
50342627,-64.50,-148.50,-31.9838,-30.3713
50346533,61.50,-98.50,-26.5760,-16.7423
50350439,-108.50,-107.50,-14.8743,-2.6071
50354345,-301.50,-165.50,-0.5375,10.5594
50358251,-277.50,-174.50,14.8027,24.4121
50362157,-41.50,-96.50,24.9258,38.1197
50366063,118.50,-43.50,30.7906,49.3662
50369969,-40.50,-61.50,36.7784,53.2038
50373875,-268.50,-125.50,38.5025,52.8387
50377781,-292.50,-175.50,35.6613,50.6435
50381687,-48.50,-120.50,33.9471,44.0592
50385593,105.50,-53.50,35.7586,38.4740
50389499,-15.50,-61.50,34.9826,37.6120
50393405,-268.50,-141.50,28.0703,36.6867
50397311,-333.50,-188.50,16.9981,31.6233
50401217,-106.50,-145.50,8.0500,24.5667
50405123,80.50,-111.50,7.8629,14.1640
50409029,-14.50,-88.50,9.0814,1.3981
50412935,-245.50,-169.50,7.2946,-4.7949
50416841,-333.50,-191.50,8.0507,-2.4643
50420747,-134.50,-165.50,11.2723,4.9081
50424653,80.50,-111.50,15.7351,7.0494
50428559,-2.50,-85.50,14.3204,1.8348
50432465,-269.50,-171.50,-2.3692,-3.9702
50436371,-373.50,-232.50,-22.6050,-13.0063
50440277,-188.50,-207.50,-26.6739,-22.6694
50444183,21.50,-144.50,-19.1755,-28.1647
50448089,19.50,-109.50,-14.8085,-29.6691
50451995,-217.50,-180.50,-12.8019,-29.0400
50455901,-344.50,-226.50,-7.4963,-28.6017
50459807,-213.50,-212.50,-0.1466,-25.8025
50463713,31.50,-144.50,4.2996,-22.3787
50467619,53.50,-90.50,5.9654,-18.5253
50471525,-177.50,-125.50,5.7170,-8.2589
50475431,-329.50,-177.50,6.2057,6.8106
50479337,-224.50,-181.50,11.7137,18.2608
50483243,8.50,-111.50,15.1365,21.1186
50487149,69.50,-75.50,12.0217,18.2982
50491055,-147.50,-116.50,6.9937,13.9080
50494961,-320.50,-176.50,5.6047,11.8536
50498867,-254.50,-204.50,10.2271,10.7007
50502773,-27.50,-139.50,11.0141,5.0926
50506679,70.50,-101.50,4.2033,-2.8384
50510585,-157.50,-132.50,-7.6595,-9.9229
50514491,-361.50,-206.50,-24.2249,-14.9716
50518397,-315.50,-222.50,-33.0902,-17.2305
50522303,-77.50,-165.50,-30.7029,-17.5844
50526209,70.50,-114.50,-23.1027,-18.2835
50530115,-73.50,-127.50,-8.9922,-19.2956
50534021,-287.50,-193.50,8.8425,-17.3242
50537927,-292.50,-233.50,21.7623,-15.3719
50541833,-85.50,-164.50,20.5648,-15.2200
50545739,50.50,-104.50,4.6668,-12.1628
50549645,-69.50,-121.50,-12.0087,-9.4831
50553551,-317.50,-175.50,-19.1625,-8.7595
50557457,-361.50,-205.50,-22.7958,-3.9377
50561363,-108.50,-143.50,-22.0336,6.0177
50565269,94.50,-74.50,-6.4134,17.5741
50569175,-2.50,-62.50,15.6277,27.3648
50573081,-233.50,-127.50,30.0240,34.6567
50576987,-292.50,-175.50,38.9401,38.0506
50580893,-72.50,-143.50,49.3139,36.3077
50584799,128.50,-81.50,60.8149,31.0891
50588705,55.50,-63.50,65.4446,26.4648
50592611,-190.50,-132.50,60.9983,24.8940
50596517,-292.50,-181.50,54.8952,24.1859
50600423,-117.50,-142.50,51.4520,25.8114
50604329,85.50,-69.50,46.8734,31.5466
50608235,67.50,-44.50,40.1668,37.5384
50612141,-202.50,-116.50,32.3216,38.5450
50616047,-335.50,-190.50,20.6764,30.6372
50619953,-224.50,-205.50,4.5411,12.9965
50623859,-2.50,-138.50,-16.3914,-8.7998
50627765,34.50,-106.50,-29.8662,-23.2428
50631671,-210.50,-170.50,-28.0453,-28.9131
50635577,-357.50,-207.50,-22.3265,-28.5482
50639483,-248.50,-210.50,-18.2912,-21.4981
50643389,15.50,-151.50,-13.7439,-17.5563
50647295,60.50,-104.50,-6.4570,-20.2087
50651201,-143.50,-153.50,1.1605,-22.7366
50655107,-337.50,-194.50,5.3174,-20.2748
50659013,-254.50,-189.50,5.1965,-9.1974
50662919,11.50,-137.50,6.0944,1.7074
50666825,102.50,-86.50,14.4479,3.3439
50670731,-104.50,-116.50,22.5392,1.5655
50674637,-303.50,-180.50,23.3694,2.3929
50678543,-271.50,-206.50,20.2731,3.0741
50682449,-4.50,-140.50,17.9510,1.1964
50686355,125.50,-91.50,24.0226,-0.4415
50690261,-61.50,-104.50,32.7978,0.1682
50694167,-288.50,-160.50,32.0435,5.3180
50698073,-296.50,-181.50,23.1323,14.2879
50701979,-64.50,-113.50,10.4053,23.5789
50705885,74.50,-62.50,-1.5281,30.6250
50709791,-52.50,-57.50,-7.0197,34.7917
50713697,-286.50,-138.50,-3.9139,37.4180
50717603,-312.50,-181.50,2.5334,34.4816
50721509,-77.50,-134.50,7.3958,26.7946
50725415,107.50,-79.50,13.4656,20.2763
50729321,23.50,-67.50,24.3645,17.6196
50733227,-222.50,-140.50,37.7675,19.2491
50737133,-291.50,-181.50,44.6883,20.5788
50741039,-96.50,-175.50,40.5614,14.8355
50744945,89.50,-121.50,29.2410,-0.8848
50748851,30.50,-94.50,19.4650,-14.6623
50752757,-222.50,-151.50,17.0707,-14.3278
50756663,-312.50,-235.50,18.4646,-12.5193
50760569,-162.50,-202.50,14.9745,-20.8080
50764475,50.50,-134.50,2.0480,-28.7971
50768381,21.50,-111.50,-10.3241,-29.7519
50772287,-223.50,-158.50,-13.8575,-26.2287
50776193,-336.50,-207.50,-10.9461,-19.3297
50780099,-192.50,-185.50,-5.9950,-10.9832
50784005,46.50,-104.50,-3.7771,-2.3775
50787911,61.50,-75.50,-0.8759,5.4921
50791817,-181.50,-132.50,3.6682,8.2240
50795723,-320.50,-175.50,6.6015,8.1955
50799629,-184.50,-152.50,13.0353,15.1750
50803535,32.50,-111.50,18.4060,23.0409
50807441,61.50,-93.50,12.1421,16.5235
50811347,-188.50,-154.50,-4.8909,-2.7447
50815253,-348.50,-205.50,-21.6551,-19.2836
50819159,-244.50,-205.50,-23.5180,-22.5450
50823065,19.50,-122.50,-10.7081,-14.5435
50826971,110.50,-84.50,7.8035,-3.4782
50830877,-92.50,-120.50,23.8514,1.8917
50834783,-299.50,-159.50,29.5960,5.3338
50838689,-265.50,-175.50,23.0713,13.7921
50842595,-0.50,-109.50,12.2716,21.3285
50846501,118.50,-57.50,11.8622,25.0836
50850407,-49.50,-72.50,22.1954,28.6426
50854313,-264.50,-130.50,33.2133,34.4957
50858219,-225.50,-173.50,43.1659,37.3375
50862125,-32.50,-93.50,44.7283,35.6164
50866031,144.50,-53.50,36.6757,36.0436
50869937,-0.50,-64.50,36.8174,35.8502
50873843,-238.50,-134.50,44.3460,33.3596
50877749,-275.50,-173.50,43.5459,29.7543
50881655,-60.50,-105.50,31.3460,27.8186
50885561,118.50,-69.50,18.8752,28.3716
50889467,10.50,-75.50,17.0886,23.7800
50893373,-239.50,-142.50,21.0075,16.3688
50897279,-301.50,-201.50,20.3887,8.9881
50901185,-98.50,-143.50,13.6014,2.1104
50905091,75.50,-96.50,2.9988,-0.5566
50908997,11.50,-97.50,-6.2551,-4.2454
50912903,-256.50,-173.50,-10.9201,-12.3891
50916809,-349.50,-215.50,-17.2526,-20.5950
50920715,-157.50,-194.50,-24.3648,-26.0521
50924621,42.50,-143.50,-28.3458,-32.6953
50928527,-1.50,-122.50,-32.5503,-40.5315
50932433,-258.50,-165.50,-38.3799,-40.5539
50936339,-366.50,-209.50,-42.9958,-31.1132
50940245,-191.50,-181.50,-40.1316,-19.7411
50944151,67.50,-95.50,-26.2362,-8.9781
50948057,80.50,-62.50,-3.8205,3.5221
50951963,-174.50,-130.50,13.9509,11.7620
50955869,-345.50,-182.50,12.4465,10.6558
50959775,-227.50,-173.50,-4.6118,6.7405
50963681,25.50,-97.50,-20.2844,5.8806
50967587,64.50,-63.50,-22.6542,8.7984
50971493,-161.50,-137.50,-16.2662,7.8869
50975399,-328.50,-180.50,-9.6114,0.8959
50979305,-218.50,-195.50,-2.0239,-3.9691
50983211,10.50,-122.50,2.5541,-6.7870
50987117,79.50,-78.50,-1.0353,-7.1951
50991023,-141.50,-108.50,-8.9747,-2.9515
50994929,-300.50,-132.50,-10.4841,9.5966
50998835,-225.50,-152.50,3.1740,28.2204
51002741,18.50,-131.50,19.8823,31.1953
51006647,50.50,-122.50,15.0009,7.0228
51010553,-140.50,-160.50,-15.3215,-27.4291
51014459,-369.50,-241.50,-46.3700,-52.9908
51018365,-341.50,-271.50,-62.3615,-68.4383
51022271,-81.50,-202.50,-64.6353,-75.6035
51026177,57.50,-129.50,-55.1301,-69.3973
51030083,-116.50,-139.50,-45.4293,-53.0111
51033989,-335.50,-202.50,-43.4775,-38.0512
51037895,-355.50,-218.50,-45.1600,-29.0203
51041801,-111.50,-160.50,-47.8736,-21.8413
51045707,59.50,-102.50,-45.8420,-15.0660
51049613,-64.50,-109.50,-37.4099,-10.9233
51053519,-274.50,-155.50,-24.5665,-6.1179
51057425,-299.50,-176.50,-5.4946,4.3693
51061331,-48.50,-111.50,17.5138,20.1063
51065237,123.50,-60.50,36.7774,34.2014
51069143,48.50,-58.50,46.4048,38.8903
51073049,-192.50,-129.50,52.2439,35.6306
51076955,-306.50,-180.50,51.1986,28.2089
51080861,-124.50,-156.50,33.7107,17.9656
51084767,93.50,-93.50,13.9048,8.4440
51088673,48.50,-64.50,9.7268,6.4664
51092579,-198.50,-126.50,17.2331,12.9758
51096485,-292.50,-194.50,26.1600,15.5550
51100391,-134.50,-180.50,31.4387,6.6571
51104297,80.50,-114.50,28.0176,-5.5371
51108203,69.50,-95.50,20.6175,-12.2550
51112109,-201.50,-156.50,13.2958,-14.9841
51116015,-331.50,-207.50,3.3360,-17.0289
51119921,-223.50,-196.50,-8.5278,-17.8614
51123827,40.50,-129.50,-18.7535,-18.1216
51127733,74.50,-67.50,-16.0175,-12.8879
51131639,-136.50,-117.50,0.5053,0.3629
51135545,-260.50,-170.50,24.4365,11.7878
51139451,-186.50,-166.50,44.9335,16.9228
51143357,37.50,-100.50,42.0815,18.4380
51147266,94.50,-56.50,23.4801,19.2067
51151172,-140.50,-115.50,7.1569,17.6392
51155078,-318.50,-175.50,-3.9020,11.2391
51158984,-239.50,-190.50,-5.9292,4.4602
51162890,16.50,-108.50,-0.0552,2.8941
51166796,87.50,-37.50,4.6667,12.4857
51170702,-100.50,-78.50,2.2303,27.4620
51174608,-303.50,-142.50,-1.6350,34.3838
51178514,-269.50,-175.50,-1.9807,31.1938
51182420,-15.50,-104.50,-1.0790,24.5603
51186326,114.50,-89.50,3.6250,16.1825
51190232,-48.50,-98.50,11.2172,4.0139
51194138,-266.50,-158.50,17.1534,-1.9194
51198044,-268.50,-191.50,20.0768,0.7910
51201950,-48.50,-140.50,16.4167,1.9857
51205856,83.50,-80.50,4.6889,0.6835
51209762,-47.50,-84.50,-8.7640,1.1259
51213668,-296.50,-153.50,-17.7800,3.7184
51217574,-345.50,-208.50,-26.3915,1.8967
51221480,-94.50,-172.50,-32.1795,-8.2545
51225386,77.50,-122.50,-26.8479,-21.5437
51229292,-15.50,-114.50,-17.5343,-30.8100
51233198,-271.50,-176.50,-13.5365,-31.9380
51237104,-356.50,-221.50,-19.0124,-28.6547
51241010,-174.50,-165.50,-34.4697,-23.2494
51244916,48.50,-101.50,-47.4901,-14.5295
51248822,-9.50,-94.50,-45.4382,-8.5355
51252728,-255.50,-153.50,-35.0322,-8.1301
51256634,-350.50,-202.50,-27.4837,-9.0545
51260540,-177.50,-207.50,-24.4238,-14.2982
51264446,62.50,-129.50,-21.6094,-25.2647
51268352,30.50,-79.50,-15.3038,-26.5606
51272258,-208.50,-142.50,-9.7751,-14.5181
51276164,-320.50,-160.50,-4.5989,0.8254
51280070,-166.50,-161.50,4.5799,15.2109
51283976,74.50,-56.50,13.8208,26.7757
51287882,78.50,-15.50,18.9876,41.2194
51291788,-143.50,-86.50,21.1918,52.0353
51295694,-315.50,-161.50,21.4394,46.1869
51299600,-172.50,-158.50,22.1790,31.7529
51303506,61.50,-96.50,26.1400,20.9800
51307412,96.50,-47.50,27.1773,17.3498
51311318,-132.50,-97.50,20.3468,18.1549
51315224,-307.50,-172.50,12.2258,16.2592
51319130,-254.50,-193.50,4.6007,8.0149
51323036,-3.50,-111.50,-7.1999,0.0979
51326942,102.50,-66.50,-11.6999,0.0974
51330848,-76.50,-88.50,1.0488,5.1201
51334754,-298.50,-138.50,16.2893,13.7212
51338660,-261.50,-168.50,17.2491,22.9309
51342566,-0.50,-131.50,9.8116,20.6463
51346472,134.50,-75.50,11.8649,7.6394
51350378,-46.50,-109.50,22.1402,-4.5944
51354284,-278.50,-161.50,25.7057,-9.7672
51358190,-312.50,-224.50,13.5647,-12.4723
51362096,-86.50,-174.50,-12.7661,-22.4021
51366002,80.50,-70.50,-32.9231,-26.5570
51369908,-24.50,-79.50,-27.6070,-12.4943
51373814,-237.50,-163.50,-1.3487,0.8610
51377720,-305.50,-207.50,18.9961,-0.8923
51381626,-93.50,-128.50,12.6481,-3.7057
51385532,48.50,-69.50,-11.3815,3.9302
51389438,-12.50,-47.50,-28.7183,14.8783
51393344,-239.50,-132.50,-21.4516,21.7494
51397250,-329.50,-190.50,-5.6092,18.7674
51401156,-140.50,-172.50,-6.8897,5.7127
51405062,46.50,-111.50,-21.3081,-10.5479
51408968,-0.50,-76.50,-31.0540,-19.2113
51412874,-239.50,-146.50,-27.6366,-15.6183
51416780,-350.50,-202.50,-21.1447,-10.3957
51420686,-216.50,-184.50,-28.9945,-10.9297
51424592,16.50,-104.50,-47.8642,-13.6553
51428498,11.50,-106.50,-53.4952,-17.9090
51432404,-208.50,-192.50,-38.5742,-31.3745
51436310,-348.50,-236.50,-21.0156,-48.2156
51440216,-232.50,-216.50,-19.9214,-52.3622
51444122,-47.50,-175.50,-42.0632,-51.6215
51448028,-47.50,-165.50,-75.1652,-63.0198
51451934,-245.50,-233.50,-93.5684,-83.6553
51455840,-396.50,-252.50,-87.3591,-93.1707
51459746,-304.50,-238.50,-76.4010,-79.6999
51463652,-47.50,-228.50,-73.8211,-69.5295
51467558,42.50,-139.50,-63.0673,-75.7907
51471464,-157.50,-207.50,-37.4792,-77.5142
51475370,-357.50,-254.50,-18.6716,-73.3620
51479276,-326.50,-271.50,-26.1947,-70.2056
51483182,-113.50,-204.50,-57.2235,-69.3901
51487088,-52.50,-157.50,-91.7763,-69.8905
51490994,-195.50,-192.50,-107.0810,-69.1428
51494900,-405.50,-271.50,-97.7754,-70.2279
51498806,-402.50,-296.50,-90.3355,-75.8593
51502712,-144.50,-245.50,-97.6057,-84.5840
51506618,-61.50,-166.50,-105.7684,-87.5630
51510524,-198.50,-178.50,-110.3562,-77.6357
51514430,-377.50,-252.50,-101.7153,-63.7188
51518336,-416.50,-321.50,-86.0852,-64.2703
51522242,-194.50,-252.50,-87.6747,-79.0989
51526148,-70.50,-184.50,-102.1947,-86.9096
51530054,-145.50,-166.50,-106.3521,-77.5257
51533960,-395.50,-265.50,-93.8760,-64.0460
51537866,-481.50,-366.50,-93.2836,-73.0885
51541772,-271.50,-329.50,-116.6925,-106.8208
51545678,-144.50,-272.50,-144.0057,-136.8936
51549584,-268.50,-268.50,-170.9329,-149.4339
51553490,-514.50,-350.50,-196.7565,-151.7273
51557396,-649.50,-426.50,-223.6202,-157.1177
51561302,-512.50,-373.50,-264.4063,-165.8607
51565208,-310.50,-314.50,-305.1457,-168.3473
51569114,-368.50,-326.50,-320.0661,-171.6619
51573020,-598.50,-409.50,-313.1202,-184.4757
51576926,-689.50,-472.50,-300.0283,-199.6857
51580832,-552.50,-449.50,-292.5154,-208.4836
51584738,-328.50,-373.50,-293.3949,-209.4419
51588644,-303.50,-324.50,-283.6731,-201.2780
51592550,-512.50,-362.50,-253.4052,-181.8644
51596456,-662.50,-411.50,-225.5706,-157.1779
51600362,-521.50,-375.50,-217.1283,-134.1891
51604268,-249.50,-257.50,-209.4444,-108.6547
51608174,-180.50,-224.50,-178.2929,-80.3414
51612080,-379.50,-283.50,-131.6428,-63.3501
51615986,-544.50,-303.50,-97.4567,-53.4236
51619892,-412.50,-259.50,-81.9239,-29.4378
51623798,-164.50,-198.50,-69.0191,0.7708
51627704,-64.50,-141.50,-46.3911,17.4870
51631610,-229.50,-153.50,-11.2326,28.9770
51635516,-376.50,-245.50,29.2934,41.4524
51639422,-314.50,-250.50,60.2651,43.9708
51643328,-88.50,-153.50,69.6984,43.6860
51647234,31.50,-91.50,69.5951,54.0673
51651140,-128.50,-112.50,80.3639,70.0874
51655046,-294.50,-144.50,103.0298,89.4312
51658952,-245.50,-193.50,129.1110,106.6637
51662858,-15.50,-124.50,147.5415,108.1832
51666764,111.50,-61.50,155.1118,101.7759
51670670,-33.50,-93.50,159.0196,98.0461
51674576,-239.50,-156.50,163.6379,96.1425
51678482,-242.50,-178.50,167.1862,98.2557
51682388,-15.50,-117.50,167.4313,103.4366
51686294,154.50,-74.50,171.0694,103.9078
51690200,35.50,-93.50,181.8876,94.9027
51694106,-172.50,-143.50,193.7867,87.2497
51698012,-243.50,-181.50,196.2870,90.3217
51701918,-40.50,-106.50,182.8052,100.2736
51705824,115.50,-79.50,163.5520,105.9669
51709730,48.50,-88.50,153.2516,96.0577
51713636,-165.50,-120.50,158.4570,86.0630
51717542,-238.50,-170.50,170.1462,91.9571
51721448,-40.50,-125.50,176.1394,101.0531
51725354,159.50,-61.50,179.4988,103.7504
51729260,78.50,-52.50,179.2780,102.0139
51733166,-143.50,-100.50,171.5826,101.9198
51737072,-241.50,-147.50,164.3472,107.2098
51740978,-65.50,-120.50,163.3922,112.2042
51744884,131.50,-41.50,164.6292,113.8644
51748790,103.50,-11.50,161.5937,117.2237
51752696,-111.50,-66.50,156.7419,123.5588
51756602,-239.50,-138.50,155.4424,125.5390
51760508,-96.50,-111.50,155.7535,120.8133
51764414,126.50,-68.50,156.0377,112.1509
51768320,141.50,-45.50,157.1056,98.7183
51772226,-104.50,-110.50,153.1804,83.8391
51776132,-248.50,-154.50,141.2447,75.3938
51780038,-175.50,-132.50,125.6856,78.9466
51783944,82.50,-62.50,112.2857,89.1931
51787850,128.50,-22.50,110.9875,96.3360
51791756,-78.50,-75.50,116.4215,97.1867
51795662,-239.50,-147.50,119.2453,91.7999
51799568,-175.50,-156.50,120.2596,82.6639
51803474,48.50,-94.50,115.2969,73.2812
51807380,112.50,-44.50,103.9004,67.4610
51811286,-89.50,-94.50,88.5564,64.3948
51815192,-274.50,-138.50,74.3999,63.5971
51819098,-218.50,-142.50,71.0801,69.9634
51823004,27.50,-72.50,79.1115,80.2638
51826910,123.50,-42.50,88.3684,83.8439
51830816,-58.50,-89.50,85.9102,73.8065
51834722,-271.50,-142.50,71.9856,59.4847
51838628,-272.50,-184.50,57.5496,51.3936
51842534,-68.50,-114.50,43.5012,46.6293
51846440,99.50,-63.50,34.7451,44.9243
51850346,-30.50,-108.50,40.2749,40.4556
51854252,-256.50,-134.50,50.2065,35.2869
51858158,-265.50,-186.50,55.5042,38.7455
51862064,-52.50,-126.50,59.4322,41.9051
51865970,111.50,-92.50,62.3598,37.2604
51869876,19.50,-68.50,64.6431,31.7802
51873782,-221.50,-142.50,66.2207,34.3447
51877688,-293.50,-186.50,61.1929,37.9583
51881594,-110.50,-113.50,48.0263,40.3490
51885500,83.50,-63.50,35.9430,47.1118
51889406,27.50,-72.50,34.5269,48.2191
51893312,-220.50,-132.50,38.8140,41.4332
51897218,-312.50,-187.50,37.3432,34.6497
51901124,-125.50,-140.50,33.6796,31.0855
51905030,59.50,-84.50,32.0707,30.7995
51908936,23.50,-79.50,26.8695,28.4654
51912842,-188.50,-127.50,23.1238,25.0047
51916748,-303.50,-156.50,27.8364,29.6893
51920654,-152.50,-128.50,35.1257,41.9973
51924560,49.50,-74.50,36.2811,49.3495
51928466,55.50,-47.50,31.0557,47.3854
51932372,-162.50,-89.50,27.3587,46.2457
51936278,-309.50,-153.50,27.3409,48.9350
51940184,-206.50,-143.50,24.6698,48.1187
51944090,27.50,-88.50,18.1677,41.4288
51947996,66.50,-49.50,15.2978,34.4699
51951902,-152.50,-79.50,15.4791,35.6159
51955808,-325.50,-169.50,11.8390,39.1306
51959714,-233.50,-157.50,7.1366,34.3101
51963620,16.50,-94.50,8.7163,27.8330
51967526,91.50,-32.50,17.9943,29.5461
51971432,-110.50,-77.50,25.5228,37.6145
51975338,-233.50,-133.50,35.2695,44.0043
51979244,-226.50,-171.50,50.7622,41.6346
51983150,-28.50,-127.50,45.8794,26.5435
51987056,80.50,-60.50,22.0892,10.8126
51990962,-90.50,-90.50,6.7541,8.4838
51994868,-282.50,-152.50,4.9418,13.6192
51998774,-276.50,-163.50,8.1357,18.9331
52002680,7.50,-34.50,17.2307,35.3631
52006586,186.50,-2.50,46.8513,63.9913
52010492,-50.50,-114.50,70.6065,64.5766
52014398,-305.50,-239.50,46.6516,14.9619
52018304,-335.50,-297.50,-1.9450,-51.2560
52022210,-142.50,-213.50,-38.9709,-91.8434
52026116,21.50,-176.50,-58.7612,-99.1718
52030022,-86.50,-214.50,-62.5557,-100.7242
52033928,-358.50,-342.50,-64.0794,-119.6907
52037834,-431.50,-422.50,-80.0989,-158.0840
52041740,-229.50,-374.50,-102.9115,-198.1435
52045646,-106.50,-335.50,-125.3953,-223.1276
52049552,-185.50,-335.50,-151.4224,-235.2169
52053458,-418.50,-440.50,-168.5004,-242.5204
52057364,-488.50,-452.50,-167.8478,-245.9085
52061270,-305.50,-416.50,-158.3153,-239.4756
52065176,-121.50,-393.50,-152.5545,-237.7307
52069082,-159.50,-392.50,-153.9618,-253.3725
52072988,-384.50,-469.50,-153.1367,-270.1282
52076894,-469.50,-538.50,-142.8076,-279.5128
52080800,-291.50,-512.50,-123.0933,-286.7003
52084706,-77.50,-408.50,-102.8310,-285.6872
52088612,-96.50,-387.50,-93.1264,-270.4589
52092518,-303.50,-428.50,-90.3921,-248.7880
52096424,-446.50,-468.50,-85.9440,-226.0187
52100330,-271.50,-408.50,-74.8193,-199.5970
52104236,-12.50,-316.50,-50.1464,-169.5125
52108142,15.50,-248.50,-19.5400,-137.8847
52112048,-191.50,-280.50,1.0210,-104.5254
52115954,-320.50,-330.50,15.0793,-74.1506
52119860,-207.50,-337.50,32.5763,-57.7551
52123766,64.50,-238.50,53.9858,-53.9749
52127672,159.50,-124.50,82.1814,-36.6747
52131578,27.50,-162.50,122.5581,3.3788
52135484,-128.50,-198.50,170.5650,43.1522
52139390,-66.50,-178.50,205.9507,72.8903
52143296,165.50,-92.50,214.8868,95.4609
52147202,259.50,-26.50,208.7443,111.9228
52151108,108.50,-33.50,206.3220,128.2890
52155014,-100.50,-111.50,211.6194,144.8463
52158920,-63.50,-129.50,215.3575,152.0137
52162826,170.50,-41.50,214.6975,152.3208
52166732,279.50,37.50,211.3476,159.4149
52170638,163.50,16.50,209.7947,173.1528
52174544,-68.50,-85.50,213.7663,178.6090
52178450,-47.50,-142.50,218.0237,164.2794
52182356,164.50,-63.50,220.3523,142.1014
52186266,272.50,-61.50,212.6039,121.8310
52190172,144.50,-47.50,189.8473,100.9536
52194078,-76.50,-104.50,168.6520,95.3459
52197984,-141.50,-166.50,155.0911,102.7390
52201890,67.50,-79.50,141.1712,107.2678
52205796,235.50,-12.50,130.1859,113.8161
52209702,159.50,-61.50,127.2928,112.3935
52213608,-90.50,-113.50,127.0388,97.2810
52217514,-152.50,-116.50,122.5131,95.0391
52221420,64.50,-31.50,121.8587,119.8274
52225326,292.50,49.50,137.2005,153.7807
52229232,244.50,61.50,161.6216,175.8385
52233138,-5.50,-15.50,175.1847,181.6491
52237044,-154.50,-102.50,162.6421,171.4921
52240950,50.50,-57.50,138.1823,151.3970
52244856,234.50,11.50,125.5775,136.5574
52248762,193.50,37.50,115.8040,131.7758
52252668,5.50,-33.50,107.2624,132.2798
52256574,-175.50,-100.50,105.0627,131.2156
52260480,-30.50,-77.50,94.9248,125.6182
52264386,129.50,10.50,71.0786,120.9183
52268292,179.50,26.50,44.6657,119.0454
52272198,-15.50,-22.50,39.3982,117.3905
52276104,-204.50,-107.50,48.8654,114.3992
52280010,-96.50,-175.50,47.1619,94.2092
52283916,89.50,-76.50,30.8291,56.3900
52287822,155.50,16.50,9.7169,41.8508
52291728,-51.50,-72.50,-2.0368,55.9426
52295634,-191.50,-143.50,2.0340,62.4809
52299540,-158.50,-154.50,11.1894,55.6525
52303446,41.50,-127.50,2.5526,39.2039
52307352,112.50,-84.50,-23.1664,12.0497
52311258,-13.50,-92.50,-35.7647,-5.0955
52315164,-218.50,-58.50,-24.0689,18.5069
52319070,-249.50,-174.50,-21.2991,59.3762
52322976,-96.50,-201.50,-58.5509,45.1298
52326882,-0.50,-143.50,-116.6804,-18.8078
52330788,-220.50,-207.50,-168.6850,-72.3239
52334694,-447.50,-283.50,-212.8563,-101.6012
52338600,-456.50,-356.50,-243.5287,-120.7361
52342506,-271.50,-328.50,-260.4238,-143.5075
52346412,-141.50,-272.50,-273.9407,-167.5600
52350318,-330.50,-321.50,-294.1036,-187.2158
52354224,-565.50,-462.50,-325.6361,-216.3314
52358130,-616.50,-512.50,-355.0122,-256.9083
52362036,-463.50,-452.50,-378.9023,-283.2671
52365942,-300.50,-389.50,-401.8827,-284.8061
52369848,-456.50,-416.50,-423.7375,-281.3399
52373754,-688.50,-527.50,-448.2496,-292.0484
52377660,-794.50,-572.50,-472.2036,-312.1404
52381566,-620.50,-548.50,-492.9813,-325.8682
52385472,-421.50,-453.50,-502.7898,-327.1700
52389378,-512.50,-459.50,-500.2683,-319.5618
52393284,-751.50,-534.50,-500.6979,-313.8653
52397190,-815.50,-590.50,-500.0017,-313.1367
52401096,-598.50,-512.50,-478.1185,-303.7394
52405002,-397.50,-388.50,-439.7381,-272.3913
52408908,-386.50,-321.50,-403.7692,-223.3227
52412814,-623.50,-422.50,-376.3942,-183.0324
52416720,-738.50,-468.50,-361.1855,-169.8362
52420626,-527.50,-393.50,-343.3367,-159.9694
52424532,-262.50,-298.50,-301.4307,-132.8325
52428438,-232.50,-192.50,-247.4329,-92.8842
52432344,-404.50,-216.50,-199.6176,-42.3952
52436250,-512.50,-273.50,-156.3001,4.4506
52440156,-352.50,-196.50,-112.5996,41.5147
52444062,-76.50,-72.50,-67.2234,82.9477
52447968,-0.50,-21.50,-20.8794,123.4243
52451874,-224.50,-24.50,13.1014,153.6801
52455780,-389.50,-68.50,23.3969,183.4923
52459686,-250.50,-40.50,30.2206,215.3256
52463592,-44.50,35.50,45.8910,238.5627
52467498,56.50,94.50,57.6122,247.3972
52471404,-88.50,59.50,73.3169,248.2229
52475310,-228.50,-15.50,106.8150,248.6067
52479216,-178.50,-30.50,144.7647,248.1176
52483122,-4.50,74.50,155.2601,250.1378
52487028,114.50,137.50,135.6668,259.3896
52490934,-15.50,80.50,123.8007,263.4045
52494840,-238.50,4.50,131.0041,254.0175
52498746,-201.50,-61.50,139.1350,236.0782
52502652,11.50,-2.50,142.9172,211.1666
52506558,144.50,64.50,143.0031,189.1483
52510464,9.50,48.50,140.5953,179.2919
52514370,-175.50,-16.50,143.6016,180.5771
52518276,-246.50,-92.50,145.9740,180.9945
52522182,-42.50,-21.50,131.4949,170.5427
52526088,140.50,39.50,115.6961,158.1686
52529994,54.50,47.50,120.0812,151.7576
52533900,-180.50,-32.50,132.9763,151.6127
52537806,-298.50,-109.50,126.2891,148.5414
52541712,-79.50,-21.50,99.6056,141.8962
52545618,66.50,54.50,77.8345,144.8218
52549524,-9.50,58.50,62.7929,150.8996
52553430,-194.50,-21.50,57.8532,149.9095
52557336,-253.50,-68.50,75.0264,146.6026
52561242,-72.50,-26.50,101.5187,146.5799
52565148,134.50,38.50,120.1766,145.2338
52569054,90.50,65.50,127.1673,138.9073
52572960,-156.50,-29.50,121.2300,130.3144
52576866,-268.50,-51.50,106.5075,126.0986
52580772,-98.50,-15.50,98.5677,135.4718
52584678,145.50,34.50,108.8025,143.9231
52588584,112.50,93.50,124.2434,140.3187
52592490,-93.50,12.50,127.0972,136.8362
52596396,-248.50,-90.50,120.8743,127.9583
52600302,-144.50,-77.50,109.5976,108.1128
52604208,97.50,19.50,98.0799,93.8693
52608114,135.50,16.50,97.7521,86.2971
52612020,-114.50,-68.50,97.7335,67.5336
52615926,-251.50,-111.50,88.4104,47.0210
52619832,-222.50,-114.50,74.2898,44.0521
52623738,9.50,-63.50,52.0423,43.9172
52627644,64.50,-15.50,31.5604,32.7710
52631550,-138.50,-65.50,20.2764,20.9012
52635456,-310.50,-143.50,14.5586,15.4345
52639362,-256.50,-161.50,15.4739,12.3807
52643268,-31.50,-87.50,17.0381,7.6796
52647174,49.50,-34.50,13.1649,2.6303
52651080,-139.50,-90.50,1.9786,-4.1274
52654986,-317.50,-165.50,-8.6120,-13.1553
52658892,-287.50,-176.50,-6.5746,-16.8421
52662798,-54.50,-56.50,3.4179,-5.3945
52666704,72.50,-40.50,12.6359,11.1276
52670610,-145.50,-102.50,6.0748,3.8496
52674516,-316.50,-165.50,-16.0478,-20.1394
52678422,-302.50,-184.50,-20.8396,-29.8433
52682328,-68.50,-127.50,-2.2536,-25.6570
52686234,83.50,-45.50,18.5562,-20.4142
52690140,-28.50,-33.50,31.2280,-10.6153
52694046,-220.50,-89.50,41.3130,9.2394
52697952,-306.50,-196.50,47.0723,18.9981
52701858,-99.50,-136.50,37.2275,1.7311
52705764,97.50,-92.50,28.0016,-24.7623
52709670,29.50,-62.50,36.8532,-39.6902
52713576,-237.50,-121.50,46.7195,-33.6436
52717482,-302.50,-175.50,41.0850,-16.5835
52721388,-90.50,-108.50,36.0005,-3.1183
52725294,96.50,-68.50,43.2380,1.3021
52729200,70.50,-62.50,54.3829,-8.8640
52733106,-147.50,-126.50,67.7594,-22.0541
52737012,-272.50,-143.50,76.4836,-18.8523
52740918,-60.50,-64.50,80.5392,7.5526
52744824,71.50,-40.50,80.1060,33.6961
52748730,59.50,-15.50,61.5916,32.4550
52752636,-191.50,-125.50,35.6828,11.3536
52756542,-299.50,-160.50,20.8165,-9.8060
52760448,-156.50,-128.50,21.9326,-14.5616
52764354,35.50,-118.50,26.6751,-16.9962
52768260,48.50,-64.50,20.3019,-33.7367
52772166,-92.50,-111.50,22.4698,-42.5588
52776072,-278.50,-157.50,42.7729,-32.5902
52779978,-248.50,-155.50,41.6789,-19.0075
52783884,12.50,-73.50,12.2358,-12.7595
52787790,102.50,-0.50,2.3011,-5.3898
52791696,-113.50,-41.50,18.2598,11.3860
52795602,-296.50,-104.50,27.2032,27.7899
52799508,-252.50,-145.50,19.3438,29.1990
52803414,-0.50,-112.50,7.6419,7.3923
52807320,64.50,-64.50,2.8316,-24.0284
52811226,-129.50,-116.50,-3.5600,-45.0689
52815132,-314.50,-157.50,-13.7178,-49.5229
52819038,-268.50,-214.50,-14.8548,-46.7729
52822944,-48.50,-153.50,-9.0803,-53.9734
52826850,78.50,-80.50,-4.2446,-63.3114
52830756,-84.50,-106.50,-1.8023,-61.2322
52834662,-308.50,-152.50,-5.4373,-50.7887
52838568,-317.50,-207.50,-15.5316,-41.6338
52842474,-78.50,-143.50,-22.8053,-43.0089
52846380,71.50,-93.50,-18.7112,-49.9086
52850286,-77.50,-119.50,-13.3767,-57.9104
52854192,-317.50,-175.50,-21.0362,-63.9851
52858098,-316.50,-232.50,-30.1264,-65.7539
52862004,-79.50,-148.50,-20.7508,-63.9233
52865910,82.50,-93.50,0.0256,-56.0154
52869816,-17.50,-88.50,11.2789,-48.4591
52873722,-250.50,-168.50,10.1027,-46.6600
52877628,-349.50,-216.50,-0.3845,-49.7703
52881534,-165.50,-177.50,-19.7077,-54.9756
52885440,9.50,-109.50,-38.9539,-58.4818
52889346,-32.50,-136.50,-47.8105,-65.6677
52893252,-283.50,-192.50,-46.9307,-78.2922
52897158,-346.50,-211.50,-41.6520,-79.9138
52901064,-172.50,-156.50,-30.3726,-61.5257
52904970,23.50,-111.50,-20.1939,-42.3848
52908876,-28.50,-105.50,-23.7181,-42.0785
52912782,-221.50,-181.50,-31.3235,-55.4682
52916688,-312.50,-187.50,-21.6100,-60.7028
52920594,-182.50,-147.50,-0.7826,-43.9368
52924500,11.50,-97.50,4.9825,-23.5563
52928406,16.50,-40.50,-6.4629,-14.3907
52932312,-191.50,-101.50,-16.1217,-6.7269
52936218,-342.50,-146.50,-16.6206,1.3497
52940124,-228.50,-149.50,-14.6415,4.7211
52944030,-9.50,-94.50,-15.2230,-1.0516
52947936,58.50,-50.50,-13.0349,-10.5615
52951842,-161.50,-109.50,-5.7519,-15.0077
52955748,-335.50,-170.50,-3.8515,-17.0679
52959654,-269.50,-165.50,-10.9616,-18.0364
52963560,-21.50,-110.50,-18.2283,-18.9951
52967466,66.50,-88.50,-14.6754,-25.8737
52971372,-111.50,-116.50,-1.9499,-35.5994
52975278,-280.50,-121.50,12.3689,-28.7261
52979184,-256.50,-175.50,21.8356,-8.8462
52983090,-42.50,-112.50,16.7084,-4.8842
52986996,80.50,-46.50,5.9319,-10.9253
52990902,-94.50,-80.50,2.3584,-9.5265
52994808,-280.50,-174.50,4.0731,-11.1216
52998714,-239.50,-164.50,14.7565,-17.8784
53002620,-20.50,-121.50,31.7081,-18.7200
53006526,130.50,-45.50,44.8477,-13.8105
53010432,-5.50,-67.50,53.2164,-6.4858
53014338,-218.50,-127.50,57.4315,0.1278
53018244,-256.50,-175.50,55.6168,0.4889
53022150,-54.50,-114.50,46.1169,-4.7166
53026056,103.50,-62.50,34.8178,-8.8150
53029962,16.50,-45.50,31.4798,-6.6858
53033868,-202.50,-114.50,37.9578,1.8423
53037774,-228.50,-204.50,50.9582,0.4073
53041680,-4.50,-118.50,70.6781,-12.9105
53045586,176.50,-64.50,92.2008,-15.8477
53049492,114.50,-31.50,105.4397,-6.2702
53053398,-79.50,-94.50,115.7231,7.6553
53057304,-184.50,-136.50,126.2619,19.1776
53061210,6.50,-79.50,129.4021,27.8536
53065116,163.50,-36.50,122.6907,34.0436
53069022,93.50,-28.50,101.0502,29.5904
53072928,-148.50,-79.50,69.4972,20.9259
53076834,-256.50,-120.50,45.6744,20.7842
53080740,-100.50,-100.50,37.9069,26.7523
53084646,117.50,-45.50,41.6495,27.9170
53088552,97.50,-16.50,45.5965,22.8801
53092458,-138.50,-76.50,40.0606,18.4523
53096364,-261.50,-142.50,29.9810,14.2960
53100270,-132.50,-138.50,27.9518,7.1992
53104176,65.50,-60.50,28.4525,1.0609
53108082,107.50,-31.50,24.1887,0.3750
53111988,-114.50,-110.50,20.2100,-3.4084
53115894,-281.50,-162.50,15.1588,-14.6910
53119800,-174.50,-165.50,10.7471,-22.8513
53123706,42.50,-127.50,10.5366,-30.1139
53127612,85.50,-33.50,7.0290,-33.8287
53131518,-104.50,-68.50,-1.8640,-20.3909
53135424,-272.50,-133.50,-6.2381,-1.9292
53139330,-195.50,-144.50,0.2866,5.6849
53143236,26.50,-115.50,10.2754,-0.6592
53147142,95.50,-43.50,11.0273,-13.6124
53151048,-81.50,-56.50,0.4260,-14.8213
53154954,-281.50,-94.50,-11.5331,0.8342
53158860,-253.50,-161.50,-17.9285,13.8397
53162766,-67.50,-106.50,-26.6118,6.4959
53166672,37.50,-66.50,-44.8061,-10.8942
53170578,-110.50,-86.50,-63.0909,-24.8336
53174484,-313.50,-174.50,-70.3183,-36.1063
53178390,-328.50,-205.50,-69.7131,-46.7820
53182296,-108.50,-155.50,-69.3699,-53.3070
53186202,35.50,-129.50,-68.5952,-59.4152
53190108,-68.50,-172.50,-64.1935,-78.0602
53194014,-256.50,-230.50,-51.8769,-102.6339
53197920,-306.50,-254.50,-35.5392,-112.4165
53201826,-104.50,-210.50,-28.4024,-105.5670
53205732,59.50,-159.50,-29.7200,-97.6478
53209638,-6.50,-141.50,-28.9224,-94.5127
53213544,-234.50,-185.50,-22.8697,-87.0730
53217450,-305.50,-210.50,-18.5273,-71.2550
53221356,-126.50,-175.50,-19.5870,-54.2497
53225267,67.50,-126.50,-20.7923,-46.4949
53229173,26.50,-93.50,-17.0960,-46.3506
53233079,-193.50,-143.50,-9.3003,-41.6611
53236985,-281.50,-191.50,-1.2828,-32.8880
53240891,-123.50,-154.50,5.1709,-25.0857
53244797,82.50,-94.50,9.0301,-18.3597
53248703,86.50,-92.50,14.3479,-18.3629
53252609,-164.50,-133.50,18.7635,-24.7648
53256515,-303.50,-169.50,10.4631,-24.8177
53260421,-175.50,-162.50,-5.3826,-16.9743
53264327,49.50,-95.50,-14.1869,-11.4101
53268233,71.50,-47.50,-12.2065,-6.5908
53272139,-132.50,-121.50,-4.7426,-2.8565
53276045,-292.50,-191.50,0.2811,-10.3620
53279951,-181.50,-199.50,1.1982,-26.0087
53283857,50.50,-93.50,3.2955,-31.6687
53287763,125.50,-37.50,12.3420,-15.9150
53291669,-60.50,-77.50,27.7672,6.8679
53295575,-222.50,-164.50,42.8283,14.4781
53299481,-189.50,-196.50,46.8323,1.4383
53303387,48.50,-137.50,36.8411,-20.2152
53307293,122.50,-70.50,26.3676,-30.9887
53311199,-49.50,-111.50,21.8328,-27.8400
53315105,-241.50,-207.50,20.4912,-28.7694
53319011,-184.50,-207.50,24.7015,-37.9167
53322917,37.50,-138.50,33.4305,-39.4745
53326823,127.50,-64.50,36.0561,-28.5167
53330729,-37.50,-72.50,25.3851,-11.9665
53334635,-239.50,-158.50,11.0496,-0.5641
53338541,-239.50,-181.50,3.9477,-0.3484
53342447,-29.50,-111.50,1.0050,-1.1098
53346353,98.50,-82.50,-3.5913,-0.7165
53350259,-14.50,-89.50,-7.8814,-7.7939
53354165,-239.50,-143.50,-8.7138,-13.2118
53358071,-262.50,-188.50,-8.2284,-10.3806
53361977,-95.50,-179.50,-13.6435,-14.1704
53365883,69.50,-72.50,-27.1476,-23.1898
53369789,-36.50,-88.50,-40.0302,-21.9146
53373695,-226.50,-169.50,-42.2961,-20.0899
53377601,-301.50,-226.50,-34.4846,-28.6764
53381507,-104.50,-143.50,-27.3526,-32.0126
53385413,55.50,-98.50,-26.9094,-22.3499
53389319,-10.50,-78.50,-33.7915,-15.0650
53393225,-258.50,-130.50,-46.7238,-11.8625
53397131,-376.50,-178.50,-65.7773,-5.3913
53401037,-217.50,-161.50,-87.1538,-1.0133
53404943,-0.50,-111.50,-97.1168,-6.2477
53408849,15.50,-88.50,-84.6642,-17.9937
53412755,-186.50,-154.50,-54.7114,-26.9611
53416661,-319.50,-208.50,-29.7739,-30.8974
53420567,-197.50,-175.50,-26.1733,-28.3687
53424473,-12.50,-111.50,-40.9873,-21.0060
53428379,-2.50,-56.50,-60.7151,-12.4356
53432285,-213.50,-127.50,-71.9082,-5.0862
53436191,-353.50,-198.50,-72.5040,-6.6602
53440097,-244.50,-172.50,-67.8070,-11.8029
53444003,-2.50,-92.50,-59.4347,-7.5261
53447909,58.50,-48.50,-44.4746,3.3806
53451815,-123.50,-122.50,-25.2907,6.9232
53455721,-296.50,-180.50,-11.0127,-0.8096
53459627,-271.50,-184.50,-14.8316,-7.6155
53463533,-45.50,-114.50,-37.0760,-8.2545
53467439,64.50,-61.50,-49.7673,-5.6226
53471345,-121.50,-77.50,-41.3064,1.7751
53475251,-289.50,-149.50,-28.1602,12.6941
53479157,-241.50,-180.50,-16.2083,16.8916
53483063,-29.50,-127.50,-8.5050,8.9102
53486969,97.50,-79.50,-5.3779,-3.7024
53490875,-79.50,-140.50,-3.9872,-18.5690
53494781,-314.50,-182.50,-13.9249,-31.7121
53498687,-298.50,-205.50,-32.4879,-31.3625
53502593,-62.50,-146.50,-39.6422,-22.7713
53506499,63.50,-109.50,-32.7061,-20.8460
53510405,-76.50,-148.50,-28.5934,-32.1740
53514311,-317.50,-245.50,-37.2173,-53.9385
53518217,-322.50,-272.50,-49.3441,-74.5266
53522123,-101.50,-195.50,-49.2237,-78.9280
53526029,43.50,-104.50,-40.5067,-62.3317
53529935,-79.50,-94.50,-41.4357,-35.7580
53533841,-283.50,-159.50,-50.0697,-13.3851
53537747,-335.50,-212.50,-50.7963,-3.9828
53541653,-114.50,-178.50,-40.0323,-8.2231
53545559,63.50,-127.50,-23.7300,-20.5752
53549465,-9.50,-111.50,-13.1500,-31.8827
53553371,-218.50,-158.50,-9.3027,-30.9541
53557277,-306.50,-184.50,-4.8014,-15.4112
53561183,-137.50,-136.50,-2.0082,6.4021
53565089,75.50,-61.50,-0.3042,24.3997
53568995,35.50,-57.50,4.1354,31.4842
53572901,-198.50,-137.50,5.8108,25.4088
53576807,-320.50,-254.50,0.3834,2.4077
53580713,-154.50,-228.50,-4.2347,-31.6638
53584619,60.50,-160.50,-0.3923,-55.0771
53588525,65.50,-93.50,7.7904,-54.3910
53592431,-185.50,-175.50,8.7947,-39.8271
53596337,-317.50,-205.50,-0.7878,-27.4939
53600243,-182.50,-207.50,-6.2972,-18.7807
53604149,-2.50,-145.50,-8.2504,-17.4030
53608055,23.50,-128.50,-20.6727,-27.4099
53611961,-197.50,-176.50,-37.6309,-40.7326
53615867,-352.50,-271.50,-48.0689,-52.7180
53619773,-256.50,-265.50,-48.3177,-63.7960
53623679,-9.50,-216.50,-39.5934,-72.9759
53627585,59.50,-158.50,-26.0566,-78.7480
53631491,-165.50,-198.50,-20.5495,-78.1432
53635397,-335.50,-265.50,-28.3203,-72.8293
53639303,-288.50,-282.50,-36.2806,-68.9236
53643209,-34.50,-197.50,-36.5272,-65.5608
53647115,75.50,-161.50,-25.9710,-61.3863
53651021,-65.50,-166.50,-5.7371,-57.4210
53654927,-226.50,-189.50,21.8923,-41.8062
53658833,-211.50,-218.50,49.1134,-14.5665
53662739,-2.50,-173.50,58.0463,0.1354
53666645,118.50,-102.50,49.3242,-1.4173
53670551,-18.50,-100.50,39.8371,-0.0972
53674457,-270.50,-145.50,31.0996,13.8637
53678363,-329.50,-165.50,8.3471,34.5596
53682269,-124.50,-131.50,-26.4921,47.6439
53686175,78.50,-90.50,-42.8914,42.9059
53690081,-52.50,-76.50,-31.6341,30.7580
53693987,-272.50,-143.50,-18.8270,28.0153
53697893,-345.50,-172.50,-19.8784,33.8111
53701799,-160.50,-117.50,-33.6392,42.9145
53705705,22.50,-63.50,-48.8095,50.8122
53709611,-6.50,-18.50,-45.8411,58.0555
53713517,-227.50,-109.50,-21.9770,66.7687
53717423,-346.50,-200.50,-5.0402,59.6395
53721329,-161.50,-220.50,-11.2098,25.9963
53725235,34.50,-185.50,-22.1731,-20.4170
53729141,-37.50,-189.50,-30.8049,-61.0474
53733047,-264.50,-270.50,-42.8402,-88.6967
53736953,-328.50,-293.50,-44.0876,-99.7996
53740859,-160.50,-257.50,-24.0433,-89.4157
53744765,-1.50,-191.50,-9.0728,-70.2429
53748671,-15.50,-156.50,-20.5767,-57.5558
53752577,-252.50,-185.50,-42.1519,-47.1644
53756483,-370.50,-191.50,-54.3808,-25.7233
53760389,-218.50,-156.50,-49.1701,9.1103
53764295,14.50,-111.50,-30.5009,36.5617
53768201,58.50,-66.50,-9.3043,43.1312
53772107,-157.50,-82.50,6.8830,46.0212
53776013,-300.50,-156.50,15.3045,54.7115
53779919,-208.50,-127.50,19.4781,62.8797
53783825,25.50,-86.50,21.1132,68.2816
53787731,83.50,-56.50,22.4207,64.9363
53791637,-129.50,-69.50,21.5612,58.4312
53795543,-277.50,-115.50,20.1053,63.4002
53799449,-175.50,-127.50,32.7245,75.1040
53803355,67.50,-88.50,58.3503,78.0172
53807261,157.50,-42.50,79.8444,69.9476
53811167,18.50,-56.50,94.9390,63.3591
53815073,-186.50,-95.50,108.7699,68.4064
53818979,-200.50,-88.50,107.4366,85.2521
53822885,-12.50,-58.50,79.0147,100.8202
53826791,112.50,-25.50,44.1111,99.1616
53830697,-75.50,-45.50,20.7716,84.3949
53834603,-285.50,-111.50,3.5960,70.7922
53838509,-288.50,-154.50,-7.0617,60.1123
53842415,-63.50,-95.50,-8.3339,51.9899
53846321,73.50,-71.50,-5.3587,46.3814
53850227,-47.50,-124.50,-4.2495,29.8286
53854133,-262.50,-131.50,-4.4247,10.5266
53858039,-309.50,-146.50,-4.6912,15.6428
53861945,-84.50,-143.50,-4.7098,30.2056
53865851,64.50,-111.50,-2.8382,24.2648
53869757,-26.50,-96.50,-4.5324,7.3455
53873663,-226.50,-117.50,-4.7240,6.0288
53877569,-315.50,-148.50,0.4746,22.6230
53881475,-120.50,-140.50,1.4167,35.1742
53885381,71.50,-121.50,0.7916,26.6199
53889287,-16.50,-113.50,-1.8206,4.2243
53893193,-241.50,-162.50,-12.1090,-12.5058
53897099,-341.50,-197.50,-21.9654,-16.7151
53901005,-153.50,-181.50,-22.0256,-14.4550
53904911,46.50,-140.50,-13.3559,-14.3398
53908817,-17.50,-107.50,-12.4757,-16.2612
53912723,-246.50,-134.50,-27.9732,-11.1824
53916629,-392.50,-153.50,-48.0310,3.7944
53920535,-228.50,-141.50,-59.5150,21.6525
53924441,-20.50,-112.50,-58.4527,28.7247
53928347,-6.50,-125.50,-53.0059,15.4103
53932253,-226.50,-157.50,-49.6518,-8.3988
53936159,-366.50,-180.50,-47.1271,-19.5438
53940065,-258.50,-191.50,-44.1108,-14.9557
53943971,-21.50,-158.50,-40.6620,-13.7193
53947877,25.50,-128.50,-35.1438,-20.7191
53951783,-194.50,-162.50,-31.6035,-26.9461
53955689,-342.50,-186.50,-31.3535,-26.1930
53959595,-274.50,-201.50,-28.4153,-19.6326
53963501,-29.50,-143.50,-24.5118,-13.9723
53967407,80.50,-109.50,-14.0638,-9.2806
53971313,-111.50,-99.50,4.0053,0.2041
53975219,-284.50,-111.50,17.9840,20.9372
53979125,-239.50,-143.50,26.5484,43.2856
53983031,11.50,-125.50,33.8200,45.7926
53986937,116.50,-93.50,42.1317,30.6169
53990843,-48.50,-104.50,47.3342,16.7346
53994749,-251.50,-101.50,47.3656,20.0851
53998655,-256.50,-139.50,44.2180,37.5790
54002561,-18.50,-93.50,39.0643,49.4606
54006467,112.50,-79.50,37.5622,48.6176
54010373,-12.50,-77.50,40.1151,40.2378
54014279,-228.50,-128.50,44.5389,32.3936
54018185,-280.50,-140.50,44.1138,29.9160
54022091,-69.50,-124.50,32.7426,30.3464
54025997,93.50,-136.50,21.2122,20.2139
54029903,-23.50,-106.50,15.3016,0.0703
54033809,-239.50,-88.50,12.0387,1.7416
54037715,-272.50,-73.50,16.8482,37.2863
54041621,-75.50,-125.50,29.2498,67.0243
54045527,63.50,-153.50,31.5101,47.5101
54049433,-2.50,-182.50,16.6330,-9.0585
54053339,-230.50,-191.50,2.8211,-54.7185
54057245,-322.50,-239.50,-1.4278,-69.4566
54061151,-132.50,-244.50,-0.6140,-73.1912
54065057,52.50,-189.50,2.2407,-76.4997
54068963,29.50,-133.50,3.9399,-65.0783
54072869,-197.50,-174.50,6.8518,-42.1817
54076775,-303.50,-207.50,11.6233,-29.9316
54080681,-153.50,-186.50,15.9181,-28.2550
54084587,81.50,-115.50,21.8636,-18.6668
54088493,71.50,-80.50,29.9930,3.5379
54092399,-173.50,-144.50,30.1929,18.0816
54096305,-313.50,-148.50,19.0259,15.5649
54100211,-191.50,-136.50,8.8418,16.3986
54104117,18.50,-81.50,2.9864,29.0891
54108023,66.50,-50.50,-0.0815,44.9311
54111929,-138.50,-101.50,3.6087,51.3230
54115835,-271.50,-126.50,15.3917,44.4346
54119741,-175.50,-139.50,32.7198,36.3187
54123647,65.50,-74.50,47.7313,36.5774
54127553,146.50,-2.50,59.1711,53.5397
54131459,-32.50,-24.50,71.3424,80.9496
54135365,-206.50,-61.50,83.1872,97.6542
54139271,-172.50,-89.50,87.7919,97.0358
54143177,-0.50,-50.50,70.9419,87.3495
54147083,107.50,-20.50,39.3243,79.3367
54150989,-57.50,-31.50,20.5119,75.9965
54154895,-241.50,-61.50,22.0236,76.4470
54158801,-232.50,-108.50,30.1696,75.0892
54162707,14.50,-79.50,35.9211,64.8707
54166613,132.50,-18.50,41.7760,57.4902
54170519,-30.50,-44.50,41.6401,59.2055
54174425,-250.50,-94.50,30.2300,56.3004
54178331,-266.50,-113.50,17.0689,47.6804
54182237,-19.50,-66.50,14.3381,46.1595
54186143,123.50,-32.50,24.1492,53.0099
54190049,16.50,-12.50,33.7799,60.9004
54193955,-207.50,-58.50,37.1693,67.2574
54197861,-277.50,-122.50,32.9916,63.3629
54201767,-72.50,-110.50,21.1342,44.6972
54205673,82.50,-111.50,9.2469,18.7135
54209579,18.50,-81.50,2.4590,-4.0100
54213485,-220.50,-108.50,1.8324,-9.3898
54217391,-290.50,-154.50,2.9194,-3.0232
54221297,-120.50,-116.50,1.6122,2.7932
54225203,49.50,-121.50,-5.8433,2.6729
54229109,-12.50,-100.50,-21.4263,-9.1771
54233015,-233.50,-142.50,-35.7807,-22.9430
54236921,-350.50,-216.50,-42.5864,-36.4566
54240827,-173.50,-194.50,-42.8148,-52.4750
54244733,51.50,-167.50,-33.7768,-61.6178
54248639,25.50,-143.50,-21.6566,-64.3088
54252545,-188.50,-148.50,-16.6619,-60.6586
54256451,-302.50,-125.50,-12.9624,-39.3412
54260357,-173.50,-142.50,-5.1134,-7.2261
54264266,17.50,-163.50,-4.1387,0.1467
54268172,33.50,-164.50,-15.4899,-29.0843
54272078,-205.50,-220.50,-31.9857,-69.9823
54275984,-354.50,-239.50,-47.1575,-98.3869
54279890,-207.50,-222.50,-46.4875,-100.8961
54283796,46.50,-144.50,-22.1260,-78.0907
54287702,157.50,-106.50,17.4915,-44.2131
54291608,-48.50,-130.50,56.5188,-19.9531
54295514,-190.50,-133.50,81.4542,-8.3381
54299420,-111.50,-116.50,97.7346,7.0802
54303326,113.50,-77.50,107.6927,27.5880
54307232,222.50,-29.50,112.0855,44.4892
54311138,80.50,-40.50,124.3334,56.6493
54315044,-104.50,-37.50,145.9536,69.5013
54318950,-37.50,-31.50,167.9848,89.5322
54322856,211.50,-20.50,188.6977,106.0851
54326762,343.50,38.50,208.3078,111.3016
54330668,233.50,76.50,228.6549,123.1761
54334574,43.50,33.50,252.9126,145.2751
54338480,34.50,15.50,270.7143,157.8381
54342386,256.50,62.50,272.0213,160.6119
54346292,395.50,107.50,264.5855,166.9452
54350198,291.50,98.50,259.8126,173.7093
54354104,60.50,67.50,259.3693,173.5607
54358010,15.50,18.50,254.4268,165.5570
54361916,223.50,35.50,242.9954,150.7544
54365822,381.50,63.50,232.3350,135.8255
54369728,287.50,83.50,223.2318,128.1844
54373634,48.50,48.50,213.1386,128.5823
54377540,-37.50,22.50,198.6964,130.7570
54381446,147.50,26.50,180.7778,128.6905
54385352,303.50,53.50,162.2572,120.6122
54389258,229.50,80.50,140.3547,112.4896
54393164,16.50,37.50,122.2946,109.3858
54397070,-86.50,-5.50,115.9816,104.0272
54400976,75.50,-13.50,113.6651,91.5971
54404882,247.50,18.50,104.6055,76.5633
54408788,196.50,-10.50,83.5417,57.8108
54412694,-15.50,-8.50,60.6054,38.2679
54416600,-114.50,-15.50,54.0308,36.6791
54420506,30.50,-17.50,64.0930,51.5670
54424412,197.50,16.50,67.5499,61.6905
54428318,217.50,55.50,53.8088,65.1710
54432224,16.50,51.50,42.9815,72.5707
54436130,-149.50,7.50,40.9471,81.3342
54440036,-52.50,-36.50,33.7249,75.8642
54443942,167.50,-26.50,21.4257,51.2566
54447848,222.50,-12.50,15.5848,22.3904
54451754,9.50,-46.50,16.3287,0.4948
54455660,-186.50,-85.50,9.5676,-15.0061
54459566,-126.50,-121.50,-9.5501,-27.9980
54463472,78.50,-108.50,-32.8627,-43.5977
54467378,163.50,-72.50,-49.4144,-57.3657
54471284,-13.50,-79.50,-52.8862,-61.3703
54475190,-214.50,-111.50,-51.2519,-58.4297
54479096,-195.50,-132.50,-57.5546,-55.4911
54483002,60.50,-81.50,-66.3652,-51.1309
54486908,141.50,-97.50,-67.0807,-49.1676
54490814,-16.50,-81.50,-68.5340,-57.1073
54494720,-207.50,-104.50,-71.7334,-61.4232
54498626,-202.50,-104.50,-69.6993,-52.0813
54502532,16.50,-79.50,-67.3860,-37.1307
54506438,180.50,-53.50,-61.6728,-27.1637
54510344,19.50,-74.50,-53.6161,-29.7768
54514250,-174.50,-81.50,-52.2643,-37.6912
54518156,-173.50,-110.50,-47.2527,-38.4418
54522062,33.50,-85.50,-33.8099,-34.2532
54525968,197.50,-37.50,-22.8222,-27.4975
54529874,107.50,-24.50,-15.9638,-16.8173
54533780,-145.50,-58.50,-15.3543,-8.4137
54537686,-216.50,-109.50,-27.7716,-11.1213
54541592,-26.50,-104.50,-45.7803,-25.0343
54545498,122.50,-66.50,-61.2247,-37.8258
54549404,49.50,-32.50,-76.7098,-37.7656
54553310,-178.50,-76.50,-88.3838,-29.7590
54557216,-267.50,-137.50,-93.0751,-32.6118
54561122,-97.50,-98.50,-94.5345,-43.4483
54565028,73.50,-90.50,-98.9309,-47.3307
54568934,54.50,-76.50,-106.2978,-51.0259
54572840,-180.50,-121.50,-109.4734,-60.8479
54576746,-292.50,-144.50,-110.0691,-70.7749
54580652,-111.50,-122.50,-104.7812,-70.5763
54584558,115.50,-90.50,-86.6652,-60.1817
54588464,81.50,-55.50,-71.5795,-49.2837
54592370,-114.50,-60.50,-71.1374,-38.1834
54596276,-280.50,-143.50,-76.6017,-34.7005
54600182,-196.50,-137.50,-90.4781,-46.9725
54604088,66.50,-88.50,-105.5382,-56.5685
54607994,119.50,-48.50,-98.5619,-49.9278
54611900,-111.50,-68.50,-81.3899,-37.4093
54615806,-268.50,-118.50,-77.0498,-32.6621
54619712,-170.50,-123.50,-77.6710,-36.5351
54623618,52.50,-63.50,-74.8077,-35.6827
54627524,119.50,-53.50,-72.5317,-27.9958
54631430,-61.50,-85.50,-70.5498,-29.4470
54635336,-242.50,-124.50,-66.2765,-41.5022
54639242,-188.50,-174.50,-61.3979,-56.6594
54643148,45.50,-132.50,-58.3250,-72.0633
54647054,139.50,-85.50,-56.1395,-76.7040
54650960,-67.50,-88.50,-61.8038,-68.5012
54654866,-237.50,-127.50,-73.5400,-58.9037
54658772,-195.50,-146.50,-70.9558,-53.8815
54662678,35.50,-113.50,-54.2181,-51.3085
54666584,134.50,-62.50,-44.1029,-46.1544
54670490,-31.50,-74.50,-52.6867,-39.9689
54674396,-219.50,-100.50,-66.6671,-36.7250
54678302,-233.50,-148.50,-68.0986,-37.3591
54682208,-0.50,-85.50,-60.4688,-36.8541
54686114,214.50,15.50,-39.7076,-16.5984
54690020,63.50,11.50,-10.9567,19.3667
54693926,-220.50,-95.50,-10.7426,30.0241
54697832,-303.50,-165.50,-48.9307,-2.2375
54701738,-120.50,-196.50,-96.1709,-54.0208
54705644,9.50,-162.50,-133.9398,-99.7366
54709550,-124.50,-181.50,-169.9244,-130.1316
54713456,-384.50,-248.50,-208.5180,-152.6536
54717362,-520.50,-322.50,-247.3345,-177.2560
54721268,-386.50,-373.50,-290.9715,-210.8108
54725174,-207.50,-367.50,-332.8683,-254.9881
54729080,-290.50,-393.50,-362.1902,-300.4658
54732986,-553.50,-440.50,-384.2941,-336.5400
54736892,-661.50,-512.50,-402.0534,-359.8064
54740798,-529.50,-512.50,-413.0303,-373.6888
54744704,-366.50,-486.50,-428.3216,-381.5683
54748610,-388.50,-438.50,-451.2838,-381.7285
54752516,-608.50,-460.50,-464.6737,-370.4911
54756422,-815.50,-549.50,-473.4334,-361.7753
54760328,-682.50,-528.50,-493.0309,-364.7231
54764234,-465.50,-488.50,-508.7155,-363.5806
54768140,-405.50,-449.50,-502.4548,-354.0291
54772046,-573.50,-464.50,-470.4068,-342.0561
54775952,-720.50,-512.50,-425.1853,-330.0326
54779858,-621.50,-492.50,-390.1159,-315.9340
54783764,-384.50,-456.50,-372.3122,-297.7694
54787670,-286.50,-401.50,-356.0114,-280.7398
54791576,-460.50,-437.50,-328.0263,-269.8469
54795482,-591.50,-436.50,-290.0218,-259.5443
54799388,-528.50,-444.50,-251.1897,-238.7199
54803294,-329.50,-383.50,-231.9380,-211.7772
54807200,-207.50,-321.50,-231.2091,-185.6821
54811106,-363.50,-346.50,-223.0046,-165.7224
54815012,-559.50,-412.50,-204.6534,-162.2997
54818918,-517.50,-392.50,-187.8302,-163.9773
54822824,-277.50,-341.50,-172.8018,-149.7481
54826730,-117.50,-304.50,-151.4815,-127.9749
54830636,-256.50,-321.50,-123.3354,-118.2412
54834542,-434.50,-318.50,-95.7439,-112.1238
54838448,-402.50,-341.50,-66.0455,-94.0082
54842354,-198.50,-296.50,-38.5879,-72.1814
54846260,-76.50,-256.50,-30.3735,-57.7347
54850166,-168.50,-209.50,-35.8380,-44.3338
54854072,-385.50,-265.50,-34.2136,-26.5371
54857978,-430.50,-284.50,-27.0106,-13.3397
54861884,-229.50,-283.50,-24.7038,-10.7494
54865790,-28.50,-224.50,-19.6076,-14.2435
54869696,-79.50,-175.50,0.4142,-8.5541
54873602,-303.50,-193.50,27.9759,14.7986
54877508,-372.50,-241.50,45.4732,38.6179
54881414,-205.50,-239.50,47.4951,44.8912
54885320,-16.50,-218.50,40.6229,33.5890
54889226,-99.50,-177.50,29.2111,19.8639
54893132,-316.50,-203.50,15.8358,19.8083
54897038,-399.50,-248.50,11.7793,28.7349
54900944,-286.50,-271.50,12.3146,29.3517
54904850,-76.50,-236.50,2.9019,16.8047
54908756,-56.50,-161.50,-0.7022,10.7577
54912662,-282.50,-195.50,12.4138,24.0293
54916568,-416.50,-239.50,23.5120,38.6155
54920474,-300.50,-252.50,21.6793,41.6043
54924380,-32.50,-159.50,21.7706,45.9725
54928286,-25.50,-143.50,35.7404,60.1554
54932192,-237.50,-160.50,48.1461,70.1123
54936098,-398.50,-217.50,48.1248,69.3277
54940004,-253.50,-240.50,50.3554,62.2974
54943910,-47.50,-175.50,61.8748,57.0765
54947816,-4.50,-168.50,67.4623,56.5316
54951722,-222.50,-175.50,58.9079,52.3186
54955628,-383.50,-204.50,46.7923,50.9575
54959534,-332.50,-212.50,40.0363,60.4011
54963440,-79.50,-190.50,38.9309,69.5210
54967346,15.50,-174.50,47.3821,64.9627
54971252,-169.50,-190.50,59.7458,48.6724
54975158,-365.50,-228.50,63.7568,35.6145
54979064,-306.50,-226.50,65.0340,37.4828
54982970,-82.50,-195.50,70.8892,50.6245
54986876,22.50,-192.50,75.2852,54.9758
54990782,-132.50,-143.50,73.5688,50.3229
54994688,-330.50,-136.50,71.7327,65.6545
54998594,-308.50,-170.50,77.2591,98.1441
55002500,-102.50,-157.50,85.3540,115.8358
55006406,-5.50,-174.50,80.0704,103.7241
55010312,-85.50,-162.50,67.4501,73.1033
55014218,-312.50,-188.50,68.6017,52.9674
55018124,-336.50,-222.50,76.9569,52.0315
55022030,-88.50,-196.50,87.3812,57.6293
55025936,95.50,-143.50,109.2801,65.7143
55029842,-32.50,-112.50,127.5130,78.0205
55033748,-244.50,-146.50,127.2737,90.9001
55037654,-324.50,-176.50,118.2282,97.9585
55041560,-127.50,-146.50,108.8371,102.6760
55045466,79.50,-94.50,107.6047,112.2161
55049372,7.50,-95.50,115.7956,119.7198
55053278,-229.50,-159.50,119.6247,111.1274
55057184,-298.50,-189.50,118.6282,90.8609
55061090,-101.50,-160.50,126.5142,81.4273
55064996,110.50,-142.50,144.1130,85.0197
55068902,46.50,-100.50,153.2156,88.2351
55072808,-176.50,-101.50,144.9055,96.1261
55076714,-269.50,-128.50,137.3577,112.7775
55080620,-152.50,-163.50,137.8625,121.4274
55084526,57.50,-132.50,132.0472,110.9447
55088432,34.50,-127.50,117.2312,91.1249
55092338,-177.50,-120.50,101.9242,78.0953
55096244,-259.50,-125.50,104.0075,85.3579
55100150,-128.50,-132.50,130.6915,106.9031
55104056,19.50,-134.50,145.3917,116.1332
55107962,48.50,-137.50,123.7093,99.0357
55111868,-178.50,-168.50,91.0687,67.7771
55115774,-314.50,-160.50,73.2332,49.8203
55119680,-170.50,-95.50,83.7156,70.2916
55123586,35.50,-98.50,111.6169,111.8329
55127492,58.50,-89.50,120.3030,128.4881
55131398,-128.50,-111.50,102.9754,114.4854
55135304,-254.50,-148.50,93.6451,94.2897
55139210,-175.50,-162.50,112.1349,81.3230
55143116,38.50,-143.50,135.9594,75.5484
55147022,91.50,-120.50,137.8899,71.8069
55150928,-93.50,-150.50,117.0650,63.9771
55154834,-210.50,-139.50,105.3252,58.0486
55158740,-156.50,-132.50,128.2453,69.4540
55162646,48.50,-127.50,159.2923,87.8797
55166552,128.50,-110.50,163.9491,91.4456
55170458,-125.50,-123.50,128.0091,80.7697
55174364,-271.50,-124.50,74.5502,72.4227
55178270,-221.50,-125.50,60.8868,79.0358
55182176,-32.50,-95.50,84.6242,95.4943
55186082,69.50,-111.50,94.8513,102.1823
55189988,-48.50,-116.50,81.9171,88.4871
55193894,-250.50,-146.50,69.8789,68.8200
55197800,-240.50,-109.50,74.3647,66.5810
55201706,-36.50,-94.50,91.5527,86.1387
55205612,91.50,-98.50,102.1353,101.0466
55209518,-18.50,-111.50,93.5291,92.1874
55213424,-254.50,-115.50,73.3466,76.4091
55217330,-270.50,-97.50,60.1983,77.9796
55221236,-78.50,-130.50,66.2608,88.4667
55225142,65.50,-145.50,75.4897,78.1334
55229048,-12.50,-128.50,68.7627,52.1785
55232954,-232.50,-150.50,53.9691,36.8787
55236860,-299.50,-144.50,46.2225,37.8378
55240766,-124.50,-146.50,49.7010,46.6001
55244672,75.50,-111.50,59.7069,54.3243
55248578,31.50,-111.50,68.0088,58.4960
55252484,-219.50,-145.50,63.5358,55.2851
55256390,-319.50,-175.50,47.0265,42.5237
55260296,-124.50,-172.50,43.3230,28.6405
55264202,96.50,-141.50,64.9264,23.0974
55268108,121.50,-100.50,95.8165,31.1583
55272014,-105.50,-109.50,117.6090,48.8587
55275920,-271.50,-141.50,116.3416,60.8730
55279826,-207.50,-144.50,87.6251,59.5771
55283732,11.50,-102.50,48.3849,56.4548
55287638,34.50,-96.50,23.6260,59.4652
55291544,-183.50,-132.50,13.8364,57.5641
55295450,-341.50,-175.50,6.7944,42.3767
55299356,-234.50,-139.50,5.7105,29.8470
55303266,11.50,-143.50,16.8776,31.2953
55307172,39.50,-154.50,28.5850,27.8963
55311078,-112.50,-188.50,30.8309,8.3511
55314984,-303.50,-236.50,32.5284,-17.9926
55318890,-272.50,-243.50,29.8303,-40.5267
55322796,-41.50,-152.50,18.2456,-40.1664
55326702,81.50,-104.50,15.9931,-7.2493
55330608,-89.50,-108.50,27.4218,32.7234
55334514,-310.50,-137.50,32.1236,53.3372
55338420,-303.50,-173.50,20.1853,50.9426
55342326,-97.50,-161.50,1.0041,33.5102
55346232,55.50,-144.50,-8.7011,15.4460
55350138,-57.50,-160.50,2.0926,3.8048
55354044,-245.50,-165.50,26.5392,0.3437
55357950,-258.50,-201.50,48.6669,2.5076
55361856,-76.50,-185.50,53.9460,-0.0355
55365762,93.50,-150.50,46.3327,-4.6466
55369668,-20.50,-136.50,42.0126,-1.1432
55373574,-239.50,-165.50,41.5194,7.5756
55377480,-324.50,-149.50,33.6851,18.0971
55381386,-112.50,-164.50,19.0595,27.1853
55385292,78.50,-140.50,15.6125,25.0870
55389198,18.50,-120.50,28.3677,19.0204
55393104,-206.50,-145.50,43.0907,20.5878
55397010,-303.50,-152.50,46.4880,26.3814
55400916,-148.50,-159.50,35.0799,29.8542
55404822,44.50,-134.50,18.8303,26.6895
55408728,47.50,-104.50,16.4676,24.6132
55412634,-200.50,-165.50,28.2132,24.1322
55416540,-312.50,-197.50,32.4662,12.4295
55420446,-156.50,-156.50,27.9030,1.8976
55424352,50.50,-168.50,26.1686,2.2783
55428258,64.50,-156.50,29.8827,-2.1937
55432164,-129.50,-143.50,41.4354,-5.6682
55436070,-275.50,-159.50,54.7487,5.0841
55439976,-160.50,-161.50,58.4103,18.4035
55443882,59.50,-148.50,53.9655,21.0980
55447788,125.50,-118.50,55.8989,17.6978
55451694,-108.50,-156.50,64.2601,14.3778
55455600,-277.50,-146.50,61.6975,13.3245
55459506,-218.50,-156.50,45.2697,19.1185
55463412,20.50,-96.50,27.5508,31.2482
55467318,112.50,-48.50,25.4403,52.2690
55471224,-64.50,-52.50,40.6609,77.9996
55475130,-263.50,-111.50,53.4974,88.5457
55479036,-258.50,-117.50,44.8932,77.9962
55482942,-50.50,-117.50,15.1253,59.9480
55486848,80.50,-110.50,-7.8088,41.8547
55490754,-104.50,-108.50,-9.6804,28.3972
55494660,-297.50,-142.50,-6.8043,24.0319
55498566,-254.50,-150.50,-1.7057,23.5997
55502472,-45.50,-142.50,7.7382,21.6079
55506378,64.50,-148.50,9.1516,12.1623
55510284,-84.50,-172.50,-1.5733,-7.6000
55514190,-255.50,-148.50,-7.8108,-19.8179
55518096,-229.50,-165.50,9.2433,-10.2300
55522002,-36.50,-143.50,36.2277,5.1137
55525908,101.50,-143.50,45.8671,9.0276
55529814,13.50,-156.50,41.9099,-0.5302
55533720,-216.50,-176.50,40.1223,-14.0916
55537626,-229.50,-153.50,44.0053,-14.8072
55541532,-20.50,-121.50,56.1699,3.1987
55545438,105.50,-122.50,63.7799,21.5876
55549344,-1.50,-132.50,47.8274,21.4769
55553250,-246.50,-131.50,16.6121,13.5400
55557156,-286.50,-149.50,-4.3071,13.4641
55561062,-116.50,-145.50,-3.9459,15.6834
55564968,66.50,-144.50,2.6843,10.4784
55568874,-11.50,-172.50,-1.1853,-5.5841
55572780,-238.50,-156.50,-15.7390,-21.0500
55576686,-349.50,-175.50,-31.2890,-20.7242
55580592,-191.50,-175.50,-41.0544,-14.4960
55584498,19.50,-163.50,-42.6757,-15.5211
55588404,-13.50,-163.50,-40.5791,-21.6025
55592310,-208.50,-177.50,-38.8302,-27.2336
55596216,-304.50,-162.50,-28.4616,-24.4622
55600122,-172.50,-163.50,-9.3182,-12.5600
55604028,-5.50,-154.50,-3.3900,-5.0244
55607934,-17.50,-194.50,-23.4926,-14.8822
55611840,-225.50,-180.50,-51.9960,-34.0639
55615746,-356.50,-154.50,-65.2466,-34.4588
55619652,-235.50,-169.50,-57.7091,-15.9268
55623558,-15.50,-150.50,-41.2828,-4.4375
55627464,22.50,-114.50,-30.9119,1.2134
55631370,-172.50,-128.50,-30.7057,11.3760
55635276,-348.50,-181.50,-36.1620,12.2588
55639182,-257.50,-206.50,-39.1290,-7.3802
55643088,-38.50,-170.50,-35.3184,-29.2345
55646994,74.50,-139.50,-23.8643,-30.4386
55650900,-106.50,-114.50,-7.2270,-10.8903
55654806,-312.50,-142.50,-0.0120,12.0556
55658712,-271.50,-156.50,-7.0063,20.3500
55662618,-20.50,-129.50,-10.6518,17.0804
55666524,98.50,-117.50,0.9469,15.6082
55670430,-73.50,-132.50,13.8251,14.5469
55674336,-302.50,-155.50,9.4091,9.0383
55678242,-288.50,-177.50,-6.2637,0.2694
55682148,-73.50,-154.50,-16.4461,-7.1993
55686054,74.50,-121.50,-15.8544,-5.6982
55689960,-40.50,-124.50,-7.2061,3.3906
55693866,-272.50,-196.50,0.6489,1.2348
55697772,-337.50,-224.50,-6.6576,-22.4536
55701678,-136.50,-193.50,-28.6305,-45.7644
55705584,64.50,-171.50,-39.9041,-49.2956
55709490,-36.50,-155.50,-29.5341,-39.8390
55713396,-287.50,-148.50,-21.1606,-23.9645
55717302,-369.50,-160.50,-31.7671,-5.2703
55721208,-170.50,-172.50,-48.7734,3.3503
55725114,22.50,-145.50,-54.0827,-1.7012
55729020,-27.50,-122.50,-46.5926,-5.0488
55732926,-252.50,-189.50,-35.2506,-7.2672
55736832,-364.50,-228.50,-30.5606,-24.6334
55740738,-204.50,-203.50,-37.1634,-45.2558
55744644,-0.50,-170.50,-46.7276,-47.9194
55748550,16.50,-140.50,-43.8335,-34.8023
55752456,-200.50,-142.50,-24.1822,-15.7876
55756362,-314.50,-157.50,-3.0448,1.4670
55760268,-184.50,-169.50,6.8211,8.9609
55764174,9.50,-161.50,2.2403,2.9184
55768080,48.50,-111.50,-6.4231,-3.4152
55771986,-168.50,-155.50,-4.5348,-1.0648
55775892,-314.50,-184.50,2.3749,-3.4377
55779798,-226.50,-197.50,2.6478,-13.8545
55783704,-37.50,-197.50,-10.8934,-27.0626
55787610,38.50,-139.50,-27.7261,-34.2489
55791516,-151.50,-152.50,-27.5131,-25.8588
55795422,-319.50,-194.50,-15.4830,-16.6656
55799328,-255.50,-200.50,-8.3481,-19.1110
55803234,10.50,-100.50,-3.6570,-11.4978
55807140,86.50,-101.50,8.5524,15.6008
55811046,-127.50,-204.50,14.4208,18.2254
55814952,-324.50,-255.50,1.7926,-24.9024
55818858,-289.50,-289.50,-15.2297,-75.7202
55822764,-69.50,-215.50,-26.4500,-97.3428
55826670,61.50,-158.50,-28.2036,-79.9147
55830576,-84.50,-175.50,-18.1173,-47.6786
55834482,-284.50,-180.50,-3.8716,-26.2680
55838388,-275.50,-188.50,6.0446,-12.7749
55842294,-45.50,-162.50,11.2063,-3.5426
55846200,82.50,-149.50,13.9661,-2.4685
55850106,-47.50,-132.50,13.0245,-4.9726
55854012,-258.50,-168.50,11.0616,-2.7531
55857918,-308.50,-237.50,8.2046,-7.6878
55861824,-114.50,-224.50,-2.5682,-29.7512
55865730,48.50,-173.50,-15.9989,-47.6561
55869636,-53.50,-164.50,-23.0629,-45.5509
55873542,-239.50,-202.50,-18.6261,-35.9506
55877448,-330.50,-192.50,-7.9617,-26.7678
55881354,-132.50,-145.50,-6.3470,-8.6055
55885260,48.50,-143.50,-10.3833,10.2463
55889166,-1.50,-116.50,-9.3821,15.0281
55893072,-240.50,-174.50,-5.6600,10.3745
55896978,-312.50,-188.50,-3.0164,2.1630
55900884,-134.50,-162.50,2.7636,-0.2713
55904790,48.50,-138.50,8.7281,5.1303
55908696,16.50,-128.50,6.6276,7.8885
55912602,-204.50,-178.50,1.3905,2.8562
55916508,-304.50,-169.50,2.0615,-2.2015
55920414,-155.50,-169.50,10.2108,2.8332
55924320,38.50,-166.50,15.9693,4.8876
55928226,59.50,-110.50,15.3052,0.8636
55932132,-160.50,-144.50,15.9596,5.6837
55936038,-288.50,-173.50,19.6207,12.3877
55939944,-194.50,-158.50,21.4300,14.9737
55943850,43.50,-118.50,19.5735,20.1965
55947756,71.50,-82.50,18.9982,30.0297
55951662,-157.50,-116.50,14.6740,38.8038
55955568,-302.50,-122.50,4.9901,43.3380
55959474,-222.50,-144.50,1.9553,46.0279
55963380,-8.50,-170.50,1.9980,34.2344
55967286,71.50,-162.50,0.1490,2.9138
55971192,-89.50,-164.50,5.3016,-23.2771
55975098,-268.50,-166.50,18.7252,-24.3196
55979004,-239.50,-188.50,26.5479,-10.4019
55982910,-15.50,-180.50,20.8108,-5.5352
55986816,68.50,-166.50,9.6577,-15.1005
55990722,-112.50,-172.50,-3.3836,-26.5588
55994628,-305.50,-169.50,-16.1777,-26.2782
55998534,-306.50,-206.50,-24.2789,-17.1667
56002440,-86.50,-162.50,-30.9454,-11.4975
56006346,30.50,-143.50,-36.7445,-7.4142
56010252,-66.50,-110.50,-34.5722,1.6810
56014158,-268.50,-150.50,-19.3897,14.3961
56018064,-274.50,-183.50,-0.3782,17.9135
56021970,-84.50,-157.50,8.3209,10.7400
56025876,47.50,-165.50,1.7388,0.6128
56029782,-47.50,-148.50,-11.0993,-10.9280
56033688,-271.50,-150.50,-17.6000,-12.0347
56037594,-344.50,-180.50,-22.8520,-1.8100
56041500,-132.50,-146.50,-30.2624,7.9046
56045406,64.50,-173.50,-26.1098,7.6896
56049312,-0.50,-175.50,-9.2888,-9.8929
56053218,-224.50,-172.50,5.2698,-26.7152
56057124,-288.50,-206.50,12.7840,-27.3944
56061030,-100.50,-143.50,20.8268,-15.4019
56064936,112.50,-112.50,34.4352,8.2945
56068842,112.50,-61.50,55.7055,36.5165
56072748,-143.50,-118.50,74.6662,55.1651
56076654,-254.50,-200.50,74.5103,43.6799
56080560,-96.50,-168.50,64.7451,11.9236
56084466,106.50,-130.50,60.3817,-2.2282
56088372,48.50,-120.50,50.3318,3.7703
56092278,-207.50,-162.50,20.7778,6.6404
56096184,-352.50,-196.50,-16.4332,-2.0460
56100090,-189.50,-203.50,-33.3700,-14.5313
56103996,53.50,-156.50,-19.5590,-20.4357
56107902,77.50,-149.50,5.3187,-18.2696
56111808,-190.50,-149.50,9.5872,-13.4216
56115714,-362.50,-206.50,-15.0674,-11.5154
56119620,-272.50,-206.50,-43.8146,-16.9315
56123526,-40.50,-200.50,-57.8388,-27.3357
56127432,57.50,-111.50,-52.6447,-27.4817
56131338,-163.50,-113.50,-36.9471,-5.0481
56135244,-346.50,-160.50,-31.0938,19.2335
56139150,-252.50,-176.50,-29.8725,23.3472
56143056,-9.50,-149.50,-18.8579,15.9238
56146962,80.50,-121.50,-4.9981,10.0945
56150868,-102.50,-134.50,0.4654,7.4902
56154774,-314.50,-153.50,-3.7783,7.5855
56158680,-271.50,-168.50,-9.5593,11.7629
56162586,-35.50,-152.50,-8.9415,15.0627
56166492,67.50,-129.50,-6.5839,12.4123
56170398,-106.50,-149.50,-13.9102,3.7849
56174304,-318.50,-193.50,-27.7980,-9.4263
56178210,-321.50,-233.50,-35.6833,-25.1880
56182116,-60.50,-210.50,-30.3779,-39.0859
56186022,97.50,-173.50,-11.5317,-44.2608
56189928,-48.50,-173.50,3.8535,-41.7389
56193834,-324.50,-175.50,-5.1038,-34.0299
56197740,-380.50,-194.50,-35.6237,-20.3039
56201646,-160.50,-129.50,-63.4983,-0.0368
56205552,33.50,-142.50,-69.1416,17.6202
56209458,-36.50,-122.50,-54.0197,18.1837
56213364,-264.50,-144.50,-31.6885,12.5840
56217270,-344.50,-175.50,-17.1568,12.3794
56221176,-122.50,-145.50,-11.0023,15.1748
56225082,82.50,-101.50,-1.6488,23.6741
56228988,18.50,-106.50,8.2814,31.9721
56232894,-271.50,-176.50,2.4821,24.0072
56236800,-368.50,-193.50,-19.6595,2.3439
56240706,-159.50,-173.50,-30.7653,-9.7359
56244612,76.50,-128.50,-15.6386,-4.2823
56248518,57.50,-64.50,8.1942,15.2726
56252424,-193.50,-120.50,20.4937,37.9461
56256330,-308.50,-148.50,21.1772,44.2056
56260236,-184.50,-121.50,18.6276,41.9526
56264142,74.50,-104.50,16.8012,43.9912
56268048,63.50,-102.50,17.6814,40.2210
56271954,-223.50,-138.50,5.7756,26.6847
56275860,-377.50,-154.50,-22.9341,15.3754
56279766,-229.50,-150.50,-37.9685,15.7322
56283672,-0.50,-136.50,-30.7586,18.8784
56287578,59.50,-120.50,-20.3539,13.8205
56291484,-175.50,-129.50,-16.5311,7.0203
56295390,-354.50,-157.50,-19.5295,7.2759
56299296,-262.50,-164.50,-21.6659,11.3461
56303202,10.50,-136.50,-14.6365,12.9070
56307108,78.50,-111.50,-2.5708,11.8029
56311014,-140.50,-144.50,-0.7546,7.4223
56314920,-349.50,-174.50,-12.0167,-0.6560
56318826,-279.50,-162.50,-19.4930,-2.9038
56322732,-10.50,-153.50,-11.8505,1.8256
56326638,93.50,-132.50,2.7653,1.1677
56330544,-95.50,-143.50,7.4482,-5.3187
56334450,-283.50,-172.50,6.5132,-9.4642
56338356,-276.50,-178.50,13.0536,-8.3376
56342266,-25.50,-113.50,20.7470,2.5259
56346172,125.50,-81.50,26.3157,23.0651
56350078,-26.50,-60.50,30.9149,43.7872
56353984,-253.50,-98.50,32.8527,58.6165
56357890,-320.50,-140.50,27.1296,60.0309
56361796,-68.50,-73.50,12.8942,55.1636
56365702,102.50,-48.50,5.9356,61.0683
56369608,-15.50,-50.50,7.9702,69.3477
56373514,-262.50,-85.50,8.5746,69.7900
56377420,-333.50,-139.50,4.9401,61.2239
56381326,-90.50,-76.50,2.7314,51.9451
56385232,112.50,-24.50,11.0037,59.9652
56389138,43.50,-21.50,24.5214,78.0505
56393044,-209.50,-47.50,33.5296,88.7207
56396950,-288.50,-92.50,37.8420,88.7168
56400856,-88.50,-67.50,42.7873,81.9967
56404762,134.50,-57.50,49.9135,72.8643
56408668,75.50,-56.50,52.6878,59.5183
56412574,-186.50,-95.50,45.2929,44.7202
56416480,-308.50,-140.50,33.0873,32.2186
56420386,-152.50,-127.50,24.1910,22.1002
56424292,69.50,-109.50,16.7745,14.0355
56428198,66.50,-116.50,9.4881,2.1056
56432104,-188.50,-157.50,3.6650,-15.2039
56436010,-339.50,-153.50,-2.0945,-24.0687
56439916,-197.50,-163.50,-4.5694,-18.1427
56443822,23.50,-121.50,-6.0744,-11.3234
56447728,48.50,-85.50,-13.9969,-6.3341
56451634,-200.50,-123.50,-27.1868,-0.4245
56455540,-370.50,-160.50,-39.1447,-0.7934
56459446,-262.50,-175.50,-42.0934,-8.4461
56463352,-24.50,-147.50,-39.6473,-19.3030
56467258,80.50,-132.50,-34.1056,-29.4642
56471164,-146.50,-134.50,-23.4305,-33.3360
56475070,-325.50,-174.50,-14.4458,-29.5626
56478976,-259.50,-190.50,-7.0889,-26.9989
56482882,-10.50,-159.50,-2.0227,-30.5397
56486788,101.50,-140.50,0.0058,-35.9996
56490694,-118.50,-116.50,-2.3952,-34.5626
56494600,-322.50,-145.50,-10.9129,-20.4332
56498506,-282.50,-178.50,-13.2851,-8.2542
56502412,-15.50,-140.50,-3.8129,-8.7953
56506318,112.50,-142.50,8.9917,-16.9364
56510224,-54.50,-138.50,14.2915,-28.3537
56514130,-290.50,-186.50,11.0004,-36.7515
56518036,-298.50,-200.50,6.3851,-40.8823
56521942,-77.50,-156.50,0.4599,-38.9026
56525848,93.50,-128.50,-6.4782,-30.0697
56529754,-22.50,-113.50,-6.7587,-20.7547
56533660,-292.50,-145.50,-3.8531,-12.3606
56537566,-310.50,-175.50,-3.9279,-7.8997
56541472,-92.50,-144.50,-1.3971,-8.0292
56545378,75.50,-136.50,-0.9337,-11.0473
56549284,-40.50,-145.50,-12.2841,-21.4533
56553190,-288.50,-186.50,-28.3154,-36.2630
56557096,-356.50,-207.50,-35.3656,-46.3163
56561002,-152.50,-174.50,-32.0931,-45.7458
56564908,70.50,-143.50,-24.5077,-37.1848
56568814,16.50,-158.50,-15.2987,-34.3196
56572720,-238.50,-218.50,-8.3563,-47.0774
56576626,-321.50,-207.50,-2.4628,-61.3667
56580532,-125.50,-164.50,10.2372,-53.3508
56584438,47.50,-146.50,16.8978,-32.2583
56588344,-8.50,-141.50,-2.7381,-23.5958
56592250,-271.50,-175.50,-37.1741,-28.1348
56596156,-383.50,-191.50,-58.2316,-32.6290
56600062,-220.50,-184.50,-54.2566,-31.3140
56603968,14.50,-145.50,-39.6687,-27.6977
56607874,48.50,-150.50,-27.6579,-27.6757
56611780,-191.50,-175.50,-17.6367,-33.1064
56615686,-370.50,-238.50,-14.7726,-43.7912
56619592,-273.50,-265.50,-24.2395,-64.0306
56623498,-13.50,-180.50,-37.5697,-79.7997
56627404,64.50,-148.50,-37.3980,-69.6823
56631310,-168.50,-126.50,-24.8337,-40.1192
56635216,-348.50,-174.50,-15.8118,-11.1493
56639122,-268.50,-185.50,-12.2755,-0.0855
56643028,-15.50,-133.50,-11.4634,-2.3905
56646934,70.50,-129.50,-11.9878,-5.0233
56650840,-136.50,-150.50,-13.4907,-10.6420
56654746,-341.50,-180.50,-15.7642,-16.7143
56658652,-301.50,-210.50,-16.4383,-20.7795
56662558,-47.50,-191.50,-16.8736,-29.8220
56666464,62.50,-189.50,-18.2419,-45.6734
56670370,-112.50,-188.50,-21.3903,-60.5481
56674276,-338.50,-220.50,-24.4288,-64.1442
56678182,-325.50,-220.50,-23.8537,-56.7389
56682088,-78.50,-188.50,-20.7784,-45.6285
56685994,85.50,-150.50,-14.7833,-35.6669
56689900,-47.50,-136.50,-4.8801,-25.6015
56693806,-280.50,-146.50,6.2490,-9.9693
56697712,-316.50,-159.50,13.2378,8.7180
56701618,-79.50,-128.50,13.9452,22.3703
56705524,99.50,-95.50,13.8586,29.1793
56709430,-9.50,-96.50,15.2063,31.1603
56713336,-251.50,-156.50,17.1812,25.9485
56717242,-324.50,-193.50,18.6216,10.9483
56721148,-99.50,-175.50,18.8094,-5.7890
56725054,112.50,-145.50,23.0126,-15.1981
56728960,21.50,-142.50,27.7481,-18.5776
56732866,-241.50,-146.50,23.2122,-14.9214
56736772,-328.50,-181.50,14.7464,-4.6275
56740678,-124.50,-175.50,14.9139,0.5802
56744584,112.50,-129.50,25.6395,-0.9663
56748490,85.50,-110.50,40.1787,0.8472
56752396,-192.50,-140.50,46.6723,6.4235
56756302,-323.50,-172.50,38.9048,9.4267
56760208,-154.50,-154.50,28.9332,10.4095
56764114,87.50,-113.50,27.1365,14.0260
56768020,80.50,-105.50,28.7303,17.8108
56771926,-152.50,-128.50,29.3850,17.6483
56775832,-320.50,-162.50,29.5874,15.7747
56779738,-196.50,-207.50,26.8661,6.5432
56783644,35.50,-127.50,18.1755,-6.7378
56787550,61.50,-97.50,4.7926,-3.4325
56791456,-176.50,-148.50,-9.1618,6.5443
56795362,-360.50,-175.50,-19.0203,4.2471
56799268,-268.50,-175.50,-23.1079,-0.4962
56803174,-12.50,-146.50,-24.3079,-1.0085
56807080,73.50,-124.50,-22.1972,-2.3146
56810986,-134.50,-127.50,-16.2956,-2.7795
56814892,-348.50,-143.50,-12.4416,4.7662
56818798,-296.50,-168.50,-14.5384,15.4219
56822704,-21.50,-134.50,-16.8689,17.8886
56826610,112.50,-112.50,-8.1994,13.8136
56830516,-34.50,-141.50,14.4253,6.0592
56834422,-244.50,-126.50,43.4401,4.0255
56838328,-250.50,-133.50,61.3942,19.4964
56842234,9.50,-105.50,59.9382,38.6779
56846140,146.50,-101.50,52.9929,42.4011
56850046,-28.50,-113.50,45.0407,30.5365
56853952,-303.50,-146.50,27.6310,16.9370
56857858,-381.50,-172.50,-4.9090,9.5465
56861764,-116.50,-150.50,-39.9166,5.0071
56865670,80.50,-97.50,-48.7384,5.7090
56869576,-15.50,-79.50,-29.8000,17.1161
56873482,-285.50,-143.50,-8.7275,27.7091
56877388,-373.50,-188.50,-7.6991,19.8263
56881294,-146.50,-178.50,-23.4137,-1.1286
56885200,48.50,-143.50,-36.0890,-17.5933
56889106,-44.50,-128.50,-42.5808,-21.8481
56893012,-271.50,-133.50,-42.7848,-12.8566
56896918,-339.50,-166.50,-28.4346,2.4934
56900824,-112.50,-142.50,-2.0907,13.1170
56904730,100.50,-101.50,21.4781,18.9626
56908636,63.50,-81.50,31.5159,24.6009
56912542,-212.50,-108.50,29.3971,30.0446
56916448,-330.50,-134.50,21.4277,34.0293
56920354,-164.50,-143.50,15.3313,33.5625
56924260,55.50,-111.50,9.8353,26.7279
56928166,63.50,-94.50,3.4797,18.9559
56932072,-173.50,-127.50,4.9252,14.0290
56935978,-319.50,-162.50,14.3765,9.6284
56939884,-190.50,-146.50,22.1405,8.3370
56943790,65.50,-109.50,23.2207,13.1104
56947696,112.50,-73.50,24.8680,21.3555
56951602,-136.50,-88.50,28.8982,30.7856
56955508,-319.50,-111.50,27.5636,40.0100
56959414,-207.50,-128.50,24.3425,45.0795
56963320,38.50,-101.50,23.1230,41.8241
56967226,106.50,-78.50,20.4561,33.9686
56971132,-114.50,-91.50,16.1009,28.5965
56975038,-303.50,-122.50,14.5954,27.9965
56978944,-239.50,-143.50,18.5336,28.2798
56982850,11.50,-120.50,20.8795,23.9417
56986756,115.50,-98.50,18.3952,16.0511
56990662,-62.50,-80.50,17.6460,13.6854
56994568,-296.50,-121.50,20.0912,20.7439
56998474,-280.50,-154.50,18.1498,24.2894
57002380,-32.50,-110.50,9.2194,20.5780
57006286,87.50,-77.50,-1.7507,20.9704
57010192,-78.50,-89.50,-12.6687,23.6025
57014098,-304.50,-118.50,-18.2712,22.8064
57018004,-288.50,-145.50,-11.0797,20.7905
57021910,-25.50,-90.50,7.3305,23.6740
57025816,119.50,-66.50,23.3051,33.4140
57029722,-14.50,-81.50,24.1652,36.9954
57033628,-262.50,-116.50,16.6593,29.1994
57037534,-318.50,-130.50,9.9542,22.3633
57041440,-80.50,-92.50,5.2588,26.0079
57045346,112.50,-84.50,6.0024,32.3781
57049252,9.50,-90.50,8.7469,26.9991
57053158,-253.50,-133.50,6.7165,12.5660
57057064,-312.50,-158.50,4.5035,0.3934
57060970,-107.50,-152.50,8.3811,-6.3801
57064876,76.50,-121.50,8.6843,-11.1254
57068782,22.50,-97.50,-0.9930,-12.7187
57072688,-264.50,-135.50,-14.3480,-9.7649
57076594,-374.50,-144.50,-28.7415,-4.9296
57080500,-216.50,-136.50,-42.1615,1.8633
57084406,43.50,-111.50,-48.7025,5.3763
57088312,45.50,-111.50,-39.3978,-0.2757
57092218,-198.50,-138.50,-18.9526,-10.5867
57096124,-360.50,-176.50,-6.7199,-18.8225
57100030,-207.50,-149.50,-8.7180,-20.0079
57103936,31.50,-105.50,-15.6520,-11.2237
57107842,50.50,-80.50,-20.7138,1.7907
57111748,-200.50,-142.50,-24.6310,4.5015
57115654,-381.50,-176.50,-30.6646,-8.5880
57119560,-240.50,-180.50,-33.2170,-23.7451
57123466,16.50,-160.50,-26.1667,-33.3642
57127372,63.50,-141.50,-18.4063,-41.2794
57131278,-152.50,-150.50,-16.7021,-44.6403
57135184,-365.50,-184.50,-18.8787,-41.0517
57139090,-293.50,-212.50,-25.4048,-39.8460
57142996,-22.50,-177.50,-32.0585,-46.7781
57146902,77.50,-132.50,-30.1640,-50.1554
57150808,-130.50,-140.50,-23.7789,-42.3658
57154714,-352.50,-175.50,-21.8643,-31.7710
57158620,-335.50,-232.50,-27.8599,-33.5603
57162526,-65.50,-205.50,-38.3496,-51.6428
57166432,64.50,-157.50,-41.8743,-65.8983
57170338,-143.50,-148.50,-43.5045,-61.3102
57174244,-361.50,-162.50,-50.7179,-43.4873
57178150,-356.50,-207.50,-52.5782,-28.6530
57182056,-90.50,-170.50,-45.8311,-26.8921
57185962,64.50,-114.50,-36.2979,-25.3011
57189868,-76.50,-117.50,-29.8324,-16.0224
57193774,-307.50,-148.50,-24.4859,-8.0875
57197680,-356.50,-159.50,-18.5749,-2.5430
57201586,-105.50,-122.50,-16.4293,6.7837
57205492,75.50,-111.50,-14.7072,14.2207
57209398,-24.50,-120.50,-11.5198,8.1165
57213304,-274.50,-156.50,-6.7136,-6.1759
57217210,-348.50,-165.50,-1.5992,-12.8634
57221116,-128.50,-176.50,0.2560,-12.3441
57225022,71.50,-120.50,-0.7694,-13.0756
57228928,23.50,-82.50,-0.2953,-6.6593
57232834,-256.50,-111.50,2.8269,9.6916
57236740,-341.50,-178.50,4.4232,16.0146
57240646,-152.50,-162.50,7.0144,5.2105
57244552,53.50,-126.50,6.6829,-5.9139
57248458,23.50,-110.50,-1.6108,-9.1691
57252364,-223.50,-108.50,-7.4715,-4.4029
57256270,-350.50,-166.50,-4.4157,4.3135
57260176,-181.50,-176.50,3.8189,2.9981
57264082,64.50,-148.50,11.8116,-8.8522
57267988,80.50,-100.50,18.1302,-15.6328
57271894,-175.50,-139.50,21.9372,-12.8640
57275800,-361.50,-149.50,16.9527,-7.1654
57279706,-246.50,-149.50,2.2741,2.2266
57283612,16.50,-127.50,-11.4254,10.0277
57287518,69.50,-97.50,-13.6773,9.2694
57291424,-185.50,-120.50,-11.5750,4.7889
57295330,-365.50,-167.50,-14.6508,-1.0506
57299236,-267.50,-175.50,-15.6037,-7.2932
57303142,-10.50,-148.50,-12.4249,-11.0812
57307048,77.50,-136.50,-9.5326,-15.9268
57310954,-127.50,-143.50,-5.8640,-23.8030
57314860,-325.50,-165.50,0.9568,-26.0673
57318766,-273.50,-172.50,9.7157,-18.4582
57322672,-26.50,-155.50,12.1058,-10.4171
57326578,100.50,-128.50,8.6882,-10.5960
57330484,-92.50,-152.50,6.4853,-18.7665
57334390,-319.50,-168.50,5.3934,-26.7347
57338296,-300.50,-184.50,5.8507,-25.3106
57342202,-8.50,-128.50,13.8780,-13.2532
57346108,109.50,-116.50,26.3419,0.7606
57350014,-69.50,-144.50,23.7887,-0.2041
57353920,-304.50,-173.50,8.3793,-15.0494
57357826,-335.50,-207.50,-1.5689,-27.5554
57361732,-118.50,-174.50,-10.1638,-32.3644
57365638,67.50,-143.50,-20.9816,-30.5570
57369544,-55.50,-136.50,-25.6961,-26.4859
57373450,-300.50,-168.50,-22.9441,-23.2828
57377356,-346.50,-216.50,-15.3619,-24.9642
57381266,-109.50,-195.50,-4.5720,-32.9699
57385172,82.50,-132.50,4.5009,-34.3270
57389078,-4.50,-107.50,6.1112,-20.6174
57392984,-282.50,-146.50,-0.2085,-4.1497
57396890,-358.50,-174.50,-8.0735,2.4098
57400796,-149.50,-150.50,-8.0106,4.0420
57404702,71.50,-132.50,-1.4479,4.8567
57408608,37.50,-124.50,5.2859,-0.4941
57412514,-240.50,-168.50,8.7371,-11.3925
57416420,-362.50,-185.50,5.1552,-19.6220
57420326,-176.50,-191.50,1.7125,-21.0099
57424232,62.50,-176.50,4.5061,-24.8120
57428138,29.50,-147.50,4.3658,-33.5962
57432044,-233.50,-168.50,-5.9120,-36.6473
57435950,-399.50,-198.50,-20.8326,-32.6417
57439856,-248.50,-188.50,-30.9073,-26.0235
57443762,16.50,-164.50,-30.6425,-20.7889
57447668,48.50,-136.50,-22.3695,-19.9689
57451574,-184.50,-145.50,-13.2126,-18.6101
57455480,-344.50,-141.50,-3.3037,-7.2294
57459386,-240.50,-176.50,8.0154,8.2536
57463292,21.50,-138.50,13.9023,11.9147
57467198,90.50,-130.50,14.6632,5.0872
57471104,-117.50,-133.50,17.2069,-2.4718
57475010,-305.50,-180.50,25.8146,-6.8757
57478916,-252.50,-193.50,34.7861,-10.5129
57482822,35.50,-131.50,38.2591,-8.5855
57486728,135.50,-105.50,43.1390,3.8094
57490634,-70.50,-112.50,46.7879,14.9645
57494540,-301.50,-130.50,42.8376,21.0406
57498446,-274.50,-157.50,35.5312,25.6817
57502352,-20.50,-109.50,28.0671,29.3171
57506258,117.50,-100.50,23.1586,31.8831
57510164,-37.50,-111.50,24.0414,27.2810
57514070,-271.50,-148.50,31.1938,17.3932
57517976,-271.50,-159.50,40.5356,12.0171
57521882,-28.50,-149.50,45.6612,11.2657
57525788,130.50,-115.50,44.1035,9.5427
57529694,14.50,-106.50,41.6378,8.4928
57533600,-242.50,-131.50,44.3494,12.2828
57537506,-306.50,-143.50,44.2315,19.9252
57541412,-82.50,-143.50,34.1114,25.0140
57545318,95.50,-124.50,20.0180,19.7642
57549224,6.50,-114.50,9.5218,8.7401
57553130,-248.50,-142.50,7.5833,2.7797
57557036,-305.50,-143.50,15.0020,6.7853
57560942,-82.50,-155.50,29.3800,14.5214
57564848,112.50,-111.50,40.2014,15.9571
57568754,49.50,-111.50,37.7503,13.0649
57572660,-240.50,-146.50,24.4337,7.7270
57576566,-356.50,-166.50,6.0219,1.6344
57580472,-168.50,-158.50,-7.0765,0.6262
57584378,55.50,-128.50,-11.2493,2.6966
57588284,50.50,-109.50,-10.3833,4.1864
57592190,-202.50,-114.50,-4.4327,8.3781
57596096,-321.50,-127.50,5.9318,19.3083
57600002,-146.50,-110.50,22.0842,34.8650
57603908,144.50,-41.50,46.3735,54.5639
57607814,154.50,-94.50,72.2243,64.6728
57611720,-207.50,-189.50,66.2771,35.7240
57615626,-393.50,-230.50,15.1319,-20.6573
57619532,-300.50,-260.50,-39.7735,-65.8237
57623438,-47.50,-217.50,-72.0703,-87.8744
57627344,-13.50,-207.50,-88.2923,-92.3797
57631250,-254.50,-216.50,-98.4035,-88.8597
57635156,-456.50,-285.50,-105.9141,-89.2559
57639062,-368.50,-304.50,-108.3316,-101.9079
57642968,-122.50,-269.50,-110.4164,-117.7771
57646874,-45.50,-239.50,-118.3482,-122.7466
57650780,-226.50,-266.50,-123.5646,-120.5195
57654686,-416.50,-321.50,-111.0692,-123.4209
57658592,-355.50,-297.50,-84.7215,-126.9627
57662498,-82.50,-257.50,-61.4944,-117.2679
57666404,58.50,-193.50,-45.2510,-95.2561
57670310,-95.50,-157.50,-28.6908,-63.3512
57674216,-300.50,-191.50,-5.7194,-28.3689
57678122,-294.50,-209.50,18.1663,-7.6422
57682028,-46.50,-193.50,29.0008,-5.7544
57685934,100.50,-176.50,25.8941,-15.4321
57689840,-52.50,-164.50,17.4614,-25.2769
57693746,-319.50,-185.50,7.6062,-23.4335
57697652,-338.50,-239.50,-0.7359,-18.2877
57701558,-124.50,-210.50,-7.4036,-22.7869
57705464,55.50,-168.50,-16.4365,-27.4163
57709370,-43.50,-144.50,-22.4200,-21.4717
57713276,-280.50,-169.50,-15.8103,-7.7167
57717182,-337.50,-177.50,-0.2115,7.6957
57721088,-111.50,-160.50,13.8255,20.8085
57724994,98.50,-140.50,22.2063,25.5302
57728900,28.50,-127.50,26.7535,20.8421
57732806,-225.50,-165.50,30.5765,14.4559
57736712,-329.50,-202.50,33.4280,8.4627
57740618,-120.50,-172.50,35.5459,5.8282
57744524,78.50,-172.50,35.1098,5.0794
57748430,46.50,-172.50,28.0981,-5.3910
57752336,-206.50,-144.50,21.9787,-12.0742
57756242,-346.50,-169.50,20.4464,3.2135
57760148,-192.50,-152.50,16.5191,25.5660
57764054,80.50,-111.50,14.3207,40.5762
57767960,92.50,-106.50,23.6622,46.4572
57771866,-177.50,-143.50,33.7865,40.8032
57775772,-380.50,-166.50,24.5327,30.2466
57779678,-229.50,-162.50,3.3482,26.1063
57783584,16.50,-155.50,-8.6055,24.3321
57787490,63.50,-129.50,-9.8724,17.6037
57791396,-180.50,-137.50,-9.0600,13.7452
57795302,-367.50,-175.50,-9.8991,16.0188
57799208,-297.50,-212.50,-14.9991,12.0839
57803114,-29.50,-172.50,-24.9863,-0.3577
57807020,48.50,-166.50,-31.6829,-10.7183
57810926,-169.50,-196.50,-32.7529,-20.6044
57814832,-388.50,-212.50,-34.0652,-29.5972
57818738,-344.50,-239.50,-38.6265,-32.2715
57822644,-62.50,-191.50,-43.0151,-30.7529
57826550,38.50,-176.50,-42.0517,-26.4997
57830456,-169.50,-165.50,-44.5478,-21.2800
57834362,-403.50,-173.50,-54.5146,-10.7036
57838268,-383.50,-186.50,-61.9118,5.3946
57842174,-108.50,-156.50,-60.7118,17.4446
57846080,43.50,-116.50,-51.1971,25.0116
57849986,-95.50,-112.50,-37.8258,32.4696
57853892,-335.50,-137.50,-23.4038,39.6722
57857798,-354.50,-161.50,-11.8786,43.7105
57861704,-109.50,-136.50,-7.7279,44.0901
57865610,80.50,-122.50,-5.8844,41.4829
57869516,-32.50,-104.50,0.3650,37.8008
57873422,-262.50,-139.50,13.7416,37.4850
57877328,-296.50,-132.50,34.4176,43.0932
57881234,-64.50,-109.50,54.9527,55.6868
57885140,93.50,-126.50,59.2252,60.4981
57889046,-0.50,-132.50,41.8370,43.6420
57892952,-259.50,-192.50,21.9697,15.7909
57896858,-335.50,-201.50,16.3839,-6.7465
57900764,-124.50,-176.50,23.1591,-11.8344
57904670,83.50,-130.50,30.1585,-0.2832
57908576,94.50,-104.50,38.9779,17.5605
57912482,-222.50,-159.50,50.2374,28.2054
57916388,-360.50,-162.50,42.3702,26.6982
57920294,-159.50,-125.50,25.0035,30.4993
57924200,87.50,-94.50,23.7189,45.4849
57928106,112.50,-76.50,38.1159,57.8981
57932012,-152.50,-107.50,56.4979,61.7486
57935918,-325.50,-134.50,62.0755,59.3503
57939824,-196.50,-123.50,50.8312,56.4752
57943730,75.50,-85.50,37.8380,57.7662
57947636,116.50,-63.50,37.2264,62.5821
57951542,-138.50,-79.50,43.0117,68.3103
57955448,-303.50,-82.50,46.1845,76.7995
57959354,-176.50,-100.50,54.0148,85.8207
57963260,87.50,-63.50,66.3508,87.2350
57967166,128.50,-31.50,69.2032,86.3882
57971072,-111.50,-79.50,55.6605,84.7774
57974978,-293.50,-83.50,41.2515,79.2904
57978884,-218.50,-109.50,42.4510,75.7932
57982790,34.50,-77.50,48.4708,71.8701
57986696,129.50,-62.50,46.0675,65.9203
57990602,-74.50,-82.50,37.8282,59.6117
57994508,-282.50,-111.50,33.7209,53.4502
57998414,-271.50,-139.50,34.8108,47.1096
58002320,-18.50,-120.50,29.6738,37.1722
58006226,109.50,-99.50,18.7936,26.4363
58010132,-56.50,-104.50,10.7337,20.1886
58014038,-298.50,-124.50,8.4836,20.7921
58017944,-272.50,-142.50,14.9079,25.4529
58021850,-52.50,-110.50,23.4735,29.3375
58025756,101.50,-79.50,19.8158,33.0416
58029662,-40.50,-90.50,6.4098,35.1380
58033568,-319.50,-107.50,-8.0407,35.1227
58037474,-335.50,-150.50,-18.1367,32.9765
58041380,-106.50,-145.50,-17.6314,22.7579
58045286,64.50,-120.50,-16.0214,7.8606
58049192,-47.50,-111.50,-24.2650,-0.8697
58053098,-317.50,-145.50,-37.0641,-2.0199
58057004,-367.50,-177.50,-42.6089,-3.3595
58060910,-154.50,-166.50,-36.1496,-8.6982
58064816,65.50,-143.50,-26.2139,-15.1772
58068722,25.50,-112.50,-15.8109,-16.6510
58072628,-242.50,-117.50,-3.7298,-6.1481
58076534,-370.50,-147.50,-0.5294,9.6950
58080440,-204.50,-172.50,-12.2427,12.2617
58084346,45.50,-160.50,-26.7211,-4.5151
58088252,37.50,-136.50,-27.3275,-23.8684
58092158,-234.50,-158.50,-18.5324,-30.4510
58096064,-388.50,-173.50,-17.5996,-26.3865
58099970,-245.50,-191.50,-26.9094,-21.8795
58103876,13.50,-153.50,-36.5613,-22.8513
58107782,40.50,-128.50,-36.7402,-22.9910
58111688,-216.50,-152.50,-30.7968,-20.0753
58115594,-380.50,-189.50,-27.4910,-21.0367
58119500,-260.50,-187.50,-25.3965,-24.9433
58123406,16.50,-157.50,-21.0187,-25.6491
58127312,81.50,-131.50,-11.7444,-22.4665
58131218,-142.50,-138.50,-0.1170,-17.6128
58135124,-341.50,-186.50,7.7562,-15.8309
58139030,-242.50,-207.50,13.1858,-22.7169
58142936,21.50,-156.50,18.7858,-29.5283
58146842,91.50,-111.50,19.2334,-22.0564
58150748,-94.50,-111.50,14.7322,-4.5223
58154654,-298.50,-116.50,18.1992,13.7782
58158560,-268.50,-140.50,27.2746,28.3653
58162466,30.50,-89.50,34.1588,37.6310
58166372,197.50,-44.50,52.0793,49.1975
58170278,24.50,-32.50,80.7471,65.2194
58174184,-266.50,-106.50,91.8794,71.3634
58178090,-306.50,-183.50,67.5698,49.5943
58181996,-54.50,-145.50,26.7173,12.8540
58185902,121.50,-95.50,3.1667,-3.7386
58189808,-45.50,-111.50,-0.0944,-0.0598
58193714,-285.50,-118.50,1.1621,6.0596
58197620,-302.50,-110.50,7.2588,19.5049
58201526,-69.50,-92.50,16.7412,40.6459
58205432,116.50,-63.50,19.8693,53.5935
58209338,18.50,-68.50,18.8395,51.6643
58213244,-246.50,-93.50,20.5231,43.0499
58217150,-303.50,-137.50,25.0259,35.0538
58221056,-85.50,-104.50,30.2704,30.6940
58224962,123.50,-64.50,32.4137,34.4659
58228868,63.50,-46.50,32.1492,43.0232
58232774,-202.50,-92.50,34.2864,46.1900
58236680,-335.50,-116.50,32.1149,41.6181
58240586,-150.50,-109.50,19.1869,36.8628
58244492,48.50,-69.50,-1.0640,36.1506
58248398,79.50,-46.50,-12.1402,38.5695
58252304,-175.50,-80.50,1.9873,40.9046
58256210,-288.50,-134.50,28.0226,35.8232
58260116,-134.50,-121.50,47.0062,25.4620
58264022,111.50,-89.50,52.4789,19.8619
58267928,112.50,-47.50,47.3186,22.4741
58271834,-156.50,-100.50,36.4365,25.6482
58275740,-322.50,-156.50,23.2722,16.2343
58279646,-210.50,-147.50,12.9587,0.4971
58283552,57.50,-109.50,6.3352,-5.2031
58287458,122.50,-59.50,8.0967,1.4428
58291364,-111.50,-100.50,17.5768,10.4266
58295270,-318.50,-140.50,22.4744,9.8990
58299176,-245.50,-138.50,16.0014,5.1642
58303082,7.50,-121.50,1.2654,2.7928
58306988,107.50,-100.50,-9.6965,-3.4057
58310894,-120.50,-115.50,-12.4029,-12.6852
58314800,-364.50,-154.50,-19.2385,-18.3969
58318706,-297.50,-111.50,-30.6478,-10.3596
58322612,38.50,-37.50,-22.7602,20.6382
58326518,125.50,-100.50,4.5030,42.8714
58330424,-168.50,-207.50,0.2399,7.6939
58334330,-409.50,-206.50,-49.1490,-56.8399
58338236,-372.50,-216.50,-88.9154,-86.5025
58342142,-159.50,-257.50,-101.2915,-93.1459
58346048,16.50,-280.50,-107.6142,-121.3731
58349954,-162.50,-271.50,-110.6751,-159.7296
58353860,-412.50,-292.50,-111.6288,-173.2757
58357766,-447.50,-336.50,-114.1295,-168.4926
58361672,-200.50,-304.50,-118.6469,-167.6163
58365578,-18.50,-271.50,-122.4165,-167.7854
58369484,-120.50,-244.50,-119.0324,-158.7696
58373390,-362.50,-260.50,-104.2949,-139.1802
58377296,-399.50,-256.50,-81.1685,-115.0478
58381202,-161.50,-208.50,-58.7044,-89.7586
58385108,58.50,-178.50,-42.3594,-66.8396
58389014,-8.50,-153.50,-29.3656,-50.8267
58392920,-283.50,-164.50,-18.5018,-36.0322
58396826,-351.50,-192.50,-10.0187,-22.0360
58400732,-165.50,-190.50,-3.1728,-18.1327
58404638,54.50,-155.50,-4.8076,-23.1462
58408544,16.50,-148.50,-12.1384,-27.4910
58412450,-237.50,-192.50,-12.5618,-31.0816
58416356,-374.50,-209.50,-7.5815,-36.1171
58420267,-172.50,-177.50,-1.3398,-33.8598
58424173,73.50,-138.50,8.0758,-21.2282
58428079,59.50,-121.50,14.6386,-7.8663
58431985,-180.50,-136.50,16.4982,1.2897
58435891,-326.50,-160.50,22.4702,8.2730
58439797,-191.50,-175.50,30.9532,9.7061
58443703,62.50,-156.50,32.3994,0.7630
58447609,83.50,-113.50,26.3424,-7.5721
58451515,-165.50,-128.50,17.1932,-2.5911
58455421,-328.50,-176.50,13.0876,5.1326
58459327,-225.50,-191.50,18.6201,1.1113
58463233,47.50,-142.50,25.5281,-6.9972
58467139,67.50,-101.50,21.6483,-3.4942
58471045,-149.50,-136.50,4.3155,6.2130
58474951,-332.50,-178.50,-6.0923,6.0609
58478857,-276.50,-183.50,-0.8082,-1.6922
58482763,-11.50,-150.50,2.9116,-6.0498
58486669,90.50,-109.50,0.9833,-2.9788
58490575,-86.50,-104.50,2.4034,7.6329
58494481,-280.50,-118.50,15.8453,23.9645
58498387,-218.50,-132.50,42.2925,39.6634
58502293,16.50,-121.50,63.9305,44.6247
58506199,127.50,-86.50,62.0891,39.0555
58510105,-15.50,-87.50,48.1685,34.5027
58514011,-232.50,-100.50,48.7578,38.5110
58517917,-250.50,-111.50,61.4304,49.6636
58521823,-30.50,-96.50,62.0270,58.6210
58525729,143.50,-91.50,49.5596,55.0851
58529635,39.50,-85.50,45.9844,42.0519
58533541,-223.50,-114.50,55.4850,33.2478
58537447,-293.50,-142.50,57.2054,31.0713
58541353,-88.50,-175.50,40.2638,20.9945
58545259,83.50,-120.50,14.6656,2.2225
58549165,-22.50,-97.50,-7.8854,-3.3205
58553071,-268.50,-154.50,-19.5055,2.2438
58556977,-363.50,-201.50,-21.7347,-4.1043
58560883,-149.50,-175.50,-22.7607,-17.9989
58564789,47.50,-124.50,-25.4826,-19.5456
58568695,71.50,-73.50,-17.2217,-2.6312
58572601,-192.50,-107.50,10.8885,21.1774
58576507,-370.50,-222.50,24.3202,20.2347
58580413,-219.50,-242.50,-1.4372,-18.4633
58584319,-20.50,-213.50,-43.1401,-62.1111
58588225,-22.50,-149.50,-73.4002,-76.3308
58592131,-305.50,-202.50,-87.0917,-66.1515
58596037,-432.50,-218.50,-93.0393,-56.3443
58599943,-268.50,-214.50,-88.0933,-49.2580
58603849,-1.50,-180.50,-70.4337,-41.3817
58607755,48.50,-140.50,-46.8805,-35.4345
58611661,-201.50,-157.50,-26.8619,-29.2775
58615567,-367.50,-189.50,-18.7988,-23.2998
58619473,-268.50,-207.50,-19.3329,-20.2474
58623379,-29.50,-179.50,-26.8163,-22.3765
58627285,49.50,-165.50,-35.0516,-29.8234
58631191,-188.50,-141.50,-37.0387,-33.4764
58635097,-399.50,-154.50,-40.8337,-20.2879
58639003,-328.50,-180.50,-48.9852,0.1958
58642909,-57.50,-157.50,-53.3262,8.2146
58646815,44.50,-124.50,-49.0182,4.8458
58650721,-154.50,-127.50,-41.6375,0.7655
58654627,-390.50,-164.50,-40.2755,-0.3959
58658533,-336.50,-180.50,-42.5810,0.5084
58662439,-81.50,-172.50,-40.9526,0.0539
58666345,58.50,-175.50,-35.1831,-10.7206
58670251,-138.50,-196.50,-33.4505,-34.7498
58674157,-428.50,-222.50,-49.1116,-57.2445
58678063,-458.50,-253.50,-83.1361,-66.1629
58681969,-200.50,-228.50,-114.1332,-65.7158
58685875,-20.50,-160.50,-121.5047,-56.2291
58689781,-185.50,-190.50,-114.8482,-44.1455
58693687,-512.50,-322.50,-126.2082,-61.6130
58697593,-576.50,-369.50,-164.2053,-114.6499
58701499,-349.50,-367.50,-202.1085,-163.4882
58705405,-194.50,-360.50,-225.7673,-190.0719
58709311,-335.50,-410.50,-248.4058,-214.5493
58713217,-638.50,-493.50,-277.7419,-252.4466
58717123,-753.50,-562.50,-310.7449,-297.0302
58721029,-527.50,-532.50,-336.4548,-327.6084
58724935,-356.50,-517.50,-350.5262,-335.9158
58728841,-454.50,-512.50,-367.7284,-336.8676
58732747,-717.50,-584.50,-387.0230,-344.7358
58736653,-829.50,-601.50,-393.4184,-355.9507
58740559,-642.50,-602.50,-388.7441,-358.5133
58744465,-444.50,-586.50,-388.1988,-357.8361
58748371,-463.50,-580.50,-395.8827,-364.1184
58752277,-700.50,-616.50,-394.3422,-371.8709
58756183,-825.50,-655.50,-374.9831,-374.6262
58760089,-693.50,-655.50,-355.2858,-372.4911
58763995,-417.50,-612.50,-346.2834,-367.1442
58767901,-361.50,-585.50,-329.5069,-358.4120
58771807,-601.50,-591.50,-297.4497,-344.6779
58775713,-724.50,-596.50,-261.7653,-322.1114
58779619,-559.50,-572.50,-221.3408,-290.2231
58783525,-302.50,-520.50,-182.9337,-257.1893
58787431,-234.50,-470.50,-158.8612,-228.9807
58791337,-399.50,-442.50,-134.6273,-198.9673
58795243,-540.50,-433.50,-90.6842,-158.2978
58799149,-432.50,-413.50,-37.8698,-112.0976
58803055,-144.50,-335.50,2.4434,-69.2080
58806961,-5.50,-258.50,34.9873,-26.7826
58810867,-178.50,-256.50,72.3127,13.9254
58814773,-372.50,-249.50,109.2225,48.0797
58818679,-318.50,-239.50,135.0324,79.6613
58822585,-52.50,-186.50,146.6822,108.3995
58826491,127.50,-156.50,159.5154,127.8608
58830397,-50.50,-107.50,183.6603,144.0048
58834303,-281.50,-106.50,203.1911,172.3615
58838209,-260.50,-114.50,210.8676,206.6786
58842115,28.50,-62.50,219.5804,231.8231
58846021,181.50,-27.50,234.7493,247.2095
58849927,48.50,-31.50,247.2309,252.4774
58853833,-207.50,-52.50,252.2665,251.4059
58857739,-229.50,-66.50,251.8073,252.9767
58861645,25.50,-49.50,251.5547,256.2111
58865551,183.50,7.50,251.2417,259.1913
58869457,92.50,16.50,246.8449,265.2372
58873363,-138.50,7.50,250.0622,274.5852
58877269,-186.50,-30.50,265.8242,282.5096
58881175,21.50,-31.50,278.8479,279.5699
58885081,209.50,-12.50,275.7919,263.6816
58888987,143.50,5.50,262.5098,246.1996
58892893,-169.50,-25.50,244.9450,237.0459
58896799,-265.50,-78.50,220.2232,230.1936
58900705,-93.50,-88.50,196.5069,215.2241
58904611,105.50,-69.50,175.1672,193.9651
58908517,59.50,-63.50,152.6319,173.5480
58912423,-221.50,-131.50,132.4637,152.0191
58916329,-335.50,-168.50,118.5363,126.6310
58920235,-300.50,-232.50,94.1824,96.8737
58924141,-74.50,-233.50,40.1779,56.8091
58928047,-112.50,-248.50,-17.2747,12.3338
58931953,-400.50,-341.50,-59.1316,-33.0128
58935859,-625.50,-417.50,-100.1740,-84.3490
58939765,-472.50,-412.50,-136.6448,-125.6658
58943671,-226.50,-383.50,-150.5533,-140.5995
58947577,-189.50,-375.50,-147.6262,-141.2088
58951483,-466.50,-413.50,-150.4758,-146.0157
58955389,-628.50,-409.50,-161.4621,-149.0601
58959295,-465.50,-394.50,-152.2857,-134.1226
58963201,-248.50,-384.50,-124.5611,-113.5861
58967107,-207.50,-415.50,-118.7157,-117.0638
58971013,-433.50,-454.50,-139.3007,-147.8894
58974919,-648.50,-467.50,-159.9359,-175.7640
58978825,-525.50,-425.50,-158.6227,-170.9724
58982731,-224.50,-356.50,-126.8119,-133.7619
58986637,-110.50,-335.50,-83.7723,-91.8740
58990543,-281.50,-317.50,-52.8102,-65.1350
58994449,-460.50,-306.50,-27.5063,-41.5493
58998355,-400.50,-292.50,5.5822,-10.0619
59002261,-104.50,-249.50,42.9410,20.3269
59006167,31.50,-222.50,73.9431,39.9353
59010073,-92.50,-177.50,95.1536,55.9359
59013979,-298.50,-153.50,118.5342,86.9644
59017885,-280.50,-164.50,148.9819,127.1212
59021791,16.50,-111.50,181.8790,156.4964
59025697,194.50,-50.50,214.5982,179.1030
59029603,127.50,-16.50,246.1715,205.6936
59033509,-127.50,-36.50,276.8281,232.1810
59037415,-197.50,-30.50,290.1173,251.6425
59041321,53.50,19.50,282.8049,269.0840
59045227,240.50,76.50,274.9190,290.9536
59049133,206.50,99.50,280.1102,313.6736
59053039,-66.50,111.50,297.8113,335.7836
59056945,-142.50,96.50,309.7260,357.1588
59060851,81.50,82.50,312.0645,364.7176
59064757,273.50,118.50,310.0644,353.5068
59068663,223.50,134.50,300.0383,340.5355
59072569,-24.50,101.50,290.8940,333.9794
59076475,-114.50,69.50,293.5273,326.7013
59080381,65.50,86.50,304.0957,318.4685
59084287,285.50,144.50,307.7702,318.4903
59088193,284.50,152.50,301.8075,326.2058
59092099,37.50,125.50,298.1091,328.5384
59096005,-98.50,112.50,299.6449,324.5232
59099911,48.50,107.50,301.7139,320.9519
59103817,311.50,127.50,302.6167,313.9334
59107723,346.50,175.50,306.1815,307.2069
59111629,118.50,161.50,313.3459,310.4516
59115535,-52.50,135.50,319.1366,317.1093
59119441,52.50,110.50,318.6149,314.5279
59123347,304.50,144.50,310.0210,301.8838
59127253,327.50,175.50,292.9509,291.1993
59131159,102.50,134.50,268.9007,283.6005
59135065,-96.50,107.50,248.7011,271.3467
59138971,-38.50,80.50,235.7232,256.7055
59142877,225.50,77.50,223.8408,237.4314
59146783,314.50,119.50,215.0235,216.5246
59150689,93.50,128.50,205.6653,209.6433
59154595,-140.50,81.50,188.9424,213.3794
59158501,-114.50,48.50,168.5506,208.5995
59162407,157.50,81.50,153.6433,195.1328
59166313,289.50,112.50,151.0603,186.4375
59170219,140.50,93.50,158.3151,181.2417
59174125,-110.50,47.50,166.2427,170.1528
59178031,-120.50,35.50,164.0426,156.5112
59181937,125.50,69.50,151.9562,151.1630
59185843,273.50,86.50,139.0645,151.9018
59189749,131.50,71.50,127.7897,145.7629
59193655,-132.50,29.50,117.0204,130.5360
59197561,-174.50,-8.50,105.6116,112.5826
59201467,64.50,11.50,96.2340,97.3402
59205373,254.50,37.50,93.1517,88.0439
59209279,169.50,64.50,96.6540,86.1371
59213185,-97.50,21.50,102.5332,89.1256
59217091,-205.50,-26.50,97.3900,84.9559
59220997,-0.50,-25.50,77.0095,69.0329
59224903,179.50,-15.50,51.8727,48.3329
59228809,139.50,-13.50,33.4980,27.6401
59232715,-124.50,-60.50,29.8751,9.2469
59236621,-241.50,-102.50,31.5905,-7.4996
59240527,-47.50,-80.50,29.7456,-18.4298
59244433,189.50,-63.50,29.5111,-21.4785
59248339,170.50,-60.50,32.9951,-26.7197
59252245,-115.50,-79.50,31.8164,-35.5028
59256151,-265.50,-94.50,18.3572,-37.2552
59260057,-108.50,-94.50,2.2630,-31.0876
59263963,144.50,-56.50,-4.8789,-25.2623
59267869,165.50,-28.50,-2.8197,-21.1059
59271775,-97.50,-68.50,-0.2092,-20.0304
59275681,-271.50,-96.50,-5.2655,-25.2201
59279587,-83.50,-58.50,-2.4908,-24.0269
59283493,144.50,-41.50,14.8618,-11.4804
59287399,144.50,-41.50,15.1752,-7.5335
59291305,-102.50,-81.50,-13.0500,-21.9956
59295211,-271.50,-74.50,-38.4342,-35.6423
59299117,-179.50,-76.50,-40.5154,-30.7663
59303023,86.50,-31.50,-31.6950,-16.0240
59306929,155.50,-8.50,-27.5988,-4.1518
59310835,-79.50,-32.50,-35.4717,-0.5039
59314741,-282.50,-93.50,-49.4217,-9.6843
59318647,-221.50,-106.50,-54.2563,-27.9517
59322553,49.50,-70.50,-48.8425,-41.5058
59326459,163.50,-41.50,-41.3140,-43.1956
59330365,-41.50,-40.50,-40.9458,-37.5835
59334271,-284.50,-92.50,-50.9861,-33.2938
59338177,-285.50,-127.50,-65.6749,-40.1113
59342083,-1.50,-84.50,-74.8928,-52.2842
59345989,139.50,-56.50,-71.8364,-55.9771
59349895,-5.50,-56.50,-64.3553,-52.8166
59353801,-252.50,-81.50,-58.3263,-47.6628
59357707,-303.50,-111.50,-58.8502,-43.5621
59361613,-52.50,-93.50,-69.1175,-45.4919
59365519,129.50,-84.50,-76.6411,-54.7896
59369425,30.50,-88.50,-72.7636,-68.8860
59373331,-209.50,-128.50,-58.2840,-81.1767
59377237,-271.50,-153.50,-41.7576,-88.2424
59381143,-47.50,-113.50,-34.0726,-87.5214
59385049,164.50,-73.50,-33.1162,-77.3754
59388955,82.50,-58.50,-32.2866,-64.5649
59392861,-164.50,-88.50,-28.5704,-55.2621
59396767,-273.50,-128.50,-24.2667,-53.1938
59400673,-102.50,-117.50,-30.0109,-58.8092
59404579,105.50,-66.50,-49.1199,-62.7745
59408485,77.50,-44.50,-66.6793,-57.1694
59412391,-175.50,-101.50,-69.2310,-51.7288
59416297,-308.50,-141.50,-63.3186,-58.9034
59420203,-166.50,-142.50,-64.4798,-73.0111
59424109,89.50,-111.50,-73.6944,-84.5019
59428015,103.50,-58.50,-75.4663,-84.9727
59431921,-169.50,-84.50,-70.4227,-71.5482
59435827,-320.50,-127.50,-70.9033,-59.4095
59439733,-200.50,-153.50,-75.4516,-62.7736
59443639,70.50,-124.50,-78.7474,-78.5653
59447545,112.50,-85.50,-75.6483,-90.4571
59451451,-147.50,-96.50,-72.5442,-87.7653
59455357,-340.50,-130.50,-79.4667,-77.2921
59459266,-259.50,-142.50,-92.2387,-70.1746
59463172,16.50,-117.50,-102.3832,-71.0239
59467078,116.50,-95.50,-99.0467,-77.5292
59470984,-126.50,-111.50,-88.3345,-84.3870
59474890,-304.50,-111.50,-81.9132,-81.8348
59478796,-239.50,-118.50,-72.6033,-65.8071
59482702,41.50,-104.50,-59.5187,-52.2727
59486608,137.50,-86.50,-50.4002,-54.4755
59490514,-65.50,-85.50,-51.7829,-63.3946
59494420,-304.50,-92.50,-61.7458,-61.9042
59498326,-302.50,-114.50,-74.4208,-49.2784
59502232,-24.50,-94.50,-84.7749,-40.7263
59506138,109.50,-79.50,-86.1873,-43.6830
59510044,-60.50,-76.50,-85.4242,-52.1572
59513950,-285.50,-109.50,-84.5879,-57.0253
59517856,-308.50,-117.50,-78.9179,-55.0651
59521762,-76.50,-84.50,-77.8940,-46.7619
59525668,97.50,-65.50,-84.5659,-38.2694
59529574,-15.50,-52.50,-87.5813,-35.6808
59533480,-276.50,-89.50,-82.7874,-35.7460
59537386,-340.50,-139.50,-79.7614,-41.1617
59541292,-104.50,-126.50,-82.5003,-54.3404
59545198,79.50,-110.50,-86.4525,-68.0873
59549104,-5.50,-97.50,-90.5707,-77.5657
59553010,-265.50,-133.50,-91.6633,-81.7229
59556916,-351.50,-161.50,-88.8190,-83.3181
59560822,-140.50,-162.50,-84.9385,-86.1808
59564728,81.50,-136.50,-80.9771,-91.7805
59568634,37.50,-106.50,-76.8661,-94.9509
59572540,-228.50,-158.50,-72.8464,-94.8318
59576446,-338.50,-181.50,-69.4459,-98.3559
59580352,-128.50,-158.50,-60.0138,-98.6778
59584258,59.50,-129.50,-51.7842,-90.9304
59588164,50.50,-101.50,-60.0800,-82.6505
59592070,-194.50,-147.50,-70.9423,-80.2243
59595976,-348.50,-173.50,-71.3102,-85.0605
59599882,-206.50,-163.50,-69.2315,-87.8963
59603788,79.50,-78.50,-64.3990,-75.1718
59607694,115.50,-68.50,-49.3886,-50.4175
59611600,-186.50,-164.50,-42.1830,-46.9624
59615506,-388.50,-204.50,-62.7711,-77.4012
59619412,-246.50,-207.50,-87.2363,-108.1131
59623318,-0.50,-188.50,-92.7912,-121.3230
59627224,73.50,-150.50,-88.8730,-124.2655
59631130,-128.50,-165.50,-79.5171,-119.4755
59635036,-333.50,-186.50,-64.6093,-108.9489
59638942,-252.50,-202.50,-52.8386,-98.7301
59642848,21.50,-146.50,-46.6099,-90.9724
59646754,132.50,-107.50,-39.8737,-80.2190
59650660,-80.50,-116.50,-33.6396,-67.4135
59654566,-301.50,-145.50,-32.2654,-57.5390
59658472,-274.50,-168.50,-34.0317,-52.3497
59662378,-15.50,-158.50,-38.6341,-56.3160
59666284,134.50,-140.50,-40.6937,-69.6027
59670190,-57.50,-140.50,-38.7116,-82.1073
59674096,-310.50,-175.50,-41.9071,-84.9747
59678002,-315.50,-166.50,-50.0424,-76.8028
59681908,-46.50,-143.50,-53.8415,-62.1258
59685814,111.50,-110.50,-50.5293,-51.5723
59689720,-43.50,-92.50,-49.7253,-45.7312
59693626,-281.50,-124.50,-52.1934,-37.4801
59697532,-312.50,-148.50,-47.6972,-30.0604
59701438,-60.50,-115.50,-36.7528,-25.6098
59705344,102.50,-98.50,-30.7688,-23.6244
59709250,15.50,-85.50,-34.0425,-25.6649
59713156,-268.50,-133.50,-38.7303,-29.4554
59717062,-367.50,-143.50,-47.7707,-31.7524
59720968,-144.50,-124.50,-61.9224,-28.7012
59724874,64.50,-98.50,-70.6634,-24.2267
59728780,15.50,-100.50,-70.4841,-26.6125
59732686,-240.50,-112.50,-61.4867,-30.6136
59736592,-346.50,-149.50,-49.1616,-29.1772
59740498,-166.50,-132.50,-42.6949,-26.2027
59744404,54.50,-116.50,-46.8411,-27.2176
59748310,41.50,-111.50,-54.6113,-34.7221
59752216,-213.50,-147.50,-54.4196,-45.5541
59756122,-354.50,-177.50,-48.0657,-53.7796
59760028,-209.50,-175.50,-45.0737,-57.5187
59763934,23.50,-148.50,-51.6852,-59.6275
59767840,49.50,-126.50,-61.3228,-61.5179
59771746,-207.50,-136.50,-64.4477,-58.8725
59775652,-354.50,-168.50,-60.3474,-51.3891
59779558,-239.50,-175.50,-51.5006,-46.4010
59783464,18.50,-143.50,-46.3821,-47.2141
59787370,99.50,-104.50,-42.0390,-46.6567
59791276,-127.50,-114.50,-30.0283,-38.7771
59795182,-324.50,-160.50,-18.1774,-30.8382
59799088,-241.50,-172.50,-13.7184,-31.5760
59802994,10.50,-141.50,-16.9026,-37.1816
59806900,100.50,-118.50,-23.5374,-41.0054
59810806,-115.50,-127.50,-28.9757,-41.8827
59814712,-335.50,-157.50,-33.0131,-39.6550
59818618,-303.50,-168.50,-37.6112,-35.5445
59822524,-30.50,-128.50,-42.6389,-30.3969
59826430,107.50,-111.50,-40.3805,-25.9588
59830336,-124.50,-114.50,-39.4499,-25.5644
59834242,-352.50,-152.50,-51.9739,-27.0256
59838148,-360.50,-172.50,-66.0504,-28.6473
59842054,-108.50,-116.50,-75.3166,-25.6453
59845960,69.50,-80.50,-76.8379,-12.9506
59849866,-29.50,-69.50,-59.7096,2.3439
59853772,-284.50,-111.50,-29.7003,12.0572
59857678,-317.50,-144.50,-9.5607,11.7972
59861584,-48.50,-111.50,-1.7964,6.0961
59865490,130.50,-79.50,5.9822,4.4010
59869396,25.50,-74.50,12.1209,6.0949
59873302,-242.50,-107.50,13.9283,7.8225
59877208,-317.50,-137.50,11.3933,8.1640
59881114,-109.50,-113.50,3.5964,7.5960
59885020,83.50,-80.50,-8.6358,8.2067
59888926,38.50,-69.50,-16.7494,9.2380
59892832,-207.50,-105.50,-8.7065,9.3487
59896738,-303.50,-137.50,9.1636,7.5774
59900644,-113.50,-122.50,21.4130,5.2357
59904550,102.50,-97.50,21.3557,2.8745
59908456,48.50,-101.50,9.8097,-4.0532
59912362,-208.50,-133.50,-4.9046,-15.3018
59916268,-333.50,-164.50,-11.5281,-23.6522
59920174,-175.50,-159.50,-9.5546,-26.3523
59924080,77.50,-134.50,-6.4544,-28.1653
59927986,68.50,-126.50,-5.7106,-33.6233
59931892,-210.50,-171.50,-13.4057,-43.8447
59935798,-354.50,-207.50,-26.2037,-56.3116
59939704,-248.50,-202.50,-33.8098,-64.0480
59943610,-20.50,-164.50,-45.2151,-63.9429
59947516,23.50,-124.50,-62.4232,-56.9272
59951422,-226.50,-160.50,-74.6677,-48.1153
59955328,-428.50,-202.50,-83.7050,-46.9841
59959234,-322.50,-223.50,-89.9223,-55.0858
59963140,-49.50,-191.50,-87.5837,-66.3146
59967046,21.50,-164.50,-79.7726,-73.3573
59970952,-194.50,-185.50,-75.6149,-74.6928
59974858,-389.50,-212.50,-72.9356,-72.6248
59978764,-342.50,-243.50,-67.6344,-71.2214
59982670,-69.50,-177.50,-64.1860,-69.7771
59986576,67.50,-148.50,-57.0114,-60.7938
59990482,-106.50,-140.50,-40.8460,-47.0178
59994388,-325.50,-159.50,-22.2810,-31.5387
59998294,-300.50,-173.50,-7.5300,-15.9606
60002200,-33.50,-128.50,1.9457,-4.2540
60006106,107.50,-121.50,7.7220,0.3865
60010012,-47.50,-127.50,9.5852,-5.3744
60013918,-305.50,-149.50,7.5267,-11.2924
60017824,-325.50,-176.50,2.6340,-9.5743
60021730,-56.50,-132.50,1.6492,-4.0872
60025636,126.50,-91.50,11.2191,5.0922
60029542,17.50,-79.50,25.5633,16.4573
60033448,-250.50,-94.50,35.6265,29.1026
60037354,-265.50,-105.50,43.6424,44.0982
60041260,-52.50,-95.50,54.3561,55.0536
60045166,95.50,-111.50,50.9576,47.8589
60049072,-6.50,-130.50,24.1613,18.8551
60052978,-275.50,-161.50,-4.3193,-11.6897
60056884,-363.50,-160.50,-18.7482,-21.4492
60060790,-132.50,-136.50,-17.2915,-9.7899
60064696,70.50,-105.50,-7.4729,5.8558
60068602,50.50,-74.50,1.2153,16.5227
60072508,-204.50,-122.50,12.2783,22.8767
60076414,-321.50,-152.50,23.8858,20.7202
60080320,-152.50,-153.50,28.4809,12.0842
60084226,53.50,-120.50,20.8821,3.5696
60088132,38.50,-101.50,3.1295,-0.3748
60092038,-209.50,-130.50,-10.2691,0.5293
60095944,-337.50,-152.50,-9.0286,3.1077
60099850,-214.50,-149.50,-0.6438,6.3009
60103756,47.50,-111.50,2.2287,9.0926
60107662,84.50,-97.50,4.4096,10.5062
60111568,-162.50,-136.50,9.4662,7.3222
60115474,-338.50,-178.50,10.9640,-2.5368
60119380,-252.50,-189.50,6.3225,-14.8379
60123286,16.50,-144.50,-2.2239,-22.3328
60127192,78.50,-111.50,-6.2098,-19.4760
60131098,-144.50,-124.50,-5.5490,-9.6278
60135004,-344.50,-168.50,-5.1652,-2.6879
60138910,-270.50,-176.50,-3.9177,-3.3446
60142816,-15.50,-144.50,-3.2696,-7.1432
60146722,75.50,-137.50,-5.8006,-12.3218
60150628,-132.50,-148.50,-12.5522,-20.1133
60154534,-329.50,-196.50,-16.4993,-27.3758
60158440,-285.50,-209.50,-8.6019,-33.2500
60162346,19.50,-157.50,11.5217,-33.3273
60166252,159.50,-111.50,39.6157,-21.7098
60170158,-13.50,-114.50,60.4785,-5.0201
60174064,-253.50,-143.50,65.3176,7.5500
60177970,-292.50,-162.50,56.3315,13.8843
60181876,-29.50,-145.50,39.6885,13.4572
60185782,110.50,-136.50,27.1121,4.4664
60189688,-37.50,-130.50,16.5742,-8.1644
60193594,-272.50,-151.50,8.8177,-11.5694
60197500,-341.50,-175.50,6.0356,-5.0120
60201406,-108.50,-142.50,-0.9312,2.5941
60205312,85.50,-96.50,-8.1516,10.8983
60209218,-5.50,-87.50,-7.4928,20.8065
60213124,-264.50,-123.50,-1.5941,27.8859
60217030,-364.50,-145.50,-0.7019,29.9487
60220936,-155.50,-128.50,-9.6636,29.8788
60224842,55.50,-110.50,-19.6402,26.9637
60228748,18.50,-98.50,-20.2217,20.2263
60232654,-232.50,-114.50,-8.9577,17.9442
60236560,-349.50,-137.50,3.5044,24.2148
60240466,-164.50,-118.50,7.7678,33.1813
60244372,37.50,-98.50,1.7534,37.4510
60248278,69.50,-80.50,-3.5889,34.8984
60252184,-188.50,-109.50,6.8863,31.2566
60256090,-333.50,-143.50,20.6603,28.9225
60259996,-192.50,-146.50,22.8989,24.9947
60263902,47.50,-112.50,16.1368,19.6400
60267808,80.50,-84.50,10.2996,17.7695
60271714,-165.50,-121.50,11.5629,18.8935
60275620,-321.50,-149.50,16.7659,17.4970
60279526,-207.50,-164.50,23.5304,13.0217
60283432,63.50,-116.50,30.0820,9.0141
60287338,129.50,-74.50,38.2452,13.4193
60291244,-108.50,-94.50,44.6071,25.2587
60295150,-289.50,-144.50,45.4682,30.7874
60299056,-209.50,-177.50,47.3724,21.4137
60302962,47.50,-158.50,49.5351,1.5600
60306868,103.50,-117.50,43.0774,-13.6240
60310774,-106.50,-126.50,25.4777,-14.6061
60314680,-361.50,-165.50,2.3775,-8.7402
60318586,-335.50,-182.50,-22.6528,-6.0181
60322492,-64.50,-162.50,-41.1902,-8.7223
60326398,73.50,-136.50,-41.8283,-14.9060
60330304,-97.50,-149.50,-30.5206,-21.7267
60334210,-329.50,-182.50,-19.6506,-26.3187
60338116,-318.50,-209.50,-12.3753,-28.5100
60342022,-73.50,-175.50,-9.0053,-29.1905
60345928,69.50,-142.50,-11.5139,-27.0792
60349834,-70.50,-126.50,-18.1386,-21.2537
60353740,-303.50,-143.50,-19.4652,-9.7638
60357646,-328.50,-162.50,-11.3753,4.7293
60361552,-79.50,-141.50,0.3072,14.5928
60365458,105.50,-101.50,10.8821,18.7512
60369364,6.50,-85.50,18.4514,22.4704
60373270,-273.50,-113.50,19.7770,28.5620
60377176,-335.50,-144.50,13.6390,33.3267
60381082,-108.50,-135.50,9.5218,32.7966
60384988,126.50,-98.50,17.3403,29.0482
60388894,59.50,-79.50,33.5719,27.7213
60392800,-219.50,-101.50,43.4146,31.5643
60396706,-317.50,-129.50,40.4636,37.6828
60400612,-118.50,-122.50,35.9754,41.5745
60404518,90.50,-94.50,33.1780,40.7215
60408424,83.50,-72.50,30.7297,37.2717
60412330,-177.50,-105.50,34.5526,34.5667
60416236,-290.50,-133.50,43.6233,32.5928
60420142,-154.50,-158.50,49.6789,27.4935
60424048,55.50,-152.50,39.5546,11.9521
60427954,64.50,-134.50,17.1169,-9.7705
60431860,-208.50,-163.50,-1.8601,-25.2139
60435766,-378.50,-206.50,-16.7301,-33.6961
60439672,-278.50,-211.50,-31.5898,-39.3133
60443578,-56.50,-181.50,-52.0962,-42.2602
60447484,-2.50,-158.50,-73.0933,-43.2090
60451390,-236.50,-184.50,-81.6884,-45.2173
60455296,-415.50,-209.50,-78.9638,-47.7506
60459202,-321.50,-200.50,-71.3155,-43.7183
60463108,-44.50,-160.50,-61.6540,-31.3543
60467014,59.50,-123.50,-46.9205,-17.2056
60470920,-148.50,-120.50,-29.2785,-4.7080
60474826,-356.50,-145.50,-17.6390,7.0699
60478732,-301.50,-157.50,-12.7814,16.5875
60482638,-21.50,-137.50,-8.2651,20.0373
60486544,107.50,-111.50,2.6572,17.0964
60490450,-96.50,-124.50,12.2463,10.9691
60494356,-335.50,-145.50,9.2342,7.2168
60498267,-273.50,-155.50,7.6049,10.7211
60502173,-44.50,-140.50,16.6293,16.6757
60506079,108.50,-99.50,21.9675,19.4035
60509985,-47.50,-89.50,20.4488,23.1149
60513891,-271.50,-126.50,22.3428,28.5700
60517797,-303.50,-112.50,28.5869,36.4336
60521703,-47.50,-108.50,33.0020,47.7070
60525609,123.50,-81.50,35.9984,51.9554
60529515,-17.50,-84.50,33.9936,46.0565
60533421,-261.50,-118.50,26.2673,37.5402
60537327,-306.50,-144.50,24.4192,30.8077
60541233,-94.50,-128.50,28.0282,27.5882
60545139,96.50,-105.50,26.5867,25.8142
60549045,16.50,-94.50,20.7341,22.8907
60552951,-243.50,-132.50,17.5952,18.9286
60556857,-322.50,-143.50,19.1061,16.6443
60560763,-121.50,-125.50,23.8174,20.8520
60564669,105.50,-101.50,28.9013,27.3817
60568575,54.50,-81.50,31.8650,29.6121
60572481,-206.50,-107.50,31.2629,30.0061
60576387,-317.50,-116.50,29.9211,33.3421
60580293,-152.50,-94.50,30.8778,43.5864
60584199,97.50,-64.50,32.5443,56.4195
60588105,114.50,-52.50,39.7703,62.2305
60592011,-146.50,-85.50,51.6744,58.5878
60595917,-296.50,-116.50,57.0878,50.0163
60599823,-161.50,-125.50,55.3725,41.4499
60603729,65.50,-91.50,47.2270,35.0301
60607635,113.50,-56.50,36.6887,34.9215
60611541,-143.50,-82.50,30.9412,40.1361
60615447,-321.50,-126.50,26.1612,40.3305
60619353,-234.50,-148.50,19.2110,30.5052
60623259,21.50,-121.50,10.0917,16.4088
60627165,74.50,-107.50,0.4193,5.1608
60631071,-128.50,-130.50,-5.5792,-3.4002
60634977,-350.50,-172.50,-7.4890,-11.9626
60638883,-298.50,-210.50,-12.9801,-23.9163
60642789,-47.50,-196.50,-25.1724,-41.4048
60646695,61.50,-158.50,-34.6480,-55.2311
60650601,-124.50,-170.50,-35.1968,-57.8770
60654507,-348.50,-207.50,-30.1977,-55.9901
60658413,-333.50,-226.50,-27.8628,-56.2185
60662319,-66.50,-188.50,-30.0777,-55.5743
60666225,66.50,-162.50,-30.1014,-51.2641
60670131,-94.50,-171.50,-28.1159,-48.7317
60674037,-335.50,-196.50,-26.9620,-49.1314
60677943,-346.50,-207.50,-26.4220,-46.2644
60681849,-94.50,-178.50,-25.7986,-38.6541
60685755,73.50,-147.50,-22.7077,-30.6993
60689661,-50.50,-147.50,-18.1492,-26.8388
60693567,-318.50,-200.50,-16.6632,-30.2485
60697473,-392.50,-216.50,-25.4043,-38.6855
60701379,-166.50,-196.50,-42.5137,-42.8936
60705285,13.50,-158.50,-56.9388,-40.0922
60709191,-77.50,-163.50,-65.0500,-37.0757
60713097,-317.50,-201.50,-64.1777,-39.6066
60717003,-418.50,-224.50,-57.9456,-44.8344
60720909,-225.50,-225.50,-59.3892,-49.1544
60724815,-13.50,-191.50,-68.5356,-54.0380
60728721,-44.50,-153.50,-71.8880,-53.0725
60732627,-288.50,-175.50,-61.6800,-40.9786
60736533,-399.50,-185.50,-45.7864,-24.5632
60740439,-221.50,-175.50,-34.6929,-10.0865
60744345,27.50,-142.50,-27.8644,-1.5587
60748251,-5.50,-108.50,-23.9037,3.2184
60752157,-271.50,-165.50,-28.6396,4.3531
60756063,-417.50,-180.50,-39.5965,-1.2771
60759969,-236.50,-166.50,-40.5052,-2.5366
60763875,35.50,-132.50,-22.9797,4.6796
60767781,71.50,-89.50,2.8398,14.7245
60771687,-164.50,-111.50,22.7374,26.0595
60775593,-321.50,-140.50,34.6528,33.9882
60779499,-206.50,-141.50,43.7142,37.1409
60783405,71.50,-124.50,52.1514,35.5785
60787311,138.50,-95.50,62.5069,29.7867
60791217,-111.50,-113.50,67.4455,25.4752
60795123,-309.50,-111.50,60.0712,30.1928
60799029,-168.50,-53.50,61.4361,55.7120
60802935,78.50,-120.50,81.2851,79.6431
60806841,57.50,-191.50,77.4207,49.9896
60810747,-186.50,-228.50,23.8559,-22.7858
60814653,-420.50,-277.50,-39.0691,-83.0680
60818559,-411.50,-346.50,-78.8300,-120.4906
60822465,-188.50,-372.50,-107.3354,-158.1550
60826371,-79.50,-350.50,-133.5009,-194.9290
60830277,-301.50,-399.50,-157.8276,-219.9404
60834183,-559.50,-446.50,-184.2136,-240.6223
60838089,-560.50,-459.50,-207.1208,-257.1944
60841995,-296.50,-433.50,-216.7523,-261.0209
60845901,-120.50,-399.50,-208.6728,-253.0188
60849807,-225.50,-362.50,-183.7118,-234.3644
60853713,-463.50,-373.50,-150.2113,-205.8319
60857619,-465.50,-373.50,-119.6437,-177.0294
60861525,-207.50,-319.50,-94.4103,-150.7416
60865431,12.50,-262.50,-68.8181,-120.4678
60869337,-78.50,-236.50,-40.7141,-88.0153
60873243,-335.50,-250.50,-17.1630,-60.6803
60877149,-366.50,-271.50,0.1189,-43.7163
60881055,-125.50,-216.50,20.2628,-30.6855
60884961,80.50,-181.50,40.0751,-11.9004
60888867,16.50,-166.50,50.7153,6.1496
60892773,-256.50,-190.50,53.3383,16.2980
60896679,-336.50,-224.50,53.7350,18.4124
60900585,-136.50,-194.50,58.6922,17.6771
60904491,108.50,-146.50,68.2654,24.7008
60908397,97.50,-124.50,81.9623,39.5893
60912303,-152.50,-158.50,99.3824,51.0508
60916209,-316.50,-178.50,107.2852,53.7007
60920115,-153.50,-176.50,98.0896,52.4728
60924021,95.50,-145.50,84.9918,50.6849
60927927,112.50,-120.50,81.5241,50.5380
60931833,-143.50,-161.50,85.4814,50.5635
60935739,-303.50,-178.50,88.5033,47.5842
60939645,-178.50,-165.50,88.3069,48.4887
60943551,80.50,-146.50,85.3794,53.1776
60947457,122.50,-128.50,82.0608,53.1177
60951363,-124.50,-138.50,78.0098,51.0471
60955269,-320.50,-158.50,70.7515,53.9375
60959175,-234.50,-172.50,62.3507,58.4480
60963081,39.50,-145.50,56.3670,57.6166
60966987,127.50,-111.50,57.3974,55.5404
60970893,-79.50,-143.50,64.0819,54.9446
60974799,-302.50,-170.50,69.0699,51.2395
60978705,-250.50,-192.50,67.8841,44.9498
60982611,-15.50,-138.50,57.5861,42.5194
60986517,98.50,-111.50,41.0523,49.2417
60990423,-94.50,-107.50,27.4978,60.3408
60994329,-316.50,-145.50,22.9265,68.2520
60998235,-316.50,-165.50,23.4289,68.7417
61002141,-58.50,-152.50,20.5055,61.5115
61006047,91.50,-113.50,16.5960,53.7995
61009953,-37.50,-106.50,20.1689,54.1011
61013859,-282.50,-144.50,32.1256,59.7983
61017765,-288.50,-176.50,45.5829,59.8212
61021671,-28.50,-146.50,57.8334,54.1464
61025577,157.50,-120.50,70.4666,50.6921
61029483,35.50,-121.50,79.2494,49.0037
61033389,-230.50,-165.50,80.0489,44.5757
61037295,-307.50,-201.50,71.8343,35.2642
61041201,-93.50,-176.50,56.6960,25.7008
61045107,109.50,-174.50,42.5537,17.8104
61049013,-12.50,-155.50,29.0235,8.7567
61052919,-241.50,-156.50,17.0591,9.2663
61056825,-322.50,-157.50,19.9161,26.7542
61060731,-124.50,-130.50,32.4609,51.1061
61064637,112.50,-104.50,41.0938,68.4118
61068543,97.50,-79.50,51.2700,75.0977
61072449,-165.50,-112.50,66.1278,76.8596
61076355,-303.50,-158.50,73.2073,72.2336
61080261,-154.50,-160.50,64.7731,59.6686
61084167,51.50,-104.50,42.3001,51.3332
61088073,61.50,-72.50,18.2030,58.1978
61091979,-172.50,-60.50,11.6215,78.0367
61095885,-278.50,-82.50,29.1092,101.8432
61099791,-214.50,-175.50,46.8557,102.6289
61103697,23.50,-153.50,33.8800,66.4382
61107603,48.50,-124.50,4.8680,29.0879
61111509,-200.50,-160.50,-15.6891,13.3885
61115415,-360.50,-186.50,-23.8703,7.6194
61119321,-223.50,-185.50,-13.1702,7.9112
61123227,28.50,-143.50,8.7937,15.7570
61127133,55.50,-111.50,15.9534,27.0622
61131039,-128.50,-145.50,5.8275,31.6612
61134945,-319.50,-172.50,3.7434,25.6235
61138851,-264.50,-163.50,11.7340,22.6956
61142757,-15.50,-138.50,12.8221,29.8332
61146663,91.50,-127.50,8.2892,34.3088
61150569,-97.50,-144.50,6.3229,27.4854
61154475,-317.50,-182.50,7.2049,15.6100
61158381,-316.50,-225.50,4.0524,2.3737
61162287,-58.50,-190.50,-6.1434,-10.5106
61166193,90.50,-163.50,-10.7875,-15.7173
61170099,-79.50,-140.50,-6.7122,-10.5180
61174005,-308.50,-143.50,-3.0944,6.1061
61177911,-316.50,-169.50,-0.4988,26.6308
61181817,-65.50,-165.50,3.1576,34.3679
61185723,90.50,-143.50,6.6944,26.6952
61189629,-56.50,-132.50,3.5748,16.3151
61193535,-301.50,-160.50,-5.9986,12.8983
61197441,-329.50,-191.50,-9.6858,13.1770
61201347,-111.50,-180.50,-5.1778,11.3462
61205253,77.50,-145.50,-1.7850,9.0379
61209159,-5.50,-120.50,-0.4912,11.4330
61213065,-253.50,-166.50,3.9610,15.4019
61216971,-328.50,-154.50,10.3042,19.2451
61220877,-106.50,-129.50,17.5939,32.6232
61224783,112.50,-118.50,27.7046,47.2358
61228689,75.50,-96.50,39.9272,49.2197
61232595,-188.50,-111.50,50.1687,47.5843
61236501,-292.50,-140.50,53.8441,49.6485
61240407,-101.50,-130.50,56.0812,52.4525
61244313,112.50,-106.50,58.5164,53.7374
61248219,96.50,-96.50,55.7930,51.0895
61252125,-156.50,-108.50,50.9643,46.7833
61256031,-288.50,-148.50,49.0630,43.9421
61259937,-143.50,-153.50,50.5805,39.6861
61263843,110.50,-118.50,53.2106,35.3532
61267749,128.50,-121.50,56.4064,31.0069
61271655,-111.50,-152.50,58.3096,20.0110
61275561,-269.50,-161.50,58.9804,9.2924
61279467,-171.50,-185.50,59.0241,6.8813
61283373,69.50,-127.50,52.2942,9.8898
61287279,97.50,-85.50,36.9637,22.0771
61291185,-160.50,-112.50,12.8753,36.7173
61295091,-348.50,-148.50,-13.1124,39.0930
61298997,-271.50,-174.50,-26.7170,30.1050
61302903,-12.50,-144.50,-28.4301,18.7421
61306809,81.50,-132.50,-24.9062,10.3564
61310715,-137.50,-132.50,-23.2292,5.1353
61314621,-352.50,-177.50,-28.5230,1.9916
61318527,-319.50,-190.50,-36.3491,-1.4906
61322433,-38.50,-141.50,-38.8946,-0.2785
61326339,95.50,-83.50,-29.5124,14.4519
61330245,-88.50,-105.50,-17.1302,32.5054
61334151,-321.50,-149.50,-13.8044,35.5157
61338057,-338.50,-153.50,-19.7607,28.5943
61341963,-56.50,-128.50,-26.0131,27.3224
61345869,86.50,-112.50,-22.4884,28.5260
61349775,-54.50,-141.50,-16.8956,19.4599
61353681,-318.50,-156.50,-18.4340,4.6305
61357587,-342.50,-202.50,-24.0984,-4.8216
61361493,-111.50,-178.50,-28.1475,-11.2395
61365399,55.50,-148.50,-31.7620,-15.2484
61369305,-37.50,-124.50,-35.7607,-12.7342
61373211,-282.50,-122.50,-32.3727,0.6963
61377117,-354.50,-130.50,-24.1681,23.8204
61381023,-131.50,-112.50,-19.2221,44.8778
61384929,51.50,-100.50,-20.2160,52.0358
61388835,-26.50,-84.50,-28.9649,45.9608
61392741,-268.50,-144.50,-36.4857,33.5844
61396647,-370.50,-160.50,-34.7753,19.2308
61400553,-173.50,-159.50,-29.1240,10.5462
61404459,50.50,-142.50,-24.4837,5.6277
61408365,42.50,-109.50,-17.8717,1.6992
61412271,-210.50,-116.50,-6.5086,7.0185
61416177,-367.50,-159.50,-1.5580,16.6220
61420083,-225.50,-176.50,-12.5004,15.2234
61423989,35.50,-122.50,-26.4321,7.3333
61427895,55.50,-101.50,-25.6935,7.8786
61431801,-194.50,-122.50,-15.1178,13.5546
61435707,-367.50,-153.50,-10.8477,15.8236
61439613,-256.50,-202.50,-17.3252,7.9683
61443519,12.50,-153.50,-25.9045,-8.6121
61447425,47.50,-133.50,-27.9161,-17.8054
61451331,-191.50,-162.50,-29.1172,-20.0331
61455237,-370.50,-191.50,-32.3472,-24.2028
61459143,-288.50,-216.50,-32.8182,-29.3363
61463049,-15.50,-171.50,-31.1479,-32.5481
61466955,71.50,-125.50,-25.5921,-26.9192
61470861,-125.50,-144.50,-16.4011,-15.9363
61474767,-335.50,-201.50,-7.5091,-15.0598
61478673,-272.50,-214.50,-0.1045,-25.4056
61482579,-9.50,-142.50,5.9706,-26.5208
61486485,112.50,-108.50,11.8319,-9.1480
61490391,-78.50,-108.50,15.0969,9.4154
61494297,-303.50,-133.50,14.4563,19.5471
61498203,-297.50,-175.50,12.3467,21.7471
61502109,-37.50,-144.50,9.8369,16.0671
61506015,118.50,-125.50,11.2393,8.2566
61509921,-15.50,-114.50,19.4730,2.6240
61513827,-253.50,-143.50,31.7650,2.8816
61517733,-269.50,-164.50,42.8177,8.2910
61521639,-15.50,-125.50,51.0374,16.3327
61525545,150.50,-84.50,56.7326,27.2499
61529451,33.50,-106.50,56.4962,31.3554
61533357,-196.50,-143.50,56.9413,21.8385
61537267,-246.50,-160.50,65.9899,11.3320
61541173,-52.50,-175.50,71.9150,5.1686
61545079,140.50,-108.50,63.6903,0.6115
61548985,33.50,-97.50,46.1842,4.4005
61552891,-190.50,-98.50,33.4933,17.2285
61556797,-234.50,-85.50,43.9623,40.0132
61560703,-93.50,-101.50,63.2598,64.1789
61564609,75.50,-104.50,52.1365,64.2228
61568515,50.50,-83.50,19.3878,42.4570
61572421,-212.50,-109.50,0.0652,25.2675
61576327,-348.50,-96.50,-7.1478,27.6088
61580233,-175.50,-108.50,-12.9584,43.7442
61584139,70.50,-47.50,-12.7393,58.5421
61588045,80.50,-14.50,-3.2944,71.8677
61591951,-174.50,-65.50,7.3506,79.2485
61595857,-306.50,-51.50,12.7376,78.9101
61599763,-168.50,-33.50,18.0622,89.3085
61603669,103.50,-13.50,27.6400,105.9725
61607575,143.50,16.50,41.8067,112.4681
61611481,-110.50,-33.50,50.4354,106.6029
61615387,-283.50,-61.50,46.0123,91.7222
61619293,-190.50,-79.50,37.8133,77.2927
61623199,70.50,-47.50,32.5455,68.2699
61627105,113.50,-33.50,27.7631,62.4688
61631011,-118.50,-50.50,16.0009,56.7201
61634917,-310.50,-84.50,1.5812,50.7664
61638823,-246.50,-101.50,-4.0558,45.6326
61642729,45.50,-63.50,2.0853,42.4272
61646635,153.50,17.50,19.0335,52.2333
61650541,-61.50,-28.50,30.8639,70.5830
61654447,-276.50,-78.50,27.4355,71.2594
61658353,-250.50,-107.50,20.5050,53.1272
61662259,16.50,-51.50,18.5889,40.0375
61666165,154.50,-9.50,23.0608,45.1080
61670071,16.50,-10.50,33.2925,58.4034
61673977,-237.50,-50.50,43.7440,65.7031
61677883,-241.50,-89.50,46.4008,62.1175
61681789,-34.50,-73.50,37.1344,49.6591
61685695,112.50,-56.50,16.7532,34.2479
61689601,-10.50,-64.50,-3.1849,18.8854
61693507,-250.50,-79.50,-9.0461,10.3453
61697413,-289.50,-106.50,-3.2038,13.0871
61701319,-75.50,-94.50,1.9394,17.4106
61705225,91.50,-60.50,-3.3167,16.0503
61709131,26.50,-25.50,-11.8265,16.8805
61713037,-229.50,-75.50,-10.0056,22.8531
61716943,-304.50,-120.50,-2.9669,21.0781
61720849,-90.50,-104.50,2.6471,10.5821
61724755,122.50,-63.50,8.5508,4.1162
61728661,68.50,-49.50,13.1574,4.3712
61732567,-188.50,-75.50,14.6848,6.7114
61736473,-329.50,-108.50,8.4337,8.5086
61740379,-153.50,-82.50,-6.0845,12.1741
61744285,97.50,-55.50,-14.5463,17.9593
61748191,92.50,-34.50,-7.2722,20.0167
61752097,-175.50,-79.50,2.9534,15.3188
61756003,-313.50,-115.50,3.3465,5.6260
61759909,-178.50,-114.50,-1.8943,-2.7480
61763815,96.50,-84.50,-3.1270,-7.0591
61767721,113.50,-61.50,4.4023,-10.0676
61771627,-196.50,-127.50,0.5427,-19.2154
61775533,-399.50,-179.50,-32.5102,-40.6296
61779439,-251.50,-188.50,-65.2297,-63.3398
61783345,37.50,-117.50,-64.3724,-69.4205
61787251,118.50,-79.50,-36.8144,-55.1885
61791157,-120.50,-88.50,-11.0901,-34.9954
61795063,-308.50,-136.50,-1.6755,-23.2688
61798969,-254.50,-136.50,-4.1452,-20.7045
61802875,23.50,-114.50,-11.7722,-22.3802
61806781,75.50,-92.50,-21.6999,-28.3363
61810687,-129.50,-117.50,-37.1836,-38.5298
61814593,-335.50,-143.50,-48.3938,-45.7580
61818499,-299.50,-139.50,-46.6478,-41.4864
61822405,-19.50,-97.50,-39.4481,-27.4104
61826311,135.50,-61.50,-25.4587,-13.8374
61830217,-48.50,-84.50,-8.2429,-9.5622
61834123,-274.50,-111.50,1.8820,-12.6455
61838029,-285.50,-125.50,4.4083,-12.8950
61841935,-53.50,-112.50,-2.8220,-11.5543
61845841,109.50,-73.50,-15.7375,-14.6176
61849747,-2.50,-94.50,-18.2143,-21.0514
61853653,-248.50,-117.50,-5.3049,-26.8469
61857559,-268.50,-131.50,11.6404,-25.2108
61861465,-5.50,-94.50,27.9546,-15.5874
61865371,159.50,-79.50,40.5883,-8.5049
61869277,85.50,-92.50,45.9226,-14.2711
61873183,-200.50,-64.50,48.0751,-16.9869
61877089,-265.50,-74.50,44.8508,3.5594
61880995,-58.50,-60.50,37.8662,29.5545
61884901,130.50,-53.50,28.6416,35.2432
61888807,39.50,-29.50,12.2489,25.1771
61892713,-225.50,-76.50,-6.4740,16.2915
61896619,-330.50,-117.50,-18.3320,8.0965
61900525,-170.50,-114.50,-26.6746,-3.7111
61904431,71.50,-111.50,-36.7454,-19.0602
61908337,55.50,-79.50,-38.9016,-33.5916
61912243,-202.50,-126.50,-31.0600,-40.1569
61916149,-335.50,-180.50,-23.7133,-47.8463
61920055,-201.50,-148.50,-24.2924,-57.2391
61923961,65.50,-108.50,-30.3576,-54.8228
61927867,64.50,-116.50,-32.2464,-49.3976
61931773,-193.50,-127.50,-33.4883,-51.9141
61935679,-350.50,-167.50,-37.6049,-55.0238
61939585,-228.50,-174.50,-38.4105,-57.4738
61943491,-2.50,-128.50,-42.5451,-59.8987
61947397,48.50,-138.50,-54.1809,-62.8889
61951303,-193.50,-161.50,-64.5198,-72.1937
61955209,-376.50,-177.50,-68.9774,-78.9835
61959115,-274.50,-164.50,-65.3421,-71.9395
61963021,-8.50,-155.50,-55.7370,-61.8318
61966927,79.50,-114.50,-46.0218,-59.4443
61970833,-144.50,-106.50,-41.9519,-53.8066
61974739,-366.50,-154.50,-46.8197,-42.4353
61978645,-317.50,-170.50,-55.2952,-39.2529
61982551,-62.50,-141.50,-62.2310,-44.5565
61986457,69.50,-88.50,-63.5631,-44.7940
61990363,-110.50,-84.50,-57.5726,-32.8395
61994269,-301.50,-84.50,-43.1701,-11.7313
61998175,-221.50,-16.50,-10.9035,24.2929
62002081,14.50,-66.50,28.6396,59.1872
62005987,46.50,-143.50,29.0475,41.1934
62009893,-106.50,-159.50,-19.7134,-25.0761
62013799,-324.50,-187.50,-60.5698,-77.7912
62017705,-382.50,-277.50,-70.2110,-106.0651
62021611,-157.50,-284.50,-78.1062,-138.5082
62025517,-1.50,-273.50,-92.9173,-171.7921
62029423,-143.50,-292.50,-108.7451,-193.2676
62033329,-400.50,-350.50,-123.7053,-209.9388
62037235,-474.50,-383.50,-136.3124,-228.3498
62041141,-249.50,-376.50,-146.0018,-243.5733
62045047,-57.50,-368.50,-149.4910,-253.1770
62048953,-143.50,-367.50,-148.3195,-260.4882
62052859,-382.50,-413.50,-143.5971,-267.3070
62056765,-460.50,-408.50,-132.9997,-269.6492
62060671,-261.50,-345.50,-120.8742,-252.7181
62064577,-25.50,-335.50,-110.0044,-221.7033
62068483,-34.50,-277.50,-92.5345,-194.7736
62072389,-280.50,-292.50,-67.1822,-168.9952
62076295,-382.50,-318.50,-44.6110,-147.9344
62080201,-243.50,-296.50,-34.8439,-137.4323
62084107,-9.50,-264.50,-40.8816,-129.6211
62088013,-6.50,-239.50,-48.8590,-120.1106
62091919,-242.50,-258.50,-46.0867,-109.6571
62095825,-388.50,-249.50,-36.9984,-96.0450
62099731,-252.50,-236.50,-29.2108,-76.3829
62103637,7.50,-218.50,-23.7276,-60.2820
62107543,75.50,-209.50,-11.1457,-57.1515
62111449,-153.50,-190.50,10.0391,-55.2362
62115355,-340.50,-216.50,24.1424,-43.0517
62119261,-253.50,-223.50,22.4141,-31.4337
62123167,16.50,-153.50,14.6769,-21.8088
62127073,87.50,-117.50,14.3596,-1.6751
62130979,-111.50,-142.50,21.6176,18.9518
62134885,-307.50,-173.50,31.1182,24.5336
62138791,-266.50,-209.50,35.2024,15.1325
62142697,-2.50,-198.50,29.8163,-3.9763
62146603,123.50,-143.50,28.8326,-16.1982
62150509,-63.50,-164.50,38.1309,-11.8192
62154415,-271.50,-165.50,48.8678,-0.4283
62158321,-248.50,-159.50,56.7811,15.1717
62162227,13.50,-116.50,61.3896,34.9653
62166133,131.50,-109.50,62.2083,49.0314
62170039,-28.50,-110.50,56.7478,50.4821
62173945,-272.50,-126.50,48.1750,48.4746
62177851,-314.50,-190.50,36.7315,43.1494
62181757,-73.50,-166.50,20.6277,26.6942
62185663,87.50,-125.50,8.9528,14.6792
62189569,-29.50,-97.50,6.1305,21.8459
62193475,-282.50,-163.50,8.1108,33.3948
62197381,-325.50,-195.50,10.3987,27.9154
62201287,-107.50,-191.50,11.0016,10.3235
62205193,79.50,-158.50,9.4010,-3.0813
62209099,16.50,-130.50,10.4739,-3.7072
62213005,-240.50,-152.50,18.6384,7.4437
62216911,-343.50,-179.50,22.4218,18.4719
62220817,-131.50,-188.50,17.1867,19.0104
62224723,51.50,-148.50,9.0547,11.9339
62228629,10.50,-164.50,-0.7527,3.3386
62232535,-260.50,-205.50,-8.8932,-10.2463
62236441,-392.50,-209.50,-18.1898,-21.9622
62240347,-217.50,-206.50,-29.3082,-20.6234
62244253,47.50,-146.50,-29.5790,-9.1899
62248159,48.50,-141.50,-13.4275,4.6769
62252065,-210.50,-150.50,3.9001,13.6066
62255971,-348.50,-159.50,9.8717,21.3014
62259877,-223.50,-193.50,7.8862,26.2182
62263783,35.50,-143.50,3.2686,22.0390
62267689,70.50,-143.50,4.0811,16.4925
62271595,-194.50,-165.50,6.0331,10.7764
62275501,-362.50,-185.50,-0.0810,5.8879
62279407,-253.50,-143.50,-5.7268,14.4936
62283313,57.50,-78.50,3.0009,42.6777
62287219,80.50,-127.50,20.8531,63.8174
62291125,-194.50,-175.50,15.7666,46.6603
62295031,-368.50,-194.50,-11.1310,12.4158
62298937,-305.50,-209.50,-26.3912,-6.1838
62302843,-8.50,-146.50,-22.5808,-5.3051
62306749,80.50,-128.50,-8.0867,8.3405
62310655,-102.50,-97.50,5.6593,27.8345
62314561,-303.50,-115.50,17.6303,51.8724
62318467,-255.50,-164.50,32.4684,65.1553
62322373,14.50,-136.50,45.8584,55.5636
62326279,142.50,-98.50,54.9860,43.2521
62330185,-33.50,-117.50,57.5558,40.9719
62334091,-270.50,-126.50,54.8988,43.9497
62337997,-277.50,-126.50,50.8951,53.2721
62341903,-32.50,-134.50,45.2528,60.3385
62345809,141.50,-64.50,42.3120,61.0752
62349715,16.50,-42.50,47.9000,72.5487
62353621,-241.50,-93.50,56.8539,89.3325
62357527,-292.50,-144.50,57.7534,86.7208
62361433,-60.50,-128.50,49.4067,66.6231
62365339,114.50,-114.50,39.1607,47.1407
62369245,45.50,-104.50,35.8833,35.4383
62373151,-234.50,-110.50,41.2294,35.6402
62377057,-313.50,-143.50,41.9283,44.6704
62380963,-108.50,-117.50,34.1593,51.9866
62384869,98.50,-92.50,25.3705,55.5577
62388775,59.50,-57.50,23.0816,59.7842
62392681,-194.50,-77.50,31.7372,68.8869
62396587,-310.50,-132.50,41.2243,73.4249
62400493,-129.50,-130.50,41.9267,64.0014
62404399,111.50,-91.50,38.7633,52.3393
62408305,101.50,-64.50,41.0632,50.9628
62412211,-164.50,-84.50,46.8587,57.3789
62416117,-319.50,-136.50,45.1321,59.4820
62420023,-160.50,-169.50,36.9546,46.3614
62423929,67.50,-125.50,28.4371,25.8018
62427835,107.50,-63.50,23.6544,22.3651
62431741,-142.50,-88.50,26.6830,38.5590
62435647,-312.50,-109.50,30.9724,53.8068
62439553,-216.50,-101.50,27.7550,63.5323
62443459,34.50,-69.50,15.9442,72.0882
62447365,90.50,-40.50,4.6246,77.1688
62451271,-143.50,-94.50,-0.4863,71.5231
62455177,-336.50,-159.50,-2.8051,48.5031
62459083,-259.50,-193.50,-3.8868,16.2501
62462989,-26.50,-160.50,-10.0279,-8.5260
62466895,69.50,-143.50,-21.8301,-19.8521
62470801,-136.50,-150.50,-29.5054,-23.9875
62474707,-353.50,-186.50,-30.9944,-25.0143
62478613,-328.50,-206.50,-33.2431,-24.5953
62482519,-54.50,-166.50,-37.7338,-22.8648
62486425,85.50,-141.50,-34.2839,-19.1768
62490331,-90.50,-133.50,-23.1664,-15.7811
62494237,-334.50,-167.50,-16.8115,-11.7327
62498143,-308.50,-200.50,-14.8849,-9.6835
62502049,-36.50,-169.50,-6.5159,-11.6306
62505955,113.50,-101.50,7.2493,-6.6548
62509861,-11.50,-96.50,17.7751,9.1524
62513767,-236.50,-135.50,29.7347,22.0952
62517673,-280.50,-158.50,42.7726,25.1396
62521579,-34.50,-114.50,47.8085,28.4589
62525485,153.50,-86.50,49.1617,36.7472
62529391,61.50,-47.50,54.1690,46.2262
62533297,-207.50,-79.50,60.1858,57.9106
62537203,-287.50,-120.50,58.4536,65.3012
62541109,-77.50,-88.50,48.3749,65.9282
62545015,112.50,-68.50,35.7136,65.4651
62548921,64.50,-93.50,27.2113,54.9222
62552827,-201.50,-150.50,28.2828,28.4764
62556733,-331.50,-160.50,27.2304,4.6251
62560639,-124.50,-149.50,18.7746,0.5777
62564545,97.50,-146.50,14.1318,2.0047
62568451,78.50,-111.50,15.6689,-4.4406
62572357,-178.50,-152.50,20.0595,-10.0590
62576266,-303.50,-177.50,25.1279,-11.8609
62580172,-138.50,-138.50,30.7435,-5.2452
62584078,102.50,-92.50,34.8661,13.3322
62587984,107.50,-76.50,34.6615,30.0599
62591890,-149.50,-100.50,30.2893,35.0177
62595796,-302.50,-126.50,25.3561,34.5002
62599702,-191.50,-134.50,22.6304,34.4621
62603608,60.50,-113.50,17.5855,30.7294
62607514,117.50,-91.50,13.5243,22.0865
62611420,-126.50,-85.50,13.6489,19.0561
62615326,-317.50,-117.50,11.6271,27.4483
62619232,-239.50,-150.50,5.9287,33.2648
62623138,49.50,-116.50,3.0840,26.5818
62627044,97.50,-79.50,4.3482,19.3486
62630950,-117.50,-130.50,-1.5821,13.4833
62634856,-325.50,-149.50,-11.5572,3.2088
62638762,-281.50,-154.50,-16.2146,-0.5731
62642668,-15.50,-140.50,-18.6297,2.2806
62646574,73.50,-90.50,-23.0064,3.9886
62650480,-97.50,-86.50,-30.1178,10.0199
62654386,-338.50,-131.50,-34.4109,18.2512
62658292,-349.50,-165.50,-40.2415,17.3905
62662198,-92.50,-160.50,-52.6594,4.7651
62666104,61.50,-139.50,-59.8888,-13.3381
62670010,-89.50,-152.50,-57.4718,-29.9071
62673916,-328.50,-179.50,-51.2334,-39.6253
62677822,-365.50,-196.50,-47.4480,-39.5938
62681728,-126.50,-192.50,-50.6134,-36.7106
62685634,51.50,-143.50,-55.3900,-36.6860
62689540,-68.50,-144.50,-56.9552,-35.6942
62693446,-313.50,-170.50,-54.9606,-33.2817
62697352,-344.50,-175.50,-45.1876,-27.3042
62701258,-92.50,-150.50,-24.3455,-14.7051
62705164,127.50,-142.50,2.5067,-6.6444
62709070,62.50,-141.50,26.3564,-13.4083
62712976,-206.50,-174.50,40.5587,-26.3182
62716882,-301.50,-184.50,42.2728,-31.3674
62720788,-104.50,-155.50,37.0040,-22.9444
62724694,100.50,-106.50,28.9946,-5.6736
62728600,67.50,-75.50,20.5057,12.9841
62732506,-198.50,-108.50,16.6598,26.8307
62736412,-353.50,-147.50,10.5642,29.5066
62740318,-186.50,-162.50,-3.4422,20.1938
62744224,41.50,-146.50,-17.9413,2.8986
62748130,31.50,-142.50,-28.5786,-16.3528
62752036,-218.50,-114.50,-34.8132,-22.2429
62755942,-357.50,-168.50,-33.5757,-10.5217
62759848,-223.50,-169.50,-25.8922,-1.8416
62763754,39.50,-94.50,-18.6592,3.8954
62767660,79.50,-82.50,-12.4009,17.5706
62771566,-154.50,-90.50,-6.0475,28.5918
62775472,-339.50,-122.50,-2.4447,32.9446
62779378,-241.50,-143.50,-2.5197,32.3855
62783284,13.50,-123.50,-6.1785,24.5039
62787190,79.50,-111.50,-11.1936,11.7810
62791096,-138.50,-134.50,-15.4597,-1.9009
62795002,-346.50,-162.50,-18.0897,-11.5549
62798908,-303.50,-196.50,-22.3984,-17.2412
62802814,-47.50,-176.50,-32.5528,-25.7263
62806720,63.50,-157.50,-41.1133,-36.5280
62810626,-148.50,-165.50,-45.6186,-44.8702
62814532,-365.50,-185.50,-50.2441,-46.4710
62818438,-353.50,-197.50,-53.5359,-40.1644
62822344,-92.50,-192.50,-56.5178,-35.3537
62826250,49.50,-160.50,-56.9778,-38.5888
62830156,-105.50,-181.50,-52.8902,-46.5731
62834062,-318.50,-226.50,-42.4286,-58.1028
62837968,-336.50,-214.50,-27.2110,-64.4307
62841874,-79.50,-175.50,-16.5192,-53.2555
62845780,84.50,-145.50,-11.3362,-33.8175
62849686,-38.50,-144.50,-9.0985,-22.5955
62853592,-303.50,-180.50,-9.9328,-21.6200
62857498,-328.50,-175.50,-10.0507,-20.6140
62861404,-90.50,-173.50,-2.9358,-14.4778
62865310,97.50,-121.50,7.0232,-8.2598
62869216,-0.50,-132.50,9.6079,-4.6167
62873122,-238.50,-117.50,9.6186,1.1465
62877028,-303.50,-157.50,17.7473,12.5673
62880934,-98.50,-144.50,30.4856,19.6822
62884840,125.50,-112.50,39.0171,18.8675
62888746,86.50,-90.50,45.8150,18.8708
62892652,-174.50,-131.50,53.7322,19.9490
62896558,-301.50,-124.50,55.6975,22.5783
62900464,-127.50,-144.50,49.1184,27.8440
62904370,126.50,-121.50,44.0374,25.3678
62908276,125.50,-70.50,50.2151,21.4924
62912182,-174.50,-111.50,54.6681,26.8729
62916088,-332.50,-134.50,40.2870,30.6239
62919994,-195.50,-123.50,18.1338,31.6644
62923900,48.50,-93.50,2.2510,35.4244
62927806,87.50,-62.50,-3.1047,40.2622
62931712,-154.50,-94.50,1.7741,42.9563
62935618,-312.50,-144.50,11.0713,36.9294
62939524,-190.50,-132.50,22.6988,26.7105
62943430,75.50,-79.50,33.5872,27.9969
62947336,138.50,-60.50,40.8020,39.9339
62951242,-78.50,-53.50,45.2247,51.5529
62955148,-276.50,-69.50,48.5683,63.9632
62959054,-206.50,-106.50,50.1104,71.9168
62962960,75.50,-78.50,50.9061,66.1098
62966866,144.50,-72.50,51.4783,52.4736
62970772,-73.50,-96.50,42.6331,36.3982
62974678,-290.50,-127.50,27.7611,21.9884
62978584,-256.50,-121.50,19.3606,18.4281
62982490,22.50,-108.50,19.3978,23.8356
62986396,147.50,-86.50,25.7262,25.5441
62990302,-30.50,-72.50,30.0536,24.2255
62994208,-261.50,-110.50,29.9141,26.9114
62998114,-264.50,-128.50,29.9817,28.8651
63002020,-13.50,-88.50,28.8733,30.5566
63005926,129.50,-64.50,24.1804,35.8603
63009832,-16.50,-62.50,15.3034,39.4497
63013738,-277.50,-106.50,5.5174,37.2105
63017644,-317.50,-158.50,-2.4928,25.4206
63021550,-46.50,-127.50,-2.6927,8.8015
63025456,182.50,-64.50,16.1006,6.4944
63029362,48.50,-37.50,40.8267,24.4126
63033268,-255.50,-90.50,40.6975,42.6190
63037174,-342.50,-152.50,14.1330,38.3995
63041080,-82.50,-138.50,-5.9458,16.5512
63044986,110.50,-98.50,-4.1285,0.4570
63048892,34.50,-95.50,-0.4521,-3.8935
63052798,-226.50,-95.50,-3.0936,-0.5358
63056704,-354.50,-123.50,-7.7575,10.6334
63060610,-165.50,-112.50,-16.9099,22.1283
63064516,55.50,-85.50,-28.8150,25.9368
63068422,28.50,-98.50,-38.2090,18.0010
63072328,-241.50,-90.50,-42.3931,6.6482
63076234,-368.50,-128.50,-41.9334,6.7081
63080140,-217.50,-150.50,-39.5666,8.3638
63084046,31.50,-111.50,-40.7615,1.2275
63087952,53.50,-93.50,-42.0779,-5.5297
63091858,-185.50,-120.50,-35.5500,-9.1052
63095764,-344.50,-168.50,-23.2663,-15.1783
63099670,-258.50,-154.50,-19.1790,-20.7058
63103576,-15.50,-136.50,-34.9842,-20.9495
63107482,45.50,-105.50,-54.7613,-20.2941
63111388,-194.50,-109.50,-61.0420,-18.1997
63115294,-385.50,-148.50,-58.9815,-13.2688
63119200,-297.50,-172.50,-55.5837,-13.1152
63123106,-47.50,-144.50,-56.3099,-19.7455
63127012,50.50,-108.50,-59.8848,-24.6952
63130918,-142.50,-98.50,-56.1460,-20.3942
63134824,-328.50,-153.50,-39.7200,-12.7581
63138730,-278.50,-152.50,-17.8256,-10.2620
63142636,-28.50,-93.50,-6.8971,-2.8960
63146542,112.50,-70.50,-6.1472,12.6877
63150448,-78.50,-81.50,-4.2399,20.6882
63154354,-300.50,-129.50,-0.6399,15.6552
63158260,-305.50,-141.50,1.1075,6.9185
63162166,-64.50,-104.50,-4.9152,5.5624
63166072,85.50,-109.50,-15.9096,5.7043
63169978,-54.50,-106.50,-21.3739,-4.1671
63173884,-289.50,-137.50,-16.5681,-14.3315
63177790,-303.50,-144.50,-4.4580,-13.6345
63181696,-41.50,-111.50,10.5097,-3.4025
63185602,143.50,-96.50,26.0537,5.7466
63189508,7.50,-79.50,33.0260,6.5298
63193414,-269.50,-132.50,24.0996,2.5841
63197320,-352.50,-148.50,4.3011,-3.2631
63201226,-125.50,-134.50,-14.3698,-6.5005
63205132,70.50,-85.50,-23.7933,-3.6828
63209038,-10.50,-101.50,-27.4458,-1.1149
63212944,-254.50,-146.50,-26.2103,-8.5558
63216850,-334.50,-204.50,-16.0600,-26.9615
63220756,-132.50,-160.50,-1.7196,-42.0839
63224662,80.50,-115.50,5.6794,-38.8858
63228568,80.50,-132.50,9.6585,-30.4348
63232474,-196.50,-168.50,18.6317,-35.7086
63236380,-342.50,-188.50,20.2948,-45.1622
63240286,-173.50,-165.50,10.6177,-43.7120
63244192,60.50,-108.50,0.6494,-30.6732
63248098,67.50,-99.50,-4.4394,-15.8990
63252004,-196.50,-137.50,-6.0162,-11.3192
63255910,-335.50,-164.50,-5.5077,-15.4550
63259816,-213.50,-158.50,-2.2493,-17.8514
63263722,54.50,-88.50,0.3256,-11.2103
63267628,70.50,-73.50,-0.4284,3.0413
63271534,-154.50,-128.50,-4.1940,7.8624
63275440,-366.50,-164.50,-10.1808,-3.4206
63279346,-268.50,-202.50,-19.2196,-21.5420
63283252,16.50,-156.50,-23.9869,-39.8098
63287158,89.50,-102.50,-17.3132,-44.2802
63291064,-108.50,-100.50,-6.0016,-28.0466
63294970,-334.50,-211.50,2.0369,-17.8152
63298876,-296.50,-221.50,-1.5721,-35.4725
63302782,10.50,-137.50,-8.7038,-51.1773
63306688,119.50,-137.50,-1.5916,-45.6347
63310594,-89.50,-130.50,7.3277,-38.5027
63314500,-303.50,-175.50,7.2359,-33.8310
63318406,-298.50,-210.50,5.6299,-32.5746
63322312,-18.50,-159.50,4.7566,-36.6939
63326218,102.50,-112.50,4.6025,-35.0567
63330124,-62.50,-101.50,-0.1412,-23.9359
63334030,-298.50,-186.50,-5.7890,-16.8523
63337936,-306.50,-228.50,-3.2292,-28.7114
63341842,-57.50,-192.50,3.2353,-48.6009
63345748,115.50,-168.50,7.6099,-60.8031
63349654,-10.50,-160.50,8.9852,-66.3374
63353560,-302.50,-146.50,3.6873,-56.6129
63357466,-340.50,-166.50,-8.0650,-27.7263
63361372,-134.50,-172.50,-18.7914,-6.5229
63365278,51.50,-159.50,-30.2324,-14.2520
63369184,-40.50,-125.50,-42.6532,-32.8334
63373090,-300.50,-169.50,-48.3459,-37.9089
63376996,-367.50,-187.50,-43.9782,-31.7339
63380902,-152.50,-183.50,-31.8107,-25.2358
63384808,57.50,-149.50,-22.0387,-25.3342
63388714,-0.50,-157.50,-22.3774,-34.3775
63392620,-255.50,-244.50,-26.3301,-56.0018
63396526,-372.50,-208.50,-26.1068,-74.6826
63400432,-176.50,-203.50,-20.4099,-65.8519
63404338,55.50,-144.50,-12.8921,-43.6994
63408244,54.50,-109.50,-7.2787,-24.9552
63412150,-202.50,-111.50,-2.1618,-5.2811
63416056,-356.50,-127.50,0.6949,17.2634
63419962,-182.50,-129.50,3.8973,35.3225
63423868,70.50,-111.50,12.4258,37.4877
63427774,107.50,-73.50,22.6025,29.0044
63431680,-134.50,-111.50,31.1219,23.2616
63435586,-300.50,-125.50,38.1226,23.7165
63439492,-200.50,-126.50,41.9643,30.5533
63443398,48.50,-115.50,37.1078,33.7363
63447304,87.50,-93.50,23.1792,24.8116
63451210,-148.50,-136.50,5.4994,9.7071
63455116,-332.50,-177.50,-5.4455,-5.8011
63459022,-261.50,-172.50,-4.1025,-14.0602
63462928,-0.50,-143.50,-0.8773,-12.5530
63466834,94.50,-111.50,-1.3327,-8.9002
63470740,-117.50,-140.50,-4.4438,-9.1670
63474646,-362.50,-172.50,-13.2358,-13.1257
63478552,-322.50,-191.50,-25.7990,-16.5883
63482458,-56.50,-160.50,-33.5067,-18.8961
63486364,71.50,-141.50,-33.1992,-22.5276
63490270,-104.50,-141.50,-31.0644,-26.3932
63494176,-339.50,-161.50,-29.6326,-23.4794
63498082,-346.50,-192.50,-28.4473,-15.7783
63501988,-105.50,-218.50,-31.7797,-22.4590
63505894,64.50,-175.50,-37.0032,-45.4052
63509800,-68.50,-152.50,-36.2158,-57.3046
63513706,-354.50,-171.50,-35.5002,-45.9864
63517612,-335.50,-185.50,-34.8419,-26.1378
63521518,-79.50,-158.50,-18.4392,-10.6687
63525424,118.50,-131.50,7.2254,-3.5378
63529330,28.50,-128.50,26.3301,-4.4649
63533236,-213.50,-171.50,41.3847,-10.1322
63537142,-269.50,-172.50,57.0938,-12.7264
63541048,-46.50,-143.50,70.9791,-4.0221
63544954,151.50,-111.50,76.3195,9.6215
63548860,91.50,-92.50,72.9634,18.1235
63552766,-164.50,-123.50,71.1041,22.3387
63556672,-276.50,-173.50,72.7523,20.2778
63560578,-112.50,-164.50,67.7092,10.5810
63564484,119.50,-110.50,53.7745,4.7929
63568390,76.50,-77.50,39.9649,12.5374
63572296,-192.50,-114.50,28.9389,25.2489
63576202,-319.50,-164.50,21.4731,27.1617
63580108,-172.50,-175.50,19.1136,15.5097
63584014,53.50,-137.50,12.8455,1.0668
63587920,70.50,-99.50,1.9600,-3.5411
63591826,-176.50,-126.50,-3.1187,2.2272
63595732,-306.50,-158.50,3.7840,8.5130
63599638,-212.50,-164.50,15.3519,10.8841
63603544,46.50,-132.50,15.5247,9.7679
63607450,113.50,-114.50,12.0754,5.5864
63611356,-104.50,-152.50,19.3799,-2.9604
63615266,-301.50,-164.50,30.0322,-10.3550
63619172,-228.50,-181.50,31.7557,-8.8454
63623078,31.50,-152.50,23.6723,-5.8596
63626984,110.50,-116.50,15.1782,-5.9789
63630890,-86.50,-113.50,12.1776,-2.1831
63634796,-312.50,-148.50,12.6201,6.6637
63638702,-274.50,-161.50,9.3796,13.9736
63642608,-13.50,-143.50,1.4052,14.6405
63646514,110.50,-100.50,-2.6899,11.6864
63650420,-81.50,-115.50,-3.0795,10.2580
63654326,-317.50,-148.50,-6.1162,9.5735
63658232,-312.50,-175.50,-11.4581,7.8340
63662138,-68.50,-158.50,-18.0854,3.5802
63666044,54.50,-160.50,-28.6650,-8.1873
63669950,-90.50,-175.50,-42.3700,-29.0798
63673856,-361.50,-211.50,-54.3574,-48.3998
63677762,-428.50,-280.50,-71.4099,-64.3330
63681668,-217.50,-285.50,-99.8563,-87.7137
63685574,-63.50,-270.50,-130.4838,-114.9617
63689480,-201.50,-312.50,-156.4177,-141.8906
63693386,-447.50,-346.50,-172.8914,-168.2414
63697292,-526.50,-372.50,-178.0331,-183.1813
63701198,-339.50,-422.50,-184.7081,-194.3717
63705104,-171.50,-413.50,-203.8913,-220.2781
63709010,-303.50,-410.50,-236.2132,-249.4557
63712916,-587.50,-486.50,-275.1618,-271.3551
63716822,-696.50,-515.50,-306.4178,-290.9620
63720728,-516.50,-512.50,-323.0322,-302.2895
63724634,-310.50,-527.50,-331.4864,-310.4534
63728540,-350.50,-481.50,-336.3905,-320.5440
63732446,-654.50,-540.50,-343.6621,-323.7720
63736352,-801.50,-600.50,-361.6664,-330.4338
63740258,-640.50,-641.50,-380.9015,-351.5978
63744164,-416.50,-616.50,-390.8398,-377.6539
63748070,-431.50,-625.50,-395.8250,-397.3680
63751976,-704.50,-694.50,-402.2852,-416.7633
63755882,-868.50,-687.50,-411.0676,-432.0907
63759788,-724.50,-737.50,-413.9167,-433.2219
63763694,-457.50,-744.50,-404.4727,-440.3039
63767600,-381.50,-700.50,-380.8059,-455.2004
63771506,-614.50,-700.50,-348.7910,-452.9696
63775412,-810.50,-749.50,-326.2222,-437.1865
63779318,-713.50,-772.50,-319.5729,-428.3471
63783224,-476.50,-728.50,-323.0834,-425.3990
63787130,-370.50,-692.50,-324.8314,-415.3290
63791036,-593.50,-717.50,-315.1580,-402.2150
63794942,-804.50,-742.50,-302.9936,-394.2270
63798848,-735.50,-751.50,-294.3113,-385.7967
63802754,-417.50,-696.50,-276.4959,-369.1409
63806660,-262.50,-653.50,-237.2665,-343.8437
63810566,-431.50,-655.50,-188.6244,-319.2978
63814472,-655.50,-658.50,-152.0800,-298.4926
63818378,-648.50,-655.50,-136.0555,-273.4601
63822284,-390.50,-590.50,-136.4691,-240.6621
63826190,-249.50,-591.50,-140.4071,-212.0429
63830096,-394.50,-575.50,-138.8078,-200.9242
63834002,-643.50,-591.50,-131.0728,-194.5545
63837908,-618.50,-592.50,-115.9307,-178.5232
63841814,-328.50,-534.50,-86.4504,-152.2083
63845720,-163.50,-512.50,-51.5357,-123.7203
63849626,-303.50,-512.50,-35.1664,-108.3760
63853532,-512.50,-466.50,-30.2155,-93.4460
63857438,-512.50,-456.50,-7.2606,-56.2519
63861344,-319.50,-418.50,23.9194,-10.3210
63865250,-131.50,-402.50,31.8060,18.9500
63869156,-193.50,-408.50,26.0052,23.5910
63873062,-411.50,-399.50,36.8363,20.5053
63876968,-442.50,-396.50,71.7538,32.5305
63880874,-205.50,-364.50,118.3180,58.1804
63884780,59.50,-268.50,163.3950,92.6508
63888686,48.50,-192.50,205.3332,143.0583
63892592,-200.50,-218.50,240.6705,195.4730
63896498,-273.50,-255.50,266.4038,220.6694
63900404,-56.50,-219.50,293.3542,223.0841
63904310,153.50,-156.50,316.0253,231.1732
63908216,151.50,-129.50,320.2410,250.8480
63912122,-122.50,-120.50,311.9201,272.2236
63916028,-261.50,-127.50,299.9945,293.6664
63919934,-79.50,-114.50,297.2247,313.2593
63923840,174.50,-68.50,308.7164,327.0827
63927746,221.50,-10.50,324.2921,341.0439
63931652,-13.50,15.50,337.9849,365.1125
63935558,-192.50,-6.50,344.5164,394.2236
63939464,-65.50,-40.50,343.8033,406.9892
63943370,182.50,45.50,340.2378,405.7071
63947276,240.50,83.50,333.7613,414.9084
63951182,43.50,68.50,330.3916,429.3113
63955088,-152.50,27.50,335.7456,430.9527
63958994,-94.50,45.50,338.5382,426.7209
63962900,188.50,79.50,333.1195,429.4641
63966806,288.50,144.50,331.4123,440.4045
63970712,113.50,147.50,337.7567,455.9888
63974618,-76.50,133.50,351.7909,470.4717
63978524,-36.50,112.50,368.9059,478.1319
63982430,210.50,128.50,374.8246,474.7474
63986336,349.50,177.50,369.3446,465.5600
63990242,162.50,174.50,360.4482,460.3021
63994148,-84.50,124.50,347.2470,454.1691
63998054,-118.50,57.50,326.4289,434.1346
64001960,84.50,68.50,293.5655,400.9121
64005866,208.50,77.50,250.9676,368.1171
64009772,23.50,-9.50,205.4493,328.1192
64013678,-303.50,-107.50,153.0490,264.7236
64017584,-361.50,-139.50,95.4568,198.5808
64021490,-149.50,-165.50,50.5118,153.9408
64025396,-64.50,-154.50,10.6161,122.3114
64029302,-256.50,-191.50,-52.8851,90.4539
64033208,-564.50,-294.50,-132.1478,48.6926
64037114,-598.50,-334.50,-185.7195,-0.0642
64041020,-377.50,-324.50,-192.2462,-33.8534
64044926,-228.50,-318.50,-184.3154,-50.1755
64048832,-262.50,-347.50,-188.2776,-69.0005
64052738,-563.50,-408.50,-193.5174,-97.8678
64056644,-650.50,-444.50,-198.7078,-125.3597
64060550,-422.50,-458.50,-194.8187,-143.4297
64064456,-241.50,-410.50,-182.7605,-153.1963
64068362,-266.50,-421.50,-182.1129,-157.7720
64072268,-524.50,-447.50,-186.1311,-162.4457
64076174,-637.50,-453.50,-182.1936,-160.7475
64080080,-490.50,-472.50,-174.1797,-151.5387
64083986,-253.50,-448.50,-171.8473,-150.8605
64087892,-229.50,-399.50,-170.5291,-153.7547
64091798,-447.50,-384.50,-156.7585,-139.2596
64095704,-559.50,-336.50,-127.0711,-97.8791
64099610,-378.50,-294.50,-83.4641,-36.7624
64103516,-104.50,-287.50,-36.7213,11.7623
64107422,-21.50,-237.50,3.4416,28.8316
64111328,-244.50,-236.50,35.5207,36.0598
64115234,-432.50,-271.50,53.5878,46.2471
64119140,-303.50,-254.50,62.2996,55.5896
64123046,16.50,-162.50,83.1272,75.4772
64126952,102.50,-128.50,119.4539,109.6818
64130858,-97.50,-116.50,149.4576,140.5422
64134764,-310.50,-92.50,161.8843,168.0119
64138670,-239.50,-91.50,163.9166,199.5883
64142576,55.50,-34.50,169.2343,226.7072
64146482,174.50,14.50,184.4148,247.5566
64150388,22.50,17.50,203.8995,264.4573
64154294,-194.50,-25.50,224.4430,272.0434
64158200,-173.50,-9.50,239.6089,273.2009
64162106,110.50,70.50,247.3117,286.5642
64166012,271.50,86.50,257.7796,311.0829
64169918,148.50,107.50,274.9168,326.7113
64173824,-85.50,75.50,294.8336,332.9197
64177730,-85.50,69.50,311.2323,335.9437
64181636,166.50,131.50,321.1212,342.8401
64185542,353.50,138.50,327.2476,352.5728
64189448,260.50,134.50,335.3032,349.9687
64193354,23.50,157.50,349.3873,346.5630
64197260,-32.50,139.50,362.0143,359.3189
64201166,182.50,158.50,362.3547,372.3708
64205072,367.50,189.50,349.7988,372.5751
64208978,299.50,200.50,335.0741,366.5414
64212884,50.50,153.50,330.4267,358.1862
64216790,-64.50,108.50,328.7476,342.2348
64220696,112.50,94.50,314.2273,316.3362
64224602,327.50,139.50,290.2450,290.8950
64228508,281.50,117.50,270.8131,273.0689
64232414,17.50,100.50,259.4207,258.5652
64236320,-92.50,115.50,253.3764,256.0982
64240226,67.50,122.50,250.5235,269.3936
64244132,311.50,135.50,246.5323,276.4663
64248038,320.50,165.50,244.5354,270.1088
64251944,95.50,129.50,251.1677,262.1232
64255850,-41.50,80.50,264.5470,250.6241
64259756,103.50,70.50,277.2296,231.0203
64263662,321.50,101.50,277.1668,211.2753
64267568,347.50,127.50,260.7391,200.6466
64271474,111.50,99.50,241.1937,197.5007
64275380,-70.50,61.50,228.2570,192.4922
64279286,35.50,70.50,221.1496,185.3528
64283192,304.50,133.50,219.1192,187.0818
64287098,369.50,176.50,220.9868,202.3649
64291004,171.50,171.50,223.6712,221.3108
64294910,-15.50,157.50,228.9205,235.4129
64298816,52.50,130.50,235.8776,240.2881
64302722,319.50,160.50,239.1736,232.7289
64306628,397.50,178.50,235.7257,219.5258
64310534,196.50,181.50,222.0501,210.2791
64314440,-58.50,112.50,199.0350,202.1161
64318346,-74.50,95.50,166.0992,186.1717
64322252,181.50,114.50,129.6532,167.5032
64326158,330.50,125.50,110.2745,151.5614
64330064,186.50,126.50,113.4283,137.8341
64333970,-32.50,105.50,128.2688,132.3404
64337876,-56.50,55.50,140.3402,129.4436
64341782,201.50,101.50,141.7988,121.6045
64345688,363.50,131.50,139.7452,117.6818
64349594,213.50,127.50,133.6080,117.3986
64353500,-77.50,63.50,113.5275,108.8237
64357406,-161.50,28.50,78.3000,88.7748
64361312,52.50,29.50,39.8393,65.2147
64365218,235.50,31.50,12.7972,41.4640
64369124,150.50,28.50,0.8222,17.0023
64373030,-116.50,-17.50,-1.8743,-3.0224
64376936,-205.50,-47.50,-4.9773,-16.8145
64380842,-12.50,-32.50,-12.9508,-24.7587
64384748,202.50,14.50,-22.6098,-25.3568
64388654,135.50,43.50,-31.3717,-17.5340
64392560,-141.50,-33.50,-42.4024,-13.7571
64396466,-260.50,-66.50,-56.3758,-27.5625
64400372,-85.50,-78.50,-66.8758,-49.1431
64404278,137.50,-78.50,-73.4135,-72.1353
64408184,121.50,-14.50,-79.2340,-87.9667
64412090,-130.50,-47.50,-82.8981,-83.1253
64415996,-270.50,-90.50,-82.9505,-73.4279
64419902,-128.50,-98.50,-81.0445,-75.4752
64423808,181.50,-47.50,-70.6890,-81.1767
64427714,229.50,34.50,-41.9056,-70.7952
64431620,-86.50,-32.50,-22.6427,-49.8273
64435526,-339.50,-136.50,-52.2135,-57.5053
64439432,-232.50,-143.50,-110.9007,-96.0193
64443338,50.50,-94.50,-147.6757,-124.7086
64447244,112.50,-44.50,-148.9431,-125.0715
64451150,-140.50,-56.50,-142.1623,-109.7030
64455056,-316.50,-79.50,-141.4299,-92.8445
64458962,-232.50,-93.50,-134.7231,-79.7677
64462868,16.50,-53.50,-126.6818,-72.9025
64466774,103.50,-46.50,-129.8193,-75.4643
64470680,-70.50,-69.50,-134.3740,-88.8803
64474586,-274.50,-136.50,-124.3157,-108.1810
64478492,-252.50,-171.50,-107.8867,-128.5212
64482398,21.50,-100.50,-100.9911,-138.3618
64486304,166.50,-62.50,-96.8710,-128.8102
64490210,-10.50,-53.50,-90.0634,-112.2998
64494116,-239.50,-49.50,-84.0848,-92.4071
64498022,-252.50,-84.50,-80.2026,-68.9840
64501928,33.50,-44.50,-75.9804,-54.7084
64505834,178.50,-14.50,-68.4169,-51.6685
64509740,65.50,-20.50,-61.1989,-55.9525
64513646,-206.50,-77.50,-55.7635,-66.0441
64517552,-268.50,-100.50,-59.2339,-76.6116
64521458,-53.50,-76.50,-76.7720,-81.0349
64525364,125.50,-73.50,-98.6160,-86.1295
64529270,19.50,-79.50,-114.7068,-102.4176
64533176,-247.50,-112.50,-122.0819,-119.5768
64537082,-316.50,-160.50,-122.9350,-128.2895
64540988,-95.50,-159.50,-118.9408,-136.1804
64544894,69.50,-106.50,-121.1734,-143.8483
64548800,67.50,-67.50,-127.6758,-139.9642
64552706,-199.50,-113.50,-118.0720,-126.9623
64556612,-301.50,-126.50,-100.8456,-116.0551
64560518,-109.50,-120.50,-90.6051,-107.4172
64564424,103.50,-110.50,-88.9007,-107.2352
64568330,80.50,-77.50,-95.4017,-117.2260
64572236,-175.50,-114.50,-101.2456,-123.9902
64576142,-319.50,-133.50,-102.6395,-122.1669
64580048,-152.50,-104.50,-100.7598,-109.9798
64583954,126.50,-42.50,-90.9557,-87.9271
64587860,143.50,-38.50,-73.0573,-69.8208
64591766,-90.50,-79.50,-56.6694,-69.8045
64595672,-236.50,-74.50,-42.9610,-74.6133
64599578,-116.50,-80.50,-29.3509,-66.0421
64603484,129.50,-32.50,-24.3114,-53.2145
64607390,178.50,-4.50,-29.4970,-45.3843
64611296,-73.50,-22.50,-39.7766,-41.1930
64615202,-256.50,-42.50,-50.3239,-36.3364
64619108,-168.50,-66.50,-53.2028,-30.9341
64623014,79.50,-24.50,-52.7902,-30.8832
64626920,154.50,-31.50,-58.1631,-39.0004
64630826,-31.50,-8.50,-63.3450,-48.3249
64634732,-177.50,24.50,-48.2650,-33.5552
64638638,-220.50,-63.50,-27.4859,-6.6346
64642544,-28.50,-78.50,-49.6800,-16.1507
64646450,80.50,-69.50,-104.2782,-57.8278
64650356,-80.50,-63.50,-140.1563,-91.0997
64654266,-297.50,-85.50,-142.0280,-98.1081
64658172,-277.50,-92.50,-125.6835,-86.6707
64662078,-24.50,-79.50,-108.7318,-73.9876
64665984,105.50,-55.50,-100.9644,-71.2297
64669890,-33.50,-57.50,-103.9419,-76.7050
64673796,-266.50,-89.50,-106.8083,-82.5298
64677702,-316.50,-117.50,-107.0688,-85.9677
64681608,-62.50,-51.50,-108.6544,-80.1085
64685514,130.50,-32.50,-102.3044,-62.8451
64689420,9.50,-46.50,-90.5313,-54.2192
64693326,-255.50,-65.50,-88.2605,-59.8277
64697232,-310.50,-101.50,-94.0986,-65.8827
64701138,-80.50,-93.50,-94.4424,-70.6967
64705044,130.50,-32.50,-84.7079,-71.0097
64708950,48.50,-15.50,-74.3738,-60.5354
64712856,-220.50,-38.50,-73.4795,-46.8037
64716762,-303.50,-60.50,-78.2505,-37.5996
64720668,-74.50,-47.50,-72.3182,-31.9209
64724574,112.50,-13.50,-59.1477,-28.5174
64728480,65.50,11.50,-59.9217,-25.7504
64732386,-184.50,-40.50,-70.5637,-26.2639
64736292,-314.50,-46.50,-76.5226,-30.3915
64740198,-156.50,-32.50,-78.6667,-27.2168
64744104,75.50,-56.50,-81.8843,-26.9565
64748010,82.50,-25.50,-84.1239,-42.8509
64751916,-156.50,-36.50,-80.9785,-55.0190
64755822,-300.50,-81.50,-73.0617,-55.0691
64759728,-190.50,-66.50,-67.6482,-52.6902
64763634,70.50,-9.50,-69.4687,-43.8444
64767540,109.50,25.50,-70.1892,-26.0312
64771446,-132.50,-13.50,-68.5605,-13.4403
64775352,-303.50,-52.50,-68.8348,-16.7363
64779258,-218.50,-78.50,-68.8807,-30.2440
64783164,48.50,-24.50,-68.7837,-40.7348
64787070,127.50,17.50,-65.1334,-36.6339
64790976,-90.50,11.50,-59.6900,-22.1192
64794882,-282.50,-54.50,-56.4268,-15.3976
64798788,-218.50,-88.50,-51.4211,-27.4295
64802694,49.50,-48.50,-44.1034,-45.8854
64806600,141.50,-12.50,-38.7588,-52.6157
64810506,-60.50,-41.50,-42.5021,-52.6200
64814412,-284.50,-81.50,-53.0047,-57.7760
64818318,-262.50,-111.50,-60.1414,-66.5908
64822224,9.50,-92.50,-59.0731,-75.5478
64826130,127.50,-63.50,-53.4010,-83.5014
64830036,-52.50,-72.50,-56.8197,-89.6934
64833942,-320.50,-157.50,-74.4435,-101.8576
64837848,-338.50,-181.50,-96.2344,-123.4224
64841754,-81.50,-143.50,-108.0645,-137.2346
64845660,62.50,-159.50,-108.8441,-143.0306
64849566,-45.50,-121.50,-107.7918,-151.3790
64853472,-311.50,-137.50,-105.8872,-147.1609
64857378,-364.50,-205.50,-106.3568,-136.2214
64861284,-143.50,-175.50,-111.0926,-138.0850
64865190,53.50,-138.50,-114.3312,-142.7098
64869096,-56.50,-123.50,-116.7673,-140.9137
64873002,-335.50,-188.50,-125.3534,-141.5120
64876908,-428.50,-238.50,-139.9347,-153.6305
64880814,-213.50,-202.50,-149.7211,-165.7553
64884720,11.50,-185.50,-147.2332,-166.8323
64888626,-20.50,-147.50,-134.2522,-163.0558
64892532,-284.50,-173.50,-118.4457,-154.7168
64896438,-387.50,-175.50,-107.1718,-138.7581
64900344,-192.50,-159.50,-96.6379,-117.1188
64904250,50.50,-105.50,-83.2381,-96.3235
64908156,37.50,-59.50,-71.7557,-77.8092
64912062,-233.50,-89.50,-68.3073,-61.1293
64915968,-367.50,-108.50,-71.3282,-49.5543
64919874,-193.50,-66.50,-66.8224,-34.1107
64923780,78.50,-64.50,-48.7244,-17.0936
64927686,63.50,-124.50,-33.9085,-29.7718
64931592,-213.50,-175.50,-43.1060,-78.1077
64935498,-349.50,-162.50,-61.4156,-116.0191
64939404,-255.50,-168.50,-64.7869,-114.6625
64943310,-0.50,-127.50,-64.0067,-97.1478
64947216,64.50,-113.50,-65.9165,-86.7358
64951122,-168.50,-144.50,-65.2663,-87.5557
64955028,-350.50,-125.50,-61.8440,-85.9683
64958934,-274.50,-150.50,-55.1268,-71.8112
64962840,-16.50,-111.50,-51.0256,-60.2898
64966746,78.50,-79.50,-51.1960,-55.8075
64970652,-127.50,-102.50,-51.7631,-53.0110
64974558,-318.50,-138.50,-47.2629,-54.0882
64978464,-257.50,-165.50,-31.6222,-59.6657
64982370,10.50,-136.50,-11.6888,-67.6509
64986276,123.50,-97.50,0.0287,-70.8336
64990182,-61.50,-112.50,-1.7113,-67.5201
64994088,-303.50,-143.50,-11.0098,-64.0425
64997994,-328.50,-162.50,-23.5791,-62.5580
65001900,-76.50,-140.50,-39.3143,-62.8995
65005806,84.50,-146.50,-48.5624,-70.3783
65009712,-48.50,-142.50,-46.0759,-85.0187
65013618,-324.50,-149.50,-42.0853,-89.7077
65017524,-383.50,-193.50,-50.6076,-82.4636
65021430,-152.50,-190.50,-69.3597,-83.3311
65025336,41.50,-160.50,-81.6206,-94.1259
65029242,-48.50,-152.50,-78.7322,-101.0113
65033148,-292.50,-210.50,-64.0147,-104.3922
65037054,-362.50,-216.50,-47.7063,-108.9859
65040960,-143.50,-180.50,-38.1268,-104.8238
65044866,95.50,-158.50,-29.8770,-92.3062
65048772,29.50,-143.50,-16.6632,-84.0371
65052678,-239.50,-181.50,-6.5462,-81.7379
65056584,-352.50,-208.50,-6.8394,-83.0663
65060490,-169.50,-201.50,-13.6668,-85.7581
65064396,83.50,-188.50,-17.1066,-90.7061
65068302,71.50,-170.50,-8.6386,-97.9044
65072208,-200.50,-190.50,3.9333,-99.6979
65076114,-338.50,-221.50,7.5516,-95.3436
65080020,-207.50,-219.50,0.5480,-91.8855
65083926,18.50,-141.50,-16.8483,-83.8511
65087832,37.50,-136.50,-35.1611,-66.5868
65091738,-182.50,-150.50,-37.1808,-52.8111
65095644,-321.50,-146.50,-18.8358,-41.3853
65099550,-205.50,-138.50,4.9365,-23.2908
65103456,80.50,-98.50,20.9272,-6.1604
65107362,101.50,-76.50,28.3572,3.7384
65111268,-143.50,-88.50,22.2203,8.9466
65115174,-341.50,-157.50,6.7946,6.3647
65119080,-239.50,-169.50,-1.7413,-8.4092
65122986,31.50,-147.50,1.8158,-25.8540
65126892,119.50,-158.50,11.4990,-41.7042
65130798,-94.50,-136.50,18.2356,-52.8878
65134704,-289.50,-140.50,22.3682,-43.7772
65138610,-244.50,-133.50,28.4208,-17.6844
65142516,27.50,-118.50,33.1745,2.9602
65146422,150.50,-70.50,37.4424,11.3955
65150328,-46.50,-81.50,39.6058,16.8272
65154234,-276.50,-131.50,36.4307,17.8226
65158140,-282.50,-157.50,30.1548,8.6452
65162046,-17.50,-155.50,22.6860,-7.0972
65165952,153.50,-122.50,23.3313,-21.7141
65169858,31.50,-114.50,38.4653,-26.1119
65173764,-220.50,-132.50,58.8987,-18.4014
65177670,-240.50,-150.50,71.3569,-6.6522
65181576,28.50,-112.50,78.6430,3.9211
65185482,213.50,-83.50,89.8100,13.6169
65189388,100.50,-58.50,99.8626,23.1474
65193294,-207.50,-108.50,95.8222,30.0760
65197200,-283.50,-122.50,73.0795,30.0594
65201106,-62.50,-148.50,47.7664,21.1954
65205012,125.50,-132.50,31.8728,1.8565
65208918,50.50,-82.50,21.9561,-11.4662
65212824,-219.50,-97.50,17.1764,-1.2083
65216730,-346.50,-144.50,10.8221,14.4907
65220636,-150.50,-170.50,-2.6133,10.5054
65224542,83.50,-121.50,-13.5936,-6.1536
65228448,55.50,-85.50,-13.7671,-10.3216
65232354,-218.50,-158.50,-8.5963,-7.6182
65236260,-342.50,-220.50,-6.1353,-23.6028
65240166,-178.50,-196.50,-5.6696,-47.0966
65244072,61.50,-156.50,-7.5093,-52.0905
65247978,53.50,-134.50,-13.0518,-42.8739
65251884,-209.50,-134.50,-20.6052,-31.2936
65255790,-378.50,-131.50,-28.7441,-13.4266
65259696,-245.50,-156.50,-35.1662,6.1626
65263602,25.50,-128.50,-36.8359,11.6632
65267508,58.50,-93.50,-33.4008,7.8360
65271414,-170.50,-125.50,-28.7075,4.7842
65275320,-328.50,-173.50,-18.8264,-2.3174
65279226,-262.50,-184.50,-7.3196,-13.0176
65283132,11.50,-136.50,-7.7876,-16.6165
65287038,101.50,-121.50,-10.5103,-12.0285
65290944,-112.50,-142.50,-4.8511,-11.3723
65294850,-320.50,-177.50,3.0940,-17.2469
65298756,-271.50,-203.50,6.9046,-23.8554
65302662,-3.50,-159.50,4.4190,-26.9315
65306568,112.50,-117.50,2.0835,-21.1978
65310474,-78.50,-130.50,3.2547,-11.7041
65314380,-299.50,-172.50,6.9016,-8.9990
65318286,-282.50,-192.50,12.0719,-12.6877
65322192,-26.50,-150.50,13.5873,-13.4555
65326098,131.50,-120.50,13.7385,-7.6956
65330004,-16.50,-136.50,19.2430,-4.9263
65333910,-286.50,-152.50,24.4208,-6.6883
65337816,-293.50,-173.50,22.5267,-3.7573
65341722,-25.50,-126.50,23.1004,6.4400
65345628,143.50,-69.50,31.1165,24.0298
65349534,42.50,-85.50,40.3663,39.6730
65353440,-205.50,-116.50,52.2411,41.9816
65357346,-253.50,-144.50,65.1875,37.2556
65361252,-26.50,-130.50,72.3619,33.3289
65365158,142.50,-96.50,67.7482,30.1741
65369064,61.50,-102.50,53.1422,25.3746
65372970,-212.50,-149.50,40.9943,15.8537
65376876,-303.50,-164.50,34.3964,6.9146
65380782,-110.50,-133.50,28.4940,9.4662
65384688,105.50,-122.50,20.9408,16.8439
65388594,52.50,-115.50,13.0582,13.9019
65392500,-194.50,-175.50,10.6210,-0.0339
65396406,-312.50,-191.50,15.8078,-15.0560
65400312,-116.50,-177.50,25.9847,-19.1108
65404218,55.50,-202.50,25.9462,-23.7295
65408124,54.50,-153.50,6.1139,-38.6927
65412030,-209.50,-175.50,-13.8795,-43.4836
65415936,-372.50,-218.50,-24.2365,-37.2938
65419842,-253.50,-233.50,-35.1131,-38.1741
65423748,7.50,-208.50,-47.2472,-48.2840
65427654,49.50,-128.50,-49.4511,-48.8807
65431560,-191.50,-164.50,-41.0349,-31.0424
65435466,-352.50,-208.50,-30.5687,-17.7773
65439372,-239.50,-212.50,-19.4079,-19.1971
65443278,19.50,-165.50,-11.0731,-21.0228
65447184,83.50,-117.50,-8.1492,-13.0438
65451090,-122.50,-141.50,-5.8130,-0.3188
65454996,-336.50,-191.50,-2.1871,3.6378
65458902,-271.50,-236.50,-2.5203,-7.6295
65462808,-21.50,-180.50,-9.3888,-23.2467
65466714,87.50,-136.50,-16.0594,-24.3990
65470620,-120.50,-142.50,-18.7991,-12.8933
65474526,-335.50,-170.50,-19.7712,-1.0535
65478432,-302.50,-143.50,-18.1831,15.0832
65482338,16.50,-47.50,-5.6181,49.1366
65486244,194.50,-68.50,28.5561,84.0168
65490150,-67.50,-154.50,53.4629,74.3921
65494056,-362.50,-221.50,27.2039,21.4009
65497962,-360.50,-242.50,-23.5249,-27.7709
65501868,-101.50,-238.50,-51.1619,-52.3705
65505774,32.50,-277.50,-57.4620,-75.5294
65509680,-132.50,-306.50,-68.2580,-114.3318
65513586,-381.50,-361.50,-83.8847,-151.7199
65517492,-463.50,-424.50,-96.7526,-178.2786
65521398,-222.50,-396.50,-111.4634,-198.7570
65525304,-58.50,-377.50,-126.4903,-210.4148
65529210,-98.50,-387.50,-129.0606,-216.5350
65533116,-425.50,-450.50,-119.8872,-225.0583
65537022,-515.50,-467.50,-124.6737,-234.3166
65540928,-270.50,-394.50,-137.0506,-227.4829
65544834,-26.50,-350.50,-129.6381,-199.4744
65548740,-61.50,-339.50,-104.2721,-171.6462
65552646,-318.50,-373.50,-75.4510,-156.4548
65556552,-447.50,-373.50,-57.9005,-145.0024
65560458,-231.50,-358.50,-51.8869,-130.3975
65564364,9.50,-322.50,-45.3680,-119.7395
65568270,11.50,-276.50,-34.3645,-110.8168
65572176,-256.50,-316.50,-21.7629,-96.0037
65576082,-394.50,-285.50,-12.4439,-73.9014
65579988,-236.50,-272.50,-6.7341,-43.7468
65583894,27.50,-221.50,-2.5775,-18.2877
65587800,62.50,-185.50,3.7892,-2.3688
65591706,-197.50,-212.50,12.2463,11.0099
65595612,-364.50,-248.50,17.6341,19.3977
65599518,-254.50,-274.50,19.5051,16.0323
65603424,-4.50,-248.50,14.1695,0.0572
65607330,53.50,-249.50,3.5275,-20.0708
65611236,-176.50,-249.50,-2.5563,-31.8723
65615142,-350.50,-252.50,2.8821,-23.2360
65619048,-264.50,-240.50,18.3711,1.7085
65622954,12.50,-217.50,32.0633,21.7109
65626860,98.50,-185.50,37.7222,27.3730
65630766,-100.50,-181.50,38.5001,31.0601
65634672,-312.50,-216.50,41.9383,40.8019
65638578,-266.50,-218.50,49.7794,49.8768
65642484,10.50,-178.50,56.4853,55.7388
65646390,129.50,-139.50,60.1600,62.5480
65650296,-61.50,-173.50,57.7291,66.6664
65654202,-298.50,-188.50,51.5650,65.6764
65658108,-280.50,-232.50,50.6915,62.1920
65662014,-48.50,-154.50,50.7969,61.2426
65665920,98.50,-126.50,41.8232,71.7191
65669826,-41.50,-139.50,30.0992,83.6511
65673732,-268.50,-171.50,31.2259,86.2840
65677638,-313.50,-190.50,42.6155,85.2541
65681544,-80.50,-165.50,46.1627,83.4776
65685450,89.50,-132.50,37.2683,81.2944
65689356,-25.50,-137.50,24.2295,79.2386
65693267,-281.50,-196.50,16.4379,73.7002
65697173,-344.50,-239.50,17.1593,59.4887
65701079,-134.50,-223.50,19.3453,40.9228
65704985,80.50,-176.50,18.0718,29.9307
65708891,15.50,-142.50,18.2067,35.3952
65712797,-234.50,-166.50,24.8283,54.4356
65716703,-282.50,-170.50,43.1867,76.0969
65720609,-125.50,-175.50,64.8889,89.4621
65724515,-8.50,-212.50,49.8879,76.1076
65728421,-52.50,-175.50,-7.4842,42.1066
65732327,-303.50,-235.50,-54.8359,18.2557
65736233,-431.50,-253.50,-66.9434,9.0963
65740139,-300.50,-245.50,-66.6637,8.0094
65744045,-44.50,-238.50,-71.0637,6.4309
65747951,-34.50,-178.50,-71.1705,4.0858
65751857,-303.50,-234.50,-67.4908,8.8169
65755763,-432.50,-266.50,-66.0116,9.5901
65759669,-296.50,-264.50,-58.0873,4.0623
65763575,-36.50,-223.50,-45.5549,1.7834
65767481,20.50,-175.50,-33.0590,8.4176
65771387,-207.50,-218.50,-20.0859,19.4767
65775293,-401.50,-205.50,-12.6521,29.7879
65779199,-309.50,-228.50,-13.7751,41.9974
65783105,-49.50,-189.50,-18.3014,48.2201
65787011,47.50,-155.50,-16.5233,48.8183
65790917,-168.50,-166.50,-7.5177,52.7173
65794823,-369.50,-206.50,0.3694,57.2452
65798729,-304.50,-210.50,6.1614,58.7697
65802635,-32.50,-192.50,13.1452,56.8091
65806541,83.50,-170.50,22.2133,50.5816
65810447,-90.50,-162.50,31.6457,46.4685
65814353,-308.50,-192.50,41.0895,51.6421
65818259,-300.50,-201.50,47.4705,60.7671
65822165,-30.50,-168.50,48.5861,67.6310
65826071,114.50,-89.50,51.4644,79.7309
65829977,-32.50,-82.50,57.3321,103.1272
65833883,-277.50,-128.50,62.2352,122.6012
65837789,-296.50,-154.50,63.9023,124.6633
65841695,-67.50,-114.50,60.0626,119.4693
65845601,98.50,-96.50,51.8731,116.7445
65849507,-9.50,-97.50,45.9863,112.1294
65853413,-242.50,-161.50,50.7881,101.1649
65857319,-274.50,-142.50,66.5934,92.6803
65861225,-44.50,-127.50,84.9458,98.1487
65865131,131.50,-124.50,93.4348,101.9789
65869037,48.50,-113.50,88.0891,91.4017
65872943,-239.50,-143.50,74.7697,81.3483
65876849,-339.50,-178.50,55.7879,77.9169
65880755,-155.50,-186.50,35.6149,71.1524
65884661,61.50,-143.50,20.8047,59.8230
65888567,19.50,-123.50,14.7832,54.9602
65892473,-238.50,-160.50,16.0475,57.4886
65896379,-365.50,-191.50,17.0383,58.3046
65900285,-164.50,-190.50,19.5197,54.8338
65904191,81.50,-169.50,30.4713,47.1384
65908097,79.50,-144.50,44.7620,38.6713
65912003,-175.50,-194.50,53.1661,32.0069
65915909,-314.50,-208.50,55.6058,26.4992
65919815,-202.50,-207.50,53.0037,26.5017
65923721,65.50,-149.50,45.7037,33.5702
65927627,87.50,-122.50,41.9789,45.4730
65931533,-140.50,-129.50,43.5180,58.6109
65935439,-309.50,-143.50,47.9152,72.1934
65939345,-207.50,-142.50,53.6378,85.8498
65943251,39.50,-111.50,53.5825,93.4558
65947157,94.50,-126.50,46.1780,87.0350
65951063,-121.50,-144.50,37.0480,67.7871
65954969,-319.50,-152.50,32.5068,55.7574
65958875,-245.50,-157.50,34.0697,61.4164
65962781,38.50,-117.50,41.4610,72.6185
65966687,135.50,-90.50,53.4608,80.4877
65970593,-88.50,-104.50,56.3106,83.5875
65974499,-322.50,-143.50,42.4146,81.7867
65978405,-278.50,-168.50,27.1620,74.9901
65982311,-12.50,-117.50,24.3370,69.0433
65986217,124.50,-82.50,31.4360,72.8234
65990123,-28.50,-109.50,41.0129,78.1286
65994029,-269.50,-143.50,49.4272,74.4101
65997935,-288.50,-162.50,51.1065,67.1142
66001841,-47.50,-143.50,43.2169,60.9997
66005747,125.50,-92.50,35.3230,58.9264
66009653,9.50,-84.50,37.4073,65.5621
66013559,-271.50,-94.50,42.3178,79.8306
66017465,-309.50,-159.50,38.2174,87.8886
66021371,-66.50,-143.50,32.9048,76.8909
66025277,123.50,-104.50,34.9116,60.3074
66029183,47.50,-111.50,41.6569,51.8122
66033089,-225.50,-140.50,49.0583,47.7691
66036995,-304.50,-173.50,50.1124,45.0140
66040901,-93.50,-146.50,46.2086,44.0288
66044807,112.50,-108.50,42.0536,46.5771
66048713,48.50,-82.50,36.4018,52.9234
66052619,-208.50,-117.50,31.4093,60.2187
66056525,-320.50,-156.50,29.8494,61.7490
66060431,-143.50,-150.50,29.2391,55.7949
66064337,90.50,-100.50,26.7500,50.8638
66068243,64.50,-110.50,23.2948,48.3055
66072149,-181.50,-143.50,21.6078,40.3146
66076055,-320.50,-174.50,23.7689,30.3670
66079961,-176.50,-189.50,26.5367,22.6557
66083867,80.50,-148.50,26.5358,14.6476
66087773,101.50,-68.50,27.8012,19.7571
66091679,-138.50,-100.50,31.4605,42.9332
66095585,-303.50,-132.50,35.3013,61.4675
66099491,-201.50,-143.50,36.4489,64.4190
66103397,58.50,-115.50,31.9159,57.9001
66107303,91.50,-121.50,23.5276,43.7133
66111209,-126.50,-143.50,14.1979,24.2274
66115115,-303.50,-158.50,12.5262,13.2853
66119021,-208.50,-131.50,23.4107,23.5211
66122927,44.50,-90.50,35.4190,47.3323
66126833,144.50,-77.50,40.8380,63.4738
66130739,-62.50,-92.50,42.4312,62.7801
66134645,-293.50,-136.50,39.4353,54.1540
66138551,-266.50,-153.50,29.0117,45.1372
66142457,-10.50,-140.50,14.8632,35.2819
66146363,103.50,-143.50,4.0899,19.3183
66150269,-68.50,-160.50,-1.8457,-2.5315
66154175,-316.50,-181.50,-5.6686,-16.7639
66158081,-320.50,-210.50,-11.6745,-18.7121
66161987,-79.50,-174.50,-21.3140,-17.2595
66165893,80.50,-136.50,-28.7978,-13.7262
66169799,-61.50,-131.50,-30.2336,-6.7422
66173705,-302.50,-138.50,-26.8881,4.6781
66177611,-328.50,-161.50,-20.8752,19.0067
66181517,-89.50,-121.50,-14.7900,30.4321
66185423,108.50,-82.50,-8.0185,39.7593
66189329,19.50,-104.50,3.0345,42.9319
66193235,-234.50,-133.50,16.5570,35.8157
66197141,-303.50,-142.50,25.0385,30.3348
66201047,-79.50,-116.50,27.7236,34.8952
66204953,140.50,-94.50,31.7271,41.0093
66208859,63.50,-82.50,37.1848,41.2537
66212765,-192.50,-112.50,39.1716,39.7948
66216671,-289.50,-143.50,39.3628,38.6862
66220577,-62.50,-126.50,46.6910,36.6851
66224483,144.50,-105.50,59.2117,33.4165
66228389,83.50,-68.50,58.0258,32.1466
66232295,-186.50,-116.50,39.3320,34.8199
66236201,-360.50,-138.50,13.0896,34.7312
66240107,-146.50,-143.50,-4.7999,30.3538
66244013,65.50,-117.50,-4.6584,23.0006
66247919,66.50,-101.50,-3.7451,14.6689
66251825,-191.50,-149.50,-10.7673,6.1550
66255731,-341.50,-207.50,-16.1578,-9.1283
66259637,-216.50,-158.50,-16.0071,-20.6859
66263543,26.50,-148.50,-17.3521,-16.8672
66267449,64.50,-106.50,-23.7004,-9.1650
66271355,-175.50,-133.50,-30.3736,-3.3887
66275261,-374.50,-175.50,-36.7659,-1.4355
66279167,-306.50,-211.50,-47.5291,-10.9478
66283073,-44.50,-181.50,-62.8016,-29.6814
66286979,59.50,-148.50,-68.1706,-42.9708
66290885,-156.50,-158.50,-58.8507,-42.7177
66294791,-360.50,-204.50,-47.7092,-37.7561
66298697,-304.50,-228.50,-40.9614,-39.6381
66302603,-37.50,-188.50,-37.7475,-46.4877
66306509,76.50,-127.50,-35.2803,-43.6563
66310415,-104.50,-130.50,-32.2329,-27.3396
66314321,-321.50,-158.50,-26.7215,-9.8957
66318227,-297.50,-178.50,-17.4914,-0.3604
66322133,-42.50,-143.50,-9.9277,2.3300
66326039,111.50,-111.50,-5.4029,3.0889
66329945,-40.50,-104.50,-1.0219,5.2128
66333851,-264.50,-107.50,6.4591,14.8796
66337757,-297.50,-174.50,14.9534,24.6220
66341663,-60.50,-129.50,15.3532,21.5367
66345569,144.50,-82.50,14.5771,19.1871
66349475,-15.50,-129.50,16.6110,17.3004
66353381,-258.50,-126.50,11.8005,8.0917
66357287,-306.50,-124.50,7.6012,12.1225
66361193,-102.50,-178.50,7.0462,19.3145
66365099,63.50,-153.50,-3.6776,1.0777
66369005,-25.50,-143.50,-24.5726,-25.3429
66372911,-265.50,-239.50,-37.0762,-47.5500
66376817,-354.50,-303.50,-33.5599,-80.9132
66380723,-161.50,-314.50,-26.9796,-119.7826
66384629,67.50,-286.50,-24.7973,-147.2306
66388535,27.50,-296.50,-21.7397,-162.8831
66392441,-237.50,-271.50,-17.7449,-164.4075
66396347,-378.50,-301.50,-20.9177,-146.3442
66400253,-221.50,-331.50,-33.4545,-131.0810
66404159,26.50,-289.50,-45.7537,-135.1481
66408065,15.50,-257.50,-48.9708,-140.3157
66411971,-241.50,-286.50,-48.0504,-136.6586
66415877,-401.50,-335.50,-50.5327,-134.9967
66419783,-258.50,-354.50,-54.3274,-142.2109
66423689,16.50,-301.50,-51.6511,-149.5441
66427595,37.50,-305.50,-42.1078,-151.3486
66431501,-206.50,-252.50,-37.2275,-143.8696
66435407,-349.50,-239.50,-33.8082,-111.6106
66439313,-250.50,-245.50,-22.1370,-66.6394
66443219,12.50,-181.50,-11.9585,-33.7407
66447125,80.50,-175.50,-8.2693,-16.4352
66451031,-138.50,-221.50,-7.0858,-20.8439
66454937,-320.50,-250.50,-3.6328,-40.9838
66458843,-237.50,-269.50,7.5955,-55.8358
66462749,47.50,-225.50,24.6066,-57.7031
66466655,147.50,-175.50,41.4311,-46.9293
66470561,-62.50,-177.50,47.8943,-29.5319
66474467,-335.50,-203.50,34.0825,-15.4202
66478373,-303.50,-212.50,6.5037,-6.2873
66482279,-38.50,-183.50,-13.1323,0.5037
66486185,97.50,-142.50,-15.5573,6.6755
66490091,-57.50,-118.50,-9.0488,16.6002
66493997,-308.50,-155.50,-2.0755,29.9874
66497903,-320.50,-200.50,-1.1423,34.1459
66501809,-79.50,-160.50,-7.1622,28.3652
66505715,82.50,-128.50,-14.8019,26.5615
66509621,-49.50,-148.50,-19.8736,24.9778
66513527,-294.50,-175.50,-19.3646,16.7556
66517433,-336.50,-202.50,-14.0835,10.1818
66521339,-107.50,-203.50,-9.9822,6.0622
66525245,97.50,-159.50,-7.5490,0.9336
66529151,-0.50,-114.50,-3.6474,4.9990
66533057,-238.50,-162.50,3.5218,18.3973
66536963,-335.50,-188.50,10.8969,25.1453
66540869,-118.50,-192.50,12.0937,21.8710
66544775,115.50,-161.50,13.3850,13.8226
66548681,48.50,-165.50,19.3122,2.7832
66552587,-210.50,-198.50,22.7106,-9.9296
66556493,-319.50,-223.50,23.1013,-18.4821
66560399,-129.50,-197.50,25.2428,-15.1753
66564305,114.50,-161.50,30.2037,-2.8900
66568211,105.50,-143.50,37.7184,6.7208
66572117,-161.50,-149.50,43.7744,11.8880
66576023,-311.50,-193.50,42.3625,16.3516
66579929,-158.50,-206.50,36.6414,14.9764
66583835,94.50,-170.50,32.9181,7.7667
66587741,119.50,-144.50,33.4792,3.1560
66591647,-136.50,-176.50,34.9695,0.9968
66595553,-303.50,-198.50,33.7780,-1.1175
66599459,-201.50,-207.50,30.5969,0.0445
66603365,64.50,-174.50,25.2891,2.7045
66607271,141.50,-156.50,25.2616,2.3568
66611177,-81.50,-150.50,34.4528,1.9974
66615083,-271.50,-145.50,45.2896,13.4215
66618989,-192.50,-137.50,52.8045,39.2175
66622895,51.50,-110.50,51.5760,63.1871
66626801,132.50,-73.50,39.9313,74.3835
66630707,-47.50,-88.50,29.9839,76.0469
66634613,-258.50,-142.50,33.7381,69.4160
66638519,-202.50,-162.50,47.0078,56.0918
66642425,48.50,-112.50,57.1931,48.9241
66646331,185.50,-109.50,60.4791,50.1692
66650237,9.50,-90.50,61.2743,50.3083
66654143,-239.50,-143.50,59.4638,49.2115
66658049,-251.50,-152.50,51.0558,47.1803
66661955,-4.50,-116.50,38.0183,48.4156
66665861,146.50,-114.50,27.1966,50.3010
66669767,10.50,-124.50,21.7746,40.7940
66673673,-257.50,-127.50,18.7280,30.9348
66677579,-286.50,-160.50,14.1737,33.2808
66681485,-34.50,-137.50,13.1436,38.3375
66685391,155.50,-93.50,19.8824,42.0557
66689297,80.50,-82.50,32.4535,47.9696
66693203,-206.50,-122.50,43.9473,51.6800
66697109,-298.50,-186.50,39.6103,43.0246
66701015,-94.50,-176.50,20.5606,22.3980
66704921,119.50,-130.50,3.5911,7.5119
66708827,48.50,-123.50,-3.7101,6.0692
66712733,-236.50,-189.50,-8.5367,2.2867
66716639,-337.50,-181.50,-16.7188,-6.4106
66720545,-131.50,-160.50,-19.4694,-1.7206
66724451,88.50,-141.50,-15.3978,10.3331
66728357,63.50,-124.50,-13.5886,12.5669
66732267,-185.50,-157.50,-12.2141,7.7464
66736173,-305.50,-224.50,-4.8915,-3.3715
66740079,-168.50,-203.50,2.4605,-18.3643
66743985,70.50,-175.50,-1.6467,-25.3686
66747891,69.50,-127.50,-13.8703,-20.7664
66751797,-184.50,-162.50,-25.1475,-10.6341
66755703,-335.50,-208.50,-29.8521,-7.3148
66759609,-222.50,-207.50,-27.8292,-12.7404
66763515,43.50,-143.50,-26.2508,-12.3932
66767421,129.50,-117.50,-18.4208,-0.9275
66771327,-148.50,-144.50,-7.5136,8.7679
66775233,-335.50,-188.50,-11.2753,7.9140
66779139,-249.50,-201.50,-21.5947,1.0314
66783045,-14.50,-168.50,-31.6258,-5.7303
66786951,78.50,-143.50,-43.1725,-10.0868
66790857,-126.50,-148.50,-47.6063,-11.2317
66794763,-340.50,-185.50,-43.7584,-8.3339
66798669,-301.50,-227.50,-40.7158,-9.1017
66802575,-8.50,-207.50,-38.6651,-21.0166
66806481,182.50,-126.50,-17.8258,-27.5281
66810387,38.50,-44.50,28.2379,0.0599
66814293,-266.50,-95.50,61.4212,51.1047
66818199,-309.50,-152.50,44.2968,77.1727
66822105,-60.50,-144.50,-2.7298,63.7723
66826011,83.50,-132.50,-37.8202,34.9329
66829917,-96.50,-143.50,-57.2774,7.4905
66833823,-345.50,-154.50,-71.6831,-6.7759
66837729,-362.50,-185.50,-75.9078,-3.1900
66841635,-139.50,-164.50,-72.7964,5.8152
66845541,21.50,-137.50,-77.6679,8.8170
66849447,-112.50,-148.50,-94.6360,1.6653
66853353,-370.50,-173.50,-111.8799,-10.5251
66857259,-399.50,-183.50,-112.6872,-13.0807
66861165,-158.50,-143.50,-93.0939,0.9228
66865071,38.50,-99.50,-71.2226,22.6311
66868977,-80.50,-74.50,-70.1013,39.5756
66872883,-317.50,-107.50,-83.9065,47.8691
66876789,-415.50,-149.50,-88.5660,47.4528
66880695,-234.50,-142.50,-86.1987,41.3135
66884601,-30.50,-105.50,-93.1057,35.7761
66888507,-65.50,-132.50,-106.0253,25.6229
66892413,-318.50,-153.50,-110.8428,6.5918
66896319,-410.50,-143.50,-100.1138,-0.1119
66900225,-234.50,-127.50,-77.7646,17.9289
66904131,-0.50,-109.50,-60.3587,37.5421
66908037,-15.50,-82.50,-58.5580,41.3011
66911943,-277.50,-110.50,-67.3647,36.9185
66915849,-430.50,-129.50,-76.6732,34.7080
66919755,-271.50,-166.50,-75.8079,32.0663
66923661,-8.50,-105.50,-63.6415,26.1658
66927567,38.50,-33.50,-47.8593,34.3778
66931473,-201.50,-76.50,-35.4965,55.3503
66935379,-368.50,-111.50,-27.3530,63.5785
66939285,-253.50,-116.50,-17.6877,59.6905
66943191,22.50,-82.50,-5.2222,56.8343
66947097,75.50,-59.50,3.4459,55.3250
66951003,-140.50,-81.50,2.9414,50.7109
66954909,-367.50,-97.50,-4.1862,47.0344
66958815,-291.50,-124.50,-11.8931,48.6668
66962721,-31.50,-47.50,-15.5607,56.5958
66966627,64.50,-36.50,-16.8475,69.7145
66970533,-147.50,-74.50,-22.7884,69.9617
66974439,-358.50,-120.50,-29.7457,51.5594
66978345,-324.50,-146.50,-28.0188,31.7154
66982251,-62.50,-97.50,-20.9801,23.5568
66986157,94.50,-62.50,-12.3221,28.4727
66990063,-68.50,-63.50,-1.4014,36.3502
66993969,-353.50,-84.50,0.2593,42.7876
66997875,-312.50,-102.50,-5.5744,50.6644
67001781,-50.50,-100.50,2.2331,53.2350
67005687,112.50,-77.50,18.9128,43.4077
67009593,-25.50,-47.50,25.7798,33.3485
67013499,-239.50,-89.50,30.8273,35.0783
67017405,-320.50,-145.50,39.4537,34.8576
67021311,-107.50,-128.50,33.9120,22.9000
67025217,89.50,-111.50,16.3591,7.7299
67029123,16.50,-122.50,9.1798,-8.5734
67033029,-224.50,-133.50,20.5505,-21.0485
67036935,-237.50,-110.50,49.9493,-12.0842
67040841,-42.50,-65.50,86.1869,21.6443
67044747,80.50,-131.50,89.7910,40.4349
67048653,-47.50,-128.50,39.0129,13.4440
67052559,-308.50,-168.50,-27.5424,-27.1714
67056465,-403.50,-191.50,-62.3499,-48.5493
67060371,-239.50,-175.50,-65.6289,-50.6871
67064277,-17.50,-156.50,-64.8142,-45.6041
67068183,-54.50,-156.50,-70.5472,-47.1632
67072089,-328.50,-205.50,-81.4363,-59.5584
67075995,-464.50,-234.50,-93.8714,-76.3140
67079901,-307.50,-232.50,-99.4616,-86.9321
67083807,-65.50,-193.50,-97.9614,-87.9544
67087713,-36.50,-160.50,-92.2649,-80.6679
67091619,-264.50,-171.50,-80.5329,-67.6254
67095525,-450.50,-198.50,-70.0548,-55.1104
67099431,-315.50,-207.50,-67.2874,-49.1733
67103337,-40.50,-161.50,-62.3694,-47.7092
67107243,31.50,-159.50,-46.7452,-47.1989
67111149,-190.50,-169.50,-27.2782,-49.6501
67115055,-414.50,-240.50,-19.6558,-58.1806
67118961,-339.50,-237.50,-29.6793,-72.0423
67122867,-64.50,-188.50,-42.0772,-77.3287
67126773,42.50,-171.50,-39.6076,-69.9972
67130679,-175.50,-175.50,-28.5922,-62.3059
67134585,-365.50,-203.50,-19.5401,-56.5157
67138491,-281.50,-225.50,-3.1080,-52.9190
67142397,-54.50,-161.50,15.3815,-48.5350
67146303,117.50,-94.50,25.8334,-30.0859
67150209,17.50,-53.50,51.5181,5.7844
67154115,-249.50,-80.50,90.9613,44.8452
67158021,-312.50,-161.50,96.8313,58.1009
67161927,-79.50,-137.50,59.7227,36.7845
67165833,75.50,-98.50,21.0569,12.3754
67169739,-61.50,-79.50,5.2634,7.8726
67173645,-287.50,-120.50,9.4691,15.9643
67177551,-294.50,-101.50,27.7689,29.0988
67181457,-37.50,-70.50,52.9759,49.5513
67185363,139.50,-18.50,73.5921,71.1671
67189269,48.50,7.50,82.8828,88.1439
67193175,-190.50,23.50,89.1959,108.6902
67197081,-269.50,-13.50,95.8694,132.4458
67200987,-53.50,-15.50,96.7501,141.8271
67204893,177.50,6.50,98.0598,131.5752
67208799,115.50,48.50,106.9052,120.1930
67212705,-150.50,20.50,114.9290,121.7013
67216611,-254.50,-2.50,114.2970,129.0886
67220517,-111.50,9.50,102.0633,134.7654
67224423,128.50,39.50,81.6137,137.3057
67228329,116.50,62.50,71.6303,135.9332
67232235,-143.50,-2.50,76.2804,126.6438
67236141,-287.50,-28.50,79.2140,108.3221
67240047,-134.50,-35.50,74.8728,93.1132
67243953,113.50,-2.50,69.3190,85.8212
67247859,145.50,9.50,70.8167,80.4062
67251765,-70.50,-37.50,84.2848,69.7867
67255671,-270.50,-81.50,96.9034,52.0239
67259577,-159.50,-52.50,91.5033,41.7184
67263483,115.50,-15.50,79.0854,48.8593
67267389,169.50,32.50,78.3371,64.2176
67271295,-60.50,14.50,83.7262,77.8712
67275201,-262.50,-18.50,83.5593,84.8483
67279107,-153.50,-31.50,82.1153,84.7001
67283013,138.50,26.50,91.9048,85.0915
67286919,227.50,75.50,111.3451,94.9333
67290825,15.50,42.50,123.5808,105.9499
67294731,-203.50,-9.50,122.3994,102.4321
67298637,-160.50,-46.50,115.2025,85.0393
67302543,93.50,-16.50,106.5672,65.0559
67306449,195.50,10.50,96.1742,51.5872
67310355,14.50,33.50,83.7701,49.9561
67314261,-250.50,27.50,69.3881,64.9786
67318167,-228.50,-0.50,55.0883,86.6925
67322073,32.50,35.50,49.2944,98.4572
67325979,176.50,69.50,51.6652,100.6687
67329885,32.50,55.50,52.8602,96.4597
67333791,-218.50,-4.50,52.1305,83.1904
67337697,-238.50,-38.50,52.0833,63.8842
67341603,-0.50,15.50,52.5526,53.5544
67345509,158.50,48.50,48.9224,59.3641
67349415,47.50,50.50,39.2988,66.6145
67353321,-224.50,16.50,29.4605,66.5871
67357227,-314.50,-41.50,16.9012,59.2359
67361133,-86.50,-10.50,1.2499,47.1415
67365039,144.50,-3.50,-2.7831,35.4542
67368945,62.50,-15.50,6.7795,18.4042
67372851,-209.50,-41.50,13.4554,-0.6994
67376757,-307.50,-68.50,10.6896,-8.3770
67380663,-110.50,-82.50,5.9136,-10.3049
67384569,99.50,16.50,0.6634,-7.8972
67388475,80.50,30.50,-4.1985,8.5174
67392381,-149.50,-30.50,2.5422,20.3844
67396287,-303.50,-89.50,16.0085,8.4400
67400193,-133.50,-81.50,19.4171,-13.2547
67404099,118.50,-57.50,16.6015,-28.8225
67408005,138.50,-32.50,20.1165,-37.8586
67411911,-149.50,-84.50,23.3308,-45.4995
67415817,-352.50,-166.50,7.5131,-62.2354
67419723,-216.50,-153.50,-20.9407,-85.1193
67423629,39.50,-101.50,-39.1881,-94.3579
67427535,81.50,-74.50,-42.9057,-88.5285
67431441,-150.50,-149.50,-40.0077,-89.8747
67435347,-322.50,-122.50,-32.8251,-96.5616
67439253,-238.50,-111.50,-24.2774,-81.8205
67443159,15.50,-88.50,-24.1314,-58.0906
67447065,90.50,-32.50,-31.6485,-46.9359
67450971,-122.50,-52.50,-37.9034,-40.1734
67454877,-323.50,-73.50,-37.5890,-31.2730
67458783,-251.50,-79.50,-29.1003,-20.2817
67462689,-8.50,-62.50,-21.7172,-14.6489
67466595,129.50,-46.50,-19.6007,-22.6424
67470501,-63.50,-78.50,-15.5918,-40.3689
67474407,-290.50,-102.50,-10.6053,-54.5408
67478313,-271.50,-117.50,-7.9651,-55.6529
67482219,-24.50,-90.50,-9.2585,-50.9129
67486125,109.50,-79.50,-15.7393,-53.3574
67490031,-63.50,-63.50,-26.7501,-60.3102
67493937,-306.50,-140.50,-37.6745,-65.7250
67497843,-335.50,-145.50,-44.1932,-72.8225
67501749,-96.50,-122.50,-49.6396,-76.9276
67505655,85.50,-92.50,-53.1616,-77.2372
67509561,-47.50,-100.50,-53.3205,-80.2834
67513467,-315.50,-158.50,-55.9318,-87.8488
67517373,-354.50,-172.50,-59.5116,-96.2674
67521279,-121.50,-143.50,-56.4950,-97.1520
67525185,66.50,-137.50,-51.1523,-96.8527
67529091,-17.50,-112.50,-50.9213,-102.1754
67532997,-271.50,-138.50,-50.9449,-100.9170
67536903,-364.50,-153.50,-48.1411,-89.1135
67540809,-141.50,-148.50,-43.3756,-78.2430
67544715,83.50,-146.50,-35.0163,-82.1273
67548621,35.50,-111.50,-26.8703,-95.7629
67552527,-220.50,-120.50,-22.0331,-95.4678
67556433,-334.50,-148.50,-17.8545,-79.6032
67560339,-165.50,-131.50,-14.3804,-64.6370
67564245,48.50,-106.50,-18.8527,-58.4904
67568151,48.50,-67.50,-29.7778,-56.7458
67572057,-216.50,-101.50,-36.8542,-52.1581
67575963,-340.50,-164.50,-35.6743,-53.1816
67579869,-188.50,-151.50,-24.6434,-63.6910
67583775,74.50,-132.50,-9.9616,-73.2433
67587681,85.50,-100.50,-1.8964,-78.0346
67591587,-172.50,-78.50,-6.5897,-70.0226
67595493,-306.50,-77.50,-11.8948,-41.7339
67599399,-207.50,-144.50,-3.7457,-18.9254
67603305,-8.50,-145.50,-5.1273,-32.8072
67607211,55.50,-117.50,-28.9113,-65.9682
67611117,-175.50,-158.50,-51.7192,-89.9267
67615023,-356.50,-190.50,-58.3936,-103.5134
67618929,-296.50,-184.50,-54.0628,-105.6122
67622835,-30.50,-137.50,-50.5104,-93.6830
67626741,76.50,-141.50,-47.1839,-82.2891
67630647,-121.50,-141.50,-40.9855,-83.9989
67634553,-325.50,-152.50,-33.9274,-84.9928
67638459,-278.50,-159.50,-23.8933,-74.0541
67642365,-38.50,-120.50,-16.5565,-58.8613
67646271,112.50,-105.50,-14.2689,-48.9839
67650177,-47.50,-111.50,-8.2842,-49.0156
67654083,-278.50,-164.50,1.7072,-56.7543
67657989,-294.50,-204.50,6.7609,-70.9947
67661895,-45.50,-148.50,3.5733,-81.5492
67665801,121.50,-98.50,0.6721,-72.9658
67669707,-13.50,-100.50,2.7279,-54.1559
67673613,-254.50,-108.50,6.8906,-38.6302
67677519,-299.50,-137.50,10.2943,-26.7956
67681425,-76.50,-95.50,8.8739,-17.6481
67685331,119.50,-77.50,5.4077,-11.1861
67689237,16.50,-78.50,4.9608,-12.0120
67693143,-245.50,-143.50,4.6710,-23.7332
67697049,-308.50,-168.50,3.7458,-41.4869
67700955,-111.50,-143.50,3.7336,-51.9148
67704861,86.50,-75.50,-0.3465,-44.6696
67708767,-5.50,-66.50,-13.4551,-25.8662
67712673,-271.50,-111.50,-32.6237,-13.8785
67716579,-367.50,-144.50,-46.0675,-16.2591
67720485,-190.50,-160.50,-48.0706,-27.7158
67724391,46.50,-128.50,-45.1049,-43.5654
67728297,32.50,-149.50,-39.0286,-61.4437
67732203,-228.50,-168.50,-31.8572,-78.1933
67736109,-370.50,-184.50,-30.5731,-82.7460
67740015,-216.50,-179.50,-33.8307,-73.9685
67743921,29.50,-147.50,-36.1262,-65.6192
67747827,55.50,-141.50,-33.4695,-65.5451
67751733,-207.50,-176.50,-29.6273,-72.9057
67755639,-378.50,-207.50,-33.1272,-81.3200
67759545,-258.50,-216.50,-40.1039,-86.0800
67763451,16.50,-175.50,-40.5762,-87.7138
67767357,83.50,-133.50,-29.6733,-82.7162
67771266,-130.50,-137.50,-12.2599,-68.4149
67775172,-303.50,-181.50,5.2349,-53.8773
67779078,-227.50,-207.50,18.7031,-51.9799
67782984,54.50,-153.50,26.0152,-58.0157
67786890,107.50,-126.50,27.3311,-57.3644
67790796,-108.50,-129.50,17.0911,-49.8795
67794702,-316.50,-172.50,2.8800,-42.7237
67798608,-238.50,-186.50,2.8965,-40.2642
67802514,-16.50,-144.50,10.3500,-39.5975
67806420,80.50,-130.50,3.7500,-38.5168
67810326,-111.50,-144.50,-16.4111,-42.2174
67814232,-360.50,-178.50,-36.5488,-47.9071
67818138,-345.50,-216.50,-50.1870,-52.8358
67822044,-96.50,-191.50,-55.5517,-60.3676
67825950,59.50,-164.50,-53.7763,-67.7497
67829856,-84.50,-191.50,-48.0222,-75.7373
67833762,-335.50,-238.50,-42.8669,-88.2265
67837668,-367.50,-265.50,-42.8822,-100.4626
67841574,-127.50,-203.50,-46.7924,-100.3587
67845480,48.50,-168.50,-49.0562,-84.7373
67849386,-79.50,-168.50,-51.2471,-69.3561
67853292,-328.50,-208.50,-55.0776,-64.4548
67857198,-393.50,-232.50,-56.9881,-65.2485
67861104,-158.50,-207.50,-54.6755,-65.1317
67865010,47.50,-172.50,-47.3324,-62.5909
67868916,-18.50,-155.50,-37.4802,-58.7424
67872822,-252.50,-184.50,-24.4101,-52.3599
67876728,-335.50,-218.50,-7.0007,-46.1116
67880634,-152.50,-212.50,5.6590,-45.3550
67884540,31.50,-147.50,0.3986,-44.7395
67888446,-24.50,-127.50,-22.3428,-35.4207
67892352,-256.50,-156.50,-40.8923,-22.7762
67896258,-367.50,-166.50,-38.6007,-11.5150
67900164,-194.50,-159.50,-23.4298,0.2424
67904070,42.50,-120.50,-10.7147,7.8632
67907976,69.50,-104.50,-0.4856,9.0748
67911882,-202.50,-147.50,8.2921,5.0396
67915788,-350.50,-145.50,7.9342,3.4867
67919694,-219.50,-169.50,3.1621,9.0324
67923600,51.50,-124.50,4.1059,11.0032
67927506,90.50,-93.50,13.0798,10.5671
67931412,-140.50,-121.50,23.1223,13.3166
67935318,-308.50,-140.50,29.7678,17.5431
67939224,-194.50,-142.50,38.2876,24.4591
67943130,81.50,-92.50,51.0197,32.9686
67947036,177.50,-63.50,68.5817,41.4321
67950942,-44.50,-58.50,84.9438,50.9879
67954848,-254.50,-120.50,89.6592,57.9272
67958754,-190.50,-121.50,85.3229,56.3755
67962660,71.50,-86.50,80.7624,52.6554
67966566,167.50,-88.50,77.9167,47.1641
67970472,-64.50,-85.50,66.7934,36.6986
67974378,-326.50,-112.50,38.9560,33.4711
67978284,-333.50,-116.50,1.7580,41.5714
67982190,-69.50,-109.50,-28.3934,47.8228
67986096,83.50,-84.50,-36.9774,42.4065
67990002,-78.50,-105.50,-29.1156,29.4702
67993908,-316.50,-128.50,-19.8804,19.5997
67997814,-332.50,-130.50,-14.8747,21.4709
68001720,-72.50,-116.50,-12.0303,30.1858
68005626,100.50,-114.50,-6.6231,28.5071
68009532,-15.50,-81.50,1.0198,19.4390
68013438,-259.50,-111.50,10.0572,21.6145
68017344,-335.50,-145.50,14.5343,29.2206
68021250,-109.50,-160.50,7.4964,23.6048
68025156,97.50,-109.50,-0.6166,8.7829
68029062,27.50,-94.50,2.6694,3.8176
68032968,-239.50,-127.50,13.2393,9.7612
68036874,-324.50,-153.50,19.4933,14.6864
68040780,-121.50,-143.50,19.5222,15.4507
68044686,79.50,-112.50,14.5977,13.6235
68048592,27.50,-125.50,5.0106,6.9101
68052498,-241.50,-140.50,-4.0838,-2.8901
68056404,-363.50,-170.50,-10.6621,-6.7801
68060310,-186.50,-184.50,-14.4902,-8.4341
68064216,51.50,-120.50,-15.3878,-10.4239
68068122,48.50,-104.50,-13.2360,-4.3853
68072028,-225.50,-143.50,-11.7998,1.9396
68075934,-353.50,-140.50,-13.0219,4.8944
68079840,-152.50,-93.50,-0.6360,21.5495
68083746,96.50,-111.50,27.5472,41.7430
68087652,63.50,-122.50,38.6632,34.4552
68091558,-184.50,-165.50,18.5124,4.2979
68095464,-366.50,-204.50,-7.0459,-24.0046
68099370,-242.50,-206.50,-17.6155,-39.4164
68103276,31.50,-169.50,-13.7388,-42.2656
68107182,97.50,-149.50,-2.0187,-38.2245
68111088,-116.50,-159.50,10.3591,-32.6400
68114994,-303.50,-179.50,21.9037,-25.5812
68118900,-222.50,-207.50,32.6627,-21.2581
68122806,34.50,-147.50,37.3872,-20.6882
68126712,117.50,-96.50,33.6176,-10.1108
68130618,-74.50,-96.50,27.1243,11.7266
68134524,-297.50,-117.50,25.2767,31.9248
68138430,-273.50,-143.50,24.1964,41.7313
68142336,16.50,-150.50,22.6057,33.9683
68146242,127.50,-102.50,26.0200,17.1698
68150148,-47.50,-116.50,27.0096,9.2735
68154054,-287.50,-153.50,23.2209,8.4769
68157960,-292.50,-204.50,19.3761,1.4805
68161866,-47.50,-179.50,13.7444,-13.3951
68165772,109.50,-124.50,7.4778,-20.4437
68169678,-17.50,-120.50,5.7374,-12.0487
68173584,-272.50,-145.50,10.0178,0.5485
68177490,-335.50,-169.50,9.6636,8.7021
68181396,-89.50,-130.50,0.1964,14.8815
68185302,102.50,-113.50,-5.5064,20.4423
68189208,-16.50,-117.50,-5.9198,18.2971
68193114,-276.50,-152.50,-8.6634,9.2936
68197020,-354.50,-199.50,-12.9860,-1.4719
68200926,-130.50,-186.50,-15.3115,-12.9990
68204832,79.50,-171.50,-14.2661,-23.6240
68208738,17.50,-126.50,-11.6564,-27.4725
68212644,-262.50,-145.50,-11.5546,-17.2636
68216550,-367.50,-175.50,-16.3812,-2.0515
68220456,-160.50,-161.50,-18.4788,6.6363
68224362,62.50,-145.50,-14.5233,7.3435
68228268,35.50,-141.50,-12.0761,-0.9694
68232174,-223.50,-164.50,-12.0316,-12.3442
68236080,-353.50,-189.50,-10.5121,-17.2332
68239986,-192.50,-185.50,-6.6453,-14.7111
68243892,48.50,-167.50,-4.7877,-12.7745
68247798,66.50,-136.50,-5.5068,-14.5057
68251704,-175.50,-157.50,-3.1310,-14.3873
68255610,-335.50,-191.50,3.2122,-12.6347
68259516,-207.50,-207.50,10.0837,-14.4113
68263422,26.50,-180.50,9.7187,-20.5097
68267328,42.50,-159.50,-4.8810,-26.6965
68271234,-202.50,-201.50,-28.6736,-34.2392
68275140,-383.50,-232.50,-45.7034,-45.5492
68279046,-286.50,-220.50,-46.6679,-49.8589
68282952,-15.50,-213.50,-38.3407,-45.7284
68286858,65.50,-206.50,-29.4609,-48.8226
68290764,-150.50,-202.50,-25.3939,-57.9059
68294670,-364.50,-210.50,-26.4068,-55.5216
68298576,-321.50,-219.50,-29.7681,-40.6822
68302482,-60.50,-193.50,-35.3716,-27.4464
68306388,61.50,-143.50,-38.5404,-18.1181
68310294,-110.50,-80.50,-34.6697,3.6107
68314200,-271.50,-40.50,-14.5323,51.3257
68318106,-267.50,-156.50,19.8181,90.2611
68322012,-90.50,-224.50,28.8487,65.6114
68325918,52.50,-212.50,-1.3518,-3.3552
68329824,-116.50,-241.50,-36.0746,-60.8255
68333730,-399.50,-322.50,-61.1638,-100.4343
68337636,-445.50,-367.50,-86.5307,-136.1271
68341542,-218.50,-335.50,-110.5875,-157.6521
68345448,-74.50,-382.50,-129.6753,-168.5578
68349354,-222.50,-383.50,-150.5701,-191.4024
68353260,-478.50,-438.50,-171.8514,-220.5777
68357166,-564.50,-488.50,-187.5762,-245.1150
68361072,-304.50,-425.50,-192.9635,-253.3354
68364978,-105.50,-416.50,-182.0727,-238.4243
68368884,-165.50,-424.50,-163.1166,-226.4588
68372790,-384.50,-422.50,-139.6585,-226.1222
68376696,-445.50,-447.50,-107.6435,-220.5740
68380602,-245.50,-374.50,-76.8762,-199.1610
68384508,11.50,-344.50,-53.9112,-163.2514
68388414,-14.50,-314.50,-31.8317,-131.7429
68392320,-266.50,-333.50,-11.6940,-114.4347
68396226,-356.50,-303.50,4.5199,-97.3737
68400132,-206.50,-304.50,17.9969,-71.8693
68404038,29.50,-226.50,20.9359,-43.9299
68407944,31.50,-184.50,17.2362,-12.9516
68411850,-219.50,-200.50,16.2832,15.6332
68415756,-353.50,-243.50,19.5367,27.2866
68419662,-192.50,-253.50,31.3735,21.9315
68423568,71.50,-203.50,50.3921,15.3693
68427474,128.50,-157.50,70.8695,23.1841
68431380,-121.50,-161.50,85.6584,42.4187
68435286,-302.50,-178.50,87.2706,60.9956
68439192,-171.50,-194.50,86.2620,71.8568
68443098,80.50,-153.50,92.5080,75.4600
68447004,155.50,-113.50,99.1510,80.4736
68450910,-72.50,-144.50,100.0365,85.5167
68454816,-276.50,-186.50,95.3290,80.3418
68458722,-213.50,-160.50,89.3863,75.6082
68462628,33.50,-111.50,82.5364,88.6081
68466534,146.50,-101.50,76.1892,107.1675
68470440,-40.50,-105.50,75.6364,112.1472
68474346,-287.50,-158.50,75.3584,104.7966
68478252,-293.50,-180.50,62.4761,91.5979
68482158,-36.50,-146.50,39.7949,81.3463
68486064,106.50,-127.50,25.8867,78.4663
68489970,-57.50,-139.50,24.8661,75.0838
68493876,-298.50,-158.50,27.2521,70.8321
68497782,-300.50,-187.50,29.8852,70.1078
68501688,-49.50,-158.50,34.0936,70.4619
68505594,112.50,-116.50,38.2089,73.2942
68509500,-35.50,-78.50,35.4050,85.0195
68513406,-261.50,-133.50,29.8968,99.7357
68517312,-317.50,-153.50,31.2714,103.0789
68521218,-73.50,-124.50,36.2777,100.4128
68525124,134.50,-112.50,44.4437,98.7672
68529030,59.50,-117.50,57.9699,90.4333
68532936,-227.50,-164.50,66.8621,74.9481
68536842,-328.50,-181.50,58.6340,61.5465
68540748,-118.50,-172.50,41.1507,56.9145
68544654,107.50,-151.50,32.3427,55.3019
68548560,48.50,-124.50,33.5420,52.8596
68552466,-226.50,-175.50,33.4285,50.6264
68556372,-342.50,-205.50,27.2724,44.0985
68560278,-156.50,-191.50,22.4004,37.6552
68564184,71.50,-161.50,21.2594,36.7583
68568090,62.50,-133.50,20.6468,39.1602
68571996,-203.50,-143.50,19.6728,46.0427
68575902,-345.50,-164.50,17.4363,57.2952
68579808,-194.50,-193.50,16.6778,62.2495
68583714,57.50,-148.50,18.0888,55.7415
68587620,80.50,-109.50,19.6518,52.7052
68591526,-180.50,-152.50,17.7995,55.9307
68595432,-388.50,-192.50,5.1942,51.8186
68599338,-281.50,-193.50,-15.8007,43.1686
68603244,-20.50,-175.50,-32.3699,36.9516
68607150,53.50,-125.50,-35.4888,35.2178
68611056,-154.50,-148.50,-25.6433,39.7138
68614962,-345.50,-181.50,-9.5101,43.8424
68618868,-260.50,-175.50,5.5780,46.8886
68622774,7.50,-120.50,15.2315,57.1716
68626680,85.50,-136.50,16.8470,65.1762
68630586,-113.50,-165.50,10.6468,53.0881
68634492,-339.50,-204.50,4.0337,30.4313
68638398,-346.50,-227.50,-6.1434,14.6800
68642304,-100.50,-191.50,-28.5375,8.3282
68646210,30.50,-178.50,-50.2283,6.5218
68650116,-163.50,-203.50,-62.3649,-0.3510
68654022,-420.50,-274.50,-73.6430,-18.1883
68657928,-445.50,-350.50,-89.2119,-50.4225
68661834,-222.50,-335.50,-109.9376,-90.2738
68665740,-109.50,-352.50,-137.7381,-125.1816
68669646,-253.50,-367.50,-168.2321,-154.7463
68673552,-512.50,-447.50,-187.7602,-181.6739
68677458,-624.50,-512.50,-204.8774,-211.7265
68681364,-463.50,-481.50,-245.3709,-239.3567
68685270,-302.50,-475.50,-301.3206,-253.6285
68689176,-431.50,-525.50,-345.2485,-269.6016
68693082,-683.50,-552.50,-366.2169,-293.2716
68696988,-813.50,-591.50,-375.8524,-307.4724
68700894,-635.50,-596.50,-394.5794,-313.0170
68704800,-437.50,-592.50,-419.4869,-323.8595
68708706,-483.50,-562.50,-431.1682,-335.1576
68712612,-716.50,-545.50,-420.2754,-324.9949
68716518,-840.50,-628.50,-398.6954,-302.5936
68720424,-651.50,-613.50,-383.6053,-297.6572
68724330,-400.50,-614.50,-371.3761,-308.7111
68728236,-402.50,-576.50,-351.9272,-318.9982
68732142,-672.50,-596.50,-332.6264,-315.8232
68736048,-810.50,-621.50,-324.2341,-301.2190
68739954,-605.50,-619.50,-312.0245,-286.6724
68743860,-321.50,-605.50,-278.3803,-279.9283
68747766,-308.50,-528.50,-238.2056,-272.5762
68751672,-541.50,-526.50,-213.2237,-247.3599
68755578,-691.50,-553.50,-198.8641,-214.3187
68759484,-552.50,-513.50,-181.3234,-185.2454
68763390,-265.50,-446.50,-157.4234,-151.6092
68767296,-189.50,-382.50,-128.7112,-111.4797
68771202,-381.50,-344.50,-97.4755,-67.6140
68775108,-536.50,-387.50,-62.6431,-28.3131
68779014,-418.50,-393.50,-23.4477,-8.0038
68782920,-150.50,-280.50,10.6465,9.8857
68786826,-45.50,-241.50,32.4544,45.6257
68790732,-224.50,-259.50,48.5098,76.4272
68794638,-414.50,-232.50,68.2081,94.8819
68798544,-325.50,-211.50,95.7874,124.2765
68802450,-66.50,-154.50,124.5404,163.1254
68806356,90.50,-89.50,146.9982,197.7652
68810266,-76.50,-79.50,165.9433,224.9037
68814172,-239.50,-79.50,191.0815,247.0897
68818078,-230.50,-84.50,224.3198,268.3364
68821984,57.50,-50.50,252.7310,285.1387
68825890,210.50,-16.50,272.0216,292.7503
68829796,93.50,-47.50,285.7397,287.1191
68833702,-159.50,-25.50,294.9011,279.0284
68837608,-185.50,-47.50,296.9791,286.8576
68841514,83.50,-6.50,297.9396,302.9320
68845420,263.50,50.50,306.4678,317.9729
68849326,145.50,54.50,312.3257,330.7178
68853232,-119.50,32.50,306.9430,336.5829
68857138,-189.50,-4.50,294.5528,335.0889
68861044,27.50,10.50,281.9880,327.4742
68864950,233.50,42.50,273.7650,317.8217
68868856,155.50,55.50,268.8899,310.3316
68872762,-88.50,-2.50,267.0578,301.0104
68876668,-168.50,-72.50,271.7930,278.9913
68880574,-30.50,-73.50,271.1179,246.3628
68884480,176.50,-27.50,248.7519,221.9835
68888386,134.50,-52.50,218.4339,207.7513
68892292,-239.50,-129.50,180.2193,183.0449
68896198,-433.50,-214.50,113.2373,139.5919
68900104,-294.50,-280.50,39.2222,83.2696
68904010,-97.50,-261.50,-13.5897,26.0034
68907916,-140.50,-292.50,-53.2066,-20.1300
68911822,-420.50,-340.50,-90.2423,-57.0406
68915728,-638.50,-440.50,-127.9147,-93.1484
68919634,-525.50,-475.50,-165.6795,-133.5940
68923540,-293.50,-436.50,-195.8458,-167.2767
68927446,-290.50,-449.50,-218.8201,-186.6182
68931352,-527.50,-481.50,-238.5626,-202.6332
68935258,-687.50,-512.50,-243.8911,-213.6501
68939164,-557.50,-489.50,-225.0968,-207.4932
68943070,-303.50,-435.50,-196.9254,-184.8405
68946976,-191.50,-382.50,-173.6798,-156.7566
68950882,-416.50,-398.50,-155.1595,-133.6244
68954788,-627.50,-431.50,-145.5787,-120.0283
68958694,-523.50,-437.50,-136.9069,-112.2291
68962600,-239.50,-396.50,-114.9360,-104.8254
68966506,-117.50,-335.50,-86.7220,-93.0821
68970412,-301.50,-334.50,-65.7886,-74.8820
68974318,-512.50,-354.50,-51.9237,-54.5147
68978224,-436.50,-326.50,-31.5746,-29.7822
68982130,-160.50,-249.50,0.1375,6.4005
68986036,17.50,-194.50,34.0806,47.0599
68989942,-102.50,-192.50,67.8640,76.2156
68993848,-322.50,-234.50,102.6259,88.3396
68997754,-309.50,-210.50,133.4202,96.6828
69001660,-45.50,-155.50,157.1126,117.3224
69005566,152.50,-65.50,176.6849,150.6118
69009472,63.50,-26.50,198.6754,190.6448
69013378,-154.50,-47.50,227.7898,228.2670
69017284,-180.50,-50.50,259.6325,255.0593
69021190,74.50,-26.50,286.6499,270.4107
69025096,278.50,38.50,305.6466,278.3042
69029002,207.50,67.50,316.8013,287.7728
69032908,-32.50,67.50,326.3495,305.6480
69036814,-114.50,64.50,336.1523,331.0999
69040720,97.50,87.50,341.3093,354.4667
69044626,311.50,150.50,340.2533,368.2980
69048532,275.50,176.50,336.8248,376.8286
69052438,42.50,141.50,340.2636,381.7574
69056344,-81.50,86.50,349.2998,376.8403
69060250,107.50,93.50,354.0575,361.8400
69064156,324.50,144.50,350.5475,347.8390
69068062,329.50,147.50,342.1012,338.7984
69071968,83.50,114.50,338.0388,328.2274
69075874,-89.50,84.50,334.3456,318.4027
69079780,38.50,105.50,319.7217,316.9789
69083686,289.50,120.50,299.5685,317.2002
69087592,323.50,144.50,287.1256,307.7081
69091498,87.50,127.50,284.3390,295.6955
69095404,-77.50,107.50,285.8639,293.5732
69099310,48.50,102.50,291.3488,298.7969
69103216,311.50,128.50,298.7759,298.6088
69107122,368.50,130.50,301.4857,284.7979
69111028,144.50,114.50,295.8817,263.7021
69114934,-72.50,99.50,283.4633,252.6234
69118840,-11.50,81.50,266.8214,254.6304
69122746,239.50,92.50,248.6267,251.4451
69126652,336.50,106.50,233.7166,233.9692
69130558,131.50,89.50,222.8901,212.2139
69134464,-93.50,54.50,213.4379,197.6369
69138370,-48.50,38.50,207.3177,191.3034
69142276,205.50,68.50,205.1444,187.6921
69146182,317.50,99.50,199.8835,183.7045
69150088,140.50,61.50,186.3676,174.1340
69153994,-85.50,32.50,173.3567,158.2748
69157900,-113.50,36.50,165.1432,150.4839
69161806,128.50,66.50,153.1445,156.0747
69165712,283.50,48.50,139.0644,154.3283
69169618,146.50,40.50,128.6730,132.6103
69173524,-98.50,30.50,123.1740,113.3039
69177430,-152.50,-4.50,119.3672,110.3611
69181336,71.50,-8.50,110.8761,105.4621
69185242,241.50,31.50,97.4037,91.5555
69189148,147.50,39.50,83.8966,82.2721
69193054,-101.50,-4.50,77.8333,79.5695
69196960,-191.50,-33.50,76.5279,74.5351
69200866,-2.50,-38.50,68.1076,63.5784
69204772,176.50,6.50,47.9616,51.0797
69208678,106.50,10.50,22.4354,44.4510
69212584,-156.50,-38.50,2.8311,39.3264
69216490,-256.50,-47.50,-5.7349,32.7860
69220396,-61.50,-28.50,-3.6207,33.4844
69224302,158.50,-21.50,2.4808,35.0050
69228208,137.50,-0.50,4.3759,27.8294
69232114,-122.50,-30.50,1.8123,20.1783
69236020,-270.50,-63.50,-4.8470,16.2882
69239926,-117.50,-79.50,-13.3676,9.4846
69243832,121.50,-28.50,-19.7824,0.5979
69247738,126.50,9.50,-24.7959,1.6458
69251644,-127.50,-47.50,-31.9684,7.0995
69255550,-289.50,-79.50,-40.1924,1.2220
69259456,-127.50,-54.50,-37.1297,-5.1425
69263362,182.50,16.50,-10.7272,6.0050
69267268,157.50,29.50,15.4411,26.8256
69271174,-117.50,-79.50,0.5332,23.1128
69275080,-329.50,-102.50,-44.7905,-12.4654
69278986,-231.50,-111.50,-79.2432,-42.8570
69282892,45.50,-84.50,-86.7283,-54.1177
69286798,123.50,-53.50,-77.5986,-57.4651
69290704,-80.50,-74.50,-68.6515,-56.8784
69294610,-300.50,-79.50,-65.2116,-50.0676
69298516,-262.50,-105.50,-68.0683,-39.3763
69302422,-20.50,-63.50,-79.8241,-35.0801
69306328,117.50,-42.50,-90.9792,-37.1365
69310234,-80.50,-76.50,-93.0551,-44.0216
69314140,-320.50,-120.50,-94.0618,-56.5234
69318046,-298.50,-131.50,-96.6398,-67.1922
69321952,-34.50,-100.50,-94.7054,-71.1693
69325858,143.50,-79.50,-83.8196,-72.6965
69329764,-9.50,-77.50,-67.4510,-74.3120
69333670,-239.50,-102.50,-53.2550,-70.7442
69337576,-265.50,-111.50,-42.9747,-61.1700
69341482,-14.50,-80.50,-37.0177,-51.6066
69345388,162.50,-32.50,-34.0931,-43.6878
69349294,45.50,-38.50,-33.3449,-36.7573
69353200,-227.50,-82.50,-36.3964,-34.7200
69357106,-303.50,-93.50,-45.5152,-36.5868
69361012,-73.50,-89.50,-56.5656,-39.3456
69364918,135.50,-58.50,-60.5309,-46.1229
69368824,38.50,-63.50,-60.9035,-55.3432
69372730,-238.50,-121.50,-67.2259,-65.9410
69376636,-335.50,-152.50,-77.7380,-79.4167
69380542,-136.50,-127.50,-84.7053,-88.8545
69384448,83.50,-60.50,-87.8580,-84.7321
69388354,59.50,-56.50,-87.4576,-70.1072
69392260,-181.50,-101.50,-77.8449,-61.0679
69396166,-288.50,-117.50,-59.0842,-61.0891
69400072,-142.50,-124.50,-44.2758,-63.6271
69403978,79.50,-101.50,-48.4285,-72.2717
69407884,59.50,-60.50,-67.7491,-80.4864
69411790,-217.50,-89.50,-90.3215,-76.0999
69415696,-338.50,-128.50,-103.3086,-67.6785
69419602,-191.50,-111.50,-95.4422,-63.8503
69423508,64.50,-76.50,-78.8132,-61.6615
69427414,97.50,-30.50,-69.0474,-56.3704
69431320,-145.50,-57.50,-67.4296,-45.9443
69435226,-351.50,-102.50,-73.8975,-38.8779
69439132,-272.50,-112.50,-89.3944,-42.0484
69443038,-15.50,-105.50,-108.6480,-55.2145
69446944,74.50,-84.50,-117.4009,-74.0796
69450850,-139.50,-82.50,-110.9656,-83.9838
69454756,-352.50,-115.50,-101.2879,-77.6250
69458662,-291.50,-159.50,-97.7447,-72.7060
69462568,-32.50,-117.50,-100.0141,-81.1447
69466474,80.50,-114.50,-102.1346,-94.0004
69470380,-117.50,-130.50,-101.7457,-106.4928
69474286,-328.50,-165.50,-98.5296,-114.7532
69478192,-299.50,-175.50,-90.4647,-114.8758
69482098,-63.50,-143.50,-86.1474,-110.6715
69486004,69.50,-116.50,-92.4985,-107.2448
69489910,-92.50,-133.50,-101.8246,-108.3536
69493816,-332.50,-177.50,-105.3974,-113.8564
69497722,-368.50,-206.50,-107.2690,-121.3922
69501628,-127.50,-165.50,-115.1725,-125.9428
69505534,76.50,-102.50,-117.6982,-118.3224
69509440,-17.50,-90.50,-100.2258,-98.3372
69513346,-271.50,-163.50,-72.7675,-84.8748
69517252,-360.50,-201.50,-61.6053,-92.8358
69521158,-139.50,-142.50,-74.6115,-103.9558
69525064,78.50,-100.50,-88.3428,-97.7174
69528970,-29.50,-70.50,-90.0721,-80.3148
69532876,-258.50,-126.50,-85.4551,-65.4922
69536782,-324.50,-148.50,-71.2268,-60.9883
69540688,-98.50,-104.50,-48.1013,-57.6713
69544594,91.50,-76.50,-32.3048,-49.4417
69548500,54.50,-57.50,-32.3405,-44.5363
69552406,-207.50,-63.50,-36.2631,-37.6849
69556312,-286.50,-85.50,-30.5460,-21.6236
69560218,-30.50,-22.50,-0.9759,2.2838
69564124,182.50,27.50,42.2311,30.9567
69568030,125.50,-26.50,57.1757,40.3520
69571936,-148.50,-87.50,34.7281,13.0059
69575842,-306.50,-82.50,3.2560,-18.0480
69579748,-162.50,-65.50,-17.4860,-19.9762
69583654,91.50,-15.50,-25.5086,-4.9869
69587560,133.50,28.50,-21.4333,11.6559
69591466,-110.50,-26.50,-9.6843,23.8819
69595372,-325.50,-68.50,-7.7873,22.2957
69599278,-220.50,-77.50,-24.0639,10.0470
69603184,25.50,-69.50,-45.5661,-8.2302
69607090,105.50,-12.50,-56.3851,-23.6605
69610996,-86.50,-17.50,-47.4758,-18.7811
69614902,-273.50,-29.50,-23.7844,4.1780
69618808,-216.50,-42.50,-5.4805,25.8757
69622714,47.50,-20.50,-4.4797,30.3718
69626620,138.50,-15.50,-11.2256,16.7512
69630526,-56.50,-31.50,-15.9919,-1.6949
69634432,-271.50,-63.50,-15.8386,-10.7852
69638338,-216.50,-98.50,-8.6296,-13.6878
69642244,60.50,-58.50,4.8633,-20.1826
69646150,169.50,-33.50,16.1965,-26.4938
69650056,14.50,-44.50,18.1707,-29.2466
69653962,-229.50,-63.50,17.3816,-26.5887
69657868,-253.50,-63.50,13.1546,-15.4282
69661774,21.50,-42.50,5.6395,-3.6558
69665680,159.50,-15.50,3.1129,-1.5266
69669586,-8.50,-25.50,-4.7475,-7.1764
69673492,-261.50,-72.50,-22.0936,-14.5705
69677398,-311.50,-87.50,-37.1382,-20.6530
69681304,-77.50,-82.50,-46.6690,-26.3266
69685210,112.50,-82.50,-50.5306,-40.0920
69689116,7.50,-76.50,-49.7026,-59.8800
69693022,-258.50,-84.50,-48.8960,-66.1993
69696928,-344.50,-112.50,-52.7318,-55.9069
69700834,-128.50,-79.50,-60.0765,-43.9694
69704740,79.50,-44.50,-65.2171,-35.9500
69708646,45.50,-24.50,-61.7133,-29.1811
69712552,-193.50,-60.50,-44.4512,-22.7026
69716458,-320.50,-109.50,-26.1365,-23.2045
69720364,-127.50,-79.50,-21.6007,-30.4939
69724270,137.50,-28.50,-18.9153,-30.5286
69728176,123.50,-10.50,-4.7482,-20.4111
69732082,-149.50,-62.50,8.9850,-13.6931
69735988,-296.50,-92.50,8.7213,-18.0451
69739894,-170.50,-81.50,-4.1180,-24.9673
69743800,49.50,-63.50,-27.0807,-30.5949
69747706,75.50,-52.50,-49.2064,-39.2607
69751612,-129.50,-82.50,-49.9192,-47.7875
69755518,-289.50,-140.50,-28.5152,-55.9533
69759424,-162.50,-143.50,-5.3927,-67.9072
69763330,112.50,-92.50,9.2189,-76.3159
69767236,203.50,-69.50,25.5717,-74.0667
69771142,-41.50,-57.50,43.7739,-61.7473
69775048,-234.50,-88.50,50.2211,-42.2433
69778954,-175.50,-94.50,43.4373,-27.0277
69782860,109.50,-46.50,33.8016,-21.0361
69786766,235.50,15.50,39.0839,-11.4959
69790672,-36.50,-47.50,47.9996,-1.3696
69794578,-285.50,-111.50,29.9242,-11.3862
69798484,-253.50,-124.50,-4.5062,-35.4951
69802390,46.50,-65.50,-22.7258,-47.9015
69806296,176.50,-70.50,-14.6860,-48.1043
69810202,-0.50,-82.50,1.1974,-53.0478
69814108,-217.50,-70.50,13.3153,-51.9081
69818014,-245.50,-98.50,19.2616,-34.6776
69821920,-6.50,-68.50,9.0560,-21.9642
69825826,151.50,-42.50,-9.3157,-22.7052
69829732,14.50,-42.50,-18.7718,-26.9873
69833638,-239.50,-61.50,-17.2584,-24.4826
69837544,-275.50,-85.50,-13.2761,-15.5327
69841450,-30.50,-76.50,-11.9146,-12.8342
69845356,158.50,-50.50,-10.6373,-21.2643
69849266,37.50,-82.50,-10.8715,-37.0594
69853172,-233.50,-93.50,-16.2281,-51.0385
69857078,-302.50,-133.50,-23.6447,-54.7444
69860984,-79.50,-100.50,-27.4267,-53.2251
69864890,129.50,-79.50,-27.3475,-52.4869
69868796,60.50,-76.50,-26.5097,-54.8131
69872702,-201.50,-129.50,-24.7801,-61.5516
69876608,-305.50,-161.50,-22.3103,-71.7608
69880514,-131.50,-136.50,-24.1109,-79.0984
69884420,93.50,-94.50,-33.5749,-77.5358
69888326,87.50,-64.50,-39.6530,-67.7978
69892232,-166.50,-95.50,-31.9102,-54.2304
69896138,-324.50,-116.50,-23.1999,-43.2570
69900044,-173.50,-133.50,-27.5644,-41.3735
69903950,80.50,-102.50,-38.0647,-51.1265
69907856,99.50,-78.50,-40.9658,-61.5467
69911762,-145.50,-104.50,-34.6403,-62.4098
69915668,-312.50,-127.50,-26.9061,-56.5721
69919574,-207.50,-153.50,-26.2005,-54.1521
69923480,36.50,-124.50,-37.2457,-62.9363
69927386,80.50,-93.50,-52.3854,-73.0236
69931292,-172.50,-124.50,-64.6425,-75.0967
69935198,-342.50,-143.50,-70.8785,-72.0568
69939104,-256.50,-168.50,-66.8387,-69.1826
69943010,27.50,-144.50,-57.2029,-73.8591
69946916,78.50,-126.50,-51.6588,-84.1407
69950822,-143.50,-173.50,-59.0686,-96.7296
69954728,-338.50,-177.50,-69.0338,-106.4072
69958634,-313.50,-165.50,-71.4938,-99.2794
69962540,-68.50,-143.50,-79.4912,-82.1296
69966446,45.50,-142.50,-93.4994,-77.2555
69970352,-136.50,-147.50,-101.7202,-85.9422
69974258,-324.50,-154.50,-94.3699,-88.0381
69978164,-296.50,-190.50,-69.9717,-80.4764
69982070,-47.50,-173.50,-47.2736,-80.4785
69985976,91.50,-120.50,-40.5725,-84.1964
69989882,-60.50,-143.50,-44.6032,-81.2873
69993788,-293.50,-170.50,-46.6766,-78.3924
69997694,-312.50,-186.50,-41.6145,-77.2557
70001600,-66.50,-165.50,-34.7696,-75.5890
70005506,119.50,-110.50,-27.8437,-70.5607
70009412,-16.50,-112.50,-23.5221,-59.7813
70013318,-270.50,-131.50,-25.9313,-48.3123
70017224,-324.50,-150.50,-29.6901,-39.1758
70021130,-77.50,-138.50,-26.1168,-34.4624
70025036,112.50,-113.50,-16.5702,-36.5229
70028942,17.50,-82.50,-13.4170,-37.3406
70032848,-233.50,-141.50,-17.3897,-34.0530
70036754,-335.50,-196.50,-20.7087,-41.7023
70040660,-168.50,-168.50,-29.3269,-58.1833
70044566,52.50,-111.50,-46.0000,-61.2181
70048472,27.50,-88.50,-55.0872,-46.8987
70052378,-225.50,-132.50,-48.3919,-32.5509
70056284,-383.50,-197.50,-43.0563,-35.7870
70060190,-232.50,-235.50,-54.5084,-61.4485
70064096,18.50,-210.50,-71.2036,-96.7781
70068002,47.50,-143.50,-70.8788,-112.7997
70071908,-232.50,-149.50,-58.3726,-95.3755
70075814,-383.50,-184.50,-54.6913,-67.0290
70079720,-239.50,-182.50,-56.3744,-50.6866
70083626,28.50,-165.50,-51.7731,-49.0999
70087532,70.50,-156.50,-41.0784,-59.1605
70091438,-180.50,-142.50,-33.1276,-66.9550
70095344,-358.50,-165.50,-33.1705,-57.8949
70099250,-275.50,-194.50,-37.4159,-44.4837
70103156,-15.50,-154.50,-44.7527,-41.9863
70107062,47.50,-110.50,-52.1106,-40.7785
70110968,-168.50,-125.50,-56.6821,-33.8981
70114874,-335.50,-159.50,-51.3836,-28.0196
70118780,-251.50,-188.50,-29.7027,-28.1017
70122686,18.50,-133.50,-4.4200,-29.1232
70126592,107.50,-98.50,8.3092,-22.3012
70130498,-90.50,-127.50,5.1285,-16.3173
70134404,-315.50,-178.50,-3.6960,-23.3784
70138310,-296.50,-200.50,-9.4606,-36.8183
70142216,-49.50,-157.50,-15.3158,-42.6118
70146122,100.50,-120.50,-19.4245,-36.8912
70150028,-65.50,-143.50,-17.8494,-32.0199
70153934,-288.50,-172.50,-11.6614,-35.1734
70157840,-320.50,-205.50,-6.0899,-39.6180
70161746,-80.50,-146.50,-9.5542,-36.7465
70165652,90.50,-113.50,-17.0102,-24.1181
70169558,-50.50,-126.50,-21.6152,-15.4379
70173464,-307.50,-152.50,-26.2940,-16.9871
70177370,-347.50,-190.50,-29.5348,-20.1398
70181276,-98.50,-172.50,-25.1075,-23.3242
70185182,111.50,-159.50,-11.0501,-30.3509
70189088,41.50,-100.50,8.3737,-33.0618
70192994,-229.50,-125.50,24.4924,-18.4060
70196900,-314.50,-149.50,28.7192,2.7734
70200806,-91.50,-124.50,27.2661,17.0919
70204712,80.50,-114.50,22.7103,21.2105
70208618,9.50,-124.50,5.4096,9.2619
70212524,-252.50,-187.50,-15.7132,-16.1317
70216430,-335.50,-203.50,-21.2675,-39.3630
70220336,-166.50,-190.50,-11.3317,-45.1436
70224242,59.50,-146.50,-4.5781,-37.0177
70228148,53.50,-130.50,-5.3237,-27.8164
70232054,-207.50,-153.50,-5.2029,-22.6613
70235960,-346.50,-175.50,-4.5346,-18.3333
70239866,-217.50,-194.50,-6.8000,-15.5807
70243772,30.50,-145.50,-13.8858,-17.6087
70247678,65.50,-118.50,-17.6814,-17.3453
70251584,-172.50,-143.50,-12.2111,-13.0904
70255490,-329.50,-160.50,-2.3105,-7.5191
70259396,-221.50,-188.50,6.8969,-3.2572
70263302,37.50,-159.50,10.6155,-7.5702
70267208,82.50,-116.50,8.6448,-13.4272
70271114,-143.50,-125.50,2.9104,-9.5568
70275020,-326.50,-143.50,-0.5981,2.2209
70278926,-264.50,-168.50,0.5111,13.0043
70282832,6.50,-143.50,0.5970,13.8683
70286738,110.50,-143.50,3.8536,3.0170
70290644,-117.50,-139.50,7.0209,-11.4311
70294550,-333.50,-171.50,1.0372,-16.4959
70298456,-254.50,-200.50,-0.0347,-14.5125
70302362,-27.50,-138.50,8.2509,-9.8267
70306268,91.50,-142.50,8.3039,-3.5638
70310174,-94.50,-124.50,-2.2346,-3.1557
70314080,-318.50,-132.50,-11.1464,1.7942
70317986,-313.50,-170.50,-11.8131,13.9603
70321892,-56.50,-173.50,-7.3153,13.8578
70325798,93.50,-155.50,-2.4381,-2.0409
70329704,-51.50,-146.50,-1.0140,-18.1010
70333610,-297.50,-169.50,-2.4719,-21.9546
70337516,-333.50,-188.50,-3.9887,-15.6757
70341422,-73.50,-147.50,-1.8363,-3.9018
70345328,112.50,-118.50,7.9778,10.1153
70349234,-20.50,-104.50,14.2441,19.3862
70353140,-276.50,-144.50,8.2142,21.1706
70357046,-352.50,-159.50,-1.7285,19.4530
70360952,-132.50,-123.50,-8.4184,24.1169
70364858,74.50,-81.50,-10.1314,38.3251
70368764,12.50,-66.50,-7.0784,52.2510
70372670,-254.50,-117.50,-2.5320,55.1709
70376576,-347.50,-160.50,-0.0198,43.9432
70380482,-164.50,-126.50,0.3765,32.8127
70384388,59.50,-96.50,-2.0203,34.4705
70388294,27.50,-77.50,-5.5107,40.7607
70392200,-240.50,-125.50,-8.4089,40.3018
70396106,-366.50,-178.50,-11.5450,28.3345
70400012,-198.50,-166.50,-11.0762,12.6948
70403918,36.50,-124.50,-8.4442,7.0992
70407824,59.50,-114.50,-5.5983,9.2385
70411730,-207.50,-125.50,-2.6495,11.4297
70415636,-361.50,-164.50,-3.7001,13.9193
70419542,-239.50,-168.50,-6.3595,15.0623
70423448,19.50,-116.50,-8.0286,16.4697
70427354,80.50,-95.50,-4.8419,21.7298
70431260,-148.50,-108.50,5.0206,26.8931
70435166,-326.50,-148.50,15.5451,29.2021
70439072,-220.50,-160.50,25.5698,28.2203
70442978,35.50,-118.50,33.5462,26.3328
70446884,82.50,-96.50,30.9851,26.5330
70450790,-115.50,-101.50,18.9225,27.7032
70454696,-305.50,-112.50,15.2725,34.2576
70458602,-257.50,-143.50,23.4720,44.3610
70462508,-15.50,-116.50,25.7488,45.9335
70466414,109.50,-58.50,20.3728,44.9469
70470320,-101.50,-79.50,14.3263,49.8293
70474226,-325.50,-154.50,6.2814,45.7981
70478132,-314.50,-164.50,-0.7769,28.8721
70482038,-63.50,-142.50,-5.4805,16.2346
70485944,91.50,-123.50,-6.3059,10.2183
70489850,-67.50,-165.50,-2.6639,-2.9603
70493756,-314.50,-193.50,-0.5008,-22.7950
70497662,-349.50,-218.50,-4.3897,-34.2855
70501568,-116.50,-188.50,-14.4965,-34.1179
70505474,62.50,-163.50,-23.1654,-31.0595
70509380,-53.50,-138.50,-23.9561,-27.6453
70513286,-285.50,-175.50,-16.1950,-20.4886
70517192,-334.50,-217.50,-2.5605,-16.3686
70521098,-112.50,-194.50,8.6708,-19.9699
70525004,69.50,-175.50,10.2436,-26.3081
70528910,-2.50,-143.50,5.3262,-29.9051
70532816,-267.50,-132.50,2.3377,-18.2055
70536722,-361.50,-189.50,0.3376,2.8969
70540628,-177.50,-177.50,-5.3539,10.5097
70544534,42.50,-141.50,-13.2295,6.1923
70548440,16.50,-127.50,-14.9536,1.9763
70552346,-251.50,-161.50,-9.3840,-1.0624
70556252,-402.50,-186.50,-11.5130,-2.6950
70560158,-209.50,-210.50,-21.1343,-5.6560
70564064,37.50,-162.50,-21.0920,-12.6216
70567970,48.50,-144.50,-8.9937,-16.6706
70571876,-206.50,-170.50,4.1556,-16.5286
70575782,-381.50,-180.50,6.1699,-12.5221
70579688,-229.50,-175.50,-0.8070,-0.9996
70583594,26.50,-128.50,-3.1894,13.0844
70587500,64.50,-120.50,1.7346,20.8519
70591406,-181.50,-148.50,6.1107,17.1526
70595312,-343.50,-188.50,8.4908,7.0526
70599218,-221.50,-189.50,17.2723,0.4794
70603124,23.50,-153.50,28.2063,0.7701
70607030,112.50,-140.50,33.8028,2.0444
70610936,-99.50,-146.50,39.6855,0.0611
70614842,-289.50,-166.50,48.8522,2.0605
70618748,-229.50,-173.50,57.1925,11.1505
70622654,42.50,-111.50,61.1480,24.9238
70626560,151.50,-93.50,64.6866,39.6778
70630466,-61.50,-100.50,65.5322,46.3748
70634372,-294.50,-136.50,57.3331,45.5864
70638278,-296.50,-175.50,41.4869,40.0243
70642184,-32.50,-156.50,23.7199,27.7283
70646090,112.50,-111.50,16.0052,17.6227
70649996,-45.50,-100.50,20.1512,19.8948
70653902,-321.50,-160.50,21.2807,26.1170
70657808,-304.50,-161.50,15.4325,26.7308
70661714,-44.50,-126.50,17.1879,30.3329
70665620,107.50,-100.50,25.3847,37.7426
70669526,-49.50,-98.50,21.7848,39.6136
70673432,-296.50,-125.50,8.0674,38.6839
70677338,-352.50,-155.50,-1.8712,39.3543
70681244,-120.50,-142.50,-6.6508,38.3124
70685150,74.50,-112.50,-8.4199,33.6385
70689056,-12.50,-122.50,-6.4311,25.2623
70692962,-269.50,-161.50,-1.0945,13.8287
70696868,-348.50,-201.50,4.6028,2.4645
70700774,-133.50,-208.50,8.7391,-9.4905
70704680,59.50,-180.50,7.9790,-23.4027
70708586,-18.50,-152.50,-3.7026,-31.7036
70712492,-290.50,-176.50,-22.0176,-28.2768
70716398,-400.50,-204.50,-35.4979,-19.4353
70720304,-212.50,-198.50,-38.2497,-13.0747
70724210,16.50,-176.50,-35.2704,-13.1497
70728116,14.50,-166.50,-30.8394,-20.3196
70732022,-232.50,-178.50,-21.9857,-26.6913
70735928,-356.50,-196.50,-8.6242,-22.9207
70739834,-190.50,-193.50,7.5456,-11.7469
70743740,44.50,-190.50,19.0056,-8.0918
70747646,81.50,-116.50,22.5142,-9.3183
70751552,-177.50,-143.50,23.5065,0.3431
70755458,-335.50,-152.50,23.4271,15.9145
70759364,-224.50,-165.50,24.2368,27.9471
70763270,54.50,-122.50,27.7686,34.7222
70767176,123.50,-96.50,37.2952,38.4114
70771082,-124.50,-118.50,45.9680,39.2342
70774988,-300.50,-174.50,46.9764,32.2229
70778894,-239.50,-184.50,45.9238,19.7785
70782800,17.50,-153.50,40.2917,11.5408
70786706,112.50,-130.50,32.4903,9.4520
70790612,-69.50,-164.50,33.1019,4.1465
70794518,-298.50,-168.50,40.7752,-2.2855
70798424,-276.50,-162.50,41.7227,5.2098
70802330,-40.50,-141.50,27.6538,21.8321
70806236,87.50,-152.50,8.9106,24.1132
70810142,-85.50,-144.50,-1.2975,9.4694
70814048,-322.50,-176.50,-2.3179,-1.2657
70817954,-314.50,-205.50,0.4409,-3.4246
70821860,-48.50,-184.50,5.9455,-5.9981
70825766,122.50,-141.50,16.7040,-6.7254
70829672,-18.50,-143.50,28.5921,-2.8094
70833578,-274.50,-181.50,34.0675,-0.2364
70837484,-338.50,-208.50,27.6543,-2.9666
70841390,-101.50,-205.50,11.7964,-10.0100
70845296,94.50,-145.50,1.5199,-14.0943
70849202,-26.50,-121.50,0.2097,-5.0163
70853108,-271.50,-143.50,0.7020,12.6062
70857014,-354.50,-178.50,1.5121,24.3741
70860920,-95.50,-136.50,7.1364,30.3847
70864826,134.50,-81.50,25.3061,42.8027
70868732,37.50,-99.50,42.3939,54.5794
70872638,-264.50,-165.50,34.9793,45.2414
70876544,-367.50,-181.50,9.9194,22.4079
70880450,-175.50,-187.50,-8.1365,7.7628
70884356,40.50,-154.50,-15.4455,1.3999
70888266,19.50,-140.50,-19.4034,-2.5040
70892172,-221.50,-162.50,-15.5179,-3.1846
70896078,-334.50,-184.50,-0.2431,0.3439
70899984,-175.50,-156.50,17.8193,10.4638
70903890,75.50,-111.50,27.3119,26.3086
70907796,89.50,-69.50,29.9951,43.5276
70911702,-184.50,-111.50,28.1859,55.1687
70915608,-351.50,-140.50,19.2275,55.6547
70919514,-239.50,-145.50,7.6467,50.7895
70923420,27.50,-97.50,-1.5012,49.1098
70927326,102.50,-50.50,0.7210,56.1855
70931232,-144.50,-76.50,12.9466,68.4808
70935138,-323.50,-106.50,21.9077,75.5899
70939044,-254.50,-136.50,23.2360,73.3038
70942950,11.50,-109.50,16.5995,62.1391
70946856,96.50,-94.50,9.4756,47.7825
70950762,-120.50,-80.50,6.9189,40.8422
70954668,-313.50,-108.50,9.3578,47.9099
70958574,-257.50,-142.50,18.8541,56.7175
70962480,16.50,-105.50,29.3675,55.3518
70966386,113.50,-80.50,33.2419,50.3728
70970292,-101.50,-88.50,22.8963,46.2380
70974198,-335.50,-130.50,3.1870,41.9439
70978104,-350.50,-162.50,-14.7888,35.7171
70982010,-63.50,-127.50,-25.9378,29.2008
70985916,75.50,-107.50,-25.0240,25.4749
70989822,-67.50,-111.50,-18.4354,20.9306
70993728,-335.50,-156.50,-15.4154,14.0687
70997634,-366.50,-192.50,-19.9653,5.4082
71001540,-98.50,-152.50,-25.3017,-0.5408
71005446,80.50,-139.50,-21.1594,-1.5360
71009352,-47.50,-148.50,-15.3833,-7.4984
71013258,-308.50,-190.50,-15.3530,-19.8441
71017164,-367.50,-207.50,-17.2213,-28.2157
71021070,-132.50,-157.50,-16.9289,-22.5866
71024976,59.50,-132.50,-16.0857,-7.0536
71028882,-0.50,-118.50,-15.0453,2.7666
71032788,-232.50,-145.50,-3.3250,5.7812
71036694,-335.50,-154.50,16.3899,11.3305
71040600,-125.50,-128.50,28.2642,23.1167
71044506,105.50,-104.50,31.9336,33.5312
71048412,64.50,-73.50,34.0145,37.3747
71052318,-204.50,-111.50,34.6746,39.5066
71056224,-352.50,-140.50,29.2583,39.8721
71060130,-182.50,-144.50,17.7883,36.4691
71064036,70.50,-91.50,9.3815,33.3996
71067942,80.50,-79.50,11.4515,34.7155
71071848,-180.50,-140.50,19.2988,30.7803
71075754,-333.50,-172.50,24.2857,15.8513
71079660,-204.50,-166.50,24.7598,3.9116
71083566,33.50,-114.50,17.7651,4.4551
71087472,75.50,-92.50,6.3857,12.7423
71091378,-171.50,-118.50,-0.4238,19.0453
71095284,-332.50,-144.50,1.2923,21.3115
71099190,-223.50,-145.50,12.2498,24.2106
71103096,23.50,-130.50,20.7223,23.7369
71107002,69.50,-116.50,13.9060,14.0580
71110908,-136.50,-137.50,-0.5681,1.0301
71114814,-349.50,-189.50,-7.4814,-9.3748
71118720,-290.50,-213.50,-8.1011,-20.2606
71122626,-17.50,-168.50,-8.8222,-29.5540
71126532,84.50,-122.50,-7.8400,-27.8917
71130438,-130.50,-120.50,-10.3126,-14.9328
71134344,-344.50,-150.50,-16.8716,0.7757
71138250,-310.50,-184.50,-16.9496,8.4932
71142156,-52.50,-156.50,-11.8133,3.9303
71146062,111.50,-126.50,-4.3089,-4.5348
71149968,-47.50,-109.50,7.8295,-5.9123
71153874,-278.50,-136.50,21.1529,3.7445
71157780,-281.50,-160.50,32.5479,15.8831
71161686,-25.50,-123.50,40.9180,22.9740
71165592,134.50,-93.50,44.6147,26.6755
71169498,15.50,-114.50,44.5451,23.3457
71173404,-239.50,-111.50,45.9203,18.6867
71177310,-298.50,-126.50,46.6058,27.3434
71181216,-76.50,-105.50,40.4379,42.3355
71185122,118.50,-86.50,31.2205,47.4108
71189028,11.50,-79.50,23.1679,41.3897
71192934,-254.50,-124.50,15.4765,32.1581
71196840,-330.50,-158.50,10.4391,22.8537
71200746,-120.50,-126.50,10.6642,17.8990
71204652,91.50,-78.50,11.9322,23.4727
71208558,28.50,-110.50,9.2716,26.9612
71212464,-245.50,-129.50,2.4274,17.2863
71216370,-367.50,-158.50,-6.8294,8.0840
71220276,-160.50,-148.50,-10.3640,6.9450
71224182,87.50,-121.50,-1.6491,6.3793
71228088,57.50,-88.50,9.2492,6.0952
71231994,-205.50,-107.50,10.4130,12.0176
71235900,-332.50,-143.50,8.1852,20.2305
71239806,-192.50,-157.50,10.3450,20.0934
71243712,62.50,-109.50,11.1990,13.2580
71247618,100.50,-84.50,12.8972,11.2607
71251524,-152.50,-121.50,19.0128,12.7787
71255430,-334.50,-146.50,21.2119,11.5185
71259336,-207.50,-157.50,19.3592,9.6385
71263242,59.50,-130.50,20.2935,5.9240
71267148,96.50,-94.50,20.7355,2.0623
71271054,-150.50,-117.50,11.6582,2.4240
71274960,-356.50,-165.50,-3.8417,1.6112
71278866,-269.50,-206.50,-13.7094,-9.1941
71282772,-2.50,-143.50,-14.9135,-22.7161
71286678,90.50,-120.50,-12.2176,-24.0134
71290584,-117.50,-143.50,-10.4644,-20.4808
71294490,-335.50,-164.50,-9.7649,-19.7617
71298396,-303.50,-175.50,-9.8432,-15.5719
71302302,-47.50,-160.50,-14.6676,-12.2092
71306208,99.50,-148.50,-18.4219,-18.9982
71310114,-95.50,-143.50,-16.9443,-30.2852
71314020,-336.50,-191.50,-17.6824,-35.8285
71317926,-345.50,-200.50,-22.8936,-36.3474
71321832,-69.50,-175.50,-26.7457,-34.0558
71325738,76.50,-144.50,-25.2456,-31.4030
71329644,-79.50,-143.50,-26.2874,-30.6948
71333550,-329.50,-175.50,-31.6934,-29.5898
71337456,-367.50,-202.50,-34.6292,-28.0821
71341362,-116.50,-177.50,-34.2464,-27.5505
71345268,73.50,-175.50,-30.4569,-32.1611
71349174,-21.50,-152.50,-23.4882,-41.5551
71353080,-272.50,-143.50,-12.7698,-37.5249
71356986,-327.50,-169.50,0.8783,-16.2437
71360892,-109.50,-138.50,12.2492,3.9518
71364798,80.50,-114.50,13.1368,14.0347
71368704,-0.50,-96.50,1.7113,15.7898
71372610,-259.50,-148.50,-10.1432,11.6550
71376516,-358.50,-184.50,-12.8162,1.2489
71380422,-180.50,-181.50,-12.0578,-11.0616
71384328,16.50,-161.50,-21.5533,-21.2859
71388234,-13.50,-139.50,-40.1612,-28.6658
71392140,-272.50,-158.50,-51.8720,-28.9957
71396046,-398.50,-177.50,-51.4356,-21.9539
71399952,-216.50,-172.50,-42.1196,-12.6625
71403858,11.50,-125.50,-32.5050,-4.4389
71407764,16.50,-102.50,-31.8286,3.4073
71411670,-218.50,-143.50,-33.2033,6.2548
71415576,-365.50,-165.50,-26.1526,2.0967
71419482,-241.50,-163.50,-14.9822,0.0423
71423388,15.50,-142.50,-9.9668,0.5371
71427294,69.50,-131.50,-8.2823,-4.0456
71431200,-173.50,-133.50,-5.5116,-9.6423
71435106,-360.50,-157.50,-5.1312,-6.7845
71439012,-252.50,-162.50,-3.7951,1.7438
71442918,13.50,-134.50,1.9519,7.1806
71446824,95.50,-101.50,8.8770,9.1092
71450730,-124.50,-102.50,12.2226,13.0644
71454636,-340.50,-147.50,10.1671,17.7214
71458542,-271.50,-172.50,8.1265,14.9340
71462448,-47.50,-146.50,3.7336,5.6461
71466354,99.50,-111.50,-3.3992,-0.3661
71470260,-86.50,-144.50,-1.1142,-4.1121
71474166,-310.50,-180.50,8.6989,-12.7929
71478072,-290.50,-200.50,16.5024,-22.1858
71481978,-28.50,-159.50,20.7609,-24.0716
71485884,155.50,-104.50,29.8532,-14.0823
71489790,32.50,-101.50,52.5407,3.2284
71493696,-244.50,-145.50,74.2567,14.5088
71497602,-298.50,-172.50,70.6020,13.5284
71501508,-61.50,-143.50,46.0683,8.1833
71505414,84.50,-122.50,20.3379,4.7502
71509320,-34.50,-118.50,-0.1507,0.8851
71513226,-290.50,-156.50,-10.7367,-3.1616
71517132,-369.50,-175.50,-14.7603,-4.8880
71521038,-130.50,-157.50,-18.7519,-3.5048
71524944,50.50,-126.50,-21.8395,-1.6742
71528850,-15.50,-121.50,-24.6096,-2.7295
71532756,-266.50,-143.50,-21.7944,-3.8836
71536662,-340.50,-156.50,-10.2548,0.6308
71540568,-126.50,-131.50,5.8296,11.8301
71544474,78.50,-111.50,16.8460,21.0867
71548380,52.50,-82.50,18.3993,23.4218
71552286,-220.50,-125.50,17.3848,22.9519
71556192,-361.50,-159.50,11.8935,18.8949
71560098,-209.50,-130.50,-1.6460,16.3461
71564004,34.50,-106.50,-16.2338,20.4047
71567910,64.50,-81.50,-17.5384,24.2444
71571816,-180.50,-96.50,-2.0230,27.7127
71575722,-323.50,-128.50,16.3530,32.9831
71579628,-206.50,-128.50,25.2265,36.0349
71583534,47.50,-106.50,21.5649,33.6054
71587440,103.50,-81.50,17.9082,27.7080
71591346,-148.50,-113.50,20.8864,22.0549
71595252,-329.50,-148.50,21.3653,16.3538
71599158,-226.50,-149.50,19.7867,12.2297
71603064,29.50,-105.50,19.0137,13.5948
71606970,86.50,-90.50,15.2495,17.7468
71610876,-128.50,-124.50,7.7356,15.2450
71614782,-325.50,-157.50,3.7071,5.5748
71618688,-259.50,-150.50,7.2694,0.8702
71622594,14.50,-117.50,14.1877,5.8204
71626500,114.50,-113.50,20.7213,8.7448
71630406,-78.50,-127.50,22.4127,1.6338
71634312,-303.50,-140.50,20.2197,-3.6354
71638218,-271.50,-172.50,19.9038,-1.5118
71642124,-10.50,-121.50,22.4110,1.3209
71646030,112.50,-97.50,23.5090,5.8722
71649936,-52.50,-101.50,18.5545,10.3622
71653842,-298.50,-143.50,11.2671,10.7045
71657748,-301.50,-164.50,7.9464,7.0423
71661654,-53.50,-121.50,9.3637,5.0133
71665560,96.50,-98.50,9.8132,8.3824
71669466,-28.50,-104.50,4.9974,10.0080
71673372,-278.50,-143.50,1.3407,6.6848
71677278,-346.50,-186.50,-1.3665,-1.4207
71681184,-114.50,-173.50,-8.4562,-14.7302
71685090,78.50,-134.50,-14.2573,-25.6759
71688996,-8.50,-126.50,-14.5280,-27.4997
71692902,-261.50,-145.50,-10.4190,-21.2172
71696808,-316.50,-181.50,-0.6251,-13.6371
71700714,-137.50,-175.50,9.0092,-13.5744
71704620,98.50,-168.50,10.7639,-24.5713
71708526,64.50,-120.50,15.0733,-34.8151
71712432,-217.50,-143.50,23.2272,-28.6498
71716338,-335.50,-155.50,21.5913,-11.8392
71720244,-175.50,-148.50,10.9890,2.3207
71724150,69.50,-114.50,0.4596,8.6211
71728056,71.50,-90.50,-0.1008,10.0356
71731962,-188.50,-143.50,8.0012,7.5354
71735868,-346.50,-175.50,10.9761,-2.2651
71739774,-218.50,-169.50,3.2507,-11.5438
71743680,48.50,-129.50,-6.6888,-12.7557
71747586,93.50,-91.50,-4.4158,-5.9811
71751492,-150.50,-110.50,8.0278,5.4645
71755398,-342.50,-152.50,13.7360,12.7008
71759304,-249.50,-177.50,5.9352,8.0508
71763210,22.50,-152.50,-5.9144,-6.3163
71767116,84.50,-130.50,-9.5792,-19.9832
71771022,-144.50,-165.50,-8.4384,-29.5108
71774928,-355.50,-212.50,-11.0088,-39.9612
71778834,-305.50,-220.50,-19.7723,-49.9332
71782740,-62.50,-170.50,-36.1127,-51.3160
71786646,62.50,-112.50,-48.6575,-38.3813
71790552,-138.50,-172.50,-46.9391,-25.8421
71794458,-349.50,-197.50,-37.9518,-30.2868
71798364,-333.50,-191.50,-31.8294,-35.5143
71802270,-64.50,-144.50,-32.0986,-26.0555
71806176,93.50,-105.50,-28.4000,-9.8926
71810082,-58.50,-113.50,-13.8185,2.1618
71813988,-314.50,-139.50,-0.1400,8.7844
71817894,-317.50,-166.50,2.6508,12.2721
71821800,-64.50,-116.50,0.3191,15.0003
71825706,109.50,-105.50,1.9107,17.4240
71829612,-26.50,-114.50,6.3031,12.9728
71833518,-319.50,-164.50,2.4460,2.2338
71837424,-356.50,-191.50,-12.4276,-8.6026
71841330,-110.50,-157.50,-21.8201,-14.4366
71845236,80.50,-116.50,-18.7602,-12.0580
71849142,-0.50,-98.50,-11.0639,-3.6130
71853048,-256.50,-127.50,-1.1349,7.9155
71856954,-338.50,-163.50,7.2475,15.8474
71860860,-130.50,-136.50,9.1712,16.8312
71864766,91.50,-107.50,7.4492,14.9643
71868672,17.50,-89.50,4.3995,13.3909
71872578,-244.50,-145.50,-0.7294,10.9093
71876484,-356.50,-152.50,-4.6898,8.0155
71880390,-148.50,-112.50,-1.2053,15.2352
71884296,74.50,-74.50,7.0071,31.7745
71888202,77.50,-63.50,13.8542,42.4545
71892108,-166.50,-116.50,23.8891,40.1574
71896014,-326.50,-152.50,33.5605,28.5166
71899920,-205.50,-146.50,28.3826,17.2420
71903826,35.50,-130.50,8.2900,7.6827
71907732,43.50,-127.50,-12.0069,-5.9777
71911638,-189.50,-144.50,-21.7528,-17.9022
71915544,-384.50,-223.50,-24.0450,-27.0374
71919450,-256.50,-157.50,-25.9501,-31.4691
71923356,16.50,-112.50,-24.1892,-17.4117
71927266,81.50,-94.50,-15.1364,2.8560
71931172,-159.50,-121.50,-7.7623,10.4485
71935078,-348.50,-158.50,-7.0927,9.3725
71938984,-268.50,-188.50,-6.6410,2.3118
71942890,-20.50,-168.50,-7.9086,-13.9849
71946796,81.50,-141.50,-12.5343,-31.9370
71950702,-128.50,-137.50,-15.1486,-36.6628
71954608,-335.50,-175.50,-13.5868,-26.8199
71958514,-300.50,-192.50,-9.2095,-17.3255
71962420,-61.50,-174.50,-11.2089,-19.5211
71966326,53.50,-138.50,-23.4143,-28.4324
71970232,-122.50,-146.50,-36.7547,-32.6431
71974138,-344.50,-178.50,-40.5586,-29.1048
71978044,-334.50,-177.50,-33.1240,-20.3177
71981950,-57.50,-127.50,-19.7003,-6.5728
71985856,101.50,-111.50,-3.9945,5.2987
71989762,-29.50,-112.50,8.8295,7.3064
71993668,-261.50,-111.50,19.9537,11.4829
71997574,-293.50,-155.50,31.4460,22.8898
72001480,-58.50,-103.50,37.4510,30.2344
72005386,112.50,-86.50,35.0869,33.0039
72009292,-32.50,-109.50,21.4131,27.4493
72013198,-292.50,-168.50,-0.2402,9.8061
72017104,-350.50,-200.50,-14.1765,-11.2004
72021010,-138.50,-160.50,-15.4652,-22.6663
72024916,54.50,-123.50,-15.8055,-19.9373
72028822,-12.50,-127.50,-20.2955,-14.0708
72032728,-260.50,-170.50,-20.7705,-14.6671
72036634,-337.50,-158.50,-11.0838,-13.0900
72040540,-141.50,-130.50,4.5462,1.0685
72044446,80.50,-98.50,15.0774,16.7206
72048352,37.50,-79.50,15.0557,23.5261
72052258,-220.50,-127.50,9.2046,24.3252
72056164,-342.50,-149.50,5.4781,21.5115
72060070,-172.50,-126.50,8.4027,21.0084
72063976,87.50,-95.50,17.0103,23.8730
72067882,82.50,-65.50,26.5200,27.1421
72071788,-176.50,-102.50,28.4333,31.7090
72075694,-324.50,-136.50,24.2050,33.8550
72079600,-195.50,-149.50,23.1485,28.6281
72083506,44.50,-140.50,21.6903,12.8155
72087412,69.50,-142.50,13.4191,-11.2766
72091318,-175.50,-168.50,0.3675,-32.1539
72095224,-354.50,-197.50,-10.1185,-40.3373
72099130,-245.50,-182.50,-10.3713,-36.0523
72103036,7.50,-156.50,-4.5918,-28.2396
72106942,65.50,-155.50,-4.3008,-29.1260
72110848,-139.50,-124.50,-10.2490,-30.5338
72114754,-338.50,-162.50,-11.9187,-17.3812
72118660,-288.50,-185.50,-8.5930,-5.5599
72122566,-43.50,-177.50,-11.2381,-12.9253
72126472,75.50,-140.50,-17.9540,-28.4584
72130378,-106.50,-127.50,-18.6744,-30.6159
72134284,-272.50,-80.50,-4.0487,-3.9847
72138190,-250.50,-122.50,24.9539,36.8171
72142096,-54.50,-189.50,37.3151,40.5042
72146002,47.50,-180.50,13.0266,-5.0342
72149908,-122.50,-175.50,-26.2923,-49.8128
72153814,-366.50,-209.50,-53.9690,-64.6806
72157720,-416.50,-271.50,-70.4410,-70.4677
72161626,-204.50,-292.50,-90.5302,-91.9248
72165532,-53.50,-301.50,-113.7999,-127.2623
72169438,-223.50,-318.50,-137.7968,-161.9300
72173344,-485.50,-364.50,-164.8669,-187.3200
72177250,-542.50,-380.50,-186.5181,-200.9921
72181156,-299.50,-349.50,-192.2551,-199.7134
72185062,-111.50,-335.50,-183.3322,-189.1910
72188968,-175.50,-316.50,-168.5669,-180.7180
72192874,-412.50,-325.50,-150.0732,-171.6431
72196780,-479.50,-348.50,-129.3126,-159.6440
72200686,-264.50,-302.50,-110.1387,-144.9601
72204592,-41.50,-245.50,-93.4925,-120.8328
72208498,-68.50,-222.50,-77.4681,-91.3456
72212404,-319.50,-256.50,-61.1415,-71.9389
72216310,-427.50,-296.50,-49.1163,-70.7592
72220216,-233.50,-282.50,-39.2108,-78.7505
72224122,-36.50,-255.50,-33.3264,-82.4299
72228028,-36.50,-208.50,-37.0606,-75.6265
72231934,-272.50,-217.50,-38.8133,-57.7924
72235840,-399.50,-239.50,-30.0066,-38.5724
72239746,-264.50,-239.50,-18.1133,-27.4697
72243652,-2.50,-184.50,-9.6192,-19.7962
72247558,16.50,-158.50,-2.6242,-7.8251
72251464,-222.50,-201.50,0.7677,-0.3985
72255370,-378.50,-217.50,1.1962,-3.8399
72259276,-254.50,-239.50,7.6081,-9.5851
72263182,17.50,-197.50,21.6867,-13.0293
72267088,62.50,-163.50,35.1060,-9.9095
72270994,-169.50,-154.50,35.9782,2.4778
72274900,-345.50,-184.50,29.2892,18.1156
72278806,-269.50,-190.50,29.4556,28.7022
72282712,-12.50,-145.50,34.2289,35.5141
72286618,80.50,-112.50,37.7896,44.7030
72290524,-111.50,-143.50,39.9286,49.5061
72294430,-317.50,-186.50,42.6593,41.6939
72298336,-306.50,-220.50,42.5069,25.6240
72302242,-33.50,-155.50,37.0491,16.6937
72306148,88.50,-111.50,36.0160,27.5895
72310054,-88.50,-127.50,37.4725,44.6935
72313960,-316.50,-166.50,35.2144,49.1710
72317866,-346.50,-175.50,28.2908,45.7313
72321772,-101.50,-143.50,15.1555,46.3290
72325678,83.50,-117.50,9.8472,50.4339
72329584,-47.50,-146.50,20.5075,46.7326
72333490,-298.50,-174.50,32.6200,34.0605
72337396,-349.50,-196.50,33.3594,24.9018
72341302,-130.50,-200.50,23.5156,19.3049
72345208,84.50,-168.50,17.5453,10.0255
72349114,-34.50,-153.50,21.6825,3.6737
72353020,-286.50,-175.50,24.0201,7.2186
72356926,-342.50,-221.50,24.3995,11.9500
72360832,-121.50,-180.50,31.6310,12.9292
72364738,95.50,-142.50,43.5370,18.5694
72368644,40.50,-108.50,54.4673,30.9054
72372550,-225.50,-144.50,60.1014,43.5598
72376456,-303.50,-163.50,62.7989,50.8262
72380362,-145.50,-143.50,65.5585,55.7099
72384268,77.50,-108.50,61.1102,61.5501
72388174,73.50,-97.50,55.5103,64.1415
72392080,-221.50,-148.50,52.3235,58.3335
72395986,-381.50,-178.50,36.4254,45.6228
72399892,-228.50,-174.50,13.2960,35.9759
72403798,37.50,-132.50,3.6221,34.2581
72407704,80.50,-92.50,15.5323,40.5911
72411610,-169.50,-136.50,36.3733,48.6378
72415516,-332.50,-162.50,47.7982,49.2765
72419422,-207.50,-143.50,50.4160,50.1217
72423328,64.50,-98.50,53.9016,59.3530
72427234,128.50,-65.50,63.1947,71.5750
72431140,-85.50,-47.50,75.9411,86.5419
72435046,-272.50,-76.50,87.1400,106.3695
72438952,-239.50,-177.50,85.7915,105.8175
72442858,-2.50,-152.50,62.3535,69.1284
72446764,109.50,-113.50,37.6679,32.4610
72450670,-130.50,-152.50,26.7749,17.3765
72454576,-356.50,-197.50,15.3158,7.8500
72458482,-309.50,-219.50,2.5037,-2.3277
72462388,-48.50,-176.50,-2.4651,-6.8383
72466294,80.50,-149.50,0.3043,-4.4261
72470200,-80.50,-143.50,7.8902,0.0714
72474106,-303.50,-148.50,18.8302,10.1795
72478012,-304.50,-146.50,28.0818,30.8438
72481918,-47.50,-125.50,30.8352,51.5660
72485824,90.50,-112.50,28.8009,56.9321
72489730,-72.50,-129.50,19.5912,44.5286
72493636,-300.50,-159.50,8.8338,27.8880
72497542,-310.50,-173.50,11.3569,21.2331
72501448,-94.50,-145.50,21.0264,25.7374
72505354,93.50,-102.50,23.7342,34.8778
72509260,-21.50,-88.50,21.4207,44.3388
72513166,-266.50,-146.50,20.3780,47.5467
72517072,-335.50,-175.50,21.5270,39.5253
72520978,-129.50,-146.50,20.4545,31.1050
72524884,69.50,-128.50,14.8057,28.7595
72528790,-10.50,-112.50,7.4121,26.1948
72532696,-264.50,-202.50,1.7787,14.6018
72536602,-392.50,-262.50,-5.0184,-14.4645
72540508,-180.50,-234.50,-13.2950,-44.4718
72544414,-15.50,-235.50,-23.7759,-60.2006
72548320,-79.50,-252.50,-48.1702,-77.1324
72552226,-348.50,-274.50,-80.2334,-97.3792
72556132,-544.50,-319.50,-112.5128,-108.1563
72560038,-426.50,-353.50,-153.7362,-118.0392
72563944,-224.50,-364.50,-199.2499,-143.1472
72567850,-225.50,-367.50,-233.2301,-178.9191
72571756,-550.50,-448.50,-260.1313,-215.0985
72575662,-772.50,-524.50,-302.1901,-253.7447
72579568,-726.50,-552.50,-362.7922,-291.9207
72583474,-489.50,-512.50,-422.4941,-316.6753
72587380,-430.50,-472.50,-453.1530,-318.8610
72591286,-703.50,-586.50,-456.2979,-320.1022
72595192,-900.50,-660.50,-459.2776,-350.0652
72599098,-815.50,-669.50,-464.9555,-389.4215
72603004,-573.50,-636.50,-467.9323,-407.8836
72606910,-464.50,-610.50,-464.5693,-407.4334
72610816,-685.50,-650.50,-451.9643,-403.3974
72614722,-848.50,-661.50,-431.7363,-398.5432
72618628,-770.50,-690.50,-399.3745,-388.3284
72622534,-513.50,-698.50,-365.2029,-387.4719
72626440,-411.50,-645.50,-346.9449,-398.1927
72630346,-592.50,-652.50,-343.4630,-398.4458
72634252,-778.50,-658.50,-335.3660,-380.4156
72638158,-736.50,-667.50,-308.5308,-352.2794
72642064,-421.50,-594.50,-266.1287,-320.9587
72645970,-288.50,-550.50,-221.5283,-288.5298
72649876,-431.50,-561.50,-194.0270,-264.2413
72653782,-712.50,-591.50,-189.8739,-252.6781
72657688,-699.50,-604.50,-195.7953,-244.2047
72661594,-405.50,-540.50,-184.5889,-228.1973
72665500,-249.50,-488.50,-154.7285,-201.9108
72669406,-372.50,-484.50,-135.1247,-176.1160
72673312,-606.50,-522.50,-127.4634,-160.3849
72677218,-656.50,-543.50,-117.5306,-152.4642
72681124,-434.50,-522.50,-108.1040,-147.5106
72685030,-204.50,-488.50,-98.4594,-144.7999
72688936,-271.50,-478.50,-79.8933,-143.1763
72692842,-527.50,-484.50,-57.3610,-134.2990
72696748,-592.50,-464.50,-38.9850,-108.0484
72700654,-344.50,-417.50,-16.6864,-67.2465
72704560,-109.50,-342.50,13.7136,-25.1298
72708466,-82.50,-310.50,50.9093,10.7248
72712372,-330.50,-312.50,94.5342,40.7128
72716278,-432.50,-303.50,129.8459,70.8460
72720184,-226.50,-288.50,153.0115,100.1811
72724090,17.50,-176.50,171.6345,129.2180
72727996,58.50,-145.50,190.7054,165.2787
72731902,-201.50,-147.50,212.0746,199.6282
72735808,-334.50,-148.50,227.1554,226.9811
72739714,-152.50,-129.50,241.2732,251.0832
72743620,131.50,-89.50,265.1248,266.3791
72747526,203.50,-16.50,296.5058,278.3339
72751432,-21.50,-0.50,327.7071,303.4125
72755338,-158.50,-4.50,354.3777,339.5550
72759244,-46.50,-0.50,377.1870,369.5190
72763150,226.50,48.50,390.7688,384.0796
72767056,314.50,128.50,397.6021,395.8510
72770962,112.50,135.50,406.6453,419.1523
72774868,-63.50,99.50,420.3912,442.7487
72778774,45.50,100.50,441.1474,453.0765
72782680,304.50,141.50,461.6889,454.2292
72786586,402.50,170.50,468.3675,451.6407
72790492,211.50,171.50,462.0355,447.6742
72794398,11.50,175.50,457.3968,452.3262
72798304,10.50,155.50,454.8354,466.4995
72802210,283.50,180.50,444.4017,473.0203
72806116,432.50,199.50,436.4626,463.9158
72810022,254.50,182.50,435.2186,445.1375
72813928,-14.50,155.50,425.4179,427.3916
72817834,-20.50,141.50,404.7721,419.2496
72821740,207.50,145.50,382.7112,413.9517
72825646,334.50,139.50,357.7226,395.7590
72829552,176.50,115.50,324.8527,362.0459
72833458,-100.50,79.50,290.4616,328.7185
72837364,-176.50,-12.50,258.1135,297.8940
72841270,47.50,17.50,227.9887,263.2620
72845176,210.50,38.50,202.6326,237.7364
72849082,26.50,-21.50,167.8234,214.6759
72852988,-305.50,-109.50,107.7879,172.0716
72856894,-460.50,-201.50,30.9734,112.2270
72860800,-321.50,-221.50,-48.3029,50.9062
72864706,-171.50,-258.50,-122.9739,-5.4415
72868612,-252.50,-291.50,-182.8611,-60.8610
72872518,-575.50,-383.50,-224.8614,-114.8747
72876424,-734.50,-462.50,-263.4437,-166.2986
72880330,-552.50,-448.50,-298.4899,-206.5483
72884236,-329.50,-430.50,-317.1777,-225.7880
72888142,-307.50,-400.50,-314.2814,-229.0399
72892048,-544.50,-431.50,-289.4492,-222.7275
72895954,-701.50,-468.50,-261.1375,-214.5392
72899860,-548.50,-457.50,-248.0785,-209.2765
72903766,-254.50,-378.50,-239.0453,-197.8285
72907672,-207.50,-345.50,-215.7202,-174.2766
72911578,-413.50,-335.50,-179.8179,-145.2954
72915484,-542.50,-336.50,-137.8815,-113.0015
72919390,-378.50,-314.50,-90.9539,-78.6228
72923296,-76.50,-267.50,-43.4712,-50.8561
72927202,27.50,-196.50,1.8471,-27.9562
72931108,-213.50,-200.50,36.5632,-1.6727
72935014,-394.50,-205.50,52.2475,26.1891
72938920,-256.50,-164.50,67.3502,57.1196
72942826,-4.50,-116.50,91.0054,90.8487
72946732,139.50,-64.50,112.7186,117.6715
72950638,-54.50,-42.50,134.8028,139.6970
72954544,-239.50,-47.50,159.3370,165.9103
72958450,-190.50,-60.50,182.1282,190.5236
72962356,122.50,-15.50,203.2819,203.6687
72966266,293.50,54.50,232.0337,214.0632
72970172,138.50,64.50,266.6020,232.1790
72974078,-88.50,36.50,293.1841,250.8961
72977984,-68.50,32.50,308.5842,263.0035
72981890,205.50,101.50,318.1849,275.9149
72985796,353.50,142.50,323.0077,294.1980
72989702,217.50,145.50,320.1402,307.3573
72993608,-29.50,95.50,316.0795,307.6682
72997514,-47.50,64.50,317.6801,297.0807
73001420,192.50,98.50,321.5618,284.7939
73005326,345.50,114.50,315.9088,275.2266
73009232,240.50,113.50,297.3031,262.7861
73013138,-20.50,67.50,280.8547,248.2889
73017044,-92.50,57.50,273.0332,239.1142
73020950,127.50,77.50,267.6912,238.4090
73024856,311.50,110.50,257.9765,238.9440
73028762,257.50,106.50,244.5179,232.3976
73032668,-31.50,67.50,233.5686,220.0327
73036574,-126.50,39.50,223.3590,208.6376
73040480,79.50,41.50,217.4861,200.1102
73044386,304.50,81.50,217.4608,191.5297
73048292,276.50,83.50,216.3044,182.3813
73052198,29.50,70.50,215.9321,176.1248
73056104,-110.50,47.50,217.5557,177.8711
73060010,51.50,33.50,215.7942,180.1153
73063916,294.50,53.50,208.9411,169.6840
73067822,298.50,48.50,200.4531,147.6682
73071728,-5.50,-0.50,184.6047,121.2981
73075634,-166.50,-31.50,157.9175,98.7540
73079540,-45.50,-36.50,135.4509,86.3693
73083446,221.50,12.50,124.8135,82.9007
73087352,299.50,37.50,127.9792,85.4764
73091258,89.50,-0.50,146.8582,86.4895
73095164,-127.50,-50.50,164.3306,77.9172
73099070,-72.50,-64.50,157.6048,62.6051
73102976,187.50,-17.50,129.8396,50.6162
73106882,246.50,-10.50,101.7673,44.6648
73110788,27.50,-36.50,80.6674,36.8134
73114694,-186.50,-57.50,67.8656,29.7241
73118600,-128.50,-76.50,64.7289,29.0946
73122506,129.50,-15.50,64.4192,32.9076
73126412,210.50,22.50,55.8766,42.5670
73130318,35.50,-0.50,38.7792,51.3239
73134224,-179.50,-31.50,30.9506,52.1902
73138130,-156.50,-61.50,38.6640,47.8632
73142036,118.50,-47.50,50.9827,37.0916
73145942,230.50,-33.50,55.7776,19.4731
73149848,48.50,-18.50,41.2980,5.6775
73153754,-209.50,-70.50,15.0091,2.9433
73157660,-242.50,-106.50,-6.8922,-0.0646
73161566,13.50,-69.50,-18.8686,-7.7781
73165472,176.50,-47.50,-22.2590,-13.3273
73169378,48.50,-84.50,-25.5058,-24.1348
73173284,-220.50,-85.50,-32.5673,-37.5848
73177190,-276.50,-132.50,-40.4156,-40.8409
73181096,-56.50,-100.50,-47.0239,-40.1387
73185002,147.50,-63.50,-51.6059,-39.6868
73188908,65.50,-27.50,-52.9262,-32.9335
73192814,-175.50,-104.50,-47.4143,-26.3618
73196720,-223.50,-132.50,-29.3729,-33.3644
73200626,-19.50,-95.50,-3.6904,-42.2970
73204532,185.50,-40.50,9.6943,-36.5145
73208438,167.50,-12.50,9.7566,-20.5560
73212344,-115.50,-54.50,9.5966,-6.7164
73216250,-225.50,-79.50,8.1237,-1.7014
73220156,-48.50,-79.50,7.1110,-3.1133
73224062,134.50,-52.50,-0.9136,-10.3152
73227968,107.50,-36.50,-27.0844,-21.0705
73231874,-145.50,-88.50,-54.7893,-31.9505
73235780,-290.50,-142.50,-66.4805,-46.2023
73239686,-175.50,-164.50,-69.6840,-65.6960
73243592,64.50,-131.50,-79.2379,-86.2197
73247498,81.50,-99.50,-93.3947,-98.2462
73251404,-175.50,-89.50,-106.6907,-92.3395
73255310,-360.50,-115.50,-119.5692,-70.9976
73259216,-244.50,-118.50,-127.0874,-50.4531
73263122,17.50,-106.50,-126.1288,-45.9321
73267028,109.50,-92.50,-116.2277,-58.4849
73270934,-107.50,-111.50,-99.8781,-75.0494
73274840,-314.50,-138.50,-87.7498,-81.8778
73278746,-278.50,-136.50,-90.6439,-76.3305
73282652,21.50,-93.50,-100.6395,-64.5266
73286558,129.50,-62.50,-96.8353,-53.9939
73290464,-56.50,-70.50,-81.9155,-48.1312
73294370,-282.50,-113.50,-70.2347,-46.3250
73298276,-271.50,-151.50,-68.6459,-51.3263
73302182,-12.50,-143.50,-77.2938,-66.6850
73306088,143.50,-124.50,-81.7828,-87.2945
73309994,-13.50,-138.50,-73.7763,-104.5228
73313900,-288.50,-166.50,-67.4858,-112.3177
73317806,-313.50,-194.50,-77.4033,-111.7056
73321712,-48.50,-173.50,-92.3094,-110.8160
73325618,110.50,-124.50,-96.5643,-110.0712
73329524,-16.50,-113.50,-94.6255,-103.4960
73333430,-275.50,-157.50,-92.5380,-94.9674
73337336,-332.50,-207.50,-93.2486,-96.1573
73341242,-104.50,-160.50,-98.7008,-103.0802
73345148,86.50,-126.50,-104.8100,-101.7440
73349054,-26.50,-132.50,-111.3736,-97.9064
73352960,-296.50,-162.50,-120.6604,-99.4224
73356866,-367.50,-191.50,-127.1709,-100.7084
73360772,-149.50,-193.50,-124.5162,-102.3180
73364678,73.50,-176.50,-115.8146,-111.4362
73368584,26.50,-152.50,-106.2461,-123.2452
73372490,-242.50,-172.50,-98.5700,-124.5125
73376396,-341.50,-178.50,-93.3223,-111.8079
73380302,-155.50,-170.50,-86.8331,-93.4592
73384208,86.50,-126.50,-79.8648,-80.2766
73388114,72.50,-85.50,-74.2787,-70.3887
73392020,-177.50,-94.50,-68.3480,-55.5690
73395926,-313.50,-130.50,-61.0129,-40.1141
73399832,-149.50,-143.50,-51.3926,-34.9721
73403738,107.50,-79.50,-41.3844,-35.9661
73407644,125.50,-39.50,-34.4589,-27.9988
73411550,-111.50,-48.50,-30.6271,-11.4032
73415456,-293.50,-124.50,-28.6831,-3.9460
73419362,-178.50,-133.50,-29.8017,-14.9642
73423268,64.50,-96.50,-36.3107,-29.9385
73427174,112.50,-77.50,-47.3695,-37.5266
73431080,-132.50,-117.50,-60.3047,-45.5234
73434986,-330.50,-144.50,-71.6381,-55.5525
73438892,-250.50,-160.50,-76.8440,-59.5174
73442798,41.50,-113.50,-72.7425,-56.4864
73446704,138.50,-97.50,-59.3046,-52.6477
73450610,-67.50,-114.50,-46.5004,-54.9843
73454516,-288.50,-144.50,-41.5361,-59.7077
73458422,-271.50,-165.50,-45.1686,-60.0262
73462328,-20.50,-136.50,-58.8856,-59.1543
73466234,123.50,-118.50,-70.6884,-62.0828
73470140,-64.50,-129.50,-72.0186,-69.8875
73474046,-293.50,-152.50,-68.9692,-74.8896
73477952,-298.50,-160.50,-65.8704,-69.2011
73481858,-37.50,-117.50,-64.6431,-55.1821
73485764,115.50,-79.50,-64.3152,-40.2339
73489670,-24.50,-78.50,-64.1889,-30.9698
73493576,-270.50,-100.50,-62.2662,-25.6335
73497482,-313.50,-132.50,-59.0666,-20.8953
73501388,-91.50,-140.50,-62.2211,-24.5022
73505294,80.50,-113.50,-73.6601,-39.8275
73509200,-42.50,-110.50,-88.8625,-55.5794
73513106,-275.50,-129.50,-96.8505,-60.6319
73517012,-336.50,-155.50,-89.1216,-55.0408
73520918,-118.50,-143.50,-75.2597,-47.9527
73524824,82.50,-115.50,-68.6135,-46.7687
73528730,-1.50,-125.50,-72.3887,-53.9869
73532636,-270.50,-154.50,-82.1423,-66.0245
73536542,-416.50,-192.50,-97.6508,-75.0766
73540448,-223.50,-201.50,-118.3881,-82.2397
73544354,16.50,-168.50,-130.4809,-91.1447
73548260,30.50,-111.50,-120.6629,-90.7843
73552166,-191.50,-114.50,-88.9293,-71.2162
73556072,-386.50,-172.50,-63.0557,-50.0663
73559978,-249.50,-204.50,-71.7273,-52.1463
73563884,17.50,-161.50,-95.0218,-70.8466
73567790,62.50,-108.50,-96.7845,-77.8915
73571696,-184.50,-115.50,-77.6094,-64.1911
73575602,-333.50,-117.50,-57.2765,-40.2274
73579508,-189.50,-75.50,-39.2002,-8.2698
73583414,94.50,-30.50,-19.1882,27.7719
73587320,150.50,-5.50,0.4761,51.7643
73591226,-79.50,-18.50,12.9901,57.8685
73595132,-266.50,-47.50,17.9331,56.5680
73599038,-165.50,-66.50,23.2989,55.0096
73602944,138.50,-6.50,36.8998,56.9423
73606850,203.50,18.50,54.2746,65.1007
73610756,-30.50,22.50,55.6378,73.6666
73614662,-249.50,-13.50,40.5001,79.3977
73618568,-225.50,-29.50,23.3555,82.0883
73622474,61.50,-5.50,11.1307,80.6633
73626380,174.50,18.50,9.3476,75.6383
73630286,-16.50,-0.50,10.6104,66.2142
73634192,-217.50,-34.50,13.9429,55.1716
73638098,-204.50,-57.50,26.6879,48.0286
73642004,82.50,-34.50,43.0270,44.9777
73645910,229.50,-15.50,57.2865,41.0088
73649816,69.50,-35.50,62.6059,30.2684
73653722,-201.50,-44.50,55.3539,19.5123
73657628,-232.50,-72.50,41.3861,19.5509
73661534,19.50,-37.50,30.2033,26.5603
73665440,179.50,-21.50,23.9682,31.3426
73669346,81.50,23.50,19.6729,34.9545
73673252,-184.50,-4.50,20.9029,45.7601
73677158,-239.50,-50.50,25.4081,54.3920
73681064,-24.50,-40.50,26.5831,49.5859
73684970,159.50,-30.50,19.3545,36.1274
73688876,80.50,-40.50,5.5446,16.8227
73692782,-181.50,-73.50,-3.2867,-3.4560
73696688,-300.50,-108.50,-7.7610,-16.8827
73700594,-92.50,-101.50,-14.2800,-22.7625
73704500,137.50,-47.50,-18.0130,-20.9831
73708406,87.50,-15.50,-18.3803,-9.8251
73712312,-187.50,-43.50,-22.1040,3.5922
73716218,-305.50,-79.50,-27.4185,9.1023
73720124,-133.50,-82.50,-27.4330,6.3371
73724030,105.50,-73.50,-25.5580,-3.1334
73727936,99.50,-38.50,-27.2200,-14.8559
73731842,-184.50,-81.50,-35.0169,-22.7077
73735748,-303.50,-111.50,-42.0487,-29.0678
73739654,-201.50,-100.50,-41.3397,-30.7104
73743560,47.50,-79.50,-46.6105,-26.5822
73747466,95.50,-78.50,-56.1169,-29.2576
73751372,-127.50,-94.50,-53.7244,-41.1289
73755278,-330.50,-132.50,-45.0900,-51.2051
73759184,-243.50,-143.50,-45.5113,-55.5456
73763090,14.50,-101.50,-56.1978,-55.1118
73766996,107.50,-68.50,-62.5502,-49.1601
73770902,-112.50,-89.50,-57.8079,-43.3418
73774808,-289.50,-129.50,-45.2321,-44.1042
73778714,-208.50,-117.50,-24.9392,-44.5743
73782620,77.50,-60.50,-1.8964,-32.4356
73786526,141.50,-64.50,9.0107,-17.6922
73790432,-81.50,-110.50,-5.8691,-24.8619
73794338,-309.50,-159.50,-33.0260,-51.8581
73798244,-303.50,-192.50,-51.9382,-78.2137
73802150,-46.50,-177.50,-63.7931,-96.3795
73806056,87.50,-163.50,-70.9913,-109.5138
73809962,-84.50,-178.50,-75.1097,-121.0903
73813868,-332.50,-187.50,-78.8000,-125.3173
73817774,-319.50,-185.50,-77.0680,-113.6820
73821680,-70.50,-164.50,-67.7670,-94.6250
73825586,113.50,-123.50,-56.2324,-81.4225
73829492,-30.50,-111.50,-48.5823,-72.7837
73833398,-290.50,-146.50,-48.4216,-65.1596
73837304,-322.50,-140.50,-49.8505,-56.5226
73841210,-88.50,-104.50,-45.9847,-41.2645
73845116,105.50,-88.50,-40.8548,-26.8224
73849022,22.50,-86.50,-36.9471,-25.0450
73852928,-232.50,-104.50,-30.1104,-28.3543
73856834,-303.50,-116.50,-20.1872,-24.6209
73860740,-81.50,-97.50,-9.3924,-15.0249
73864646,132.50,-50.50,-0.9396,-4.6488
73868552,91.50,-32.50,4.2687,6.0184
73872458,-172.50,-47.50,9.9990,17.1148
73876364,-271.50,-81.50,17.0719,25.1700
73880270,-78.50,-88.50,26.3223,23.8490
73884176,161.50,-48.50,35.6014,15.7028
73888082,109.50,-30.50,35.1269,11.6070
73891988,-160.50,-81.50,20.3308,8.9730
73895894,-324.50,-125.50,-0.2385,-2.1942
73899800,-199.50,-129.50,-20.7684,-17.9617
73903706,38.50,-101.50,-42.1919,-29.7889
73907612,51.50,-73.50,-59.3494,-34.2127
73911518,-191.50,-117.50,-67.0502,-35.4483
73915424,-350.50,-173.50,-64.3410,-44.6233
73919330,-241.50,-176.50,-56.0831,-60.3904
73923236,16.50,-152.50,-52.6054,-72.1587
73927142,69.50,-148.50,-54.7383,-80.9635
73931048,-161.50,-180.50,-57.9497,-92.6976
73934954,-342.50,-197.50,-57.3517,-101.1905
73938860,-266.50,-172.50,-50.7590,-93.6344
73942766,-3.50,-127.50,-45.8400,-71.4219
73946672,90.50,-110.50,-44.6568,-51.9744
73950578,-110.50,-133.50,-43.2643,-47.4420
73954484,-318.50,-175.50,-38.8862,-53.9411
73958390,-292.50,-185.50,-34.2266,-61.7858
73962296,-24.50,-166.50,-34.9686,-67.2571
73966202,102.50,-114.50,-36.0590,-67.4763
73970108,-72.50,-112.50,-34.2781,-57.5987
73974014,-301.50,-143.50,-30.8123,-43.0155
73977920,-305.50,-171.50,-26.9758,-35.4993
73981826,-85.50,-133.50,-32.2315,-35.7121
73985732,84.50,-105.50,-45.1289,-35.7805
73989638,-24.50,-105.50,-45.8472,-34.0359
73993544,-293.50,-155.50,-32.9427,-34.5285
73997450,-332.50,-193.50,-26.6547,-41.9976
74001356,-95.50,-177.50,-30.2445,-54.7890
74005266,80.50,-143.50,-34.9709,-64.5087
74009172,-26.50,-100.50,-39.5680,-60.8376
74013078,-260.50,-143.50,-38.5700,-44.3154
74016984,-335.50,-164.50,-29.5034,-31.1644
74020890,-112.50,-136.50,-20.7387,-25.1152
74024796,95.50,-97.50,-15.7681,-19.2314
74028702,16.50,-101.50,-15.4662,-16.4857
74032608,-240.50,-165.50,-19.2510,-25.1083
74036514,-379.50,-190.50,-27.7081,-41.9644
74040420,-190.50,-150.50,-42.2167,-48.0134
74044326,33.50,-140.50,-54.4915,-41.9497
74048232,45.50,-111.50,-52.4616,-38.7783
74052138,-180.50,-133.50,-30.3515,-35.6127
74056044,-310.50,-156.50,-0.7033,-27.3378
74059950,-137.50,-175.50,20.7180,-23.3159
74063856,113.50,-114.50,33.1699,-25.8016
74067762,153.50,-71.50,44.5869,-19.8905
74071668,-142.50,-110.50,50.1931,-5.9789
74075574,-303.50,-142.50,39.1546,0.5338
74079480,-185.50,-121.50,24.3230,3.4038
74083386,76.50,-73.50,17.9980,12.6467
74087292,118.50,-56.50,17.2935,22.9078
74091198,-142.50,-96.50,12.0623,23.0969
74095104,-341.50,-149.50,-2.8574,11.3105
74099010,-270.50,-149.50,-19.2751,-2.5846
74102916,-0.50,-117.50,-30.6392,-9.5501
74106822,89.50,-105.50,-32.5134,-13.5051
74110728,-115.50,-142.50,-26.9036,-22.7958
74114634,-325.50,-160.50,-19.8293,-31.9467
74118540,-303.50,-181.50,-18.3790,-32.7816
74122446,-38.50,-143.50,-26.8983,-30.8537
74126352,77.50,-111.50,-35.5747,-29.4930
74130258,-70.50,-58.50,-33.1880,-16.6149
74134164,-252.50,-46.50,-10.7474,20.4808
74138070,-316.50,-186.50,11.8507,44.4942
74141976,-136.50,-217.50,-8.7484,7.1161
74145882,9.50,-212.50,-61.0076,-62.2650
74149788,-160.50,-218.50,-101.8073,-111.3166
74153694,-436.50,-300.50,-125.9561,-136.6147
74157600,-512.50,-344.50,-150.6055,-158.0669
74161506,-271.50,-352.50,-176.7059,-180.9086
74165412,-109.50,-336.50,-192.1527,-201.8641
74169318,-236.50,-361.50,-200.6615,-222.4030
74173224,-512.50,-413.50,-211.8063,-243.4578
74177130,-525.50,-415.50,-214.5222,-254.8102
74181036,-309.50,-393.50,-197.5626,-246.6261
74184942,-111.50,-341.50,-177.9909,-227.3058
74188848,-172.50,-322.50,-168.5711,-207.9558
74192754,-404.50,-324.50,-157.5234,-188.8513
74196660,-482.50,-318.50,-137.5549,-163.3780
74200566,-268.50,-279.50,-113.1345,-129.8949
74204472,-25.50,-248.50,-89.0140,-100.3870
74208378,-70.50,-212.50,-71.0147,-83.1496
74212284,-317.50,-230.50,-63.0308,-71.0348
74216190,-435.50,-248.50,-58.4471,-58.4037
74220096,-249.50,-228.50,-48.3252,-44.6349
74224002,19.50,-197.50,-29.4890,-32.1557
74227908,31.50,-193.50,-5.6582,-28.5424
74231814,-212.50,-213.50,13.2282,-33.4395
74235720,-351.50,-233.50,24.8134,-35.5683
74239626,-234.50,-220.50,31.6016,-28.1758
74243532,17.50,-175.50,30.5181,-14.6546
74247438,71.50,-125.50,28.5639,2.5370
74251344,-160.50,-125.50,33.3517,23.8042
74255250,-335.50,-165.50,40.6006,41.6138
74259156,-229.50,-170.50,48.4325,47.9127
74263062,47.50,-139.50,58.3644,46.6178
74266968,153.50,-106.50,74.7049,45.5967
74270874,-79.50,-121.50,91.1694,47.0337
74274780,-296.50,-146.50,92.8738,50.0612
74278686,-235.50,-157.50,83.9985,54.3210
74282592,60.50,-102.50,82.7069,61.8387
74286498,186.50,-64.50,97.7337,74.8462
74290404,-0.50,-49.50,116.6259,90.7835
74294310,-239.50,-111.50,124.1560,100.7335
74298216,-233.50,-143.50,118.1681,94.6260
74302122,37.50,-107.50,107.6471,80.7873
74306028,159.50,-89.50,100.8221,72.2749
74309934,-15.50,-88.50,90.8618,67.1460
74313840,-258.50,-125.50,77.5509,64.1090
74317746,-284.50,-165.50,68.6914,60.3395
74321652,-44.50,-139.50,62.0954,53.1196
74325558,144.50,-108.50,59.1393,47.4291
74329464,20.50,-93.50,62.9338,46.6546
74333370,-239.50,-120.50,67.4290,51.3588
74337276,-317.50,-134.50,63.6275,60.0383
74341182,-67.50,-124.50,54.8996,67.5784
74345088,144.50,-77.50,55.7381,71.0769
74348994,38.50,-47.50,61.9232,76.6318
74352900,-232.50,-89.50,59.1901,84.9658
74356806,-318.50,-127.50,50.9302,86.0754
74360712,-115.50,-125.50,45.8885,78.5006
74364618,118.50,-95.50,45.8500,68.2884
74368524,64.50,-67.50,48.7332,61.9968
74372430,-212.50,-94.50,48.0793,63.1829
74376336,-334.50,-130.50,41.5863,66.4637
74380242,-156.50,-117.50,35.9259,68.3082
74384148,80.50,-90.50,33.0786,69.0490
74388054,80.50,-63.50,32.4390,67.7577
74391960,-165.50,-118.50,37.0568,61.5347
74395866,-321.50,-145.50,44.2159,49.9503
74399772,-173.50,-129.50,48.4033,45.1316
74403678,110.50,-90.50,53.7671,52.1818
74407584,165.50,-72.50,69.3780,59.3743
74411490,-126.50,-81.50,81.5293,61.5333
74415396,-300.50,-111.50,73.8528,64.3513
74419302,-191.50,-127.50,61.6572,67.2372
74423208,93.50,-79.50,60.0465,67.7167
74427114,145.50,-47.50,64.7252,70.4756
74431020,-83.50,-83.50,64.8940,71.3529
74434926,-288.50,-90.50,60.6037,69.2825
74438832,-228.50,-109.50,56.6443,72.6660
74442738,33.50,-83.50,49.6102,75.8174
74446644,127.50,-54.50,40.2940,72.8547
74450550,-98.50,-84.50,28.4034,65.1114
74454456,-349.50,-143.50,10.6599,50.2978
74458362,-303.50,-184.50,-5.2165,28.7862
74462268,-40.50,-160.50,-10.5178,7.5484
74466174,85.50,-138.50,-10.5913,-6.7552
74470080,-106.50,-136.50,-16.2662,-13.4640
74473986,-360.50,-169.50,-28.0290,-13.1127
74477892,-392.50,-239.50,-42.4555,-16.8564
74481798,-127.50,-221.50,-56.7018,-34.7254
74485704,-14.50,-209.50,-71.5298,-56.7179
74489610,-180.50,-230.50,-96.5060,-77.0631
74493516,-466.50,-284.50,-127.4125,-97.5420
74497422,-517.50,-346.50,-151.6664,-119.0342
74501328,-259.50,-314.50,-161.7571,-137.2451
74505234,-200.50,-318.50,-178.6747,-148.9928
74509140,-386.50,-360.50,-238.4811,-169.5495
74513046,-703.50,-440.50,-321.0198,-207.1238
74516952,-809.50,-477.50,-384.4025,-245.2626
74520858,-612.50,-512.50,-420.4633,-273.2567
74524764,-422.50,-512.50,-439.6726,-300.9103
74528670,-560.50,-580.50,-460.7929,-340.1870
74532576,-879.50,-654.50,-496.6798,-391.0255
74536482,-965.50,-657.50,-529.5136,-428.1771
74540388,-733.50,-634.50,-529.3946,-428.3236
74544294,-539.50,-652.50,-508.8162,-415.8153
74548200,-546.50,-611.50,-495.2163,-415.1684
74552106,-780.50,-623.50,-477.7345,-409.2712
74556012,-910.50,-664.50,-448.3116,-392.9150
74559918,-759.50,-698.50,-425.3389,-387.5056
74563824,-512.50,-669.50,-418.9977,-398.4348
74567730,-466.50,-607.50,-412.3851,-401.3960
74571636,-726.50,-646.50,-392.3465,-385.0517
74575542,-879.50,-703.50,-370.0567,-372.9057
74579448,-762.50,-729.50,-355.3277,-378.8383
74583354,-476.50,-697.50,-346.0492,-391.0502
74587260,-399.50,-620.50,-328.7757,-387.0405
74591166,-665.50,-629.50,-306.6001,-359.3592
74595072,-874.50,-674.50,-299.6445,-330.7056
74598978,-783.50,-684.50,-304.9943,-317.2908
74602884,-515.50,-652.50,-308.7155,-312.2176
74606790,-442.50,-614.50,-308.0103,-306.3915
74610696,-637.50,-623.50,-302.2539,-297.5519
74614602,-847.50,-668.50,-287.4235,-289.2679
74618508,-793.50,-670.50,-268.9436,-281.6896
74622414,-512.50,-606.50,-254.9710,-265.2520
74626320,-352.50,-589.50,-236.6529,-242.5337
74630226,-518.50,-586.50,-206.4434,-228.4524
74634132,-708.50,-560.50,-167.8544,-211.4331
74638038,-670.50,-540.50,-125.8280,-172.4256
74641944,-374.50,-480.50,-87.4560,-122.0503
74645850,-207.50,-446.50,-55.5753,-82.0251
74649756,-352.50,-465.50,-31.8610,-65.9894
74653662,-632.50,-481.50,-21.9032,-66.5100
74657568,-641.50,-524.50,-23.8403,-68.2005
74661474,-367.50,-447.50,-21.2674,-61.4602
74665380,-188.50,-422.50,-8.1032,-42.1747
74669286,-304.50,-457.50,3.7691,-31.8460
74673192,-512.50,-478.50,19.8100,-40.4538
74677098,-545.50,-489.50,51.6349,-44.8731
74681004,-328.50,-447.50,82.0439,-33.0464
74684910,-144.50,-420.50,88.4794,-15.6034
74688816,-205.50,-431.50,80.0412,-9.0110
74692722,-460.50,-454.50,80.5683,-12.9105
74696628,-568.50,-463.50,88.4519,-11.4741
74700534,-354.50,-465.50,91.8340,-3.8213
74704440,-129.50,-431.50,92.8135,-1.5718
74708346,-142.50,-388.50,98.7452,1.5274
74712252,-394.50,-415.50,114.0127,15.0579
74716158,-524.50,-424.50,129.8546,32.4209
74720064,-376.50,-413.50,132.2717,47.4655
74723970,-105.50,-364.50,125.3989,59.1777
74727876,-111.50,-358.50,124.7381,66.3646
74731782,-308.50,-373.50,138.7454,69.2676
74735688,-474.50,-387.50,163.6264,74.6642
74739594,-330.50,-346.50,182.0215,91.0875
74743500,-63.50,-278.50,188.0751,119.7350
74747406,10.50,-239.50,196.8684,152.1943
74751312,-220.50,-232.50,214.7246,180.3583
74755218,-372.50,-258.50,235.7178,202.3095
74759124,-254.50,-265.50,257.7655,213.5622
74763030,13.50,-222.50,275.2058,214.5906
74766936,112.50,-146.50,286.2962,222.2314
74770842,-79.50,-156.50,299.8433,244.6757
74774748,-262.50,-189.50,319.5351,265.0060
74778654,-193.50,-201.50,339.2764,271.0008
74782560,87.50,-148.50,351.8626,270.7590
74786466,193.50,-121.50,357.6902,273.3396
74790372,16.50,-90.50,359.3895,282.3983
74794278,-168.50,-79.50,367.4086,306.0494
74798184,-142.50,-82.50,385.5047,339.0419
74802090,143.50,-47.50,401.8888,361.8475
74805996,293.50,-0.50,414.2566,371.0822
74809902,144.50,6.50,423.3462,376.2635
74813808,-80.50,-8.50,430.2413,383.3243
74817714,-111.50,-18.50,433.3708,392.3789
74821620,147.50,44.50,428.1532,404.9243
74825526,343.50,89.50,425.7848,422.6343
74829432,243.50,91.50,436.0793,436.1887
74833338,-22.50,61.50,448.8696,438.6380
74837244,-53.50,58.50,453.3462,437.5671
74841150,181.50,137.50,453.9629,448.9027
74845056,368.50,190.50,452.0331,476.2889
74848962,293.50,208.50,445.7435,501.6297
74852868,66.50,199.50,446.6381,515.9791
74856774,-4.50,170.50,459.6135,522.9006
74860680,215.50,183.50,474.0973,520.4879
74864586,464.50,210.50,486.0804,508.8781
74868492,397.50,257.50,493.6803,499.9466
74872398,120.50,221.50,486.8871,501.8207
74876304,-12.50,187.50,465.6029,502.7451
74880210,145.50,198.50,439.2902,495.2288
74884116,359.50,222.50,411.0989,483.0422
74888022,368.50,209.50,388.6289,463.7186
74891928,102.50,139.50,379.1649,431.8055
74895834,-83.50,80.50,367.8576,390.3436
74899740,33.50,67.50,341.0281,351.3140
74903646,251.50,109.50,303.7024,325.1999
74907552,267.50,96.50,267.5267,308.5186
74911458,16.50,57.50,241.4118,288.8114
74915364,-180.50,29.50,223.1614,269.1615
74919270,-108.50,-75.50,202.1907,242.0966
74923176,102.50,-52.50,168.5609,193.0693
74927082,123.50,-111.50,123.2140,134.5070
74930988,-116.50,-128.50,78.3522,81.7303
74934894,-356.50,-193.50,42.0250,45.8817
74938800,-402.50,-300.50,-3.9693,10.7954
74942706,-213.50,-335.50,-78.3937,-49.6207
74946612,-144.50,-354.50,-156.2763,-120.5792
74950518,-377.50,-396.50,-210.2086,-177.1125
74954424,-601.50,-437.50,-240.1709,-210.6909
74958330,-577.50,-456.50,-250.8596,-223.0975
74962236,-318.50,-447.50,-249.8871,-225.8168
74966142,-208.50,-417.50,-247.7018,-228.5266
74970048,-412.50,-464.50,-257.4310,-236.8007
74973954,-668.50,-512.50,-280.5151,-254.6423
74977860,-669.50,-534.50,-299.7554,-272.3288
74981766,-384.50,-456.50,-297.7511,-269.9745
74985672,-185.50,-401.50,-269.7769,-240.9444
74989578,-335.50,-399.50,-236.2920,-206.1048
74993484,-561.50,-414.50,-216.5057,-182.9455
74997390,-640.50,-442.50,-210.6738,-169.6205
75001296,-368.50,-392.50,-211.2426,-159.4206
75005202,-158.50,-343.50,-200.3762,-144.1233
75009108,-193.50,-281.50,-169.0571,-117.5506
75013014,-424.50,-289.50,-123.8992,-79.4611
75016920,-458.50,-291.50,-77.4158,-41.4607
75020826,-175.50,-221.50,-29.5316,-7.0122
75024732,64.50,-130.50,22.3859,34.7257
75028638,-10.50,-112.50,57.8204,77.7062
75032544,-222.50,-111.50,72.9371,108.2399
75036450,-286.50,-76.50,94.2896,137.4254
75040356,-36.50,-1.50,135.5162,182.5622
75044266,205.50,40.50,181.8479,231.0089
75048172,245.50,95.50,220.1624,263.8690
75052078,13.50,111.50,255.5202,290.4359
75055984,-88.50,69.50,288.5114,314.4324
75059890,105.50,141.50,318.6409,332.7279
75063796,375.50,226.50,346.6336,361.2077
75067702,416.50,256.50,369.3208,396.8795
75071608,199.50,237.50,388.7729,418.4760
75075514,-12.50,193.50,396.5596,420.5850
75079420,82.50,186.50,378.4221,408.8107
75083326,380.50,240.50,352.9027,394.9428
75087232,445.50,283.50,348.9180,391.8382
75091138,204.50,231.50,355.8605,392.3042
75095044,-0.50,176.50,352.3849,379.1133
75098950,67.50,153.50,338.0663,353.7900
75102856,368.50,208.50,326.1686,332.1036
75106762,464.50,257.50,328.5345,326.9259
75110668,267.50,241.50,336.8907,333.8019
75114574,43.50,202.50,339.7721,338.5141
75118480,119.50,191.50,341.4145,336.4490
75122386,384.50,241.50,346.8599,332.5625
75126292,507.50,291.50,349.7269,333.4461
75130198,320.50,275.50,343.2226,336.7709
75134104,71.50,246.50,329.7212,337.2455
75138010,69.50,221.50,313.6959,334.8400
75141916,331.50,247.50,299.4695,327.4209
75145822,481.50,283.50,289.9184,315.4963
75149728,348.50,266.50,284.2002,302.2931
75153634,100.50,238.50,283.2778,291.3404
75157540,53.50,199.50,281.6227,283.9116
75161446,299.50,194.50,272.8453,269.6015
75165352,464.50,209.50,259.5961,241.9508
75169258,351.50,208.50,243.5002,212.1344
75173164,101.50,182.50,231.4871,195.3293
75177070,35.50,136.50,228.5043,189.8208
75180976,259.50,176.50,228.4229,186.3745
75184882,455.50,192.50,224.1188,181.9000
75188788,351.50,211.50,208.7820,173.8949
75192694,84.50,173.50,185.0673,166.4255
75196600,-38.50,141.50,162.5301,161.7638
75200506,139.50,126.50,141.4709,152.2938
75204412,368.50,125.50,122.0119,128.6792
75208318,308.50,142.50,105.5654,97.1999
75212224,29.50,91.50,87.0549,73.4458
75216130,-128.50,44.50,64.2037,56.5942
75220036,20.50,37.50,40.0155,40.6098
75223942,240.50,55.50,15.5260,23.5823
75227848,222.50,58.50,-9.7243,4.1765
75231754,-38.50,34.50,-32.4307,-12.7709
75235660,-176.50,-4.50,-42.8323,-21.6745
75239566,-60.50,-6.50,-40.2495,-25.0978
75243472,178.50,41.50,-42.2732,-25.6950
75247378,217.50,64.50,-53.9799,-23.3444
75251284,-14.50,55.50,-63.4468,-19.5769
75255190,-186.50,43.50,-63.1771,-11.1262
75259096,-111.50,21.50,-58.8351,-0.8846
75263002,126.50,27.50,-65.8315,-4.4348
75266908,205.50,55.50,-82.2027,-21.7872
75270814,48.50,62.50,-83.9314,-32.5822
75274720,-153.50,22.50,-61.7951,-29.2437
75278626,-106.50,-0.50,-39.4607,-25.5163
75282532,161.50,33.50,-33.7667,-28.6218
75286438,243.50,59.50,-39.9847,-33.2213
75290344,54.50,16.50,-54.4465,-42.8014
75294250,-177.50,-28.50,-68.6067,-61.6350
75298156,-128.50,-22.50,-70.4792,-75.1416
75302062,126.50,19.50,-60.0524,-70.3864
75305968,262.50,45.50,-50.1961,-57.9937
75309874,117.50,32.50,-47.6913,-54.2228
75313780,-154.50,-6.50,-51.3947,-59.7807
75317686,-190.50,-47.50,-65.3651,-69.8257
75321592,61.50,-22.50,-82.4980,-81.7573
75325498,225.50,16.50,-90.3108,-88.9444
75329404,112.50,19.50,-90.6893,-88.9029
75333310,-157.50,-20.50,-90.3335,-87.0389
75337216,-219.50,-56.50,-95.1259,-89.1530
75341122,25.50,9.50,-100.0804,-87.5335
75345028,208.50,47.50,-99.0683,-72.8793
75348934,126.50,39.50,-98.8021,-60.3373
75352840,-175.50,14.50,-107.0421,-60.0884
75356746,-276.50,6.50,-126.6277,-58.7238
75360652,-66.50,11.50,-144.9983,-51.9736
75364558,155.50,34.50,-149.9709,-51.9415
75368464,103.50,30.50,-147.7111,-63.1187
75372370,-188.50,-5.50,-151.0662,-77.5941
75376276,-324.50,-32.50,-165.8112,-86.6443
75380182,-158.50,-27.50,-183.3460,-89.1591
75384088,101.50,10.50,-191.1788,-89.9050
75387994,100.50,34.50,-184.7827,-89.1445
75391900,-178.50,9.50,-176.5806,-85.1611
75395806,-338.50,-46.50,-179.8846,-84.6516
75399712,-193.50,-79.50,-187.5232,-98.4815
75403618,57.50,-74.50,-191.2796,-127.3047
75407524,94.50,-60.50,-190.8361,-157.4462
75411430,-175.50,-85.50,-191.3909,-175.0805
75415336,-334.50,-120.50,-194.4167,-179.4050
75419242,-216.50,-132.50,-189.2900,-178.7750
75423148,26.50,-96.50,-181.3745,-179.0593
75427054,80.50,-69.50,-184.4795,-178.8991
75430960,-143.50,-100.50,-193.9966,-179.2638
75434866,-341.50,-130.50,-197.9010,-181.7857
75438772,-275.50,-148.50,-194.4994,-183.6658
75442678,19.50,-104.50,-186.5395,-183.0667
75446584,141.50,-42.50,-169.4815,-173.3523
75450490,-64.50,-53.50,-150.1615,-154.2944
75454396,-292.50,-92.50,-141.1601,-139.7213
75458302,-244.50,-108.50,-137.7822,-135.5433
75462208,29.50,-79.50,-130.8298,-136.3298
75466114,158.50,-53.50,-122.0975,-138.4724
75470020,-12.50,-78.50,-118.5034,-144.4028
75473926,-260.50,-118.50,-119.2671,-154.1564
75477832,-276.50,-145.50,-122.2443,-162.2793
75481738,-45.50,-134.50,-131.2842,-168.8108
75485644,110.50,-116.50,-145.6410,-178.3715
75489550,-18.50,-92.50,-156.2590,-185.0235
75493456,-264.50,-118.50,-155.0615,-178.4309
75497362,-347.50,-159.50,-152.5803,-167.6550
75501268,-124.50,-130.50,-164.1829,-164.3249
75505174,51.50,-111.50,-183.3661,-166.0872
75509080,-64.50,-124.50,-200.5965,-173.9637
75512986,-344.50,-183.50,-215.4346,-189.9841
75516892,-429.50,-211.50,-227.1760,-207.0948
75520798,-193.50,-191.50,-229.4214,-214.6946
75524704,38.50,-156.50,-217.2114,-212.1752
75528610,-34.50,-130.50,-201.6736,-204.8701
75532516,-288.50,-160.50,-193.3998,-194.7635
75536422,-396.50,-176.50,-187.7254,-183.6788
75540328,-202.50,-161.50,-180.0570,-172.1532
75544234,42.50,-112.50,-171.3826,-160.7235
75548140,21.50,-106.50,-162.9949,-152.6529
75552046,-243.50,-149.50,-157.4904,-153.2189
75555952,-390.50,-210.50,-156.4041,-164.9417
75559858,-239.50,-204.50,-157.7097,-180.9119
75563764,31.50,-150.50,-156.5481,-186.9416
75567670,55.50,-117.50,-147.9610,-177.7597
75571576,-202.50,-156.50,-137.9041,-165.6054
75575482,-364.50,-191.50,-132.4575,-161.5641
75579388,-208.50,-185.50,-121.6415,-160.6540
75583294,29.50,-143.50,-106.9684,-156.2026
75587200,88.50,-126.50,-102.3197,-151.6103
75591106,-143.50,-162.50,-104.1526,-153.3914
75595012,-341.50,-192.50,-103.8709,-158.6736
75598918,-261.50,-186.50,-102.2720,-156.9895
75602824,-9.50,-144.50,-104.8732,-147.0790
75606730,78.50,-114.50,-111.7881,-136.6784
75610636,-130.50,-137.50,-116.8716,-131.6394
75614542,-352.50,-174.50,-117.4155,-131.2352
75618448,-303.50,-174.50,-114.8731,-128.9948
75622354,-33.50,-133.50,-111.1252,-121.3749
75626260,99.50,-111.50,-104.9754,-114.0983
75630166,-81.50,-116.50,-97.5789,-111.7714
75634072,-317.50,-133.50,-91.7626,-106.6029
75637978,-306.50,-157.50,-87.0949,-95.9126
75641884,-53.50,-122.50,-84.3665,-88.4041
75645790,112.50,-28.50,-82.2426,-75.6296
75649696,46.50,50.50,-64.7209,-35.5200
75653602,-244.50,-80.50,-32.4874,5.9888
75657508,-340.50,-178.50,-27.5047,-8.4146
75661414,-111.50,-176.50,-60.7137,-67.6384
75665320,74.50,-153.50,-93.7845,-118.8468
75669226,-57.50,-159.50,-110.3093,-145.4718
75673132,-341.50,-220.50,-122.5962,-158.2814
75677038,-399.50,-280.50,-132.7474,-170.8271
75680944,-207.50,-309.50,-137.8991,-192.6697
75684850,-24.50,-288.50,-148.9884,-223.4508
75688756,-72.50,-261.50,-163.0703,-246.7156
75692662,-335.50,-298.50,-163.5847,-250.0518
75696568,-424.50,-342.50,-152.0250,-243.1925
75700474,-208.50,-308.50,-134.3996,-233.7287
75704380,29.50,-251.50,-114.5263,-218.0342
75708286,25.50,-239.50,-95.9851,-202.4568
75712192,-221.50,-257.50,-76.5314,-193.6248
75716098,-310.50,-238.50,-52.0334,-176.7445
75720004,-108.50,-238.50,-17.5101,-145.7322
75723910,142.50,-187.50,17.4920,-120.6029
75727816,125.50,-111.50,32.7475,-101.4785
75731722,-158.50,-117.50,21.1808,-73.7434
75735628,-332.50,-158.50,-4.5514,-46.6749
75739534,-186.50,-152.50,-21.7169,-31.6457
75743440,87.50,-134.50,-20.0100,-28.6097
75747346,128.50,-122.50,-8.3989,-38.3609
75751252,-122.50,-139.50,-2.3486,-53.2831
75755158,-320.50,-176.50,-6.8817,-60.0369
75759064,-250.50,-194.50,-18.4581,-58.5742
75762970,-1.50,-153.50,-36.4075,-56.0635
75766876,87.50,-111.50,-51.9115,-52.4003
75770782,-116.50,-137.50,-53.6490,-48.9952
75774688,-312.50,-185.50,-41.8758,-51.0993
75778594,-256.50,-193.50,-25.7473,-54.4939
75782500,16.50,-176.50,-15.2835,-55.5520
75786406,122.50,-143.50,-11.9082,-59.0157
75790312,-90.50,-148.50,-17.7296,-63.5858
75794218,-321.50,-180.50,-30.1311,-62.8784
75798124,-325.50,-213.50,-41.3174,-58.7281
75802030,-79.50,-185.50,-53.7584,-57.5221
75805936,70.50,-138.50,-65.1508,-57.2165
75809842,-62.50,-146.50,-65.0860,-55.3097
75813748,-313.50,-196.50,-53.4390,-56.5269
75817654,-328.50,-218.50,-41.6483,-60.2183
75821560,-97.50,-185.50,-38.3811,-59.0228
75825466,75.50,-153.50,-43.1919,-53.9333
75829372,-19.50,-141.50,-45.2840,-51.0899
75833278,-266.50,-181.50,-34.6453,-49.5911
75837184,-304.50,-196.50,-16.2591,-45.2740
75841090,-47.50,-136.50,5.0387,-30.2317
75844996,135.50,-142.50,23.0092,-13.5997
75848902,13.50,-194.50,20.6997,-26.4863
75852808,-271.50,-177.50,-3.2524,-56.0664
75856714,-351.50,-207.50,-26.9995,-61.0905
75860620,-153.50,-226.50,-35.6205,-52.7498
75864526,64.50,-190.50,-36.1080,-57.0226
75868432,-9.50,-173.50,-41.0969,-65.8161
75872338,-277.50,-208.50,-52.9085,-68.9805
75876244,-402.50,-239.50,-63.7114,-68.5832
75880150,-236.50,-236.50,-69.5889,-67.0713
75884056,-1.50,-194.50,-74.7443,-65.1498
75887962,5.50,-162.50,-76.3186,-60.4515
75891868,-242.50,-184.50,-68.8332,-51.9050
75895774,-400.50,-213.50,-58.9089,-42.9449
75899680,-258.50,-219.50,-54.5863,-37.0387
75903586,-1.50,-175.50,-54.6346,-34.4854
75907492,48.50,-156.50,-50.7618,-33.0288
75911398,-174.50,-186.50,-37.2629,-34.1831
75915304,-336.50,-186.50,-17.3729,-32.1610
75919210,-218.50,-188.50,2.5827,-18.6351
75923116,19.50,-156.50,11.9373,-4.1788
75927022,99.50,-127.50,9.1089,1.4344
75930928,-118.50,-111.50,7.0080,7.2126
75934834,-323.50,-143.50,9.7869,20.8634
75938740,-249.50,-155.50,13.4142,33.8249
75942646,12.50,-130.50,15.7998,37.6577
75946552,96.50,-105.50,13.9738,34.3035
75950458,-74.50,-105.50,10.9037,30.4810
75954364,-304.50,-146.50,14.2679,30.3432
75958270,-272.50,-186.50,19.6783,27.1486
75962176,-16.50,-149.50,20.4437,18.8964
75966082,127.50,-97.50,20.7535,18.1902
75969988,-45.50,-120.50,22.5498,24.2268
75973894,-308.50,-153.50,19.2625,24.5963
75977800,-322.50,-157.50,8.0017,24.3546
75981706,-74.50,-146.50,-3.6776,28.8108
75985612,81.50,-143.50,-10.2249,25.1657
75989518,-62.50,-159.50,-15.8643,6.7973
75993424,-321.50,-188.50,-22.8940,-12.5224
75997330,-368.50,-206.50,-28.7452,-18.9266
76001236,-124.50,-188.50,-30.2464,-14.8405
76005142,99.50,-145.50,-20.9141,-8.2451
76009048,-4.50,-154.50,-3.9476,-4.8929
76012954,-303.50,-169.50,0.6830,-5.0595
76016860,-398.50,-194.50,-15.7031,-2.2355
76020766,-169.50,-185.50,-33.5426,2.3939
76024672,80.50,-110.50,-31.0495,10.2012
76028578,80.50,-14.50,-2.6202,39.9844
76032484,-198.50,-126.50,35.1585,74.8839
76036390,-452.50,-273.50,32.2962,54.7643
76040296,-254.50,-245.50,-22.1485,-11.1594
76044202,-37.50,-234.50,-72.7742,-58.7635
76048108,-79.50,-241.50,-98.5484,-80.9606
76052014,-341.50,-271.50,-113.6115,-96.3172
76055920,-527.50,-325.50,-124.8313,-105.8951
76059826,-412.50,-370.50,-142.6290,-118.5723
76063732,-169.50,-367.50,-167.8323,-145.1581
76067638,-164.50,-346.50,-189.7633,-175.6260
76071544,-398.50,-370.50,-200.6081,-192.6321
76075450,-559.50,-367.50,-194.7134,-187.3233
76079356,-428.50,-356.50,-174.4286,-161.1903
76083267,-137.50,-306.50,-149.3772,-130.3739
76087173,-32.50,-257.50,-119.8794,-106.4706
76091079,-256.50,-268.50,-88.4578,-88.9545
76094985,-434.50,-288.50,-63.0731,-74.9609
76098891,-368.50,-300.50,-45.7381,-62.1653
76102797,-106.50,-239.50,-40.7217,-48.8815
76106703,10.50,-207.50,-41.7963,-34.1867
76110609,-201.50,-228.50,-39.3696,-25.7193
76114515,-399.50,-254.50,-32.0851,-24.7456
76118421,-352.50,-273.50,-17.2288,-22.4158
76122327,-79.50,-217.50,-0.7150,-14.4735
76126233,38.50,-173.50,7.5143,-0.3242
76130139,-111.50,-164.50,9.2034,15.4090
76134045,-334.50,-172.50,17.6236,32.5611
76137951,-309.50,-188.50,37.6319,52.6416
76141857,-56.50,-171.50,58.2362,65.8021
76145763,95.50,-156.50,67.1420,63.0788
76149669,-42.50,-128.50,64.0194,54.1353
76153575,-307.50,-169.50,57.7863,54.0171
76157481,-329.50,-205.50,54.9516,57.1037
76161387,-81.50,-170.50,59.3552,57.5579
76165293,99.50,-116.50,66.2693,63.3602
76169199,-16.50,-108.50,65.6024,73.7941
76173105,-272.50,-143.50,59.9010,80.2659
76177011,-335.50,-189.50,59.0666,78.5924
76180917,-142.50,-187.50,59.6156,69.1093
76184823,54.50,-156.50,50.4427,56.2686
76188729,-16.50,-121.50,35.1862,49.5464
76192635,-280.50,-144.50,25.3904,55.0521
76196541,-367.50,-156.50,26.0715,69.0939
76200447,-179.50,-137.50,34.3494,86.2247
76204353,55.50,-124.50,41.1310,95.6276
76208259,35.50,-104.50,44.8940,89.9639
76212165,-207.50,-118.50,51.9279,82.0848
76216071,-342.50,-152.50,62.0541,82.7206
76219977,-204.50,-151.50,65.6977,86.8642
76223883,47.50,-137.50,58.8484,85.2222
76227789,60.50,-108.50,52.4322,76.5134
76231695,-216.50,-135.50,47.4432,68.5760
76235601,-373.50,-165.50,38.5325,65.3779
76239507,-239.50,-171.50,34.8482,65.9489
76243413,48.50,-109.50,43.5197,72.1526
76247319,101.50,-100.50,60.6910,81.1375
76251225,-190.50,-172.50,65.0633,73.4371
76255131,-399.50,-214.50,42.6936,44.7390
76259037,-276.50,-194.50,20.6961,24.9256
76262943,16.50,-143.50,25.4226,31.9919
76266849,101.50,-126.50,46.4838,48.3724
76270755,-111.50,-123.50,61.9017,57.0623
76274661,-320.50,-112.50,68.0844,69.7069
76278567,-258.50,-108.50,72.9633,96.0102
76282473,-10.50,-80.50,74.0149,119.8837
76286379,96.50,-53.50,65.7498,127.5730
76290285,-92.50,-86.50,53.5758,119.8983
76294191,-341.50,-137.50,44.4216,101.9567
76298097,-316.50,-160.50,39.6561,83.0250
76302003,-46.50,-126.50,40.8514,72.3345
76305909,80.50,-112.50,42.9306,68.0278
76309815,-76.50,-116.50,37.5080,62.3362
76313721,-308.50,-142.50,33.6418,58.3287
76317627,-312.50,-156.50,42.2872,61.3071
76321533,-46.50,-106.50,58.9500,71.3680
76325439,149.50,-76.50,77.2827,84.7453
76329345,23.50,-62.50,91.2781,94.2789
76333251,-239.50,-88.50,96.0866,100.8960
76337157,-293.50,-132.50,94.8329,103.2602
76341063,-84.50,-121.50,89.4791,95.6861
76344969,99.50,-80.50,76.1500,85.1997
76348875,22.50,-62.50,60.4244,82.4875
76352781,-248.50,-113.50,53.0013,83.8152
76356687,-348.50,-137.50,50.5388,80.7632
76360593,-143.50,-117.50,47.0700,77.7146
76364499,101.50,-141.50,47.1007,68.9369
76368405,36.50,-127.50,50.3278,45.4835
76372311,-232.50,-154.50,48.0592,25.1574
76376217,-402.50,-164.50,34.2578,23.1260
76380123,-225.50,-157.50,12.2742,32.9861
76384029,27.50,-126.50,-2.6673,41.0496
76387935,15.50,-96.50,-4.6253,44.0497
76391841,-248.50,-131.50,-3.7867,45.8767
76395747,-385.50,-164.50,-1.9013,44.3629
76399653,-217.50,-157.50,9.6420,41.3667
76403559,22.50,-145.50,23.6651,37.4609
76407465,55.50,-126.50,26.4358,29.0827
76411371,-192.50,-147.50,21.7687,21.0508
76415277,-374.50,-188.50,18.2482,16.5273
76419183,-286.50,-206.50,14.8396,10.4649
76423089,-20.50,-175.50,7.1857,1.7886
76426995,43.50,-166.50,-0.5602,-6.6837
76430901,-164.50,-189.50,-1.9201,-15.6234
76434807,-346.50,-194.50,8.2140,-18.6683
76438713,-289.50,-175.50,24.1626,-5.4570
76442619,-15.50,-152.50,31.6702,15.0692
76446525,99.50,-112.50,34.0304,28.1838
76450431,-80.50,-112.50,41.0033,36.3097
76454337,-313.50,-133.50,50.9572,45.5479
76458243,-265.50,-136.50,59.6407,55.5581
76462149,26.50,-94.50,71.4934,66.0107
76466055,166.50,-73.50,88.2548,74.6035
76469961,-1.50,-78.50,99.3167,76.8701
76473867,-240.50,-113.50,102.4408,74.3399
76477773,-239.50,-125.50,105.1654,71.6614
76481679,21.50,-90.50,109.9675,72.7352
76485585,145.50,-65.50,107.5149,76.9350
76489491,28.50,-54.50,93.6107,80.6596
76493397,-206.50,-72.50,88.1121,86.6231
76497303,-256.50,-111.50,96.8119,91.5048
76501209,-84.50,-98.50,92.6839,86.7574
76505115,91.50,-79.50,62.9754,75.1265
76509021,-0.50,-74.50,31.6910,64.1293
76512927,-271.50,-117.50,17.9186,55.9627
76516833,-349.50,-164.50,14.8472,45.0431
76520739,-130.50,-156.50,16.2304,29.4625
76524645,75.50,-126.50,18.8984,16.8559
76528551,-2.50,-124.50,14.7010,10.0579
76532457,-260.50,-170.50,4.5675,2.9928
76536363,-368.50,-188.50,-1.2290,-5.2395
76540269,-186.50,-173.50,-0.4561,-7.2103
76544175,30.50,-148.50,-1.7665,-4.4249
76548081,23.50,-129.50,-6.4545,-3.3027
76551987,-232.50,-164.50,-6.6254,-4.3680
76555893,-364.50,-184.50,-1.5707,-6.0002
76559799,-186.50,-181.50,9.1722,-5.4813
76563705,85.50,-139.50,27.5890,-2.3383
76567611,112.50,-111.50,48.4065,3.7755
76571517,-143.50,-114.50,60.8816,14.4379
76575423,-320.50,-131.50,59.8069,28.9079
76579329,-214.50,-156.50,50.5475,37.9106
76583235,43.50,-152.50,39.3713,29.2357
76587141,80.50,-127.50,29.1350,10.0300
76591047,-150.50,-163.50,19.2745,-5.4004
76594953,-356.50,-179.50,10.6671,-13.3372
76598859,-271.50,-214.50,5.5099,-17.1371
76602765,16.50,-174.50,7.4559,-22.0900
76606671,105.50,-124.50,17.5741,-20.2190
76610577,-115.50,-133.50,23.5867,-7.5093
76614483,-319.50,-158.50,21.9982,4.8280
76618389,-252.50,-189.50,26.4645,8.4502
76622295,12.50,-144.50,38.5044,6.1156
76626201,118.50,-98.50,44.8726,10.2887
76630107,-50.50,-109.50,41.5959,20.7017
76634013,-288.50,-168.50,38.5366,21.7906
76637919,-294.50,-180.50,36.6440,11.5110
76641825,-42.50,-144.50,30.0983,5.4310
76645731,101.50,-122.50,21.5516,7.7357
76649637,-50.50,-124.50,13.2896,8.5871
76653543,-317.50,-168.50,4.5581,4.6057
76657449,-340.50,-192.50,-3.2452,-1.8040
76661355,-111.50,-172.50,-8.4721,-6.8589
76665261,62.50,-143.50,-13.9575,-9.2961
76669167,-59.50,-139.50,-22.2264,-11.1745
76673073,-320.50,-169.50,-30.0464,-12.1328
76676979,-367.50,-216.50,-31.1086,-15.0338
76680885,-133.50,-184.50,-22.1252,-20.1722
76684791,59.50,-143.50,-12.0615,-19.1253
76688697,-15.50,-141.50,-10.8402,-13.9396
76692603,-277.50,-175.50,-13.8226,-13.4095
76696509,-383.50,-209.50,-16.3136,-17.3209
76700415,-177.50,-193.50,-17.8166,-20.6155
76704321,51.50,-186.50,-16.0896,-25.1369
76708227,13.50,-163.50,-12.9062,-33.8875
76712133,-264.50,-186.50,-13.9209,-38.5360
76716039,-374.50,-221.50,-17.3195,-36.6440
76719945,-202.50,-192.50,-14.0277,-30.7560
76723851,67.50,-121.50,-2.7725,-14.3505
76727757,77.50,-105.50,13.0223,8.7322
76731663,-229.50,-196.50,17.7115,11.6731
76735569,-383.50,-218.50,1.7531,-12.0227
76739475,-233.50,-214.50,-11.8574,-31.7567
76743381,13.50,-191.50,-12.4015,-36.6682
76747287,31.50,-164.50,-14.8407,-38.1784
76751193,-233.50,-191.50,-28.1971,-38.9016
76755099,-416.50,-200.50,-45.0455,-34.7436
76759005,-310.50,-194.50,-52.1496,-22.2447
76762911,-41.50,-148.50,-49.6689,-6.8553
76766817,28.50,-125.50,-45.4031,3.7253
76770723,-176.50,-143.50,-41.0761,7.2263
76774629,-361.50,-176.50,-30.1012,6.9593
76778535,-287.50,-201.50,-11.3377,4.3630
76782441,-5.50,-171.50,6.1837,-2.4949
76786347,90.50,-147.50,16.1564,-10.0076
76790253,-107.50,-156.50,15.7588,-13.9833
76794159,-306.50,-175.50,15.5914,-11.1667
76798065,-266.50,-188.50,27.9607,-2.1330
76801971,-14.50,-159.50,41.8068,5.3573
76805877,121.50,-130.50,44.6194,7.3378
76809783,-30.50,-142.50,42.1733,5.1448
76813689,-271.50,-172.50,44.2709,2.2648
76817595,-292.50,-157.50,47.6157,7.5828
76821501,-57.50,-111.50,42.9306,26.1859
76825407,119.50,-88.50,33.9724,45.5985
76829313,19.50,-85.50,34.7383,52.8643
76833219,-229.50,-111.50,49.0103,53.7980
76837125,-273.50,-127.50,64.2957,56.6412
76841031,-44.50,-108.50,70.9737,59.8172
76844937,151.50,-82.50,70.6303,59.0037
76848843,64.50,-64.50,68.5479,56.8631
76852749,-207.50,-108.50,66.7260,57.1611
76856655,-290.50,-113.50,63.1012,59.0010
76860561,-97.50,-112.50,56.8864,61.1360
76864467,112.50,-82.50,47.3249,58.5852
76868373,63.50,-79.50,38.0750,51.2967
76872279,-208.50,-128.50,33.0472,41.8308
76876185,-335.50,-154.50,27.5568,30.7858
76880091,-176.50,-156.50,17.0788,21.4046
76883997,57.50,-146.50,3.2384,10.0572
76887903,28.50,-143.50,-9.2857,-6.1369
76891809,-227.50,-175.50,-18.5462,-20.4755
76895715,-376.50,-208.50,-23.6772,-28.5837
76899621,-253.50,-220.50,-28.4426,-34.7755
76903527,-16.50,-184.50,-40.3025,-42.2461
76907433,-13.50,-147.50,-57.4790,-43.4113
76911339,-264.50,-180.50,-74.2351,-36.7364
76915245,-432.50,-207.50,-84.1863,-31.8437
76919151,-324.50,-239.50,-84.5083,-35.5959
76923057,-77.50,-210.50,-84.0866,-48.5986
76926963,-14.50,-175.50,-87.0511,-58.6775
76930869,-225.50,-181.50,-86.6333,-55.3117
76934775,-422.50,-202.50,-79.9789,-42.8552
76938681,-346.50,-210.50,-72.2044,-30.4532
76942587,-65.50,-175.50,-65.0213,-23.4873
76946493,45.50,-141.50,-52.8842,-19.2916
76950399,-142.50,-158.50,-37.0044,-15.7668
76954305,-335.50,-184.50,-19.7388,-13.6845
76958211,-303.50,-185.50,-2.8727,-9.5305
76962117,-28.50,-143.50,7.9351,-0.3138
76966023,111.50,-96.50,16.6582,13.4148
76969929,-56.50,-97.50,25.6876,28.1137
76973835,-308.50,-175.50,28.7120,30.7340
76977741,-316.50,-186.50,23.1305,16.4122
76981647,-37.50,-136.50,19.0842,6.7084
76985553,147.50,-111.50,30.3655,12.0915
76989459,-9.50,-118.50,46.6452,17.5727
76993365,-252.50,-158.50,52.0046,15.8964
76997271,-308.50,-173.50,48.3558,12.6319
77001177,-79.50,-148.50,39.0845,12.7121
77005083,112.50,-122.50,29.6902,13.5618
77008989,26.50,-134.50,28.6016,8.9600
77012895,-248.50,-180.50,33.1454,-1.6971
77016801,-312.50,-178.50,35.2687,-8.1819
77020707,-94.50,-143.50,36.7785,0.0381
77024613,127.50,-126.50,41.1001,12.3701
77028519,60.50,-116.50,45.4149,14.3919
77032425,-239.50,-166.50,40.7524,8.3455
77036331,-344.50,-186.50,24.8247,0.6635
77040237,-166.50,-158.50,10.3403,-0.8155
77044143,69.50,-141.50,2.9090,2.1710
77048049,48.50,-122.50,1.2142,1.3957
77051955,-230.50,-169.50,0.5788,-2.4570
77055861,-370.50,-196.50,-4.9187,-7.9193
77059767,-216.50,-143.50,-11.0386,-4.9754
77063673,35.50,-116.50,-14.2572,10.5407
77067579,43.50,-111.50,-15.7716,20.5621
77071485,-196.50,-160.50,-15.5416,14.7707
77075391,-356.50,-191.50,-11.1349,1.3109
77079297,-242.50,-207.50,-5.0861,-11.8175
77083203,-4.50,-168.50,-8.1895,-23.1781
77087109,55.50,-141.50,-18.5773,-27.8533
77091015,-168.50,-194.50,-22.7027,-28.8490
77094921,-338.50,-222.50,-14.5767,-34.6586
77098827,-258.50,-203.50,-0.3011,-36.7405
77102733,14.50,-137.50,9.0321,-24.6318
77106639,99.50,-100.50,12.7726,-2.4480
77110545,-128.50,-106.50,10.4378,19.3727
77114451,-351.50,-133.50,0.3376,35.7469
77118357,-296.50,-143.50,-8.4484,44.5947
77122266,-9.50,-115.50,-6.3673,43.7313
77126172,137.50,-95.50,9.8976,36.2372
77130078,-29.50,-94.50,33.1264,31.2792
77133984,-274.50,-109.50,49.6978,38.1415
77137890,-271.50,-137.50,52.2037,49.7807
77141796,-41.50,-112.50,41.0688,50.7416
77145702,132.50,-100.50,27.4541,40.2452
77149608,-16.50,-111.50,24.1998,26.7029
77153514,-271.50,-175.50,27.5884,13.3577
77157420,-322.50,-200.50,25.2260,-2.0184
77161326,-79.50,-151.50,15.0495,-11.7156
77165232,90.50,-133.50,4.3997,-10.6254
77169138,-3.50,-130.50,-0.6989,-8.0951
77173044,-264.50,-175.50,2.4816,-8.1035
77176950,-357.50,-200.50,3.7986,-10.7342
77180856,-156.50,-178.50,-8.5140,-15.3642
77184762,47.50,-160.50,-27.1107,-21.5267
77188668,-10.50,-144.50,-36.8754,-27.2943
77192574,-271.50,-164.50,-33.3871,-24.2001
77196480,-360.50,-177.50,-23.8643,-11.6973
77200386,-129.50,-137.50,-8.5499,4.2880
77204292,107.50,-125.50,13.1679,15.2229
77208198,54.50,-125.50,26.7660,12.2091
77212104,-209.50,-149.50,23.9030,3.5643
77216010,-344.50,-175.50,14.6830,1.2405
77219916,-175.50,-178.50,9.5579,0.5151
77223822,69.50,-148.50,8.8249,-5.7355
77227728,79.50,-121.50,10.3582,-10.8129
77231634,-177.50,-155.50,12.4892,-8.6602
77235540,-335.50,-181.50,13.3161,-4.9610
77239446,-194.50,-170.50,15.5683,-2.5167
77243352,80.50,-110.50,22.4102,3.7792
77247258,112.50,-86.50,30.5450,16.5030
77251164,-104.50,-94.50,36.2403,31.2629
77255070,-253.50,-62.50,48.8551,53.7306
77258976,-186.50,-77.50,65.9656,83.3209
77262882,16.50,-80.50,58.3100,92.4417
77266788,77.50,-84.50,22.4452,71.3592
77270694,-192.50,-117.50,-20.0171,41.1841
77274600,-360.50,-152.50,-49.6390,19.6322
77278506,-296.50,-144.50,-50.5930,12.1265
77282412,-52.50,-112.50,-39.3140,15.4519
77286318,61.50,-93.50,-36.7368,20.5312
77290224,-130.50,-110.50,-38.9833,21.5066
77294130,-346.50,-158.50,-38.8080,17.0525
77298036,-312.50,-186.50,-32.4757,5.0479
77301942,-66.50,-128.50,-25.1744,-5.5489
77305848,71.50,-126.50,-23.8382,-6.4745
77309754,-70.50,-125.50,-23.8948,-5.6226
77313660,-308.50,-158.50,-18.2514,-4.6960
77317566,-309.50,-172.50,-8.5630,-2.6922
77321472,-53.50,-114.50,2.2912,2.4999
77325378,112.50,-97.50,12.0131,12.8982
77329284,-6.50,-95.50,16.9210,20.1473
77333190,-259.50,-136.50,18.7563,21.4851
77337096,-318.50,-175.50,17.9620,15.5514
77341002,-111.50,-162.50,10.4548,1.1218
77344908,97.50,-130.50,0.9865,-12.6982
77348814,-5.50,-121.50,-3.5924,-16.8729
77352720,-280.50,-149.50,-9.3046,-11.7994
77356626,-344.50,-167.50,-15.8072,-4.3764
77360532,-148.50,-175.50,-15.1430,-4.0755
77364438,87.50,-157.50,-9.3000,-16.1504
77368344,23.50,-137.50,-3.5409,-29.3422
77372250,-271.50,-174.50,-8.6188,-32.3249
77376156,-380.50,-207.50,-25.1489,-32.2100
77380062,-194.50,-181.50,-34.4223,-32.9498
77383968,38.50,-155.50,-32.1539,-31.1801
77387874,30.50,-127.50,-27.6044,-27.0245
77391780,-226.50,-170.50,-24.2907,-22.8389
77395686,-368.50,-170.50,-22.3010,-18.9677
77399592,-226.50,-164.50,-20.7411,-11.3416
77403498,26.50,-130.50,-20.4102,-3.9075
77407404,64.50,-125.50,-18.0896,-3.0967
77411310,-198.50,-153.50,-15.1364,-7.7952
77415216,-384.50,-196.50,-20.3601,-15.5348
77419122,-290.50,-202.50,-32.8630,-25.2363
77423028,-47.50,-162.50,-48.6047,-32.7360
77426934,47.50,-136.50,-57.0173,-32.3272
77430840,-148.50,-143.50,-45.0642,-24.3442
77434746,-331.50,-142.50,-19.1686,-8.8309
77438652,-245.50,-127.50,5.6705,13.7924
77442558,17.50,-97.50,20.9633,33.4258
77446464,128.50,-78.50,28.5626,40.9796
77450370,-85.50,-96.50,30.9019,39.0501
77454276,-321.50,-132.50,24.5083,34.0392
77458182,-310.50,-152.50,9.4960,27.2541
77462088,-79.50,-143.50,-12.3913,15.8185
77465994,51.50,-126.50,-34.0059,0.9488
77469900,-118.50,-146.50,-45.8156,-11.9603
77473806,-373.50,-184.50,-50.5233,-20.9964
77477712,-381.50,-206.50,-55.7894,-28.2785
77481618,-129.50,-189.50,-60.6086,-35.9972
77485524,26.50,-175.50,-61.8975,-44.9108
77489430,-80.50,-145.50,-57.8739,-47.4445
77493336,-310.50,-180.50,-43.0623,-37.4544
77497242,-367.50,-202.50,-26.0415,-27.4861
77501148,-149.50,-169.50,-23.6847,-24.4581
77505054,40.50,-137.50,-32.5315,-21.1226
77508960,-44.50,-127.50,-37.4632,-15.2882
77512866,-300.50,-177.50,-33.3947,-12.2714
77516772,-351.50,-209.50,-22.8709,-18.4929
77520678,-154.50,-175.50,-10.9081,-26.4993
77524584,50.50,-136.50,-7.1686,-24.3767
77528490,-0.50,-111.50,-10.3884,-12.9646
77532396,-246.50,-143.50,-9.0401,0.2206
77536302,-360.50,-175.50,-3.0909,6.3175
77540208,-172.50,-172.50,1.4302,2.5230
77544114,64.50,-127.50,5.1025,-3.3075
77548020,79.50,-101.50,15.2799,-1.0822
77551926,-174.50,-145.50,32.7057,5.3455
77555832,-304.50,-177.50,46.6694,4.7537
77559738,-175.50,-156.50,50.0890,1.6429
77563644,93.50,-143.50,47.1205,0.5434
77567550,117.50,-133.50,49.5793,-5.2773
77571456,-152.50,-143.50,52.1618,-11.2910
77575362,-365.50,-186.50,36.6256,-11.4632
77579268,-294.50,-207.50,1.4080,-15.5321
77583174,-30.50,-169.50,-35.0166,-26.2330
77587080,48.50,-126.50,-48.1886,-29.3245
77590986,-161.50,-143.50,-36.3911,-19.9316
77594892,-351.50,-178.50,-17.6132,-9.8717
77598798,-284.50,-207.50,-6.0749,-10.3430
77602704,-5.50,-203.50,-2.7599,-25.2477
77606610,67.50,-178.50,-2.2135,-45.9581
77610516,-134.50,-174.50,-6.8091,-55.4720
77614422,-324.50,-180.50,-8.9188,-45.6420
77618328,-274.50,-197.50,2.2836,-26.7695
77622234,-29.50,-162.50,14.6273,-14.1764
77626140,82.50,-143.50,14.3342,-10.7384
77630046,-102.50,-138.50,2.8077,-11.1095
77633952,-335.50,-162.50,-9.7787,-8.2054
77637858,-321.50,-187.50,-13.6322,-3.2691
77641764,-60.50,-159.50,-7.3975,-1.8627
77645670,95.50,-128.50,3.0368,-1.5439
77649576,-47.50,-125.50,9.4331,0.2841
77653482,-298.50,-149.50,9.5719,3.9413
77657388,-305.50,-149.50,11.1895,11.8761
77661294,-44.50,-126.50,23.7589,23.8100
77665200,123.50,-111.50,40.4051,30.5514
77669106,21.50,-122.50,46.8119,24.5157
77673012,-232.50,-143.50,46.2167,13.6223
77676918,-286.50,-154.50,47.8111,10.9605
77680824,-72.50,-128.50,52.2249,18.4762
77684730,132.50,-101.50,54.9850,27.8883
77688636,52.50,-107.50,52.8917,29.7196
77692542,-203.50,-152.50,48.1848,20.7419
77696448,-297.50,-182.50,45.8906,6.2687
77700354,-108.50,-161.50,46.9948,-3.1312
77704260,128.50,-129.50,49.5113,-2.8651
77708166,106.50,-129.50,55.2747,-0.5933
77712072,-180.50,-142.50,57.9417,-0.5241
77715978,-312.50,-189.50,48.9934,-1.8630
77719884,-128.50,-174.50,41.4564,-5.9974
77723790,112.50,-148.50,45.3021,-9.6252
77727696,117.50,-116.50,51.3229,-8.2964
77731602,-140.50,-142.50,51.6539,-2.4639
77735508,-302.50,-153.50,46.6038,5.1190
77739414,-175.50,-153.50,41.0147,12.9917
77743320,92.50,-111.50,39.1600,19.6327
77747226,112.50,-79.50,38.9422,26.8730
77751132,-127.50,-105.50,32.8813,34.0945
77755038,-333.50,-144.50,20.5060,34.5021
77758944,-284.50,-161.50,0.5119,26.6412
77762850,-18.50,-116.50,-25.5245,18.4946
77766756,67.50,-124.50,-40.0885,13.0299
77770662,-149.50,-148.50,-39.6485,2.3755
77774568,-344.50,-172.50,-33.6000,-8.9956
77778474,-300.50,-177.50,-26.8587,-11.2144
77782380,-49.50,-150.50,-27.4834,-8.0733
77786286,57.50,-144.50,-35.4290,-8.9600
77790192,-130.50,-153.50,-43.5161,-16.0932
77794098,-335.50,-176.50,-43.6658,-20.5936
77798004,-292.50,-177.50,-29.3003,-16.4801
77801910,-40.50,-126.50,-9.6613,-4.2652
77805816,111.50,-100.50,2.7031,11.5273
77809722,-34.50,-95.50,8.9402,23.3897
77813628,-283.50,-134.50,12.9801,28.8957
77817534,-302.50,-144.50,13.6436,29.3511
77821440,-58.50,-111.50,11.9398,30.0073
77825346,86.50,-92.50,6.7061,32.3499
77829252,-20.50,-89.50,-2.4742,32.3793
77833158,-271.50,-111.50,-5.8537,33.2620
77837064,-324.50,-120.50,-2.1967,38.7776
77840970,-83.50,-109.50,3.9641,44.2505
77844876,121.50,-72.50,13.5890,45.4980
77848782,43.50,-69.50,23.5717,45.5457
77852688,-222.50,-111.50,28.8909,44.0829
77856594,-319.50,-128.50,26.6616,39.4336
77860500,-121.50,-108.50,19.5431,36.9606
77864406,92.50,-84.50,12.5404,37.2912
77868312,48.50,-91.50,7.8603,33.6609
77872218,-218.50,-133.50,5.1142,23.2298
77876124,-335.50,-143.50,2.6620,13.4626
77880030,-160.50,-116.50,2.3307,14.9956
77883936,80.50,-108.50,4.4899,21.1004
77887842,48.50,-124.50,3.0488,14.3465
77891748,-239.50,-168.50,-11.3624,-5.9741
77895654,-380.50,-154.50,-33.0518,-19.2656
77899560,-255.50,-149.50,-46.6494,-12.8718
77903466,-20.50,-124.50,-55.8565,-2.3777
77907372,27.50,-111.50,-62.4141,-0.1835
77911278,-197.50,-137.50,-57.1286,-1.9522
77915184,-376.50,-172.50,-44.7218,-5.5867
77919090,-262.50,-188.50,-34.9654,-14.1334
77922996,10.50,-148.50,-27.4092,-24.6202
77926902,81.50,-129.50,-18.2751,-27.7655
77930808,-143.50,-142.50,-11.4837,-23.0738
77934714,-353.50,-168.50,-11.8490,-16.5117
77938620,-274.50,-176.50,-14.6222,-13.1327
77942526,6.50,-144.50,-11.1315,-14.1451
77946432,95.50,-127.50,-2.6380,-15.9033
77950338,-106.50,-143.50,-0.4509,-16.9529
77954244,-312.50,-178.50,-2.0369,-18.4974
77958150,-267.50,-207.50,4.0351,-24.6427
77962056,-9.50,-180.50,14.0811,-36.0452
77965962,110.50,-150.50,17.8280,-43.3021
77969868,-78.50,-157.50,9.7924,-41.5954
77973774,-333.50,-184.50,-6.9978,-35.8041
77977680,-346.50,-201.50,-23.9625,-31.8149
77981586,-86.50,-173.50,-33.5285,-31.3299
77985492,109.50,-133.50,-27.3544,-29.0929
77989398,-47.50,-128.50,-12.6047,-20.9011
77993304,-304.50,-164.50,-7.7641,-11.8991
77997210,-365.50,-175.50,-15.6606,-7.8196
78001116,-138.50,-158.50,-29.3789,-7.3774
78005022,50.50,-143.50,-41.1562,-10.7436
78008928,-52.50,-120.50,-47.0251,-13.9823
78012834,-301.50,-152.50,-46.5545,-9.8814
78016740,-377.50,-197.50,-40.5871,-8.0125
78020646,-142.50,-163.50,-30.9516,-13.5574
78024552,92.50,-119.50,-15.9408,-12.8991
78028458,53.50,-110.50,4.0875,-3.4112
78032364,-220.50,-123.50,20.8223,7.5179
78036270,-333.50,-143.50,25.4413,17.6929
78040176,-145.50,-150.50,22.2391,21.4807
78044082,89.50,-127.50,19.2550,14.2017
78047988,79.50,-96.50,19.8604,6.7079
78051894,-175.50,-120.50,25.2298,9.4989
78055800,-338.50,-149.50,27.7694,15.6891
78059706,-198.50,-147.50,19.8208,17.1312
78063612,71.50,-111.50,9.6629,15.6746
78067518,84.50,-108.50,8.5083,13.2852
78071424,-186.50,-143.50,7.6463,6.4881
78075330,-340.50,-172.50,2.0000,-3.3757
78079236,-223.50,-178.50,1.6307,-10.6493
78083142,5.50,-152.50,-0.8263,-15.5234
78087048,65.50,-143.50,-12.6088,-20.7979
78090954,-167.50,-155.50,-22.4374,-25.4920
78094860,-362.50,-200.50,-24.7693,-28.8070
78098766,-276.50,-197.50,-22.1897,-32.0711
78102672,-3.50,-148.50,-17.4834,-29.7660
78106578,103.50,-90.50,-9.4596,-14.0449
78110484,-96.50,-90.50,1.8007,11.2731
78114390,-288.50,-124.50,15.6363,31.6466
78118296,-239.50,-140.50,32.1681,37.6986
78122202,13.50,-97.50,41.9671,36.2962
78126108,144.50,-72.50,41.9217,37.3664
78130014,-46.50,-69.50,37.7511,41.4042
78133920,-255.50,-86.50,36.4886,49.0227
78137826,-240.50,-95.50,45.1919,59.9210
78141732,9.50,-49.50,55.9847,71.4767
78145638,161.50,-36.50,58.9905,79.8405
78149544,14.50,-50.50,55.9495,77.3839
78153450,-248.50,-112.50,50.1454,62.5011
78157356,-276.50,-142.50,43.2168,40.8599
78161266,-42.50,-127.50,37.4266,21.7379
78165172,145.50,-94.50,34.5719,11.5636
78169078,21.50,-81.50,32.3482,11.1544
78172984,-230.50,-124.50,29.1742,15.4124
78176890,-269.50,-90.50,32.3190,25.3535
78180796,-50.50,-80.50,43.8448,44.9241
78184702,135.50,-52.50,49.3731,58.7065
78188608,58.50,-48.50,41.7967,58.3194
78192514,-210.50,-82.50,30.7612,52.7842
78196420,-352.50,-121.50,16.0345,45.1980
78200326,-143.50,-115.50,-3.1199,34.8157
78204232,93.50,-92.50,-11.5938,23.7514
78208138,53.50,-84.50,-7.6251,14.7615
78212044,-233.50,-126.50,-7.7893,7.3444
78215950,-356.50,-149.50,-16.7120,0.6140
78219856,-191.50,-152.50,-22.8828,-4.4707
78223762,49.50,-119.50,-24.1353,-8.9753
78227668,58.50,-94.50,-24.1647,-10.5171
78231574,-203.50,-120.50,-23.7693,-7.1708
78235480,-351.50,-142.50,-23.3329,-2.6425
78239386,-218.50,-141.50,-19.8464,0.9722
78243292,33.50,-114.50,-16.9152,1.5559
78247198,71.50,-88.50,-18.2260,0.0727
78251104,-160.50,-102.50,-20.0384,1.5497
78255010,-366.50,-146.50,-22.3437,3.6155
78258916,-280.50,-160.50,-29.5378,-0.7467
78262822,-25.50,-129.50,-41.0231,-9.4634
78266728,71.50,-105.50,-46.7975,-14.9440
78270634,-138.50,-137.50,-41.0331,-18.4774
78274540,-367.50,-176.50,-34.1214,-25.4738
78278446,-316.50,-171.50,-36.5568,-30.8800
78282352,-66.50,-162.50,-46.6738,-32.2092
78286258,34.50,-148.50,-58.9703,-38.0589
78290164,-137.50,-162.50,-66.5635,-48.3792
78294070,-362.50,-186.50,-62.9821,-53.7404
78297976,-309.50,-193.50,-47.8813,-50.7109
78301882,-79.50,-188.50,-32.5533,-47.8731
78305788,79.50,-169.50,-28.0237,-53.9144
78309694,-40.50,-143.50,-22.1184,-58.2063
78313600,-255.50,-142.50,-0.1764,-44.3198
78317506,-277.50,-144.50,26.1636,-17.4097
78321412,-56.50,-138.50,35.4346,1.8842
78325318,93.50,-133.50,23.0894,0.5204
78329224,-45.50,-141.50,0.0190,-15.5273
78333130,-308.50,-181.50,-21.2393,-32.2706
78337036,-369.50,-205.50,-34.7724,-43.9713
78340942,-174.50,-182.50,-45.9633,-49.0005
78344848,31.50,-143.50,-57.7475,-45.4774
78348754,-42.50,-156.50,-61.4026,-40.1306
78352660,-303.50,-184.50,-55.9149,-41.5615
78356566,-413.50,-208.50,-54.2784,-46.6271
78360472,-186.50,-185.50,-56.7407,-47.9416
78364378,43.50,-153.50,-50.4726,-43.7248
78368284,-15.50,-143.50,-40.4915,-37.8250
78372190,-273.50,-169.50,-38.5699,-34.0012
78376096,-395.50,-197.50,-41.3620,-33.2553
78380002,-220.50,-194.50,-42.2060,-35.6197
78383908,26.50,-173.50,-39.3736,-40.6986
78387814,-1.50,-160.50,-37.2736,-46.2563
78391720,-277.50,-178.50,-45.2781,-48.0616
78395626,-431.50,-239.50,-61.1946,-51.3664
78399532,-292.50,-244.50,-72.1909,-64.1868
78403438,-47.50,-224.50,-76.4374,-79.7791
78407344,19.50,-196.50,-72.0632,-87.4098
78411250,-206.50,-192.50,-54.3684,-81.5002
78415156,-381.50,-191.50,-33.8459,-61.5577
78419062,-250.50,-177.50,-17.6729,-34.9924
78422968,11.50,-143.50,-3.6609,-13.0400
78426874,67.50,-141.50,3.7437,-4.7022
78430780,-161.50,-172.50,0.2322,-12.3302
78434686,-360.50,-190.50,-7.2658,-24.7933
78438592,-302.50,-221.50,-11.8661,-33.1229
78442498,-33.50,-187.50,-14.7559,-39.9223
78446404,65.50,-159.50,-15.0222,-41.7614
78450310,-147.50,-172.50,-16.6823,-37.8804
78454216,-349.50,-185.50,-19.6965,-32.1403
78458122,-334.50,-223.50,-18.5495,-29.1255
78462028,-68.50,-191.50,-18.0016,-33.3719
78465934,84.50,-149.50,-14.6700,-34.6716
78469840,-85.50,-144.50,-5.7154,-25.3297
78473746,-347.50,-179.50,-2.8893,-14.4639
78477652,-360.50,-205.50,-11.2811,-12.2156
78481558,-99.50,-182.50,-20.0886,-16.9419
78485464,71.50,-161.50,-18.8986,-21.5543
78489370,-60.50,-164.50,-12.0900,-25.1073
78493276,-288.50,-204.50,-2.6352,-29.7042
78497182,-350.50,-221.50,7.3499,-34.7939
78501088,-114.50,-200.50,9.4579,-36.3888
78504994,58.50,-169.50,3.4452,-33.5180
78508900,-37.50,-164.50,-6.0138,-29.8333
78512806,-292.50,-189.50,-11.7435,-27.0750
78516712,-341.50,-220.50,-5.7824,-26.3550
78520618,-158.50,-217.50,4.9410,-30.0457
78524524,58.50,-185.50,5.9777,-35.9651
78528430,-5.50,-172.50,-0.1044,-38.2986
78532336,-296.50,-258.50,-9.6280,-46.2108
78536242,-452.50,-300.50,-31.6230,-71.2499
78540148,-280.50,-289.50,-62.4824,-96.9102
78544054,-65.50,-271.50,-87.9053,-108.4676
78547960,-106.50,-257.50,-105.8131,-112.2514
78551866,-394.50,-294.50,-124.0668,-114.6723
78555772,-540.50,-335.50,-143.1090,-119.6710
78559678,-410.50,-348.50,-157.3018,-129.0329
78563584,-201.50,-348.50,-173.5431,-144.2606
78567490,-200.50,-340.50,-196.8970,-163.7694
78571396,-441.50,-349.50,-215.0845,-175.7642
78575302,-607.50,-383.50,-218.3868,-174.4412
78579208,-531.50,-402.50,-218.0269,-171.0578
78583114,-291.50,-380.50,-230.2171,-174.7293
78587020,-239.50,-368.50,-246.7507,-182.0273
78590926,-462.50,-392.50,-253.2646,-188.7584
78594832,-641.50,-428.50,-247.4307,-193.7847
78598738,-537.50,-418.50,-229.7453,-192.8184
78602644,-260.50,-367.50,-205.2427,-180.0829
78606550,-165.50,-338.50,-182.3108,-159.7197
78610456,-360.50,-352.50,-166.5872,-144.1950
78614362,-549.50,-362.50,-152.8726,-134.3944
78618268,-466.50,-335.50,-129.5758,-117.3602
78622174,-192.50,-290.50,-98.2407,-89.4558
78626080,-44.50,-250.50,-68.3978,-61.8211
78629986,-197.50,-236.50,-42.4444,-40.2188
78633892,-404.50,-232.50,-17.6009,-17.9210
78637798,-404.50,-239.50,2.6933,6.7322
78641704,-129.50,-202.50,14.8069,26.0945
78645610,31.50,-168.50,26.0495,38.3718
78649516,-88.50,-160.50,40.4949,47.1859
78653422,-335.50,-171.50,55.0289,57.1478
78657328,-373.50,-191.50,62.5954,68.1965
78661234,-113.50,-143.50,64.7374,78.8292
78665140,83.50,-98.50,73.4605,93.5670
78669046,16.50,-84.50,93.1337,110.6251
78672952,-229.50,-98.50,119.0843,125.0815
78676858,-278.50,-103.50,141.3204,138.0128
78680764,-47.50,-79.50,156.9010,150.0379
78684670,173.50,-45.50,169.8531,158.6027
78688576,97.50,-15.50,178.3478,165.7397
78692482,-149.50,-44.50,181.1540,174.3453
78696388,-241.50,-61.50,183.6893,180.2771
78700294,-52.50,-68.50,187.3818,179.1037
78704200,183.50,-51.50,189.4565,168.6263
78708106,167.50,-37.50,193.4036,154.5391
78712012,-94.50,-58.50,199.2559,146.6472
78715918,-232.50,-70.50,199.2779,147.5516
78719824,-70.50,-78.50,193.6499,151.2885
78723730,169.50,-47.50,187.5328,149.9536
78727636,197.50,-26.50,186.1493,146.2107
78731542,-66.50,-50.50,188.6249,144.3483
78735448,-218.50,-65.50,187.6741,144.2098
78739354,-96.50,-77.50,184.6689,144.5811
78743260,157.50,-44.50,180.9767,142.2481
78747166,215.50,-7.50,178.8664,141.9736
78751072,-9.50,-30.50,182.1241,146.2628
78754978,-190.50,-56.50,187.6944,148.0831
78758884,-86.50,-68.50,193.9845,145.3109
78762790,154.50,-18.50,196.2163,143.9052
78766696,235.50,-2.50,189.9997,147.4731
78770602,16.50,-18.50,179.7005,148.8857
78774508,-225.50,-47.50,165.0600,144.9799
78778414,-186.50,-69.50,143.4724,138.6959
78782320,64.50,-50.50,121.4318,129.5745
78786226,190.50,-47.50,109.2258,116.6455
78790132,19.50,-64.50,110.1733,100.1935
78794038,-210.50,-106.50,117.6591,84.0529
78797944,-206.50,-128.50,120.8184,70.9123
78801850,50.50,-116.50,116.3694,59.8373
78805756,194.50,-111.50,110.9685,47.4542
78809662,32.50,-96.50,105.3720,36.4527
78813568,-220.50,-104.50,96.7229,38.3512
78817474,-228.50,-121.50,90.3375,51.0289
78821380,-3.50,-94.50,88.1963,61.8217
78825286,191.50,-48.50,87.7324,70.3683
78829192,80.50,-18.50,91.5420,83.9092
78833098,-196.50,-46.50,94.1181,100.2925
78837004,-252.50,-76.50,87.9145,107.8011
78840910,-15.50,-64.50,82.4475,103.8095
78844816,196.50,-76.50,86.6340,90.1403
78848722,114.50,-80.50,94.2125,66.6616
78852628,-143.50,-95.50,97.8365,46.8326
78856534,-271.50,-96.50,91.9327,45.1137
78860440,-81.50,-88.50,74.4111,56.3603
78864346,142.50,-60.50,56.4603,65.5699
78868252,94.50,-56.50,46.7218,66.2970
78872158,-191.50,-84.50,37.8885,60.6260
78876064,-318.50,-120.50,24.6420,51.1449
78879970,-141.50,-109.50,15.8476,42.3392
78883876,101.50,-102.50,15.7651,35.6449
78887782,92.50,-76.50,17.3551,29.6613
78891688,-143.50,-95.50,18.7420,27.8855
78895594,-308.50,-132.50,21.7084,27.5384
78899500,-201.50,-141.50,17.8963,21.8445
78903406,34.50,-128.50,0.2472,11.3489
78907312,48.50,-116.50,-23.4211,-0.2255
78911218,-202.50,-134.50,-44.8386,-9.1138
78915124,-367.50,-159.50,-56.4491,-13.4515
78919030,-269.50,-172.50,-54.2049,-15.4070
78922936,-4.50,-126.50,-47.7097,-14.5430
78926842,89.50,-89.50,-39.6278,-5.2581
78930748,-111.50,-106.50,-25.4550,7.3462
78934654,-299.50,-140.50,-7.5302,11.5702
78938560,-248.50,-143.50,6.1512,8.8819
78942466,15.50,-92.50,8.5983,11.6920
78946372,146.50,-53.50,9.6685,25.9056
78950278,-34.50,-68.50,19.4247,40.6953
78954184,-239.50,-111.50,34.5145,42.8635
78958090,-223.50,-117.50,47.6379,35.7669
78961996,33.50,-90.50,51.4855,31.6010
78965902,173.50,-70.50,49.2754,31.6859
78969808,-1.50,-62.50,44.3305,32.3914
78973714,-252.50,-110.50,34.7933,31.9647
78977620,-262.50,-141.50,25.3068,24.6649
78981526,-29.50,-97.50,18.9482,16.6463
78985432,113.50,-80.50,9.5852,17.0629
78989338,-0.50,-82.50,-2.8198,17.9619
78993244,-260.50,-127.50,-9.1300,12.5202
78997150,-294.50,-155.50,-7.9090,2.3911
79001056,-105.50,-143.50,-8.8799,-7.9232
79004962,99.50,-128.50,-17.8775,-16.9380
79008868,16.50,-132.50,-24.0241,-27.2883
79012774,-253.50,-174.50,-23.4379,-38.7665
79016680,-374.50,-190.50,-30.9874,-47.2992
79020586,-168.50,-190.50,-48.9383,-51.0097
79024492,39.50,-177.50,-63.3426,-56.7918
79028398,-18.50,-175.50,-70.6521,-67.9961
79032304,-278.50,-188.50,-75.1461,-75.5257
79036210,-392.50,-206.50,-76.8219,-72.4125
79040116,-197.50,-188.50,-72.0789,-62.3371
79044022,48.50,-144.50,-59.9436,-50.1738
79047928,41.50,-123.50,-46.2914,-37.7848
79051834,-216.50,-161.50,-38.2019,-30.9828
79055740,-372.50,-175.50,-38.8547,-31.2626
79059646,-222.50,-159.50,-43.2563,-28.7517
79063552,48.50,-111.50,-41.5598,-18.1132
79067458,79.50,-72.50,-30.7246,-1.3974
79071364,-156.50,-80.50,-18.7411,17.5688
79075270,-330.50,-104.50,-11.7362,32.5909
79079176,-214.50,-102.50,-7.6678,40.5576
79083082,69.50,-79.50,-0.9365,41.8119
79086988,126.50,-22.50,9.8669,44.3401
79090894,-95.50,-58.50,16.5414,52.1755
79094800,-286.50,-108.50,18.5063,51.3135
79098706,-234.50,-135.50,18.1522,35.7135
79102612,50.50,-105.50,15.0467,17.3243
79106518,115.50,-94.50,11.5156,4.8892
79110424,-94.50,-106.50,1.1090,-3.0148
79114330,-308.50,-111.50,-11.6387,-2.8927
79118236,-265.50,-143.50,-13.9857,4.4295
79122142,-9.50,-111.50,-10.1387,7.0857
79126048,149.50,-76.50,-2.9467,6.7159
79129954,-45.50,-94.50,5.0494,7.0394
79133860,-286.50,-112.50,4.2754,6.4542
79137766,-273.50,-136.50,0.1999,7.1725
79141672,-16.50,-107.50,2.8835,8.3100
79145578,146.50,-76.50,9.4790,9.7037
79149484,16.50,-61.50,15.3203,13.9852
79153390,-244.50,-106.50,18.8616,18.7437
79157296,-264.50,-141.50,21.1547,15.6751
79161202,-16.50,-116.50,27.2898,6.7778
79165108,143.50,-79.50,31.6117,3.0650
79169014,51.50,-69.50,26.5868,6.1920
79172920,-188.50,-83.50,25.2557,13.5263
79176826,-258.50,-100.50,34.2265,23.9273
79180732,-47.50,-76.50,41.9653,34.5153
79184638,157.50,-48.50,41.5905,41.4393
79188544,93.50,-51.50,36.7595,40.2848
79192450,-154.50,-80.50,35.6805,32.3042
79196356,-288.50,-104.50,35.4735,25.4990
79200266,-112.50,-96.50,25.7759,23.4993
79204172,144.50,-59.50,15.6367,24.1947
79208078,144.50,-42.50,22.6828,26.2926
79211984,-120.50,-79.50,39.9647,26.5749
79215890,-228.50,-86.50,53.8382,25.8779
79219796,-62.50,-84.50,67.4245,29.7756
79223702,193.50,-57.50,80.2440,33.3980
79227608,208.50,-44.50,87.9657,31.0977
79231514,-78.50,-74.50,84.1371,24.8313
79235420,-271.50,-111.50,62.2050,16.6828
79239326,-170.50,-112.50,31.8226,9.3744
79243232,48.50,-45.50,0.8886,11.2533
79247138,93.50,-75.50,-27.4802,16.6739
79251044,-156.50,-114.50,-47.5242,4.5852
79254950,-362.50,-149.50,-61.3743,-18.9328
79258856,-289.50,-178.50,-73.1638,-37.7421
79262762,-22.50,-168.50,-82.2207,-55.2910
79266668,64.50,-159.50,-84.8892,-73.8365
79270574,-150.50,-174.50,-83.9250,-87.6602
79274480,-364.50,-195.50,-83.7919,-91.0361
79278386,-314.50,-207.50,-82.6546,-86.1029
79282292,-82.50,-174.50,-85.7867,-80.4939
79286198,11.50,-154.50,-100.9965,-77.4909
79290104,-182.50,-152.50,-123.3724,-75.3564
79294010,-396.50,-168.50,-136.4549,-68.6190
79297916,-371.50,-204.50,-130.4412,-61.5332
79301822,-113.50,-169.50,-115.0865,-61.8758
79305728,60.50,-143.50,-99.2477,-63.4959
79309634,-92.50,-143.50,-84.7957,-61.9247
79313540,-323.50,-171.50,-73.8010,-58.6552
79317446,-350.50,-194.50,-65.2415,-55.8995
79321352,-106.50,-159.50,-59.9129,-53.5161
79325258,73.50,-143.50,-57.1743,-50.6864
79329164,-25.50,-126.50,-52.6527,-48.7547
79333070,-250.50,-144.50,-39.5169,-42.8804
79336976,-292.50,-183.50,-16.6589,-36.1333
79340882,-76.50,-158.50,3.6304,-35.8738
79344788,128.50,-143.50,11.7498,-39.3785
79348694,71.50,-138.50,15.0262,-44.9688
79352600,-232.50,-169.50,14.7014,-50.4363
79356506,-320.50,-192.50,3.4231,-52.8829
79360412,-111.50,-171.50,-5.6109,-51.1286
79364318,125.50,-118.50,-0.7940,-42.2143
79368224,81.50,-89.50,8.9484,-25.6378
79372130,-200.50,-125.50,9.9987,-10.4031
79376036,-344.50,-153.50,-2.6125,-6.0604
79379942,-180.50,-149.50,-19.3600,-9.2273
79383848,70.50,-120.50,-28.6395,-13.4353
79387754,112.50,-108.50,-21.1401,-17.1992
79391660,-174.50,-143.50,-5.2381,-21.9437
79395566,-318.50,-176.50,-0.2465,-28.6055
79399472,-222.50,-164.50,-7.6656,-32.2757
79403378,29.50,-136.50,-23.9568,-30.4706
79407284,66.50,-97.50,-39.3364,-24.9005
79411190,-160.50,-126.50,-43.5057,-17.7610
79415096,-350.50,-169.50,-39.8157,-16.6048
79419002,-239.50,-185.50,-33.3550,-24.6199
79422908,18.50,-180.50,-27.4957,-39.3548
79426814,82.50,-143.50,-26.6926,-53.7850
79430720,-118.50,-153.50,-29.3004,-57.1367
79434626,-354.50,-176.50,-32.0389,-49.9869
79438532,-290.50,-193.50,-37.7798,-42.0345
79442438,-36.50,-176.50,-44.8597,-41.4273
79446344,75.50,-158.50,-49.1465,-48.5886
79450250,-133.50,-175.50,-53.6054,-58.1933
79454156,-362.50,-193.50,-60.5006,-63.0932
79458062,-321.50,-207.50,-61.9574,-59.6390
79461968,-47.50,-178.50,-52.0990,-52.9458
79465874,83.50,-158.50,-39.4986,-49.2001
79469780,-66.50,-144.50,-33.7376,-47.0666
79473686,-334.50,-172.50,-34.9139,-41.1534
79477592,-344.50,-175.50,-40.8641,-31.5321
79481498,-82.50,-140.50,-43.5153,-19.4154
79485404,97.50,-110.50,-36.4487,-7.2591
79489310,-36.50,-109.50,-27.9653,-0.6018
79493216,-296.50,-141.50,-25.8051,0.2394
79497122,-330.50,-148.50,-24.8476,0.9129
79501028,-76.50,-124.50,-15.6351,6.4468
79504934,115.50,-93.50,-1.5201,13.9373
79508840,58.50,-54.50,11.1971,23.5374
79512746,-207.50,-82.50,24.9481,38.1805
79516652,-313.50,-142.50,31.3036,43.3964
79520558,-113.50,-194.50,23.3509,20.4862
79524464,128.50,-106.50,14.7911,-10.7222
79528370,48.50,-107.50,11.9529,-17.0681
79532276,-226.50,-133.50,4.2681,-9.3661
79536182,-344.50,-149.50,-7.0869,-3.9973
79540088,-170.50,-143.50,-13.3009,2.0991
79543994,66.50,-122.50,-16.6274,4.9655
79547900,57.50,-116.50,-18.9433,-0.5566
79551806,-181.50,-134.50,-15.4238,-9.3789
79555712,-297.50,-148.50,-0.1954,-10.8356
79559618,-152.50,-134.50,21.8639,-1.1548
79563524,67.50,-102.50,29.4871,11.9365
79567430,75.50,-94.50,14.1890,17.4522
79571336,-184.50,-112.50,-9.5076,13.5855
79575242,-349.50,-144.50,-25.3155,7.9304
79579148,-224.50,-160.50,-25.0425,3.2894
79583054,19.50,-148.50,-18.4495,-5.0062
79586960,97.50,-152.50,-15.4594,-20.4778
79590866,-129.50,-174.50,-12.1886,-39.9867
79594772,-346.50,-191.50,-11.3096,-51.8560
79598678,-290.50,-196.50,-19.7999,-49.9141
79602584,-32.50,-153.50,-34.8581,-39.6926
79606490,79.50,-136.50,-43.5922,-29.1801
79610396,-112.50,-152.50,-39.2377,-26.0148
79614302,-349.50,-185.50,-31.6191,-29.9552
79618208,-316.50,-201.50,-31.2284,-34.9676
79622114,-36.50,-174.50,-32.8015,-37.8132
79626020,95.50,-149.50,-27.5591,-37.8147
79629926,-79.50,-143.50,-21.4429,-34.9362
79633832,-328.50,-193.50,-21.3138,-32.6762
79637738,-335.50,-212.50,-25.7124,-36.6676
79641644,-70.50,-180.50,-28.9354,-41.2328
79645550,94.50,-127.50,-25.7429,-35.3204
79649456,-35.50,-111.50,-18.9225,-18.4888
79653362,-280.50,-133.50,-10.7630,0.3443
79657268,-302.50,-161.50,0.2401,11.4674
79661174,-47.50,-127.50,14.5933,15.3147
79665080,138.50,-111.50,27.9527,16.6849
79668986,43.50,-113.50,34.5902,12.8189
79672892,-208.50,-150.50,38.7254,4.1555
79676798,-301.50,-207.50,40.9671,-8.8339
79680704,-101.50,-147.50,33.8258,-18.2732
79684610,112.50,-99.50,20.8975,-7.9881
79688516,47.50,-94.50,12.2676,11.4557
79692422,-207.50,-143.50,11.3964,17.4595
79696328,-321.50,-159.50,14.4990,11.2004
79700234,-142.50,-141.50,14.5969,8.3756
79704140,101.50,-101.50,11.6505,13.2998
79708046,87.50,-82.50,13.3574,20.2038
79711952,-190.50,-115.50,16.8642,24.5103
79715858,-335.50,-138.50,12.9457,25.4842
79719764,-197.50,-140.50,2.7519,25.1597
79723670,54.50,-96.50,-8.5429,24.6345
79727576,80.50,-101.50,-13.1117,22.0440
79731482,-172.50,-165.50,-9.7644,7.9432
79735388,-346.50,-185.50,-7.2932,-13.9743
79739294,-222.50,-174.50,-7.5558,-23.5114
79743200,34.50,-140.50,-8.5702,-18.8813
79747106,73.50,-80.50,-12.0742,-6.4600
79751012,-144.50,-95.50,-16.5923,13.2367
79754918,-348.50,-212.50,-17.5056,16.2095
79758824,-265.50,-222.50,-16.9870,-13.2521
79762730,-0.50,-181.50,-18.2924,-44.0054
79766636,103.50,-148.50,-16.5593,-52.2032
79770542,-92.50,-146.50,-8.2165,-44.0216
79774448,-305.50,-145.50,3.2023,-23.7772
79778354,-272.50,-137.50,9.8529,5.3028
79782260,7.50,-136.50,10.2501,24.5563
79786166,137.50,-111.50,13.5762,20.5681
79790072,-47.50,-116.50,18.9819,7.8375
79793978,-272.50,-127.50,22.1014,6.5264
79797884,-257.50,-148.50,27.3518,16.8622
79801790,16.50,-111.50,36.6521,26.8365
79805696,167.50,-78.50,46.9472,32.5666
79809602,18.50,-74.50,51.4032,36.4236
79813508,-236.50,-107.50,49.3601,39.9006
79817414,-290.50,-115.50,41.7633,44.5511
79821320,-48.50,-96.50,28.8854,49.7193
79825226,141.50,-88.50,20.3003,47.7230
79829132,47.50,-83.50,22.8988,36.5366
79833038,-202.50,-116.50,34.4720,27.3748
79836944,-310.50,-148.50,39.8084,23.5706
79840850,-100.50,-144.50,26.4099,18.1661
79844756,102.50,-120.50,6.4377,8.4755
79848662,22.50,-111.50,-7.1958,-0.9167
79852568,-236.50,-145.50,-13.3285,-5.6403
79856474,-346.50,-174.50,-14.5691,-7.5188
79860380,-146.50,-159.50,-14.3157,-8.2456
79864286,91.50,-134.50,-11.8185,-8.9252
79868192,49.50,-116.50,-8.6825,-10.6168
79872098,-236.50,-161.50,-13.2803,-13.8059
79876004,-360.50,-168.50,-24.3107,-16.2501
79879910,-175.50,-143.50,-26.0311,-9.2673
79883816,65.50,-106.50,-17.1964,5.2277
79887722,90.50,-79.50,-7.6109,17.3002
79891628,-186.50,-125.50,-2.5523,21.2483
79895534,-357.50,-147.50,-7.6513,16.8961
79899440,-224.50,-146.50,-16.9722,12.7576
79903346,29.50,-126.50,-22.6994,9.8903
79907252,87.50,-113.50,-23.1442,3.1377
79911158,-144.50,-125.50,-17.1034,-2.9028
79915064,-324.50,-137.50,-7.4337,0.4794
79918970,-239.50,-148.50,0.2791,10.3229
79922876,16.50,-117.50,-0.7939,15.2303
79926782,95.50,-86.50,-8.1586,15.5027
79930688,-136.50,-129.50,-16.6891,12.6260
79934594,-343.50,-159.50,-24.1659,3.7342
79938500,-301.50,-162.50,-28.2732,-3.3120
79942406,-38.50,-143.50,-32.8859,-5.1545
79946312,83.50,-126.50,-36.2253,-8.8229
79950218,-121.50,-124.50,-37.5518,-12.6340
79954124,-350.50,-150.50,-40.6661,-9.5261
79958030,-329.50,-185.50,-41.6491,-6.2038
79961936,-54.50,-169.50,-37.0027,-13.1494
79965842,67.50,-143.50,-32.4475,-24.8494
79969748,-110.50,-140.50,-39.7307,-30.4182
79973654,-361.50,-160.50,-55.1067,-26.2245
79977560,-370.50,-185.50,-63.0794,-18.4169
79981466,-111.50,-160.50,-59.0624,-14.8895
79985372,63.50,-149.50,-49.5096,-17.6143
79989278,-47.50,-155.50,-40.9075,-26.2990
79993184,-314.50,-197.50,-34.3948,-37.1672
79997090,-383.50,-201.50,-34.2630,-42.9262
80000996,-142.50,-173.50,-39.2309,-38.0707
80004902,45.50,-197.50,-42.6296,-36.5765
80008808,-47.50,-200.50,-47.0525,-53.6032
80012714,-267.50,-210.50,-44.8328,-70.5544
80016620,-355.50,-216.50,-27.6343,-67.9895
80020526,-149.50,-205.50,-10.2347,-54.7181
80024432,64.50,-156.50,-5.4415,-42.3044
80028338,19.50,-138.50,-9.0425,-29.7177
80032244,-239.50,-169.50,-11.4706,-19.1290
80036150,-370.50,-193.50,-11.3906,-16.0045
80040056,-216.50,-191.50,-16.3492,-18.5597
80043962,29.50,-156.50,-26.8398,-21.8135
80047868,16.50,-143.50,-33.9426,-21.9039
80051774,-239.50,-173.50,-35.6382,-20.8136
80055680,-354.50,-162.50,-29.2857,-15.9571
80059586,-193.50,-138.50,-9.4435,0.9135
80063492,48.50,-98.50,10.0741,23.2908
80067398,105.50,-69.50,20.1151,40.7972
80071304,-141.50,-108.50,28.0931,48.6869
80075210,-296.50,-121.50,36.9310,47.3256
80079116,-208.50,-128.50,43.9281,44.6721
80083022,36.50,-100.50,39.9000,42.4836
80086928,102.50,-69.50,27.3754,41.9582
80090834,-109.50,-89.50,20.4369,45.4401
80094740,-319.50,-111.50,21.0786,49.2493
80098646,-255.50,-126.50,21.4150,49.9190
80102552,7.50,-101.50,17.9454,45.8763
80106458,112.50,-88.50,15.8110,39.0453
80110364,-82.50,-110.50,16.9810,31.1072
80114270,-305.50,-171.50,19.0667,18.2847
80118176,-277.50,-201.50,20.1165,-2.6147
80122082,-2.50,-158.50,21.3654,-20.6814
80125988,115.50,-141.50,23.8710,-25.0149
80129894,-42.50,-156.50,23.6823,-24.1268
80133800,-271.50,-165.50,25.0734,-22.1464
80137706,-245.50,-195.50,36.4782,-17.5125
80141612,10.50,-160.50,55.1312,-15.3209
80145518,175.50,-111.50,70.2436,-10.3209
80149424,47.50,-111.50,76.7008,1.6674
80153330,-236.50,-139.50,73.5334,12.3696
80157236,-310.50,-176.50,55.1966,13.9543
80161142,-93.50,-164.50,26.5300,5.2683
80165048,91.50,-143.50,2.9483,-7.0531
80168954,-6.50,-127.50,-8.5765,-13.8669
80172860,-260.50,-159.50,-9.6587,-12.1092
80176766,-335.50,-188.50,-5.0420,-9.1803
80180672,-117.50,-152.50,0.8967,-6.9754
80184578,80.50,-126.50,3.3099,-1.3426
80188484,38.50,-90.50,1.9833,7.6195
80192390,-194.50,-105.50,8.6363,21.8537
80196296,-302.50,-130.50,24.9000,36.4268
80200202,-118.50,-175.50,37.7261,34.2491
80204108,128.50,-111.50,43.9394,17.1509
80208014,113.50,-60.50,49.9051,15.9011
80211920,-130.50,-93.50,57.4611,34.4532
80215826,-264.50,-105.50,65.2866,50.1813
80219732,-144.50,-105.50,66.5499,58.3230
80223638,109.50,-76.50,56.7759,60.5997
80227544,119.50,-58.50,46.3561,57.8280
80231450,-166.50,-98.50,33.7680,50.7365
80235356,-344.50,-132.50,11.7588,39.4067
80239266,-220.50,-144.50,-5.8335,28.6653
80243172,48.50,-111.50,-8.0863,21.8503
80247078,96.50,-99.50,-1.8181,17.5515
80250984,-134.50,-138.50,1.2282,9.2983
80254890,-326.50,-156.50,-0.2433,-1.4632
80258796,-243.50,-160.50,-0.3380,-3.9773
80262702,26.50,-143.50,1.9045,-1.6228
80266608,119.50,-127.50,6.2829,-4.7769
80270514,-118.50,-171.50,4.9264,-17.2562
80274420,-350.50,-208.50,-9.5126,-36.0244
80278326,-315.50,-240.50,-27.9958,-53.4142
80282232,-63.50,-208.50,-42.0714,-65.1996
80286138,65.50,-169.50,-49.3427,-67.0822
80290044,-125.50,-152.50,-51.9015,-56.2781
80293950,-326.50,-173.50,-48.7394,-37.5177
80297856,-302.50,-180.50,-32.9819,-19.6991
80301762,-33.50,-142.50,-10.9980,-6.3516
80305668,135.50,-125.50,8.0371,1.4342
80309574,-8.50,-140.50,21.3415,-1.2836
80313480,-252.50,-145.50,28.5324,-6.4301
80317386,-290.50,-143.50,30.6659,1.5782
80321292,-43.50,-126.50,29.1651,17.8895
80325198,127.50,-123.50,26.6394,23.1094
80329104,16.50,-95.50,22.5106,17.2767
80333010,-248.50,-140.50,17.7609,14.2871
80336916,-328.50,-169.50,11.7538,11.3429
80340822,-109.50,-160.50,3.4071,4.1375
80344728,113.50,-117.50,-0.0587,-0.1507
80348634,49.50,-108.50,6.0766,2.4961
80352540,-250.50,-148.50,9.6351,5.2540
80356446,-328.50,-175.50,3.3660,1.8130
80360352,-120.50,-174.50,2.8097,-4.8592
80364258,107.50,-130.50,11.2905,-8.9500
80368164,74.50,-111.50,17.5154,-6.0512
80372070,-198.50,-154.50,17.6259,-2.3200
80375976,-326.50,-168.50,13.5432,-3.3816
80379882,-185.50,-162.50,6.8621,-2.7981
80383788,61.50,-120.50,-3.6539,1.9480
80387694,75.50,-114.50,-10.3804,5.9535
80391600,-191.50,-140.50,-10.5294,4.6343
80395506,-360.50,-188.50,-13.3422,-2.8387
80399412,-241.50,-204.50,-20.8630,-15.7546
80403318,13.50,-162.50,-30.1785,-27.7935
80407224,41.50,-137.50,-39.0993,-30.0305
80411130,-218.50,-175.50,-50.5817,-28.5248
80415036,-372.50,-207.50,-58.5266,-32.4478
80418942,-282.50,-222.50,-52.3172,-39.0558
80422848,-29.50,-201.50,-45.0119,-46.3172
80426754,42.50,-160.50,-47.5433,-50.6801
80430660,-169.50,-178.50,-52.9210,-47.9044
80434566,-369.50,-216.50,-52.5721,-44.1869
80438472,-332.50,-249.50,-49.3097,-47.8163
80442378,-74.50,-182.50,-53.5220,-51.7540
80446284,43.50,-154.50,-60.2233,-43.7798
80450190,-162.50,-165.50,-64.0688,-32.5337
80454096,-372.50,-185.50,-65.3858,-25.9410
80458002,-350.50,-191.50,-59.7682,-17.9515
80461908,-81.50,-160.50,-50.1561,-8.3340
80465814,75.50,-134.50,-39.2139,-2.4729
80469720,-86.50,-175.50,-29.2708,-8.3480
80473626,-324.50,-177.50,-23.5758,-20.1505
80477532,-346.50,-205.50,-20.6213,-21.8104
80481438,-84.50,-170.50,-17.7963,-15.7064
80485344,118.50,-114.50,-7.2524,-5.4543
80489250,11.50,-117.50,12.9653,8.2064
80493156,-254.50,-146.50,30.6383,17.0691
80497062,-308.50,-172.50,36.1153,19.3240
80500968,-114.50,-143.50,28.1673,19.8022
80504874,80.50,-112.50,10.3790,21.5797
80508780,16.50,-93.50,-1.8145,24.9520
80512686,-227.50,-138.50,4.5647,27.9897
80516592,-319.50,-173.50,19.9610,25.2762
80520498,-108.50,-175.50,30.7577,15.4083
80524404,101.50,-158.50,33.6542,0.7551
80528310,31.50,-126.50,25.9110,-10.4945
80532216,-234.50,-157.50,10.1873,-9.9253
80536122,-341.50,-184.50,-0.0207,-3.8608
80540028,-158.50,-174.50,3.4692,0.5351
80543934,89.50,-138.50,14.1400,3.1262
80547840,95.50,-124.50,25.6702,3.7624
80551746,-177.50,-137.50,32.7924,4.7693
80555652,-337.50,-160.50,28.7111,10.2023
80559558,-194.50,-156.50,19.3738,18.2553
80563464,41.50,-115.50,10.7136,24.6311
80567370,82.50,-116.50,3.9678,25.2047
80571276,-143.50,-132.50,5.6430,18.7301
80575182,-313.50,-157.50,16.2829,14.2685
80579088,-220.50,-154.50,25.4316,17.5283
80582994,41.50,-141.50,25.0060,20.1241
80586900,112.50,-114.50,21.4683,15.9524
80590806,-108.50,-112.50,21.0090,14.0453
80594712,-316.50,-115.50,21.0177,25.1789
80598618,-248.50,-133.50,19.8491,42.5144
80602524,13.50,-93.50,17.6856,52.6501
80606430,102.50,-79.50,14.1055,54.2416
80610336,-98.50,-101.50,7.2333,48.4435
80614242,-316.50,-132.50,1.3170,38.7934
80618148,-287.50,-157.50,0.9166,30.7774
80622054,-33.50,-145.50,1.1822,21.9388
80625960,83.50,-143.50,-3.2130,7.9152
80629866,-105.50,-168.50,-15.6722,-11.8069
80633772,-369.50,-198.50,-35.3518,-29.8162
80637678,-378.50,-220.50,-54.5153,-38.8297
80641584,-133.50,-191.50,-66.0483,-40.1072
80645490,29.50,-176.50,-69.5011,-39.2827
80649396,-88.50,-189.50,-66.5041,-43.3611
80653302,-339.50,-223.50,-57.7537,-51.8799
80657208,-374.50,-225.50,-48.0036,-55.3660
80661114,-108.50,-166.50,-35.8502,-43.3180
80665020,75.50,-143.50,-19.8967,-20.6704
80668926,-30.50,-134.50,-11.8321,-5.0875
80672832,-284.50,-186.50,-13.0792,-3.5546
80676738,-373.50,-207.50,-16.0807,-11.9244
80680644,-132.50,-172.50,-15.3478,-17.1753
80684550,82.50,-127.50,-6.5709,-9.7530
80688456,-16.50,-146.50,-3.3238,-1.1205
80692362,-268.50,-185.50,-13.5851,-5.2217
80696268,-333.50,-186.50,-14.7180,-12.2948
80700174,-140.50,-186.50,4.5255,-11.2347
80704080,128.50,-148.50,30.0808,-8.9231
80707986,87.50,-114.50,49.5519,-4.1719
80711892,-160.50,-132.50,56.9645,8.7431
80715798,-301.50,-173.50,57.0801,19.6312
80719704,-144.50,-161.50,56.4400,20.2586
80723610,126.50,-117.50,58.3722,18.8673
80727516,132.50,-94.50,64.7568,23.3242
80731422,-142.50,-132.50,64.3787,28.0395
80735328,-324.50,-150.50,50.3364,28.2874
80739234,-201.50,-160.50,34.0020,26.8957
80743140,71.50,-142.50,26.8878,21.0724
80747046,137.50,-122.50,32.2682,11.0551
80750952,-92.50,-113.50,44.0016,9.3931
80754858,-292.50,-132.50,51.8097,22.2882
80758764,-209.50,-154.50,52.2737,35.2024
80762670,58.50,-143.50,48.2258,31.8491
80766576,135.50,-128.50,43.2137,16.4368
80770482,-72.50,-143.50,37.9133,2.7289
80774388,-303.50,-148.50,32.8082,1.0676
80778294,-262.50,-172.50,26.6772,8.9013
80782200,16.50,-142.50,21.5248,13.2915
80786106,127.50,-137.50,20.9659,9.4895
80790012,-31.50,-144.50,23.7738,0.7897
80793918,-244.50,-134.50,35.2565,0.6353
80797824,-270.50,-156.50,47.2989,14.1404
80801730,-14.50,-124.50,42.6999,26.3469
80805636,143.50,-79.50,31.5203,34.8280
80809542,-4.50,-77.50,27.0495,45.3784
80813448,-236.50,-98.50,30.7416,54.9582
80817354,-235.50,-97.50,45.2313,63.5089
80821260,-43.50,-150.50,56.3508,60.6047
80825166,85.50,-164.50,38.4314,29.3331
80829072,-16.50,-124.50,2.0665,-6.1596
80832978,-273.50,-132.50,-18.8093,-10.3460
80836884,-335.50,-158.50,-19.9666,5.2967
80840790,-112.50,-142.50,-15.1659,15.9338
80844696,96.50,-124.50,-10.1555,17.8288
80848602,12.50,-110.50,-7.7772,15.8975
80852508,-240.50,-140.50,-8.1196,13.4835
80856414,-351.50,-160.50,-9.9692,10.5515
80860320,-152.50,-148.50,-13.6357,9.2433
80864226,95.50,-116.50,-12.5569,12.2849
80868132,70.50,-100.50,-1.1816,17.9174
80872038,-187.50,-122.50,12.6808,22.1630
80875944,-306.50,-143.50,21.5471,23.0531
80879850,-143.50,-134.50,26.5264,23.6732
80883756,110.50,-92.50,29.5357,28.7637
80887662,129.50,-62.50,35.6306,40.0427
80891568,-136.50,-69.50,42.8546,53.8613
80895474,-289.50,-95.50,43.5565,63.7668
80899380,-147.50,-109.50,43.3832,64.7726
80903286,111.50,-64.50,47.1509,61.6052
80907192,175.50,-31.50,55.2172,65.8378
80911098,-79.50,-30.50,63.6075,78.1552
80915004,-269.50,-56.50,62.7478,89.9509
80918910,-197.50,-79.50,52.0011,92.6620
80922816,77.50,-48.50,38.7887,86.6695
80926722,169.50,-41.50,35.6477,79.0789
80930628,-54.50,-64.50,41.5877,68.8756
80934534,-287.50,-90.50,40.7854,56.8558
80938440,-239.50,-126.50,29.0109,45.7295
80942346,21.50,-104.50,14.7512,33.7729
80946252,144.50,-79.50,8.0231,25.4168
80950158,-62.50,-93.50,6.6885,21.5908
80954064,-292.50,-130.50,3.1332,16.0803
80957970,-293.50,-159.50,-3.5759,6.5675
80961876,-36.50,-149.50,-13.3321,-5.1090
80965782,91.50,-140.50,-24.0946,-17.4153
80969688,-79.50,-154.50,-36.3344,-31.1543
80973594,-338.50,-200.50,-49.5990,-46.6117
80977500,-357.50,-225.50,-59.1821,-61.4760
80981406,-125.50,-210.50,-65.6079,-71.0529
80985312,42.50,-204.50,-72.5199,-77.0982
80989218,-81.50,-207.50,-79.2399,-85.9372
80993124,-346.50,-232.50,-83.0708,-94.3894
80997030,-382.50,-241.50,-81.7465,-95.2406
81000936,-127.50,-210.50,-69.9573,-85.8437
81004842,63.50,-169.50,-52.9331,-69.1802
81008748,-15.50,-141.50,-43.3871,-50.4564
81012654,-252.50,-156.50,-35.7639,-32.8782
81016560,-309.50,-169.50,-17.7800,-19.0903
81020466,-88.50,-143.50,7.8982,-7.4615
81024372,115.50,-114.50,25.2315,3.6853
81028278,42.50,-93.50,21.6497,11.9902
81032184,-230.50,-134.50,3.6759,14.0572
81036090,-325.50,-173.50,-8.6958,6.0776
81039996,-146.50,-157.50,-5.0980,-4.6120
81043902,39.50,-141.50,-5.1404,-9.2313
81047808,59.50,-111.50,-17.6864,-9.2464
81051714,-190.50,-132.50,-20.9371,-5.6959
81055620,-332.50,-143.50,-11.9027,0.7747
81059526,-200.50,-175.50,-5.4061,3.3358
81063432,37.50,-134.50,-9.4044,-2.2525
81067338,78.50,-118.50,-16.6187,-7.0897
81071244,-177.50,-169.50,-18.7662,-13.2440
81075150,-362.50,-207.50,-22.3587,-29.3547
81079056,-264.50,-193.50,-30.7096,-42.2921
81082962,-11.50,-166.50,-40.7267,-40.8306
81086868,63.50,-141.50,-45.8313,-33.3211
81090774,-164.50,-143.50,-43.8710,-26.4408
81094680,-377.50,-172.50,-43.3764,-19.8655
81098586,-306.50,-180.50,-47.7057,-15.4231
81102492,-38.50,-136.50,-51.2765,-10.8648
81106398,80.50,-114.50,-46.6049,-3.3896
81110304,-123.50,-132.50,-36.1824,0.3228
81114210,-346.50,-173.50,-29.9279,-4.5757
81118116,-328.50,-175.50,-31.5142,-11.2659
81122022,-63.50,-127.50,-37.8672,-8.0703
81125928,80.50,-92.50,-39.3403,6.1580
81129834,-85.50,-105.50,-33.3808,18.3743
81133740,-336.50,-138.50,-28.5782,20.2478
81137646,-376.50,-165.50,-35.1957,14.8255
81141552,-105.50,-146.50,-49.2738,6.9377
81145458,69.50,-142.50,-51.8881,-3.1796
81149364,-44.50,-150.50,-39.6246,-17.0339
81153270,-276.50,-154.50,-19.9098,-24.4590
81157176,-278.50,-143.50,6.2642,-12.9220
81161082,-68.50,-113.50,29.5484,11.2356
81164988,75.50,-111.50,27.7688,26.4143
81168894,16.50,-100.50,8.5765,23.8595
81172800,-241.50,-147.50,3.6513,14.1065
81176706,-288.50,-138.50,16.5480,8.7983
81180612,-51.50,-92.50,38.8126,19.3901
81184518,166.50,-40.50,62.7060,45.0764
81188424,132.50,-17.50,80.9523,71.9688
81192330,-104.50,-30.50,98.3080,92.1657
81196236,-252.50,-80.50,107.9902,99.2148
81200142,-44.50,-51.50,103.5631,93.8273
81204048,176.50,-11.50,98.0824,91.2927
81207954,145.50,16.50,93.7132,98.8180
81211860,-122.50,13.50,84.2725,113.0740
81215766,-236.50,-0.50,77.3765,129.9141
81219672,-69.50,16.50,83.9243,144.0097
81223578,195.50,47.50,99.8789,152.1204
81227484,215.50,51.50,114.9853,151.8148
81231390,-44.50,27.50,120.5458,144.0651
81235296,-237.50,-22.50,110.4830,131.7598
81239202,-142.50,-49.50,88.3404,112.6954
81243108,119.50,-18.50,65.7318,90.7205
81247014,192.50,14.50,57.7366,79.5756
81250920,-34.50,-14.50,64.6577,79.7930
81254826,-234.50,-38.50,71.9005,80.5781
81258732,-142.50,-57.50,74.4059,77.7272
81262638,135.50,-47.50,78.1835,68.1782
81266544,226.50,-0.50,85.4282,58.0173
81270450,16.50,-13.50,89.3606,58.1722
81274356,-226.50,-51.50,83.2279,61.9551
81278266,-180.50,-73.50,69.9736,58.8517
81282172,85.50,-34.50,60.0193,52.7738
81286078,199.50,-15.50,56.3644,50.3840
81289984,19.50,-22.50,52.4037,48.9445
81293890,-237.50,-60.50,44.6175,45.5063
81297796,-258.50,-100.50,29.8272,37.1529
81301702,-13.50,-79.50,8.9389,23.2063
81305608,112.50,-64.50,-12.1587,9.7476
81309514,-30.50,-63.50,-30.5678,0.1820
81313420,-288.50,-84.50,-41.2675,-2.3411
81317326,-341.50,-121.50,-47.8688,-0.9601
81321232,-90.50,-110.50,-55.2535,-5.1441
81325138,112.50,-84.50,-54.1029,-13.9764
81329044,-15.50,-83.50,-46.8012,-21.4471
81332950,-274.50,-127.50,-45.5025,-27.9952
81336856,-349.50,-173.50,-49.3282,-38.9947
81340762,-130.50,-137.50,-53.4332,-49.5006
81344668,69.50,-121.50,-57.5533,-51.6500
81348574,-8.50,-101.50,-63.0811,-50.3243
81352480,-270.50,-124.50,-67.8466,-47.1459
81356386,-356.50,-163.50,-66.2272,-44.0425
81360292,-164.50,-145.50,-58.4079,-44.4995
81364198,43.50,-112.50,-55.8523,-44.1877
81368104,37.50,-102.50,-58.8387,-42.8781
81372010,-261.50,-138.50,-61.1736,-45.0895
81375916,-386.50,-164.50,-68.0519,-49.9905
81379822,-226.50,-172.50,-74.5972,-54.5042
81383728,34.50,-143.50,-73.7122,-59.6511
81387634,45.50,-104.50,-66.2853,-60.8851
81391540,-174.50,-127.50,-52.1709,-54.0400
81395446,-269.50,-112.50,-23.0765,-39.2058
81399352,-187.50,-115.50,9.9548,-17.6236
81403258,19.50,-109.50,8.5535,-6.0610
81407164,81.50,-98.50,-20.2350,-14.5340
81411070,-144.50,-109.50,-35.9385,-28.1866
81414976,-336.50,-109.50,-33.9175,-28.8123
81418882,-240.50,-102.50,-28.7785,-13.2901
81422788,14.50,-80.50,-26.5445,3.5749
81426694,81.50,-47.50,-28.8011,11.5199
81430600,-140.50,-78.50,-36.7433,11.3803
81434506,-355.50,-120.50,-47.1838,2.4538
81438412,-272.50,-111.50,-49.5165,-6.8794
81442318,15.50,-64.50,-35.5434,-2.6021
81446224,112.50,-43.50,-15.6570,11.0973
81450130,-64.50,-66.50,-6.4936,17.2297
81454036,-289.50,-79.50,-4.7343,14.8141
81457942,-271.50,-95.50,-2.8700,14.6498
81461848,11.50,-32.50,2.2394,22.7557
81465754,156.50,-16.50,13.9833,37.2832
81469660,-8.50,-15.50,22.7384,46.7830
81473566,-283.50,-50.50,17.0024,47.7801
81477472,-330.50,-79.50,-4.0943,43.0009
81481378,-50.50,-48.50,-23.2909,35.9080
81485284,114.50,-10.50,-23.5674,34.8804
81489190,16.50,-10.50,-12.6791,39.7937
81493096,-240.50,-44.50,0.0491,43.1478
81497002,-306.50,-62.50,7.2126,42.5467
81500908,-76.50,-54.50,5.1884,39.2347
81504814,112.50,-22.50,-0.1639,34.1115
81508720,38.50,-17.50,-4.4232,30.1788
81512626,-192.50,-56.50,1.1859,27.2996
81516532,-296.50,-83.50,14.8641,22.2687
81520438,-104.50,-70.50,19.8718,16.8028
81524344,115.50,-47.50,13.6229,12.2648
81528250,80.50,-49.50,8.2517,5.6659
81532156,-200.50,-85.50,6.1282,-3.8568
81536062,-308.50,-110.50,3.1362,-12.4337
81539968,-127.50,-111.50,4.9769,-17.9457
81543874,144.50,-64.50,16.9184,-19.8637
81547780,135.50,-24.50,34.1339,-12.1709
81551686,-160.50,-39.50,38.2126,4.9959
81555592,-293.50,-74.50,25.4362,18.7896
81559498,-168.50,-84.50,14.8219,19.6818
81563404,81.50,-64.50,8.4161,9.5349
81567310,97.50,-52.50,0.1854,-3.8149
81571216,-144.50,-79.50,-8.5201,-14.6314
81575122,-306.50,-110.50,-11.0493,-21.3376
81579028,-204.50,-121.50,-4.7714,-25.2277
81582934,32.50,-114.50,-3.6871,-32.4815
81586840,80.50,-95.50,-16.4398,-45.0292
81590746,-159.50,-123.50,-36.5445,-57.1020
81594652,-374.50,-158.50,-55.5070,-66.0509
81598558,-301.50,-169.50,-66.8251,-71.6943
81602464,-12.50,-149.50,-65.3534,-75.2837
81606370,114.50,-96.50,-48.3754,-73.9067
81610276,-94.50,-137.50,-28.0822,-68.9787
81614182,-358.50,-186.50,-26.0928,-74.2930
81618088,-342.50,-206.50,-45.4737,-89.2330
81621994,-60.50,-152.50,-64.4681,-96.0231
81625900,92.50,-120.50,-63.3669,-87.2940
81629806,-79.50,-120.50,-50.0040,-73.7862
81633712,-303.50,-138.50,-37.2132,-62.3605
81637618,-321.50,-162.50,-27.4244,-53.2382
81641524,-72.50,-129.50,-25.4029,-48.3934
81645430,114.50,-79.50,-25.8680,-42.2985
81649336,-3.50,-63.50,-17.9889,-29.3661
81653242,-260.50,-74.50,-4.8030,-11.2374
81657148,-293.50,-96.50,5.9853,5.9158
81661054,-62.50,-74.50,12.3464,15.3226
81664960,129.50,-54.50,13.4513,15.3588
81668866,39.50,-47.50,11.6641,9.4840
81672772,-224.50,-82.50,12.1077,3.7489
81676678,-298.50,-109.50,15.0443,0.2561
81680584,-76.50,-90.50,20.2328,-1.0191
81684490,117.50,-67.50,22.3870,-1.4237
81688396,50.50,-53.50,14.1564,-3.5225
81692302,-243.50,-93.50,-2.3370,-7.0316
81696208,-337.50,-79.50,-17.2334,-4.9298
81700114,-132.50,-132.50,-16.7560,-1.5533
81704020,77.50,-89.50,-8.3841,-12.1253
81707926,80.50,-77.50,-5.8951,-25.7884
81711832,-174.50,-97.50,-1.6555,-29.3974
81715738,-325.50,-116.50,4.5843,-25.8997
81719644,-177.50,-117.50,4.6921,-19.6099
81723550,80.50,-92.50,0.8817,-17.2734
81727456,111.50,-79.50,1.7437,-20.8212
81731362,-140.50,-97.50,7.7809,-25.8513
81735268,-319.50,-121.50,10.6042,-27.2340
81739174,-205.50,-140.50,7.8550,-27.1609
81743080,49.50,-106.50,1.6863,-30.2213
81746986,80.50,-85.50,-8.4976,-32.9515
81750892,-148.50,-104.50,-21.7711,-33.8513
81754798,-349.50,-130.50,-30.7456,-34.3277
81758704,-277.50,-136.50,-34.1682,-32.8552
81762610,-2.50,-102.50,-36.2406,-29.2058
81766516,86.50,-89.50,-35.3008,-26.7507
81770422,-112.50,-109.50,-31.9847,-30.3849
81774328,-339.50,-146.50,-28.9411,-38.6837
81778234,-307.50,-146.50,-29.7670,-43.6048
81782140,-44.50,-124.50,-35.8094,-41.8319
81786046,95.50,-106.50,-38.3717,-40.0063
81789952,-80.50,-101.50,-33.3492,-40.5220
81793858,-308.50,-134.50,-24.9278,-38.8053
81797764,-294.50,-148.50,-14.9951,-36.0153
81801670,-48.50,-134.50,-8.0228,-35.7880
81805576,98.50,-124.50,-9.3982,-41.2341
81809482,-44.50,-116.50,-16.1861,-49.5875
81813388,-272.50,-159.50,-16.4038,-54.6067
81817294,-294.50,-192.50,-4.5686,-60.2568
81821200,-61.50,-155.50,7.9776,-65.3204
81825106,107.50,-123.50,9.2595,-61.7201
81829012,13.50,-111.50,3.5872,-52.7842
81832918,-221.50,-134.50,6.8136,-44.0247
81836824,-258.50,-171.50,25.2584,-39.7453
81840730,-58.50,-141.50,45.0898,-39.9129
81844636,129.50,-96.50,47.4116,-35.2084
81848542,55.50,-48.50,34.4232,-18.6991
81852448,-220.50,-85.50,20.2333,2.9485
81856354,-312.50,-122.50,10.6783,12.7129
81860260,-102.50,-105.50,11.1513,9.8392
81864166,129.50,-81.50,21.1781,5.7476
81868072,102.50,-80.50,32.1285,0.1306
81871978,-157.50,-93.50,38.8026,-6.1296
81875884,-293.50,-113.50,39.3149,-5.1407
81879790,-129.50,-121.50,36.0100,-0.0818
81883696,123.50,-33.50,34.4649,9.3983
81887602,190.50,53.50,47.3945,41.0106
81891508,-44.50,-31.50,78.8085,76.6441
81895414,-343.50,-201.50,84.4247,56.2274
81899320,-253.50,-210.50,31.4913,-18.8955
81903226,-19.50,-200.50,-37.4710,-83.7833
81907132,-15.50,-206.50,-84.5729,-117.9198
81911038,-320.50,-307.50,-124.9013,-150.6899
81914944,-561.50,-385.50,-174.3714,-197.9368
81918850,-453.50,-397.50,-214.7633,-240.3264
81922756,-207.50,-447.50,-229.2081,-272.3404
81926662,-143.50,-399.50,-232.7454,-304.4343
81930568,-349.50,-405.50,-237.4106,-319.1520
81934474,-584.50,-458.50,-240.2896,-312.9585
81938380,-472.50,-469.50,-232.6716,-304.4304
81942286,-176.50,-415.50,-204.2982,-294.4409
81946192,-73.50,-366.50,-170.9442,-277.3230
81950098,-230.50,-347.50,-151.3822,-254.5603
81954004,-416.50,-369.50,-129.7635,-228.4748
81957910,-390.50,-356.50,-97.0862,-199.7258
81961816,-108.50,-297.50,-68.1741,-167.5612
81965722,48.50,-254.50,-47.9431,-137.4888
81969628,-88.50,-231.50,-32.4203,-115.4786
81973534,-308.50,-236.50,-14.8921,-93.5206
81977440,-328.50,-229.50,5.0801,-63.9262
81981346,-64.50,-197.50,20.0843,-33.6675
81985252,111.50,-169.50,29.9270,-16.3636
81989158,-34.50,-154.50,30.5315,-13.1766
81993064,-285.50,-185.50,21.9048,-11.8457
81996970,-348.50,-205.50,14.9595,-6.3467
82000876,-111.50,-203.50,13.5821,-2.1515
82004782,99.50,-172.50,17.6154,-5.6308
82008688,39.50,-141.50,28.3642,-9.6454
82012594,-217.50,-175.50,44.2060,-5.2263
82016500,-319.50,-194.50,55.2459,3.5187
82020406,-121.50,-178.50,54.4862,12.5260
82024312,86.50,-145.50,44.9837,18.7270
82028218,48.50,-113.50,34.1463,22.0220
82032124,-233.50,-173.50,26.5723,21.8899
82036030,-346.50,-196.50,21.4517,15.5179
82039936,-176.50,-189.50,20.5348,11.2797
82043842,58.50,-163.50,20.3123,10.9902
82047748,48.50,-140.50,16.4228,8.5701
82051654,-216.50,-155.50,10.5021,8.0578
82055560,-378.50,-184.50,3.1638,13.4847
82059466,-256.50,-198.50,-6.2082,18.6345
82063372,-13.50,-160.50,-19.3131,17.5445
82067278,59.50,-143.50,-24.7368,13.1154
82071184,-197.50,-152.50,-15.6214,10.5156
82075090,-367.50,-181.50,-5.6884,13.7403
82078996,-254.50,-191.50,1.6529,20.1930
82082902,-5.50,-170.50,6.1220,21.4499
82086808,80.50,-133.50,6.4023,17.7575
82090714,-153.50,-169.50,6.5364,12.6917
82094620,-350.50,-175.50,6.5539,10.0586
82098526,-224.50,-114.50,18.0765,28.5477
82102432,87.50,-10.50,52.6848,80.2769
82106338,91.50,-106.50,77.1115,119.2947
82110244,-170.50,-182.50,46.8672,88.9824
82114150,-381.50,-203.50,-9.4596,24.8163
82118056,-338.50,-232.50,-36.7164,-12.4292
82121962,-79.50,-204.50,-35.1812,-23.4368
82125868,27.50,-206.50,-32.5012,-29.8361
82129774,-157.50,-212.50,-41.7440,-39.2849
82133680,-390.50,-239.50,-52.9200,-43.9219
82137586,-397.50,-249.50,-55.6273,-39.8824
82141492,-120.50,-217.50,-51.1662,-33.2525
82145398,51.50,-189.50,-39.4224,-27.9229
82149304,-81.50,-177.50,-25.1157,-22.1656
82153210,-335.50,-204.50,-14.6531,-12.4784
82157116,-382.50,-228.50,-10.8285,-3.9419
82161022,-160.50,-202.50,-16.3946,-1.8338
82164928,48.50,-161.50,-24.0053,-0.6783
82168834,-5.50,-134.50,-15.2301,8.1128
82172740,-259.50,-154.50,12.5407,25.6166
82176646,-371.50,-160.50,31.3501,44.4680
82180552,-136.50,-160.50,28.4276,55.0593
82184458,67.50,-143.50,21.1771,50.7250
82188364,10.50,-141.50,17.6960,37.3126
82192270,-265.50,-177.50,15.5504,26.0745
82196176,-386.50,-212.50,11.0344,18.2645
82200082,-198.50,-199.50,4.2264,12.0273
82203988,35.50,-159.50,-0.6316,10.1727
82207894,34.50,-124.50,0.8996,17.2408
82211800,-232.50,-169.50,8.9273,27.8906
82215706,-369.50,-192.50,15.7052,31.0687
82219612,-250.50,-203.50,13.0193,26.2561
82223518,-15.50,-175.50,-3.9393,16.9335
82227424,22.50,-137.50,-20.6746,11.8263
82231330,-229.50,-173.50,-22.1078,15.4615
82235236,-399.50,-206.50,-16.3937,17.7587
82239142,-264.50,-221.50,-9.3662,13.0578
82243048,-0.50,-184.50,-0.7049,5.2829
82246954,64.50,-166.50,7.6548,0.4990
82250860,-143.50,-182.50,17.9096,-0.0337
82254766,-352.50,-211.50,28.8221,2.1336
82258672,-277.50,-223.50,31.9365,4.4016
82262578,-1.50,-177.50,28.5100,6.1415
82266484,109.50,-152.50,31.2506,10.5502
82270390,-106.50,-154.50,39.6536,17.1962
82274296,-318.50,-176.50,44.7792,25.9848
82278202,-273.50,-182.50,47.8180,36.0344
82282108,-8.50,-150.50,50.0080,43.3614
82286014,133.50,-128.50,53.3414,45.8691
82289920,-32.50,-111.50,61.4261,48.3326
82293826,-269.50,-121.50,71.4564,60.2833
82297732,-306.50,-190.50,71.0879,68.9208
82301638,-77.50,-189.50,50.4754,52.9244
82305544,115.50,-156.50,29.2878,26.2746
82309450,10.50,-132.50,34.9380,16.3253
82313356,-249.50,-143.50,59.0503,28.4968
82317266,-332.50,-178.50,67.1838,45.6955
82321172,-100.50,-148.50,48.5621,53.2877
82325078,90.50,-118.50,27.1230,55.1938
82328984,-3.50,-126.50,20.0446,53.3233
82332890,-241.50,-152.50,27.7642,47.0889
82336796,-320.50,-158.50,42.0819,45.6359
82340702,-102.50,-143.50,50.9001,52.9458
82344608,85.50,-129.50,48.3188,57.6953
82348514,16.50,-124.50,35.7523,51.9392
82352420,-252.50,-169.50,22.4227,39.9181
82356326,-348.50,-194.50,16.7410,27.6697
82360232,-153.50,-177.50,20.4259,22.1851
82364138,73.50,-144.50,26.6887,24.8924
82368044,63.50,-131.50,30.9734,29.1319
82371950,-207.50,-168.50,34.2360,28.7737
82375856,-348.50,-178.50,32.8527,26.3401
82379762,-176.50,-165.50,30.9338,30.3168
82383668,61.50,-126.50,32.4191,39.7527
82387574,64.50,-104.50,30.6999,48.4165
82391480,-176.50,-129.50,25.8735,53.1976
82395386,-335.50,-165.50,25.5790,52.2657
82399292,-224.50,-180.50,28.3714,45.2886
82403198,33.50,-148.50,26.5107,35.4981
82407104,64.50,-124.50,19.4737,29.7567
82411010,-171.50,-144.50,9.2532,29.3034
82414916,-346.50,-175.50,3.3750,29.8864
82418822,-262.50,-168.50,7.1389,32.0221
82422728,30.50,-124.50,16.6594,39.3662
82426634,119.50,-107.50,31.0096,48.1627
82430540,-92.50,-126.50,42.6746,50.0685
82434446,-319.50,-145.50,43.5029,48.1011
82438352,-271.50,-160.50,36.8672,48.8880
82442258,23.50,-90.50,34.8544,56.5388
82446164,144.50,-83.50,45.1760,69.7004
82450070,-79.50,-175.50,49.8470,61.5262
82453976,-349.50,-218.50,31.0397,22.1523
82457882,-312.50,-210.50,6.1383,-10.8094
82461788,-47.50,-174.50,-0.5599,-14.1603
82465694,95.50,-148.50,5.5015,-3.5100
82469600,-67.50,-158.50,6.8504,3.5576
82473506,-336.50,-212.50,-0.6136,1.5707
82477412,-360.50,-212.50,-11.4905,-4.9223
82481318,-92.50,-153.50,-15.4468,-1.0515
82485224,94.50,-128.50,-7.4521,14.4488
82489130,-13.50,-133.50,5.0193,25.3491
82493036,-257.50,-158.50,18.3351,28.8611
82496942,-322.50,-175.50,30.6344,32.0472
82500848,-92.50,-157.50,35.9963,33.7829
82504754,84.50,-126.50,30.7195,31.5911
82508660,33.50,-109.50,21.6877,30.9888
82512566,-222.50,-137.50,24.7348,37.3140
82516472,-319.50,-143.50,36.3851,48.0486
82520378,-106.50,-140.50,44.7185,55.7776
82524284,97.50,-101.50,45.6168,55.4364
82528190,48.50,-82.50,36.4667,54.3310
82532096,-239.50,-136.50,20.9415,54.8132
82536002,-365.50,-180.50,5.4439,46.5372
82539908,-189.50,-172.50,-2.4957,31.0077
82543814,50.50,-156.50,-3.3109,16.1095
82547720,53.50,-127.50,-2.2905,6.7314
82551626,-212.50,-161.50,-1.4780,6.5017
82555532,-357.50,-189.50,-1.1489,9.7959
82559438,-224.50,-204.50,0.6954,7.6950
82563344,41.50,-154.50,2.4036,1.2183
82567250,89.50,-137.50,6.4414,-0.6920
82571156,-133.50,-125.50,17.2395,8.0467
82575062,-308.50,-149.50,32.1910,26.4983
82578968,-216.50,-146.50,42.8057,43.6507
82582874,46.50,-109.50,42.2490,51.3603
82586780,114.50,-78.50,35.9473,54.4092
82590686,-100.50,-85.50,31.5203,59.3582
82594592,-278.50,-139.50,36.2810,62.8188
82598498,-224.50,-134.50,49.1796,60.0575
82602404,33.50,-111.50,54.4810,55.8563
82606310,138.50,-79.50,49.5424,53.3459
82610216,-5.50,-80.50,51.6549,54.8549
82614122,-273.50,-120.50,62.6666,59.9462
82618028,-260.50,-134.50,60.8839,61.7339
82621934,6.50,-116.50,47.1793,57.3694
82625840,119.50,-101.50,35.5635,47.5853
82629746,-40.50,-125.50,24.1248,33.4674
82633652,-280.50,-175.50,16.9496,17.3522
82637558,-303.50,-191.50,15.8432,3.7168
82641464,-59.50,-184.50,13.0305,-5.9976
82645370,78.50,-99.50,3.4582,-5.6628
82649276,-12.50,-61.50,-6.3399,17.7395
82653182,-286.50,-166.50,-5.8551,40.6599
82657088,-390.50,-245.50,-12.4426,22.1153
82660994,-188.50,-238.50,-41.5482,-25.2155
82664900,18.50,-222.50,-71.4753,-64.2349
82668806,-70.50,-192.50,-82.1410,-80.5674
82672712,-333.50,-223.50,-79.6205,-75.4367
82676618,-432.50,-277.50,-77.7800,-66.9293
82680524,-247.50,-289.50,-83.8146,-74.0015
82684430,-14.50,-268.50,-92.6946,-94.3009
82688336,-62.50,-239.50,-94.2027,-110.7582
82692242,-302.50,-257.50,-86.3433,-110.2962
82696148,-399.50,-269.50,-70.1449,-95.1183
82700054,-191.50,-217.50,-45.5639,-68.9576
82703960,61.50,-180.50,-18.0941,-38.7190
82707866,54.50,-137.50,2.6179,-16.3842
82711772,-213.50,-175.50,9.5219,-4.6369
82715678,-356.50,-220.50,5.8442,-4.2547
82719584,-213.50,-224.50,2.4167,-12.1938
82723490,46.50,-196.50,3.0923,-21.3019
82727396,80.50,-159.50,7.5516,-26.2886
82731302,-143.50,-177.50,16.4126,-23.4523
82735208,-286.50,-198.50,32.6988,-14.3260
82739114,-159.50,-182.50,56.9591,0.0368
82743020,80.50,-143.50,74.0189,16.2626
82746926,121.50,-143.50,70.0790,21.9281
82750832,-118.50,-162.50,50.3198,12.4736
82754738,-319.50,-192.50,30.1946,2.1359
82758644,-250.50,-207.50,19.5486,-0.1130
82762550,-1.50,-184.50,13.6189,-1.2875
82766456,87.50,-137.50,6.2877,-2.6090
82770362,-111.50,-141.50,-1.0723,2.2545
82774268,-302.50,-171.50,-0.0916,11.6839
82778174,-253.50,-175.50,14.0589,21.2957
82782080,-0.50,-143.50,29.0654,29.7870
82785986,146.50,-114.50,37.4808,34.3598
82789892,-31.50,-112.50,42.5202,35.1491
82793798,-284.50,-138.50,40.6647,37.8630
82797704,-285.50,-142.50,31.7038,46.1439
82801610,-12.50,-94.50,27.6247,60.3279
82805516,119.50,-82.50,30.3093,72.2473
82809422,-0.50,-84.50,30.1947,71.1595
82813328,-224.50,-120.50,35.0820,63.0304
82817234,-274.50,-128.50,46.9435,60.0381
82821140,-46.50,-105.50,50.4606,64.4266
82825046,141.50,-88.50,45.6682,66.9184
82828952,25.50,-81.50,39.2621,61.5992
82832858,-239.50,-137.50,30.8091,51.8498
82836764,-312.50,-176.50,22.1238,37.7984
82840670,-111.50,-222.50,15.1818,13.3582
82844576,113.50,-146.50,11.5870,-13.0411
82848482,32.50,-131.50,11.3803,-18.3086
82852388,-210.50,-174.50,11.8932,-9.4422
82856294,-335.50,-189.50,11.4815,-4.2391
82860200,-148.50,-177.50,7.2953,0.4420
82864106,95.50,-150.50,4.1940,3.7195
82868012,53.50,-136.50,5.4319,1.1808
82871918,-196.50,-158.50,4.9008,-2.4384
82875824,-335.50,-178.50,3.0486,-0.4369
82879730,-185.50,-186.50,1.4397,4.5715
82883636,49.50,-145.50,-3.4048,5.9476
82887542,53.50,-156.50,-11.4140,0.2506
82891448,-192.50,-180.50,-18.8157,-12.7918
82895354,-367.50,-205.50,-24.3082,-22.6995
82899260,-239.50,-207.50,-27.6883,-22.4966
82903166,16.50,-169.50,-28.0707,-18.1832
82907072,79.50,-147.50,-23.8540,-14.5921
82910978,-150.50,-158.50,-16.5040,-11.8845
82914884,-365.50,-196.50,-15.3379,-9.4223
82918790,-273.50,-191.50,-22.7446,-6.5716
82922696,-5.50,-157.50,-27.9561,-1.9391
82926602,64.50,-126.50,-28.2470,3.3410
82930508,-137.50,-125.50,-29.9765,9.3620
82934414,-356.50,-150.50,-32.1627,18.5552
82938320,-316.50,-175.50,-34.3539,25.6069
82942226,-58.50,-149.50,-39.1929,24.0287
82946132,62.50,-138.50,-42.7965,15.3419
82950038,-105.50,-145.50,-41.0225,4.2706
82953944,-316.50,-158.50,-31.1139,0.6209
82957850,-293.50,-202.50,-14.3027,3.5136
82961756,-46.50,-152.50,-0.8007,4.4833
82965662,79.50,-130.50,-0.5948,6.8507
82969568,-41.50,-116.50,-7.5256,11.5528
82973474,-252.50,-148.50,-0.6532,17.2626
82977380,-271.50,-200.50,21.4321,17.0644
82981286,-42.50,-143.50,37.7341,11.7176
82985192,162.50,-40.50,44.7316,27.2247
82989098,83.50,-47.50,58.2144,63.1610
82993004,-239.50,-153.50,67.5477,74.3383
82996910,-340.50,-201.50,45.1954,43.2863
83000816,-77.50,-141.50,13.6923,12.1322
83004722,131.50,-89.50,10.3645,13.8432
83008628,57.50,-84.50,23.8816,30.8848
83012534,-207.50,-101.50,31.9551,43.1192
83016440,-304.50,-128.50,32.0414,52.4437
83020346,-105.50,-113.50,30.3282,59.5677
83024252,111.50,-79.50,28.8078,60.5736
83028158,95.50,-73.50,28.6897,54.8537
83032064,-198.50,-109.50,28.0566,46.1444
83035970,-312.50,-133.50,21.7578,41.4659
83039876,-165.50,-144.50,14.8658,40.3747
83043782,65.50,-93.50,6.5212,37.4430
83047688,62.50,-63.50,-4.8566,37.3190
83051594,-206.50,-107.50,-15.9423,39.6805
83055500,-362.50,-140.50,-25.9944,37.7908
83059406,-217.50,-145.50,-28.4605,33.9161
83063312,48.50,-131.50,-21.2827,26.1218
83067218,91.50,-109.50,-10.6281,12.0603
83071124,-140.50,-124.50,-2.4857,1.7994
83075030,-331.50,-143.50,0.7546,4.5536
83078936,-224.50,-130.50,1.8467,19.0909
83082842,31.50,-114.50,2.6608,31.9013
83086748,97.50,-105.50,0.6185,28.2966
83090654,-114.50,-101.50,-4.2525,16.9397
83094560,-284.50,-106.50,-0.4602,20.4247
83098466,-237.50,-133.50,14.3152,35.9108
83102372,41.50,-111.50,25.7149,41.3050
83106278,143.50,-86.50,30.6403,33.6487
83110184,-54.50,-88.50,29.5620,25.8634
83114090,-272.50,-122.50,25.1260,24.9476
83117996,-278.50,-157.50,20.1345,24.6262
83121902,-26.50,-126.50,9.0503,19.0034
83125808,96.50,-100.50,-5.2676,12.8109
83129714,-58.50,-112.50,-16.8212,7.3537
83133620,-302.50,-148.50,-21.8541,1.5126
83137526,-322.50,-174.50,-22.1402,-2.9946
83141432,-70.50,-144.50,-21.9380,-4.9134
83145338,84.50,-128.50,-22.3626,-6.6260
83149244,-45.50,-133.50,-27.0967,-13.3058
83153150,-288.50,-180.50,-31.6982,-23.8892
83157056,-349.50,-220.50,-31.7061,-35.9318
83160962,-127.50,-196.50,-33.0987,-46.2900
83164868,58.50,-182.50,-38.3639,-53.3250
83168774,-32.50,-153.50,-44.9803,-57.1883
83172680,-293.50,-183.50,-49.6819,-53.2209
83176586,-335.50,-138.50,-44.3463,-33.4394
83180492,-92.50,-125.50,-19.9379,0.9705
83184398,59.50,-164.50,1.4793,15.0964
83188304,-1.50,-154.50,-8.3931,-9.0430
83192210,-268.50,-150.50,-32.6800,-32.1613
83196116,-370.50,-182.50,-45.7730,-30.3334
83200022,-210.50,-207.50,-47.8281,-26.4410
83203928,53.50,-155.50,-44.6818,-32.4457
83207834,-1.50,-158.50,-41.1718,-37.3212
83211740,-249.50,-199.50,-46.0751,-43.8570
83215646,-386.50,-235.50,-52.8197,-56.5362
83219552,-250.50,-242.50,-53.7271,-68.5990
83223458,15.50,-204.50,-52.1699,-74.7353
83227364,45.50,-158.50,-44.7645,-69.2607
83231270,-186.50,-172.50,-32.6651,-53.3314
83235176,-331.50,-178.50,-18.5383,-35.2679
83239082,-239.50,-192.50,-6.2138,-21.2506
83242988,-1.50,-170.50,-8.3350,-17.7789
83246894,59.50,-150.50,-20.7357,-23.1638
83250800,-160.50,-169.50,-28.0442,-29.6004
83254706,-337.50,-175.50,-25.0224,-29.9021
83258612,-290.50,-200.50,-19.6922,-23.8499
83262518,-9.50,-156.50,-20.3095,-18.6475
83266424,107.50,-137.50,-14.5765,-14.6387
83270330,-94.50,-158.50,0.0326,-14.4880
83274236,-314.50,-175.50,8.7074,-17.9271
83278142,-299.50,-205.50,5.2052,-20.0294
83282048,-52.50,-188.50,-8.3250,-24.8022
83285954,77.50,-168.50,-20.8176,-32.7290
83289860,-86.50,-172.50,-24.0891,-39.0238
83293766,-307.50,-201.50,-18.6885,-41.3994
83297672,-303.50,-224.50,-8.5249,-41.7007
83301578,-78.50,-178.50,-4.1174,-38.5042
83305484,103.50,-137.50,-5.7061,-26.5670
83309390,-5.50,-126.50,1.7903,-10.4534
83313296,-272.50,-159.50,15.6365,0.7056
83317202,-328.50,-176.50,16.2481,4.4980
83321108,-97.50,-157.50,4.1957,5.1807
83325014,71.50,-139.50,-7.6605,4.0520
83328920,-24.50,-140.50,-16.1859,-1.5863
83332826,-272.50,-193.50,-18.7020,-12.6458
83336732,-348.50,-214.50,-15.8061,-26.1478
83340638,-144.50,-198.50,-14.1553,-33.5699
83344544,51.50,-176.50,-17.5295,-34.4272
83348450,-4.50,-159.50,-23.2992,-34.2450
83352356,-256.50,-196.50,-24.8741,-34.2687
83356267,-364.50,-230.50,-22.5814,-37.4346
83360173,-166.50,-209.50,-18.1942,-40.9464
83364079,61.50,-175.50,-11.0144,-38.5190
83367985,58.50,-146.50,-1.5135,-30.7843
83371891,-207.50,-176.50,6.9632,-22.3195
83375797,-360.50,-207.50,5.2731,-18.8487
83379703,-207.50,-222.50,-4.8606,-23.1520
83383609,50.50,-177.50,-9.8895,-30.2228
83387515,85.50,-143.50,-1.8861,-29.0700
83391421,-150.50,-168.50,13.8210,-20.2267
83395327,-333.50,-172.50,22.7861,-9.8979
83399233,-205.50,-156.50,21.5648,5.3754
83403139,49.50,-108.50,19.3778,24.7369
83407045,93.50,-91.50,18.8728,39.4450
83410951,-128.50,-119.50,16.9015,42.1379
83414857,-329.50,-145.50,13.7693,36.5323
83418763,-266.50,-184.50,7.1977,27.3764
83422669,-0.50,-143.50,-2.4989,15.3428
83426575,90.50,-121.50,-6.3897,8.3837
83430481,-97.50,-150.50,-1.7067,5.0270
83434387,-322.50,-207.50,4.9948,-5.3121
83438293,-278.50,-194.50,6.9113,-16.5268
83442199,-15.50,-178.50,5.5122,-18.0942
83446105,125.50,-144.50,9.5776,-15.4334
83450011,-76.50,-123.50,14.7190,-8.8399
83453917,-324.50,-202.50,8.0655,-2.5742
83457823,-340.50,-236.50,-9.3079,-13.3843
83461729,-92.50,-192.50,-27.5402,-30.4478
83465635,57.50,-160.50,-38.3423,-33.7968
83469541,-73.50,-148.50,-39.5883,-26.4615
83473447,-303.50,-172.50,-31.3003,-15.0660
83477353,-320.50,-186.50,-15.7621,-2.9124
83481259,-69.50,-161.50,1.0331,6.4015
83485165,99.50,-146.50,12.3679,8.2318
83489071,-14.50,-141.50,12.3579,1.6065
83492977,-291.50,-166.50,2.4526,-3.7960
83496883,-340.50,-192.50,-8.0523,-2.6399
83500789,-127.50,-168.50,-10.2989,1.4421
83504695,65.50,-140.50,-9.5821,4.8372
83508601,-1.50,-116.50,-12.3287,7.4320
83512507,-271.50,-161.50,-15.7023,9.5885
83516413,-356.50,-184.50,-17.2645,8.5681
83520319,-143.50,-166.50,-11.0513,7.9097
83524225,76.50,-127.50,0.9828,11.4911
83528131,47.50,-105.50,8.8383,17.1896
83532037,-208.50,-144.50,11.9507,20.8597
83535943,-328.50,-175.50,14.6071,19.0615
83539849,-169.50,-191.50,17.9302,11.7186
83543755,83.50,-159.50,20.8587,0.2789
83547661,78.50,-159.50,23.2852,-12.1534
83551567,-172.50,-193.50,22.8021,-24.7003
83555473,-354.50,-184.50,15.5758,-28.1148
83559379,-234.50,-184.50,2.0210,-14.9030
83563285,48.50,-156.50,-6.5245,-1.0316
83567191,108.50,-117.50,2.7581,4.8201
83571097,-121.50,-132.50,21.3658,10.6991
83575003,-333.50,-174.50,29.3764,15.3261
83578909,-256.50,-194.50,19.5664,11.7541
83582815,16.50,-149.50,4.3100,4.5763
83586721,84.50,-115.50,-2.8204,4.8105
83590627,-143.50,-122.50,-7.7097,12.4925
83594533,-349.50,-161.50,-14.7963,19.4473
83598439,-296.50,-188.50,-18.1136,18.6396
83602345,-9.50,-156.50,-14.6237,11.1232
83606251,112.50,-116.50,-2.8907,7.1581
83610157,-63.50,-108.50,11.4264,12.9354
83614063,-303.50,-134.50,20.1966,25.2435
83617969,-278.50,-136.50,22.3865,38.6846
83621875,-9.50,-111.50,23.9826,49.4257
83625781,139.50,-104.50,29.5934,50.1536
83629687,-36.50,-113.50,31.5065,38.2553
83633593,-276.50,-154.50,26.2777,23.6964
83637499,-303.50,-194.50,21.1186,11.3406
83641405,-30.50,-175.50,22.0314,-0.3857
83645311,154.50,-156.50,32.5479,-10.2886
83649217,77.50,-143.50,52.6065,-16.4596
83653123,-175.50,-146.50,78.1606,-11.8025
83657029,-280.50,-169.50,88.5305,3.5260
83660935,-70.50,-169.50,69.9161,13.4726
83664841,115.50,-155.50,40.5848,7.5801
83668747,27.50,-117.50,18.6397,-1.8276
83672653,-244.50,-143.50,6.6136,0.9692
83676559,-335.50,-164.50,1.2250,10.6822
83680465,-126.50,-165.50,1.3350,15.9775
83684371,99.50,-111.50,5.4515,18.1071
83688277,53.50,-82.50,8.6488,25.7661
83692183,-201.50,-164.50,10.1375,27.8300
83696089,-300.50,-128.50,16.3738,21.2190
83699995,-136.50,-136.50,27.7298,27.3056
83703901,98.50,-98.50,32.3626,39.3762
83707807,115.50,-63.50,31.9795,46.6922
83711713,-166.50,-100.50,32.1826,51.5816
83715619,-314.50,-112.50,27.3684,52.9566
83719525,-175.50,-120.50,22.1710,54.5851
83723431,71.50,-111.50,19.4205,51.4444
83727337,85.50,-104.50,12.8665,37.7806
83731243,-155.50,-124.50,2.3299,21.7357
83735149,-328.50,-156.50,-4.0055,12.2108
83739055,-205.50,-157.50,0.9417,10.2556
83742961,53.50,-144.50,11.4523,9.6989
83746867,98.50,-129.50,14.0498,3.7811
83750773,-115.50,-159.50,6.2500,-7.6597
83754679,-321.50,-187.50,-0.3619,-19.1901
83758585,-256.50,-196.50,-1.7748,-24.6238
83762491,-5.50,-154.50,-5.1055,-21.7748
83766397,105.50,-126.50,-9.9017,-13.2863
83770303,-106.50,-127.50,-13.4922,-4.5641
83774209,-316.50,-160.50,-15.7244,1.0835
83778115,-282.50,-182.50,-12.7589,1.6485
83782021,-20.50,-160.50,-7.0452,-2.6958
83785927,127.50,-129.50,-0.9351,-6.7335
83789833,-65.50,-112.50,1.6274,-4.0627
83793739,-316.50,-138.50,-6.2768,6.2420
83797645,-324.50,-144.50,-18.2624,18.2050
83801551,-61.50,-108.50,-23.2119,29.7995
83805457,110.50,-82.50,-18.1077,39.9071
83809363,-11.50,-89.50,-7.8726,42.3200
83813269,-270.50,-136.50,1.2506,34.6725
83817175,-318.50,-175.50,4.2781,19.6312
83821081,-78.50,-156.50,2.4852,4.5897
83824987,96.50,-109.50,-1.0700,-0.0645
83828893,6.50,-109.50,-6.5253,4.8679
83832799,-233.50,-132.50,-5.3857,9.9166
83836705,-305.50,-160.50,6.1335,12.0612
83840611,-105.50,-146.50,15.8391,12.4051
83844517,107.50,-123.50,15.3197,10.4146
83848423,77.50,-79.50,14.7858,11.4469
83852329,-188.50,-94.50,23.0165,23.2687
83856235,-366.50,-152.50,19.8248,33.3640
83860141,-201.50,-166.50,-8.9618,24.8183
83864047,46.50,-114.50,-38.4593,9.4859
83867953,21.50,-106.50,-48.2834,4.0816
83871859,-226.50,-166.50,-45.8325,-2.1049
83875765,-386.50,-191.50,-42.6980,-17.1140
83879671,-239.50,-206.50,-44.3721,-30.0397
83883577,28.50,-177.50,-46.0852,-38.2443
83887483,64.50,-148.50,-38.9258,-42.4530
83891389,-178.50,-189.50,-26.5112,-44.5714
83895295,-335.50,-205.50,-15.2507,-47.4368
83899201,-225.50,-175.50,-5.6209,-39.9875
83903107,36.50,-124.50,-1.2299,-17.5814
83907013,87.50,-113.50,-2.6616,2.7306
83910919,-168.50,-144.50,-11.7322,5.1443
83914825,-356.50,-160.50,-25.5003,-1.9335
83918731,-253.50,-157.50,-27.1385,-0.9400
83922637,27.50,-111.50,-12.3839,9.8765
83926543,128.50,-81.50,6.6530,22.6349
83930449,-82.50,-106.50,17.7862,28.6353
83934355,-312.50,-128.50,17.2463,27.5478
83938261,-276.50,-145.50,10.2275,26.6176
83942167,-18.50,-110.50,1.9939,27.1497
83946073,80.50,-122.50,-8.4320,21.6606
83949979,-108.50,-128.50,-24.6656,6.2538
83953885,-340.50,-163.50,-38.5538,-7.1044
83957791,-338.50,-181.50,-41.6800,-11.5169
83961697,-55.50,-136.50,-35.0977,-9.0250
83965603,97.50,-112.50,-22.2922,-1.6820
83969509,-18.50,-112.50,-8.7829,3.5878
83973415,-256.50,-140.50,7.1252,5.9940
83977321,-293.50,-158.50,22.1785,8.6026
83981227,-79.50,-126.50,23.4508,12.0927
83985133,87.50,-111.50,8.5463,13.9394
83989039,-15.50,-113.50,-9.6162,9.6164
83992945,-272.50,-143.50,-17.1863,3.3644
83996851,-337.50,-174.50,-14.7064,-0.5385
84000757,-124.50,-153.50,-10.6254,-3.5439
84004663,79.50,-143.50,-10.5042,-8.4728
84008569,-10.50,-116.50,-17.0635,-13.8922
84012475,-264.50,-148.50,-26.4575,-12.7893
84016381,-366.50,-181.50,-30.4694,-9.5814
84020287,-205.50,-172.50,-33.9748,-11.5298
84024193,-0.50,-143.50,-48.7270,-16.1676
84028099,-52.50,-164.50,-71.6902,-25.3124
84032005,-286.50,-190.50,-86.7266,-40.1369
84035911,-403.50,-222.50,-82.2150,-51.5930
84039817,-239.50,-217.50,-65.9923,-55.9148
84043723,16.50,-160.50,-51.7216,-52.9005
84047629,28.50,-132.50,-40.8788,-40.1276
84051535,-191.50,-156.50,-28.6329,-25.1140
84055441,-347.50,-191.50,-13.4036,-17.9947
84059347,-225.50,-194.50,-2.1135,-19.4661
84063253,27.50,-157.50,-0.3296,-23.5119
84067159,80.50,-129.50,-1.0267,-23.4964
84071065,-153.50,-142.50,0.9789,-17.9473
84074971,-338.50,-159.50,2.7883,-8.4926
84078877,-246.50,-175.50,3.9154,-0.1465
84082783,27.50,-133.50,6.9558,2.5071
84086689,112.50,-131.50,14.4169,-0.0572
84090595,-112.50,-133.50,19.5786,-5.3385
84094501,-314.50,-161.50,17.6766,-6.0540
84098407,-268.50,-180.50,14.5781,-3.1539
84102313,-26.50,-152.50,8.5410,-4.1699
84106219,80.50,-112.50,-2.1848,-4.9650
84110125,-76.50,-140.50,-7.1975,-3.8498
84114031,-237.50,-130.50,11.0085,0.2473
84117937,-208.50,-99.50,50.5727,20.6842
84121843,-15.50,-94.50,72.8897,48.7931
84125749,91.50,-132.50,53.3875,48.9938
84129655,-77.50,-143.50,13.6278,17.1003
84133561,-338.50,-190.50,-19.5971,-15.5784
84137467,-386.50,-207.50,-44.1736,-33.5465
84141373,-128.50,-170.50,-60.0680,-37.4744
84145279,16.50,-148.50,-64.2282,-31.4860
84149185,-114.50,-133.50,-68.8712,-23.0739
84153091,-361.50,-156.50,-77.6733,-13.4597
84156997,-399.50,-182.50,-79.4935,-6.4989
84160903,-140.50,-178.50,-66.1009,-8.9557
84164809,42.50,-136.50,-43.8793,-15.3904
84168715,-62.50,-111.50,-34.5770,-12.3531
84172621,-335.50,-162.50,-45.2901,-3.6202
84176527,-424.50,-185.50,-62.5827,-3.8620
84180433,-217.50,-161.50,-71.9741,-8.2824
84184339,25.50,-114.50,-66.0561,-4.4754
84188245,16.50,-82.50,-43.3153,9.5890
84192151,-241.50,-128.50,-14.5479,23.5808
84196057,-358.50,-118.50,2.2788,31.2951
84199963,-175.50,-114.50,7.5168,39.8883
84203869,74.50,-77.50,13.2404,47.4688
84207775,84.50,-58.50,25.0652,51.1370
84211681,-197.50,-92.50,33.5795,52.2937
84215587,-337.50,-104.50,29.2858,51.8635
84219493,-193.50,-77.50,23.6187,57.9539
84223399,67.50,-40.50,25.7499,71.4080
84227305,115.50,-5.50,35.3965,85.1559
84231211,-112.50,-21.50,49.8316,96.8349
84235117,-285.50,-54.50,62.0716,103.4019
84239023,-200.50,-79.50,65.1160,98.8399
84242929,49.50,-36.50,56.0589,86.9056
84246835,96.50,-30.50,40.9864,77.7950
84250741,-126.50,-54.50,26.0536,70.4078
84254647,-321.50,-78.50,16.9111,63.9265
84258553,-244.50,-78.50,17.9485,63.2807
84262459,33.50,-32.50,26.8883,69.0299
84266365,146.50,-16.50,41.0779,76.4540
84270271,-42.50,-36.50,54.7322,77.4249
84274177,-254.50,-66.50,63.8311,72.3070
84278083,-216.50,-100.50,70.6904,63.8736
84281989,48.50,-56.50,76.6265,54.2927
84285895,170.50,-23.50,79.9790,52.4785
84289801,7.50,-26.50,78.0814,58.4490
84293707,-245.50,-54.50,71.9930,64.9824
84297613,-270.50,-73.50,60.8742,68.2059
84301519,-14.50,-72.50,47.8830,63.0055
84305425,150.50,-61.50,43.0974,47.0902
84309331,28.50,-52.50,46.7258,30.8517
84313237,-221.50,-84.50,53.0764,25.6612
84317143,-270.50,-98.50,56.3394,28.2886
84321049,21.50,-65.50,64.1278,33.9128
84324955,192.50,-21.50,82.9434,43.2793
84328861,71.50,-36.50,90.2436,50.2642
84332767,-262.50,-109.50,66.0546,40.8864
84336673,-360.50,-120.50,18.9448,18.7132
84340579,-169.50,-94.50,-24.4502,6.3701
84344485,27.50,-106.50,-51.3794,1.3971
84348391,-5.50,-79.50,-61.4318,-8.6697
84352297,-258.50,-121.50,-52.6691,-15.4071
84356203,-383.50,-142.50,-39.6376,-16.9521
84360109,-207.50,-135.50,-38.0156,-18.2499
84364015,10.50,-121.50,-47.2486,-22.9869
84367921,-6.50,-111.50,-58.5766,-32.2997
84371827,-249.50,-132.50,-61.4240,-38.3522
84375733,-362.50,-159.50,-50.0893,-37.7574
84379639,-210.50,-165.50,-30.5180,-37.3531
84383545,61.50,-134.50,-13.3281,-41.6041
84387451,78.50,-111.50,-0.3420,-44.7716
84391357,-173.50,-127.50,5.7371,-41.5861
84395266,-331.50,-132.50,5.6415,-31.5451
84399172,-220.50,-127.50,6.3397,-17.1851
84403078,50.50,-94.50,8.1883,-6.1322
84406984,85.50,-76.50,8.7244,-1.9178
84410890,-149.50,-90.50,3.1880,-1.0726
84414796,-325.50,-130.50,-2.3865,-2.0758
84418702,-245.50,-120.50,1.0836,-3.5693
84422608,46.50,-106.50,11.0392,-4.2750
84426514,134.50,-65.50,24.6993,-4.0421
84430420,-80.50,-93.50,32.7553,-2.2239
84434326,-302.50,-110.50,29.8751,-0.5639
84438232,-273.50,-146.50,21.1108,-2.6619
84442138,-9.50,-132.50,10.5886,-13.4981
84446044,113.50,-101.50,4.5969,-26.7226
84449950,-62.50,-94.50,4.1372,-28.9609
84453856,-318.50,-132.50,2.5504,-22.2964
84457762,-310.50,-143.50,-3.6600,-17.5547
84461668,-37.50,-110.50,-6.7401,-15.1280
84465574,112.50,-82.50,-1.5656,-11.0479
84469480,-30.50,-84.50,3.7147,-7.4740
84473386,-250.50,-111.50,10.8966,-5.4019
84477292,-293.50,-143.50,22.6108,-6.1362
84481198,-64.50,-121.50,26.0032,-10.8940
84485104,130.50,-109.50,21.3098,-17.8334
84489010,41.50,-104.50,23.2796,-25.4360
84492916,-236.50,-145.50,30.9012,-31.6944
84496822,-303.50,-177.50,31.7131,-38.4140
84500728,-98.50,-172.50,24.7391,-47.6820
84504634,90.50,-129.50,12.6822,-54.0524
84508540,22.50,-111.50,-0.8167,-50.9755
84512446,-250.50,-136.50,-9.3104,-41.4612
84516352,-328.50,-152.50,-10.1436,-32.4993
84520258,-106.50,-140.50,1.9002,-25.7358
84524164,160.50,-100.50,28.0215,-20.3868
84528070,154.50,-76.50,61.0279,-13.8355
84531976,-96.50,-80.50,89.7897,-2.6290
84535882,-257.50,-120.50,100.3843,8.6972
84539788,-125.50,-120.50,86.3771,10.8270
84543694,112.50,-97.50,59.0092,4.3898
84547600,119.50,-79.50,38.1998,-3.0996
84551506,-130.50,-32.50,30.9045,4.0954
84555412,-228.50,-47.50,41.7089,33.9266
84559318,-225.50,-166.50,50.0602,44.5864
84563224,-4.50,-188.50,15.4852,-0.5400
84567130,43.50,-178.50,-36.7288,-64.5718
84571036,-172.50,-188.50,-59.9631,-101.4781
84574942,-367.50,-222.50,-57.5430,-110.1995
84578848,-277.50,-237.50,-50.0063,-108.3991
84582754,-24.50,-205.50,-47.3141,-104.6691
84586660,69.50,-189.50,-46.1850,-100.5144
84590566,-138.50,-229.50,-42.8132,-105.2337
84594472,-345.50,-242.50,-39.0594,-118.3257
84598378,-258.50,-219.50,-30.0820,-117.8680
84602284,29.50,-172.50,-8.4172,-94.3873
84606190,162.50,-143.50,20.4913,-65.0642
84610096,-15.50,-156.50,42.6190,-49.4688
84614002,-252.50,-178.50,50.5430,-48.5123
84617908,-239.50,-192.50,47.8462,-50.3526
84621814,14.50,-156.50,42.5264,-46.6819
84625720,144.50,-139.50,37.2926,-39.2316
84629626,-8.50,-123.50,29.2668,-33.1935
84633532,-234.50,-149.50,24.9730,-27.4006
84637438,-210.50,-173.50,37.5324,-23.3084
84641344,16.50,-144.50,60.6436,-21.4089
84645250,175.50,-115.50,70.9192,-17.0059
84649156,62.50,-107.50,64.5792,-11.5926
84653062,-207.50,-110.50,54.3403,-4.4977
84656968,-285.50,-127.50,40.8694,6.8779
84660874,-34.50,-102.50,29.8525,18.9280
84664780,180.50,-66.50,35.2731,29.5707
84668686,105.50,-53.50,51.2205,38.0934
84672592,-162.50,-74.50,61.2831,43.0543
84676498,-255.50,-96.50,60.2662,45.0485
84680404,-47.50,-94.50,56.2200,44.6357
84684310,144.50,-58.50,51.3771,43.4417
84688216,109.50,-47.50,42.0142,43.8397
84692122,-175.50,-96.50,30.9512,39.7885
84696028,-306.50,-112.50,17.5076,28.9817
84699934,-141.50,-122.50,4.4172,20.0874
84703840,101.50,-110.50,-2.5376,11.9585
84707746,81.50,-83.50,-5.7411,3.5883
84711652,-196.50,-110.50,-14.5397,0.0742
84715558,-350.50,-127.50,-30.0888,0.2313
84719464,-190.50,-122.50,-37.3473,3.9355
84723370,76.50,-100.50,-28.8184,8.9173
84727276,110.50,-65.50,-14.0336,12.8648
84731182,-140.50,-96.50,-6.4181,15.3879
84735088,-307.50,-129.50,-6.7230,11.8511
84738994,-214.50,-120.50,-7.5069,7.2561
84742900,47.50,-89.50,-9.8092,10.2973
84746806,123.50,-69.50,-11.3602,16.6069
84750712,-104.50,-79.50,-10.1878,19.5086
84754618,-305.50,-100.50,-9.9992,20.7483
84758524,-249.50,-125.50,-11.5924,20.6990
84762430,23.50,-96.50,-14.3915,17.1349
84766336,119.50,-79.50,-15.4329,12.9920
84770242,-67.50,-99.50,-14.8336,7.5112
84774148,-303.50,-150.50,-14.5595,-4.0244
84778054,-290.50,-204.50,-18.7673,-25.2424
84781960,-33.50,-164.50,-28.7544,-47.9213
84785866,113.50,-143.50,-34.6831,-56.7775
84789772,-60.50,-139.50,-34.0340,-54.3390
84793678,-320.50,-175.50,-36.3515,-50.6938
84797584,-335.50,-204.50,-45.1193,-51.4427
84801490,-69.50,-165.50,-51.1544,-53.1297
84805396,111.50,-141.50,-45.2613,-49.1996
84809302,-15.50,-108.50,-32.6504,-39.8442
84813208,-278.50,-127.50,-24.2504,-24.5994
84817114,-345.50,-150.50,-26.7300,-9.9104
84821020,-95.50,-124.50,-34.7800,-1.5902
84824926,169.50,-59.50,-24.7619,9.3324
84828832,103.50,10.50,12.3111,36.5022
84832738,-210.50,-60.50,42.5064,66.9175
84836644,-302.50,-120.50,38.1057,67.2217
84840550,-110.50,-89.50,15.5377,46.1735
84844456,143.50,-45.50,1.4067,37.6851
84848362,90.50,-21.50,4.9176,44.8858
84852268,-197.50,-64.50,11.4859,51.4637
84856174,-288.50,-74.50,12.5681,52.5763
84860080,-109.50,-56.50,17.7173,58.2295
84863986,111.50,-34.50,19.6385,66.3189
84867892,87.50,-22.50,9.2223,65.1605
84871798,-177.50,-63.50,-4.4081,54.3684
84875704,-320.50,-92.50,-11.0686,41.7417
84879610,-164.50,-73.50,-8.4781,38.4004
84883516,83.50,-61.50,-4.3592,42.0650
84887422,88.50,-37.50,-8.0962,40.2485
84891328,-176.50,-63.50,-21.1465,33.7785
84895234,-340.50,-99.50,-33.2965,28.0049
84899140,-228.50,-138.50,-34.9284,18.5651
84903046,39.50,-129.50,-31.9135,-0.9409
84906952,91.50,-96.50,-31.1143,-21.5791
84910858,-136.50,-110.50,-32.8734,-30.1149
84914764,-318.50,-143.50,-30.7060,-28.9385
84918670,-272.50,-189.50,-26.3333,-31.3768
84922576,-30.50,-145.50,-36.2688,-41.0518
84926482,67.50,-122.50,-56.0629,-46.9653
84930388,-155.50,-136.50,-70.7815,-48.5921
84934294,-369.50,-184.50,-77.8240,-53.2713
84938200,-329.50,-200.50,-76.7165,-59.9817
84942106,-44.50,-148.50,-69.0584,-59.3154
84946012,70.50,-142.50,-60.1014,-52.3718
84949918,-105.50,-142.50,-57.6624,-52.2653
84953824,-340.50,-175.50,-58.6870,-56.2626
84957730,-338.50,-192.50,-56.3181,-56.0978
84961636,-82.50,-169.50,-53.4950,-52.8702
84965542,67.50,-141.50,-53.6242,-50.5781
84969448,-69.50,-134.50,-56.0703,-50.4786
84973354,-306.50,-149.50,-53.2276,-46.7468
84977260,-321.50,-149.50,-40.0067,-33.5230
84981166,-62.50,-121.50,-20.7373,-14.0944
84985072,123.50,-98.50,-3.7332,-0.4348
84988978,17.50,-47.50,4.2866,8.2831
84992884,-180.50,-22.50,16.2186,31.6939
84996790,-285.50,-137.50,36.7093,52.7983
85000696,-143.50,-177.50,31.1414,30.5672
85004602,62.50,-175.50,-8.1567,-22.1533
85008508,-0.50,-188.50,-41.4853,-69.2800
85012414,-255.50,-239.50,-48.9025,-102.4414
85016320,-402.50,-303.50,-49.4674,-128.5464
85020226,-230.50,-322.50,-62.9688,-152.7384
85024132,-58.50,-328.50,-91.2318,-177.0661
85028038,-37.50,-305.50,-116.6626,-199.0088
85031944,-331.50,-367.50,-123.2140,-216.3133
85035850,-463.50,-359.50,-124.0763,-225.5741
85039756,-326.50,-363.50,-129.0968,-217.8234
85043662,-79.50,-341.50,-135.1093,-203.8871
85047568,-53.50,-323.50,-136.0178,-199.2976
85051474,-303.50,-328.50,-129.6921,-198.8307
85055380,-445.50,-332.50,-120.2155,-190.0778
85059286,-312.50,-328.50,-105.4750,-170.2219
85063192,-38.50,-270.50,-87.4196,-145.6322
85067098,-5.50,-236.50,-74.3065,-121.1276
85071004,-221.50,-242.50,-70.2158,-102.7425
85074910,-393.50,-269.50,-65.3844,-92.7347
85078816,-299.50,-263.50,-52.6676,-84.4914
85082722,-33.50,-222.50,-39.6351,-71.7161
85086628,62.50,-191.50,-29.3439,-56.8752
85090534,-148.50,-204.50,-21.7186,-47.9977
85094440,-367.50,-213.50,-19.9361,-43.1692
85098346,-324.50,-232.50,-23.4532,-35.6664
85102252,-58.50,-197.50,-27.5310,-27.3734
85106158,66.50,-170.50,-26.1333,-20.7679
85110064,-136.50,-188.50,-24.5022,-19.7112
85113970,-353.50,-193.50,-27.4939,-21.2415
85117876,-330.50,-222.50,-25.4785,-17.4879
85121782,-62.50,-174.50,-14.9473,-9.0963
85125688,83.50,-143.50,-2.9671,2.9713
85129594,-44.50,-132.50,6.5339,14.4699
85133500,-261.50,-144.50,20.7142,24.3293
85137406,-296.50,-158.50,38.1112,35.8615
85141312,-47.50,-121.50,47.0368,48.9151
85145218,137.50,-104.50,50.7677,59.3850
85149124,15.50,-92.50,53.3990,61.7909
85153030,-271.50,-127.50,47.1898,58.8497
85156936,-333.50,-165.50,31.2030,52.5390
85160842,-93.50,-145.50,21.0709,45.0375
85164748,103.50,-137.50,23.9202,38.7787
85168654,47.50,-134.50,32.1326,29.2358
85172560,-228.50,-174.50,39.7069,16.5754
85176466,-335.50,-202.50,38.6099,5.4300
85180372,-107.50,-173.50,34.9176,2.8875
85184278,93.50,-141.50,37.0203,11.0734
85188184,37.50,-134.50,32.9038,18.8284
85192090,-229.50,-157.50,19.7431,19.2881
85195996,-349.50,-173.50,9.5818,18.8808
85199902,-180.50,-161.50,8.1105,23.9832
85203808,79.50,-128.50,13.3050,31.8570
85207714,80.50,-101.50,22.7169,38.6769
85211620,-174.50,-126.50,30.4519,43.4026
85215526,-298.50,-112.50,37.4745,51.4163
85219432,-158.50,-128.50,50.4840,65.3262
85223338,26.50,-173.50,50.2779,60.5509
85227244,31.50,-175.50,19.8317,24.3608
85231150,-189.50,-178.50,-14.8328,-11.4698
85235056,-367.50,-197.50,-26.1882,-21.4743
85238962,-246.50,-209.50,-17.7441,-15.5651
85242868,17.50,-156.50,-3.1536,-5.8138
85246774,80.50,-136.50,7.2781,7.1330
85250680,-138.50,-157.50,8.8407,14.9896
85254586,-322.50,-185.50,8.9562,12.5523
85258492,-263.50,-175.50,13.8276,10.6201
85262398,16.50,-149.50,20.0761,16.8066
85266304,128.50,-140.50,29.4066,22.6424
85270210,-80.50,-153.50,36.7691,19.5885
85274116,-305.50,-188.50,34.3328,11.1994
85278022,-288.50,-216.50,26.4284,1.0692
85281928,-47.50,-179.50,15.3504,-6.4765
85285834,77.50,-144.50,2.2885,-3.6396
85289740,-91.50,-176.50,-9.1630,1.1749
85293646,-341.50,-200.50,-17.6516,-3.6733
85297552,-351.50,-184.50,-23.7581,-5.4063
85301458,-92.50,-159.50,-25.2478,6.6948
85305364,65.50,-140.50,-21.3448,19.6849
85309270,-79.50,-153.50,-21.0363,20.9390
85313176,-344.50,-184.50,-29.2680,13.1927
85317082,-400.50,-229.50,-41.6607,0.8368
85320988,-180.50,-229.50,-53.9586,-16.7138
85324894,29.50,-206.50,-59.5816,-33.8601
85328800,-60.50,-192.50,-54.2249,-41.1334
85332706,-302.50,-232.50,-41.8782,-40.3328
85336612,-374.50,-232.50,-27.8102,-37.2840
85340518,-170.50,-193.50,-17.5467,-26.2641
85344424,69.50,-172.50,-10.4616,-9.3093
85348330,37.50,-143.50,2.9607,3.5665
85352236,-220.50,-158.50,21.3359,14.7279
85356142,-342.50,-186.50,31.5423,23.8133
85360048,-152.50,-173.50,32.3633,26.8544
85363954,87.50,-143.50,33.1454,27.4904
85367860,81.50,-143.50,38.1370,26.5591
85371766,-186.50,-165.50,42.6905,22.2895
85375672,-333.50,-190.50,40.7507,18.0520
85379578,-206.50,-197.50,32.3996,14.6988
85383484,48.50,-153.50,21.3749,12.7617
85387390,69.50,-111.50,14.9665,20.3655
85391296,-175.50,-174.50,14.0302,29.0402
85395202,-348.50,-175.50,13.9196,26.1909
85399108,-234.50,-167.50,14.4524,25.5441
85403014,34.50,-110.50,16.4892,37.3613
85406920,122.50,-99.50,25.4825,53.0861
85410826,-82.50,-113.50,44.0950,61.4046
85414732,-276.50,-149.50,63.7663,60.7040
85418638,-207.50,-170.50,74.2565,53.4395
85422544,46.50,-120.50,72.1344,45.9221
85426450,109.50,-92.50,58.9022,48.3381
85430356,-112.50,-101.50,35.8833,57.0335
85434266,-328.50,-123.50,13.8093,64.5707
85438172,-289.50,-144.50,4.8557,67.9204
85442078,-13.50,-137.50,7.9213,61.7830
85445984,113.50,-104.50,17.0594,50.1190
85449890,-83.50,-112.50,19.8584,43.9167
85453796,-335.50,-145.50,8.8479,43.4221
85457702,-352.50,-182.50,-9.1118,39.5537
85461608,-81.50,-179.50,-22.0500,26.1214
85465514,79.50,-116.50,-21.3433,15.0941
85469420,-74.50,-143.50,-16.2221,15.9042
85473326,-330.50,-168.50,-17.7145,16.8624
85477232,-372.50,-202.50,-23.3521,12.4420
85481138,-142.50,-175.50,-30.0458,7.3032
85485044,58.50,-154.50,-33.4854,4.1813
85488950,-38.50,-145.50,-28.9482,2.6315
85492856,-303.50,-180.50,-20.8495,1.9042
85496762,-364.50,-218.50,-15.0406,-1.3643
85500668,-145.50,-218.50,-10.1449,-11.0119
85504574,66.50,-160.50,-6.0607,-18.2074
85508480,18.50,-120.50,-1.3003,-8.5855
85512386,-253.50,-152.50,5.6456,11.9987
85516292,-345.50,-175.50,11.1245,25.5199
85520198,-155.50,-175.50,15.7550,27.8809
85524104,69.50,-143.50,17.8341,23.8925
85528010,51.50,-90.50,16.9931,25.3116
85531916,-182.50,-92.50,22.5992,42.4350
85535822,-308.50,-138.50,37.4477,61.9356
85539728,-198.50,-175.50,43.9381,60.7862
85543634,48.50,-161.50,29.5364,37.5077
85547540,64.50,-128.50,12.9272,14.2595
85551446,-170.50,-140.50,10.6095,7.8793
85555352,-328.50,-164.50,18.5832,14.3554
85559258,-225.50,-180.50,24.8873,21.5679
85563164,29.50,-141.50,20.8284,23.9785
85567070,104.50,-109.50,17.7500,26.1181
85570976,-108.50,-124.50,27.7319,29.4299
85574882,-313.50,-147.50,40.5429,32.1360
85578788,-230.50,-161.50,43.3791,35.3142
85582694,33.50,-128.50,39.3380,38.2227
85586600,109.50,-79.50,35.2848,43.7360
85590506,-104.50,-100.50,29.3880,50.8454
85594412,-276.50,-129.50,29.1679,52.3790
85598318,-252.50,-147.50,39.1342,50.2591
85602224,22.50,-130.50,45.7261,47.4774
85606130,151.50,-106.50,49.9202,42.1675
85610036,-56.50,-108.50,51.2900,35.7093
85613942,-289.50,-142.50,42.1794,31.4228
85617848,-284.50,-143.50,30.9012,32.9568
85621754,-17.50,-114.50,26.6496,42.1086
85625660,98.50,-86.50,24.8352,51.7881
85629566,-40.50,-92.50,17.0506,53.0765
85633472,-276.50,-139.50,12.0830,44.9634
85637378,-305.50,-164.50,15.5652,32.9327
85641284,-60.50,-137.50,19.7312,26.3635
85645190,106.50,-116.50,20.9129,26.1650
85649096,-52.50,-124.50,10.4954,22.2524
85653002,-317.50,-166.50,-13.6552,11.0364
85656908,-366.50,-191.50,-32.9836,-0.5384
85660814,-128.50,-174.50,-33.2921,-5.3835
85664720,79.50,-138.50,-20.6160,-3.6543
85668626,-5.50,-120.50,-9.6631,0.8044
85672532,-266.50,-137.50,-7.0716,7.3161
85676438,-367.50,-161.50,-10.1859,15.3394
85680344,-154.50,-143.50,-12.4545,23.1746
85684250,77.50,-120.50,-7.9695,27.7856
85688156,50.50,-104.50,2.4678,26.4621
85692062,-223.50,-138.50,11.1168,21.2675
85695968,-346.50,-153.50,11.6644,17.8995
85699874,-179.50,-134.50,8.4501,23.0764
85703780,99.50,-89.50,12.0705,36.0465
85707686,113.50,-63.50,28.8705,49.3160
85711592,-134.50,-76.50,49.3115,58.9117
85715498,-335.50,-99.50,53.3411,65.9342
85719404,-222.50,-102.50,33.6819,70.9620
85723310,25.50,-79.50,5.4484,70.8560
85727216,64.50,-63.50,-12.2979,64.7238
85731122,-178.50,-102.50,-17.6058,53.4130
85735028,-354.50,-150.50,-16.4049,36.9644
85738934,-271.50,-171.50,-13.9829,18.8552
85742840,-15.50,-130.50,-17.7149,6.6505
85746746,86.50,-124.50,-20.5854,1.6261
85750652,-158.50,-142.50,-18.0831,-4.2160
85754558,-382.50,-158.50,-23.2181,-8.3721
85758464,-320.50,-176.50,-34.6332,-5.5260
85762370,-72.50,-143.50,-44.1253,-1.7278
85766276,43.50,-112.50,-50.7220,0.7928
85770182,-150.50,-128.50,-53.2418,1.8165
85774088,-381.50,-152.50,-52.8513,1.1333
85777994,-358.50,-160.50,-51.4205,3.4100
85781900,-111.50,-144.50,-52.1364,7.1256
85785806,41.50,-138.50,-54.3480,3.0164
85789712,-104.50,-123.50,-51.3034,-6.3154
85793618,-344.50,-149.50,-41.4432,-7.5035
85797524,-377.50,-168.50,-34.2726,-1.4221
85801430,-111.50,-146.50,-33.5010,3.2317
85805336,67.50,-122.50,-29.4789,4.0816
85809242,-26.50,-112.50,-17.1346,2.9680
85813148,-258.50,-127.50,4.0540,5.9459
85817054,-314.50,-138.50,26.1719,15.4657
85820960,-74.50,-116.50,38.8380,26.8706
85824866,128.50,-90.50,44.9675,34.0544
85828772,52.50,-86.50,49.8256,34.2133
85832678,-207.50,-121.50,54.9695,29.2866
85836584,-289.50,-140.50,59.7694,23.8747
85840490,-68.50,-119.50,66.1432,23.6677
85844396,151.50,-93.50,74.3142,27.7272
85848302,65.50,-68.50,72.3926,31.9570
85852208,-197.50,-101.50,56.0682,35.5129
85856114,-291.50,-154.50,44.8310,31.3387
85860020,-122.50,-154.50,49.0457,16.8525
85863926,112.50,-125.50,54.0151,2.8213
85867832,97.50,-123.50,51.8560,-6.0069
85871738,-143.50,-134.50,49.7598,-11.0280
85875644,-238.50,-100.50,61.4129,-0.1844
85879550,-150.50,-131.50,78.5131,23.8645
85883456,33.50,-142.50,63.4765,27.3880
85887362,29.50,-174.50,14.9766,-2.7528
85891268,-207.50,-178.50,-28.4225,-40.8447
85895174,-399.50,-194.50,-48.9806,-57.4398
85899080,-273.50,-175.50,-53.1423,-48.9672
85902986,-20.50,-126.50,-48.5418,-27.4880
85906892,48.50,-108.50,-41.2432,-5.7130
85910798,-161.50,-101.50,-33.7230,8.7112
85914704,-369.50,-118.50,-28.0615,19.5709
85918610,-268.50,-122.50,-23.0623,28.5538
85922516,-2.50,-74.50,-12.8966,36.9065
85926422,130.50,-6.50,4.9025,55.3665
85930328,-49.50,11.50,28.6343,86.8352
85934234,-270.50,-8.50,48.6313,116.5320
85938140,-207.50,-8.50,61.0375,133.1606
85942046,50.50,30.50,71.6124,142.0839
85945952,204.50,64.50,83.1581,150.9287
85949858,25.50,74.50,92.8859,160.2112
85953764,-198.50,59.50,97.2161,169.5093
85957670,-207.50,16.50,97.9676,172.3004
85961576,67.50,32.50,100.2467,162.3212
85965482,221.50,58.50,107.1048,149.0082
85969388,91.50,66.50,112.6761,142.3794
85973294,-156.50,32.50,114.3277,140.3539
85977200,-186.50,7.50,115.8706,136.4242
85981106,62.50,31.50,120.3385,131.5971
85985012,226.50,64.50,123.9036,131.3249
85988918,112.50,70.50,116.4340,133.5081
85992824,-152.50,19.50,101.1922,129.3195
85996730,-227.50,6.50,88.2756,117.8950
86000636,-21.50,-5.50,79.8973,106.2418
86004542,182.50,33.50,73.3871,96.5820
86008448,144.50,51.50,71.9889,92.9897
86012354,-157.50,10.50,72.6061,92.7770
86016260,-272.50,-15.50,61.1098,87.3763
86020166,-94.50,-0.50,42.5801,81.7032
86024072,128.50,29.50,28.6373,81.3984
86027978,116.50,50.50,22.6407,83.5590
86031884,-148.50,11.50,23.7845,82.5462
86035790,-299.50,-30.50,22.3158,73.0673
86039696,-145.50,-34.50,15.1325,58.5130
86043602,123.50,-7.50,12.0613,46.8438
86047508,129.50,6.50,17.3037,39.7893
86051414,-143.50,-42.50,17.3347,30.3332
86055320,-328.50,-60.50,2.9480,17.0232
86059226,-191.50,-76.50,-12.2344,7.9886
86063132,46.50,-81.50,-19.1348,-2.7042
86067038,74.50,-57.50,-27.8792,-20.0880
86070944,-157.50,-102.50,-41.9061,-37.3887
86074850,-420.50,-140.50,-62.8830,-54.1329
86078756,-317.50,-175.50,-90.5003,-71.4638
86082662,-36.50,-159.50,-103.7526,-89.0916
86086568,59.50,-147.50,-94.6335,-104.5863
86090474,-165.50,-144.50,-82.8636,-112.4058
86094380,-397.50,-166.50,-83.2880,-109.0581
86098286,-353.50,-169.50,-92.2154,-98.2941
86102192,-83.50,-149.50,-99.4090,-88.5034
86106098,35.50,-116.50,-100.3487,-83.2769
86110004,-117.50,-118.50,-93.8451,-79.9740
86113910,-328.50,-146.50,-75.4461,-76.6459
86117816,-303.50,-168.50,-49.2964,-75.0486
86121722,-45.50,-143.50,-29.3017,-75.1640
86125628,87.50,-118.50,-24.3157,-74.7924
86129534,-61.50,-121.50,-32.1470,-74.8911
86133440,-304.50,-158.50,-38.8987,-77.5307
86137346,-342.50,-175.50,-39.3339,-81.1854
86141252,-96.50,-129.50,-39.8939,-77.5819
86145158,80.50,-118.50,-41.1160,-67.1771
86149064,-23.50,-123.50,-40.4513,-64.6633
86152970,-270.50,-152.50,-34.4913,-71.2348
86156876,-335.50,-176.50,-25.2715,-76.9824
86160782,-105.50,-172.50,-18.7159,-80.5691
86164688,112.50,-117.50,-12.8424,-80.0092
86168594,35.50,-106.50,-6.0343,-71.2331
86172500,-235.50,-120.50,-2.8817,-59.0218
86176406,-312.50,-160.50,-1.6941,-51.8169
86180312,-138.50,-133.50,-0.0587,-49.9520
86184218,71.50,-104.50,-6.8595,-46.8841
86188124,34.50,-85.50,-20.4276,-42.1009
86192030,-212.50,-116.50,-26.2435,-39.5163
86195936,-335.50,-132.50,-20.7560,-38.3697
86199842,-175.50,-117.50,-13.1952,-33.5663
86203748,81.50,-93.50,-9.3644,-26.7357
86207654,94.50,-62.50,-3.4610,-22.1620
86211560,-143.50,-85.50,7.5875,-17.9000
86215466,-271.50,-104.50,23.4213,-13.3372
86219372,-111.50,-81.50,46.2400,-4.9706
86223278,123.50,-69.50,64.9459,4.8470
86227184,75.50,-128.50,53.3008,-6.7971
86231090,-184.50,-169.50,7.4725,-47.8254
86234996,-349.50,-175.50,-34.0537,-84.1991
86238902,-271.50,-177.50,-48.2982,-91.1437
86242808,-37.50,-143.50,-56.2811,-81.8462
86246714,29.50,-142.50,-69.7435,-75.3118
86250620,-192.50,-157.50,-80.4351,-77.6803
86254526,-401.50,-180.50,-85.6412,-81.7595
86258432,-346.50,-189.50,-88.9142,-81.9452
86262338,-72.50,-170.50,-90.6854,-82.2776
86266244,50.50,-140.50,-83.9330,-82.9584
86270150,-136.50,-143.50,-69.8334,-79.1332
86274056,-325.50,-172.50,-52.4931,-72.1777
86277962,-303.50,-185.50,-33.2735,-68.2099
86281868,-47.50,-162.50,-22.0454,-68.3758
86285774,102.50,-134.50,-18.1067,-68.5215
86289680,-42.50,-136.50,-11.0677,-65.7362
86293586,-276.50,-166.50,0.4217,-61.7327
86297492,-278.50,-182.50,11.6357,-59.9133
86301398,6.50,-137.50,25.6175,-56.3152
86305304,149.50,-126.50,41.7013,-48.8961
86309210,20.50,-108.50,45.7986,-42.6735
86313116,-249.50,-150.50,37.0207,-38.5725
86317022,-313.50,-174.50,22.1736,-39.8141
86320928,-97.50,-142.50,4.6327,-43.2363
86324834,99.50,-111.50,-8.1409,-40.1888
86328740,14.50,-105.50,-10.8990,-33.3954
86332646,-245.50,-130.50,-6.7011,-27.8981
86336552,-330.50,-168.50,-3.4685,-27.5615
86340458,-143.50,-142.50,-6.9085,-31.5990
86344364,64.50,-95.50,-17.3372,-29.5013
86348270,32.50,-65.50,-24.3009,-15.7835
86352176,-216.50,-84.50,-18.2178,2.8567
86356082,-335.50,-117.50,-7.3945,14.7150
86359988,-154.50,-116.50,-1.6671,14.1753
86363894,82.50,-92.50,0.3464,6.0830
86367800,90.50,-84.50,5.4495,-2.6952
86371706,-172.50,-111.50,13.7835,-9.1316
86375612,-316.50,-125.50,17.2176,-10.6263
86379518,-194.50,-112.50,12.4746,-4.7585
86383424,68.50,-79.50,4.1376,4.3816
86387330,112.50,-53.50,4.7733,12.0588
86391236,-133.50,-85.50,14.5818,15.8334
86395142,-301.50,-116.50,21.5052,13.2763
86399048,-188.50,-127.50,25.0742,6.4468
86402954,77.50,-98.50,28.7510,-0.8022
86406860,110.50,-88.50,28.2896,-6.8901
86410766,-116.50,-105.50,17.9951,-12.1210
86414672,-332.50,-125.50,2.7687,-13.8050
86418578,-274.50,-148.50,-12.0081,-13.2221
86422484,-12.50,-141.50,-24.7105,-20.0456
86426390,105.50,-112.50,-26.7937,-32.2681
86430296,-79.50,-144.50,-15.6127,-41.8809
86434202,-317.50,-164.50,-4.2164,-48.2796
86438108,-298.50,-185.50,-6.0254,-51.1066
86442014,-40.50,-154.50,-17.5726,-51.6518
86445920,107.50,-140.50,-22.9633,-52.2728
86449826,-65.50,-153.50,-18.6013,-55.5636
86453732,-320.50,-189.50,-16.5513,-61.4588
86457638,-321.50,-204.50,-21.3147,-66.4742
86461544,-74.50,-177.50,-26.1924,-67.7940
86465450,80.50,-146.50,-28.7738,-64.5353
86469356,-56.50,-138.50,-31.9995,-57.9079
86473267,-306.50,-168.50,-34.3861,-50.2483
86477173,-356.50,-198.50,-35.5255,-47.2894
86481079,-137.50,-192.50,-40.4110,-52.8571
86484985,63.50,-168.50,-46.4713,-62.7281
86488891,-36.50,-143.50,-46.9918,-66.2659
86492797,-290.50,-174.50,-43.1183,-59.4209
86496703,-352.50,-200.50,-36.4725,-52.3113
86500609,-143.50,-206.50,-28.0277,-54.1715
86504515,69.50,-159.50,-22.7238,-60.0791
86508421,51.50,-125.50,-14.6467,-55.6512
86512327,-224.50,-143.50,0.3933,-39.1709
86516233,-319.50,-171.50,11.0649,-24.5164
86520139,-121.50,-152.50,18.3797,-17.1194
86524045,118.50,-91.50,28.2730,-7.3400
86527951,131.50,-66.50,42.1742,10.0532
86531857,-128.50,-95.50,59.1988,24.6626
86535763,-303.50,-116.50,63.5166,29.7267
86539669,-180.50,-122.50,45.4198,29.5080
86543575,65.50,-85.50,18.6555,27.5530
86547481,110.50,-76.50,6.3322,25.0576
86551387,-145.50,-110.50,11.4437,19.1312
86555293,-314.50,-133.50,17.3333,11.1978
86559199,-180.50,-136.50,21.7577,8.2471
86563105,65.50,-118.50,26.9103,7.2831
86567011,101.50,-90.50,23.8203,4.1781
86570917,-115.50,-120.50,13.5274,0.3184
86574823,-302.50,-147.50,9.5690,-4.0512
86578729,-223.50,-175.50,14.4499,-9.7722
86582635,39.50,-132.50,18.9480,-15.5380
86586541,133.50,-97.50,20.9547,-14.2219
86590447,-59.50,-121.50,23.7156,-8.6306
86594353,-292.50,-143.50,25.5997,-6.6195
86598259,-239.50,-143.50,24.5622,-3.1285
86602165,11.50,-100.50,22.6408,6.8454
86606071,135.50,-67.50,20.4746,19.7575
86609977,-34.50,-74.50,18.6155,28.8344
86613883,-271.50,-111.50,19.0039,30.9377
86617789,-312.50,-120.50,12.6262,29.6977
86621695,-53.50,-110.50,-5.1331,27.5688
86625601,107.50,-109.50,-17.2345,18.2292
86629507,-28.50,-106.50,-16.1761,2.4861
86633413,-287.50,-143.50,-11.9299,-7.9746
86637319,-330.50,-164.50,-13.0475,-11.4299
86641225,-53.50,-137.50,-12.2742,-11.1772
86645131,102.50,-117.50,-4.2700,-9.6341
86649037,-17.50,-107.50,-5.3346,-9.7646
86652943,-272.50,-131.50,-16.1092,-8.3384
86656849,-351.50,-154.50,-24.0002,-4.3630
86660755,-109.50,-145.50,-24.4285,-2.6378
86664661,112.50,-130.50,-14.0797,-7.1449
86668567,41.50,-111.50,-0.1894,-14.2712
86672473,-258.50,-143.50,0.9261,-16.6949
86676379,-364.50,-196.50,-14.2585,-20.6301
86680285,-176.50,-200.50,-30.3878,-34.0925
86684191,54.50,-146.50,-37.8757,-45.3660
86688097,19.50,-128.50,-39.7297,-42.2248
86692003,-233.50,-181.50,-38.3790,-37.1579
86695909,-343.50,-197.50,-30.6619,-40.9861
86699815,-172.50,-181.50,-15.2749,-41.8873
86703721,87.50,-143.50,0.3352,-34.2067
86707627,74.50,-122.50,7.8267,-25.2894
86711533,-190.50,-143.50,2.2233,-19.4951
86715439,-338.50,-168.50,-7.5780,-15.9031
86719345,-209.50,-169.50,-8.6193,-12.7599
86723251,69.50,-133.50,-1.8846,-10.2520
86727157,89.50,-113.50,4.6218,-8.4387
86731063,-151.50,-148.50,1.9672,-10.3241
86734969,-353.50,-173.50,-8.0617,-15.9697
86738875,-288.50,-182.50,-22.0242,-19.2431
86742781,-15.50,-126.50,-38.2162,-15.5479
86746687,114.50,-76.50,-37.8036,-0.8298
86750593,-131.50,-97.50,-21.0039,17.8457
86754499,-399.50,-173.50,-22.3641,19.9795
86758405,-378.50,-233.50,-53.7593,-5.6525
86762311,-141.50,-207.50,-95.0457,-43.5696
86766217,-4.50,-138.50,-122.2848,-61.3321
86770123,-224.50,-172.50,-131.1705,-54.6016
86774029,-512.50,-228.50,-144.5678,-51.6014
86777935,-489.50,-239.50,-168.0974,-59.5036
86781841,-226.50,-202.50,-181.6166,-62.6765
86785747,-108.50,-199.50,-185.8577,-63.0896
86789653,-241.50,-197.50,-190.4852,-70.1496
86793559,-523.50,-205.50,-192.1690,-71.5511
86797465,-535.50,-224.50,-192.7224,-58.6690
86801371,-258.50,-175.50,-186.8214,-40.5109
86805277,-57.50,-157.50,-167.1489,-26.7135
86809183,-152.50,-144.50,-140.7088,-22.4171
86813089,-380.50,-160.50,-110.6589,-18.6795
86816995,-413.50,-181.50,-76.9408,-8.4229
86820901,-186.50,-152.50,-49.2240,2.8208
86824807,27.50,-138.50,-35.9967,7.5108
86828713,-24.50,-121.50,-27.6391,3.9208
86832619,-251.50,-140.50,-7.3300,2.8734
86836525,-350.50,-145.50,20.4349,12.7134
86840431,-168.50,-124.50,33.5401,29.1721
86844337,77.50,-95.50,29.9713,41.3102
86848243,75.50,-116.50,33.6358,38.1279
86852149,-237.50,-124.50,44.1278,25.2582
86856055,-338.50,-140.50,44.1806,22.1795
86859961,-143.50,-122.50,47.4690,32.1339
86863867,100.50,-82.50,60.4264,44.2474
86867773,143.50,-54.50,75.9379,54.2988
86871679,-90.50,-77.50,99.1177,62.5075
86875585,-240.50,-79.50,124.3206,71.6117
86879491,-110.50,-66.50,138.3599,85.1985
86883397,148.50,-22.50,138.0040,99.3591
86887303,167.50,-4.50,128.5488,108.4060
86891209,-69.50,-36.50,116.6403,109.2265
86895115,-259.50,-63.50,108.9140,103.7001
86899021,-164.50,-79.50,105.5982,96.5857
86902927,95.50,-41.50,100.5801,89.5850
86906833,176.50,-24.50,95.3999,85.1082
86910739,-76.50,-29.50,88.4070,84.6670
86914645,-284.50,-68.50,75.6946,86.5922
86918551,-212.50,-94.50,67.3653,83.5019
86922457,64.50,-63.50,69.3637,73.2354
86926363,175.50,-40.50,75.9874,64.3119
86930269,-30.50,-65.50,78.5603,58.0021
86934175,-261.50,-88.50,74.7916,52.7013
86938081,-239.50,-120.50,70.1529,48.5502
86941987,27.50,-77.50,66.8951,44.5714
86945893,148.50,-48.50,62.2816,44.8260
86949799,-15.50,-50.50,53.3927,48.7491
86953705,-245.50,-90.50,48.9865,50.7971
86957611,-257.50,-115.50,54.7302,47.8571
86961517,-8.50,-79.50,60.4426,43.5132
86965423,148.50,-54.50,58.3078,42.8483
86969329,-4.50,-47.50,46.2777,44.0567
86973235,-241.50,-69.50,33.7593,47.8707
86977141,-275.50,-80.50,35.3718,55.8493
86981047,-50.50,-66.50,44.9610,62.8924
86984953,144.50,-29.50,48.2147,64.7885
86988859,41.50,-19.50,43.8054,64.9772
86992765,-242.50,-49.50,34.1476,66.7279
86996671,-282.50,-66.50,28.7789,69.3416
87000577,-57.50,-57.50,40.3431,71.2223
87004483,159.50,-44.50,57.9519,66.8469
87008389,118.50,35.50,68.3511,67.2298
87012295,-105.50,78.50,81.7100,98.9579
87016201,-171.50,31.50,110.1407,146.2839
87020107,-86.50,-85.50,127.8419,148.5107
87024013,112.50,-90.50,99.0767,88.7241
87027919,111.50,-101.50,52.9331,17.9044
87031825,-207.50,-191.50,22.5142,-36.0446
87035731,-398.50,-289.50,-10.6850,-90.0942
87039637,-302.50,-358.50,-56.5040,-151.8388
87043543,-97.50,-394.50,-106.3562,-215.4302
87047449,-143.50,-433.50,-157.2684,-277.0581
87051355,-436.50,-512.50,-210.3925,-336.3479
87055261,-696.50,-623.50,-268.1483,-396.8163
87059167,-623.50,-680.50,-328.4244,-457.2487
87063073,-410.50,-704.50,-380.9399,-509.1828
87066979,-370.50,-680.50,-417.6349,-544.0383
87070885,-627.50,-752.50,-440.7004,-565.6645
87074791,-852.50,-818.50,-458.1684,-590.0809
87078697,-783.50,-857.50,-471.7404,-616.7420
87082603,-490.50,-820.50,-472.0155,-630.1732
87086509,-379.50,-785.50,-452.6887,-623.9270
87090415,-624.50,-849.50,-433.6303,-616.7435
87094321,-817.50,-829.50,-428.4993,-616.2561
87098227,-734.50,-815.50,-413.8957,-596.1527
87102133,-440.50,-764.50,-378.1109,-553.9685
87106039,-296.50,-754.50,-337.2316,-517.6473
87109945,-414.50,-711.50,-298.3417,-495.2086
87113851,-626.50,-697.50,-255.3201,-465.1394
87117757,-621.50,-735.50,-216.8683,-427.7556
87121663,-293.50,-648.50,-184.7138,-395.2318
87125569,-81.50,-559.50,-139.4182,-351.1093
87129475,-223.50,-534.50,-90.1242,-295.6016
87133381,-460.50,-559.50,-59.2325,-252.9342
87137287,-485.50,-536.50,-43.0545,-223.9454
87141193,-192.50,-431.50,-24.7681,-182.1440
87145099,35.50,-335.50,7.6058,-115.4187
87149005,-28.50,-277.50,49.8879,-42.7644
87152911,-244.50,-285.50,95.0249,14.9720
87156817,-292.50,-285.50,138.0102,53.0872
87160723,-62.50,-224.50,168.7060,83.3459
87164629,159.50,-175.50,183.3412,113.9936
87168535,89.50,-138.50,186.8136,139.5642
87172441,-191.50,-152.50,182.5774,159.2333
87176347,-288.50,-164.50,174.8973,176.5068
87180253,-89.50,-155.50,172.0497,190.0002
87184159,141.50,-114.50,173.0890,196.4616
87188065,119.50,-64.50,173.2802,202.4874
87191971,-140.50,-91.50,174.3591,214.2628
87195877,-250.50,-92.50,180.6130,228.4301
87199783,-88.50,-76.50,192.2375,245.0545
87203689,112.50,-44.50,191.3692,258.4906
87207595,193.50,-30.50,181.9303,259.8315
87211501,-63.50,-59.50,190.2620,251.2185
87215407,-219.50,-79.50,206.8500,242.9905
87219313,-148.50,-88.50,206.1817,241.0019
87223219,129.50,-68.50,186.6580,237.6831
87227125,157.50,-34.50,167.6189,230.2834
87231031,-97.50,-77.50,152.2805,221.5559
87234937,-285.50,-116.50,136.8559,208.8754
87238843,-198.50,-172.50,129.1731,188.8048
87242749,80.50,-105.50,129.3783,168.5539
87246655,166.50,-63.50,134.0913,166.3807
87250561,-42.50,-53.50,138.2837,181.6769
87254467,-251.50,-88.50,140.5472,198.5665
87258373,-195.50,-107.50,143.9675,206.6573
87262279,71.50,-68.50,146.7905,206.4974
87266185,207.50,-52.50,150.2570,202.6762
87270091,-9.50,-56.50,150.3657,194.8819
87273997,-246.50,-85.50,140.0436,188.6489
87277903,-237.50,-112.50,127.2744,187.0206
87281809,32.50,-85.50,121.2125,185.1829
87285715,160.50,-52.50,118.3687,182.1603
87289621,32.50,-50.50,115.0357,179.1359
87293527,-206.50,-79.50,119.2623,177.7115
87297433,-228.50,-98.50,130.0032,179.2132
87301339,33.50,-50.50,138.7834,186.0926
87305245,170.50,-13.50,138.6049,197.9509
87309151,61.50,-5.50,125.1925,206.1273
87313057,-179.50,-16.50,115.7977,210.6685
87316963,-226.50,-50.50,122.2352,216.1357
87320869,-4.50,-57.50,132.7765,213.9401
87324775,182.50,-25.50,133.8476,200.3325
87328681,112.50,-12.50,126.4754,186.3658
87332587,-153.50,-41.50,121.4017,179.5444
87336493,-271.50,-76.50,115.5263,176.7335
87340399,-94.50,-79.50,99.5573,171.7538
87344305,115.50,-78.50,76.8076,157.6568
87348211,74.50,-66.50,58.2412,135.1189
87352117,-194.50,-109.50,48.7712,114.1202
87356023,-332.50,-143.50,42.2317,99.3675
87359929,-168.50,-139.50,34.0904,91.6525
87363835,80.50,-118.50,27.7345,87.6744
87367741,58.50,-115.50,23.5672,79.0983
87371647,-205.50,-136.50,15.3107,66.4516
87375553,-379.50,-178.50,1.5610,56.4476
87379459,-254.50,-173.50,-13.5625,51.5817
87383365,-0.50,-143.50,-26.1754,51.1006
87387271,16.50,-124.50,-35.1990,50.8534
87391177,-213.50,-141.50,-41.7977,48.2100
87395083,-380.50,-172.50,-40.5431,46.0292
87398989,-264.50,-192.50,-28.3567,43.9430
87402895,29.50,-143.50,-9.4015,42.2069
87406801,115.50,-90.50,13.5383,49.4749
87410707,-83.50,-83.50,35.1937,67.7487
87414613,-286.50,-105.50,51.3018,87.9545
87418519,-222.50,-117.50,60.0274,101.8880
87422425,42.50,-86.50,60.9839,107.2931
87426331,161.50,-68.50,61.1137,105.2870
87430237,-47.50,-84.50,61.7437,96.3989
87434143,-289.50,-111.50,55.7283,86.6779
87438049,-280.50,-138.50,42.1950,81.6651
87441955,-14.50,-99.50,28.3800,80.7710
87445861,139.50,-106.50,24.7904,77.4039
87449767,-42.50,-83.50,27.6423,68.2871
87453673,-306.50,-116.50,22.5463,64.6568
87457579,-340.50,-143.50,6.6848,66.8128
87461485,-83.50,-113.50,-10.1228,67.8381
87465391,94.50,-98.50,-16.0334,66.8318
87469297,-50.50,-103.50,-15.1888,59.5004
87473203,-335.50,-132.50,-21.8614,49.2300
87477109,-380.50,-150.50,-35.4718,44.6444
87481015,-143.50,-130.50,-43.2897,46.9357
87484921,64.50,-111.50,-40.9989,48.9545
87488827,-42.50,-100.50,-36.9838,45.5074
87492733,-302.50,-126.50,-37.0706,41.4638
87496639,-367.50,-140.50,-34.2764,42.5539
87500545,-143.50,-111.50,-22.5856,50.9332
87504451,70.50,-80.50,-10.6887,62.5037
87508357,16.50,-73.50,-7.4191,67.8041
87512266,-239.50,-123.50,-7.2492,61.3100
87516172,-320.50,-136.50,1.9298,49.4189
87520078,-76.50,-91.50,30.5942,50.9102
87523984,158.50,16.50,68.4045,80.8104
87527890,59.50,-47.50,76.5581,113.4208
87531796,-242.50,-128.50,38.3526,100.6727
87535702,-364.50,-150.50,-6.9924,56.0746
87539608,-220.50,-128.50,-24.2008,29.9863
87543514,45.50,-90.50,-22.7516,31.0621
87547420,66.50,-51.50,-16.0863,43.3262
87551326,-175.50,-60.50,-7.3908,59.8255
87555232,-356.50,-92.50,-1.0969,74.9191
87559138,-217.50,-85.50,2.9361,82.4047
87563044,31.50,-47.50,4.8873,84.0041
87566950,113.50,13.50,6.6228,90.0649
87570856,-106.50,-9.50,15.7723,104.8841
87574762,-293.50,-48.50,31.4288,115.6144
87578668,-188.50,-47.50,48.1287,116.2354
87582574,80.50,20.50,61.7505,119.2616
87586480,163.50,33.50,66.6870,128.5882
87590386,-60.50,-4.50,60.7354,128.7152
87594292,-275.50,-34.50,51.0708,117.2826
87598198,-242.50,-47.50,44.7828,107.9192
87602104,27.50,-5.50,39.4008,104.8396
87606010,127.50,15.50,31.6633,104.1461
87609916,-50.50,-6.50,21.0657,99.8395
87613822,-279.50,-29.50,15.8556,94.3177
87617728,-271.50,-34.50,19.7648,95.7721
87621634,-8.50,-14.50,24.5435,99.6739
87625540,150.50,-6.50,27.6326,93.8672
87629446,27.50,7.50,33.8611,82.3792
87633352,-238.50,-26.50,43.4312,79.7369
87637258,-270.50,-52.50,47.0721,82.4999
87641164,-26.50,-44.50,43.2962,77.9811
87645070,162.50,31.50,39.9490,73.5170
87648976,80.50,38.50,44.4018,83.0407
87652882,-170.50,-0.50,59.7074,96.6465
87656788,-211.50,-16.50,79.8101,101.8908
87660694,15.50,15.50,97.5024,104.1392
87664600,208.50,37.50,104.2578,105.2230
87668506,134.50,48.50,97.7232,101.5984
87672412,-133.50,-8.50,88.5137,93.4758
87676318,-242.50,-58.50,81.6008,77.9753
87680224,-77.50,-53.50,70.1926,56.9887
87684130,147.50,-45.50,51.4974,35.5710
87688036,129.50,-36.50,38.5330,15.4349
87691942,-137.50,-68.50,38.7443,2.6218
87695848,-284.50,-79.50,39.6900,2.0752
87699754,-120.50,-70.50,34.1688,10.2750
87703660,135.50,-45.50,28.9510,15.2502
87707566,138.50,-61.50,28.8212,6.2635
87711472,-162.50,-105.50,22.1771,-15.2869
87715378,-334.50,-132.50,0.5245,-35.2827
87719284,-229.50,-141.50,-24.6170,-45.1690
87723190,25.50,-115.50,-45.0249,-51.8416
87727096,61.50,-98.50,-58.1812,-59.1178
87731002,-188.50,-127.50,-65.8375,-64.5375
87734908,-389.50,-144.50,-73.4553,-65.1353
