ts_us,raw_ch0,raw_ch1,filt_ch0,filt_ch1
1884605,-42.50,-100.50,-6.2930,-15.7966
1888511,-34.50,-98.50,-23.3654,-57.8038
1892417,-33.50,-100.50,-35.3376,-92.8521
1896323,-41.50,-108.50,-37.9324,-104.5697
1900229,-47.50,-128.50,-40.2143,-109.6447
1904135,-62.50,-124.50,-45.8556,-115.3438
1908041,-77.50,-110.50,-55.5940,-114.1012
1911947,-88.50,-104.50,-68.1254,-104.1944
1915853,-120.50,-133.50,-84.0830,-99.5606
1919759,-140.50,-136.50,-105.3322,-107.9332
1923665,-148.50,-100.50,-125.2036,-111.2942
1927571,-143.50,-122.50,-134.5828,-101.1650
1931477,-154.50,-143.50,-135.3900,-98.4828
1935383,-130.50,-143.50,-131.5918,-109.1621
1939289,-148.50,-146.50,-124.8446,-118.4846
1943195,-164.50,-160.50,-124.5613,-122.9172
1947101,-175.50,-177.50,-133.5876,-129.2747
1951007,-177.50,-177.50,-143.4448,-137.8313
1954913,-178.50,-196.50,-148.6417,-145.5876
1958819,-175.50,-216.50,-148.4472,-156.1359
1962725,-179.50,-229.50,-144.8207,-170.0694
1966631,-194.50,-233.50,-143.2373,-181.0406
1970537,-205.50,-240.50,-148.2125,-186.2193
1974443,-196.50,-248.50,-154.6408,-188.9971
1978349,-194.50,-207.50,-154.6800,-184.3727
1982255,-177.50,-177.50,-146.5669,-161.7061
1986161,-170.50,-168.50,-132.1819,-129.8004
1990067,-146.50,-158.50,-114.3280,-105.4455
1993973,-116.50,-143.50,-92.3099,-89.7713
1997879,-133.50,-194.50,-72.7136,-86.8957
2001785,-156.50,-220.50,-70.2148,-106.2020
2005691,-143.50,-220.50,-78.9991,-132.7553
2009597,-143.50,-209.50,-81.8000,-143.8255
2013503,-113.50,-185.50,-74.0482,-135.1162
2017409,-120.50,-175.50,-60.8157,-114.9833
2021315,-111.50,-206.50,-50.0249,-101.4036
2025221,-101.50,-242.50,-40.8603,-110.0665
2029127,-104.50,-250.50,-31.9579,-133.7999
2033033,-102.50,-250.50,-28.3006,-152.5006
2036939,-99.50,-257.50,-28.5052,-159.4753
2040845,-79.50,-202.50,-24.2963,-150.4534
2044751,-69.50,-177.50,-11.2390,-119.4366
2048657,-73.50,-162.50,2.4833,-81.7157
2052563,-73.50,-146.50,7.4407,-54.7810
2056469,-63.50,-173.50,7.3200,-44.4731
2060375,-54.50,-195.50,10.7943,-53.6055
2064281,-63.50,-189.50,16.7980,-69.6476
2068187,-56.50,-169.50,20.1605,-73.1475
2072093,-52.50,-143.50,22.3771,-59.2689
2075999,-74.50,-145.50,20.8678,-39.1503
2079905,-65.50,-136.50,13.9547,-24.5198
2083811,-82.50,-135.50,7.7742,-15.6352
2087717,-94.50,-158.50,0.9325,-14.5445
2091623,-100.50,-143.50,-8.7892,-21.1449
2095529,-88.50,-145.50,-14.9751,-24.7235
2099435,-98.50,-173.50,-15.2067,-27.2351
2103341,-90.50,-170.50,-13.2193,-34.5979
2107247,-75.50,-160.50,-7.1073,-38.0455
2111153,-104.50,-175.50,-1.8543,-36.9016
2115059,-111.50,-185.50,-8.7152,-41.0784
2118965,-112.50,-157.50,-20.9829,-43.7517
2122871,-106.50,-148.50,-26.1234,-32.7798
2126777,-93.50,-136.50,-21.3431,-14.8987
2130683,-101.50,-143.50,-12.8521,-3.0924
2134589,-98.50,-144.50,-8.7673,-1.2881
2138495,-111.50,-152.50,-10.4288,-4.9171
2142401,-136.50,-153.50,-19.5773,-8.6623
2146307,-141.50,-159.50,-34.6773,-11.4378
2150213,-133.50,-160.50,-44.6751,-14.3876
2154119,-146.50,-175.50,-46.7376,-19.2746
2158025,-149.50,-188.50,-48.5278,-27.6068
2161931,-158.50,-200.50,-52.3689,-37.9648
2165837,-176.50,-229.50,-58.9544,-51.1771
2169743,-207.50,-224.50,-73.1153,-66.3063
2173649,-207.50,-234.50,-91.8185,-76.1143
2177555,-206.50,-224.50,-102.9557,-77.7562
2181461,-193.50,-164.50,-101.1048,-62.7732
2185367,-166.50,-156.50,-86.9614,-29.6366
2189273,-241.50,-230.50,-79.0908,-13.6554
2193179,-276.50,-254.50,-101.9810,-38.0867
2197085,-248.50,-264.50,-133.5166,-74.8402
2200991,-241.50,-241.50,-140.0940,-91.9762
2204897,-252.50,-240.50,-131.2183,-87.1956
2208803,-265.50,-244.50,-127.4613,-76.4920
2212709,-264.50,-248.50,-129.3272,-70.5299
2216615,-264.50,-272.50,-129.7601,-72.1244
2220521,-256.50,-289.50,-127.3445,-84.1542
2224427,-257.50,-265.50,-123.5043,-96.2000
2228333,-254.50,-245.50,-118.5537,-91.4950
2232239,-244.50,-271.50,-110.2679,-77.7327
2236145,-257.50,-278.50,-101.8752,-73.8992
2240051,-264.50,-271.50,-102.0033,-77.4012
2243957,-248.50,-254.50,-105.7933,-75.9489
2247863,-234.50,-260.50,-100.0751,-69.3790
2251769,-229.50,-243.50,-84.9748,-61.1002
2255675,-220.50,-260.50,-69.4726,-52.3875
2259581,-207.50,-260.50,-57.0215,-49.0193
2263487,-190.50,-240.50,-45.1231,-48.2004
2267393,-191.50,-209.50,-33.3818,-38.0158
2271299,-191.50,-221.50,-25.0814,-20.8194
2275205,-198.50,-222.50,-21.8721,-9.5412
2279111,-204.50,-229.50,-24.0905,-7.0234
2283017,-208.50,-228.50,-30.2497,-9.7300
2286923,-213.50,-226.50,-36.4273,-14.1557
2290829,-203.50,-212.50,-37.5255,-13.6667
2294735,-201.50,-192.50,-31.4766,-1.7909
2298641,-177.50,-198.50,-20.2407,15.9672
2302547,-174.50,-193.50,-6.8513,26.3640
2306453,-177.50,-205.50,2.2344,25.3751
2310359,-182.50,-177.50,4.2301,22.7850
2314269,-175.50,-205.50,4.4805,25.3674
2318175,-176.50,-195.50,6.4654,26.9929
2322081,-175.50,-196.50,7.8084,27.2427
2325987,-162.50,-208.50,9.8651,25.3488
2329893,-158.50,-225.50,16.8441,15.9466
2333799,-175.50,-245.50,22.7860,1.2505
2337705,-177.50,-267.50,20.3291,-14.9839
2341611,-155.50,-239.50,17.4429,-24.7552
2345517,-156.50,-237.50,22.2045,-21.2356
2349423,-154.50,-220.50,29.2664,-10.2654
2353329,-157.50,-198.50,33.8415,5.7008
2357235,-184.50,-179.50,31.2675,28.3337
2361141,-161.50,-175.50,23.1294,49.6230
2365047,-164.50,-196.50,20.6142,56.3856
2368953,-164.50,-198.50,23.3415,47.1788
2372859,-175.50,-206.50,24.5533,35.4337
2376765,-164.50,-216.50,24.9169,28.2976
2380671,-194.50,-232.50,22.1603,21.0888
2384577,-177.50,-276.50,14.0799,4.2465
2388483,-169.50,-285.50,11.5464,-22.6611
2392389,-160.50,-241.50,19.9239,-35.9510
2396295,-153.50,-221.50,32.3946,-19.3446
2400201,-142.50,-205.50,43.8452,10.4384
2404107,-143.50,-175.50,51.1812,37.3213
2408013,-133.50,-171.50,54.7577,59.0764
2411919,-105.50,-148.50,63.0690,75.3576
2415825,-115.50,-146.50,77.0968,88.1608
2419731,-112.50,-162.50,85.1461,93.2789
2423637,-91.50,-164.50,88.4834,87.7695
2427543,-76.50,-166.50,97.0460,79.7487
2431449,-93.50,-177.50,105.7506,73.3298
2435355,-117.50,-164.50,101.8986,69.3638
2439261,-111.50,-165.50,88.8153,70.7956
2443167,-122.50,-143.50,78.0067,77.9135
2447073,-117.50,-148.50,71.1570,87.6472
2450979,-120.50,-161.50,67.9145,90.9480
2454885,-132.50,-165.50,66.2225,84.6192
2458791,-136.50,-164.50,62.2597,76.9411
2462697,-127.50,-161.50,58.5923,73.8234
2466603,-117.50,-160.50,59.6541,74.5260
2470509,-117.50,-162.50,64.3383,75.8421
2474415,-114.50,-158.50,69.3274,76.7371
2478321,-107.50,-162.50,74.7481,77.3144
2482227,-97.50,-175.50,81.2254,74.1795
2486133,-100.50,-169.50,85.6075,67.7810
2490039,-99.50,-168.50,85.4979,64.6752
2493945,-95.50,-173.50,85.0499,64.8594
2497851,-47.50,-111.50,95.3904,74.3680
2501757,-73.50,-87.50,113.0593,102.5826
2505663,-100.50,-113.50,113.2908,128.7981
2509569,-143.50,-146.50,87.8060,126.6008
2513475,-200.50,-182.50,46.1542,99.0366
2517381,-154.50,-146.50,11.4743,72.6763
2521287,-142.50,-148.50,8.6461,67.7595
2525193,-175.50,-180.50,18.9291,68.7709
2529099,-172.50,-202.50,16.8391,56.5212
2533005,-197.50,-206.50,7.5194,38.9069
2536911,-217.50,-202.50,-6.2273,28.3160
2540817,-198.50,-192.50,-20.2043,26.3385
2544723,-179.50,-178.50,-20.8563,31.6446
2548629,-209.50,-176.50,-13.8190,42.5703
2552535,-222.50,-168.50,-15.7659,54.6656
2556441,-194.50,-136.50,-19.7725,68.2363
2560347,-178.50,-136.50,-12.0268,82.4642
2564253,-175.50,-164.50,0.6202,84.9524
2568159,-175.50,-158.50,8.6424,75.1946
2572065,-167.50,-177.50,15.1421,66.1410
2575971,-174.50,-186.50,21.7313,57.3176
2579877,-158.50,-189.50,25.0966,45.3973
2583783,-158.50,-177.50,26.3579,37.6024
2587689,-143.50,-175.50,29.8629,39.9914
2591595,-124.50,-158.50,41.8109,51.0448
2595501,-102.50,-170.50,62.8814,61.9182
2599407,-112.50,-145.50,80.1596,66.7345
2603313,-111.50,-153.50,82.2947,69.2124
2607219,-107.50,-132.50,76.9649,73.8150
2611125,-94.50,-127.50,78.2164,83.9080
2615031,-88.50,-116.50,87.7600,96.4460
2618937,-89.50,-116.50,96.0726,103.9428
2622843,-92.50,-129.50,95.9160,102.0977
2626749,-90.50,-117.50,91.1383,95.9350
2630655,-118.50,-136.50,84.4950,92.5892
2634561,-126.50,-133.50,73.0560,89.0238
2638467,-115.50,-144.50,62.5541,82.4944
2642373,-120.50,-124.50,58.3554,77.3604
2646279,-104.50,-111.50,59.0081,81.5649
2650185,-121.50,-109.50,62.3616,93.4647
2654091,-111.50,-94.50,64.6545,105.1839
2657997,-104.50,-81.50,67.1856,115.5554
2661903,-101.50,-92.50,70.2074,121.0567
2665809,-127.50,-120.50,66.6354,113.6816
2669715,-143.50,-158.50,53.4510,91.2201
2673621,-146.50,-194.50,39.0483,58.3704
2677527,-175.50,-178.50,26.2513,29.2066
2681433,-175.50,-181.50,10.3246,16.9097
2685339,-187.50,-171.50,-4.3563,18.1554
2689245,-184.50,-185.50,-11.7533,23.1067
2693151,-187.50,-171.50,-11.5420,27.4021
2697057,-196.50,-180.50,-10.3205,30.1085
2700963,-188.50,-185.50,-12.7924,27.0172
2704869,-171.50,-172.50,-12.0089,21.6739
2708775,-175.50,-172.50,-4.5441,23.4339
2712681,-154.50,-160.50,6.4210,31.8200
2716587,-158.50,-172.50,18.0261,38.7928
2720493,-152.50,-157.50,24.4445,39.6593
2724399,-166.50,-145.50,22.6496,41.5029
2728305,-152.50,-100.50,18.5456,55.8767
2732211,-129.50,-108.50,24.1672,79.9928
2736117,-104.50,-129.50,43.1662,91.9439
2740023,-100.50,-158.50,64.1274,79.1471
2743929,-111.50,-169.50,73.4060,52.8011
2747835,-92.50,-169.50,73.6195,31.4664
2751741,-95.50,-155.50,76.2839,25.9946
2755647,-82.50,-144.50,81.8393,34.6300
2759553,-82.50,-136.50,86.5147,47.8428
2763459,-66.50,-132.50,90.8342,57.5704
2767365,-48.50,-113.50,99.6964,64.9083
2771271,-57.50,-111.50,110.7626,73.5388
2775177,-70.50,-97.50,112.3461,82.4562
2779083,-81.50,-101.50,101.7998,89.1831
2782989,-106.50,-117.50,83.9301,88.2537
2786895,-113.50,-106.50,64.0344,81.0536
2790801,-111.50,-111.50,50.7490,76.5772
2794707,-132.50,-146.50,43.8233,69.3232
2798613,-144.50,-159.50,33.8248,51.3455
2802519,-156.50,-165.50,19.7838,31.7443
2806425,-185.50,-156.50,3.2738,21.6342
2810331,-194.50,-159.50,-15.4304,20.9463
2814237,-179.50,-191.50,-26.8445,17.6957
2818143,-163.50,-173.50,-22.8806,8.6901
2822049,-164.50,-168.50,-10.9249,6.5599
2825955,-158.50,-164.50,-1.6199,11.9484
2829861,-174.50,-148.50,1.1084,18.9826
2833767,-178.50,-148.50,-3.6155,27.4692
2837673,-185.50,-184.50,-12.1900,28.1959
2841579,-191.50,-193.50,-20.5641,14.1374
2845485,-207.50,-195.50,-29.0054,-3.4333
2849391,-204.50,-188.50,-36.3362,-12.4253
2853297,-196.50,-197.50,-37.5474,-13.7361
2857203,-204.50,-207.50,-34.6370,-14.8076
2861109,-214.50,-180.50,-36.1712,-13.5960
2865015,-191.50,-161.50,-38.0352,-2.0657
2868921,-148.50,-159.50,-24.4255,13.3908
2872827,-157.50,-159.50,0.6390,22.0436
2876733,-181.50,-206.50,11.4409,17.1264
2880639,-191.50,-207.50,0.9664,-1.1741
2884545,-185.50,-192.50,-12.8258,-15.6320
2888451,-182.50,-218.50,-17.1473,-21.2471
2892357,-183.50,-234.50,-15.1036,-31.3087
2896263,-171.50,-223.50,-10.8705,-41.4751
2900169,-159.50,-201.50,-2.3756,-37.2452
2904075,-140.50,-175.50,11.2185,-18.9820
2907981,-134.50,-157.50,25.9208,3.0572
2911887,-143.50,-158.50,33.9190,19.9097
2915793,-142.50,-144.50,33.0098,30.9380
2919699,-128.50,-153.50,32.2804,38.6131
2923605,-124.50,-153.50,37.5478,39.3894
2927511,-109.50,-150.50,45.9005,34.2773
2931417,-89.50,-115.50,57.2943,35.9888
2935323,-96.50,-148.50,69.2403,45.3453
2939229,-102.50,-143.50,73.3834,47.8747
2943135,-114.50,-158.50,67.7921,41.3851
2947041,-105.50,-143.50,59.3686,33.3012
2950947,-100.50,-147.50,56.2536,29.3927
2954853,-105.50,-135.50,57.6683,32.0186
2958759,-85.50,-154.50,61.6564,36.5716
2962665,-77.50,-150.50,70.8841,36.0455
2966571,-77.50,-157.50,80.1907,30.1662
2970477,-95.50,-145.50,80.0048,24.6396
2974383,-97.50,-162.50,70.5196,22.1196
2978289,-111.50,-157.50,59.2724,20.9364
2982195,-112.50,-154.50,49.9237,21.8383
2986101,-111.50,-145.50,43.8886,24.8498
2990007,-136.50,-147.50,37.4171,26.7440
2993913,-145.50,-142.50,25.1286,27.7067
2997819,-136.50,-168.50,14.6836,26.4468
3001725,-160.50,-193.50,9.4208,15.5110
3005631,-166.50,-157.50,0.7939,2.6708
3009537,-165.50,-170.50,-9.1666,0.9851
3013443,-152.50,-194.50,-11.1691,-1.0750
3017349,-143.50,-161.50,-3.6295,-4.7168
3021255,-124.50,-121.50,9.4987,9.9425
3025161,-139.50,-125.50,20.1253,36.2901
3029067,-136.50,-128.50,21.4368,49.3100
3032973,-136.50,-143.50,18.3070,45.1297
3036879,-122.50,-163.50,19.0613,32.8108
3040785,-120.50,-161.50,24.6832,19.9837
3044691,-111.50,-118.50,31.4987,19.0234
3048597,-118.50,-114.50,35.9162,33.2297
3052503,-146.50,-155.50,31.4873,41.2809
3056409,-158.50,-175.50,15.7606,28.6139
3060315,-137.50,-145.50,2.5969,14.3285
3064221,-128.50,-141.50,4.3367,15.3398
3068127,-121.50,-142.50,15.0888,20.8006
3072033,-119.50,-189.50,25.1405,14.3717
3075939,-112.50,-223.50,32.1552,-8.4128
3079845,-114.50,-223.50,36.0019,-34.5751
3083751,-121.50,-218.50,34.5613,-49.5212
3087657,-105.50,-191.50,31.6950,-50.3181
3091563,-96.50,-172.50,35.9420,-36.4147
3095469,-109.50,-162.50,42.8070,-12.5675
3099375,-130.50,-160.50,39.3499,9.0151
3103281,-113.50,-164.50,28.9047,17.3329
3107187,-97.50,-143.50,27.5140,15.1543
3111093,-92.50,-147.50,37.0110,14.4670
3114999,-120.50,-165.50,42.2228,15.5837
3118905,-127.50,-175.50,34.1618,12.4169
3122811,-143.50,-195.50,19.1021,1.8570
3126717,-152.50,-194.50,3.3935,-15.0514
3130623,-154.50,-202.50,-9.2709,-29.8540
3134529,-156.50,-213.50,-15.1785,-37.2727
3138435,-152.50,-191.50,-14.6515,-34.8324
3142341,-170.50,-201.50,-14.1486,-25.9507
3146247,-164.50,-202.50,-18.7107,-24.0808
3150153,-152.50,-191.50,-21.2663,-28.3597
3154059,-159.50,-194.50,-18.0291,-27.3262
3157965,-176.50,-194.50,-17.8098,-21.0946
3161871,-160.50,-162.50,-21.2454,-10.9467
3165777,-176.50,-162.50,-23.2588,1.6537
3169683,-191.50,-146.50,-29.7289,10.8339
3173589,-217.50,-155.50,-44.9442,16.9076
3177495,-188.50,-149.50,-56.7641,22.2021
3181401,-162.50,-155.50,-48.9376,25.2675
3185307,-154.50,-173.50,-27.5236,19.6466
3189213,-143.50,-174.50,-9.5253,5.2142
3193119,-161.50,-234.50,-1.9475,-15.0936
3197025,-168.50,-223.50,-5.5147,-38.0010
3200931,-174.50,-236.50,-14.5790,-51.8472
3204837,-174.50,-230.50,-22.7807,-57.1511
3208743,-175.50,-220.50,-27.7621,-58.4212
3212649,-174.50,-212.50,-28.6304,-52.2464
3216555,-166.50,-228.50,-24.7467,-43.2794
3220461,-175.50,-205.50,-19.7790,-36.6342
3224367,-143.50,-175.50,-14.7336,-25.7585
3228273,-125.50,-181.50,-2.3716,-11.8390
3232179,-126.50,-190.50,13.9279,-6.0964
3236085,-121.50,-194.50,24.8450,-7.4261
3239991,-121.50,-177.50,30.0751,-6.0995
3243897,-143.50,-222.50,27.1936,-8.4935
3247803,-152.50,-172.50,13.8089,-17.4801
3251709,-161.50,-168.50,-1.9545,-13.4578
3255615,-182.50,-184.50,-14.6802,0.1197
3259521,-162.50,-177.50,-21.8794,6.4974
3263427,-146.50,-152.50,-17.1907,10.9475
3267333,-146.50,-153.50,-5.8293,17.8793
3271239,-118.50,-147.50,5.9162,22.9385
3275145,-104.50,-175.50,22.4531,22.9483
3279051,-144.50,-172.50,32.8546,17.5284
3282957,-154.50,-198.50,22.3262,7.1792
3286863,-141.50,-146.50,5.2269,-0.0979
3290769,-143.50,-162.50,-0.9354,5.3047
3294675,-140.50,-157.50,1.2485,14.8878
3298581,-138.50,-172.50,6.0365,19.2937
3302487,-108.50,-170.50,15.2671,17.5024
3306393,-102.50,-149.50,29.6804,14.3589
3310299,-132.50,-137.50,35.7882,18.3190
3314205,-123.50,-130.50,28.1679,29.4997
3318111,-113.50,-136.50,23.4631,41.5151
3322017,-117.50,-121.50,27.0330,49.5880
3325923,-111.50,-121.50,29.9374,52.9691
3329829,-111.50,-131.50,30.5011,49.3788
3333735,-101.50,-143.50,32.6905,40.0975
3337641,-95.50,-159.50,38.9385,30.4588
3341547,-97.50,-144.50,45.3036,24.9333
3345453,-117.50,-152.50,43.1583,23.1461
3349359,-104.50,-115.50,34.3533,25.0716
3353269,-109.50,-151.50,29.7685,30.0037
3357175,-117.50,-182.50,28.7205,24.2870
3361081,-143.50,-188.50,21.5466,6.2548
3364987,-157.50,-189.50,5.1321,-10.5774
3368893,-143.50,-158.50,-9.6913,-16.5012
3372799,-143.50,-153.50,-12.4101,-7.4859
3376705,-145.50,-180.50,-8.4919,3.8982
3380611,-126.50,-190.50,-2.5409,2.9859
3384517,-138.50,-175.50,4.2075,-4.7565
3388423,-144.50,-175.50,4.3394,-9.8341
3392329,-148.50,-164.50,-2.2510,-10.2349
3396235,-148.50,-178.50,-8.2043,-6.1020
3400141,-146.50,-166.50,-9.9753,0.3732
3404047,-132.50,-163.50,-6.4859,6.6450
3407953,-144.50,-145.50,-1.4727,10.6838
3411859,-125.50,-141.50,1.7249,14.4330
3415765,-143.50,-140.50,3.8104,20.9314
3419671,-124.50,-145.50,4.8521,28.2973
3423577,-115.50,-148.50,9.6992,30.7897
3427483,-122.50,-180.50,16.5131,20.0195
3431389,-124.50,-165.50,17.5638,0.6454
3435295,-129.50,-154.50,14.1636,-6.0808
3439201,-114.50,-189.50,12.8049,-1.4470
3443107,-124.50,-204.50,14.8597,-7.1340
3447013,-133.50,-204.50,13.1654,-23.5778
3450919,-153.50,-210.50,3.6492,-38.2976
3454825,-133.50,-207.50,-5.4758,-44.9935
3458731,-111.50,-196.50,-1.2911,-40.3684
3462637,-120.50,-225.50,11.2876,-33.6547
3466543,-132.50,-204.50,15.2549,-35.5041
3470449,-112.50,-175.50,13.0007,-33.8817
3474355,-116.50,-178.50,15.5204,-21.5254
3478261,-124.50,-164.50,17.5566,-6.8726
3482167,-116.50,-176.50,14.9813,4.0017
3486073,-130.50,-192.50,11.6038,2.9509
3489979,-144.50,-191.50,5.1515,-9.8796
3493885,-143.50,-178.50,-3.7541,-19.1574
3497791,-138.50,-175.50,-8.5852,-15.4951
3501697,-117.50,-174.50,-5.0601,-5.2105
3505603,-124.50,-156.50,3.8664,4.6840
3509509,-125.50,-142.50,9.5870,14.3536
3513415,-126.50,-137.50,10.2505,23.2836
3517321,-126.50,-144.50,8.8776,28.8716
3521227,-130.50,-141.50,5.7823,31.3807
3525133,-126.50,-121.50,2.5928,35.8582
3529039,-142.50,-142.50,-0.0629,39.2379
3532945,-127.50,-148.50,-1.7264,32.4423
3536851,-150.50,-176.50,-3.2235,17.7004
3540757,-173.50,-176.50,-13.6166,3.2773
3544663,-162.50,-174.50,-29.3443,-4.3636
3548569,-157.50,-144.50,-34.5374,-1.6414
3552475,-144.50,-128.50,-27.3254,11.5790
3556381,-164.50,-140.50,-19.9470,26.2923
3560287,-196.50,-157.50,-27.2839,30.0281
3564193,-175.50,-157.50,-43.1822,23.2240
3568099,-172.50,-144.50,-47.7680,16.2548
3572005,-166.50,-175.50,-41.1601,9.4066
3575911,-173.50,-159.50,-34.8826,0.7385
3579817,-160.50,-173.50,-31.2796,-1.8471
3583723,-145.50,-169.50,-24.3760,-0.1131
3587629,-143.50,-176.50,-13.9844,-1.8332
3591535,-133.50,-167.50,-5.3875,-6.5148
3595441,-124.50,-202.50,2.2494,-13.7325
3599347,-97.50,-154.50,14.0831,-16.3001
3603253,-88.50,-130.50,30.7994,0.5038
3607159,-108.50,-146.50,40.8342,22.4554
3611065,-111.50,-178.50,36.4839,21.2490
3614971,-128.50,-168.50,24.7441,3.6803
3618877,-78.50,-150.50,21.2477,-2.5333
3622783,-84.50,-153.50,33.6930,6.2652
3626689,-111.50,-158.50,42.0122,12.1374
3630595,-101.50,-143.50,35.6842,11.7132
3634501,-116.50,-133.50,27.4877,15.8625
3638407,-122.50,-128.50,19.6705,26.3141
3642313,-79.50,-129.50,18.2617,35.0431
3646219,-72.50,-117.50,32.2487,38.7945
3650125,-82.50,-106.50,47.9693,42.4662
3654031,-104.50,-96.50,48.8031,49.9893
3657937,-81.50,-97.50,41.0706,58.9188
3661843,-47.50,-132.50,44.4672,58.3627
3665749,-16.50,-117.50,65.3485,46.0299
3669655,-6.50,-111.50,92.3393,37.4806
3673561,-0.50,-98.50,113.0421,40.3467
3677467,19.50,-82.50,126.1410,51.6491
3681373,-15.50,-91.50,128.3764,64.0860
3685279,-42.50,-78.50,110.0961,70.1689
3689185,-45.50,-77.50,82.3205,71.8944
3693091,-52.50,-74.50,64.9718,72.1371
3696997,-79.50,-101.50,54.7292,67.6646
3700903,-117.50,-137.50,35.2201,51.4695
3704809,-143.50,-138.50,3.4270,27.5283
3708715,-143.50,-111.50,-25.3267,14.7177
3712621,-132.50,-88.50,-35.8224,22.8612
3716527,-124.50,-66.50,-29.5066,44.5752
3720433,-137.50,-69.50,-21.5512,66.4769
3724339,-131.50,-68.50,-20.9971,78.0006
3728245,-128.50,-102.50,-21.9884,72.7253
3732151,-124.50,-117.50,-19.4942,50.6675
3736057,-114.50,-114.50,-14.1963,27.4719
3739963,-127.50,-92.50,-10.2771,21.9941
3743869,-117.50,-116.50,-10.5717,29.0020
3747775,-112.50,-122.50,-9.5208,28.6970
3751681,-138.50,-100.50,-9.6503,23.2128
3755587,-150.50,-101.50,-19.5415,24.6905
3759493,-157.50,-116.50,-34.2495,27.0046
3763399,-143.50,-122.50,-42.2227,22.7291
3767305,-117.50,-133.50,-35.8171,14.2642
3771211,-111.50,-142.50,-18.6190,3.4167
3775117,-127.50,-129.50,-6.3835,-5.1643
3779023,-120.50,-128.50,-5.7532,-5.2155
3782929,-120.50,-134.50,-8.2777,-0.9125
3786835,-111.50,-143.50,-8.0828,-0.6277
3790741,-110.50,-141.50,-5.2020,-5.2383
3794647,-117.50,-148.50,-2.7610,-11.3388
3798553,-129.50,-149.50,-5.1093,-16.8698
3802459,-138.50,-140.50,-13.0330,-17.8919
3806365,-143.50,-142.50,-23.3894,-13.4132
3810271,-132.50,-100.50,-29.6958,-2.8343
3814177,-133.50,-105.50,-28.2279,13.2825
3818083,-132.50,-122.50,-23.2293,21.0125
3821989,-150.50,-111.50,-22.5311,17.6362
3825895,-170.50,-116.50,-32.3271,15.3059
3829801,-178.50,-111.50,-49.3989,15.3213
3833707,-164.50,-125.50,-60.3778,12.3807
3837613,-143.50,-159.50,-55.1329,0.1583
3841519,-153.50,-148.50,-41.2362,-16.6824
3845425,-179.50,-141.50,-38.1470,-22.6297
3849331,-182.50,-137.50,-49.7331,-17.8432
3853237,-170.50,-139.50,-59.8416,-13.5018
3857143,-152.50,-121.50,-56.4790,-9.7531
3861049,-143.50,-116.50,-42.8561,-0.9542
3864955,-144.50,-120.50,-29.4557,8.1851
3868861,-142.50,-111.50,-22.3972,11.7121
3872767,-142.50,-130.50,-20.4802,9.1154
3876673,-147.50,-128.50,-22.0134,1.5556
3880579,-163.50,-128.50,-28.1137,-3.7584
3884485,-159.50,-140.50,-36.0452,-5.6982
3888391,-131.50,-157.50,-34.6044,-12.6528
3892297,-114.50,-169.50,-19.0291,-26.7123
3896203,-124.50,-161.50,-2.9004,-38.7953
3900109,-141.50,-164.50,-1.0084,-41.4798
3904015,-136.50,-168.50,-8.9909,-39.6221
3907921,-127.50,-185.50,-12.6203,-42.2023
3911827,-124.50,-170.50,-9.1796,-47.9824
3915733,-100.50,-161.50,-1.2907,-47.1417
3919639,-106.50,-122.50,9.5369,-33.3012
3923545,-96.50,-130.50,18.4545,-12.2786
3927451,-95.50,-145.50,24.2784,-1.8812
3931357,-90.50,-153.50,27.5488,-8.0421
3935263,-85.50,-142.50,28.9773,-17.2340
3939169,-95.50,-143.50,29.0318,-19.5644
3943075,-115.50,-139.50,23.6840,-17.1371
3946981,-134.50,-145.50,10.3366,-14.5581
3950887,-131.50,-137.50,-5.2500,-12.7108
3954793,-112.50,-131.50,-11.5133,-9.5140
3958699,-104.50,-152.50,-4.5848,-9.2394
3962605,-101.50,-127.50,7.5677,-12.2297
3966511,-108.50,-125.50,15.5651,-8.3874
3970417,-110.50,-133.50,15.6169,-1.5016
3974323,-111.50,-143.50,10.4024,-2.4512
3978229,-120.50,-143.50,3.6116,-9.5713
3982135,-117.50,-157.50,-1.5790,-17.7421
3986041,-126.50,-126.50,-3.3577,-20.1847
3989947,-127.50,-111.50,-4.9567,-9.0137
3993853,-120.50,-69.50,-7.0652,14.6478
3997759,-104.50,-60.50,-4.6601,42.5127
4001665,-97.50,-61.50,4.4497,61.7926
4005571,-92.50,-42.50,15.9680,70.2529
4009477,-85.50,-42.50,25.2911,76.2098
4013383,-70.50,-52.50,32.7122,77.7454
4017289,-66.50,-92.50,39.5049,65.8997
4021195,-62.50,-105.50,44.9302,41.4221
4025101,-93.50,-116.50,43.9251,17.7878
4029007,-89.50,-111.50,34.2809,4.6220
4032913,-97.50,-116.50,23.4874,0.4084
4036819,-89.50,-101.50,16.8195,1.9863
4040725,-108.50,-111.50,12.2187,6.6599
4044631,-108.50,-120.50,7.0221,7.2271
4048537,-122.50,-136.50,1.4868,-0.8395
4052443,-146.50,-128.50,-8.8524,-11.7354
4056349,-142.50,-136.50,-24.5423,-18.1154
4060255,-112.50,-170.50,-29.8631,-26.0459
4064161,-110.50,-170.50,-17.9303,-40.4202
4068067,-123.50,-162.50,-5.0641,-49.9873
4071973,-133.50,-136.50,-5.1088,-45.6779
4075879,-143.50,-128.50,-15.6145,-31.0492
4079785,-143.50,-132.50,-27.7834,-17.4507
4083691,-162.50,-166.50,-37.3605,-17.0461
4087597,-170.50,-192.50,-46.1353,-34.5157
4091503,-162.50,-188.50,-51.5026,-58.1328
4095409,-146.50,-184.50,-48.3261,-71.1928
4099315,-143.50,-175.50,-39.4948,-70.1904
4103221,-156.50,-172.50,-34.2317,-60.7306
4107127,-145.50,-153.50,-33.5883,-47.5526
4111033,-101.50,-142.50,-23.7060,-33.2309
4114939,-111.50,-143.50,-4.0397,-23.2345
4118845,-126.50,-136.50,4.2520,-19.3340
4122751,-136.50,-148.50,-4.0739,-18.0386
4126657,-132.50,-162.50,-13.8474,-21.2408
4130563,-111.50,-157.50,-13.0639,-28.5866
4134469,-124.50,-143.50,-6.1350,-31.8195
4138375,-133.50,-128.50,-6.5243,-25.5396
4142281,-123.50,-132.50,-11.4441,-14.0956
4146187,-133.50,-145.50,-12.0179,-7.9283
4150093,-153.50,-146.50,-15.2598,-10.9677
4153999,-136.50,-157.50,-23.2717,-19.5385
4157905,-144.50,-159.50,-27.3244,-29.6936
4161811,-157.50,-164.50,-29.6838,-36.6580
4165717,-173.50,-175.50,-36.4945,-39.8559
4169623,-170.50,-188.50,-44.9471,-44.8490
4173529,-181.50,-224.50,-51.8153,-59.2445
4177435,-177.50,-222.50,-57.5132,-80.9736
4181341,-160.50,-200.50,-56.7499,-91.1879
4185247,-143.50,-186.50,-44.0590,-80.2341
4189153,-156.50,-170.50,-29.1340,-59.1608
4193059,-150.50,-158.50,-24.0296,-39.7891
4196965,-120.50,-169.50,-20.6913,-29.4034
4200871,-79.50,-107.50,-3.0164,-19.4980
4204777,-70.50,-79.50,26.3023,7.4332
4208683,-164.50,-150.50,33.8923,28.1629
4212589,-191.50,-206.50,-1.2526,6.0130
4216495,-152.50,-173.50,-40.3204,-34.8167
4220401,-130.50,-138.50,-44.0696,-45.5709
4224307,-146.50,-143.50,-28.2383,-28.1782
4228213,-197.50,-162.50,-27.0470,-15.4073
4232119,-189.50,-157.50,-43.9227,-15.7370
4236025,-210.50,-164.50,-61.0915,-18.9811
4239931,-214.50,-175.50,-75.7147,-25.0298
4243837,-189.50,-156.50,-83.1395,-32.0244
4247743,-155.50,-143.50,-69.0233,-28.4895
4251649,-141.50,-192.50,-37.5932,-23.1739
4255555,-149.50,-183.50,-12.2886,-30.6844
4259461,-155.50,-186.50,-8.2545,-41.4338
4263367,-162.50,-176.50,-18.5599,-46.0816
4267273,-157.50,-143.50,-27.3739,-39.5365
4271179,-140.50,-154.50,-23.9502,-22.2553
4275085,-145.50,-154.50,-12.7430,-9.0455
4278991,-152.50,-146.50,-8.3525,-5.0637
4282897,-153.50,-146.50,-13.5302,-5.4452
4286803,-172.50,-157.50,-21.8276,-9.4897
4290709,-168.50,-184.50,-28.8895,-18.8655
4294615,-173.50,-185.50,-31.9573,-30.7158
4298521,-180.50,-161.50,-34.8421,-34.4063
4302427,-176.50,-175.50,-39.6257,-30.4683
4306333,-172.50,-161.50,-40.5054,-28.3441
4310239,-170.50,-160.50,-35.5286,-24.5387
4314145,-188.50,-174.50,-32.4772,-19.0545
4318051,-174.50,-143.50,-35.2541,-14.4515
4321957,-164.50,-165.50,-35.2657,-10.7846
4325863,-152.50,-162.50,-27.3391,-14.1867
4329769,-144.50,-158.50,-14.6295,-18.3474
4333675,-168.50,-193.50,-6.9071,-20.6227
4337581,-155.50,-180.50,-9.4606,-27.7132
4341487,-178.50,-175.50,-17.0719,-33.1402
4345393,-184.50,-146.50,-28.0040,-28.6599
4349299,-170.50,-168.50,-34.9459,-18.3942
4353205,-194.50,-155.50,-34.8947,-10.9660
4357111,-212.50,-149.50,-40.9816,-4.7388
4361017,-207.50,-139.50,-53.5757,1.7797
4364923,-178.50,-143.50,-56.0183,4.3333
4368829,-174.50,-173.50,-43.1284,-1.2535
4372735,-106.50,-150.50,-16.8792,-8.8192
4376641,-79.50,-120.50,23.3513,-1.4226
4380547,-128.50,-138.50,51.5226,13.7518
4384453,-168.50,-178.50,39.3549,9.5745
4388359,-185.50,-192.50,2.7494,-14.8451
4392269,-181.50,-161.50,-25.9970,-30.3362
4396175,-161.50,-154.50,-32.7138,-22.4528
4400081,-154.50,-142.50,-22.4392,-7.0724
4403987,-170.50,-158.50,-11.5728,-0.3720
4407893,-190.50,-175.50,-13.1995,-5.5371
4411799,-177.50,-141.50,-22.2420,-9.3390
4415705,-177.50,-130.50,-26.7258,1.2580
4419611,-168.50,-122.50,-25.2328,16.0743
4423517,-148.50,-124.50,-16.9351,23.3365
4427423,-129.50,-125.50,0.7247,25.2814
4431329,-125.50,-136.50,20.3838,25.1781
4435235,-148.50,-136.50,27.1932,21.8466
4439141,-156.50,-109.50,16.6954,20.1645
4443047,-138.50,-109.50,5.6521,25.8107
4446953,-138.50,-120.50,7.5501,31.9469
4450859,-141.50,-110.50,14.2526,34.9878
4454765,-141.50,-112.50,16.1956,38.0233
4458671,-155.50,-94.50,12.1719,40.6079
4462577,-156.50,-81.50,4.5488,45.4375
4466483,-144.50,-130.50,1.2266,45.9756
4470389,-142.50,-138.50,5.7057,32.6627
4474295,-111.50,-153.50,16.3239,14.2923
4478201,-124.50,-145.50,28.8892,0.2674
4482107,-153.50,-140.50,29.4048,-6.4099
4486013,-156.50,-126.50,15.5532,-2.7150
4489919,-141.50,-112.50,5.0574,11.6947
4493825,-122.50,-111.50,8.9398,28.9115
4497731,-111.50,-109.50,22.4606,37.0473
4501637,-132.50,-106.50,32.3466,35.2161
4505543,-141.50,-98.50,29.8269,33.1747
4509449,-121.50,-109.50,24.1567,35.6472
4513355,-118.50,-121.50,25.7957,35.7356
4517261,-111.50,-111.50,30.9539,30.6143
4521167,-116.50,-79.50,34.9820,30.9546
4525073,-109.50,-125.50,38.6043,34.3274
4528979,-84.50,-85.50,46.5662,34.0779
4532885,-68.50,-79.50,60.5315,42.7397
4536791,-89.50,-100.50,69.4118,52.4915
4540697,-113.50,-95.50,62.1894,47.3589
4544603,-143.50,-94.50,41.8826,38.1858
4548509,-127.50,-82.50,22.4150,38.1513
4552415,-106.50,-86.50,18.0323,45.7080
4556321,-86.50,-92.50,29.3748,49.5598
4560227,-100.50,-116.50,43.5739,40.8720
4564133,-128.50,-146.50,45.7008,19.1760
4568039,-138.50,-149.50,33.0192,-4.6909
4571945,-111.50,-117.50,20.5875,-11.8037
4575851,-104.50,-122.50,20.6868,-1.0968
4579757,-64.50,-121.50,34.8328,8.2335
4583663,-50.50,-128.50,61.6487,8.2371
4587569,-25.50,-153.50,91.6128,1.0904
4591475,-9.50,-156.50,114.3014,-10.9564
4595381,-41.50,-130.50,119.6298,-16.9047
4599287,-69.50,-158.50,101.8126,-16.1080
4603193,-92.50,-148.50,73.6951,-18.8386
4607099,-111.50,-177.50,49.1468,-24.9842
4611005,-115.50,-168.50,30.0958,-31.7122
4614911,-120.50,-131.50,15.8026,-29.5262
4618817,-130.50,-142.50,5.9002,-17.2027
4622723,-80.50,-128.50,9.6478,-7.5865
4626629,-102.50,-129.50,28.0858,-0.6530
4630535,-137.50,-137.50,32.4277,4.3951
4634441,-121.50,-118.50,15.4332,6.0875
4638347,-116.50,-141.50,3.4839,4.4350
4642253,-122.50,-169.50,4.5370,-7.8314
4646159,-114.50,-168.50,9.9568,-25.5784
4650065,-83.50,-162.50,20.1967,-33.0777
4653971,-134.50,-144.50,25.9288,-27.8953
4657877,-157.50,-173.50,9.3663,-23.6285
4661783,-138.50,-140.50,-13.2139,-24.8414
4665689,-125.50,-128.50,-15.5621,-16.5070
4669595,-140.50,-138.50,-6.9313,-1.4646
4673501,-130.50,-157.50,-4.3237,0.6424
4677407,-144.50,-190.50,-6.9196,-16.6325
4681313,-143.50,-173.50,-10.6518,-38.8525
4685219,-99.50,-148.50,-5.5256,-42.0215
4689125,-164.50,-126.50,1.7398,-22.6904
4693031,-156.50,-117.50,-9.5323,1.8559
4696937,-132.50,-129.50,-21.5107,15.0611
4700843,-134.50,-162.50,-15.8565,8.6547
4704749,-139.50,-168.50,-7.1894,-11.0075
4708655,-175.50,-146.50,-11.5979,-23.5748
4712561,-169.50,-139.50,-27.5985,-19.2972
4716467,-150.50,-128.50,-36.0619,-7.4647
4720373,-130.50,-130.50,-26.6879,2.7623
4724279,-121.50,-81.50,-8.5523,16.3942
4728185,-123.50,-108.50,5.7426,33.5205
4732091,-106.50,-132.50,14.0082,33.9725
4735997,-128.50,-129.50,17.1455,17.4297
4739903,-113.50,-117.50,14.2484,7.2289
4743809,-115.50,-132.50,12.1364,7.5632
4747715,-106.50,-158.50,14.7909,2.7355
4751621,-101.50,-145.50,20.5815,-9.0257
4755527,-104.50,-143.50,25.9535,-14.2782
4759433,-95.50,-169.50,28.3669,-16.2927
4763339,-132.50,-182.50,24.0385,-26.3283
4767245,-128.50,-168.50,10.8110,-36.7713
4771151,-141.50,-166.50,-2.0494,-37.0793
4775057,-138.50,-202.50,-9.2575,-38.2754
4778963,-116.50,-207.50,-8.4662,-51.0651
4782869,-109.50,-204.50,1.8810,-63.6357
4786775,-108.50,-178.50,13.5714,-62.1535
4790681,-113.50,-174.50,19.0972,-48.8505
4794587,-124.50,-174.50,16.6529,-36.5024
4798493,-117.50,-132.50,10.1497,-24.2447
4802399,-86.50,-149.50,11.5343,-7.8666
4806305,-118.50,-137.50,19.1493,2.1765
4810211,-111.50,-137.50,19.2782,4.7437
4814117,-109.50,-153.50,16.0491,2.6425
4818023,-77.50,-148.50,21.0015,-3.4357
4821929,-59.50,-137.50,36.4093,-4.7649
4825835,-120.50,-160.50,43.5675,-3.2446
4829741,-144.50,-164.50,23.9290,-8.9340
4833647,-175.50,-143.50,-9.6061,-14.2518
4837553,-177.50,-153.50,-38.4502,-11.1248
4841459,-136.50,-159.50,-48.4169,-8.6903
4845365,-126.50,-146.50,-34.2818,-9.0568
4849271,-143.50,-169.50,-15.4142,-10.1458
4853177,-124.50,-157.50,-5.5357,-14.3332
4857083,-126.50,-145.50,0.0169,-14.2841
4860989,-140.50,-160.50,-1.5735,-9.6486
4864895,-138.50,-184.50,-11.0191,-13.5777
4868801,-143.50,-191.50,-17.4868,-27.6465
4872707,-127.50,-188.50,-14.5135,-39.9756
4876613,-107.50,-161.50,-2.4872,-39.6625
4880519,-111.50,-176.50,9.8043,-30.0744
4884425,-113.50,-165.50,13.0214,-22.7807
4888331,-136.50,-169.50,7.6042,-18.9085
4892237,-128.50,-174.50,0.1375,-18.0321
4896143,-116.50,-170.50,-0.9664,-20.6426
4900049,-126.50,-168.50,1.2668,-22.1237
4903955,-87.50,-133.50,5.1981,-14.8955
4907861,-113.50,-121.50,14.3095,4.3104
4911767,-112.50,-125.50,19.2397,22.8262
4915673,-100.50,-129.50,19.2992,28.3952
4919579,-111.50,-140.50,18.3883,23.0019
4923485,-112.50,-158.50,12.8993,11.3231
4927391,-126.50,-185.50,5.4658,-5.8960
4931297,-109.50,-175.50,3.3152,-22.6847
4935203,-111.50,-192.50,8.3374,-32.1085
4939109,-121.50,-177.50,10.2294,-35.2855
4943015,-130.50,-164.50,2.2812,-30.3575
4946921,-144.50,-175.50,-9.4795,-21.1688
4950827,-178.50,-169.50,-23.3433,-16.8671
4954733,-175.50,-156.50,-39.5420,-13.8737
4958639,-147.50,-145.50,-46.4798,-6.4279
4962545,-143.50,-132.50,-38.8422,4.5147
4966451,-113.50,-145.50,-22.5030,13.1362
4970357,-104.50,-108.50,-0.3541,20.1989
4974263,-93.50,-106.50,20.3868,32.6742
4978169,-90.50,-146.50,31.5412,37.1243
4982075,-80.50,-138.50,34.4472,24.5647
4985981,-88.50,-125.50,34.5359,15.2142
4989887,-92.50,-114.50,33.7962,20.4185
4993793,-111.50,-111.50,29.5860,30.8769
4997699,-143.50,-106.50,14.6492,38.3477
5001605,-158.50,-129.50,-11.4017,38.4921
5005511,-144.50,-120.50,-31.7760,32.0712
5009417,-143.50,-133.50,-33.7060,25.3775
5013323,-152.50,-149.50,-26.9531,16.6195
5017229,-121.50,-148.50,-19.7834,5.2207
5021135,-136.50,-148.50,-12.3428,-1.1534
5025041,-153.50,-146.50,-13.7832,-0.9677
5028947,-161.50,-144.50,-24.7477,1.6556
5032853,-145.50,-132.50,-31.1400,5.4952
5036759,-137.50,-130.50,-26.4388,11.1467
5040665,-143.50,-152.50,-19.7195,12.5686
5044571,-143.50,-146.50,-18.7720,6.8518
5048477,-143.50,-168.50,-19.4428,-1.5855
5052383,-156.50,-175.50,-20.0749,-12.9655
5056289,-161.50,-182.50,-24.9726,-25.0315
5060195,-162.50,-196.50,-32.8786,-34.5809
5064101,-150.50,-165.50,-36.3693,-36.7580
5068007,-143.50,-143.50,-30.6839,-23.6554
5071913,-136.50,-173.50,-19.3677,-8.9099
5075819,-142.50,-164.50,-11.0413,-8.6239
5079725,-145.50,-180.50,-11.1543,-15.4334
5083631,-122.50,-147.50,-12.3698,-16.7460
5087537,-116.50,-162.50,-4.8221,-10.5034
5091443,-120.50,-182.50,5.8469,-10.3612
5095349,-122.50,-144.50,10.2520,-14.1295
5099255,-136.50,-92.50,6.3102,2.6244
5103161,-94.50,-33.50,3.9717,45.6687
5107067,-96.50,-116.50,13.9939,78.6493
5110973,-150.50,-159.50,17.7214,62.2872
5114879,-187.50,-184.50,-5.3058,15.4282
5118785,-194.50,-189.50,-40.0948,-22.6613
5122691,-182.50,-184.50,-61.5333,-40.4771
5126597,-180.50,-224.50,-64.2121,-49.4550
5130503,-175.50,-212.50,-57.1249,-59.1618
5134409,-164.50,-208.50,-45.9830,-60.7795
5138315,-138.50,-228.50,-30.2989,-58.1159
5142221,-174.50,-253.50,-20.2565,-68.0256
5146127,-175.50,-244.50,-27.8390,-85.2576
5150033,-180.50,-276.50,-41.2338,-97.0713
5153939,-191.50,-268.50,-48.3442,-104.0119
5157845,-171.50,-249.50,-48.6598,-102.7850
5161751,-170.50,-237.50,-42.6621,-91.7755
5165657,-153.50,-225.50,-34.2193,-77.8525
5169563,-144.50,-233.50,-23.5036,-66.2260
5173469,-149.50,-186.50,-12.5276,-52.2387
5177375,-145.50,-185.50,-6.6446,-31.0856
5181281,-144.50,-186.50,-5.5525,-16.1449
5185187,-144.50,-182.50,-6.9888,-13.6936
5189093,-164.50,-226.50,-11.7477,-20.5465
5192999,-175.50,-236.50,-20.8623,-37.4115
5196905,-178.50,-232.50,-30.2721,-53.6187
5200811,-163.50,-239.50,-33.7742,-61.7657
5204717,-146.50,-222.50,-28.0623,-63.2088
5208623,-157.50,-244.50,-18.6207,-60.0188
5212529,-171.50,-233.50,-16.0313,-56.8665
5216435,-148.50,-241.50,-16.7561,-54.8143
5220341,-144.50,-206.50,-11.5991,-50.4795
5224247,-149.50,-206.50,-6.6068,-40.4116
5228153,-145.50,-224.50,-6.6164,-32.4607
5232059,-121.50,-206.50,-1.5689,-29.7203
5235965,-128.50,-191.50,10.9718,-21.8732
5239871,-128.50,-166.50,18.3546,-7.4412
5243777,-111.50,-160.50,19.1850,7.4926
5247683,-114.50,-149.50,21.6236,20.2665
5251589,-111.50,-143.50,25.8416,32.7090
5255495,-93.50,-137.50,32.8550,43.7583
5259401,-106.50,-124.50,40.1495,50.4902
5263307,-90.50,-140.50,41.8857,50.7671
5267213,-88.50,-156.50,42.8700,42.6016
5271119,-100.50,-160.50,44.5120,32.0166
5275025,-112.50,-181.50,40.9683,22.8453
5278931,-114.50,-180.50,32.7268,11.3808
5282837,-130.50,-188.50,22.0062,-0.5774
5286743,-121.50,-168.50,11.8510,-4.7239
5290649,-110.50,-163.50,10.7185,4.2157
5294555,-116.50,-158.50,17.9029,18.4259
5298461,-132.50,-160.50,20.1486,25.9608
5302367,-136.50,-174.50,12.0871,22.1860
5306273,-143.50,-178.50,0.5744,11.5778
5310179,-128.50,-180.50,-4.9644,4.2781
5314085,-116.50,-170.50,1.1692,5.1067
5317991,-109.50,-172.50,14.2573,9.5774
5321897,-143.50,-188.50,18.5906,8.0678
5325803,-122.50,-126.50,10.6947,9.9067
5329709,-108.50,-136.50,8.5491,28.6440
5333615,-113.50,-141.50,16.2761,46.1235
5337521,-147.50,-136.50,16.2947,49.1473
5341427,-185.50,-137.50,-3.1624,46.0360
5345333,-194.50,-159.50,-33.1790,38.8468
5349239,-172.50,-166.50,-51.4256,27.0471
5353145,-161.50,-140.50,-47.9919,21.8126
5357051,-164.50,-127.50,-35.0580,31.3221
5360957,-138.50,-136.50,-21.8561,43.1581
5364863,-127.50,-162.50,-6.0101,41.1085
5368769,-129.50,-169.50,7.0009,26.8641
5372675,-143.50,-178.50,8.1091,12.8323
5376581,-146.50,-180.50,0.1595,3.5776
5380487,-152.50,-182.50,-7.5322,-2.6520
5384393,-140.50,-168.50,-9.5672,-3.6541
5388299,-118.50,-126.50,-3.0062,9.4633
5392205,-136.50,-114.50,5.9868,36.4896
5396111,-155.50,-142.50,3.9951,54.5654
5400017,-179.50,-155.50,-10.6076,47.8618
5403923,-153.50,-160.50,-23.6785,29.6681
5407829,-121.50,-156.50,-18.7300,18.0310
5411735,-150.50,-169.50,-5.1176,14.1146
5415641,-168.50,-145.50,-5.8703,14.6586
5419547,-163.50,-138.50,-16.3595,22.3123
5423453,-144.50,-153.50,-18.3091,29.8311
5427359,-144.50,-138.50,-11.6851,31.1037
5431268,-147.50,-143.50,-7.6532,32.0798
5435174,-133.50,-128.50,-5.2294,35.2077
5439080,-98.50,-141.50,8.0886,37.7170
5442986,-57.50,-143.50,36.8759,35.6993
5446892,-59.50,-143.50,66.4353,31.4788
5450798,-49.50,-142.50,81.0514,29.6784
5454704,-42.50,-133.50,86.4976,30.8415
5458610,-91.50,-103.50,83.9547,38.8735
5462516,-111.50,-65.50,63.4617,59.9144
5466422,-121.50,-65.50,34.0988,86.9770
5470328,-113.50,-82.50,14.0859,100.6476
5474234,-108.50,-95.50,10.5426,94.0221
5478140,-107.50,-114.50,18.0734,75.8294
5482046,-144.50,-144.50,19.9556,52.1261
5485952,-174.50,-169.50,1.8294,24.9375
5489858,-111.50,-156.50,-16.3225,4.4348
5493764,-129.50,-142.50,-10.9736,2.0117
5497670,-127.50,-159.50,1.4591,8.5733
5501576,-151.50,-152.50,3.3226,9.8253
5505482,-130.50,-143.50,-1.2133,10.2478
5509388,-144.50,-126.50,-5.1600,17.6961
5513294,-136.50,-111.50,-8.6927,31.0842
5517200,-105.50,-110.50,-4.2837,43.7634
5521106,-98.50,-130.50,13.9720,46.5509
5525012,-111.50,-136.50,29.7020,38.0094
5528918,-102.50,-126.50,31.4713,29.3433
5532824,-127.50,-116.50,23.4081,29.6337
5536730,-102.50,-148.50,15.1808,29.8813
5540636,-132.50,-161.50,12.8325,18.4454
5544542,-143.50,-120.50,6.9852,10.2543
5548448,-149.50,-112.50,-5.6591,21.2884
5552354,-147.50,-139.50,-16.3314,32.7270
5556260,-111.50,-126.50,-14.6882,29.9799
5560166,-120.50,-142.50,0.0649,23.5665
5564072,-105.50,-88.50,14.7119,27.1359
5567978,-122.50,-80.50,20.6337,46.2705
5571884,-101.50,-92.50,19.8693,63.6780
5575790,-96.50,-111.50,21.5792,62.4204
5579696,-136.50,-120.50,20.8542,49.0059
5583602,-127.50,-140.50,10.3368,32.9251
5587508,-124.50,-142.50,2.5490,17.1566
5591414,-141.50,-128.50,-0.7338,8.2937
5595320,-124.50,-134.50,-4.8839,9.6090
5599226,-149.50,-121.50,-7.9078,16.0033
5603132,-165.50,-144.50,-15.1053,19.9394
5607038,-111.50,-132.50,-17.4570,16.6347
5610944,-132.50,-148.50,-6.2551,9.6422
5614850,-165.50,-168.50,-4.9933,-1.0593
5618756,-152.50,-133.50,-18.7832,-7.9118
5622662,-148.50,-139.50,-24.8859,-0.8012
5626568,-165.50,-164.50,-23.4819,3.8939
5630474,-206.50,-239.50,-34.1843,-17.8162
5634380,-169.50,-133.50,-51.5927,-42.0284
5638286,-143.50,-120.50,-48.3722,-25.1665
5642192,-156.50,-124.50,-28.7951,10.1364
5646098,-156.50,-129.50,-17.7273,25.6173
5650004,-175.50,-146.50,-20.9661,22.1708
5653910,-93.50,-88.50,-18.3260,20.4816
5657816,-86.50,-118.50,8.1625,30.2961
5661722,-84.50,-79.50,37.9960,40.1468
5665628,-109.50,-126.50,47.2084,43.3142
5669534,-94.50,-239.50,41.3546,16.6664
5673440,-66.50,-105.50,40.6555,-20.3198
5677346,-118.50,-143.50,42.0327,-17.0408
5681252,-126.50,-165.50,27.7821,-4.6357
5685158,12.50,-61.50,32.8054,4.9979
5689064,-6.50,-70.50,80.7754,40.0216
5692970,-46.50,-77.50,113.9183,71.5335
5696876,-124.50,-93.50,90.5950,72.5307
5700782,-94.50,-117.50,43.6516,52.6249
5704688,-138.50,-112.50,13.0299,30.6566
5708594,-125.50,-111.50,-2.8171,21.9806
5712500,-93.50,-50.50,-4.5166,34.0024
5716406,-79.50,-79.50,13.1566,56.4435
5720312,-142.50,-134.50,24.5189,55.2810
5724218,-179.50,-150.50,3.8267,24.1788
5728124,-164.50,-92.50,-30.5452,4.1390
5732030,-160.50,-143.50,-47.6294,7.5631
5735936,-138.50,-121.50,-43.5923,7.7362
5739842,-204.50,-239.50,-38.9988,-14.4113
5743748,-156.50,-137.50,-44.0190,-43.0022
5747654,-175.50,-86.50,-44.4668,-29.4700
5751560,-149.50,-116.50,-39.9547,11.0976
5755466,-150.50,-117.50,-34.5226,26.2648
5759372,-170.50,-188.50,-30.5856,9.8409
5763278,-155.50,-105.50,-30.0496,-9.3442
5767184,-149.50,-80.50,-26.1754,3.5087
5771090,-209.50,-191.50,-31.8922,14.4898
5774996,-189.50,-104.50,-53.8908,-2.4402
5778902,-191.50,-169.50,-67.0931,-11.7299
5782808,-198.50,-197.50,-64.5311,-21.8507
5786714,-154.50,-37.50,-53.7831,-19.4851
5790620,-197.50,-120.50,-43.4399,14.6880
5794526,-232.50,-109.50,-54.4104,31.3380
5798432,-153.50,-142.50,-66.8528,20.5549
5802338,-132.50,-195.50,-44.6914,-2.5501
5806244,-196.50,-57.50,-19.8199,-13.8741
5810150,-148.50,-86.50,-21.6963,11.2745
5814056,-99.50,-92.50,-15.0387,36.0384
5817962,-65.50,-83.50,18.9899,42.4794
5821868,-145.50,-121.50,42.6145,42.2074
5825774,-240.50,-149.50,12.5502,24.5025
5829680,-191.50,-153.50,-44.4798,-7.8309
5833586,-145.50,-190.50,-61.9028,-38.1543
5837492,-127.50,-88.50,-35.4336,-40.8049
5841398,-129.50,-78.50,-4.3980,-0.6589
5845304,-232.50,-263.50,-4.1561,12.4107
5849210,-100.50,-49.50,-19.3211,-16.8874
5853116,-143.50,-110.50,-9.3737,-9.1565
5857022,-145.50,-111.50,1.3539,16.1077
5860928,-91.50,-92.50,4.5507,24.5524
5864834,-112.50,-192.50,22.2498,16.4091
5868740,-157.50,-56.50,29.9095,0.8649
5872646,-132.50,-141.50,15.0218,3.5202
5876552,-113.50,-202.50,4.3236,-9.5082
5880458,-175.50,-130.50,-1.0470,-35.4231
5884364,-134.50,-116.50,-9.3676,-26.1361
5888270,-91.50,-72.50,2.5429,6.4533
5892176,-116.50,-69.50,27.6491,33.9821
5896082,-120.50,-101.50,32.2380,43.3896
5899988,-81.50,-125.50,27.5820,32.9413
5903894,-106.50,-36.50,34.4093,30.5406
5907800,-95.50,-15.50,42.6163,57.1777
5911706,-146.50,-250.50,36.5662,48.1136
5915612,-157.50,-194.50,10.9833,-28.1707
5919518,-81.50,-156.50,-3.8764,-75.5325
5923424,-86.50,-116.50,16.8419,-53.6580
5927330,-47.50,-171.50,51.2402,-25.8707
5931236,-146.50,-181.50,62.2909,-32.9222
5935142,-132.50,-117.50,35.4380,-41.5694
5939048,-105.50,-117.50,8.7039,-19.3764
5942954,-264.50,-221.50,-16.3742,-11.2110
5946860,-102.50,-62.50,-44.1696,-23.8816
5950766,-160.50,-303.50,-34.0465,-40.3627
5954672,-79.50,-34.50,-1.9813,-53.6002
5958578,-149.50,-195.50,17.1380,-30.1339
5962484,-87.50,-128.50,21.1802,-11.1064
5966390,-176.50,-177.50,15.3312,-21.0769
5970296,-0.50,43.50,22.0211,-1.7260
5974202,50.50,38.50,76.4694,74.7170
5978108,-203.50,-94.50,105.2334,126.5957
5982014,-181.50,-126.50,38.3225,90.6458
5985920,-92.50,-116.50,-20.0171,28.9176
5989826,-90.50,-164.50,-4.9902,-11.6578
5993732,-262.50,-328.50,-3.4950,-66.3564
5997638,-274.50,-174.50,-65.6838,-121.8786
6001544,-303.50,-189.50,-130.4268,-112.9730
6005450,-175.50,-180.50,-137.4088,-72.5001
6009356,-252.50,-204.50,-105.3428,-58.7880
6013262,-157.50,-116.50,-80.1556,-53.4769
6017168,-301.50,-201.50,-76.5444,-40.0120
6021074,-218.50,-159.50,-89.8482,-36.7310
6024980,-239.50,-224.50,-92.7676,-47.7180
6028886,-122.50,-146.50,-69.6485,-58.4289
6032792,-129.50,-38.50,-29.2985,-31.5546
6036698,-187.50,-276.50,-3.9676,-4.7768
6040604,-149.50,-97.50,-3.9772,-22.9398
6044510,-198.50,-250.50,-8.8145,-40.7132
6048416,-196.50,-158.50,-26.0461,-54.7126
6052322,-186.50,-132.50,-48.7969,-53.7677
6056228,-136.50,-157.50,-46.1694,-31.0291
6060134,-101.50,-165.50,-7.8000,-19.2185
6064040,-120.50,-136.50,35.5678,-14.8407
6067946,-42.50,-79.50,60.3525,1.1855
6071852,-111.50,-79.50,67.6964,26.5067
6075758,-154.50,-141.50,46.5103,33.4734
6079664,-181.50,-148.50,9.1063,14.8902
6083570,-136.50,-154.50,-9.3999,-4.7754
6087476,-141.50,-111.50,-4.6273,-9.3094
6091382,-94.50,-193.50,7.5910,-14.9670
6095288,-123.50,-127.50,20.8806,-28.7887
6099194,-70.50,-163.50,38.8528,-27.2834
6103100,-88.50,-61.50,61.7714,-1.6084
6107006,-192.50,-200.50,53.5346,15.4871
6110912,-94.50,-122.50,15.2660,-3.0156
6114818,-154.50,-191.50,-1.9128,-27.6381
6118724,-105.50,-110.50,5.5064,-29.6175
6122630,-176.50,-464.50,13.7198,-63.5741
6126536,-134.50,-143.50,8.4992,-131.1384
6130442,-87.50,-83.50,8.2315,-106.9592
6134348,-158.50,-244.50,15.4291,-37.7194
6138254,-198.50,-220.50,-0.3459,-41.3892
6142160,-138.50,-168.50,-18.7998,-58.4492
6146066,-132.50,-104.50,-9.7254,-32.1323
6149972,-212.50,-208.50,-8.1181,-9.6527
6153878,-112.50,-175.50,-22.7626,-28.3730
6157784,-176.50,-148.50,-18.6862,-40.8075
6161690,-205.50,-175.50,-16.2184,-24.2385
6165596,-160.50,-212.50,-26.4667,-21.0308
6169502,-207.50,-111.50,-34.8610,-29.6250
6173408,-125.50,-148.50,-36.6928,-20.2160
6177314,-191.50,-207.50,-25.8122,-16.1033
6181220,-203.50,-305.50,-23.2042,-48.6512
6185126,-182.50,-181.50,-31.8152,-84.1747
6189032,-118.50,-148.50,-25.1074,-72.2466
6192938,-111.50,-173.50,-0.0351,-39.6212
6196844,-111.50,-156.50,24.7436,-22.8769
6200750,-61.50,-112.50,48.6646,-0.8826
6204656,-28.50,-106.50,82.6682,31.8205
6208562,-127.50,-111.50,94.7085,46.3397
6212468,-143.50,-114.50,56.8685,35.7802
6216374,-118.50,-76.50,14.9779,31.0875
6220280,-286.50,-213.50,-17.0045,29.3115
6224186,-134.50,-102.50,-47.7888,14.7932
6228092,-93.50,-210.50,-30.6869,-1.5715
6231998,-70.50,-91.50,21.6500,-14.9057
6235904,-10.50,-126.50,69.3909,-4.8072
6239810,-24.50,-15.50,111.0500,38.0828
6243716,-106.50,-236.50,119.7981,60.8362
6247622,-57.50,-36.50,91.1977,39.9268
6251528,-79.50,-25.50,64.6843,45.8584
6255434,-138.50,-92.50,43.1082,73.4430
6259340,-89.50,-68.50,25.9972,75.5691
6263246,-92.50,-78.50,33.3635,74.7879
6267152,-54.50,-95.50,53.5304,71.5335
6271058,-40.50,-73.50,70.1609,56.3342
6274964,-44.50,-24.50,80.7283,53.8457
6278870,-76.50,-2.50,81.8977,82.5246
6282776,-76.50,-100.50,74.5973,106.1977
6286682,-50.50,-8.50,68.6087,101.2268
6290588,-79.50,-16.50,63.2714,98.1553
6294494,-47.50,-156.50,56.2994,77.7203
6298400,-91.50,-138.50,54.9506,23.6893
6302306,-69.50,-90.50,56.2022,-1.6635
6306212,-47.50,-79.50,61.1907,19.7072
6310118,-74.50,-32.50,63.2575,48.3052
6314024,-57.50,-68.50,55.0275,62.7325
6317930,-41.50,-79.50,55.8597,60.7235
6321836,-81.50,-61.50,65.3012,58.5184
6325742,-78.50,-73.50,61.1541,62.1477
6329648,-97.50,-97.50,42.4624,51.5211
6333554,-88.50,-74.50,23.1704,30.5316
6337460,-116.50,-116.50,12.6020,19.6101
6341366,-128.50,-112.50,6.6446,17.0044
6345272,-94.50,-120.50,5.2311,14.4983
6349178,-145.50,-127.50,2.5739,4.4227
6353084,-143.50,-131.50,-14.7264,-12.6080
6356990,-201.50,-188.50,-40.2880,-30.9046
6360896,-79.50,-111.50,-43.6481,-35.8894
6364802,-136.50,-143.50,-16.0479,-19.4007
6368708,-137.50,-173.50,-2.6604,-16.9959
6372614,-156.50,-147.50,-18.0479,-36.9435
6376520,-159.50,-145.50,-34.9269,-43.7797
6380426,-138.50,-153.50,-37.0977,-32.7412
6384332,-164.50,-143.50,-30.9302,-21.5938
6388238,-174.50,-174.50,-36.6531,-24.2092
6392144,-140.50,-162.50,-45.7543,-40.4497
6396050,-146.50,-160.50,-39.7038,-49.9871
6399956,-186.50,-192.50,-33.7747,-48.7657
6403862,-178.50,-207.50,-42.6192,-54.0537
6407768,-208.50,-218.50,-59.0428,-70.6143
6411674,-194.50,-153.50,-74.9297,-78.6883
6415580,-206.50,-152.50,-82.0930,-61.1877
6419486,-162.50,-124.50,-73.5072,-29.8804
6423392,-172.50,-114.50,-53.5006,-0.1593
6427298,-176.50,-113.50,-41.5601,17.4397
6431204,-196.50,-143.50,-47.5150,12.7692
6435110,-145.50,-138.50,-52.1267,-5.6584
6439016,-128.50,-124.50,-34.8787,-13.2774
6442922,-116.50,-122.50,-6.8943,-3.4732
6446828,-95.50,-116.50,14.4624,7.7664
6450734,-113.50,-141.50,24.6876,6.2714
6454640,-112.50,-142.50,22.9233,-6.9332
6458546,-128.50,-130.50,15.3083,-14.4181
6462452,-95.50,-138.50,12.4021,-9.7550
6466358,-106.50,-162.50,17.8841,-9.8041
6470264,-123.50,-176.50,18.9614,-25.0375
6474170,-111.50,-176.50,12.8620,-43.7226
6478076,-143.50,-197.50,6.4535,-54.8806
6481982,-133.50,-175.50,-2.0783,-57.1202
6485888,-149.50,-210.50,-10.9661,-56.6962
6489794,-152.50,-251.50,-19.4173,-71.9660
6493700,-143.50,-230.50,-24.0945,-97.0129
6497606,-126.50,-225.50,-18.0497,-104.7154
6501512,-160.50,-219.50,-11.3078,-94.7621
6505418,-175.50,-233.50,-20.1765,-85.6382
6509324,-169.50,-209.50,-36.6486,-82.2951
6513230,-175.50,-205.50,-45.1261,-76.1361
6517136,-180.50,-207.50,-47.2005,-67.5711
6521042,-180.50,-200.50,-48.0739,-61.2104
6524948,-175.50,-209.50,-47.4543,-57.5948
6528854,-172.50,-208.50,-44.7388,-58.4146
6532760,-189.50,-201.50,-44.2952,-59.9471
6536666,-195.50,-201.50,-49.9148,-57.6669
6540572,-189.50,-222.50,-55.6079,-56.8690
6544478,-196.50,-238.50,-57.0043,-64.7877
6548384,-196.50,-237.50,-57.9260,-77.0538
6552290,-186.50,-237.50,-57.4074,-84.4903
6556196,-150.50,-181.50,-46.6561,-76.4135
6560102,-156.50,-158.50,-27.2608,-46.9709
6564008,-166.50,-145.50,-16.1835,-11.9692
6567914,-152.50,-121.50,-16.1479,13.9986
6571820,-137.50,-132.50,-13.0304,28.7469
6575726,-129.50,-140.50,-2.8590,29.1897
6579632,-138.50,-136.50,5.7043,21.8896
6583538,-130.50,-127.50,8.3058,19.5830
6587444,-137.50,-134.50,8.2528,22.6671
6591350,-123.50,-125.50,8.6932,25.2129
6595256,-118.50,-150.50,12.5278,23.0579
6599162,-118.50,-168.50,18.1386,11.4325
6603068,-127.50,-186.50,20.0932,-7.0428
6606974,-121.50,-166.50,18.4982,-19.8529
6610880,-83.50,-117.50,23.6765,-11.5180
6614786,-101.50,-117.50,36.1760,14.4979
6618692,-182.50,-186.50,28.0809,23.7915
6622598,-260.50,-246.50,-20.4848,-7.6101
6626504,-194.50,-179.50,-71.6793,-45.3104
6630410,-226.50,-224.50,-85.9943,-55.5462
6634316,-222.50,-239.50,-83.8747,-61.6760
6638222,-256.50,-260.50,-88.5974,-77.7017
6642128,-249.50,-256.50,-96.7875,-89.5109
6646034,-250.50,-273.50,-100.1007,-94.4649
6649940,-285.50,-276.50,-105.5177,-100.9895
6653846,-272.50,-263.50,-119.4110,-106.9940
6657752,-276.50,-258.50,-127.1122,-102.9701
6661658,-271.50,-249.50,-122.4546,-89.9472
6665564,-258.50,-244.50,-111.3092,-75.7653
6669470,-236.50,-218.50,-97.0896,-63.6686
6673376,-239.50,-230.50,-84.4364,-54.6778
6677282,-244.50,-239.50,-78.4320,-53.2530
6681188,-228.50,-225.50,-73.8700,-53.6148
6685094,-210.50,-207.50,-61.9178,-45.0214
6689000,-181.50,-214.50,-43.1636,-33.7398
6692906,-193.50,-234.50,-27.2014,-34.3119
6696812,-188.50,-204.50,-21.0764,-39.6047
6700718,-184.50,-204.50,-17.8114,-32.6981
6704624,-206.50,-223.50,-16.0795,-23.6382
6708530,-172.50,-229.50,-17.4492,-27.8916
6712436,-160.50,-229.50,-11.6680,-38.8405
6716342,-172.50,-234.50,-1.5356,-45.6616
6720248,-171.50,-228.50,3.4794,-45.4450
6724154,-172.50,-213.50,5.3496,-37.9217
6728060,-176.50,-208.50,4.2586,-26.8625
6731966,-173.50,-222.50,-0.7656,-21.7913
6735872,-173.50,-217.50,-4.5502,-24.3756
6739778,-175.50,-196.50,-3.2831,-22.1738
6743684,-190.50,-197.50,-1.6848,-11.1259
6747590,-203.50,-175.50,-7.9906,0.9869
6751496,-146.50,-172.50,-11.5553,11.6250
6755402,-161.50,-173.50,-0.0298,19.1130
6759308,-140.50,-185.50,16.0463,20.4547
6763214,-142.50,-193.50,29.6985,15.4263
6767120,-153.50,-175.50,35.9734,10.3516
6771026,-176.50,-177.50,26.4198,11.3541
6774932,-172.50,-151.50,8.3213,18.8878
6778838,-156.50,-136.50,0.7903,34.6753
6782744,-156.50,-159.50,8.9845,48.5773
6786650,-149.50,-177.50,20.3914,44.6246
6790556,-157.50,-186.50,24.7231,26.8593
6794462,-180.50,-178.50,17.3211,12.1815
6798368,-175.50,-165.50,4.0983,11.3719
6802274,-196.50,-161.50,-5.3204,21.3667
6806180,-192.50,-157.50,-11.7210,31.8020
6810086,-200.50,-157.50,-17.2858,36.9604
6813992,-194.50,-182.50,-21.2887,33.1661
6817898,-201.50,-207.50,-22.6056,17.3359
6821804,-206.50,-186.50,-22.6378,1.2577
6825710,-216.50,-190.50,-25.0546,-1.5188
6829616,-214.50,-186.50,-30.2522,2.7508
6833522,-201.50,-179.50,-32.6111,7.0641
6837428,-213.50,-178.50,-30.2946,12.1742
6841334,-222.50,-199.50,-30.0335,13.0450
6845240,-208.50,-193.50,-30.8157,7.0488
6849146,-194.50,-179.50,-25.4800,3.8661
6853052,-191.50,-177.50,-16.3878,8.5292
6856958,-191.50,-175.50,-9.9064,15.1119
6860864,-185.50,-201.50,-5.1824,15.5449
6864770,-184.50,-203.50,0.3312,6.8039
6868676,-165.50,-205.50,6.9072,-3.6143
6872582,-180.50,-200.50,11.4563,-8.7624
6876488,-169.50,-189.50,11.4549,-6.5984
6880394,-143.50,-180.50,17.1614,2.7949
6884300,-152.50,-191.50,30.9288,11.9349
6888206,-164.50,-204.50,36.4622,10.9040
6892112,-171.50,-186.50,28.3519,4.3190
6896018,-170.50,-174.50,17.5816,5.8425
6899924,-170.50,-158.50,13.1277,17.8411
6903830,-168.50,-144.50,14.6192,34.6643
6907736,-175.50,-138.50,16.1408,50.1037
6911642,-163.50,-129.50,15.8365,59.9647
6915548,-150.50,-129.50,19.5212,64.5878
6919454,-132.50,-132.50,30.9599,65.1917
6923360,-140.50,-120.50,43.8501,65.6777
6927269,-136.50,-124.50,49.6698,68.6891
6931175,-120.50,-106.50,52.0160,72.9077
6935081,-111.50,-146.50,58.1779,71.7589
6938987,-132.50,-152.50,62.3170,58.2977
6942893,-138.50,-148.50,57.0415,43.6158
6946799,-149.50,-152.50,46.5255,38.1645
6950705,-165.50,-162.50,34.0998,34.9441
6954611,-174.50,-184.50,19.5605,25.7578
6958517,-188.50,-175.50,5.6362,14.2533
6962423,-198.50,-175.50,-5.8529,10.1420
6966329,-197.50,-166.50,-13.3371,13.3483
6970235,-201.50,-165.50,-16.6709,18.2055
6974141,-206.50,-216.50,-19.5887,13.0570
6978047,-206.50,-206.50,-23.0323,-4.9918
6981953,-207.50,-203.50,-24.2339,-17.2174
6985859,-206.50,-208.50,-22.8956,-18.4469
6989765,-180.50,-201.50,-17.0293,-17.5729
6993671,-201.50,-191.50,-9.5002,-13.6309
6997577,-214.50,-188.50,-11.7382,-5.2260
7001483,-192.50,-166.50,-17.5940,6.0308
7005389,-168.50,-152.50,-9.9610,20.0304
7009295,-175.50,-149.50,5.6418,32.5664
7013201,-176.50,-133.50,13.0309,41.7687
7017107,-172.50,-142.50,12.9641,49.1955
7021013,-168.50,-140.50,14.2420,51.9541
7024919,-143.50,-143.50,21.5363,49.7368
7028825,-121.50,-152.50,36.8296,43.9998
7032731,-106.50,-130.50,56.1054,40.4892
7036637,-90.50,-136.50,74.2866,44.9890
7040543,-84.50,-126.50,89.4639,52.1222
7044449,-98.50,-106.50,96.0547,60.1807
7048355,-113.50,-105.50,88.6597,69.8572
7052261,-136.50,-112.50,70.1417,74.4964
7056167,-142.50,-127.50,49.6938,70.2620
7060073,-139.50,-152.50,37.5150,57.2281
7063979,-156.50,-152.50,32.5856,39.8220
7067885,-172.50,-152.50,24.0721,27.2958
7071791,-155.50,-143.50,14.4318,24.2043
7075697,-132.50,-136.50,17.5448,29.4599
7079603,-130.50,-128.50,32.1395,39.2723
7083509,-131.50,-116.50,43.8010,49.5626
7087415,-137.50,-122.50,45.9406,55.9450
7091321,-128.50,-130.50,43.4665,54.1215
7095227,-133.50,-121.50,41.9489,49.1878
7099133,-157.50,-114.50,36.7812,50.2984
7103039,-143.50,-132.50,27.7861,52.6912
7106945,-168.50,-143.50,20.7574,45.8697
7110851,-171.50,-111.50,12.1874,38.9978
7114757,-175.50,-125.50,2.6749,42.6354
7118663,-147.50,-110.50,1.7872,49.3268
7122569,-140.50,-109.50,13.1284,55.0262
7126475,-152.50,-128.50,24.7102,55.6430
7130381,-162.50,-165.50,24.4103,41.3961
7134287,-137.50,-155.50,20.5527,19.2113
7138193,-147.50,-148.50,22.7085,8.4745
7142099,-130.50,-150.50,27.4141,10.7225
7146005,-142.50,-156.50,31.3773,13.2900
7149911,-130.50,-143.50,33.9098,14.0196
7153817,-143.50,-157.50,34.3856,15.1183
7157723,-128.50,-161.50,33.3554,12.3649
7161629,-117.50,-142.50,36.0834,9.6575
7165535,-134.50,-149.50,40.5778,12.6335
7169441,-129.50,-143.50,39.8921,16.3928
7173347,-108.50,-130.50,41.2108,21.0211
7177253,-111.50,-157.50,48.3975,23.7028
7181159,-118.50,-159.50,51.6819,16.6893
7185065,-127.50,-137.50,46.9746,10.1907
7188971,-125.50,-141.50,40.4943,13.8459
7192877,-140.50,-146.50,34.9198,18.4811
7196783,-132.50,-139.50,28.8700,19.3775
7200689,-137.50,-144.50,24.5727,19.7485
7204595,-140.50,-152.50,22.2379,17.3997
7208501,-112.50,-144.50,25.4506,13.0157
7212407,-123.50,-160.50,35.0948,9.4252
7216313,-126.50,-147.50,39.2706,6.8798
7220219,-104.50,-141.50,38.9505,9.2111
7224125,-92.50,-113.50,45.9471,19.3582
7228031,-101.50,-109.50,55.9349,34.3369
7231937,-126.50,-114.50,54.8227,44.9019
7235843,-116.50,-108.50,43.5170,47.6834
7239749,-117.50,-104.50,35.3782,48.8251
7243655,-106.50,-109.50,35.1145,49.2670
7247561,-114.50,-111.50,38.3603,46.3219
7251467,-122.50,-111.50,38.5326,42.3348
7255373,-120.50,-112.50,34.6240,40.5153
7259279,-119.50,-125.50,31.0611,38.0206
7263185,-111.50,-128.50,30.2908,31.2968
7267091,-116.50,-121.50,31.7529,24.9035
7270997,-111.50,-101.50,33.6970,27.1627
7274903,-98.50,-94.50,38.0225,38.6214
7278809,-109.50,-105.50,42.5178,48.3308
7282715,-142.50,-127.50,35.4257,44.7782
7286621,-120.50,-133.50,20.6997,29.8491
7290527,-120.50,-133.50,16.3969,15.7962
7294433,-146.50,-136.50,16.7698,9.0948
7298339,-174.50,-131.50,4.2021,8.2164
7302245,-149.50,-128.50,-12.6698,11.1629
7306151,-152.50,-134.50,-16.3086,13.7920
7310057,-156.50,-143.50,-12.2456,11.0626
7313963,-149.50,-132.50,-9.5340,6.2418
7317869,-149.50,-131.50,-6.7644,6.2421
7321775,-154.50,-122.50,-5.5240,10.8989
7325681,-170.50,-109.50,-10.1961,18.6536
7329587,-165.50,-111.50,-18.4809,26.9546
7333493,-176.50,-143.50,-24.4616,25.4914
7337399,-182.50,-143.50,-29.2917,11.7891
7341305,-176.50,-144.50,-33.2397,-0.8764
7345211,-164.50,-156.50,-31.4163,-7.5981
7349117,-164.50,-177.50,-24.6219,-16.6740
7353023,-181.50,-200.50,-21.7296,-32.6892
7356929,-184.50,-223.50,-26.9387,-53.4355
7360835,-174.50,-204.50,-32.0564,-68.8956
7364741,-166.50,-184.50,-29.9212,-67.2483
7368647,-174.50,-170.50,-25.1917,-51.3193
7372553,-180.50,-165.50,-24.9530,-33.5365
7376459,-176.50,-150.50,-27.2169,-19.1578
7380365,-168.50,-161.50,-26.1634,-10.2087
7384271,-156.50,-137.50,-20.4354,-6.3308
7388177,-158.50,-158.50,-13.4335,-4.8555
7392083,-180.50,-175.50,-12.7782,-10.8502
7395989,-177.50,-174.50,-19.5508,-21.9966
7399895,-194.50,-163.50,-27.9970,-26.3633
7403801,-205.50,-160.50,-38.8207,-22.7887
7407707,-202.50,-153.50,-49.8005,-17.3495
7411613,-182.50,-154.50,-50.4785,-12.4251
7415519,-177.50,-143.50,-38.9211,-6.6166
7419425,-180.50,-134.50,-26.8334,1.5039
7423331,-174.50,-140.50,-21.9546,7.5102
7427237,-152.50,-127.50,-17.4210,8.9684
7431143,-152.50,-177.50,-7.9481,3.2359
7435049,-146.50,-178.50,1.4991,-13.2703
7438955,-134.50,-159.50,9.4027,-25.2834
7442861,-140.50,-146.50,15.5804,-21.0134
7446767,-126.50,-138.50,18.5759,-9.3419
7450673,-124.50,-139.50,22.0324,0.6570
7454579,-124.50,-141.50,26.3092,6.4273
7458485,-131.50,-145.50,27.5724,7.4727
7462391,-125.50,-162.50,25.9644,1.1171
7466297,-137.50,-160.50,22.6968,-10.9540
7470203,-143.50,-169.50,16.2819,-20.3519
7474109,-144.50,-164.50,9.2906,-22.7957
7478015,-138.50,-162.50,7.1168,-19.7637
7481921,-134.50,-158.50,10.0088,-15.8949
7485827,-162.50,-148.50,9.0311,-13.0248
7489733,-155.50,-131.50,-0.1084,-6.1896
7493639,-170.50,-136.50,-9.3950,4.7625
7497545,-173.50,-142.50,-16.2513,11.0458
7501451,-182.50,-161.50,-22.8495,5.9608
7505357,-190.50,-173.50,-30.0170,-9.1522
7509263,-191.50,-197.50,-36.7711,-28.4227
7513169,-189.50,-212.50,-39.6105,-47.0743
7517075,-208.50,-219.50,-41.5444,-61.2514
7520981,-225.50,-213.50,-50.1738,-68.0252
7524887,-224.50,-197.50,-62.6759,-65.9782
7528793,-220.50,-175.50,-69.0976,-53.9944
7532699,-224.50,-189.50,-68.5545,-39.0533
7536605,-217.50,-187.50,-65.4419,-31.8889
7540511,-222.50,-213.50,-61.8528,-35.9950
7544417,-197.50,-201.50,-56.0572,-46.8805
7548323,-200.50,-203.50,-46.4363,-53.8336
7552229,-191.50,-195.50,-37.6501,-52.2433
7556135,-170.50,-193.50,-28.3452,-45.1389
7560041,-157.50,-194.50,-13.7665,-38.0090
7563947,-160.50,-191.50,-0.2535,-35.2623
7567853,-164.50,-181.50,4.2988,-33.9856
7571759,-154.50,-176.50,3.5963,-29.4539
7575665,-161.50,-158.50,3.7921,-19.5736
7579571,-160.50,-150.50,3.6111,-5.5769
7583477,-160.50,-146.50,2.6244,6.1163
7587383,-150.50,-123.50,3.8524,14.6186
7591289,-127.50,-111.50,11.6781,26.1348
7595195,-131.50,-111.50,24.0762,38.7502
7599101,-136.50,-133.50,30.7378,42.3243
7603007,-124.50,-149.50,31.4549,31.5660
7606913,-110.50,-168.50,35.5873,11.6201
7610819,-125.50,-175.50,40.9236,-8.2816
7614725,-146.50,-180.50,36.0993,-21.1312
7618631,-162.50,-169.50,20.4041,-23.7600
7622537,-150.50,-152.50,6.4891,-16.0065
7626443,-171.50,-196.50,-0.3337,-11.3232
7630349,-174.50,-175.50,-7.4495,-19.1261
7634255,-173.50,-172.50,-14.2174,-23.8472
7638161,-175.50,-181.50,-15.9208,-21.1242
7642067,-182.50,-208.50,-16.2513,-25.2211
7645973,-207.50,-186.50,-22.9104,-34.5969
7649879,-207.50,-174.50,-36.2468,-33.9101
7653785,-218.50,-185.50,-47.7956,-25.7183
7657691,-207.50,-157.50,-52.1590,-18.0379
7661597,-194.50,-163.50,-47.2094,-8.4089
7665503,-175.50,-158.50,-33.9706,-0.9512
7669409,-158.50,-143.50,-16.5564,3.9455
7673315,-190.50,-144.50,-6.1139,10.1398
7677221,-196.50,-145.50,-12.0474,14.2706
7681127,-184.50,-143.50,-22.0772,15.3590
7685033,-175.50,-143.50,-22.1757,15.8102
7688939,-161.50,-153.50,-13.7672,14.1061
7692845,-160.50,-163.50,-2.8489,7.4607
7696751,-156.50,-173.50,5.9445,-2.5526
7700657,-140.50,-149.50,13.6029,-7.1618
7704563,-147.50,-143.50,20.0493,-0.0630
7708469,-118.50,-140.50,25.4151,10.8411
7712375,-111.50,-140.50,35.7969,16.9180
7716281,-128.50,-155.50,45.2706,16.1637
7720187,-116.50,-149.50,46.5930,10.8637
7724093,-122.50,-131.50,44.9197,10.3397
7727999,-122.50,-136.50,41.7961,16.3393
7731905,-95.50,-116.50,42.4504,23.7190
7735811,-100.50,-111.50,51.7116,33.4011
7739717,-108.50,-107.50,58.9128,43.1768
7743623,-126.50,-123.50,54.3118,45.4902
7747529,-123.50,-134.50,42.0354,37.0487
7751435,-137.50,-160.50,30.3241,20.5356
7755341,-125.50,-177.50,23.8929,0.1902
7759247,-113.50,-174.50,27.2024,-16.3074
7763153,-127.50,-165.50,34.4333,-21.3033
7767059,-129.50,-159.50,33.9806,-16.6056
7770965,-145.50,-144.50,25.4337,-7.1818
7774871,-143.50,-149.50,15.0798,2.8040
7778777,-126.50,-164.50,12.3206,5.4393
7782683,-124.50,-143.50,19.4130,2.4406
7786589,-136.50,-153.50,24.8632,2.0992
7790495,-155.50,-143.50,19.0523,3.4940
7794401,-148.50,-134.50,7.6484,7.7417
7798307,-138.50,-123.50,3.5843,17.1082
7802213,-143.50,-123.50,6.9794,26.5437
7806119,-148.50,-155.50,8.3208,25.2636
7810025,-161.50,-161.50,3.8466,10.1609
7813931,-133.50,-141.50,1.1979,-1.6445
7817837,-124.50,-143.50,9.2168,0.7470
7821743,-123.50,-134.50,20.9638,8.4485
7825649,-128.50,-117.50,26.0177,17.1345
7829555,-131.50,-128.50,24.7104,25.3675
7833461,-159.50,-148.50,17.0447,24.0349
7837367,-154.50,-153.50,3.8355,12.4245
7841273,-153.50,-191.50,-5.6882,-5.1945
7845179,-146.50,-191.50,-6.4956,-26.2795
7849085,-159.50,-202.50,-4.0788,-42.1755
7852991,-161.50,-222.50,-4.8563,-52.6014
7856897,-146.50,-216.50,-5.6772,-61.2571
7860803,-113.50,-194.50,3.1132,-60.6474
7864709,-96.50,-169.50,22.8524,-45.9950
7868615,-106.50,-148.50,40.9900,-22.8565
7872521,-93.50,-141.50,49.4911,-0.5709
7876427,-97.50,-125.50,52.7469,16.0743
7880333,-107.50,-112.50,50.2433,29.2394
7884239,-127.50,-108.50,38.5340,39.3883
7888145,-137.50,-104.50,22.1162,44.8478
7892051,-129.50,-102.50,11.5627,47.5687
7895957,-124.50,-133.50,11.8544,44.5409
7899863,-111.50,-140.50,18.2003,31.3664
7903769,-100.50,-117.50,26.7396,20.2488
7907675,-85.50,-99.50,37.9243,24.8128
7911581,-85.50,-94.50,49.9688,39.3412
7915487,-92.50,-92.50,55.8941,51.8301
7919393,-104.50,-111.50,50.9109,54.8224
7923299,-130.50,-143.50,35.4529,42.0806
7927205,-140.50,-144.50,15.0371,18.7752
7931111,-154.50,-136.50,-1.9502,2.9663
7935017,-166.50,-145.50,-14.3360,0.3264
7938923,-174.50,-172.50,-25.4650,-2.6292
7942829,-192.50,-220.50,-37.3979,-20.9422
7946735,-191.50,-229.50,-48.5426,-52.1531
7950641,-178.50,-222.50,-51.2454,-75.8376
7954547,-161.50,-213.50,-41.9297,-80.0757
7958453,-178.50,-173.50,-31.3682,-65.3613
7962359,-144.50,-126.50,-25.2466,-31.9554
7966268,-159.50,-162.50,-17.9785,0.2621
7970174,-200.50,-191.50,-20.5484,1.4285
7974080,-219.50,-211.50,-41.7404,-23.9370
7977986,-224.50,-204.50,-66.3486,-48.0058
7981892,-207.50,-179.50,-77.7198,-52.3795
7985798,-206.50,-194.50,-73.8829,-42.6710
7989704,-191.50,-223.50,-62.4751,-41.4242
7993610,-196.50,-261.50,-50.6287,-59.5149
7997516,-206.50,-244.50,-46.1815,-82.6968
8001422,-192.50,-212.50,-48.4503,-86.8935
8005328,-155.50,-206.50,-42.3940,-70.7930
8009234,-129.50,-204.50,-19.7295,-52.9624
8013140,-145.50,-176.50,4.5936,-37.6814
8017046,-153.50,-170.50,12.0811,-20.3720
8020952,-133.50,-144.50,9.1303,-3.9813
8024858,-141.50,-138.50,8.3696,9.5831
8028764,-121.50,-117.50,10.9646,22.5636
8032670,-125.50,-110.50,17.3691,37.4885
8036576,-117.50,-98.50,25.0834,52.0430
8040482,-121.50,-114.50,29.7857,58.1434
8044388,-143.50,-130.50,25.7028,49.7823
8048294,-116.50,-168.50,17.2421,28.5275
8052200,-118.50,-175.50,18.0940,3.5818
8056106,-116.50,-181.50,25.3613,-13.6456
8060012,-136.50,-144.50,26.8177,-15.3941
8063918,-137.50,-180.50,19.0624,-9.3191
8067824,-146.50,-181.50,8.0766,-11.8457
8071730,-133.50,-180.50,1.9614,-18.3436
8075636,-140.50,-137.50,3.0093,-12.1899
8079542,-140.50,-168.50,5.5710,0.6797
8083448,-153.50,-175.50,3.6336,-0.2086
8087354,-160.50,-175.50,-4.1048,-10.7694
8091260,-168.50,-193.50,-14.3708,-18.0608
8095166,-160.50,-177.50,-20.6268,-21.6329
8099072,-178.50,-178.50,-22.7138,-21.0753
8102978,-199.50,-189.50,-29.9880,-21.4349
8106884,-192.50,-196.50,-42.1080,-26.3170
8110790,-204.50,-207.50,-50.3977,-32.1902
8114696,-189.50,-206.50,-52.4948,-37.1744
8118602,-199.50,-204.50,-49.7390,-40.7481
8122508,-207.50,-196.50,-48.7904,-41.3492
8126414,-207.50,-202.50,-52.3026,-38.6253
8130320,-207.50,-202.50,-55.5062,-34.9452
8134226,-192.50,-207.50,-54.0459,-33.1025
8138132,-196.50,-217.50,-47.8254,-36.6969
8142038,-193.50,-205.50,-41.9861,-43.0681
8145944,-196.50,-179.50,-39.1506,-39.3708
8149850,-182.50,-163.50,-36.6452,-20.7007
8153756,-175.50,-145.50,-30.9293,3.2936
8157662,-174.50,-176.50,-23.6830,15.7678
8161568,-163.50,-176.50,-16.8902,8.6284
8165474,-188.50,-220.50,-13.9694,-11.0227
8169380,-190.50,-201.50,-20.1722,-30.5803
8173286,-170.50,-178.50,-26.0698,-32.9155
8177192,-165.50,-169.50,-21.4409,-17.9082
8181098,-146.50,-179.50,-9.4212,-5.0376
8185004,-142.50,-185.50,4.9203,-3.7478
8188910,-138.50,-178.50,16.1110,-6.6739
8192816,-128.50,-166.50,22.4429,-4.4018
8196722,-134.50,-161.50,25.3233,2.3559
8200628,-131.50,-139.50,24.9971,11.3990
8204534,-140.50,-138.50,23.0770,23.3052
8208440,-143.50,-134.50,19.7297,33.9357
8212346,-134.50,-143.50,17.0520,37.8770
8216252,-135.50,-175.50,17.4989,29.0002
8220158,-145.50,-190.50,17.0460,7.1372
8224064,-150.50,-170.50,12.8640,-10.0534
8227970,-162.50,-168.50,6.3335,-9.2752
8231876,-166.50,-165.50,-1.7698,0.0141
8235782,-156.50,-160.50,-7.4696,6.8578
8239688,-153.50,-160.50,-6.5000,10.2039
8243594,-166.50,-157.50,-3.7673,11.7762
8247500,-192.50,-146.50,-9.2097,15.1077
8251406,-178.50,-146.50,-20.4042,20.9048
8255312,-175.50,-181.50,-25.2317,19.0196
8259218,-175.50,-192.50,-23.3859,3.0339
8263124,-164.50,-173.50,-18.8190,-11.4144
8267030,-176.50,-164.50,-13.2868,-9.8358
8270936,-175.50,-170.50,-11.8643,-1.0103
8274842,-175.50,-162.50,-14.4056,4.3624
8278748,-175.50,-170.50,-17.3642,6.3575
8282654,-164.50,-152.50,-16.9211,8.3480
8286560,-149.50,-137.50,-8.5522,15.6476
8290466,-149.50,-142.50,4.0561,25.4019
8294372,-142.50,-166.50,12.5426,25.8120
8298278,-143.50,-153.50,15.2913,18.1192
8302184,-94.50,-143.50,23.1203,16.2400
8306090,-88.50,-156.50,44.1178,19.1646
8309996,-86.50,-159.50,64.7277,16.7590
8313902,-79.50,-156.50,73.9274,12.3184
8317808,-104.50,-160.50,71.7830,11.3589
8321714,-141.50,-175.50,54.0461,8.8637
8325620,-136.50,-164.50,28.8007,3.0544
8329526,-131.50,-145.50,15.2576,3.6885
8333432,-118.50,-134.50,17.4767,15.0763
8337338,-128.50,-114.50,24.2250,31.9758
8341244,-145.50,-144.50,23.2498,42.7509
8345150,-150.50,-157.50,13.8090,35.8049
8349056,-157.50,-175.50,3.6169,16.4836
8352962,-156.50,-159.50,-3.6431,1.2469
8356868,-159.50,-161.50,-7.7968,-1.0434
8360774,-163.50,-171.50,-9.9660,1.6950
8364680,-155.50,-179.50,-9.6001,-0.7388
8368586,-165.50,-188.50,-7.7609,-8.2070
8372492,-175.50,-180.50,-10.8808,-15.0255
8376398,-190.50,-185.50,-21.2277,-17.2038
8380304,-187.50,-175.50,-32.1992,-15.4425
8384210,-188.50,-172.50,-36.5587,-10.2842
8388116,-176.50,-160.50,-33.5854,-2.6365
8392022,-161.50,-177.50,-24.8055,1.9438
8395928,-156.50,-181.50,-13.3106,-1.9003
8399834,-159.50,-182.50,-5.0803,-9.2075
8403740,-165.50,-162.50,-3.2639,-9.6257
8407646,-160.50,-136.50,-5.0358,2.5435
8411552,-127.50,-148.50,-0.7863,18.7821
8415458,-138.50,-159.50,10.6592,23.3836
8419364,-164.50,-161.50,13.2491,16.9546
8423270,-168.50,-158.50,2.4030,10.7499
8427176,-150.50,-191.50,-5.6226,3.2690
8431082,-145.50,-172.50,-2.4827,-7.5482
8434988,-152.50,-166.50,2.5595,-9.9008
8438894,-142.50,-143.50,4.6595,0.7386
8442800,-156.50,-140.50,6.3977,16.4345
8446706,-140.50,-140.50,7.8524,27.1770
8450612,-158.50,-172.50,7.2283,24.4592
8454518,-160.50,-159.50,0.9283,12.2455
8458424,-172.50,-146.50,-8.2813,7.3691
8462330,-181.50,-144.50,-15.9574,13.5707
8466236,-164.50,-130.50,-18.8202,22.4556
8470142,-150.50,-116.50,-12.9781,33.2355
8474048,-140.50,-114.50,-1.9317,44.8201
8477954,-158.50,-111.50,5.1794,52.0977
8481860,-164.50,-125.50,3.3284,51.6331
8485766,-158.50,-128.50,-1.4542,44.1435
8489672,-156.50,-144.50,-3.2411,33.7542
8493578,-161.50,-145.50,-4.7719,23.7714
8497484,-157.50,-127.50,-6.5112,20.3949
8501390,-141.50,-110.50,-1.9649,28.5311
8505296,-144.50,-125.50,8.2463,38.9394
8509202,-146.50,-127.50,13.4638,40.3067
8513108,-142.50,-114.50,11.3991,38.3036
8517014,-143.50,-137.50,9.0897,36.7940
8520920,-136.50,-122.50,11.0820,32.1039
8524826,-143.50,-128.50,15.1804,28.9040
8528732,-110.50,-174.50,20.8278,21.0469
8532638,-120.50,-145.50,29.0406,6.8664
8536544,-140.50,-138.50,29.9144,4.1371
8540450,-124.50,-133.50,24.0866,12.3122
8544356,-118.50,-137.50,25.1891,18.2556
8548262,-95.50,-140.50,34.6881,19.2398
8552168,-114.50,-144.50,42.5840,17.5469
8556074,-132.50,-144.50,38.2158,14.6749
8559980,-124.50,-136.50,27.7266,12.4843
8563886,-137.50,-157.50,21.8759,9.5770
8567792,-136.50,-134.50,17.0567,7.0505
8571698,-129.50,-126.50,12.5590,13.2238
8575604,-116.50,-140.50,14.8291,21.4623
8579510,-111.50,-136.50,24.6936,20.5363
8583416,-100.50,-120.50,36.7093,18.6037
8587322,-93.50,-107.50,46.0625,25.8425
8591228,-111.50,-84.50,47.3255,41.5948
8595134,-107.50,-109.50,40.4182,54.1820
8599040,-129.50,-132.50,31.8341,48.3545
8602946,-141.50,-132.50,21.2519,29.6921
8606852,-140.50,-146.50,9.4326,14.1668
8610758,-143.50,-162.50,1.1618,2.3057
8614664,-128.50,-181.50,-0.3995,-11.5259
8618570,-141.50,-158.50,3.6990,-21.5616
8622476,-159.50,-145.50,3.2313,-17.6118
8626382,-175.50,-165.50,-8.1711,-8.7897
8630288,-172.50,-157.50,-23.3915,-7.6702
8634194,-175.50,-157.50,-32.8386,-8.8203
8638100,-175.50,-169.50,-34.8355,-10.1397
8642006,-161.50,-172.50,-30.0957,-15.6792
8645912,-144.50,-166.50,-18.3360,-20.8601
8649818,-170.50,-161.50,-10.0403,-19.8615
8653724,-175.50,-167.50,-15.9230,-15.8122
8657630,-179.50,-158.50,-27.2115,-13.0623
8661536,-169.50,-156.50,-31.0715,-10.3343
8665442,-161.50,-166.50,-26.0371,-9.3931
8669348,-180.50,-177.50,-21.9977,-14.1751
8673254,-161.50,-159.50,-23.3539,-18.6180
8677160,-164.50,-144.50,-21.6835,-13.0648
8681066,-137.50,-146.50,-12.6752,-2.0007
8684972,-134.50,-160.50,1.1041,1.8622
8688878,-148.50,-175.50,9.0419,-5.3390
8692784,-161.50,-208.50,3.5839,-21.8577
8696690,-174.50,-217.50,-9.3136,-43.9340
8700596,-174.50,-225.50,-20.8263,-62.7395
8704502,-173.50,-201.50,-26.4129,-68.7290
8708408,-175.50,-186.50,-27.7194,-58.0176
8712314,-187.50,-189.50,-29.7452,-40.8432
8716220,-178.50,-175.50,-32.1877,-28.7503
8720126,-196.50,-181.50,-33.8038,-22.6308
8724032,-190.50,-177.50,-37.5023,-21.5461
8727938,-169.50,-186.50,-37.3379,-23.5512
8731844,-160.50,-175.50,-27.2371,-24.5115
8735750,-170.50,-168.50,-16.0803,-20.3659
8739656,-168.50,-143.50,-12.2438,-9.6716
8743562,-178.50,-136.50,-14.6347,5.0750
8747468,-174.50,-122.50,-19.8464,19.2414
8751374,-159.50,-88.50,-20.9294,35.7195
8755280,-128.50,-114.50,-9.4299,51.2512
8759186,-168.50,-213.50,4.3242,36.3180
8763092,-174.50,-229.50,1.2405,-15.2958
8766998,-143.50,-217.50,-6.9150,-59.9185
8770904,-142.50,-201.50,-2.5212,-69.5554
8774810,-117.50,-178.50,10.1047,-54.4452
8778716,-100.50,-155.50,27.7800,-29.0568
8782622,-64.50,-146.50,51.6644,-3.6324
8786528,-78.50,-145.50,73.1865,12.6759
8790434,-101.50,-143.50,75.5308,17.3531
8794340,-122.50,-140.50,57.1872,16.1674
8798246,-111.50,-140.50,37.5124,15.3972
8802152,-115.50,-149.50,30.3996,15.1477
8806058,-132.50,-181.50,27.8292,7.7784
8809964,-136.50,-182.50,20.0534,-8.7295
8813870,-138.50,-176.50,11.5921,-21.9016
8817776,-148.50,-191.50,5.9950,-26.8115
8821682,-152.50,-204.50,0.6908,-31.8873
8825588,-159.50,-194.50,-5.3932,-36.9910
8829494,-180.50,-191.50,-14.4265,-36.3180
8833400,-175.50,-198.50,-25.2185,-34.2014
8837306,-168.50,-204.50,-29.2301,-36.6244
8841212,-173.50,-205.50,-26.3831,-40.6134
8845118,-186.50,-207.50,-26.5611,-42.0348
8849024,-196.50,-209.50,-33.8061,-42.3814
8852930,-206.50,-192.50,-44.1843,-41.1739
8856836,-216.50,-200.50,-54.2432,-37.0564
8860742,-224.50,-177.50,-63.3847,-30.1691
8864648,-207.50,-196.50,-67.3324,-22.3627
8868554,-166.50,-206.50,-55.8759,-22.8379
8872460,-154.50,-185.50,-29.7907,-28.3021
8876366,-160.50,-197.50,-7.6254,-28.7650
8880272,-142.50,-193.50,2.5245,-27.4404
8884178,-136.50,-162.50,9.4717,-20.6212
8888084,-143.50,-157.50,14.2562,-4.3540
8891990,-144.50,-153.50,13.1792,9.9577
8895896,-127.50,-162.50,12.9412,13.8896
8899802,-130.50,-175.50,18.4100,8.5512
8903708,-129.50,-168.50,23.3504,1.1899
8907614,-137.50,-168.50,22.8007,-1.0729
8911520,-122.50,-173.50,20.9159,-1.2432
8915426,-110.50,-162.50,25.4138,-1.5888
8919332,-140.50,-165.50,29.6603,0.9073
8923238,-124.50,-166.50,25.6523,4.1494
8927144,-121.50,-156.50,23.1595,6.7288
8931050,-137.50,-144.50,23.0020,11.7784
8934956,-121.50,-152.50,20.7090,17.1210
8938862,-111.50,-170.50,23.7162,15.2982
8942768,-128.50,-207.50,29.0291,0.9973
8946674,-142.50,-207.50,24.8281,-20.6921
8950580,-129.50,-209.50,15.7890,-36.5188
8954486,-121.50,-180.50,14.5319,-37.7071
8958392,-124.50,-165.50,19.4663,-23.2848
8962298,-128.50,-169.50,21.9521,-4.3196
8966204,-132.50,-165.50,20.1489,6.6133
8970110,-149.50,-170.50,13.9772,8.3276
8974016,-161.50,-189.50,2.1944,1.0668
8977922,-173.50,-190.50,-12.3290,-11.6063
8981828,-173.50,-177.50,-23.6959,-17.2956
8985734,-161.50,-168.50,-26.1764,-10.4246
8989640,-143.50,-133.50,-17.6519,5.6312
8993546,-136.50,-117.50,-3.4584,27.2580
8997452,-120.50,-105.50,10.1132,47.5824
9001358,-116.50,-129.50,21.6160,57.1686
9005264,-123.50,-167.50,27.9935,46.9764
9009170,-105.50,-138.50,30.1940,27.4999
9013076,-94.50,-133.50,35.8757,21.0956
9016982,-86.50,-144.50,45.3802,24.2210
9020888,-85.50,-134.50,53.4056,26.4632
9024794,-127.50,-149.50,50.5731,28.2692
9028700,-117.50,-159.50,35.3613,24.6932
9032606,-111.50,-129.50,24.2551,19.6156
9036512,-93.50,-138.50,26.4307,21.7754
9040418,-101.50,-149.50,34.5360,23.8996
9044324,-83.50,-143.50,42.2857,22.7001
9048230,-80.50,-131.50,50.7974,25.2636
9052136,-89.50,-121.50,55.6555,31.8269
9056042,-53.50,-129.50,57.8997,35.7675
9059948,-93.50,-138.50,60.1652,33.3802
9063854,-116.50,-143.50,49.8207,28.3289
9067760,-120.50,-132.50,29.8663,26.3505
9071666,-114.50,-134.50,16.9048,27.1179
9075572,-125.50,-136.50,11.5067,25.6396
9079478,-140.50,-144.50,4.5081,21.6477
9083384,-143.50,-130.50,-4.6004,21.3942
9087290,-150.50,-127.50,-10.6253,27.6271
9091196,-145.50,-141.50,-13.5583,30.5490
9095102,-143.50,-140.50,-14.8599,23.9163
9099008,-152.50,-113.50,-16.4590,21.3625
9102914,-141.50,-138.50,-16.9559,28.0389
9106820,-143.50,-151.50,-12.8655,27.7502
9110726,-158.50,-141.50,-11.2215,18.6045
9114632,-157.50,-153.50,-17.8281,10.4989
9118538,-133.50,-127.50,-21.4175,8.6881
9122444,-132.50,-143.50,-13.3035,14.4584
9126350,-124.50,-130.50,-0.8304,20.9299
9130256,-118.50,-117.50,8.9447,27.0058
9134162,-129.50,-110.50,12.1360,34.3916
9138068,-137.50,-111.50,6.2114,39.5123
9141974,-145.50,-165.50,-3.7587,33.0799
9145880,-143.50,-168.50,-10.4158,11.8801
9149786,-157.50,-171.50,-14.0617,-8.2762
9153692,-172.50,-173.50,-21.9313,-18.7330
9157598,-150.50,-132.50,-30.0071,-16.6738
9161504,-142.50,-130.50,-26.6281,0.9043
9165410,-112.50,-144.50,-10.9228,17.8194
9169316,-138.50,-140.50,4.6639,21.0530
9173222,-160.50,-144.50,2.5825,15.9021
9177128,-172.50,-143.50,-15.8219,9.0200
9181034,-147.50,-132.50,-29.2446,7.1144
9184940,-149.50,-138.50,-26.8875,12.3320
9188846,-180.50,-152.50,-24.1184,14.9305
9192752,-189.50,-144.50,-34.1348,10.1617
9196658,-184.50,-159.50,-46.4040,2.3789
9200564,-165.50,-164.50,-47.7574,-6.4580
9204470,-164.50,-181.50,-39.4744,-14.9837
9208376,-160.50,-165.50,-30.4308,-19.3650
9212282,-152.50,-132.50,-22.8365,-12.1294
9216188,-174.50,-130.50,-19.4804,4.3081
9220094,-170.50,-118.50,-24.7497,18.4774
9224000,-172.50,-130.50,-32.1911,26.5329
9227906,-169.50,-110.50,-35.0396,31.3822
9231812,-140.50,-108.50,-28.3999,36.6892
9235718,-156.50,-173.50,-15.2651,28.7140
9239624,-176.50,-177.50,-13.0071,-0.2204
9243530,-160.50,-136.50,-21.8076,-17.9433
9247436,-160.50,-153.50,-25.6076,-9.4681
9251342,-152.50,-157.50,-21.6049,-1.2056
9255248,-141.50,-143.50,-13.2865,-2.1035
9259154,-136.50,-140.50,-3.1644,-0.3012
9263060,-120.50,-142.50,6.4804,5.0752
9266966,-111.50,-128.50,16.4366,10.8657
9270872,-101.50,-122.50,26.6446,17.5490
9274778,-107.50,-144.50,34.0743,18.8904
9278684,-127.50,-140.50,32.5711,11.8777
9282590,-153.50,-121.50,17.9748,9.5523
9286496,-158.50,-127.50,-3.1504,16.4943
9290402,-152.50,-134.50,-17.1437,19.9688
9294308,-150.50,-164.50,-18.7965,10.7911
9298214,-156.50,-167.50,-15.4283,-6.6848
9302120,-161.50,-184.50,-14.9293,-22.0602
9306026,-174.50,-175.50,-19.8564,-30.7574
9309932,-174.50,-154.50,-28.0349,-29.1084
9313838,-161.50,-161.50,-31.6982,-19.8371
9317744,-163.50,-146.50,-27.7082,-11.1368
9321650,-157.50,-162.50,-21.5005,-5.8374
9325556,-130.50,-129.50,-12.1677,-1.4245
9329462,-138.50,-157.50,0.1319,2.5819
9333368,-130.50,-166.50,7.4481,-2.7995
9337274,-121.50,-153.50,11.4817,-11.9178
9341180,-130.50,-159.50,15.2490,-12.6571
9345086,-139.50,-164.50,13.6268,-11.2155
9348992,-139.50,-173.50,7.1691,-15.0636
9352898,-143.50,-179.50,1.2841,-22.9707
9356804,-143.50,-189.50,-2.1741,-31.2167
9360710,-148.50,-178.50,-4.0370,-35.3539
9364616,-170.50,-175.50,-9.0826,-32.7091
9368522,-138.50,-189.50,-14.0046,-30.2083
9372428,-109.50,-175.50,-4.2825,-31.5252
9376334,-111.50,-143.50,15.8676,-24.6247
9380240,-134.50,-145.50,25.1166,-7.2569
9384146,-109.50,-120.50,23.0507,9.6607
9388052,-94.50,-111.50,27.2066,24.1855
9391958,-116.50,-122.50,33.8676,33.2434
9395864,-92.50,-125.50,34.0858,32.2328
9399770,-115.50,-104.50,33.2822,30.4002
9403676,-104.50,-121.50,32.0635,32.7326
9407582,-105.50,-122.50,31.4009,31.1285
9411488,-111.50,-108.50,30.2714,28.4009
9415394,-148.50,-112.50,19.9168,31.0401
9419300,-143.50,-136.50,2.3101,29.9846
9423206,-131.50,-157.50,-6.2043,16.4463
9427112,-127.50,-160.50,-1.4327,-2.4840
9431018,-124.50,-146.50,5.4120,-12.4380
9434924,-124.50,-146.50,8.7987,-10.0121
9438830,-130.50,-133.50,9.4118,-2.0394
9442736,-154.50,-143.50,4.4117,4.9367
9446642,-150.50,-145.50,-6.5953,5.9417
9450548,-149.50,-175.50,-15.3555,-2.4610
9454454,-143.50,-192.50,-16.9755,-20.7884
9458360,-154.50,-190.50,-15.0886,-39.3122
9462269,-154.50,-228.50,-14.5546,-53.4399
9466175,-132.50,-184.50,-11.9517,-61.3675
9470081,-130.50,-150.50,-4.1795,-48.2555
9473987,-132.50,-145.50,1.8615,-20.1344
9477893,-143.50,-110.50,1.5811,5.5367
9481799,-128.50,-116.50,0.4702,25.6265
9485705,-126.50,-126.50,4.1989,33.6923
9489611,-136.50,-137.50,6.5039,27.1503
9493517,-129.50,-121.50,3.3968,18.0130
9497423,-127.50,-128.50,2.4187,15.7699
9501329,-111.50,-136.50,8.6161,15.4908
9505235,-96.50,-109.50,20.8853,17.1696
9509141,-96.50,-120.50,32.4250,24.0531
9513047,-88.50,-140.50,38.1334,23.9974
9516953,-102.50,-133.50,38.9643,14.3228
9520859,-110.50,-145.50,34.6585,6.1233
9524765,-124.50,-148.50,25.1654,0.8454
9528671,-143.50,-140.50,10.4241,-1.9273
9532577,-151.50,-124.50,-7.1327,1.8944
9536483,-146.50,-125.50,-18.5127,10.4126
9540389,-131.50,-112.50,-16.7833,18.7620
9544295,-132.50,-141.50,-6.9384,21.3599
9548201,-143.50,-142.50,-2.1757,13.5370
9552107,-141.50,-148.50,-6.0330,1.9520
9556013,-100.50,-189.50,-3.5210,-12.5353
9559919,-124.50,-169.50,9.1363,-29.2552
9563825,-112.50,-148.50,16.5552,-31.0994
9567731,-106.50,-172.50,18.5965,-21.7108
9571637,-97.50,-146.50,22.8655,-16.4862
9575543,-97.50,-144.50,28.0302,-10.7891
9579449,-95.50,-165.50,31.5861,-7.1251
9583355,-83.50,-152.50,35.1866,-10.3807
9587261,-95.50,-112.50,38.3610,-5.3058
9591167,-101.50,-164.50,35.4271,4.3929
9595073,-116.50,-153.50,25.9358,-0.5833
9598979,-133.50,-182.50,12.4911,-14.5112
9602885,-170.50,-209.50,-6.8011,-32.4619
9606791,-144.50,-166.50,-25.1250,-45.8750
9610697,-142.50,-146.50,-28.5909,-37.0223
9614603,-126.50,-133.50,-19.4546,-13.8910
9618509,-117.50,-143.50,-6.3223,3.7638
9622415,-111.50,-148.50,6.4962,8.1729
9626321,-123.50,-143.50,12.6659,4.6849
9630227,-111.50,-166.50,11.6490,-2.7604
9634133,-110.50,-164.50,10.7626,-14.1009
9638039,-124.50,-142.50,9.9730,-17.6837
9641945,-150.50,-159.50,1.5754,-10.6547
9645851,-152.50,-174.50,-13.1624,-9.7059
9649757,-175.50,-197.50,-28.2308,-22.9414
9653663,-184.50,-218.50,-43.6522,-44.7547
9657569,-191.50,-218.50,-57.0119,-64.1641
9661475,-194.50,-220.50,-64.0457,-72.4079
9665381,-209.50,-202.50,-67.9212,-69.2137
9669287,-222.50,-216.50,-75.2615,-62.1022
9673193,-229.50,-236.50,-86.3746,-63.6841
9677099,-252.50,-226.50,-98.8547,-72.2466
9681005,-261.50,-224.50,-112.0807,-74.7245
9684911,-256.50,-225.50,-120.4355,-71.3428
9688817,-248.50,-239.50,-119.1937,-71.1590
9692723,-256.50,-271.50,-114.0689,-81.1589
9696629,-258.50,-304.50,-112.4152,-103.2140
9700535,-268.50,-297.50,-114.2909,-126.2074
9704441,-272.50,-293.50,-117.6188,-135.6111
9708347,-261.50,-281.50,-118.7989,-131.1289
9712253,-256.50,-256.50,-114.5893,-116.6946
9716159,-234.50,-256.50,-104.3413,-96.8913
9720065,-228.50,-260.50,-88.7604,-83.1558
9723971,-268.50,-281.50,-81.0849,-83.6510
9727877,-266.50,-268.50,-90.4518,-92.4214
9731783,-208.50,-244.50,-93.1899,-92.0716
9735689,-207.50,-251.50,-73.5028,-79.6676
9739595,-208.50,-256.50,-52.0077,-69.9690
9743501,-239.50,-271.50,-47.2912,-70.8130
9747407,-256.50,-260.50,-59.7284,-76.7390
9751313,-260.50,-261.50,-78.4022,-78.9828
9755219,-260.50,-251.50,-91.5664,-75.3108
9759125,-248.50,-231.50,-93.8821,-64.5699
9763031,-266.50,-282.50,-88.7543,-57.5723
9766937,-287.50,-280.50,-89.0066,-68.0908
9770843,-312.50,-272.50,-102.2985,-81.5293
9774749,-334.50,-306.50,-125.4827,-89.1892
9778655,-353.50,-335.50,-150.3460,-103.9891
9782561,-354.50,-326.50,-166.7350,-121.4474
9786467,-357.50,-326.50,-169.9903,-127.2448
9790373,-380.50,-338.50,-169.9287,-126.4397
9794279,-380.50,-349.50,-176.2921,-130.0873
9798185,-336.50,-344.50,-175.8027,-134.9470
9802091,-347.50,-370.50,-159.4163,-138.0027
9805997,-354.50,-357.50,-144.4068,-141.7328
9809903,-353.50,-356.50,-140.0124,-141.9940
9813809,-335.50,-329.50,-136.9900,-133.8314
9817715,-306.50,-310.50,-125.5038,-115.2830
9821621,-306.50,-304.50,-106.8094,-92.1724
9825527,-290.50,-300.50,-88.7793,-75.1964
9829433,-300.50,-285.50,-75.5889,-65.2013
9833339,-272.50,-303.50,-66.6060,-60.9183
9837245,-252.50,-285.50,-54.5160,-60.6562
9841151,-253.50,-269.50,-39.6488,-53.8486
9845057,-273.50,-268.50,-32.7211,-39.8199
9848963,-239.50,-280.50,-29.8034,-31.9503
9852869,-207.50,-242.50,-14.9194,-28.2244
9856775,-191.50,-220.50,9.5857,-13.4213
9860681,-175.50,-205.50,30.9724,10.6724
9864587,-162.50,-165.50,48.6204,36.8152
9868493,-130.50,-156.50,68.8062,63.4438
9872399,-116.50,-153.50,91.5704,81.7921
9876305,-112.50,-168.50,107.2024,85.2121
9880211,-98.50,-157.50,113.6906,80.1505
9884117,-82.50,-143.50,121.7496,79.9332
9888023,-68.50,-124.50,136.2934,89.6656
9891929,-82.50,-115.50,147.1554,103.8207
9895835,-113.50,-128.50,139.4460,112.5885
9899741,-124.50,-108.50,115.5080,114.6970
9903647,-142.50,-118.50,91.8410,116.3481
9907553,-115.50,-136.50,81.7344,112.3267
9911459,-81.50,-121.50,92.5688,102.9046
9915365,-60.50,-111.50,117.3871,101.2604
9919271,-79.50,-90.50,135.7008,111.1853
9923177,-68.50,-77.50,139.3233,127.0236
9927083,-79.50,-47.50,136.9378,144.9545
9930989,-103.50,-22.50,127.9314,165.7625
9934895,-112.50,-31.50,109.0208,183.2351
9938801,-105.50,-57.50,92.2685,183.8021
9942707,-94.50,-86.50,89.6754,164.3615
9946613,-63.50,-85.50,102.6854,138.2688
9950519,-61.50,-79.50,122.1911,122.2671
9954425,-37.50,-61.50,137.3182,121.8895
9958331,-32.50,-36.50,147.9717,135.0670
9962237,-34.50,-27.50,154.8204,154.8654
9966143,-47.50,-36.50,154.1506,167.6723
9970049,-52.50,-31.50,145.7866,167.5911
9973955,-53.50,-33.50,134.7217,161.7992
9977861,-56.50,-66.50,125.9489,151.1642
9981767,-46.50,-83.50,122.7016,131.6369
9985673,-45.50,-94.50,125.8048,109.8837
9989579,-47.50,-94.50,129.3396,94.2672
9993485,-34.50,-90.50,130.1609,86.8569
9997391,-40.50,-79.50,130.0894,87.5951
10001297,-56.50,-79.50,125.7228,93.7074
10005203,-52.50,-63.50,117.5088,101.5837
10009109,-61.50,-52.50,110.7810,110.6058
10013015,-47.50,-75.50,106.9336,113.8384
10016921,-34.50,-79.50,108.8262,105.1556
10020827,-40.50,-58.50,114.6032,97.5619
10024733,-26.50,-53.50,119.7116,102.1370
10028639,-57.50,-78.50,119.6988,105.7633
10032545,-63.50,-68.50,108.0453,98.8644
10036451,-64.50,-65.50,91.7148,92.5761
10040357,-72.50,-95.50,80.6029,87.6647
10044263,-62.50,-102.50,76.4283,75.2337
10048169,-81.50,-111.50,75.6455,59.7862
10052075,-47.50,-69.50,76.4440,55.2815
10055981,-35.50,-40.50,85.0548,71.6834
10059887,-42.50,-45.50,95.7654,96.3285
10063793,-47.50,-57.50,97.8328,107.3602
10067699,-64.50,-47.50,91.4299,104.7929
10071605,-61.50,-47.50,80.9932,100.5931
10075511,-61.50,-47.50,72.4447,97.4946
10079417,-74.50,-59.50,65.7141,92.6454
10083323,-64.50,-48.50,60.4868,88.4494
10087229,-76.50,-91.50,59.1183,82.0886
10091135,-72.50,-79.50,57.9262,67.9157
10095041,-73.50,-108.50,54.8444,51.1173
10098947,-81.50,-94.50,49.9773,37.8086
10102853,-104.50,-104.50,40.5654,32.2911
10106759,-49.50,-74.50,37.5308,36.8735
10110665,7.50,-6.50,61.7451,59.5449
10114571,-46.50,-15.50,92.2875,94.5056
10118477,-111.50,-74.50,82.3227,105.1040
10122383,-90.50,-92.50,43.7819,79.6632
10126289,-98.50,-108.50,20.6731,46.0788
10130195,-85.50,-117.50,17.5737,21.8529
10134101,-129.50,-134.50,13.5767,3.9484
10138007,-143.50,-130.50,-3.0861,-8.5486
10141913,-154.50,-134.50,-22.5890,-11.7432
10145819,-144.50,-138.50,-32.3509,-9.7605
10149725,-154.50,-130.50,-35.3463,-9.1456
10153631,-175.50,-143.50,-42.5638,-12.1665
10157537,-168.50,-153.50,-52.8837,-20.0552
10161443,-169.50,-175.50,-55.1778,-31.1139
10165349,-176.50,-181.50,-52.6433,-42.7922
10169255,-183.50,-180.50,-55.6437,-52.1217
10173161,-173.50,-153.50,-61.6437,-53.2282
10177067,-148.50,-132.50,-57.6359,-40.7776
10180973,-136.50,-141.50,-39.7615,-22.2948
10184879,-117.50,-130.50,-17.9147,-9.6221
10188785,-133.50,-124.50,-5.0294,-2.7874
10192691,-111.50,-122.50,-3.0909,-0.1715
10196597,-100.50,-130.50,1.1144,-2.5489
10200503,-95.50,-111.50,12.1335,-3.1307
10204409,-114.50,-165.50,18.4382,-4.3236
10208315,-107.50,-164.50,14.6053,-18.2270
10212221,-79.50,-149.50,13.2891,-33.4155
10216127,-77.50,-137.50,22.8265,-34.2695
10220033,-64.50,-149.50,35.8147,-27.2911
10223939,-56.50,-112.50,47.6222,-16.4933
10227845,-72.50,-84.50,53.2217,4.9025
10231751,-64.50,-79.50,49.3448,28.9477
10235657,-63.50,-79.50,44.2567,40.4358
10239563,-68.50,-79.50,42.3992,41.3237
10243469,-79.50,-104.50,39.5439,37.0128
10247375,-97.50,-89.50,31.1000,29.9893
10251281,-113.50,-80.50,15.6858,27.5342
10255187,-112.50,-92.50,-0.5446,27.6611
10259093,-101.50,-77.50,-7.3386,27.0161
10262999,-117.50,-91.50,-5.9972,29.2510
10266905,-101.50,-140.50,-3.8786,22.1731
10270811,-96.50,-128.50,0.4156,0.1768
10274717,-79.50,-108.50,8.2964,-14.2305
10278623,-76.50,-110.50,17.5198,-10.9637
10282529,-94.50,-98.50,21.6807,-0.1153
10286435,-109.50,-65.50,14.7766,16.8101
10290341,-98.50,-136.50,4.0713,24.9988
10294247,-91.50,-154.50,0.6476,2.2773
10298153,-56.50,-159.50,9.2710,-32.2605
10302059,-116.50,-160.50,17.2260,-50.4085
10305965,-116.50,-162.50,7.0698,-52.6529
10309871,-111.50,-143.50,-8.1576,-46.8911
10313777,-82.50,-112.50,-9.2000,-32.9515
10317683,-74.50,-82.50,2.4764,-9.2910
10321589,-116.50,-122.50,8.8281,9.2249
10325495,-156.50,-166.50,-6.9868,0.2099
10329401,-172.50,-169.50,-37.3230,-29.1965
10333307,-169.50,-150.50,-62.8663,-49.4770
10337213,-182.50,-180.50,-77.3998,-55.7546
10341119,-156.50,-158.50,-80.2519,-58.2918
10345025,-180.50,-166.50,-72.8421,-54.5927
10348931,-207.50,-194.50,-72.2019,-52.9677
10352837,-184.50,-175.50,-81.9246,-60.4716
10356743,-190.50,-194.50,-87.9516,-68.4862
10360649,-188.50,-191.50,-88.7573,-74.6224
10364555,-192.50,-211.50,-86.3571,-79.3942
10368461,-175.50,-182.50,-78.5309,-78.8810
10372367,-154.50,-172.50,-64.8825,-69.0657
10376273,-136.50,-155.50,-49.0304,-54.8536
10380179,-156.50,-153.50,-39.5748,-42.6082
10384085,-158.50,-164.50,-39.9361,-35.2826
10387991,-140.50,-145.50,-38.9990,-31.1403
10391897,-128.50,-170.50,-29.6904,-29.8210
10395803,-109.50,-185.50,-17.9327,-39.9346
10399709,-147.50,-175.50,-14.4060,-54.5247
10403615,-157.50,-153.50,-24.3754,-54.1917
10407521,-194.50,-149.50,-41.9480,-38.7255
10411427,-221.50,-160.50,-66.2977,-26.6120
10415333,-222.50,-202.50,-93.8287,-34.5021
10419239,-203.50,-234.50,-107.9108,-63.0087
10423145,-194.50,-212.50,-100.3219,-89.3586
10427051,-165.50,-182.50,-77.3757,-88.9049
10430957,-139.50,-143.50,-48.2858,-62.8136
10434863,-147.50,-191.50,-27.0291,-39.3714
10438769,-157.50,-218.50,-24.6175,-45.1381
10442675,-127.50,-207.50,-27.0782,-65.8483
10446581,-160.50,-200.50,-22.8236,-74.4146
10450487,-158.50,-184.50,-23.6967,-69.3171
10454393,-138.50,-158.50,-28.1000,-55.2827
10458299,-157.50,-175.50,-29.1878,-38.7940
10462205,-155.50,-182.50,-31.5361,-32.0271
10466111,-121.50,-159.50,-26.4341,-31.6512
10470017,-121.50,-149.50,-9.3908,-26.6287
10473923,-128.50,-160.50,1.9397,-21.2451
10477829,-124.50,-152.50,0.2151,-19.5102
10481735,-104.50,-122.50,0.0102,-10.7088
10485641,-111.50,-112.50,8.3953,8.1857
10489547,-127.50,-94.50,12.7942,25.6651
10493453,-126.50,-100.50,6.1776,34.7920
10497359,-122.50,-131.50,-2.1473,31.9052
10501269,-126.50,-149.50,-5.2722,16.8121
10505175,-128.50,-159.50,-4.8503,-2.1629
10509081,-153.50,-144.50,-7.6562,-15.2737
10512987,-165.50,-159.50,-19.8037,-20.6729
10516893,-143.50,-153.50,-31.7909,-22.1798
10520799,-174.50,-197.50,-36.5950,-26.0958
10524705,-175.50,-203.50,-42.3656,-39.7195
10528611,-174.50,-175.50,-47.4120,-52.0869
10532517,-190.50,-175.50,-50.3321,-50.8872
10536423,-174.50,-175.50,-54.3191,-43.5949
10540329,-146.50,-175.50,-49.6403,-36.2764
10544235,-131.50,-217.50,-31.1107,-36.9293
10548141,-144.50,-207.50,-12.5024,-51.2477
10552047,-154.50,-207.50,-8.3765,-65.7744
10555953,-153.50,-186.50,-15.9046,-67.0549
10559859,-142.50,-175.50,-22.0024,-53.1577
10563765,-165.50,-148.50,-24.3158,-29.5748
10567671,-157.50,-138.50,-27.2884,-6.3960
10571577,-111.50,-146.50,-20.0583,4.8054
10575483,-103.50,-143.50,2.2386,3.1439
10579389,-98.50,-158.50,22.0314,-1.6006
10583295,-86.50,-165.50,32.1801,-6.3732
10587201,-125.50,-153.50,33.0807,-10.0881
10591107,-56.50,-90.50,33.1409,-0.5187
10595013,-52.50,-109.50,48.8035,22.4557
10598919,-108.50,-159.50,57.8876,29.6638
10602825,-141.50,-165.50,35.2900,11.7551
10606731,-63.50,-142.50,15.7662,-4.4312
10610637,-53.50,-105.50,32.7660,-0.1362
10614543,-70.50,-149.50,56.9662,10.1017
10618449,-57.50,-108.50,62.0683,13.8556
10622355,-66.50,-114.50,60.2311,23.8772
10626261,-88.50,-122.50,55.5910,34.1076
10630167,-47.50,-84.50,51.1558,36.5042
10634073,-52.50,-94.50,55.6348,40.2810
10637979,-40.50,-89.50,63.1987,45.2709
10641885,-72.50,-122.50,64.5867,45.8098
10645791,-47.50,-108.50,61.6077,39.8431
10649697,-61.50,-136.50,60.4570,28.0903
10653603,-66.50,-130.50,55.7329,11.9005
10657509,-92.50,-114.50,41.8640,4.5563
10661415,-115.50,-141.50,22.5205,9.6542
10665321,-122.50,-120.50,4.6533,14.5332
10669227,-155.50,-163.50,-11.6998,9.9901
10673133,-131.50,-169.50,-27.3453,-9.5097
10677039,-144.50,-184.50,-34.5466,-32.0654
10680945,-143.50,-202.50,-34.4895,-45.8802
10684851,-149.50,-173.50,-32.3609,-48.6101
10688757,-153.50,-129.50,-31.7559,-33.6749
10692663,-110.50,-128.50,-28.7366,-8.9477
10696569,-121.50,-156.50,-18.3129,3.0041
10700475,-105.50,-126.50,-7.2466,3.3815
10704381,-106.50,-159.50,2.8898,4.4084
10708287,-120.50,-166.50,8.2421,-3.3017
10712193,-147.50,-146.50,-1.7480,-16.2983
10716099,-111.50,-113.50,-16.7378,-12.6250
10720005,-77.50,-94.50,-10.7056,11.9958
10723911,-82.50,-117.50,14.0029,35.9674
10727817,-105.50,-93.50,28.5804,43.3473
10731723,-94.50,-111.50,24.6267,39.9591
10735629,-95.50,-129.50,16.5641,28.5749
10739535,-66.50,-74.50,16.8931,23.9957
10743441,-60.50,-54.50,29.2983,44.9715
10747347,-36.50,-36.50,48.5850,76.0339
10751253,-79.50,-63.50,58.9371,90.2740
10755159,-89.50,-81.50,46.7832,80.0213
10759065,-108.50,-54.50,21.9854,65.7129
10762971,-81.50,-71.50,6.7666,64.2037
10766877,-65.50,-65.50,12.9581,65.1633
10770783,-84.50,-49.50,26.8446,65.1770
10774689,-36.50,-68.50,36.8788,66.4095
10778595,-26.50,-76.50,52.3662,62.5183
10782501,-48.50,-79.50,64.9554,54.8665
10786407,-96.50,-88.50,54.8227,46.9486
10790313,-45.50,-63.50,36.1432,42.3423
10794219,-72.50,-69.50,31.8568,45.3389
10798125,-100.50,-121.50,26.0846,41.9070
10802031,-130.50,-120.50,4.0470,23.1649
10805937,-170.50,-177.50,-26.4959,-3.6511
10809843,-149.50,-132.50,-51.4143,-27.6178
10813749,-146.50,-105.50,-58.0760,-27.3122
10817655,-140.50,-155.50,-52.8002,-13.7134
10821561,-239.50,-245.50,-62.3891,-30.3201
10825467,-225.50,-244.50,-94.9351,-77.0992
10829373,-190.50,-196.50,-113.3991,-106.1553
10833279,-152.50,-178.50,-97.0959,-96.4998
10837185,-221.50,-224.50,-80.0449,-79.8456
10841091,-217.50,-236.50,-89.1212,-82.3441
10844997,-238.50,-269.50,-106.0661,-98.2124
10848903,-255.50,-285.50,-118.8991,-121.1988
10852809,-240.50,-252.50,-130.4046,-139.9112
10856715,-213.50,-368.50,-130.2411,-158.0816
10860621,-195.50,-207.50,-112.2273,-165.2683
10864527,-233.50,-232.50,-92.9739,-128.2720
10868433,-194.50,-202.50,-84.9497,-81.8947
10872339,-226.50,-218.50,-83.9110,-64.9396
10876245,-195.50,-316.50,-87.6227,-83.4814
10880151,-192.50,-264.50,-85.0383,-119.4238
10884057,-242.50,-213.50,-80.7315,-120.5457
10887963,-169.50,-158.50,-78.0297,-79.2980
10891869,-184.50,-197.50,-63.8225,-40.3101
10895775,-152.50,-198.50,-48.0154,-31.8649
10899681,-129.50,-184.50,-32.1842,-34.6651
10903587,-240.50,-244.50,-28.8102,-39.3745
10907493,-122.50,-191.50,-38.7257,-52.1952
10911399,-157.50,-143.50,-29.6976,-47.4204
10915305,-141.50,-116.50,-16.9085,-13.9726
10919211,-95.50,-154.50,-7.5642,18.3633
10923117,-120.50,-126.50,11.8566,30.3674
10927023,-124.50,-114.50,24.1596,34.1615
10930929,-143.50,-208.50,18.5250,20.8832
10934835,-130.50,-223.50,3.3810,-21.7712
10938741,-197.50,-329.50,-17.3201,-76.0784
10942647,-114.50,-190.50,-29.5798,-105.2157
10946553,-50.50,-115.50,-0.0631,-68.8557
10950459,-144.50,-110.50,38.7812,0.0664
10954365,-73.50,-117.50,41.3633,40.7230
10958271,-109.50,-80.50,33.8555,58.6275
10962177,-160.50,-240.50,21.6004,50.1855
10966083,-161.50,-164.50,-3.5948,5.4449
10969989,-148.50,-205.50,-20.4892,-32.7631
10973895,-146.50,-201.50,-22.5209,-48.1600
10977801,-177.50,-276.50,-24.8089,-61.1198
10981707,-164.50,-233.50,-31.7049,-73.5178
10985613,-285.50,-218.50,-51.5003,-71.6603
10989519,-160.50,-193.50,-75.9540,-58.2945
10993425,-112.50,-131.50,-58.2806,-35.2315
10997331,-168.50,-116.50,-19.8427,5.6912
11001237,-221.50,-195.50,-20.5728,33.3510
11005143,-280.50,-255.50,-59.0868,8.6027
11009049,-192.50,-212.50,-89.9147,-42.1332
11012955,-134.50,-90.50,-73.8076,-46.7608
11016861,-257.50,-264.50,-51.1981,-19.6700
11020767,-273.50,-204.50,-73.7553,-23.5059
11024673,-158.50,-71.50,-87.7816,-11.5850
11028579,-244.50,-209.50,-65.0460,23.0851
11032485,-204.50,-143.50,-58.3382,17.8267
11036391,-104.50,-129.50,-50.3179,7.7314
11040297,-186.50,-218.50,-18.9968,11.6528
11044203,-252.50,-95.50,-16.6166,14.9850
11048109,-176.50,-136.50,-39.6684,31.6715
11052015,-203.50,-40.50,-47.5095,54.1471
11055921,-66.50,-40.50,-28.9351,85.1563
11059827,-238.50,-280.50,-5.3828,79.7788
11063733,-140.50,-159.50,-5.4807,18.0793
11067639,-186.50,-105.50,-6.5257,-7.2133
11071545,-138.50,-155.50,-2.0870,11.0207
11075451,-129.50,-270.50,0.1406,-5.4056
11079357,-212.50,-160.50,-4.8824,-37.5154
11083263,-105.50,-0.50,-7.5324,2.9297
11087169,-134.50,-271.50,17.2733,55.1405
11091075,-226.50,-239.50,20.9355,6.1692
11094981,-111.50,-82.50,-8.0189,-42.4797
11098887,-73.50,-79.50,1.4937,6.1732
11102793,-138.50,-198.50,39.8337,56.0735
11106699,-127.50,26.50,52.7092,69.7463
11110605,-79.50,-101.50,51.9427,93.5153
11114511,-138.50,-44.50,48.4248,103.3257
11118417,-252.50,-298.50,10.6350,62.3677
11122323,-100.50,22.50,-26.8486,22.5469
11126229,-108.50,-78.50,-1.3522,55.8263
11130135,-116.50,-109.50,41.2482,88.1667
11134041,-126.50,-93.50,46.3397,70.3397
11137947,-202.50,-202.50,19.5188,42.0207
11141853,-213.50,-180.50,-20.1456,7.4224
11145759,-254.50,-267.50,-52.9512,-32.6819
11149665,-190.50,-212.50,-67.7358,-71.4483
11153571,-132.50,-28.50,-50.8712,-53.2234
11157477,-80.50,-64.50,-3.1694,34.1902
11161383,-255.50,-207.50,22.0328,80.2230
11165289,-203.50,-79.50,-7.0609,56.4454
11169195,-210.50,-196.50,-39.8962,26.8149
11173101,-174.50,-176.50,-47.1072,-6.1741
11177007,-168.50,-76.50,-38.8310,-13.6919
11180913,-159.50,-145.50,-19.1724,21.2956
11184819,-204.50,-121.50,-3.5088,43.8484
11188725,-111.50,-19.50,6.3109,58.4948
11192631,-160.50,-132.50,16.0453,73.4950
11196537,-79.50,-136.50,23.3266,55.4012
11200443,-60.50,-105.50,48.6454,32.9891
11204349,-72.50,-158.50,87.4312,29.8237
11208255,-70.50,-208.50,106.5821,8.7685
11212161,-56.50,-148.50,103.2074,-23.7501
11216067,-47.50,-172.50,94.2631,-30.4936
11219973,-113.50,-117.50,83.0316,-11.1675
11223879,-130.50,-136.50,62.9032,16.5215
11227785,-132.50,-125.50,42.8449,30.7629
11231691,-149.50,-134.50,25.3622,26.4392
11235597,-189.50,-194.50,-1.3957,7.7343
11239503,-100.50,-116.50,-15.1443,-6.6687
11243409,-114.50,-94.50,10.8502,12.7150
11247315,-137.50,-114.50,40.3075,41.7336
11251221,-97.50,-110.50,44.9793,46.6372
11255127,-84.50,-80.50,45.2259,44.7073
11259033,-165.50,-92.50,38.5419,53.7445
11262939,-180.50,-146.50,12.7167,53.2525
11266845,-143.50,-148.50,-5.6757,29.4931
11270751,-121.50,-144.50,1.8428,4.2710
11274657,-140.50,-214.50,12.3705,-16.7175
11278563,-164.50,-181.50,6.5526,-37.7378
11282469,-111.50,-143.50,4.6388,-35.8668
11286375,-114.50,-148.50,24.6483,-13.1878
11290281,-101.50,-98.50,44.1719,8.8068
11294187,-118.50,-122.50,43.8346,26.3309
11298093,-148.50,-143.50,27.5948,30.0646
11301999,-122.50,-143.50,15.2186,20.1049
11305905,-111.50,-142.50,23.2598,9.9739
11309811,-107.50,-149.50,37.3637,2.1376
11313717,-109.50,-139.50,39.2342,-2.5751
11317623,-127.50,-148.50,31.1009,-0.7665
11321529,-122.50,-160.50,25.1012,1.3152
11325435,-118.50,-158.50,28.2657,-2.6886
11329341,-168.50,-165.50,24.0289,-10.7999
11333247,-143.50,-165.50,3.2588,-18.7225
11337153,-139.50,-178.50,-9.5391,-23.1645
11341059,-160.50,-169.50,-6.6474,-23.2073
11344965,-184.50,-157.50,-7.2534,-18.3249
11348871,-172.50,-175.50,-16.9327,-15.5898
11352777,-146.50,-179.50,-22.3426,-22.0769
11356683,-164.50,-202.50,-19.3696,-32.9857
11360589,-170.50,-208.50,-16.9402,-43.3182
11364495,-218.50,-206.50,-23.2787,-50.6466
11368401,-208.50,-212.50,-40.1882,-55.6973
11372307,-189.50,-206.50,-53.3625,-59.5175
11376213,-177.50,-204.50,-51.5447,-57.7602
11380119,-192.50,-206.50,-41.8155,-50.9441
11384025,-192.50,-196.50,-33.5541,-44.3392
11387931,-207.50,-194.50,-32.1780,-40.3849
11391837,-207.50,-204.50,-41.0008,-41.1108
11395743,-200.50,-214.50,-52.5082,-46.1516
11399649,-168.50,-202.50,-49.3518,-48.3452
11403555,-175.50,-228.50,-29.1713,-48.3876
11407461,-184.50,-228.50,-12.9302,-55.6871
11411367,-174.50,-213.50,-12.2670,-63.2844
11415273,-175.50,-217.50,-18.3990,-60.9026
11419179,-177.50,-212.50,-22.4199,-52.9745
11423085,-154.50,-217.50,-16.5191,-46.5763
11426991,-164.50,-207.50,-2.5331,-44.2814
11430897,-164.50,-203.50,3.8136,-42.9934
11434803,-171.50,-185.50,-2.5827,-36.9664
11438709,-142.50,-189.50,-6.9202,-25.7601
11442615,-111.50,-162.50,8.1319,-12.5616
11446521,-114.50,-171.50,35.1678,-1.1436
11450427,-143.50,-180.50,45.9376,0.3665
11454333,-132.50,-181.50,34.6846,-6.5748
11458239,-122.50,-158.50,24.4562,-7.1531
11462145,-111.50,-191.50,28.8785,-2.3549
11466051,-130.50,-200.50,37.7101,-8.3535
11469957,-132.50,-207.50,37.3964,-23.3998
11473863,-129.50,-178.50,30.2338,-29.7197
11477769,-154.50,-175.50,20.6880,-20.1032
11481675,-174.50,-175.50,5.8651,-6.4067
11485581,-162.50,-159.50,-6.9021,2.7393
11489487,-152.50,-139.50,-7.1562,12.8810
11493393,-164.50,-143.50,-2.5707,24.1140
11497299,-198.50,-202.50,-9.6818,20.2377
11501205,-207.50,-230.50,-28.5167,-7.8340
11505111,-210.50,-233.50,-43.8027,-40.6979
11509017,-207.50,-210.50,-48.9111,-55.0552
11512923,-239.50,-208.50,-54.3899,-49.8665
11516829,-238.50,-234.50,-67.0889,-43.3626
11520735,-250.50,-249.50,-78.1015,-48.6399
11524641,-243.50,-269.50,-81.0695,-62.6593
11528547,-248.50,-233.50,-79.3874,-72.5382
11532453,-239.50,-220.50,-77.4446,-66.3775
11536359,-209.50,-209.50,-70.0931,-49.2163
11540269,-202.50,-207.50,-52.5018,-31.9397
11544175,-217.50,-185.50,-37.1633,-16.4660
11548081,-205.50,-182.50,-32.8377,-3.5554
11551987,-203.50,-182.50,-32.4108,1.7911
11555893,-196.50,-191.50,-30.5488,-0.6842
11559799,-180.50,-196.50,-24.1529,-4.8073
11563705,-189.50,-192.50,-14.1862,-5.7929
11567611,-201.50,-192.50,-10.7120,-4.7970
11571517,-222.50,-208.50,-19.8967,-8.7944
11575423,-191.50,-190.50,-30.5956,-15.0708
11579329,-175.50,-175.50,-25.5624,-9.9115
11583235,-170.50,-146.50,-8.3112,9.8646
11587141,-168.50,-129.50,6.3944,34.5692
11591047,-156.50,-135.50,15.0340,50.6714
11594953,-154.50,-120.50,20.3068,55.6497
11598859,-164.50,-142.50,20.8799,56.1818
11602765,-157.50,-175.50,18.1803,46.9747
11606671,-156.50,-168.50,18.6860,28.3102
11610577,-154.50,-160.50,22.0656,15.8659
11614483,-146.50,-164.50,25.0552,14.0994
11618389,-133.50,-143.50,29.6824,19.9687
11622295,-142.50,-151.50,35.4140,30.9872
11626201,-143.50,-141.50,37.5425,39.0802
11630107,-150.50,-141.50,35.2404,41.1091
11634013,-168.50,-189.50,27.3053,31.7529
11637919,-171.50,-184.50,14.3668,11.3364
11641825,-175.50,-185.50,3.9184,-1.9825
11645731,-192.50,-180.50,-2.6521,-2.6499
11649637,-193.50,-174.50,-9.2529,0.6169
11653543,-180.50,-165.50,-12.3708,5.0678
11657449,-175.50,-145.50,-8.6607,14.7087
11661355,-184.50,-144.50,-4.1165,29.4064
11665261,-188.50,-169.50,-4.1570,35.6074
11669167,-174.50,-174.50,-4.0887,25.3997
11673073,-147.50,-174.50,4.4571,10.8507
11676979,-162.50,-190.50,16.3679,1.4562
11680885,-168.50,-196.50,18.7075,-5.3235
11684791,-170.50,-179.50,13.8385,-7.5491
11688697,-164.50,-176.50,11.5711,-2.7422
11692603,-172.50,-158.50,11.3320,5.6050
11696509,-160.50,-167.50,10.2069,13.8123
11700415,-150.50,-145.50,13.1156,21.5905
11704321,-153.50,-160.50,20.8598,28.5729
11708227,-162.50,-173.50,25.1615,26.4851
11712133,-175.50,-170.50,20.2162,15.8320
11716039,-161.50,-128.50,11.5727,15.5425
11719945,-120.50,-103.50,15.8344,36.7620
11723851,-141.50,-124.50,32.5744,60.7358
11727757,-145.50,-142.50,41.2942,63.2907
11731663,-159.50,-144.50,36.2332,48.9425
11735569,-154.50,-143.50,26.1795,35.9247
11739475,-143.50,-126.50,20.8777,33.7400
11743381,-112.50,-114.50,28.7391,42.8276
11747287,-120.50,-120.50,45.7983,54.2599
11751193,-121.50,-95.50,57.0418,62.6715
11755099,-131.50,-111.50,56.0127,68.5826
11759005,-133.50,-132.50,47.3205,64.0218
11762911,-126.50,-168.50,39.7989,44.0221
11766817,-80.50,-148.50,46.9381,22.1986
11770723,-114.50,-154.50,63.9708,14.1437
11774629,-142.50,-168.50,63.7106,12.4792
11778535,-144.50,-156.50,43.9278,9.0078
11782441,-157.50,-152.50,24.3041,10.2447
11786347,-144.50,-162.50,14.1981,14.0193
11790253,-146.50,-150.50,14.7564,15.0704
11794159,-124.50,-134.50,23.2164,18.9276
11798065,-143.50,-182.50,31.8618,19.3655
11801971,-145.50,-161.50,31.0627,9.3113
11805877,-137.50,-160.50,25.2991,3.7642
11809783,-149.50,-176.50,22.2506,3.9143
11813689,-168.50,-184.50,16.3115,-2.2659
11817595,-186.50,-160.50,2.9552,-7.3495
11821501,-168.50,-139.50,-9.2074,1.8648
11825407,-126.50,-129.50,-3.8402,21.0142
11829313,-128.50,-116.50,17.3859,38.1281
11833219,-114.50,-118.50,36.6253,48.2678
11837125,-111.50,-117.50,48.4702,51.2159
11841031,-106.50,-153.50,55.1440,44.4482
11844937,-106.50,-150.50,56.7752,28.7000
11848843,-111.50,-143.50,54.2001,17.2333
11852749,-104.50,-143.50,51.3771,16.2246
11856655,-100.50,-146.50,53.2739,18.1982
11860561,-143.50,-162.50,50.5010,16.2482
11864467,-114.50,-137.50,38.6731,13.8183
11868373,-128.50,-128.50,31.3228,19.7196
11872279,-104.50,-112.50,33.0940,31.8100
11876185,-110.50,-104.50,40.6258,44.2388
11880091,-114.50,-147.50,46.2952,46.9900
11883997,-108.50,-157.50,46.0399,32.2156
11887903,-47.50,-111.50,54.4933,20.4941
11891809,-47.50,-100.50,78.4826,30.4764
11895715,-143.50,-149.50,83.3769,39.5563
11899621,-128.50,-130.50,52.8091,31.8961
11903527,-117.50,-137.50,26.5596,25.0535
11907433,-126.50,-138.50,20.9655,23.5265
11911339,-148.50,-122.50,15.6073,22.4244
11915245,-127.50,-129.50,8.8417,23.8853
11919151,-138.50,-111.50,10.7449,29.1170
11923057,-128.50,-117.50,15.9952,37.7740
11926963,-156.50,-161.50,13.0779,35.3105
11930869,-189.50,-170.50,-5.4279,12.7462
11934775,-128.50,-157.50,-20.0315,-9.2420
11938681,-124.50,-129.50,-6.2825,-8.8239
11942587,-153.50,-153.50,11.8060,5.1686
11946493,-153.50,-141.50,8.4964,12.4498
11950399,-196.50,-191.50,-10.3684,4.5874
11954305,-144.50,-174.50,-25.3207,-14.3593
11958211,-136.50,-148.50,-17.0345,-21.9207
11962117,-194.50,-207.50,-7.4390,-19.7338
11966023,-64.50,-182.50,-0.6852,-26.7656
11969929,-143.50,-169.50,20.8243,-29.6330
11973835,-85.50,-169.50,35.7053,-21.9524
11977741,-44.50,-162.50,52.2542,-14.8940
11981647,-92.50,-207.50,72.9619,-17.3172
11985553,-82.50,-186.50,72.1116,-28.5611
11989459,-126.50,-93.50,54.3556,-18.4757
11993365,-116.50,-81.50,33.0384,23.8100
11997271,-110.50,-110.50,21.6042,57.0500
12001177,-175.50,-148.50,12.0417,53.1436
12005083,-177.50,-140.50,-11.6779,30.6497
12008989,-103.50,-97.50,-21.1102,22.5449
12012895,-205.50,-202.50,-13.9742,17.0437
12016801,-184.50,-172.50,-26.5774,-9.5782
12020707,-178.50,-271.50,-43.3353,-44.2016
12024613,-111.50,-164.50,-32.4913,-63.2367
12028519,-168.50,-193.50,-9.6029,-51.8128
12032425,-88.50,-144.50,5.5915,-29.1129
12036331,-181.50,-120.50,11.1649,-5.6488
12040237,-86.50,-64.50,9.8955,30.5680
12044143,-208.50,-191.50,3.6324,50.5184
12048049,-169.50,-225.50,-18.7322,15.3230
12051955,-144.50,-228.50,-33.1191,-44.1598
12055861,-279.50,-260.50,-43.2788,-83.9086
12059767,-147.50,-169.50,-63.1950,-88.1097
12063673,-159.50,-191.50,-51.6371,-56.9048
12067579,-187.50,-93.50,-28.5533,-12.3339
12071485,-329.50,-303.50,-53.2413,-1.3436
12075391,-108.50,-157.50,-84.3371,-35.5986
12079297,-72.50,-140.50,-39.2434,-40.3645
12083203,-224.50,-197.50,13.0501,-14.8525
12087109,-214.50,-234.50,-11.3706,-21.1210
12091015,-148.50,-161.50,-43.2237,-37.9124
12094921,-160.50,-64.50,-32.0080,-11.7550
12098827,-198.50,-196.50,-21.2694,25.9789
12102733,-220.50,-256.50,-38.4897,2.8930
12106639,-109.50,-194.50,-43.3623,-45.6920
12110545,6.50,-15.50,13.0823,-25.1122
12114451,-160.50,-189.50,73.4347,33.3543
12118357,-399.50,-340.50,16.7255,4.6151
12122263,-228.50,-148.50,-104.0443,-66.4777
12126169,-205.50,-233.50,-135.2214,-69.4861
12130075,-357.50,-559.50,-117.8193,-107.6475
12133981,-228.50,-110.50,-127.5774,-178.4531
12137887,-122.50,-18.50,-97.0894,-99.0237
12141793,-199.50,-126.50,-30.5552,47.5413
12145699,-168.50,-202.50,-3.7280,81.2508
12149605,-133.50,-280.50,-2.1325,17.4978
12153511,-142.50,-162.50,6.9679,-44.2539
12157417,-161.50,-130.50,12.0548,-40.9162
12161323,-252.50,-285.50,-7.8377,-26.8254
12165229,-61.50,-41.50,-20.5013,-19.6675
12169135,-148.50,-33.50,8.3683,47.2071
12173041,-146.50,-180.50,27.1077,100.4795
12176947,-222.50,-128.50,6.2218,67.9013
12180853,-175.50,-188.50,-21.9498,16.7289
12184759,-69.50,-49.50,-11.6355,10.6152
12188665,-94.50,-29.50,33.9559,62.5234
12192571,-227.50,-306.50,40.2503,75.6700
12196477,-146.50,-280.50,2.8349,-15.6456
12200383,32.50,-62.50,20.9439,-70.9789
12204289,-48.50,-52.50,95.6171,-4.3921
12208195,-148.50,-192.50,111.3056,59.7138
12212101,-246.50,-64.50,40.1168,60.0296
12216007,-48.50,-121.50,-12.2221,59.1873
12219913,-111.50,-143.50,15.4743,54.4747
12223819,-93.50,-86.50,50.5370,39.1315
12227725,-192.50,-143.50,37.7716,35.8364
12231631,-92.50,-126.50,13.3294,34.1705
12235537,-116.50,-79.50,21.4916,41.4637
12239443,-15.50,-69.50,55.8644,63.8583
12243349,-45.50,-111.50,90.3737,73.0273
12247255,22.50,-48.50,115.3470,69.1907
12251161,-175.50,-257.50,109.3629,47.6992
12255067,-106.50,-128.50,63.5651,3.1434
12258973,-221.50,-240.50,10.5408,-28.3261
12262879,-121.50,-170.50,-26.1530,-45.5693
12266785,-120.50,-202.50,-26.3076,-51.1207
12270691,-178.50,-214.50,-8.0674,-46.9606
12274597,-111.50,-90.50,2.3391,-26.4785
12278503,-82.50,-102.50,24.3112,20.4381
12282409,-249.50,-237.50,20.4186,30.1082
12286315,-292.50,-268.50,-50.4065,-28.4008
12290221,-116.50,-117.50,-97.9808,-65.2097
12294127,-180.50,-67.50,-61.3477,-16.3349
12298033,-185.50,-174.50,-22.6170,38.6691
12301939,-76.50,-175.50,-7.2439,27.1975
12305845,-193.50,-77.50,5.7035,9.2761
12309751,-83.50,-109.50,8.5158,32.3196
12313657,-129.50,-149.50,20.6907,46.8987
12317563,-105.50,-144.50,34.2715,28.7651
12321469,-79.50,-85.50,39.8964,18.8717
12325375,-145.50,-48.50,38.2309,44.6682
12329281,-110.50,-166.50,25.3184,64.5560
12333187,-196.50,-156.50,8.7164,38.8948
12337093,-127.50,-108.50,-7.8365,11.2834
12340999,-173.50,-249.50,-15.6403,-6.4228
12344905,-111.50,-160.50,-13.3666,-35.0704
12348811,-79.50,-118.50,8.6014,-31.9765
12352717,-110.50,-128.50,39.5889,4.2682
12356623,-54.50,-28.50,57.7384,42.7325
12360529,-92.50,-70.50,65.2745,78.7033
12364435,-73.50,-143.50,60.9658,79.9878
12368341,-124.50,-111.50,47.5647,48.2157
12372247,-233.50,-200.50,12.3252,14.7410
12376153,-111.50,-157.50,-25.8046,-15.8473
12380059,-176.50,-170.50,-29.5092,-30.3315
12383965,-29.50,-93.50,-5.0803,-16.0414
12387871,-83.50,-172.50,36.8544,7.3417
12391777,-31.50,18.50,73.5089,36.9192
12395683,-174.50,-145.50,72.9657,69.6805
12399589,-147.50,-116.50,29.1358,60.4650
12403495,-175.50,-220.50,-19.5224,13.2711
12407401,-101.50,-121.50,-32.8967,-21.9755
12411307,-93.50,-162.50,-6.6348,-22.1884
12415213,-228.50,-207.50,8.1663,-21.4875
12419119,-95.50,-105.50,-8.1801,-26.6524
12423025,-165.50,-269.50,-13.2926,-28.5246
12426931,-141.50,-120.50,-15.1349,-38.8653
12430837,-114.50,-97.50,-14.5986,-18.2281
12434743,-121.50,-121.50,2.8941,20.6415
12438649,-93.50,-47.50,22.6162,43.9799
12442555,-140.50,-149.50,27.4118,54.1749
12446461,-189.50,-163.50,1.7463,33.5037
12450367,-172.50,-77.50,-35.2386,11.9326
12454273,-121.50,-114.50,-40.0623,20.1420
12458179,-228.50,-205.50,-29.9950,13.1254
12462085,-207.50,-274.50,-48.1116,-36.9447
12465991,-122.50,-170.50,-59.2467,-77.8496
12469897,-175.50,-139.50,-39.2767,-61.5930
12473803,-160.50,-146.50,-24.8141,-23.7565
12477709,-127.50,-131.50,-16.3043,-3.8398
12481615,-142.50,-174.50,-3.5151,1.1283
12485521,-139.50,-174.50,-0.3378,-5.7606
12489427,-176.50,-200.50,-10.9183,-23.1665
12493333,-226.50,-197.50,-35.5037,-46.3752
12497239,-146.50,-194.50,-52.6958,-61.5458
12501145,-153.50,-127.50,-39.5551,-47.4180
12505051,-120.50,-156.50,-15.5347,-11.8036
12508957,-122.50,-164.50,2.5629,5.2046
12512863,-107.50,-164.50,17.1768,-5.9917
12516769,-127.50,-180.50,25.9080,-23.4951
12520675,-114.50,-111.50,25.0057,-22.0892
12524581,-111.50,-94.50,20.1481,10.2998
12528487,-113.50,-129.50,17.8401,39.5999
12532393,-111.50,-138.50,19.4355,34.5576
12536299,-156.50,-161.50,17.0903,9.9491
12540205,-134.50,-158.50,5.0562,-9.8707
12544111,-140.50,-158.50,-5.4116,-15.2147
12548017,-133.50,-150.50,-8.8179,-11.4444
12551923,-100.50,-144.50,-0.7345,-7.0456
12555829,-98.50,-154.50,20.2780,-5.8161
12559735,-102.50,-114.50,36.7133,-0.6253
12563641,-109.50,-88.50,36.4370,20.3464
12567547,-142.50,-114.50,21.1471,41.7389
12571453,-136.50,-154.50,1.7271,35.6391
12575359,-63.50,-158.50,5.4019,7.9189
12579269,-72.50,-120.50,35.9180,-6.9086
12583175,-118.50,-149.50,50.9995,-0.9056
12587081,-143.50,-161.50,30.0366,0.0707
12590987,-140.50,-148.50,0.8517,-8.0349
12594893,-169.50,-160.50,-17.1114,-12.6149
12598799,-154.50,-163.50,-27.7647,-15.3343
12602705,-185.50,-162.50,-36.2985,-18.0167
12606611,-198.50,-176.50,-48.7641,-21.1256
12610517,-197.50,-161.50,-60.9211,-24.4828
12614423,-193.50,-158.50,-63.9609,-22.7290
12618329,-206.50,-175.50,-63.7443,-20.1209
12622235,-223.50,-173.50,-70.5348,-23.0877
12626141,-245.50,-173.50,-85.1880,-26.7705
12630047,-206.50,-146.50,-92.8726,-23.5340
12633953,-212.50,-168.50,-83.6635,-16.3221
12637859,-188.50,-175.50,-68.6829,-16.9189
12641765,-191.50,-181.50,-56.7342,-24.5180
12645671,-190.50,-180.50,-49.4105,-30.5790
12649577,-197.50,-176.50,-47.0535,-32.6957
12653483,-191.50,-164.50,-47.0451,-30.0043
12657389,-168.50,-129.50,-43.5201,-17.5388
12661295,-168.50,-124.50,-34.3060,4.2527
12665201,-136.50,-127.50,-20.6686,21.2721
12669107,-144.50,-129.50,-3.9715,25.0399
12673013,-144.50,-140.50,6.2950,19.3349
12676919,-143.50,-148.50,6.5108,9.3484
12680825,-140.50,-141.50,3.4738,2.0249
12684731,-111.50,-142.50,6.9590,1.5371
12688637,-132.50,-128.50,17.0908,5.8938
12692543,-128.50,-90.50,21.6910,18.3629
12696449,-143.50,-79.50,17.3714,40.1635
12700355,-143.50,-47.50,8.2583,64.3758
12704261,-122.50,-96.50,3.9258,77.3303
12708167,-96.50,-92.50,14.9307,68.6947
12712073,-66.50,-68.50,39.8169,57.2102
12715979,-80.50,-100.50,63.0710,54.1135
12719885,-66.50,-111.50,71.9866,45.1439
12723791,-79.50,-148.50,70.6009,26.3977
12727697,-78.50,-147.50,65.1840,5.2552
12731603,-91.50,-143.50,58.2106,-7.8677
12735509,-102.50,-143.50,49.2765,-10.8785
12739415,-106.50,-142.50,38.6778,-9.8029
12743321,-133.50,-153.50,26.2548,-8.6945
12747227,-180.50,-152.50,3.9884,-9.6612
12751133,-158.50,-138.50,-21.4026,-9.5702
12755039,-173.50,-164.50,-33.0457,-10.7624
12758945,-169.50,-169.50,-34.9767,-19.7238
12762851,-179.50,-186.50,-36.5773,-31.7151
12766757,-157.50,-182.50,-35.2406,-39.8622
12770663,-161.50,-146.50,-28.0303,-36.9953
12774569,-190.50,-143.50,-26.4203,-22.4845
12778475,-158.50,-153.50,-32.2536,-11.0307
12782381,-80.50,-141.50,-17.3975,-7.0597
12786287,-60.50,-89.50,25.9659,5.9594
12790193,-188.50,-161.50,44.9019,19.1431
12794099,-221.50,-220.50,3.0174,-3.7779
12798005,-203.50,-216.50,-51.5776,-50.4170
12801911,-226.50,-274.50,-77.1982,-87.0476
12805817,-222.50,-264.50,-86.1276,-112.0273
12809723,-248.50,-190.50,-91.4296,-111.5993
12813629,-205.50,-212.50,-88.5611,-84.2210
12817535,-192.50,-175.50,-70.3630,-57.6076
12821441,-176.50,-193.50,-48.2707,-40.4253
12825347,-119.50,-212.50,-26.3173,-37.2626
12829253,-233.50,-272.50,-16.2879,-58.6342
12833159,-180.50,-193.50,-30.9442,-82.5644
12837065,-64.50,-175.50,-20.1609,-72.4494
12840971,-181.50,-221.50,13.9761,-48.8051
12844877,-236.50,-207.50,-2.5763,-44.8654
12848783,-174.50,-155.50,-44.8262,-40.2127
12852689,-132.50,-127.50,-41.2155,-15.9463
12856595,-170.50,-182.50,-11.4575,2.2950
12860501,-152.50,-168.50,-1.9191,-3.5798
12864407,-121.50,-111.50,-0.2203,-2.1328
12868313,-214.50,-159.50,-1.4878,14.3949
12872219,-90.50,-226.50,-4.3801,2.8824
12876125,-104.50,-154.50,17.6893,-27.3332
12880031,-130.50,-175.50,38.2054,-31.0718
12883937,-64.50,-150.50,42.4138,-15.2534
12887843,-100.50,-160.50,53.8512,-1.7038
12891749,-176.50,-117.50,48.3534,9.2510
12895655,-86.50,-106.50,26.4198,25.1324
12899561,-107.50,-188.50,25.6992,28.4206
12903467,-67.50,-148.50,41.1219,9.7735
12907373,-102.50,-178.50,54.5668,-5.1565
12911279,-115.50,-175.50,55.3223,-13.4920
12915185,-184.50,-197.50,32.6980,-24.5704
12919091,-92.50,-144.50,7.0604,-26.5645
12922997,-108.50,-138.50,9.6654,-8.0893
12926903,-42.50,-202.50,36.6422,4.0208
12930809,-79.50,-191.50,67.6124,-12.1558
12934715,-103.50,-173.50,76.6231,-28.7279
12938621,-81.50,-129.50,62.6136,-19.9631
12942527,-90.50,-111.50,49.4319,9.2807
12946433,-111.50,-111.50,39.2779,37.8118
12950339,-106.50,-146.50,31.3805,45.1334
12954245,-143.50,-191.50,25.4347,23.5535
12958151,-128.50,-156.50,14.8188,-6.0025
12962057,-156.50,-144.50,0.0406,-12.5860
12965963,-120.50,-138.50,-9.7378,0.7312
12969869,-63.50,-172.50,6.6733,8.9850
12973775,-94.50,-136.50,41.2189,7.8672
12977681,-58.50,-78.50,62.2768,21.0954
12981587,-60.50,-114.50,69.4029,45.3697
12985493,-98.50,-113.50,64.1130,52.1127
12989399,-109.50,-88.50,44.9859,50.4248
12993305,-133.50,-68.50,24.5605,61.2749
12997211,-138.50,-77.50,7.8229,75.2850
13001117,-101.50,-77.50,0.7424,77.7036
13005023,-128.50,-111.50,4.1478,67.5509
13008929,-71.50,-72.50,14.4897,57.9461
13012835,-110.50,-56.50,30.6185,65.6078
13016741,-134.50,-48.50,31.4005,82.8110
13020647,-156.50,-109.50,8.2580,82.6849
13024553,-146.50,-178.50,-17.3899,48.2468
13028459,-120.50,-159.50,-23.2546,1.8715
13032365,-176.50,-210.50,-17.6819,-28.8704
13036271,-141.50,-101.50,-19.1446,-33.9048
13040177,-156.50,-140.50,-21.2710,-11.5508
13044083,-132.50,-172.50,-19.8889,2.5505
13047989,-143.50,-179.50,-16.6835,-8.4732
13051895,-121.50,-159.50,-9.6205,-19.5382
13055801,-65.50,-92.50,10.9868,-9.8758
13059707,-92.50,-68.50,38.3314,22.3238
13063613,-32.50,5.50,56.1602,68.7199
13067519,-130.50,-141.50,57.0892,95.6701
13071425,-147.50,-126.50,29.5321,69.8685
13075331,-160.50,-115.50,-7.3295,29.8825
13079237,-105.50,-81.50,-19.9880,18.4247
13083143,-122.50,-77.50,-9.3156,30.7827
13087049,-140.50,-94.50,-2.2085,47.9815
13090955,-139.50,-118.50,-6.4016,51.8763
13094861,-202.50,-108.50,-19.2263,41.1462
13098767,-90.50,-42.50,-27.5700,37.7622
13102673,-98.50,-52.50,-8.4774,54.1369
13106579,-132.50,-58.50,10.8446,72.3060
13110485,-136.50,-14.50,6.9739,88.8321
13114391,-45.50,-0.50,14.1005,111.0792
13118297,-51.50,-52.50,46.8749,115.8333
13122203,-51.50,-84.50,70.0571,86.3561
13126109,-61.50,-79.50,69.1876,51.9077
13130015,-128.50,-103.50,52.3848,37.5870
13133921,-133.50,-98.50,23.6022,32.1467
13137827,-16.50,-57.50,17.2582,31.0877
13141733,-62.50,-31.50,43.3298,44.5170
13145639,-93.50,-84.50,53.4289,59.4097
13149545,-132.50,-137.50,33.2166,48.5099
13153451,-111.50,-79.50,12.3115,25.4976
13157357,-106.50,-49.50,5.7862,25.4671
13161263,-143.50,-79.50,-2.3301,37.1743
13165169,-72.50,-79.50,-9.6825,38.0945
13169075,-122.50,-64.50,1.7270,40.6316
13172981,-131.50,-50.50,10.5738,53.2407
13176887,-106.50,-84.50,6.4499,55.8374
13180793,-93.50,-145.50,4.2445,27.4576
13184699,-94.50,-113.50,6.3496,-9.7433
13188605,16.50,-112.50,30.6843,-16.8381
13192511,-33.50,-114.50,78.4042,-3.5622
13196417,-224.50,-134.50,70.9999,-2.3836
13200323,-70.50,-70.50,5.9461,-6.9460
13204229,-101.50,-111.50,-19.5696,0.7697
13208135,-141.50,-143.50,-12.3788,2.7928
13212041,-160.50,-143.50,-19.5896,-10.8858
13215947,-143.50,-116.50,-29.5670,-21.8918
13219853,-133.50,-175.50,-30.5424,-31.9444
13223759,-233.50,-194.50,-45.6042,-54.9099
13227665,-216.50,-133.50,-84.2516,-65.7442
13231571,-200.50,-161.50,-104.7625,-49.0885
13235477,-194.50,-176.50,-92.6732,-40.9211
13239383,-133.50,-143.50,-67.7703,-49.2218
13243289,-218.50,-194.50,-54.5516,-56.6476
13247195,-268.50,-242.50,-79.7327,-73.6197
13251101,-267.50,-268.50,-120.7606,-104.6006
13255007,-250.50,-291.50,-137.3642,-138.1306
13258913,-221.50,-178.50,-128.5757,-147.1847
13262819,-302.50,-175.50,-125.9170,-112.8183
13266725,-264.50,-178.50,-141.1100,-68.7334
13270631,-205.50,-278.50,-133.6745,-61.9848
13274537,-189.50,-269.50,-92.8581,-96.9473
13278443,-256.50,-265.50,-70.4401,-134.2195
13282349,-208.50,-176.50,-82.4563,-134.5149
13286255,-285.50,-222.50,-100.4716,-102.9327
13290161,-194.50,-282.50,-104.6085,-88.3030
13294067,-152.50,-164.50,-75.3558,-88.5633
13297973,-192.50,-181.50,-38.5334,-67.7196
13301879,-133.50,-186.50,-24.4503,-50.5222
13305785,-182.50,-197.50,-18.3078,-53.0792
13309691,-174.50,-178.50,-18.4801,-51.8569
13313597,-134.50,-126.50,-16.8166,-31.0020
13317503,-133.50,-173.50,-4.3574,-10.1448
13321409,-174.50,-152.50,-1.6270,-14.2166
13325315,-175.50,-129.50,-15.1005,-19.4130
13329221,-174.50,-128.50,-24.9281,-3.9137
13333127,-256.50,-214.50,-38.6171,1.1260
13337033,-90.50,-140.50,-46.5090,-17.1463
13340939,-32.50,-122.50,-1.1495,-21.3707
13344845,-149.50,-292.50,52.3413,-32.6536
13348751,-132.50,-97.50,50.7186,-53.7170
13352657,-153.50,-146.50,25.8278,-27.8128
13356563,-220.50,-143.50,-5.5480,6.2359
13360469,-202.50,-97.50,-47.0270,13.4452
13364375,-168.50,-105.50,-64.1468,22.0211
13368281,-194.50,-153.50,-48.9612,26.2860
13372187,-280.50,-194.50,-47.8389,8.0039
13376093,-205.50,-138.50,-70.3772,-15.5857
13379999,-172.50,-220.50,-71.9154,-32.2276
13383905,-173.50,-193.50,-48.4701,-53.0730
13387811,-184.50,-178.50,-28.5304,-58.8786
13391717,-174.50,-194.50,-17.3701,-44.3120
13395623,-224.50,-200.50,-19.9621,-37.9508
13399529,-122.50,-143.50,-27.0037,-37.3796
13403435,-128.50,-78.50,-11.5562,-13.4356
13407341,-89.50,-133.50,20.8767,23.3427
13411247,-58.50,-123.50,59.0009,37.9312
13415153,-128.50,-130.50,81.4047,33.2871
13419059,-93.50,-162.50,68.8178,17.4357
13422965,-111.50,-111.50,47.3328,0.9186
13426871,-181.50,-129.50,25.1504,3.8521
13430777,-216.50,-220.50,-8.9884,1.5648
13434683,-124.50,-117.50,-25.9700,-12.3479
13438589,-140.50,-226.50,-8.5579,-20.7164
13442495,-117.50,-180.50,11.6365,-39.2003
13446401,-140.50,-175.50,19.0099,-50.3018
13450307,-156.50,-185.50,18.5630,-39.7058
13454213,-117.50,-159.50,19.2238,-25.0874
13458119,-143.50,-177.50,22.4426,-16.4359
13462025,-118.50,-170.50,18.5929,-19.9113
13465931,-21.50,-120.50,33.7741,-17.6467
13469837,-57.50,-143.50,78.2266,1.6279
13473743,-69.50,-114.50,106.1413,21.0158
13477649,-118.50,-143.50,92.0143,28.0707
13481555,-121.50,-72.50,53.0886,30.6298
13485461,-110.50,-89.50,23.5522,43.4925
13489367,-139.50,-111.50,16.4172,53.8736
13493273,-128.50,-133.50,17.7289,46.6655
13497179,-124.50,-102.50,20.3625,35.3649
13501085,-126.50,-113.50,20.0077,31.4784
13504991,-188.50,-208.50,5.1618,13.5728
13508897,-156.50,-185.50,-16.5672,-23.2549
13512803,-141.50,-130.50,-17.6160,-33.6434
13516709,-157.50,-106.50,-4.9252,-4.5573
13520615,-108.50,-121.50,3.6982,23.8295
13524521,-115.50,-149.50,14.9085,24.6312
13528427,-165.50,-154.50,18.3180,9.2369
13532333,-121.50,-175.50,11.7458,-4.7286
13536239,-143.50,-176.50,11.2399,-17.2563
13540145,-102.50,-168.50,15.0862,-28.0428
13544051,-150.50,-221.50,15.2542,-39.9614
13547957,-85.50,-184.50,17.4693,-50.8941
13551863,-95.50,-175.50,35.0075,-44.1888
13555769,-79.50,-144.50,55.3058,-23.5295
13559675,-47.50,-114.50,67.5546,-1.2168
13563581,-54.50,-134.50,77.5693,15.6143
13567487,-88.50,-152.50,77.8029,18.1740
13571393,-80.50,-132.50,68.2158,14.6676
13575299,-56.50,-134.50,65.0887,15.5355
13579205,-52.50,-113.50,71.1975,17.8597
13583111,-72.50,-132.50,72.1215,18.8636
13587017,-78.50,-138.50,64.3340,17.5899
13590923,-69.50,-140.50,60.0821,16.2418
13594829,-70.50,-143.50,62.6799,14.2851
13598735,-85.50,-148.50,59.6135,6.6419
13602641,-95.50,-149.50,45.7370,-3.2831
13606547,-110.50,-130.50,30.5547,-3.1346
13610453,-108.50,-125.50,22.8631,10.8861
13614359,-109.50,-126.50,21.7631,24.3841
13618268,-111.50,-137.50,19.3417,23.6084
13622174,-120.50,-124.50,11.7539,14.8853
13626080,-138.50,-130.50,1.9063,12.6622
13629986,-113.50,-97.50,-1.2741,22.7134
13633892,-93.50,-84.50,9.8112,41.9600
13637798,-70.50,-59.50,28.2578,60.8838
13641704,-81.50,-64.50,40.8519,72.8058
13645610,-80.50,-96.50,43.9045,72.4990
13649516,-52.50,-107.50,49.4515,59.6415
13653422,-48.50,-116.50,63.3623,43.3415
13657328,-60.50,-106.50,70.2896,30.6366
13661234,-88.50,-114.50,58.7293,23.4619
13665140,-126.50,-111.50,33.1270,21.7386
13669046,-121.50,-117.50,8.5177,24.7551
13672952,-124.50,-121.50,-3.0639,26.7984
13676858,-121.50,-128.50,-6.6642,21.2726
13680764,-121.50,-134.50,-9.1833,9.7517
13684670,-98.50,-127.50,-4.9896,2.0650
13688576,-88.50,-114.50,10.7175,7.0324
13692482,-74.50,-121.50,29.4782,18.0930
13696388,-87.50,-113.50,37.8514,22.5700
13700294,-86.50,-102.50,32.9432,22.3993
13704200,-84.50,-122.50,26.5993,21.8877
13708106,-92.50,-127.50,26.1944,18.3981
13712012,-101.50,-138.50,24.8715,12.2393
13715918,-134.50,-168.50,12.5228,-0.7945
13719824,-144.50,-190.50,-10.8461,-25.0623
13723730,-162.50,-209.50,-32.9250,-51.8241
13727636,-189.50,-232.50,-49.5655,-72.2954
13731542,-220.50,-239.50,-68.7869,-86.3924
13735448,-224.50,-256.50,-91.3225,-98.0935
13739354,-213.50,-250.50,-105.5644,-108.7928
13743260,-215.50,-239.50,-105.6933,-111.2720
13747166,-233.50,-207.50,-101.7402,-97.6111
13751072,-237.50,-207.50,-103.1272,-73.8344
13754978,-237.50,-207.50,-107.8742,-57.4390
13758884,-268.50,-232.50,-117.0156,-58.7614
13762790,-273.50,-258.50,-132.2507,-75.9490
13766696,-278.50,-258.50,-143.4965,-95.9041
13770602,-288.50,-264.50,-146.7531,-105.7808
13774508,-285.50,-258.50,-147.9219,-106.8029
13778414,-272.50,-274.50,-146.5988,-107.1447
13782320,-260.50,-281.50,-138.6428,-111.9232
13786226,-266.50,-270.50,-126.9766,-115.0567
13790132,-268.50,-242.50,-118.9710,-105.9326
13794038,-266.50,-239.50,-116.2397,-87.8733
13797944,-239.50,-234.50,-111.9165,-73.8871
13801850,-226.50,-241.50,-99.4017,-68.4008
13805756,-200.50,-233.50,-79.0630,-66.2363
13809662,-166.50,-223.50,-51.1807,-61.0907
13813568,-164.50,-230.50,-22.4756,-55.1799
13817474,-170.50,-233.50,-8.1307,-54.9362
13821380,-176.50,-216.50,-10.5252,-54.7860
13825286,-184.50,-207.50,-19.0210,-46.0942
13829192,-178.50,-193.50,-24.0610,-31.7136
13833098,-156.50,-191.50,-19.5227,-19.3302
13837004,-159.50,-178.50,-8.8395,-11.2414
13840910,-135.50,-161.50,1.4846,-1.8761
13844816,-175.50,-186.50,5.9742,6.2914
13848722,-173.50,-185.50,-0.9818,4.4661
13852628,-172.50,-179.50,-10.3991,-1.1609
13856534,-177.50,-177.50,-15.1560,-2.3382
13860440,-174.50,-166.50,-18.3240,1.1690
13864346,-143.50,-141.50,-13.5170,12.2260
13868252,-143.50,-141.50,2.4706,28.7231
13872158,-132.50,-157.50,18.4157,36.9243
13876064,-148.50,-149.50,24.0062,33.0000
13879970,-164.50,-184.50,16.0084,22.5265
13883876,-176.50,-181.50,0.2191,8.0061
13887782,-210.50,-153.50,-17.6844,2.8270
13891688,-191.50,-141.50,-32.9393,14.8705
13895594,-170.50,-162.50,-33.4874,26.9405
13899500,-176.50,-162.50,-22.5005,25.8333
13903406,-162.50,-178.50,-12.4797,17.3511
13907312,-175.50,-175.50,-5.9879,8.6857
13911218,-170.50,-160.50,-4.1024,5.9219
13915124,-143.50,-153.50,-0.9647,11.7720
13919030,-112.50,-130.50,13.3030,24.0353
13922936,-141.50,-133.50,29.4382,38.7563
13926842,-206.50,-186.50,21.5888,39.0171
13930748,-202.50,-192.50,-9.2714,16.7068
13934654,-178.50,-176.50,-29.8548,-4.7012
13938560,-162.50,-170.50,-26.1878,-7.3177
13942466,-161.50,-173.50,-12.2560,0.1261
13946372,-165.50,-169.50,-0.7365,6.8726
13950278,-157.50,-153.50,6.8571,13.6313
13954184,-150.50,-156.50,12.3341,20.7567
13958090,-143.50,-162.50,14.8962,22.2962
13961996,-159.50,-175.50,12.9292,16.5753
13965902,-175.50,-207.50,6.1447,3.8355
13969808,-164.50,-228.50,0.8678,-16.7479
13973714,-147.50,-209.50,4.3059,-34.5353
13977620,-128.50,-191.50,14.4072,-35.3921
13981526,-121.50,-175.50,26.0849,-20.7930
13985432,-120.50,-160.50,37.1600,-0.3052
13989338,-113.50,-145.50,47.3457,19.9919
13993244,-102.50,-132.50,55.8947,36.4554
13997150,-106.50,-132.50,58.7338,45.8684
14001056,-108.50,-117.50,54.4730,50.3508
14004962,-97.50,-111.50,52.3308,57.0229
14008868,-115.50,-128.50,55.8494,62.6014
14012774,-111.50,-121.50,56.0374,60.7129
14016680,-122.50,-130.50,48.8295,54.6450
14020586,-128.50,-128.50,36.9613,48.2569
14024492,-138.50,-125.50,26.3714,45.4885
14028398,-149.50,-143.50,20.2163,44.8202
14032304,-154.50,-128.50,14.9755,42.5492
14036210,-144.50,-145.50,9.5819,39.3503
14040116,-124.50,-148.50,10.0501,32.6304
14044022,-114.50,-175.50,20.7777,21.0674
14047928,-114.50,-165.50,35.9771,9.7259
14051834,-126.50,-138.50,44.0286,10.1318
14055740,-143.50,-130.50,37.0618,23.5154
14059646,-146.50,-148.50,19.9014,33.1202
14063552,-148.50,-152.50,6.3429,30.3362
14067458,-144.50,-159.50,4.0494,23.0168
14071364,-164.50,-165.50,5.9656,16.2342
14075270,-161.50,-175.50,1.9891,7.6687
14079176,-145.50,-161.50,-2.6856,0.6648
14083082,-157.50,-161.50,-2.2283,1.9287
14086988,-151.50,-164.50,-0.0288,7.7970
14090894,-158.50,-164.50,2.5571,10.8168
14094800,-166.50,-174.50,1.4731,8.0876
14098706,-189.50,-187.50,-9.2911,-1.1578
14102612,-175.50,-206.50,-23.2710,-14.7763
14106518,-169.50,-184.50,-25.8714,-23.3355
14110424,-160.50,-166.50,-16.1673,-16.7713
14114330,-144.50,-132.50,-2.7153,3.0360
14118236,-143.50,-124.50,8.2504,26.4453
14122142,-129.50,-128.50,15.0887,42.5832
14126048,-149.50,-140.50,18.1920,45.9443
14129954,-157.50,-159.50,14.4388,37.3275
14133860,-153.50,-154.50,7.2371,22.9590
14137766,-184.50,-175.50,-2.2579,9.6725
14141672,-144.50,-158.50,-10.5561,1.7023
14145578,-128.50,-136.50,-2.2927,7.6853
14149484,-111.50,-120.50,20.1376,26.7100
14153390,-97.50,-134.50,42.1508,41.5001
14157296,-82.50,-114.50,58.5182,44.9202
14161202,-69.50,-105.50,70.2643,48.6794
14165108,-43.50,-110.50,82.8976,56.0239
14169014,-58.50,-96.50,95.4019,61.7174
14172920,-79.50,-103.50,95.5244,64.8537
14176826,-97.50,-126.50,79.7393,59.7016
14180732,-111.50,-130.50,57.5106,45.8678
14184638,-121.50,-124.50,37.7215,35.6702
14188544,-133.50,-152.50,23.6525,30.0135
14192450,-132.50,-181.50,15.5273,15.3330
14196356,-139.50,-159.50,11.7848,-2.9151
14200262,-143.50,-144.50,7.9743,-5.0421
14204168,-162.50,-168.50,0.0295,2.5558
14208074,-172.50,-161.50,-12.0927,3.4258
14211980,-149.50,-165.50,-18.6329,0.4240
14215886,-159.50,-180.50,-14.7259,-4.3328
14219792,-161.50,-188.50,-11.5421,-13.8663
14223698,-159.50,-188.50,-13.1290,-23.1605
14227604,-169.50,-196.50,-15.5457,-28.0792
14231510,-181.50,-193.50,-20.5108,-30.1854
14235416,-175.50,-156.50,-26.8410,-24.3841
14239322,-173.50,-130.50,-29.2722,-4.1947
14243228,-166.50,-143.50,-26.9165,17.8714
14247134,-161.50,-174.50,-21.2300,21.1389
14251040,-132.50,-153.50,-9.9103,10.3292
14254946,-124.50,-146.50,7.3231,6.4334
14258852,-113.50,-157.50,22.9152,8.7727
14262758,-162.50,-161.50,23.7624,6.6910
14266664,-165.50,-175.50,6.2289,0.8173
14270570,-165.50,-170.50,-11.7709,-4.5972
14274476,-165.50,-189.50,-18.4347,-10.1615
14278382,-182.50,-188.50,-22.0525,-19.0581
14282288,-200.50,-186.50,-31.3494,-26.0686
14286194,-164.50,-203.50,-37.0320,-28.6473
14290100,-160.50,-200.50,-27.2437,-31.2445
14294006,-175.50,-190.50,-16.1763,-31.6753
14297912,-172.50,-151.50,-16.8072,-22.4334
14301818,-159.50,-140.50,-18.5184,-2.2087
14305724,-154.50,-132.50,-12.6237,18.9640
14309630,-152.50,-143.50,-4.4398,30.8618
14313536,-147.50,-152.50,0.6216,29.7560
14317442,-142.50,-143.50,3.8853,21.5469
14321348,-132.50,-156.50,8.7975,14.2578
14325254,-112.50,-160.50,18.6853,8.2632
14329160,-116.50,-143.50,30.6424,7.8082
14333066,-128.50,-136.50,34.4187,16.2604
14336972,-117.50,-125.50,30.5144,26.6242
14340878,-99.50,-96.50,31.9407,37.7292
14344784,-93.50,-112.50,41.9646,49.6559
14348690,-88.50,-136.50,52.3276,50.7050
14352596,-94.50,-154.50,56.9730,36.4119
14356502,-123.50,-165.50,51.0079,15.5874
14360408,-126.50,-162.50,35.3471,-1.4582
14364314,-108.50,-172.50,24.6096,-9.9916
14368220,-110.50,-194.50,26.1978,-15.7873
14372126,-130.50,-208.50,27.7193,-25.7885
14376032,-113.50,-218.50,24.4664,-39.4328
14379938,-134.50,-208.50,21.7837,-50.5498
14383844,-169.50,-199.50,10.6818,-51.8799
14387750,-150.50,-202.50,-7.6593,-44.6292
14391656,-129.50,-186.50,-11.8197,-34.2182
14395562,-127.50,-191.50,0.3742,-24.7876
14399468,-126.50,-164.50,12.7559,-17.9135
14403374,-132.50,-156.50,17.0744,-8.6818
14407280,-131.50,-144.50,14.9456,4.3440
14411186,-123.50,-146.50,12.6259,16.7054
14415092,-111.50,-158.50,15.7747,21.2536
14418998,-118.50,-172.50,22.0540,13.0995
14422904,-136.50,-149.50,22.0603,2.5863
14426810,-148.50,-125.50,11.9693,7.2514
14430716,-170.50,-162.50,-4.6294,19.0668
14434622,-148.50,-168.50,-18.0868,16.8807
14438528,-131.50,-164.50,-15.8354,5.6577
14442434,-130.50,-138.50,-1.8348,2.6672
14446340,-140.50,-126.50,7.7159,12.9010
14450246,-133.50,-122.50,8.4217,28.5450
14454152,-143.50,-126.50,5.1971,39.5640
14458058,-133.50,-127.50,1.7111,42.1071
14461964,-137.50,-130.50,1.1250,37.6834
14465870,-134.50,-140.50,3.0383,29.3101
14469776,-138.50,-169.50,4.6055,16.7459
14473682,-146.50,-176.50,2.7096,1.2672
14477588,-141.50,-150.50,-2.0188,-5.9427
14481494,-162.50,-144.50,-7.8011,0.4185
14485400,-169.50,-146.50,-16.6635,8.9141
14489306,-174.50,-153.50,-25.9024,11.3291
14493212,-166.50,-134.50,-30.3011,13.7995
14497118,-164.50,-143.50,-29.2028,19.6580
14501024,-160.50,-165.50,-25.3342,17.0760
14504930,-165.50,-178.50,-21.7900,0.9574
14508836,-169.50,-213.50,-21.0286,-20.9713
14512742,-178.50,-201.50,-24.5710,-38.7804
14516648,-175.50,-173.50,-30.4498,-39.4066
14520554,-175.50,-177.50,-33.9452,-26.6062
14524460,-200.50,-197.50,-37.6044,-21.3214
14528366,-172.50,-189.50,-40.9805,-26.2486
14532272,-164.50,-208.50,-34.7305,-30.9858
14536178,-160.50,-207.50,-23.2410,-35.9992
14540084,-140.50,-196.50,-13.0612,-40.2388
14543990,-154.50,-166.50,-4.4294,-34.6037
14547896,-157.50,-166.50,-2.3546,-18.3142
14551802,-145.50,-181.50,-3.8278,-5.4181
14555708,-128.50,-177.50,0.1986,-4.2614
14559614,-131.50,-182.50,8.4141,-9.4402
14563520,-138.50,-175.50,12.7654,-14.9069
14567426,-128.50,-178.50,13.7289,-16.4056
14571332,-111.50,-152.50,19.0173,-9.3670
14575238,-109.50,-129.50,27.8926,8.8467
14579144,-94.50,-128.50,35.5579,28.5872
14583050,-79.50,-126.50,45.2979,37.3685
14586956,-56.50,-110.50,61.3174,40.3549
14590862,-52.50,-85.50,78.9235,51.0550
14594768,-66.50,-110.50,86.1161,63.9892
14598674,-49.50,-114.50,82.8109,62.8090
14602580,-47.50,-108.50,82.0544,52.6619
14606486,-29.50,-84.50,88.7852,51.2551
14610392,-22.50,-78.50,99.5967,62.6253
14614298,-25.50,-83.50,107.1511,74.7082
14618204,-40.50,-64.50,104.5714,80.8377
14622110,-37.50,-79.50,95.3931,82.7824
14626016,-42.50,-64.50,88.1647,81.2496
14629922,-64.50,-97.50,80.5489,76.2215
14633828,-105.50,-143.50,61.6022,58.0099
14637734,-101.50,-123.50,35.1739,31.8403
14641640,-111.50,-109.50,17.2099,21.4705
14645546,-132.50,-114.50,6.7410,26.3982
14649452,-127.50,-114.50,-3.0278,31.2953
14653358,-160.50,-142.50,-13.4326,28.9214
14657264,-164.50,-117.50,-27.7113,22.7424
14661170,-170.50,-133.50,-40.8511,19.6832
14665076,-177.50,-164.50,-48.5523,10.4313
14668982,-204.50,-157.50,-57.3924,-6.4349
14672888,-187.50,-173.50,-67.1334,-17.2135
14676794,-201.50,-187.50,-70.8643,-24.2114
14680700,-184.50,-170.50,-69.2689,-30.7772
14684606,-180.50,-175.50,-63.2326,-32.2306
14688512,-196.50,-166.50,-58.1579,-29.4075
14692418,-217.50,-165.50,-63.7215,-23.3500
14696324,-221.50,-162.50,-76.9279,-16.2974
14700230,-212.50,-194.50,-85.6591,-18.0373
14704136,-196.50,-217.50,-82.6358,-36.0091
14708042,-175.50,-244.50,-68.5354,-63.2135
14711948,-177.50,-282.50,-50.9336,-91.4094
14715854,-177.50,-249.50,-39.8729,-110.2047
14719760,-184.50,-205.50,-38.2600,-101.8880
14723666,-175.50,-184.50,-40.9545,-70.8227
14727572,-140.50,-158.50,-35.8230,-37.0756
14731478,-130.50,-164.50,-17.5743,-11.8361
14735384,-133.50,-146.50,0.9562,2.4221
14739290,-127.50,-154.50,9.8806,8.0155
14743196,-112.50,-141.50,14.6147,7.8071
14747102,-118.50,-143.50,18.8652,7.6010
14751008,-126.50,-138.50,18.2785,11.2289
14754914,-139.50,-159.50,11.7591,13.3512
14758820,-144.50,-162.50,3.0575,7.2170
14762726,-146.50,-161.50,-4.3896,-3.0854
14766632,-127.50,-143.50,-6.2786,-6.3834
14770538,-127.50,-129.50,-0.8469,3.1246
14774444,-123.50,-111.50,6.8869,21.6392
14778350,-121.50,-116.50,13.1035,37.7647
14782256,-119.50,-126.50,16.8939,40.5836
14786162,-104.50,-123.50,19.6698,33.0293
14790068,-109.50,-138.50,23.1506,24.8898
14793974,-114.50,-138.50,24.3948,18.7136
14797880,-120.50,-145.50,22.1936,13.9739
14801786,-127.50,-138.50,17.3716,10.4476
14805692,-131.50,-141.50,9.9661,8.6464
14809598,-139.50,-126.50,1.3983,10.8540
14813504,-146.50,-114.50,-6.2803,19.9868
14817410,-152.50,-120.50,-11.7199,30.5584
14821316,-168.50,-140.50,-17.6511,30.1722
14825222,-151.50,-147.50,-23.7666,17.5830
14829128,-144.50,-143.50,-23.1021,5.4166
14833034,-137.50,-141.50,-15.4248,2.4340
14836940,-127.50,-129.50,-4.8239,7.0211
14840846,-143.50,-128.50,2.6274,14.1921
14844752,-142.50,-109.50,0.7558,21.8509
14848658,-143.50,-132.50,-5.8347,26.8419
14852564,-126.50,-155.50,-7.3197,19.9468
14856470,-124.50,-134.50,-0.2871,7.4694
14860376,-155.50,-142.50,3.5556,3.3643
14864282,-141.50,-139.50,-2.9469,3.9142
14868188,-140.50,-126.50,-8.5460,6.5488
14872094,-153.50,-137.50,-11.0204,11.6616
14876000,-137.50,-130.50,-12.6228,14.2791
14879906,-140.50,-143.50,-8.8792,12.4948
14883812,-136.50,-170.50,-3.2135,2.1564
14887718,-129.50,-166.50,0.4160,-13.9537
14891624,-132.50,-143.50,2.3685,-19.1670
14895530,-131.50,-144.50,2.7407,-9.8919
14899436,-122.50,-143.50,4.8995,-0.3767
14903342,-108.50,-129.50,12.2186,4.8463
14907248,-97.50,-131.50,22.9099,10.1362
14911154,-104.50,-92.50,30.4773,20.2048
14915060,-111.50,-68.50,30.2304,40.7622
14918966,-106.50,-73.50,26.6866,62.3577
14922872,-127.50,-84.50,22.3011,69.4075
14926778,-118.50,-112.50,15.0351,59.4455
14930684,-110.50,-138.50,11.3206,37.0156
14934590,-122.50,-140.50,12.5308,12.4087
14938496,-106.50,-143.50,14.8825,-3.0913
14942402,-94.50,-143.50,22.0212,-8.2572
14946308,-72.50,-136.50,34.8873,-6.3582
14950214,-60.50,-144.50,49.7839,-2.0980
14954120,-42.50,-143.50,64.7009,-1.4246
14958026,-47.50,-144.50,77.1047,-4.1422
14961932,-62.50,-127.50,79.8535,-3.9861
14965838,-69.50,-115.50,70.6489,4.3036
14969744,-85.50,-124.50,55.3909,14.8327
14973650,-110.50,-116.50,36.8812,19.3784
14977556,-134.50,-140.50,15.3710,16.0974
14981462,-138.50,-141.50,-4.0927,5.5773
14985368,-132.50,-120.50,-14.4249,-0.6096
14989274,-128.50,-100.50,-15.2840,8.5548
14993180,-111.50,-130.50,-9.3674,20.0217
14997086,-111.50,-130.50,1.1124,17.5369
15000992,-120.50,-133.50,8.4082,8.1270
15004898,-116.50,-148.50,8.1353,-0.3263
15008804,-106.50,-144.50,6.4846,-8.2236
15012710,-78.50,-134.50,12.5739,-10.3699
15016616,-111.50,-137.50,21.5529,-6.1583
15020522,-132.50,-142.50,16.7974,-3.3046
15024428,-153.50,-127.50,-2.4582,-2.2630
15028334,-126.50,-104.50,-18.8035,5.2882
15032240,-111.50,-94.50,-17.9277,20.2882
15036146,-100.50,-84.50,-3.6521,35.2259
15040052,-112.50,-108.50,9.7994,41.2604
15043958,-121.50,-130.50,12.7822,31.5592
15047864,-132.50,-131.50,4.6639,13.0838
15051770,-148.50,-152.50,-10.7242,-3.4787
15055676,-156.50,-149.50,-27.6228,-16.0015
15059582,-157.50,-158.50,-37.7639,-22.9047
15063488,-148.50,-155.50,-37.1715,-24.9202
15067394,-143.50,-147.50,-30.2278,-23.2131
15071300,-153.50,-172.50,-26.7111,-23.3170
15075206,-169.50,-187.50,-32.7073,-33.5829
15079112,-196.50,-200.50,-46.8360,-49.7266
15083018,-188.50,-192.50,-60.8793,-60.5866
15086924,-173.50,-180.50,-63.9814,-60.1149
15090830,-150.50,-184.50,-54.1533,-53.2378
15094736,-130.50,-186.50,-35.9915,-49.0961
15098642,-129.50,-166.50,-16.1543,-45.0154
15102548,-147.50,-176.50,-5.6864,-37.7403
15106454,-139.50,-181.50,-7.6788,-35.3457
15110360,-121.50,-149.50,-10.3793,-34.1815
15114269,-126.50,-157.50,-7.5133,-25.7869
15118175,-127.50,-168.50,-3.9661,-19.8968
15122081,-140.50,-159.50,-3.1118,-20.7657
15125987,-152.50,-145.50,-8.0637,-18.6349
15129893,-149.50,-160.50,-18.0748,-14.5115
15133799,-149.50,-175.50,-26.1897,-18.5394
15137705,-143.50,-173.50,-27.2737,-27.9122
15141611,-154.50,-175.50,-23.2716,-32.8731
15145517,-147.50,-202.50,-19.8888,-38.0254
15149423,-153.50,-177.50,-20.0049,-45.5722
15153329,-166.50,-157.50,-26.2471,-41.7827
15157235,-174.50,-162.50,-36.9077,-27.4515
15161141,-142.50,-165.50,-38.5644,-17.9387
15165047,-129.50,-175.50,-23.4379,-18.3737
15168953,-126.50,-175.50,-5.2326,-24.7232
15172859,-148.50,-173.50,-1.0829,-30.2813
15176765,-148.50,-173.50,-9.8459,-31.3987
15180671,-121.50,-175.50,-12.8390,-29.7042
15184577,-141.50,-191.50,-5.6699,-30.5085
15188483,-156.50,-184.50,-6.6355,-35.4093
15192389,-148.50,-174.50,-17.0582,-37.1915
15196295,-128.50,-175.50,-19.0146,-33.2350
15200201,-141.50,-166.50,-10.7960,-27.1087
15204107,-152.50,-161.50,-7.7047,-19.5070
15208013,-168.50,-175.50,-16.2826,-15.1852
15211919,-164.50,-196.50,-28.7760,-22.2515
15215825,-146.50,-197.50,-32.4197,-36.9377
15219731,-142.50,-189.50,-23.9103,-45.4033
15223637,-128.50,-168.50,-10.8960,-39.8934
15227543,-142.50,-161.50,-2.0600,-25.0728
15231449,-164.50,-181.50,-6.1202,-15.6595
15235355,-170.50,-190.50,-21.1165,-20.3973
15239261,-171.50,-193.50,-34.1320,-31.0576
15243167,-188.50,-177.50,-41.7150,-35.2273
15247073,-192.50,-164.50,-48.8702,-28.5021
15250979,-189.50,-162.50,-54.0846,-16.9076
15254885,-175.50,-168.50,-52.2473,-9.5741
15258791,-190.50,-148.50,-47.1555,-5.2294
15262697,-188.50,-110.50,-46.4732,7.7641
15266603,-181.50,-125.50,-46.8460,26.1687
15270509,-152.50,-144.50,-39.0445,30.5923
15274415,-128.50,-138.50,-20.0653,21.9226
15278321,-156.50,-132.50,-3.5166,17.1717
15282227,-164.50,-143.50,-4.5198,17.0834
15286133,-152.50,-148.50,-12.6779,12.9028
15290039,-150.50,-146.50,-13.7779,6.8422
15293945,-146.50,-134.50,-10.4983,7.2597
15297851,-138.50,-143.50,-6.1875,12.6441
15301757,-155.50,-157.50,-3.0536,11.8376
15305663,-175.50,-152.50,-8.2366,3.7957
15309569,-201.50,-161.50,-24.9485,-3.0735
15313475,-193.50,-124.50,-44.4543,-0.5534
15317381,-186.50,-111.50,-52.8796,15.8335
15321287,-143.50,-143.50,-41.9302,29.0933
15325193,-141.50,-150.50,-16.6879,22.6383
15329099,-148.50,-173.50,2.6402,4.8405
15333005,-160.50,-212.50,3.7719,-18.4129
15336911,-164.50,-202.50,-6.3598,-42.1936
15340817,-169.50,-210.50,-16.7442,-54.6926
15344723,-166.50,-210.50,-21.5808,-57.2498
15348629,-157.50,-206.50,-19.3856,-55.7054
15352535,-178.50,-216.50,-16.6439,-53.2163
15356441,-159.50,-205.50,-18.0224,-52.0192
15360347,-159.50,-175.50,-16.6790,-44.8506
15364253,-143.50,-172.50,-9.6538,-29.2628
15368159,-145.50,-204.50,-0.6336,-21.2346
15372065,-165.50,-217.50,1.9425,-30.8851
15375971,-160.50,-229.50,-4.5141,-48.0238
15379877,-165.50,-231.50,-11.2238,-61.8931
15383783,-176.50,-200.50,-16.3981,-64.2859
15387689,-212.50,-203.50,-27.9152,-53.0153
15391595,-175.50,-180.50,-39.7111,-36.4315
15395501,-174.50,-178.50,-36.5198,-20.2044
15399407,-175.50,-175.50,-26.1633,-9.6725
15403313,-157.50,-178.50,-18.4758,-7.9188
15407219,-138.50,-172.50,-6.7770,-9.4825
15411125,-131.50,-175.50,9.2418,-8.7196
15415031,-138.50,-159.50,19.7939,-3.7651
15418937,-113.50,-160.50,24.4676,3.6226
15422843,-148.50,-148.50,25.5511,9.6768
15426749,-142.50,-149.50,18.7814,14.1464
15430655,-150.50,-143.50,10.1969,18.5415
15434561,-140.50,-146.50,6.9086,22.4880
15438467,-128.50,-159.50,10.1736,21.6253
15442373,-111.50,-148.50,20.5152,16.1205
15446279,-110.50,-144.50,33.4561,14.3506
15450185,-105.50,-124.50,42.8691,21.1192
15454091,-125.50,-113.50,43.7138,35.1345
15457997,-127.50,-113.50,35.1013,48.4822
15461903,-113.50,-110.50,27.4852,54.1184
15465809,-126.50,-123.50,26.8708,51.9183
15469715,-129.50,-116.50,25.9873,46.3389
15473621,-100.50,-136.50,27.7085,40.7826
15477527,-111.50,-150.50,35.6644,31.1647
15481433,-110.50,-142.50,39.8203,19.8918
15485339,-112.50,-138.50,38.0046,15.9133
15489245,-98.50,-143.50,38.2349,17.5070
15493151,-111.50,-144.50,40.9829,18.4377
15497057,-127.50,-143.50,37.0706,18.2313
15500963,-136.50,-150.50,24.5410,16.7865
15504869,-137.50,-169.50,12.4896,9.8766
15508775,-146.50,-159.50,5.4869,0.1148
15512681,-156.50,-161.50,-0.4126,-3.5289
15516587,-149.50,-170.50,-5.8638,-3.3253
15520493,-170.50,-168.50,-10.5264,-5.2515
15524399,-174.50,-161.50,-18.1961,-6.2998
15528305,-150.50,-155.50,-21.7075,-3.1235
15532211,-145.50,-166.50,-13.6091,0.2982
15536117,-162.50,-172.50,-5.7752,-1.5528
15540023,-168.50,-181.50,-8.8625,-8.1032
15543929,-194.50,-180.50,-20.5880,-15.2378
15547835,-181.50,-178.50,-33.1857,-19.0442
15551741,-165.50,-197.50,-35.0697,-21.8859
15555647,-171.50,-198.50,-27.4211,-27.8270
15559553,-196.50,-197.50,-25.8778,-32.6946
15563459,-180.50,-190.50,-31.6842,-32.5627
15567365,-174.50,-194.50,-31.8835,-30.1232
15571271,-191.50,-201.50,-29.4589,-30.0564
15575177,-204.50,-223.50,-35.7176,-35.9205
15579083,-211.50,-237.50,-47.1328,-48.4268
15582989,-190.50,-216.50,-51.0661,-58.3574
15586895,-184.50,-214.50,-43.0026,-56.7220
15590801,-177.50,-159.50,-31.7508,-40.6714
15594707,-166.50,-175.50,-22.7242,-15.2214
15598613,-181.50,-193.50,-16.9109,-2.1347
15602519,-192.50,-208.50,-18.8879,-10.5146
15606425,-176.50,-191.50,-23.9568,-23.6324
15610331,-184.50,-194.50,-25.0713,-27.7761
15614237,-169.50,-158.50,-23.1385,-19.7128
15618143,-147.50,-173.50,-13.9110,-3.9224
15622049,-148.50,-192.50,2.0641,2.6403
15625955,-141.50,-177.50,14.1183,-3.1662
15629861,-127.50,-162.50,20.8754,-4.8687
15633767,-141.50,-191.50,24.0311,-3.2781
15637673,-146.50,-180.50,20.9343,-6.6094
15641579,-137.50,-174.50,17.2075,-6.7573
15645485,-136.50,-174.50,18.8150,-1.5404
15649391,-140.50,-180.50,20.6942,-0.1267
15653297,-142.50,-159.50,18.5177,-0.4170
15657203,-122.50,-147.50,18.8208,7.6038
15661109,-133.50,-157.50,24.8873,19.5089
15665015,-132.50,-173.50,28.4539,21.0333
15668921,-143.50,-176.50,25.0791,10.9092
15672827,-160.50,-180.50,15.0798,-0.6614
15676733,-158.50,-194.50,2.9960,-9.1345
15680639,-172.50,-205.50,-5.1814,-17.0614
15684545,-162.50,-194.50,-9.0657,-22.3362
15688451,-162.50,-186.50,-8.6528,-20.5015
15692357,-200.50,-191.50,-12.7574,-15.8658
15696263,-173.50,-178.50,-22.8763,-12.0566
15700169,-156.50,-168.50,-21.0491,-4.4081
15704075,-137.50,-176.50,-4.3301,4.4037
15707981,-140.50,-209.50,12.4491,0.9138
15711887,-143.50,-213.50,19.4485,-16.7376
15715793,-175.50,-204.50,13.5505,-31.0964
15719699,-191.50,-218.50,-4.1498,-34.2930
15723605,-185.50,-223.50,-22.3015,-35.7786
15727511,-186.50,-223.50,-30.1745,-39.1402
15731417,-197.50,-236.50,-32.0507,-43.5039
15735323,-204.50,-230.50,-35.0306,-48.3580
15739229,-180.50,-232.50,-34.5282,-49.8239
15743135,-146.50,-200.50,-20.8166,-42.8276
15747041,-123.50,-191.50,4.2320,-26.2370
15750947,-153.50,-190.50,22.3470,-10.1691
15754853,-162.50,-194.50,20.5595,-3.6494
15758759,-129.50,-224.50,15.1563,-8.9741
15762665,-140.50,-220.50,19.7089,-22.4374
15766571,-132.50,-210.50,23.8237,-30.4978
15770477,-133.50,-182.50,24.4387,-23.9266
15774383,-152.50,-200.50,23.3678,-10.8169
15778289,-153.50,-210.50,18.2099,-6.9264
15782195,-157.50,-197.50,11.1670,-10.1116
15786101,-111.50,-180.50,11.8998,-6.9631
15790007,-79.50,-173.50,31.7411,2.9489
15793913,-70.50,-124.50,62.9217,19.8617
15797819,-64.50,-111.50,87.0864,47.1788
15801725,-60.50,-133.50,97.8966,68.5413
15805631,-46.50,-148.50,100.2448,66.8798
15809537,-29.50,-141.50,103.6693,52.4342
15813443,-48.50,-143.50,108.7254,42.3296
15817349,-68.50,-136.50,105.3696,40.6857
15821255,-80.50,-137.50,91.4405,44.5940
15825161,-88.50,-129.50,73.6200,50.1790
15829067,-85.50,-116.50,58.9635,56.3478
15832973,-88.50,-117.50,52.4174,61.9655
15836879,-108.50,-142.50,49.8365,60.0765
15840785,-111.50,-139.50,44.1118,50.4461
15844691,-108.50,-134.50,36.7151,44.2138
15848597,-115.50,-143.50,29.9506,42.7407
15852503,-115.50,-148.50,24.1798,38.2263
15856409,-133.50,-169.50,19.8676,28.5116
15860315,-144.50,-188.50,13.4332,14.3356
15864221,-134.50,-188.50,5.7465,0.2972
15868127,-143.50,-197.50,0.1082,-9.3258
15872033,-153.50,-207.50,-6.2605,-17.8325
15875939,-156.50,-220.50,-12.3299,-27.7911
15879845,-159.50,-224.50,-14.4614,-36.2582
15883751,-161.50,-214.50,-15.5994,-38.5230
15887657,-178.50,-191.50,-22.0727,-31.4247
15891563,-180.50,-170.50,-33.3908,-15.8346
15895469,-186.50,-170.50,-41.1807,1.3285
15899375,-190.50,-181.50,-42.9868,10.6295
15903281,-185.50,-177.50,-42.7524,11.0897
15907187,-176.50,-175.50,-41.3991,8.9972
15911093,-193.50,-158.50,-41.2224,9.5737
15914999,-192.50,-156.50,-44.0752,15.0706
15918905,-181.50,-186.50,-43.3119,17.6431
15922811,-156.50,-177.50,-33.1741,12.2038
15926717,-123.50,-115.50,-14.0905,17.2988
15930623,-132.50,-143.50,5.7197,35.8379
15934529,-173.50,-189.50,9.0941,35.8686
15938435,-206.50,-179.50,-10.6712,15.2507
15942341,-192.50,-160.50,-36.1745,5.9172
15946247,-192.50,-162.50,-49.0361,12.5530
15950153,-223.50,-191.50,-56.2372,12.4218
15954059,-212.50,-177.50,-64.5743,1.6881
15957965,-208.50,-242.50,-63.7983,-12.6238
15961871,-217.50,-276.50,-57.3583,-39.5510
15965777,-176.50,-239.50,-51.4096,-66.6650
15969683,-172.50,-242.50,-39.6851,-72.3503
15973589,-164.50,-237.50,-24.5520,-65.4356
15977495,-162.50,-206.50,-11.2327,-51.3913
15981401,-161.50,-182.50,-2.4349,-25.5185
15985307,-175.50,-182.50,-3.9152,-0.2523
15989213,-154.50,-146.50,-11.1005,14.7847
15993119,-120.50,-130.50,-5.0529,29.2817
15997025,-111.50,-128.50,18.7611,46.4842
16000931,-94.50,-143.50,44.2230,56.7196
16004837,-83.50,-175.50,60.8186,49.6214
16008743,-89.50,-172.50,66.4649,28.1617
16012649,-111.50,-185.50,60.3562,8.1221
16016555,-116.50,-202.50,48.0842,-4.9184
16020461,-143.50,-228.50,34.7850,-16.6401
16024367,-148.50,-244.50,18.7069,-31.7802
16028273,-152.50,-232.50,3.1185,-46.1454
16032179,-152.50,-208.50,-5.5369,-48.2180
16036085,-142.50,-213.50,-4.2813,-37.5997
16039991,-133.50,-206.50,5.5060,-24.6905
16043897,-121.50,-179.50,17.2080,-10.5758
16047803,-106.50,-158.50,27.0174,7.4757
16051709,-110.50,-143.50,34.3437,24.7101
16055615,-131.50,-169.50,34.8107,32.6372
16059521,-142.50,-197.50,26.1540,24.9141
16063427,-142.50,-206.50,14.3517,7.2503
16067333,-156.50,-205.50,3.1779,-8.6145
16071239,-140.50,-186.50,-4.4698,-15.3519
16075145,-129.50,-170.50,-0.6335,-8.7419
16079051,-121.50,-165.50,13.1142,8.0161
16082957,-109.50,-146.50,26.9818,27.2266
16086863,-104.50,-141.50,35.7860,42.4465
16090769,-114.50,-143.50,37.3210,47.2363
16094675,-102.50,-128.50,35.7334,45.9350
16098581,-104.50,-145.50,38.1158,47.0064
16102487,-133.50,-148.50,36.7242,47.4516
16106393,-127.50,-132.50,24.8573,46.9163
16110299,-120.50,-141.50,15.0477,46.4041
16114205,-111.50,-160.50,16.6567,39.2563
16118111,-143.50,-175.50,19.6866,25.8604
16122017,-161.50,-145.50,10.0664,20.3434
16125923,-147.50,-132.50,-5.1666,30.6977
16129829,-140.50,-120.50,-10.3512,45.4322
16133735,-122.50,-73.50,-3.4678,61.6855
16137641,-125.50,-122.50,8.9048,77.2243
16141547,-143.50,-141.50,15.0602,73.6787
16145453,-163.50,-164.50,6.5591,51.3220
16149359,-214.50,-193.50,-18.7911,21.1888
16153269,-177.50,-192.50,-46.2630,-7.7662
16157175,-180.50,-178.50,-52.2247,-19.4439
16161081,-179.50,-194.50,-42.6964,-13.9040
16164987,-162.50,-168.50,-32.0781,-4.3407
16168893,-154.50,-143.50,-20.9857,8.4117
16172799,-143.50,-156.50,-10.7921,20.1840
16176705,-131.50,-143.50,-1.1452,24.8460
16180611,-158.50,-132.50,3.9712,31.5427
16184517,-143.50,-133.50,1.3571,42.1004
16188423,-143.50,-138.50,-0.5963,45.4392
16192329,-146.50,-131.50,-0.3793,40.6002
16196235,-148.50,-125.50,-2.1232,38.2260
16200141,-133.50,-122.50,-1.1403,43.4600
16204047,-136.50,-117.50,5.1825,51.6146
16207953,-136.50,-146.50,10.0394,51.2104
16211859,-154.50,-161.50,6.7565,34.8629
16215765,-169.50,-164.50,-5.3040,14.2330
16219671,-175.50,-175.50,-19.5509,2.5140
16223577,-152.50,-176.50,-24.3227,-1.9068
16227483,-162.50,-175.50,-18.8052,-4.0039
16231389,-144.50,-165.50,-12.0622,-4.3419
16235295,-156.50,-146.50,-7.4550,1.3949
16239201,-136.50,-139.50,-3.1992,14.7257
16243107,-127.50,-111.50,5.0893,32.5003
16247013,-128.50,-96.50,14.4354,52.0300
16250919,-126.50,-112.50,18.1452,63.5823
16254825,-99.50,-124.50,22.6726,59.1074
16258731,-95.50,-143.50,34.6049,44.7780
16262637,-98.50,-122.50,45.5946,34.1510
16266543,-88.50,-126.50,49.7613,33.8370
16270449,-95.50,-117.50,50.2293,37.2435
16274355,-91.50,-120.50,48.6558,39.6168
16278261,-104.50,-111.50,45.3866,42.9973
16282167,-116.50,-117.50,38.2916,47.0129
16286073,-104.50,-127.50,30.6246,45.5938
16289979,-109.50,-111.50,28.1770,39.9703
16293885,-117.50,-133.50,26.5580,35.5750
16297791,-122.50,-138.50,21.8048,29.3655
16301697,-112.50,-120.50,18.7088,25.9062
16305603,-97.50,-121.50,22.8639,30.0217
16309509,-97.50,-127.50,31.3006,32.5213
16313415,-89.50,-127.50,37.7988,29.3085
16317321,-96.50,-128.50,41.0240,26.4418
16321227,-111.50,-129.50,38.3747,26.3059
16325133,-106.50,-121.50,30.6719,27.3092
16329039,-139.50,-164.50,19.4980,21.3046
16332945,-168.50,-145.50,-0.8722,6.8005
16336851,-156.50,-111.50,-22.3184,5.5798
16340757,-126.50,-96.50,-24.6070,25.6771
16344663,-154.50,-155.50,-14.0362,37.1750
16348569,-144.50,-159.50,-11.0502,20.4944
16352475,-116.50,-153.50,-8.2603,-1.3819
16356381,-143.50,-152.50,-0.2930,-8.3403
16360287,-128.50,-144.50,1.9020,-5.2974
16364193,-161.50,-143.50,-3.8373,0.5021
16368099,-146.50,-127.50,-13.8143,7.5785
16372005,-128.50,-130.50,-15.6833,15.4964
16375911,-143.50,-132.50,-8.4916,19.3380
16379817,-157.50,-134.50,-8.1333,17.4698
16383723,-158.50,-143.50,-16.2396,12.5439
16387629,-138.50,-112.50,-19.9585,11.9602
16391535,-138.50,-105.50,-14.3793,22.5318
16395441,-143.50,-118.50,-8.5037,33.2133
16399347,-131.50,-95.50,-5.5928,36.8798
16403253,-128.50,-116.50,-0.6870,38.2011
16407159,-132.50,-132.50,3.6652,31.9256
16411065,-138.50,-117.50,2.2424,21.4283
16414971,-143.50,-106.50,-3.5157,20.4853
16418877,-143.50,-124.50,-8.5576,24.5479
16422783,-152.50,-136.50,-11.6353,20.5713
16426689,-160.50,-144.50,-16.4296,9.6395
16430595,-162.50,-136.50,-23.3405,1.2612
16434501,-126.50,-121.50,-22.4116,1.8931
16438407,-82.50,-92.50,-1.3903,13.9304
16442313,-139.50,-128.50,21.2763,26.2485
16446219,-149.50,-141.50,16.3856,22.0359
16450125,-172.50,-158.50,-7.2279,4.7725
16454031,-130.50,-150.50,-21.9044,-11.0940
16457937,-127.50,-112.50,-15.6993,-11.9233
16461843,-111.50,-98.50,0.7861,6.2395
16465749,-90.50,-111.50,18.9357,26.1352
16469655,-63.50,-84.50,40.8112,37.2676
16473561,-64.50,-76.50,60.4372,46.8967
16477467,-84.50,-83.50,64.9239,52.9783
16481373,-96.50,-100.50,52.9264,48.0708
16485279,-88.50,-106.50,39.9273,36.6838
16489185,-76.50,-106.50,38.6150,28.3250
16493091,-79.50,-111.50,44.3340,24.0889
16496997,-89.50,-113.50,45.0915,19.0596
16500903,-89.50,-111.50,39.7738,14.1213
16504809,-96.50,-110.50,34.6761,13.6199
16508715,-111.50,-106.50,28.6520,17.4746
16512621,-139.50,-101.50,14.6518,22.0440
16516527,-160.50,-111.50,-8.3409,22.2101
16520433,-170.50,-156.50,-31.2708,9.5268
16524339,-153.50,-153.50,-41.7322,-12.8481
16528245,-143.50,-139.50,-36.0910,-24.6421
16532151,-140.50,-134.50,-24.4329,-20.3155
16536057,-122.50,-145.50,-14.1211,-15.2196
16539963,-126.50,-142.50,-4.8557,-16.6803
16543869,-128.50,-156.50,0.1515,-20.2806
16547775,-117.50,-130.50,1.6786,-19.8871
16551681,-125.50,-121.50,2.6811,-11.4406
16555587,-142.50,-110.50,-1.6531,-0.0231
16559493,-143.50,-128.50,-11.2100,5.3922
16563399,-122.50,-124.50,-14.2568,3.8428
16567305,-93.50,-114.50,-2.1212,3.6711
16571211,-93.50,-139.50,17.2029,3.1210
16575117,-84.50,-141.50,30.5910,-6.5439
16579023,-70.50,-111.50,39.3986,-12.6894
16582929,-60.50,-111.50,49.6030,-3.2056
16586835,-65.50,-85.50,57.2513,14.0452
16590741,-64.50,-94.50,57.6005,28.2315
16594647,-65.50,-97.50,54.2585,31.2117
16598553,-92.50,-102.50,47.6908,25.1291
16602459,-142.50,-116.50,27.8322,17.0090
16606365,-152.50,-117.50,-4.4593,9.0908
16610271,-172.50,-116.50,-33.7120,3.7060
16614177,-144.50,-121.50,-47.3247,0.2782
16618083,-160.50,-126.50,-44.8933,-3.7805
16621989,-172.50,-146.50,-41.7434,-10.4165
16625895,-175.50,-194.50,-46.0613,-27.1540
16629801,-156.50,-179.50,-48.7259,-51.0945
16633707,-127.50,-164.50,-39.8082,-62.0707
16637613,-147.50,-161.50,-25.5950,-56.1661
16641519,-175.50,-188.50,-24.8548,-50.8736
16645425,-168.50,-175.50,-36.5742,-52.9381
16649331,-144.50,-165.50,-40.9457,-51.9866
16653237,-149.50,-175.50,-34.5283,-48.2777
16657143,-144.50,-173.50,-28.4363,-49.6245
16661049,-139.50,-208.50,-23.2611,-57.3817
16664955,-143.50,-200.50,-17.0279,-68.3707
16668861,-136.50,-164.50,-13.4514,-67.9491
16672767,-142.50,-136.50,-14.3670,-48.7024
16676673,-111.50,-124.50,-13.2696,-23.3286
16680579,-107.50,-128.50,-1.7397,-5.2295
16684485,-129.50,-111.50,9.5115,5.7116
16688391,-110.50,-93.50,10.6834,17.2942
16692297,-86.50,-100.50,13.7826,26.5218
16696203,-90.50,-72.50,22.9925,30.8815
16700109,-104.50,-57.50,27.2652,41.3071
16704015,-96.50,-77.50,25.8277,54.5554
16707921,-72.50,-77.50,29.8144,56.7560
16711827,-70.50,-111.50,39.8902,44.2819
16715733,-79.50,-131.50,44.3636,19.0640
16719639,-89.50,-132.50,39.6955,-5.5959
16723545,-108.50,-126.50,30.5131,-14.5224
16727451,-106.50,-131.50,20.3313,-11.3364
16731357,-114.50,-111.50,11.0121,-5.6704
16735263,-111.50,-113.50,3.0804,0.0792
16739169,-78.50,-121.50,5.2421,2.4784
16743075,-50.50,-84.50,26.3859,7.0921
16746981,-57.50,-104.50,52.5942,18.0834
16750887,-68.50,-109.50,61.4629,20.9396
16754793,-74.50,-122.50,52.0796,10.9990
16758699,-70.50,-104.50,40.5278,1.9199
16762605,-70.50,-79.50,37.2114,7.7461
16766511,-77.50,-98.50,38.1633,21.6897
16770417,-92.50,-113.50,33.8174,22.9910
16774323,-90.50,-106.50,23.6410,12.7323
16778229,-78.50,-111.50,18.0811,5.0940
16782135,-64.50,-111.50,24.0832,2.4558
16786041,-79.50,-132.50,33.2615,-1.3635
16789947,-84.50,-114.50,33.2842,-6.6311
16793853,-116.50,-143.50,20.8557,-11.3202
16797759,-143.50,-133.50,-2.7164,-18.2758
16801665,-152.50,-127.50,-28.5900,-21.6406
16805571,-157.50,-152.50,-45.3177,-22.0472
16809477,-143.50,-161.50,-49.4530,-29.7756
16813383,-136.50,-130.50,-43.3229,-35.6387
16817289,-94.50,-89.50,-27.4606,-22.0784
16821195,-72.50,-138.50,-0.9236,-3.5250
16825101,-178.50,-228.50,7.4359,-20.0287
16829007,-196.50,-237.50,-27.3914,-70.2280
16832913,-185.50,-226.50,-69.4259,-108.9576
16836819,-219.50,-234.50,-90.6367,-119.9629
16840725,-229.50,-270.50,-104.9713,-125.6313
16844631,-235.50,-300.50,-116.4905,-141.8368
16848537,-271.50,-308.50,-125.9613,-161.4923
16852443,-302.50,-325.50,-144.3652,-176.4526
16856349,-293.50,-296.50,-166.7541,-183.7559
16860255,-296.50,-315.50,-177.7596,-181.9894
16864161,-303.50,-296.50,-177.9511,-174.7366
16868067,-286.50,-294.50,-171.9422,-161.8267
16871973,-296.50,-307.50,-162.2707,-151.1833
16875879,-271.50,-314.50,-153.3655,-154.0368
16879785,-250.50,-317.50,-140.6317,-164.1670
16883691,-236.50,-289.50,-121.3433,-164.4403
16887597,-234.50,-254.50,-102.2901,-143.0347
16891503,-234.50,-219.50,-89.9168,-106.1211
16895409,-210.50,-207.50,-81.8182,-71.6543
16899315,-193.50,-226.50,-70.2273,-55.4419
16903221,-207.50,-237.50,-58.8963,-58.7543
16907127,-204.50,-178.50,-54.6412,-57.7205
16911033,-207.50,-185.50,-53.5415,-38.5150
16914939,-184.50,-176.50,-49.4623,-21.0473
16918845,-149.50,-176.50,-36.1016,-15.2173
16922751,-143.50,-189.50,-14.7650,-14.8801
16926657,-154.50,-189.50,1.2209,-17.4021
16930563,-155.50,-175.50,5.5848,-17.9665
16934469,-170.50,-175.50,1.1148,-15.1395
16938375,-165.50,-187.50,-8.6054,-14.8123
16942281,-168.50,-212.50,-16.7267,-21.8433
16946187,-178.50,-178.50,-20.3488,-27.1696
16950093,-154.50,-174.50,-17.3117,-19.8708
16953999,-154.50,-175.50,-6.7169,-10.2434
16957905,-162.50,-189.50,-0.3846,-10.2933
16961811,-157.50,-188.50,-3.2992,-15.2629
16965717,-147.50,-188.50,-4.0341,-16.7157
16969623,-154.50,-180.50,1.5866,-14.2891
16973529,-152.50,-180.50,6.0118,-12.3751
16977435,-168.50,-186.50,3.0307,-13.2681
16981341,-157.50,-177.50,-4.6366,-13.0311
16985247,-168.50,-189.50,-9.1635,-9.5529
16989153,-156.50,-190.50,-7.9217,-9.4804
16993059,-144.50,-191.50,-0.5281,-14.7104
16996965,-143.50,-170.50,8.7646,-16.4516
17000871,-148.50,-181.50,12.0128,-10.3148
17004777,-143.50,-187.50,10.8158,-4.8917
17008683,-143.50,-180.50,11.7981,-4.4283
17012589,-144.50,-195.50,14.4609,-7.9337
17016495,-149.50,-185.50,13.8695,-14.1999
17020401,-160.50,-177.50,7.7773,-14.4072
17024307,-161.50,-178.50,-0.3614,-6.5479
17028213,-163.50,-200.50,-4.6363,-3.1139
17032119,-184.50,-179.50,-8.2556,-7.6004
17036025,-190.50,-148.50,-17.7293,-4.2517
17039931,-185.50,-127.50,-27.6643,15.0557
17043837,-186.50,-118.50,-30.7077,39.8419
17047743,-207.50,-145.50,-31.9842,53.0275
17051649,-205.50,-173.50,-37.0835,42.8158
17055555,-211.50,-220.50,-42.6643,11.0659
17059461,-196.50,-234.50,-44.3382,-27.9946
17063367,-190.50,-200.50,-39.5035,-48.6544
17067273,-205.50,-182.50,-33.4770,-37.9632
17071179,-207.50,-178.50,-33.4808,-14.5804
17075085,-189.50,-176.50,-33.7247,0.4532
17078991,-192.50,-154.50,-29.3501,8.5613
17082897,-212.50,-162.50,-29.2071,16.3342
17086803,-208.50,-160.50,-35.6562,20.4150
17090709,-191.50,-160.50,-36.1090,20.2751
17094615,-182.50,-173.50,-26.0832,17.1956
17098521,-168.50,-157.50,-13.3292,13.6345
17102427,-153.50,-160.50,-0.9314,15.0033
17106333,-147.50,-175.50,12.0876,15.8295
17110239,-149.50,-174.50,22.4185,10.8963
17114145,-143.50,-164.50,27.2174,7.6002
17118051,-148.50,-170.50,27.1481,9.0586
17121957,-134.50,-160.50,26.0894,11.6103
17125863,-112.50,-143.50,32.8561,17.9806
17129769,-125.50,-127.50,45.3648,31.1000
17133675,-138.50,-164.50,48.5940,38.7555
17137581,-142.50,-197.50,39.7972,24.8532
17141487,-144.50,-179.50,28.9610,1.6523
17145393,-146.50,-187.50,22.4472,-8.9736
17149299,-144.50,-172.50,21.1187,-7.5268
17153205,-136.50,-170.50,24.4173,-0.5658
17157111,-122.50,-146.50,31.6934,10.8301
17161017,-125.50,-140.50,39.1657,25.5664
17164923,-117.50,-128.50,43.3747,38.8198
17168829,-98.50,-114.50,49.6108,49.1179
17172735,-98.50,-127.50,60.2201,55.5915
17176641,-105.50,-114.50,66.1235,57.1162
17180547,-105.50,-100.50,63.3861,61.1618
17184453,-121.50,-113.50,55.7607,66.8626
17188359,-145.50,-139.50,42.8006,61.4452
17192269,-172.50,-154.50,22.7066,43.4353
17196175,-177.50,-156.50,0.7837,25.4829
17200081,-174.50,-157.50,-13.2246,16.2548
17203987,-156.50,-153.50,-13.7106,14.2401
17207893,-175.50,-146.50,-7.3175,16.6535
17211799,-197.50,-146.50,-9.2933,21.5616
17215705,-197.50,-156.50,-20.9443,24.0182
17219611,-186.50,-166.50,-28.8962,19.6324
17223517,-184.50,-171.50,-27.9617,10.2383
17227423,-207.50,-191.50,-27.2435,-1.4634
17231329,-198.50,-203.50,-31.0139,-15.2290
17235235,-186.50,-197.50,-30.0336,-25.4773
17239141,-185.50,-165.50,-23.1230,-22.0495
17243047,-117.50,-108.50,-7.6106,2.5421
17246953,-170.50,-165.50,12.5854,28.9711
17250859,-222.50,-232.50,7.0679,18.1002
17254765,-230.50,-239.50,-24.8791,-24.0908
17258671,-219.50,-233.50,-50.1668,-56.2718
17262577,-241.50,-244.50,-60.9710,-67.7002
17266483,-220.50,-248.50,-64.8898,-71.9806
17270389,-220.50,-244.50,-58.7817,-72.2626
17274295,-228.50,-210.50,-48.2212,-61.0252
17278201,-216.50,-208.50,-43.0189,-40.9038
17282107,-194.50,-204.50,-38.3187,-27.3472
17286013,-170.50,-192.50,-25.7814,-22.5051
17289919,-176.50,-173.50,-8.0992,-13.6595
17293825,-156.50,-169.50,7.7527,2.0549
17297731,-155.50,-188.50,20.0388,11.0551
17301637,-162.50,-204.50,23.5552,2.5464
17305543,-149.50,-207.50,19.7899,-14.7668
17309449,-150.50,-181.50,20.0274,-21.1826
17313355,-145.50,-172.50,26.3552,-9.3587
17317261,-184.50,-170.50,26.4427,7.0671
17321167,-151.50,-130.50,17.0023,21.3862
17325073,-154.50,-143.50,13.0154,35.6811
17328979,-139.50,-157.50,19.0321,40.2258
17332885,-134.50,-160.50,30.5091,33.5827
17336791,-79.50,-163.50,50.7009,25.8581
17340697,-143.50,-153.50,66.6154,21.9399
17344603,-152.50,-142.50,54.5719,24.1310
17348509,-158.50,-143.50,29.0698,30.9473
17352415,-166.50,-169.50,14.2857,32.9072
17356321,-173.50,-197.50,7.9619,20.4679
17360227,-172.50,-197.50,3.4687,-0.9288
17364133,-171.50,-198.50,0.2562,-16.7251
17368039,-143.50,-196.50,4.3934,-21.6768
17371945,-135.50,-181.50,19.3119,-16.5156
17375851,-165.50,-191.50,29.8823,-6.7217
17379757,-182.50,-189.50,20.7829,-2.4671
17383663,-188.50,-172.50,0.9917,-1.8891
17387569,-162.50,-175.50,-9.0416,1.6278
17391475,-179.50,-193.50,-5.3303,2.8858
17395381,-165.50,-179.50,0.7095,0.6817
17399287,-142.50,-185.50,9.6206,0.7198
17403193,-160.50,-190.50,19.8877,-0.6695
17407099,-188.50,-194.50,15.9798,-6.2963
17411005,-188.50,-184.50,-0.5917,-9.0211
17414911,-176.50,-160.50,-10.6840,-0.7588
17418817,-179.50,-193.50,-8.9393,9.2671
17422723,-185.50,-182.50,-6.3148,6.8280
17426629,-190.50,-159.50,-8.6420,4.1681
17430535,-187.50,-158.50,-11.8008,12.8177
17434441,-193.50,-142.50,-13.0072,25.8021
17438347,-206.50,-150.50,-16.5873,35.8165
17442253,-197.50,-140.50,-22.4494,39.5985
17446159,-181.50,-175.50,-21.3263,34.4522
17450065,-177.50,-170.50,-11.3732,21.1520
17453971,-174.50,-175.50,-0.9972,10.5346
17457877,-159.50,-152.50,6.9769,11.0071
17461783,-158.50,-166.50,14.4547,17.4826
17465689,-145.50,-144.50,21.3209,22.9085
17469595,-156.50,-148.50,26.0247,28.7050
17473501,-142.50,-113.50,28.2427,39.2630
17477407,-127.50,-108.50,33.7691,55.4061
17481313,-126.50,-89.50,43.0416,71.4290
17485219,-136.50,-127.50,47.1922,76.3295
17489125,-127.50,-149.50,45.6326,62.2134
17493031,-112.50,-133.50,47.8903,42.7993
17496937,-118.50,-112.50,54.4441,39.6424
17500843,-113.50,-128.50,57.7149,47.1441
17504749,-144.50,-166.50,52.8210,42.7973
17508655,-176.50,-156.50,34.8213,26.3315
17512561,-158.50,-175.50,13.6996,13.3793
17516467,-127.50,-214.50,11.2761,-2.0819
17520373,-143.50,-212.50,23.5848,-25.2234
17524279,-156.50,-189.50,27.9650,-36.7496
17528185,-153.50,-208.50,22.5986,-31.7590
17532091,-145.50,-232.50,20.0853,-31.3303
17535997,-143.50,-200.50,22.2904,-37.4033
17539903,-143.50,-163.50,23.8261,-28.8961
17543809,-133.50,-153.50,25.5618,-4.8245
17547715,-125.50,-172.50,32.2361,13.2674
17551621,-105.50,-159.50,44.2009,17.5026
17555527,-109.50,-145.50,55.4010,20.3655
17559433,-129.50,-141.50,55.3190,26.6866
17563339,-122.50,-128.50,45.9150,32.7903
17567245,-132.50,-117.50,39.1276,41.2931
17571151,-140.50,-134.50,34.5839,49.4369
17575057,-138.50,-148.50,28.4685,46.9736
17578963,-143.50,-152.50,22.8148,34.2563
17582869,-139.50,-142.50,19.8251,23.1877
17586775,-132.50,-133.50,22.0603,22.9523
17590681,-122.50,-110.50,29.3663,34.9183
17594587,-84.50,-98.50,42.7480,53.9729
17598493,-70.50,-80.50,63.0412,71.7028
17602399,-83.50,-111.50,78.8609,77.5511
17606305,-79.50,-111.50,82.3640,68.0905
17610211,-96.50,-110.50,77.8363,57.2066
17614117,-96.50,-109.50,68.2798,54.3787
17618023,-88.50,-108.50,59.7999,54.5919
17621929,-92.50,-117.50,57.4928,52.1053
17625835,-79.50,-115.50,60.6551,47.2238
17629741,-66.50,-111.50,69.6543,45.6177
17633647,-42.50,-108.50,83.4248,48.4730
17637553,-48.50,-96.50,95.3650,52.8525
17641459,-68.50,-94.50,95.4919,57.3257
17645365,-76.50,-109.50,84.1831,57.9101
17649271,-63.50,-96.50,74.8818,55.3204
17653177,-94.50,-111.50,68.7953,53.5964
17657083,-104.50,-132.50,54.8962,45.7636
17660989,-90.50,-145.50,40.9327,28.3446
17664895,-109.50,-132.50,36.7149,14.0598
17668801,-117.50,-127.50,33.0680,13.4761
17672707,-128.50,-155.50,23.8913,15.9348
17676613,-106.50,-143.50,16.5259,10.6898
17680519,-111.50,-132.50,17.6401,7.5863
17684425,-124.50,-136.50,19.8886,11.1502
17688331,-120.50,-112.50,17.7234,18.1388
17692237,-143.50,-115.50,11.7667,28.4246
17696143,-158.50,-157.50,-1.8781,28.6209
17700049,-170.50,-161.50,-20.2826,10.9301
17703955,-169.50,-144.50,-33.4400,-4.9503
17707861,-165.50,-148.50,-36.1579,-6.1986
17711767,-143.50,-148.50,-28.8382,-2.1401
17715673,-156.50,-162.50,-19.1240,-1.9809
17719579,-141.50,-166.50,-14.4570,-7.3413
17723485,-166.50,-172.50,-14.9313,-15.1087
17727391,-149.50,-170.50,-17.8937,-21.4039
17731297,-163.50,-175.50,-19.7191,-24.7485
17735203,-158.50,-187.50,-21.9386,-27.7722
17739109,-161.50,-191.50,-24.8349,-32.9244
17743015,-142.50,-212.50,-22.5645,-41.4019
17746921,-147.50,-168.50,-14.5060,-45.7797
17750827,-146.50,-162.50,-8.3518,-34.8600
17754733,-159.50,-175.50,-9.9314,-20.4592
17758639,-168.50,-175.50,-18.4999,-16.7457
17762545,-168.50,-165.50,-27.8397,-17.1338
17766451,-158.50,-156.50,-30.0841,-13.9951
17770357,-144.50,-154.50,-23.2010,-8.8449
17774263,-145.50,-172.50,-13.1799,-7.8119
17778169,-159.50,-165.50,-9.8806,-11.1905
17782075,-190.50,-161.50,-19.6617,-11.8339
17785981,-234.50,-208.50,-44.4800,-17.4221
17789887,-259.50,-228.50,-79.0638,-39.9936
17793793,-255.50,-229.50,-107.5756,-65.4420
17797699,-255.50,-298.50,-118.5784,-87.5784
17801605,-280.50,-302.50,-120.7329,-115.8753
17805511,-308.50,-296.50,-129.7313,-137.5157
17809417,-312.50,-304.50,-145.4676,-143.3381
17813323,-341.50,-357.50,-161.7094,-151.3157
17817229,-395.50,-410.50,-186.1661,-178.6536
17821135,-399.50,-399.50,-217.6378,-212.2143
17825041,-392.50,-398.50,-234.9245,-227.7488
17828947,-464.50,-429.50,-244.1667,-232.1614
17832853,-474.50,-458.50,-267.2406,-244.4582
17836759,-512.50,-478.50,-296.9504,-262.8902
17840665,-570.50,-532.50,-328.7554,-284.7411
17844571,-614.50,-559.50,-367.9155,-315.4330
17848477,-632.50,-576.50,-404.3891,-347.3579
17852383,-658.50,-621.50,-428.8443,-373.1423
17856289,-696.50,-644.50,-448.1003,-395.4906
17860195,-736.50,-703.50,-471.6003,-419.1546
17864101,-726.50,-714.50,-491.2985,-446.9352
17868007,-702.50,-700.50,-489.5922,-465.3382
17871913,-693.50,-698.50,-468.2085,-462.9980
17875819,-691.50,-706.50,-444.9781,-449.4260
17879725,-662.50,-694.50,-423.8582,-433.8916
17883631,-650.50,-669.50,-398.3831,-414.5550
17887537,-670.50,-675.50,-377.7244,-395.0075
17891443,-655.50,-671.50,-369.9403,-383.3447
17895349,-597.50,-591.50,-355.0899,-362.1189
17899255,-544.50,-527.50,-313.7906,-307.8423
17903161,-526.50,-512.50,-259.3692,-240.6307
17907067,-438.50,-447.50,-204.4645,-187.2725
17910973,-418.50,-420.50,-147.3525,-142.7531
17914879,-424.50,-399.50,-105.9664,-103.8989
17918785,-381.50,-355.50,-85.4658,-69.7329
17922691,-326.50,-325.50,-58.5370,-34.0402
17926597,-269.50,-282.50,-11.8863,2.2476
17930503,-222.50,-217.50,43.8937,43.3870
17934409,-216.50,-175.50,90.3965,94.0101
17938315,-140.50,-122.50,126.7369,147.6635
17942221,-88.50,-111.50,171.3981,192.7254
17946127,-106.50,-78.50,213.0741,221.6423
17950033,-90.50,-42.50,229.2040,243.1418
17953939,-37.50,-40.50,238.7056,263.7396
17957845,-7.50,-8.50,264.1155,281.0156
17961751,13.50,14.50,295.4102,299.4952
17965657,64.50,-12.50,324.0723,311.3360
17969563,93.50,14.50,355.1605,309.0242
17973469,80.50,80.50,379.0751,317.0101
17977375,80.50,82.50,382.8720,345.6676
17981281,115.50,80.50,379.6096,368.1596
17985187,106.50,112.50,382.3372,376.2654
17989093,113.50,73.50,383.8146,375.7128
17992999,118.50,69.50,382.2740,360.7228
17996905,126.50,59.50,382.4297,339.1454
18000811,137.50,68.50,384.2874,324.9381
18004717,145.50,57.50,386.4400,318.2484
18008623,129.50,55.50,384.1013,311.6765
18012529,97.50,70.50,369.6298,305.8874
18016435,100.50,58.50,346.8988,303.3787
18020341,89.50,48.50,327.8710,297.0702
18024247,67.50,42.50,310.5199,285.0727
18028153,53.50,49.50,289.2043,274.3189
18032059,35.50,19.50,267.6498,263.8582
18035965,-17.50,-0.50,242.0650,245.1517
18039871,-47.50,-36.50,204.9816,217.3962
18043777,-73.50,-58.50,163.7306,185.6161
18047683,-112.50,-102.50,125.9258,151.5232
18051589,-136.50,-133.50,91.6944,113.9854
18055495,-196.50,-214.50,57.2738,68.3014
18059401,-269.50,-280.50,10.3406,8.5189
18063307,-336.50,-322.50,-53.6317,-55.6949
18067213,-361.50,-352.50,-117.5441,-107.3907
18071119,-431.50,-406.50,-169.0013,-147.7835
18075025,-518.50,-474.50,-222.3511,-191.5674
18078931,-556.50,-485.50,-282.9243,-236.4694
18082837,-558.50,-526.50,-328.2237,-269.1949
18086743,-553.50,-548.50,-344.0559,-293.9279
18090649,-594.50,-601.50,-346.0997,-321.3198
18094555,-588.50,-605.50,-350.4250,-349.1674
18098461,-564.50,-591.50,-346.3468,-360.7738
18102367,-538.50,-586.50,-325.2528,-351.2558
18106273,-518.50,-576.50,-297.1353,-334.5366
18110179,-526.50,-537.50,-274.9040,-313.8572
18114085,-512.50,-512.50,-260.9628,-283.4484
18117991,-467.50,-516.50,-241.2364,-252.5121
18121897,-436.50,-465.50,-207.8019,-226.8075
18125803,-399.50,-414.50,-169.9760,-192.3540
18129709,-410.50,-408.50,-140.4429,-151.6123
18133615,-413.50,-389.50,-126.5709,-121.3176
18137521,-385.50,-367.50,-118.4126,-99.2236
18141427,-367.50,-344.50,-103.2824,-76.5941
18145333,-362.50,-369.50,-87.0329,-61.3077
18149239,-333.50,-336.50,-72.7422,-57.2498
18153145,-277.50,-298.50,-45.6923,-44.4749
18157051,-223.50,-256.50,2.2914,-11.5156
18160957,-200.50,-207.50,54.2429,33.3420
18164863,-188.50,-174.50,88.1754,79.1625
18168769,-157.50,-170.50,106.4354,113.1135
18172675,-112.50,-147.50,129.4242,131.6672
18176581,-76.50,-94.50,164.9699,151.2029
18180487,-74.50,-49.50,197.5374,185.3413
18184393,-35.50,-14.50,217.1427,226.5145
18188299,14.50,-0.50,239.2654,260.2945
18192205,25.50,-10.50,270.3343,277.0146
18196111,33.50,-8.50,294.4925,276.7634
18200017,61.50,54.50,307.5561,279.4568
18203923,90.50,61.50,320.5234,298.4626
18207829,128.50,57.50,340.3732,315.8465
18211735,170.50,66.50,368.9603,320.5596
18215641,224.50,86.50,406.6904,323.9035
18219547,255.50,109.50,447.5013,333.0404
18223453,301.50,130.50,482.8469,345.4743
18227359,288.50,138.50,504.9375,356.8532
18231269,249.50,149.50,500.5780,365.7730
18235175,229.50,155.50,470.8547,372.6282
18239081,208.50,130.50,434.4405,370.1927
18242987,182.50,134.50,400.0273,354.2511
18246893,186.50,145.50,370.9668,339.0735
18250799,181.50,131.50,354.0269,332.8611
18254705,179.50,107.50,347.0146,324.1964
18258611,156.50,85.50,338.6211,304.0734
18262517,142.50,61.50,320.6155,274.7086
18266423,144.50,50.50,298.9105,244.2003
18270329,143.50,54.50,284.5679,223.5909
18274235,129.50,30.50,276.2646,213.1825
18278141,130.50,61.50,267.9132,208.3137
18282047,119.50,70.50,257.9439,212.1937
18285953,126.50,80.50,247.3149,220.4499
18289859,112.50,79.50,237.4907,225.4185
18293765,122.50,96.50,229.8348,229.1891
18297671,114.50,97.50,225.5222,234.2527
18301577,126.50,94.50,222.9651,235.0374
18305483,135.50,105.50,222.4079,230.3471
18309389,134.50,108.50,223.2083,227.5252
18313295,129.50,111.50,221.2591,228.4804
18317201,144.50,102.50,218.8376,227.9063
18321107,144.50,86.50,219.3417,218.8987
18325013,129.50,90.50,215.8510,203.4365
18328919,130.50,83.50,204.7939,190.6433
18332825,132.50,77.50,194.9578,182.2230
18336731,99.50,58.50,185.4780,172.6883
18340637,86.50,45.50,167.2551,157.5469
18344543,50.50,35.50,140.2709,138.7213
18348449,48.50,52.50,111.7107,125.6651
18352355,47.50,61.50,92.8399,125.9356
18356261,29.50,53.50,83.7046,132.1900
18360167,32.50,62.50,75.9179,134.4143
18364073,31.50,32.50,69.6728,128.4281
18367979,23.50,22.50,64.4707,111.5424
18371885,31.50,39.50,59.5200,95.8187
18375791,14.50,-1.50,55.2928,86.5772
18379697,43.50,-4.50,53.6208,72.4312
18383603,33.50,10.50,57.1583,59.8857
18387509,19.50,-22.50,56.4305,52.9891
18391415,16.50,-32.50,46.7955,39.9178
18395321,17.50,-15.50,37.6857,27.4696
18399227,-18.50,-46.50,27.7325,21.8344
18403133,-44.50,-79.50,6.8012,7.4845
18407039,-47.50,-60.50,-18.8933,-13.2950
18410945,-44.50,-58.50,-34.1664,-21.4683
18414851,-27.50,-58.50,-34.3234,-18.4849
18418757,-20.50,-48.50,-24.3210,-13.4448
18422663,-46.50,-43.50,-18.3341,-7.2871
18426569,-63.50,-26.50,-27.6718,0.5023
18430475,-70.50,-20.50,-45.4731,9.5552
18434381,-40.50,-20.50,-54.2433,16.2731
18438287,-32.50,-47.50,-46.3595,13.8709
18442193,-41.50,-52.50,-34.6464,1.2206
18446099,-29.50,-64.50,-29.0396,-13.8634
18450005,-18.50,-67.50,-23.6576,-26.1336
18453911,-3.50,-84.50,-14.8743,-36.7436
18457817,-0.50,-85.50,-6.0975,-46.3129
18461723,-14.50,-78.50,-3.2582,-50.5117
18465629,-6.50,-56.50,-5.9697,-44.8882
18469535,7.50,-50.50,-4.9973,-32.6677
18473441,-12.50,-63.50,-2.6402,-24.9344
18477347,-30.50,-82.50,-11.1625,-29.6522
18481253,-37.50,-90.50,-27.6683,-42.7044
18485159,-46.50,-99.50,-40.9076,-56.1504
18489065,-47.50,-91.50,-48.4422,-65.1664
18492971,-60.50,-105.50,-54.7163,-69.6227
18496877,-47.50,-79.50,-60.3330,-68.5840
18500783,-45.50,-55.50,-59.8897,-55.2920
18504689,-64.50,-72.50,-57.8431,-38.5473
18508595,-62.50,-64.50,-61.6006,-33.8596
18512501,-70.50,-58.50,-68.2952,-35.2195
18516407,-87.50,-96.50,-77.5321,-39.9149
18520313,-104.50,-104.50,-91.3317,-54.2704
18524219,-98.50,-113.50,-103.1953,-71.1497
18528125,-87.50,-104.50,-104.3973,-80.9274
18532031,-106.50,-88.50,-101.0007,-79.5996
18535937,-120.50,-98.50,-106.3006,-71.4746
18539843,-124.50,-104.50,-117.9568,-67.4452
18543749,-110.50,-112.50,-123.0279,-70.6632
18547655,-109.50,-159.50,-118.1004,-85.0279
18551561,-137.50,-148.50,-116.2892,-108.3187
18555467,-145.50,-138.50,-126.6620,-120.4686
18559373,-176.50,-164.50,-143.9251,-119.9299
18563279,-169.50,-169.50,-159.8743,-122.9787
18567185,-144.50,-154.50,-162.5857,-127.0822
18571091,-148.50,-160.50,-151.7609,-125.5977
18574997,-169.50,-177.50,-145.3020,-126.4175
18578903,-177.50,-182.50,-150.8563,-133.3738
18582809,-172.50,-178.50,-158.1135,-138.5115
18586715,-173.50,-175.50,-159.9336,-137.4520
18590621,-174.50,-161.50,-159.5197,-131.9502
18594527,-169.50,-154.50,-157.9984,-123.0444
18598433,-140.50,-140.50,-148.4911,-111.1156
18602339,-118.50,-155.50,-127.0802,-101.0020
18606245,-114.50,-204.50,-104.1396,-107.3580
18610151,-120.50,-201.50,-92.8862,-131.0332
18614057,-118.50,-176.50,-92.3612,-145.8119
18617963,-127.50,-174.50,-94.6157,-139.2990
18621869,-128.50,-168.50,-97.2656,-125.0999
18625775,-120.50,-128.50,-98.6498,-107.4633
18629681,-102.50,-114.50,-94.0717,-83.1505
18633587,-111.50,-111.50,-85.3040,-62.4822
18637493,-111.50,-140.50,-79.8422,-58.4451
18641399,-126.50,-142.50,-80.8777,-69.0345
18645305,-126.50,-157.50,-87.2130,-81.8809
18649211,-142.50,-130.50,-96.4461,-87.0448
18653117,-146.50,-128.50,-106.2609,-81.3698
18657023,-148.50,-140.50,-112.3231,-74.4585
18660929,-146.50,-156.50,-112.3110,-76.4830
18664835,-152.50,-144.50,-110.6987,-81.8661
18668741,-149.50,-149.50,-111.2564,-83.2872
18672647,-151.50,-160.50,-112.1150,-85.8427
18676553,-148.50,-165.50,-110.5980,-92.8420
18680459,-154.50,-148.50,-107.8286,-94.8293
18684365,-160.50,-176.50,-107.9816,-91.5564
18688271,-173.50,-168.50,-113.7548,-93.5763
18692177,-148.50,-159.50,-117.8464,-96.7607
18696083,-126.50,-153.50,-107.9066,-93.3326
18699989,-116.50,-130.50,-86.9303,-82.1425
18703895,-124.50,-137.50,-70.8348,-66.9257
18707801,-120.50,-140.50,-66.3764,-58.7964
18711707,-136.50,-141.50,-69.8613,-60.5297
18715613,-142.50,-143.50,-77.9992,-65.2951
18719519,-123.50,-143.50,-82.4409,-67.8783
18723425,-125.50,-126.50,-77.3760,-64.0301
18727331,-127.50,-124.50,-70.9617,-54.1658
18731237,-113.50,-127.50,-66.6392,-46.8954
18735143,-128.50,-129.50,-63.1263,-46.7333
18739049,-125.50,-130.50,-63.6383,-49.1572
18742955,-134.50,-146.50,-67.1288,-52.4815
18746861,-130.50,-140.50,-70.3289,-57.2402
18750767,-130.50,-134.50,-71.0394,-58.9363
18754673,-134.50,-149.50,-70.0962,-58.9381
18758579,-117.50,-154.50,-67.1374,-62.9430
18762485,-140.50,-167.50,-63.8597,-69.7338
18766391,-145.50,-165.50,-67.7671,-75.9464
18770297,-148.50,-156.50,-75.9138,-77.8519
18774203,-140.50,-141.50,-79.3609,-72.4026
18778109,-150.50,-175.50,-78.4446,-67.7722
18782015,-172.50,-181.50,-82.0785,-74.1286
18785921,-148.50,-168.50,-88.0526,-81.9891
18789827,-144.50,-170.50,-84.5399,-81.8371
18793733,-153.50,-158.50,-77.1096,-77.7527
18797639,-149.50,-175.50,-74.9683,-74.4943
18801545,-160.50,-188.50,-76.2172,-76.8997
18805451,-164.50,-179.50,-79.6604,-81.9562
18809357,-164.50,-170.50,-83.6161,-81.6523
18813263,-168.50,-162.50,-86.0748,-76.1162
18817169,-175.50,-173.50,-88.5090,-70.9973
18821075,-165.50,-173.50,-89.3111,-69.1310
18824981,-136.50,-143.50,-80.7679,-63.1561
18828887,-129.50,-158.50,-62.8095,-52.6803
18832793,-130.50,-160.50,-47.8021,-50.4570
18836699,-136.50,-159.50,-43.0753,-54.8555
18840605,-123.50,-158.50,-42.5037,-55.2350
18844511,-137.50,-162.50,-41.3781,-52.1412
18848417,-129.50,-165.50,-42.1224,-51.8599
18852323,-140.50,-161.50,-44.4633,-54.8688
18856229,-154.50,-164.50,-49.5978,-56.6321
18860135,-125.50,-152.50,-52.2341,-53.3605
18864041,-127.50,-154.50,-44.7787,-45.6530
18867947,-140.50,-142.50,-38.2903,-38.3824
18871853,-136.50,-136.50,-40.3087,-32.7506
18875759,-137.50,-142.50,-42.8588,-28.9692
18879665,-134.50,-136.50,-41.8664,-26.7417
18883571,-144.50,-157.50,-41.1846,-26.7045
18887477,-143.50,-156.50,-43.7464,-32.3955
18891383,-143.50,-182.50,-46.3367,-44.1059
18895289,-145.50,-187.50,-46.4525,-59.2569
18899195,-153.50,-175.50,-46.8967,-67.6716
18903101,-156.50,-175.50,-49.9549,-63.6425
18907007,-147.50,-166.50,-52.1411,-55.1308
18910913,-138.50,-170.50,-48.4688,-49.4433
18914819,-111.50,-168.50,-36.4418,-47.9093
18918725,-126.50,-154.50,-21.8590,-44.8675
18922631,-126.50,-176.50,-16.2292,-40.5315
18926537,-140.50,-186.50,-20.6814,-44.5803
18930443,-148.50,-188.50,-30.2497,-55.1267
18934349,-161.50,-162.50,-41.6014,-58.2300
18938255,-159.50,-158.50,-50.5233,-48.1834
18942161,-174.50,-159.50,-55.9686,-35.2452
18946067,-156.50,-164.50,-57.7328,-29.4562
18949973,-144.50,-149.50,-51.5152,-27.9141
18953879,-186.50,-164.50,-47.4159,-27.1337
18957785,-182.50,-184.50,-56.8790,-33.0774
18961691,-163.50,-190.50,-63.9996,-45.5240
18965597,-162.50,-186.50,-58.0208,-54.0498
18969503,-175.50,-184.50,-51.9621,-54.7488
18973409,-174.50,-184.50,-53.3607,-52.3645
18977315,-179.50,-186.50,-56.4824,-50.7586
18981221,-154.50,-179.50,-53.8377,-48.3914
18985127,-164.50,-181.50,-45.7382,-44.0369
18989033,-141.50,-162.50,-37.5536,-37.9980
18992939,-108.50,-173.50,-22.8985,-32.0602
18996845,-96.50,-165.50,1.2308,-29.3803
19000751,-86.50,-142.50,23.0583,-23.3477
19004657,-82.50,-150.50,35.5046,-11.6545
19008563,-81.50,-159.50,39.9771,-6.6681
19012469,-99.50,-154.50,37.2538,-10.4545
19016375,-144.50,-143.50,21.7706,-11.8042
19020281,-134.50,-128.50,-1.7638,-4.2975
19024187,-100.50,-113.50,-9.8932,10.0149
19028093,-77.50,-110.50,6.3462,24.3437
19031999,-111.50,-108.50,23.9111,32.5529
19035905,-143.50,-143.50,18.5387,28.9775
19039811,-137.50,-143.50,-1.3604,14.1113
19043717,-144.50,-152.50,-15.5632,-0.2583
19047623,-143.50,-161.50,-22.4364,-9.5403
19051529,-137.50,-136.50,-24.1565,-12.1946
19055435,-136.50,-148.50,-19.4019,-6.7391
19059341,-143.50,-145.50,-13.3313,-1.8232
19063247,-147.50,-181.50,-13.1624,-6.3877
19067153,-141.50,-160.50,-17.7357,-17.4985
19071059,-153.50,-166.50,-22.4481,-22.9418
19074965,-159.50,-176.50,-26.7495,-24.1113
19078871,-145.50,-170.50,-26.8725,-26.2735
19082777,-142.50,-159.50,-20.7378,-23.6095
19086683,-136.50,-164.50,-14.6236,-17.0878
19090589,-143.50,-172.50,-12.8153,-15.5736
19094495,-149.50,-172.50,-14.3580,-19.9375
19098401,-166.50,-172.50,-18.8079,-23.3586
19102307,-167.50,-178.50,-26.4505,-24.1654
19106213,-138.50,-168.50,-29.4100,-23.5475
19110119,-129.50,-164.50,-20.2795,-20.1675
19114025,-137.50,-162.50,-7.6037,-15.3509
19117931,-137.50,-168.50,-0.9001,-12.5905
19121837,-157.50,-161.50,-2.6271,-11.5124
19125743,-148.50,-132.50,-11.2895,-4.8038
19129649,-143.50,-141.50,-17.5967,7.3819
19133555,-132.50,-123.50,-14.5413,16.7310
19137461,-128.50,-129.50,-3.9120,23.0378
19141367,-143.50,-174.50,4.3290,19.0103
19145273,-129.50,-144.50,4.2598,5.0233
19149179,-108.50,-168.50,5.7595,-3.9225
19153085,-127.50,-170.50,11.4323,-10.1886
19156991,-143.50,-165.50,10.3388,-15.2473
19160897,-146.50,-143.50,2.2907,-10.1573
19164803,-145.50,-141.50,-4.9701,3.1009
19168709,-144.50,-143.50,-9.5896,12.6806
19172615,-138.50,-154.50,-10.8063,12.0666
19176521,-146.50,-159.50,-8.1309,5.1166
19180427,-146.50,-155.50,-4.9371,-0.3212
19184333,-134.50,-180.50,-2.1090,-4.9633
19188239,-128.50,-173.50,1.5810,-13.2297
19192145,-114.50,-154.50,7.0707,-15.8496
19196051,-117.50,-147.50,15.2081,-6.6058
19199957,-109.50,-173.50,23.9496,1.0730
19203863,-112.50,-175.50,29.7827,-3.5312
19207769,-115.50,-185.50,28.8760,-14.0396
19211675,-142.50,-186.50,18.6194,-23.1359
19215581,-130.50,-164.50,6.0350,-24.5677
19219487,-128.50,-168.50,3.7081,-16.3153
19223393,-112.50,-160.50,11.6265,-6.5837
19227299,-114.50,-144.50,20.1086,2.4140
19231205,-108.50,-138.50,23.9417,12.4835
19235111,-92.50,-138.50,28.7674,19.7949
19239017,-83.50,-130.50,40.2935,23.8543
19242923,-106.50,-116.50,48.0817,30.2323
19246829,-110.50,-137.50,41.5207,35.6977
19250735,-107.50,-168.50,29.6753,26.9844
19254641,-91.50,-150.50,27.2292,9.6260
19258547,-95.50,-144.50,34.6332,3.6631
19262453,-111.50,-143.50,38.6698,9.3981
19266359,-145.50,-160.50,27.1921,12.6634
19270269,-153.50,-153.50,3.7266,9.3701
19274175,-168.50,-172.50,-17.7937,3.3654
19278081,-171.50,-175.50,-30.6190,-5.1287
19281987,-188.50,-194.50,-38.1750,-15.8814
19285893,-179.50,-192.50,-43.4553,-25.8544
19289799,-156.50,-199.50,-40.6447,-31.7697
19293705,-186.50,-209.50,-33.8312,-35.9208
19297611,-198.50,-210.50,-37.9732,-41.2769
19301517,-207.50,-224.50,-50.4462,-47.1624
19305423,-223.50,-217.50,-62.8630,-51.9790
19309329,-212.50,-221.50,-72.0080,-52.9622
19313235,-190.50,-213.50,-69.8630,-50.5518
19317141,-185.50,-189.50,-55.8244,-42.6203
19321047,-162.50,-162.50,-37.5584,-24.6779
19324953,-154.50,-151.50,-19.3369,-1.3443
19328859,-143.50,-144.50,-5.0810,17.4422
19332765,-143.50,-128.50,2.9067,29.8953
19336671,-156.50,-93.50,3.8253,44.5972
19340577,-156.50,-108.50,-0.5470,60.6994
19344483,-129.50,-106.50,0.1747,66.7789
19348389,-106.50,-108.50,13.7168,64.6494
19352295,-111.50,-111.50,30.8422,61.4516
19356201,-111.50,-127.50,39.2592,55.2804
19360107,-100.50,-132.50,42.4867,44.6546
19364013,-91.50,-128.50,48.2439,35.9831
19367919,-80.50,-116.50,55.8805,36.3076
19371825,-104.50,-112.50,57.8676,43.8065
19375731,-127.50,-128.50,47.0500,47.9475
19379637,-134.50,-132.50,29.4783,42.5673
19383543,-145.50,-143.50,15.0652,32.6767
19387449,-138.50,-160.50,5.9200,21.3945
19391355,-152.50,-184.50,0.3305,5.9667
19395261,-173.50,-194.50,-7.4186,-12.5313
19399167,-168.50,-192.50,-16.4974,-26.2792
19403073,-175.50,-239.50,-21.1579,-38.2845
19406979,-173.50,-241.50,-23.8880,-56.5407
19410885,-180.50,-234.50,-27.7335,-69.9876
19414791,-186.50,-226.50,-31.7546,-69.4352
19418697,-189.50,-236.50,-34.1275,-63.8972
19422603,-182.50,-250.50,-33.4409,-64.4121
19426509,-177.50,-236.50,-30.5553,-68.0185
19430415,-185.50,-241.50,-29.2717,-66.8789
19434321,-177.50,-216.50,-29.3598,-60.4331
19438227,-172.50,-195.50,-25.0278,-46.4458
19442133,-189.50,-191.50,-20.5537,-27.8156
19446039,-174.50,-168.50,-21.8279,-10.4490
19449945,-153.50,-158.50,-19.4392,6.1747
19453851,-142.50,-154.50,-6.8873,18.9631
19457757,-144.50,-163.50,7.9638,22.7413
19461663,-143.50,-163.50,16.6374,19.5037
19465569,-142.50,-178.50,18.2921,13.8848
19469475,-158.50,-181.50,13.3373,6.8477
19473381,-149.50,-188.50,5.5020,-0.7618
19477287,-159.50,-182.50,2.0242,-6.1213
19481193,-148.50,-198.50,3.6331,-9.3034
19485099,-150.50,-180.50,7.2240,-10.0526
19489005,-143.50,-178.50,9.7662,-4.9666
19492911,-137.50,-165.50,12.2994,3.6648
19496817,-142.50,-162.50,16.1911,11.5122
19500723,-152.50,-170.50,17.0627,15.5520
19504629,-157.50,-178.50,12.2191,13.5677
19508535,-160.50,-186.50,4.3971,7.3289
19512441,-155.50,-176.50,-1.0832,1.7957
19516347,-143.50,-191.50,1.0899,-1.5016
19520253,-158.50,-188.50,7.3269,-5.2533
19524159,-175.50,-194.50,5.4908,-7.8651
19528065,-174.50,-206.50,-5.2110,-10.5130
19531971,-174.50,-207.50,-14.2065,-16.3375
19535877,-177.50,-184.50,-17.3495,-18.3226
19539783,-158.50,-196.50,-13.7704,-13.1595
19543689,-138.50,-174.50,-0.6862,-5.4889
19547595,-133.50,-181.50,16.2589,3.3191
19551501,-136.50,-190.50,26.1496,6.8359
19555407,-170.50,-181.50,21.7872,3.3859
19559313,-160.50,-169.50,8.1365,3.3496
19563219,-116.50,-170.50,7.3502,9.5778
19567125,-112.50,-204.50,25.7899,10.1909
19571031,-126.50,-207.50,40.7910,-1.6944
19574937,-143.50,-211.50,38.4904,-15.7357
19578843,-140.50,-189.50,28.2867,-20.0805
19582749,-125.50,-207.50,24.2879,-16.1937
19586655,-143.50,-207.50,24.8223,-14.1373
19590561,-148.50,-195.50,19.8135,-12.8793
19594467,-128.50,-178.50,16.3549,-5.4316
19598373,-120.50,-164.50,24.6737,6.8670
19602279,-109.50,-143.50,38.0262,21.8119
19606185,-92.50,-135.50,49.3656,38.7455
19610091,-111.50,-136.50,55.1657,52.3221
19613997,-106.50,-125.50,53.5566,58.9754
19617903,-74.50,-102.50,56.6506,64.9921
19621809,-79.50,-89.50,68.9668,76.2313
19625715,-64.50,-77.50,78.6956,90.7362
19629621,-69.50,-86.50,82.6653,101.8605
19633527,-84.50,-111.50,81.2776,99.8545
19637433,-99.50,-136.50,72.5122,80.6623
19641339,-96.50,-140.50,60.6521,55.1085
19645245,-118.50,-143.50,48.5153,38.2774
19649151,-137.50,-142.50,32.4983,33.7551
19653057,-164.50,-165.50,12.5265,31.8307
19656963,-176.50,-180.50,-6.9593,21.6115
19660869,-180.50,-194.50,-21.7814,4.2964
19664775,-195.50,-210.50,-33.0141,-13.3384
19668681,-195.50,-208.50,-42.8342,-25.9153
19672587,-200.50,-213.50,-47.8057,-30.6052
19676493,-204.50,-218.50,-47.9827,-31.9969
19680399,-207.50,-220.50,-48.2902,-34.6651
19684305,-207.50,-223.50,-50.9484,-37.7563
19688211,-217.50,-240.50,-55.5045,-42.1614
19692117,-212.50,-239.50,-58.8032,-48.5417
19696023,-229.50,-242.50,-59.7652,-53.1751
19699929,-236.50,-249.50,-63.7957,-56.1930
19703835,-205.50,-253.50,-66.1291,-60.1107
19707741,-210.50,-244.50,-59.2665,-61.4969
19711647,-186.50,-206.50,-46.9721,-51.3325
19715553,-185.50,-197.50,-31.9935,-29.2330
19719459,-181.50,-184.50,-19.5063,-8.0531
19723365,-172.50,-204.50,-13.2285,1.4235
19727271,-164.50,-186.50,-9.0980,1.4850
19731177,-152.50,-172.50,-2.5048,5.1104
19735083,-160.50,-166.50,5.6878,15.1224
19738989,-132.50,-175.50,14.3870,21.6594
19742895,-132.50,-148.50,25.0280,25.6517
19746801,-116.50,-132.50,34.3211,37.3679
19750707,-93.50,-133.50,45.0435,52.5514
19754613,-97.50,-143.50,59.2061,57.9246
19758519,-98.50,-152.50,68.0652,51.6567
19762425,-105.50,-134.50,67.2737,45.2792
19766331,-107.50,-136.50,60.0517,47.3218
19770237,-111.50,-126.50,51.9864,53.2148
19774143,-117.50,-124.50,46.4815,58.3741
19778049,-118.50,-142.50,43.4607,58.6787
19781955,-125.50,-143.50,40.6421,51.9253
19785861,-125.50,-140.50,35.8133,45.2915
19789767,-110.50,-132.50,33.5273,44.4520
19793673,-114.50,-143.50,37.4400,45.5648
19797579,-121.50,-143.50,41.0224,43.5918
19801485,-126.50,-156.50,38.8409,38.7514
19805391,-111.50,-180.50,35.5554,28.5481
19809297,-96.50,-179.50,39.0563,13.5086
19813203,-88.50,-175.50,49.5373,3.5157
19817109,-114.50,-166.50,55.9756,3.8180
19821015,-101.50,-143.50,53.0503,14.0712
19824921,-106.50,-141.50,48.6301,29.7370
19828827,-111.50,-122.50,44.3228,43.5974
19832733,-115.50,-118.50,38.2286,54.1037
19836639,-124.50,-114.50,32.7569,60.9502
19840545,-111.50,-122.50,30.9209,62.7155
19844451,-100.50,-113.50,35.4656,61.7458
19848357,-122.50,-95.50,38.4728,64.9437
19852263,-114.50,-95.50,33.5987,72.9020
19856169,-114.50,-100.50,29.9697,77.3164
19860075,-124.50,-111.50,29.9032,74.2050
19863981,-127.50,-125.50,26.5121,64.9911
19867887,-117.50,-182.50,21.9672,44.2849
19871793,-134.50,-178.50,18.9694,13.2472
19875699,-157.50,-164.50,11.0860,-6.0509
19879605,-175.50,-162.50,-4.4206,-4.5578
19883511,-184.50,-170.50,-21.9678,2.6392
19887417,-165.50,-165.50,-32.3003,5.7073
19891323,-162.50,-136.50,-30.1655,11.1567
19895229,-158.50,-148.50,-21.3170,20.8641
19899135,-143.50,-165.50,-10.4272,21.9683
19903041,-148.50,-176.50,-0.3594,11.4663
19906947,-140.50,-160.50,3.8380,2.8190
19910853,-126.50,-150.50,6.2944,5.3593
19914759,-169.50,-161.50,5.4189,11.2301
19918665,-125.50,-172.50,1.4916,9.2728
19922571,-120.50,-162.50,8.9729,4.1984
19926477,-126.50,-146.50,20.5653,7.2626
19930383,-154.50,-175.50,17.5541,11.6717
19934289,-153.50,-207.50,3.5048,-0.3065
19938195,-148.50,-176.50,-5.1757,-18.2557
19942101,-134.50,-142.50,-2.1378,-13.8343
19946007,-138.50,-137.50,4.6504,10.0545
19949913,-145.50,-156.50,6.0612,25.6517
19953819,-150.50,-162.50,2.2789,22.2377
19957725,-172.50,-170.50,-4.5857,10.9793
19961631,-159.50,-162.50,-12.8733,3.4124
19965537,-143.50,-171.50,-14.1492,0.8264
19969443,-143.50,-184.50,-7.3012,-3.5003
19973349,-149.50,-180.50,-1.0818,-10.0987
19977255,-149.50,-182.50,1.2057,-12.9164
19981161,-139.50,-176.50,2.9333,-11.6991
19985067,-120.50,-179.50,8.1884,-9.8975
19988973,-106.50,-179.50,18.5116,-9.7019
19992879,-92.50,-160.50,32.8998,-6.8871
19996785,-79.50,-152.50,49.6043,3.0462
20000691,-82.50,-143.50,62.8241,15.2093
20004597,-94.50,-140.50,63.8450,23.7633
20008503,-81.50,-124.50,56.3256,30.2770
20012409,-74.50,-118.50,54.2774,38.6852
20016315,-108.50,-136.50,54.5825,43.6268
20020221,-128.50,-148.50,42.9220,37.3392
20024127,-127.50,-136.50,23.7382,27.2014
20028033,-112.50,-129.50,12.9319,25.2034
20031939,-84.50,-108.50,19.1544,33.3263
20035845,-85.50,-79.50,36.9812,50.9287
20039751,-84.50,-111.50,51.6152,66.5909
20043657,-82.50,-120.50,56.6425,63.7918
20047563,-96.50,-114.50,52.6460,50.8378
20051469,-110.50,-136.50,40.1985,39.9195
20055375,-121.50,-164.50,25.0962,24.7469
20059281,-128.50,-172.50,13.9368,4.6729
20063187,-132.50,-165.50,7.0932,-8.4516
20067093,-113.50,-145.50,5.0546,-7.1209
20070999,-127.50,-149.50,6.7297,2.5115
20074905,-144.50,-175.50,3.6690,4.7165
20078811,-143.50,-225.50,-4.1975,-12.5910
20082717,-160.50,-207.50,-11.8027,-38.8876
20086623,-160.50,-204.50,-20.8454,-51.4893
20090529,-150.50,-185.50,-27.2712,-47.2586
20094435,-142.50,-180.50,-24.3331,-35.1401
20098341,-143.50,-168.50,-15.2338,-20.6388
20102247,-157.50,-162.50,-10.4347,-7.1222
20106153,-158.50,-175.50,-15.0728,-1.0341
20110059,-160.50,-178.50,-23.3455,-6.5000
20113965,-166.50,-162.50,-29.4160,-12.5510
20117871,-164.50,-143.50,-31.5437,-5.7210
20121777,-140.50,-117.50,-25.8362,14.2079
20125683,-147.50,-111.50,-14.9991,36.3573
20129589,-152.50,-108.50,-10.9151,49.2357
20133495,-142.50,-143.50,-12.8279,46.3358
20137401,-141.50,-172.50,-10.9881,26.4909
20141307,-129.50,-176.50,-4.2697,1.3270
20145213,-133.50,-173.50,2.3168,-14.0784
20149119,-149.50,-193.50,1.2032,-21.8016
20153025,-154.50,-191.50,-8.1323,-29.2402
20156931,-168.50,-194.50,-18.6505,-33.1865
20160837,-169.50,-185.50,-26.8633,-30.8324
20164743,-169.50,-194.50,-31.7706,-27.5472
20168649,-150.50,-175.50,-30.6066,-26.0693
20172555,-145.50,-169.50,-22.0861,-20.9238
20176461,-168.50,-161.50,-15.6171,-10.8187
20180367,-172.50,-175.50,-19.7955,-3.3151
20184273,-147.50,-169.50,-24.0480,-3.3457
20188179,-142.50,-188.50,-18.2880,-9.7581
20192085,-140.50,-171.50,-9.2868,-16.9049
20195991,-141.50,-159.50,-3.4755,-14.4833
20199897,-126.50,-156.50,2.2106,-2.9423
20203803,-143.50,-143.50,6.5662,8.5476
20207709,-130.50,-130.50,5.1393,18.4341
20211615,-129.50,-133.50,3.4909,26.0550
20215521,-136.50,-171.50,4.5423,22.7832
20219427,-136.50,-172.50,4.9909,7.1760
20223333,-127.50,-154.50,6.1021,-3.6806
20227239,-117.50,-141.50,9.9394,0.4740
20231145,-100.50,-148.50,17.5578,9.4716
20235051,-92.50,-164.50,29.2870,10.8568
20238957,-104.50,-161.50,38.9122,5.6952
20242863,-106.50,-172.50,39.5197,0.1026
20246769,-77.50,-158.50,38.6851,-4.1857
20250675,-83.50,-168.50,43.8828,-6.2808
20254581,-111.50,-174.50,43.9033,-8.3989
20258487,-101.50,-154.50,35.4565,-7.2012
20262393,-118.50,-136.50,28.1239,3.8470
20266299,-122.50,-132.50,20.2620,18.0690
20270205,-125.50,-174.50,10.3529,18.5728
20274111,-141.50,-189.50,1.3126,0.2725
20278017,-130.50,-173.50,-3.8934,-16.8030
20281923,-106.50,-144.50,1.9812,-13.7595
20285829,-74.50,-154.50,20.6759,0.0912
20289735,-111.50,-161.50,35.5703,5.3967
20293641,-129.50,-160.50,28.8488,2.6651
20297547,-147.50,-188.50,8.7569,-2.7435
20301453,-124.50,-207.50,-4.3237,-16.7430
20305359,-156.50,-200.50,-9.2179,-35.0404
20309269,-153.50,-201.50,-17.9485,-44.8767
20313175,-160.50,-186.50,-27.1731,-42.0696
20317081,-161.50,-175.50,-29.6702,-28.9232
20320987,-161.50,-187.50,-28.5570,-16.6428
20324893,-148.50,-207.50,-26.3537,-19.3192
20328799,-145.50,-190.50,-22.8159,-30.8585
20332705,-132.50,-162.50,-16.3413,-29.4901
20336611,-145.50,-169.50,-8.6594,-13.6982
20340517,-140.50,-175.50,-5.1393,-2.7500
20344423,-139.50,-168.50,-5.8574,-2.3059
20348329,-143.50,-162.50,-8.9092,-3.2729
20352235,-148.50,-169.50,-13.3212,-2.6451
20356141,-149.50,-169.50,-15.7074,-2.7412
20360047,-138.50,-152.50,-13.1986,-0.0308
20363953,-128.50,-148.50,-6.4875,7.8338
20367859,-100.50,-127.50,4.0794,17.8594
20371765,-128.50,-121.50,13.4573,29.1784
20375671,-156.50,-130.50,8.6305,37.4964
20379577,-121.50,-162.50,-1.7084,33.3587
20383483,-110.50,-180.50,2.1081,14.4366
20387389,-128.50,-191.50,9.7470,-9.2868
20391295,-136.50,-172.50,6.0160,-23.0569
20395201,-168.50,-166.50,-6.3516,-20.0763
20399107,-158.50,-175.50,-19.5231,-10.4489
20403013,-177.50,-192.50,-29.4486,-9.1713
20406919,-175.50,-175.50,-39.3798,-14.7578
20410825,-145.50,-143.50,-41.5864,-11.2889
20414731,-139.50,-152.50,-27.0820,2.5556
20418637,-155.50,-176.50,-11.1206,8.3680
20422543,-144.50,-190.50,-7.4357,-1.1459
20426449,-144.50,-206.50,-10.2408,-17.9392
20430355,-172.50,-204.50,-17.4452,-33.8050
20434261,-188.50,-205.50,-31.4927,-42.8023
20438167,-207.50,-194.50,-47.4434,-41.9450
20442073,-198.50,-206.50,-59.2086,-35.4196
20445979,-175.50,-207.50,-60.3863,-32.4294
20449885,-154.50,-178.50,-47.9395,-30.3269
20453791,-146.50,-179.50,-27.6711,-22.4665
20457697,-136.50,-175.50,-7.9789,-13.8472
20461603,-140.50,-166.50,4.2341,-6.0736
20465509,-129.50,-145.50,6.9187,5.4316
20469415,-143.50,-143.50,3.4087,18.0523
20473321,-162.50,-169.50,-5.2051,19.8616
20477227,-169.50,-175.50,-15.9974,8.1298
20481133,-156.50,-168.50,-21.1932,-1.9771
20485039,-152.50,-153.50,-19.3358,0.3549
20488945,-128.50,-133.50,-12.6676,12.1390
20492851,-114.50,-107.50,1.1948,29.1328
20496757,-110.50,-86.50,19.3658,50.5751
20500663,-92.50,-79.50,35.1040,72.4368
20504569,-74.50,-76.50,47.9379,87.0271
20508475,-51.50,-85.50,60.6453,89.3893
20512381,-45.50,-126.50,74.6039,75.2431
20516287,-78.50,-129.50,81.3662,49.9213
20520193,-127.50,-152.50,66.1059,28.3813
20524099,-156.50,-175.50,29.0743,11.1791
20528005,-145.50,-175.50,-7.1780,-5.6394
20531911,-143.50,-143.50,-22.3531,-11.3450
20535817,-125.50,-121.50,-16.2374,2.4848
20539723,-95.50,-111.50,4.8770,26.3291
20543629,-106.50,-121.50,27.3753,43.1510
20547535,-106.50,-131.50,34.2017,44.0590
20551441,-126.50,-158.50,25.3292,29.8356
20555347,-157.50,-154.50,7.4112,10.1201
20559253,-197.50,-188.50,-18.2724,-6.5317
20563159,-214.50,-210.50,-48.2008,-24.2434
20567065,-225.50,-222.50,-74.2856,-43.9808
20570971,-222.50,-216.50,-89.8033,-57.7935
20574877,-209.50,-220.50,-90.5282,-62.7665
20578783,-181.50,-203.50,-74.8399,-59.8381
20582689,-164.50,-202.50,-49.3616,-50.0992
20586595,-154.50,-191.50,-27.3508,-38.5153
20590501,-122.50,-205.50,-11.1917,-32.5916
20594407,-118.50,-190.50,5.5360,-33.1877
20598313,-114.50,-166.50,20.1925,-28.5477
20602219,-96.50,-173.50,31.0036,-15.6657
20606125,-100.50,-173.50,38.7548,-6.6094
20610031,-104.50,-175.50,39.1905,-5.4464
20613937,-115.50,-173.50,32.8606,-7.8724
20617843,-90.50,-166.50,30.2989,-8.9206
20621749,-78.50,-161.50,39.7739,-5.3676
20625655,-45.50,-130.50,57.8554,5.7652
20629561,-21.50,-104.50,79.9804,26.8984
20633467,-26.50,-88.50,99.3525,51.4298
20637373,-56.50,-89.50,103.1794,68.3151
20641279,-47.50,-77.50,92.5723,76.1193
20645185,-50.50,-68.50,81.8092,82.1916
20649091,-47.50,-56.50,75.6333,90.0186
20652997,-18.50,-51.50,77.6236,97.2561
20656903,-45.50,-56.50,86.2941,100.3867
20660809,-65.50,-66.50,84.6020,97.3579
20664715,-79.50,-101.50,67.8139,85.1510
20668621,-90.50,-108.50,46.2505,64.1207
20672527,-79.50,-112.50,31.2153,44.7041
20676433,-43.50,-79.50,35.3447,39.6479
20680339,-101.50,-98.50,46.6195,47.4270
20684245,-150.50,-143.50,31.4065,45.2158
20688151,-150.50,-143.50,-6.1239,25.2794
20692057,-175.50,-157.50,-37.6383,4.5100
20695963,-175.50,-149.50,-56.0548,-8.0483
20699869,-207.50,-164.50,-67.2343,-13.9297
20703775,-197.50,-174.50,-75.5554,-18.4964
20707681,-190.50,-175.50,-77.3175,-23.3542
20711587,-197.50,-185.50,-74.7416,-28.1531
20715493,-198.50,-175.50,-75.1119,-33.2994
20719399,-194.50,-194.50,-75.0273,-37.9424
20723305,-216.50,-201.50,-74.4297,-43.9475
20727211,-221.50,-197.50,-80.1263,-48.3386
20731117,-249.50,-211.50,-93.9747,-50.5105
20735023,-272.50,-216.50,-114.7701,-56.8555
20738929,-271.50,-233.50,-133.4932,-67.7479
20742835,-266.50,-254.50,-138.7071,-80.8449
20746741,-256.50,-252.50,-132.0096,-92.0860
20750647,-260.50,-254.50,-123.5490,-96.9043
20754553,-264.50,-255.50,-120.3961,-98.3032
20758459,-253.50,-238.50,-118.5834,-96.5712
20762365,-239.50,-224.50,-110.1052,-85.9656
20766271,-211.50,-220.50,-93.3053,-69.4523
20770177,-206.50,-211.50,-73.7999,-55.8468
20774083,-200.50,-190.50,-59.5202,-45.4368
20777989,-188.50,-166.50,-49.4746,-31.5512
20781895,-154.50,-139.50,-34.3408,-10.1077
20785801,-140.50,-153.50,-12.2800,10.9934
20789707,-144.50,-136.50,4.8388,21.9118
20793613,-142.50,-136.50,10.1296,25.9114
20797519,-136.50,-143.50,11.4554,25.2851
20801425,-123.50,-126.50,16.7536,23.5247
20805331,-118.50,-142.50,24.9623,25.4749
20809237,-116.50,-153.50,30.7154,23.8967
20813143,-113.50,-133.50,33.2940,19.3237
20817049,-120.50,-129.50,34.5208,20.7364
20820955,-84.50,-111.50,39.7013,28.6024
20824861,-78.50,-106.50,53.1298,40.4894
20828767,-97.50,-111.50,62.0134,50.4607
20832673,-99.50,-173.50,57.4228,42.3720
20836579,-89.50,-169.50,51.7581,13.6420
20840485,-106.50,-155.50,50.3495,-8.5275
20844391,-104.50,-144.50,45.8109,-7.8153
20848297,-83.50,-143.50,42.9337,4.3072
20852203,-109.50,-142.50,44.5329,14.3034
20856109,-90.50,-93.50,44.8637,25.8288
20860015,-98.50,-120.50,46.1497,40.3682
20863921,-171.50,-191.50,34.3456,31.9001
20867827,-206.50,-208.50,-5.0872,-5.8083
20871733,-202.50,-194.50,-47.1818,-37.9328
20875639,-196.50,-190.50,-64.2230,-45.2614
20879545,-181.50,-193.50,-58.6735,-41.2155
20883451,-189.50,-212.50,-47.0325,-41.0864
20887357,-194.50,-188.50,-42.1398,-41.9481
20891263,-188.50,-179.50,-42.7181,-33.6362
20895169,-170.50,-169.50,-39.1428,-21.0058
20899075,-177.50,-165.50,-31.4677,-12.8599
20902981,-185.50,-168.50,-28.9652,-9.0667
20906887,-177.50,-182.50,-30.9364,-8.9927
20910793,-198.50,-207.50,-33.3504,-16.7590
20914699,-208.50,-210.50,-40.8534,-32.6207
20918605,-232.50,-191.50,-55.3011,-43.9201
20922511,-213.50,-172.50,-67.9766,-38.6574
20926417,-196.50,-170.50,-65.8371,-21.6364
20930323,-169.50,-158.50,-47.5289,-4.8922
20934229,-159.50,-162.50,-23.7270,4.7331
20938135,-164.50,-169.50,-7.3082,3.7881
20942041,-148.50,-148.50,-0.5827,-0.1041
20945947,-128.50,-129.50,7.4208,7.5664
20949853,-140.50,-112.50,17.3954,27.0035
20953759,-137.50,-110.50,20.7592,45.4366
20957665,-117.50,-94.50,22.9147,55.7113
20961571,-101.50,-153.50,33.0863,51.3064
20965477,-109.50,-161.50,44.8258,28.4889
20969383,-96.50,-141.50,50.5562,9.2012
20973289,-80.50,-129.50,56.5634,10.7784
20977195,-74.50,-128.50,66.7371,21.1895
20981101,-90.50,-113.50,72.1772,29.9600
20985007,-96.50,-115.50,66.7713,38.2492
20988913,-105.50,-125.50,55.9507,42.6046
20992819,-112.50,-144.50,45.6071,36.0978
20996725,-138.50,-156.50,33.5867,19.5340
21000631,-154.50,-137.50,16.3763,6.2645
21004537,-137.50,-129.50,2.6779,8.5463
21008443,-143.50,-140.50,0.8211,17.9847
21012349,-128.50,-157.50,5.8438,18.0718
21016255,-120.50,-165.50,14.2077,6.4414
21020161,-143.50,-175.50,19.1944,-8.3303
21024067,-138.50,-160.50,14.8909,-16.3243
21027973,-157.50,-159.50,6.1184,-13.1556
21031879,-158.50,-174.50,-3.8367,-8.4711
21035785,-133.50,-133.50,-7.1262,-4.5925
21039691,-172.50,-171.50,-5.0511,0.5388
21043597,-196.50,-200.50,-15.2557,-8.4973
21047503,-174.50,-210.50,-31.0926,-31.1368
21051409,-169.50,-169.50,-33.3583,-41.7269
21055315,-184.50,-156.50,-29.2068,-28.9823
21059221,-191.50,-158.50,-31.6867,-10.2406
21063127,-191.50,-172.50,-37.0827,-3.2989
21067033,-186.50,-184.50,-38.2939,-8.4501
21070939,-174.50,-180.50,-34.3252,-17.1070
21074845,-158.50,-160.50,-25.5533,-19.2970
21078751,-148.50,-149.50,-12.7373,-11.6750
21082657,-156.50,-145.50,-1.4800,0.4380
21086563,-150.50,-148.50,3.4060,10.3277
21090469,-158.50,-147.50,2.7633,14.7549
21094375,-179.50,-169.50,-5.2783,10.1880
21098281,-164.50,-172.50,-15.9493,-3.3969
21102187,-155.50,-172.50,-15.9573,-15.2165
21106093,-156.50,-173.50,-7.0381,-17.6051
21109999,-142.50,-175.50,1.3696,-15.0819
21113905,-111.50,-153.50,12.6439,-10.6156
21117811,-126.50,-164.50,26.3119,-5.4644
21121717,-138.50,-171.50,29.9677,-5.5849
21125623,-134.50,-162.50,24.3320,-7.8549
21129529,-143.50,-145.50,18.3200,-2.5970
21133435,-149.50,-130.50,11.4366,9.8797
21137341,-130.50,-147.50,7.4103,18.3654
21141247,-116.50,-143.50,14.6895,16.9808
21145153,-104.50,-146.50,30.4310,13.8956
21149059,-92.50,-148.50,45.9130,13.3021
21152965,-104.50,-176.50,53.7207,7.0965
21156871,-114.50,-206.50,49.6432,-12.6059
21160777,-122.50,-217.50,38.8897,-38.7382
21164683,-137.50,-207.50,27.6127,-54.0098
21168589,-143.50,-179.50,16.4270,-49.0698
21172495,-142.50,-175.50,7.4930,-31.7936
21176401,-156.50,-177.50,1.1781,-18.7456
21180307,-145.50,-168.50,-2.7561,-13.3711
21184213,-150.50,-172.50,-2.0687,-9.5668
21188119,-156.50,-178.50,-1.2530,-8.6439
21192025,-154.50,-189.50,-3.9735,-14.2926
21195931,-158.50,-189.50,-7.2672,-23.3280
21199837,-145.50,-182.50,-7.1907,-27.4185
21203743,-148.50,-181.50,-2.5534,-23.7710
21207649,-142.50,-171.50,2.5618,-16.7678
21211555,-138.50,-172.50,6.2051,-10.7846
21215461,-139.50,-188.50,8.6374,-11.1706
21219367,-128.50,-177.50,11.1695,-16.1277
21223273,-144.50,-175.50,13.2380,-16.3102
21227179,-162.50,-175.50,7.7358,-12.2273
21231085,-176.50,-175.50,-6.6818,-10.0493
21234991,-163.50,-180.50,-19.2267,-11.1270
21238897,-168.50,-193.50,-22.1567,-15.6730
21242803,-182.50,-198.50,-22.6010,-22.8335
21246709,-185.50,-197.50,-27.1499,-28.7321
21250615,-184.50,-191.50,-31.7545,-30.2204
21254521,-177.50,-190.50,-32.3293,-27.9585
21258427,-192.50,-184.50,-32.1708,-23.6592
21262333,-196.50,-178.50,-36.1213,-17.3901
21266239,-180.50,-174.50,-38.1114,-10.4365
21270145,-164.50,-177.50,-30.0488,-6.5211
21274051,-166.50,-173.50,-17.8841,-6.2680
21277957,-140.50,-164.50,-7.3143,-4.5981
21281863,-116.50,-154.50,8.3189,2.3346
21285769,-123.50,-137.50,26.4563,13.8237
21289675,-144.50,-141.50,31.5435,24.7423
21293581,-168.50,-143.50,17.9756,28.6031
21297487,-172.50,-162.50,-3.3070,23.7634
21301393,-156.50,-164.50,-15.1390,13.8128
21305299,-143.50,-126.50,-10.2295,11.9650
21309205,-112.50,-97.50,7.4772,29.1062
21313111,-90.50,-90.50,32.4795,54.5959
21317017,-101.50,-93.50,52.7264,71.3376
21320923,-100.50,-84.50,58.0080,77.5003
21324829,-89.50,-104.50,56.2622,76.2419
21328735,-88.50,-111.50,57.3781,65.9064
21332641,-103.50,-144.50,57.1466,47.3091
21336547,-110.50,-172.50,50.2835,22.3937
21340453,-111.50,-175.50,41.4520,-1.1693
21344359,-99.50,-177.50,38.1802,-14.0641
21348269,-97.50,-174.50,41.4758,-17.8731
21352175,-102.50,-166.50,44.9246,-16.4512
21356081,-123.50,-158.50,41.1887,-9.8362
21359987,-108.50,-146.50,33.4290,1.2093
21363893,-106.50,-133.50,31.4406,14.0058
21367799,-110.50,-143.50,33.1855,22.0048
21371705,-96.50,-162.50,34.8699,17.7664
21375611,-100.50,-161.50,38.8557,6.1009
21379517,-132.50,-169.50,36.9154,-2.1505
21383423,-156.50,-162.50,19.7052,-5.0434
21387329,-130.50,-164.50,0.8893,-5.3159
21391235,-128.50,-171.50,-1.9183,-6.5982
21395141,-144.50,-164.50,2.4914,-8.1989
21399047,-148.50,-168.50,0.8971,-6.7916
21402953,-134.50,-161.50,-1.3013,-4.1675
21406859,-121.50,-175.50,3.6069,-4.7170
21410765,-143.50,-175.50,8.0288,-10.0646
21414671,-144.50,-177.50,3.3961,-15.0415
21418577,-143.50,-175.50,-2.5985,-15.5783
21422483,-162.50,-168.50,-6.4959,-12.7670
21426389,-161.50,-156.50,-13.7039,-7.2817
21430295,-172.50,-158.50,-22.8827,-1.0043
21434201,-174.50,-160.50,-30.5536,2.5754
21438107,-164.50,-168.50,-32.2225,2.1316
21442013,-140.50,-155.50,-22.9955,0.8341
21445919,-126.50,-133.50,-5.8104,5.8092
21449825,-138.50,-143.50,6.9076,15.1323
21453731,-134.50,-149.50,8.7849,18.4979
21457637,-124.50,-152.50,9.1766,15.6730
21461543,-134.50,-152.50,12.1204,12.1925
21465449,-130.50,-144.50,11.8710,10.4375
21469355,-114.50,-127.50,11.9656,13.7588
21473261,-98.50,-128.50,20.1294,22.4099
21477167,-100.50,-113.50,32.8138,32.8000
21481073,-111.50,-118.50,38.8436,41.5507
21484979,-98.50,-134.50,37.1641,41.1357
21488885,-83.50,-143.50,38.3504,29.3247
21492791,-69.50,-133.50,47.2897,18.2032
21496697,-64.50,-156.50,59.5898,13.5343
21500603,-88.50,-171.50,65.0087,5.8854
21504509,-79.50,-174.50,59.7111,-6.7889
21508415,-79.50,-174.50,53.1386,-16.7130
21512321,-90.50,-164.50,48.1869,-18.9348
21516227,-110.50,-146.50,39.0908,-11.0273
21520133,-144.50,-154.50,22.0875,1.2989
21524039,-136.50,-152.50,2.4894,7.3615
21527945,-143.50,-143.50,-9.5567,8.0592
21531851,-156.50,-175.50,-17.0034,4.1834
21535757,-174.50,-216.50,-27.2839,-13.8140
21539663,-168.50,-208.50,-36.4340,-39.0254
21543569,-166.50,-217.50,-37.9999,-53.7435
21547475,-174.50,-206.50,-36.9876,-56.8446
21551381,-175.50,-192.50,-40.1752,-51.5411
21555287,-149.50,-190.50,-39.5533,-40.2045
21559193,-150.50,-186.50,-28.4247,-29.4521
21563099,-160.50,-188.50,-18.5233,-23.5437
21567005,-165.50,-188.50,-19.8966,-23.3089
21570911,-186.50,-220.50,-30.7121,-31.1783
21574817,-184.50,-180.50,-44.1328,-39.0796
21578723,-181.50,-187.50,-50.2736,-33.2851
21582629,-224.50,-218.50,-54.9699,-28.2608
21586535,-236.50,-209.50,-71.1545,-36.7839
21590441,-270.50,-229.50,-95.5560,-48.2320
21594347,-287.50,-261.50,-121.0248,-62.6429
21598253,-316.50,-289.50,-144.2391,-85.1415
21602159,-347.50,-330.50,-166.6058,-113.9019
21606065,-400.50,-362.50,-195.2398,-147.0519
21609971,-451.50,-400.50,-235.0460,-181.7109
21613877,-521.50,-444.50,-285.4836,-216.9000
21617783,-566.50,-458.50,-340.1883,-248.6764
21621689,-620.50,-484.50,-390.3092,-271.0000
21625595,-659.50,-543.50,-432.9249,-293.8769
21629501,-698.50,-566.50,-468.7656,-326.1314
21633407,-735.50,-592.50,-499.2528,-356.6326
21637313,-734.50,-608.50,-520.6169,-376.8414
21641219,-708.50,-598.50,-520.7894,-384.5750
21645125,-729.50,-629.50,-504.8603,-384.3933
21649031,-750.50,-664.50,-496.0569,-392.2712
21652937,-768.50,-703.50,-501.2011,-414.2929
21656843,-723.50,-664.50,-501.0249,-431.2135
21660749,-708.50,-629.50,-479.8121,-418.8116
21664655,-682.50,-623.50,-446.7209,-385.4628
21668561,-644.50,-622.50,-410.0400,-356.9458
21672467,-625.50,-623.50,-370.2596,-340.7571
21676373,-632.50,-625.50,-338.9263,-332.5752
21680279,-623.50,-620.50,-323.7507,-328.1036
21684185,-559.50,-578.50,-306.5066,-316.8948
21688091,-525.50,-540.50,-268.5825,-287.1376
21691997,-493.50,-513.50,-220.1313,-243.8138
21695903,-512.50,-512.50,-183.9029,-205.6832
21699809,-477.50,-481.50,-165.6248,-180.8660
21703715,-447.50,-512.50,-147.8302,-168.8696
21707621,-432.50,-482.50,-123.0035,-166.2456
21711527,-400.50,-479.50,-96.3460,-158.6985
21715433,-390.50,-434.50,-68.8794,-137.7209
21719339,-361.50,-385.50,-42.7529,-101.8935
21723245,-346.50,-363.50,-19.4229,-58.8350
21727151,-280.50,-314.50,7.7329,-18.7637
21731057,-267.50,-284.50,43.7432,20.7377
21734963,-248.50,-260.50,77.4586,57.7740
21738869,-208.50,-256.50,105.3562,83.4284
21742775,-156.50,-228.50,138.4300,98.1937
21746681,-126.50,-176.50,176.5987,118.0439
21750587,-115.50,-166.50,207.9346,148.8669
21754493,-101.50,-135.50,227.4801,178.6374
21758399,-77.50,-105.50,242.6630,204.6533
21762305,-47.50,-81.50,260.4399,229.4442
21766211,-26.50,-53.50,279.7222,251.9839
21770117,-5.50,-18.50,297.4668,275.6127
21774023,-10.50,17.50,311.1303,304.2385
21777929,7.50,64.50,319.5700,338.1768
21781835,20.50,94.50,326.3461,373.4346
21785741,58.50,86.50,336.3742,397.3144
21789647,78.50,87.50,352.7425,401.4564
21793553,99.50,130.50,373.1122,401.6717
21797459,112.50,159.50,392.3898,416.1442
21801365,116.50,129.50,404.5160,430.3020
21805271,135.50,123.50,407.6782,423.7742
21809177,139.50,154.50,407.5288,411.9598
21813083,142.50,147.50,407.4006,411.5586
21816989,135.50,121.50,406.1572,407.3401
21820895,122.50,80.50,399.1240,383.2313
21824801,124.50,59.50,384.9793,345.7922
21828707,112.50,38.50,368.4961,310.5971
21832613,107.50,14.50,353.3936,281.7655
21836519,77.50,26.50,338.3927,260.0270
21840425,83.50,27.50,322.1588,250.7357
21844331,70.50,16.50,307.1675,248.3692
21848237,17.50,-16.50,284.4041,238.6657
21852143,-0.50,-24.50,248.5348,217.9751
21856049,-20.50,-18.50,215.0881,198.4670
21859955,-56.50,-58.50,188.5130,182.5125
21863861,-77.50,-110.50,159.6031,154.8221
21867767,-120.50,-79.50,125.4223,124.2416
21871673,-138.50,-95.50,90.1418,112.0539
21875579,-163.50,-118.50,61.6602,105.4441
21879485,-187.50,-149.50,39.4590,86.2845
21883391,-232.50,-193.50,13.0130,55.3981
21887297,-303.50,-245.50,-29.1367,15.6060
21891203,-365.50,-287.50,-87.7309,-30.3823
21895109,-415.50,-342.50,-148.7196,-79.6705
21899015,-460.50,-369.50,-200.8185,-127.2214
21902921,-512.50,-425.50,-246.4532,-168.3414
21906827,-532.50,-464.50,-286.9273,-206.3080
21910733,-522.50,-462.50,-309.7719,-236.5770
21914639,-516.50,-468.50,-307.7955,-250.2393
21918545,-512.50,-461.50,-292.8853,-250.9076
21922451,-512.50,-456.50,-279.5578,-243.4189
21926357,-489.50,-446.50,-268.4959,-229.7959
21930263,-468.50,-450.50,-251.3482,-216.1532
21934169,-421.50,-414.50,-222.3254,-203.6126
21938075,-405.50,-386.50,-185.1475,-183.5791
21941981,-367.50,-335.50,-149.2775,-150.2843
21945887,-306.50,-281.50,-110.7712,-102.6141
21949793,-293.50,-271.50,-67.6932,-52.5900
21953699,-256.50,-250.50,-30.7109,-18.9288
21957605,-223.50,-207.50,1.4288,3.3629
21961511,-182.50,-165.50,35.4104,31.8597
21965417,-138.50,-129.50,72.6128,69.6989
21969323,-133.50,-109.50,106.5564,107.1762
21973229,-114.50,-62.50,128.5953,139.6127
21977135,-91.50,-63.50,144.1387,165.7666
21981041,-47.50,-17.50,164.7538,185.0916
21984947,-24.50,35.50,192.0329,211.6369
21988853,-24.50,54.50,214.4312,248.7727
21992759,-0.50,67.50,227.0535,278.5591
21996665,35.50,61.50,242.0937,290.2281
22000571,75.50,66.50,267.4656,287.3776
22004477,95.50,58.50,296.0237,278.8840
22008383,111.50,56.50,317.8207,269.5307
22012289,113.50,34.50,330.1398,257.9245
22016195,113.50,39.50,333.5671,244.0581
22020101,125.50,48.50,331.3358,235.2676
22024007,113.50,42.50,325.7167,232.7837
22027913,113.50,61.50,316.0700,232.9817
22031819,128.50,51.50,309.7247,234.9883
22035725,117.50,35.50,309.5591,230.9440
22039631,98.50,21.50,303.1144,216.1973
22043537,103.50,-11.50,287.3849,193.0802
22047443,112.50,9.50,275.5001,170.9839
22051349,113.50,-0.50,273.2208,161.4364
22055255,143.50,11.50,279.1299,161.1316
22059161,111.50,-1.50,284.7540,161.2352
22063067,115.50,14.50,277.4380,159.6353
22066973,122.50,-12.50,265.1041,155.1594
22070879,97.50,13.50,255.2623,148.7779
22074785,107.50,17.50,244.3845,148.8634
22078691,144.50,49.50,243.1230,158.9813
22082597,163.50,65.50,257.9986,176.0758
22086503,161.50,74.50,274.0799,192.9818
22090409,161.50,60.50,278.7467,199.5265
22094315,149.50,40.50,273.1608,190.6270
22098221,145.50,16.50,261.4744,168.8495
22102127,89.50,16.50,239.2700,144.8203
22106033,79.50,26.50,204.3609,131.3346
22109939,95.50,25.50,177.2525,129.9729
22113845,107.50,17.50,173.5819,130.4600
22117751,100.50,7.50,180.3412,125.2244
22121657,73.50,-31.50,176.9951,109.4933
22125563,59.50,-44.50,158.6795,83.1309
22129469,47.50,-59.50,136.2141,56.7757
22133375,37.50,-42.50,117.6643,42.2357
22137281,19.50,-60.50,101.4705,39.1975
22141187,8.50,-60.50,84.9553,36.8800
22145093,-4.50,-80.50,69.2896,29.2913
22148999,7.50,-77.50,59.1127,18.5114
22152905,-16.50,-62.50,53.2303,13.1369
22156811,-15.50,-65.50,44.5150,16.2967
22160717,-9.50,-63.50,36.9310,20.3475
22164623,-18.50,-65.50,34.4435,21.5330
22168529,-44.50,-46.50,27.6295,23.5983
22172435,-78.50,-47.50,7.8166,28.8545
22176341,-90.50,-34.50,-20.0123,34.5730
22180247,-79.50,-62.50,-39.6579,35.1693
22184153,-47.50,-77.50,-38.3607,24.6140
22188059,-40.50,-78.50,-20.4891,8.7018
22191965,-38.50,-58.50,-3.1141,1.3471
22195871,-49.50,-51.50,2.7626,6.3050
22199777,-62.50,-68.50,-3.6250,12.4211
22203683,-74.50,-73.50,-17.8506,10.0902
22207589,-99.50,-79.50,-35.9342,2.7285
22211495,-82.50,-98.50,-50.5790,-7.9318
22215401,-111.50,-105.50,-57.4849,-22.9166
22219307,-99.50,-76.50,-62.5511,-30.5598
22223213,-74.50,-64.50,-60.9111,-20.3945
22227119,-62.50,-96.50,-47.5771,-8.8576
22231025,-66.50,-111.50,-33.6634,-16.0585
22234931,-47.50,-97.50,-24.6067,-31.5889
22238837,-40.50,-101.50,-15.4083,-38.3212
22242743,-38.50,-94.50,-7.4165,-36.9317
22246649,-41.50,-83.50,-5.4101,-30.5877
22250555,-38.50,-71.50,-7.1706,-20.0576
22254461,-15.50,-47.50,-4.1411,-6.5846
22258367,-32.50,-47.50,3.1755,6.8819
22262273,-23.50,-63.50,5.1741,11.7010
22266179,-26.50,-79.50,2.8985,3.8098
22270085,-47.50,-78.50,-2.7110,-8.9000
22273991,-47.50,-79.50,-12.8589,-17.6240
22277897,-49.50,-92.50,-21.0044,-23.9001
22281803,-48.50,-69.50,-24.5564,-26.9708
22285709,-63.50,-68.50,-28.4635,-20.8800
22289615,-72.50,-92.50,-36.6278,-15.8791
22293521,-63.50,-111.50,-43.7504,-25.7758
22297427,-57.50,-122.50,-43.1241,-45.5662
22301333,-83.50,-130.50,-42.7930,-63.1666
22305239,-88.50,-126.50,-52.0141,-71.9889
22309145,-99.50,-110.50,-64.7612,-69.4130
22313051,-111.50,-110.50,-75.4655,-59.7150
22316957,-103.50,-106.50,-82.7323,-52.0151
22320863,-77.50,-109.50,-79.8522,-49.3879
22324769,-75.50,-110.50,-66.9615,-49.8001
22328675,-94.50,-111.50,-58.3648,-51.0316
22332581,-111.50,-113.50,-63.9513,-52.3653
22336487,-111.50,-143.50,-76.7657,-59.0157
22340393,-113.50,-176.50,-86.3312,-78.0878
22344299,-97.50,-191.50,-88.0134,-104.5523
22348205,-79.50,-178.50,-78.8753,-122.1403
22352111,-65.50,-168.50,-61.0774,-122.3140
22356017,-46.50,-161.50,-41.2920,-112.0387
22359923,-32.50,-154.50,-23.8560,-100.3423
22363829,-48.50,-133.50,-15.0714,-87.3965
22367735,-54.50,-129.50,-18.7782,-72.8916
22371641,-63.50,-120.50,-28.0774,-61.7653
22375547,-106.50,-135.50,-42.6636,-58.3556
22379453,-124.50,-138.50,-67.7410,-62.4846
22383359,-148.50,-173.50,-96.3115,-73.3423
22387269,-160.50,-164.50,-119.5017,-87.9329
22391175,-162.50,-155.50,-132.9141,-95.0988
22395081,-169.50,-159.50,-137.1983,-92.7704
22398987,-173.50,-142.50,-138.8832,-86.4846
22402893,-169.50,-140.50,-140.3811,-76.3345
22406799,-164.50,-146.50,-138.7817,-68.0814
22410705,-155.50,-154.50,-132.3712,-68.7592
22414611,-143.50,-161.50,-121.6938,-76.5104
22418517,-128.50,-186.50,-108.2313,-88.2537
22422423,-127.50,-192.50,-95.8441,-101.8257
22426329,-133.50,-180.50,-89.9205,-109.0757
22430235,-145.50,-181.50,-92.1429,-106.8626
22434141,-144.50,-177.50,-98.0621,-102.1814
22438047,-143.50,-180.50,-101.6133,-98.8581
22441953,-143.50,-143.50,-101.8830,-90.3051
22445859,-124.50,-100.50,-97.7967,-65.9440
22449765,-111.50,-128.50,-85.9720,-39.0219
22453671,-160.50,-200.50,-79.5786,-44.2588
22457577,-164.50,-207.50,-92.2403,-81.3803
22461483,-158.50,-195.50,-108.5694,-110.8214
22465389,-142.50,-185.50,-111.0262,-114.2517
22469295,-122.50,-207.50,-99.1390,-109.1709
22473201,-111.50,-206.50,-79.6975,-110.3595
22477107,-109.50,-212.50,-62.4743,-113.2220
22481013,-125.50,-203.50,-56.4495,-112.1762
22484919,-112.50,-192.50,-60.0673,-107.2638
22488825,-115.50,-197.50,-62.9100,-101.8409
22492731,-112.50,-184.50,-61.8152,-97.0130
22496637,-106.50,-162.50,-57.7932,-85.4189
22500543,-109.50,-157.50,-52.6455,-67.4312
22504449,-104.50,-133.50,-49.8560,-51.1675
22508355,-69.50,-128.50,-43.2268,-38.2485
22512261,-78.50,-115.50,-29.6067,-27.0860
22516167,-80.50,-125.50,-20.3754,-18.3261
22520073,-74.50,-124.50,-18.2547,-15.1417
22523979,-80.50,-111.50,-18.3008,-15.0080
22527885,-92.50,-116.50,-22.9333,-14.1172
22531791,-111.50,-145.50,-34.4004,-18.8162
22535697,-100.50,-143.50,-45.4156,-29.8674
22539603,-106.50,-144.50,-48.1477,-36.9815
22543509,-112.50,-143.50,-48.1033,-38.5819
22547415,-127.50,-144.50,-53.5372,-39.9892
22551321,-128.50,-175.50,-62.7431,-46.2948
22555227,-127.50,-186.50,-68.2587,-59.3747
22559133,-126.50,-154.50,-67.7335,-65.9110
22563039,-111.50,-137.50,-62.8378,-55.2041
22566945,-89.50,-118.50,-51.7755,-36.2189
22570851,-90.50,-114.50,-37.2673,-19.0770
22574757,-94.50,-120.50,-28.3017,-7.8277
22578663,-98.50,-117.50,-27.5379,-3.4996
22582569,-82.50,-107.50,-28.1131,-2.4808
22586475,-81.50,-97.50,-24.7203,-0.5871
22590381,-94.50,-124.50,-22.7502,-0.9781
22594287,-107.50,-137.50,-28.0511,-8.9588
22598193,-96.50,-137.50,-34.4853,-18.8434
22602099,-115.50,-136.50,-38.0572,-24.5335
22606005,-132.50,-134.50,-46.8642,-27.9975
22609911,-122.50,-149.50,-58.5885,-32.1370
22613817,-118.50,-143.50,-60.9724,-35.0174
22617723,-120.50,-133.50,-55.5519,-30.9124
22621629,-144.50,-140.50,-55.2623,-24.4745
22625535,-159.50,-121.50,-67.0676,-22.2432
22629441,-171.50,-132.50,-84.4083,-21.0599
22633347,-156.50,-156.50,-94.4828,-23.5525
22637253,-160.50,-145.50,-92.7209,-29.5936
22641159,-172.50,-148.50,-89.3444,-32.3474
22645065,-168.50,-144.50,-90.9147,-33.7828
22648971,-168.50,-164.50,-92.2566,-38.6582
22652877,-174.50,-157.50,-92.1507,-44.0244
22656783,-149.50,-133.50,-88.7777,-39.1346
22660689,-89.50,-96.50,-68.9205,-19.1038
22664595,-73.50,-75.50,-31.7486,7.5960
22668501,-142.50,-124.50,-11.5405,20.3198
22672407,-159.50,-141.50,-30.2701,7.6354
22676313,-138.50,-137.50,-57.1230,-11.3784
22680219,-133.50,-128.50,-63.3236,-18.6799
22684125,-126.50,-129.50,-56.2108,-18.8912
22688031,-99.50,-89.50,-43.0845,-12.3967
22691937,-98.50,-60.50,-24.6392,11.0198
22695843,-79.50,-40.50,-7.4675,45.7006
22699749,-66.50,-29.50,5.7820,73.2198
22703655,-47.50,-61.50,17.5539,78.6901
22707561,-56.50,-63.50,27.1040,63.1655
22711467,-56.50,-64.50,31.4027,47.6897
22715373,-72.50,-61.50,29.1913,44.6483
22719279,-68.50,-42.50,21.6629,50.3055
22723185,-42.50,-34.50,18.3436,59.0940
22727091,-39.50,-26.50,26.2045,66.8892
22730997,-45.50,-40.50,36.4465,71.0963
22734903,-50.50,-77.50,40.0548,64.3407
22738809,-53.50,-78.50,36.7230,45.3286
22742715,-62.50,-86.50,28.2479,25.8010
22746621,-49.50,-62.50,20.6056,17.0873
22750527,-52.50,-47.50,20.8341,25.2737
22754433,-58.50,-62.50,24.7373,40.4071
22758339,-70.50,-49.50,23.0789,48.1073
22762245,-74.50,-46.50,14.0037,49.6122
22766151,-73.50,-44.50,4.0369,48.6938
22770057,-68.50,-54.50,0.7868,45.7919
22773963,-77.50,-64.50,3.1510,41.3708
22777869,-62.50,-77.50,6.6836,34.2750
22781775,-69.50,-84.50,9.4738,23.1195
22785681,-85.50,-78.50,5.7900,11.8648
22789587,-76.50,-57.50,-2.2339,10.6756
22793493,-80.50,-61.50,-4.7287,21.0400
22797399,-79.50,-58.50,-2.9302,31.7319
22801305,-65.50,-52.50,-0.1755,36.4654
22805211,-81.50,-52.50,1.4667,36.4581
22809117,-79.50,-48.50,-1.2491,34.6903
22813023,-65.50,-37.50,-1.4492,37.1844
22816929,-68.50,-42.50,4.4751,44.0914
22820835,-79.50,-51.50,6.4547,46.0329
22824741,-92.50,-85.50,-1.4540,33.9114
22828647,-100.50,-82.50,-13.7918,12.4860
22832553,-111.50,-78.50,-24.2522,-0.5692
22836459,-102.50,-116.50,-29.8745,-6.2284
22840365,-126.50,-143.50,-33.9175,-22.1861
22844271,-129.50,-143.50,-42.6153,-45.4806
22848177,-121.50,-132.50,-49.6885,-58.4703
22852083,-117.50,-125.50,-47.4452,-55.9134
22855989,-128.50,-118.50,-42.9020,-45.1105
22859895,-136.50,-159.50,-45.1863,-41.3018
22863801,-139.50,-145.50,-52.5086,-50.8873
22867707,-160.50,-148.50,-61.2548,-60.2171
22871613,-180.50,-147.50,-73.9557,-62.6193
22875519,-180.50,-143.50,-87.8324,-60.8482
22879425,-192.50,-143.50,-97.3442,-55.8880
22883331,-193.50,-142.50,-103.3690,-51.2403
22887237,-187.50,-145.50,-104.9367,-50.1527
22891143,-191.50,-145.50,-101.5125,-52.3013
22895049,-177.50,-153.50,-95.5572,-55.2874
22898955,-174.50,-155.50,-87.6525,-57.7394
22902861,-173.50,-150.50,-80.7958,-58.0375
22906767,-185.50,-149.50,-79.1179,-56.1483
22910673,-172.50,-142.50,-79.7282,-53.5411
22914579,-158.50,-143.50,-74.3060,-50.0467
22918485,-148.50,-143.50,-62.3234,-46.2730
22922391,-154.50,-150.50,-52.3262,-44.6913
22926297,-168.50,-145.50,-51.2871,-45.9673
22930203,-143.50,-111.50,-52.7017,-41.8021
22934109,-111.50,-66.50,-41.4353,-20.2385
22938015,-110.50,-102.50,-20.5724,5.9437
22941921,-136.50,-127.50,-10.8121,8.5830
22945827,-128.50,-138.50,-15.9903,-10.6880
22949733,-121.50,-149.50,-19.6771,-32.3137
22953639,-114.50,-170.50,-15.6480,-50.7025
22957545,-116.50,-141.50,-10.8942,-60.0941
22961451,-85.50,-143.50,-4.1585,-53.3138
22965357,-109.50,-127.50,5.6497,-38.7909
22969263,-105.50,-97.50,9.0418,-22.4166
22973169,-92.50,-90.50,8.4703,-4.3237
22977075,-117.50,-109.50,6.7500,5.5574
22980981,-121.50,-114.50,-2.0027,2.4974
22984887,-117.50,-125.50,-10.3028,-6.2608
22988793,-126.50,-129.50,-12.0197,-15.9146
22992699,-141.50,-132.50,-15.5261,-24.8792
22996605,-143.50,-141.50,-24.8021,-31.5913
23000511,-138.50,-129.50,-32.0415,-33.1346
23004417,-128.50,-132.50,-30.1783,-28.3676
23008323,-130.50,-130.50,-22.2253,-23.9233
23012229,-150.50,-111.50,-19.7370,-20.7598
23016135,-154.50,-102.50,-27.8864,-12.7963
23020041,-160.50,-112.50,-38.8287,-3.5862
23023947,-159.50,-128.50,-45.1088,-2.8116
23027853,-152.50,-167.50,-44.5227,-17.1580
23031759,-148.50,-165.50,-38.6327,-41.5336
23035665,-124.50,-152.50,-28.7438,-56.6002
23039571,-120.50,-140.50,-15.4764,-52.5326
23043477,-109.50,-111.50,-3.0798,-34.2484
23047383,-88.50,-87.50,9.3327,-8.0834
23051289,-98.50,-115.50,21.0955,10.0918
23055195,-97.50,-111.50,24.9453,8.6591
23059101,-82.50,-108.50,25.0470,0.9516
23063007,-76.50,-81.50,29.9323,3.7726
23066913,-51.50,-85.50,41.0628,15.9112
23070819,-62.50,-86.50,53.5362,24.3334
23074725,-95.50,-102.50,52.8247,22.1926
23078631,-118.50,-130.50,32.9482,9.2901
23082537,-118.50,-125.50,8.8251,-7.9696
23086443,-117.50,-122.50,-4.3047,-17.2586
23090349,-111.50,-132.50,-5.4148,-19.1623
23094255,-110.50,-108.50,-0.5558,-17.1976
23098161,-111.50,-111.50,4.4262,-9.0710
23102067,-112.50,-111.50,6.3382,-1.1787
23105973,-112.50,-112.50,5.4433,0.7589
23109879,-128.50,-111.50,1.0193,-0.7341
23113785,-140.50,-133.50,-8.4348,-5.9196
23117691,-146.50,-150.50,-19.2937,-17.8713
23121597,-145.50,-141.50,-26.1876,-30.0422
23125503,-143.50,-146.50,-28.0753,-34.4577
23129409,-158.50,-144.50,-29.6779,-34.6351
23133315,-159.50,-138.50,-34.4044,-33.1096
23137221,-157.50,-165.50,-37.6782,-33.3589
23141127,-144.50,-192.50,-34.8139,-44.6816
23145033,-143.50,-174.50,-27.9426,-60.4006
23148939,-143.50,-166.50,-22.7324,-64.1686
23152845,-148.50,-174.50,-21.3736,-59.1247
23156751,-152.50,-164.50,-22.6033,-54.1940
23160657,-148.50,-143.50,-24.2025,-44.8072
23164563,-143.50,-144.50,-23.7270,-31.0396
23168469,-122.50,-145.50,-18.0034,-23.2667
23172375,-114.50,-153.50,-5.5334,-24.7105
23176281,-101.50,-165.50,9.5757,-31.2655
23180187,-92.50,-165.50,23.0782,-37.9958
23184093,-81.50,-137.50,33.5855,-36.6607
23187999,-60.50,-148.50,43.7023,-27.8210
23191905,-47.50,-129.50,57.1623,-20.0253
23195811,-30.50,-105.50,73.1534,-8.4319
23199717,-29.50,-68.50,87.1076,15.0273
23203623,-15.50,-15.50,95.8083,50.4787
23207529,-2.50,-33.50,102.6249,83.7314
23211435,-140.50,-161.50,86.7948,74.5027
23215341,-164.50,-193.50,29.5669,12.7538
23219247,-171.50,-175.50,-29.0108,-46.0855
23223153,-171.50,-197.50,-55.6904,-69.0836
23227059,-204.50,-270.50,-66.2833,-87.8581
23230965,-232.50,-283.50,-81.4045,-121.8948
23234871,-274.50,-333.50,-105.1549,-155.9027
23238777,-293.50,-320.50,-132.8149,-179.7262
23242683,-306.50,-305.50,-157.8584,-187.2820
23246589,-340.50,-335.50,-180.0767,-185.7630
23250495,-345.50,-381.50,-199.7761,-195.9129
23254401,-348.50,-400.50,-208.3901,-218.2604
23258307,-341.50,-398.50,-204.3707,-236.3673
23262213,-348.50,-379.50,-198.0388,-240.7397
23266119,-334.50,-368.50,-194.7728,-232.7144
23270025,-305.50,-339.50,-184.6470,-213.3571
23273931,-275.50,-323.50,-158.5374,-183.1763
23277837,-265.50,-312.50,-125.7062,-152.9741
23281743,-268.50,-289.50,-104.1101,-132.7029
23285649,-272.50,-292.50,-99.8999,-121.9826
23289555,-249.50,-282.50,-99.8287,-115.4971
23293461,-250.50,-253.50,-91.3701,-101.3061
23297367,-252.50,-248.50,-80.6468,-77.8974
23301273,-246.50,-271.50,-75.0140,-65.4900
23305179,-252.50,-280.50,-73.7013,-74.7045
23309085,-241.50,-271.50,-73.2155,-87.6425
23312991,-224.50,-254.50,-66.0383,-84.4117
23316897,-225.50,-221.50,-52.5390,-63.3754
23320803,-226.50,-228.50,-43.0103,-39.7741
23324709,-225.50,-250.50,-40.9443,-33.8000
23328615,-222.50,-234.50,-41.2042,-41.1852
23332521,-200.50,-239.50,-36.0381,-42.5545
23336427,-191.50,-256.50,-22.3314,-40.8134
23340333,-197.50,-246.50,-9.2648,-44.3678
23344239,-182.50,-225.50,-2.8613,-44.1008
23348145,-156.50,-188.50,5.9882,-28.4520
23352051,-156.50,-206.50,20.5993,-4.9541
23355957,-159.50,-216.50,31.0220,5.7090
23359863,-137.50,-210.50,36.9552,1.9305
23363769,-114.50,-189.50,48.5459,-0.1626
23367675,-111.50,-175.50,64.3368,8.1977
23371581,-114.50,-146.50,73.9032,26.8755
23375487,-137.50,-143.50,71.7025,50.0810
23379393,-134.50,-139.50,61.5258,66.3131
23383299,-129.50,-165.50,54.0555,66.2527
23387205,-124.50,-164.50,53.4973,52.8153
23391111,-124.50,-157.50,56.0841,42.3015
23395017,-126.50,-153.50,58.6397,43.8628
23398923,-132.50,-175.50,59.0557,46.7070
23402829,-148.50,-175.50,53.7457,40.7396
23406735,-144.50,-164.50,43.5916,33.8415
23410641,-148.50,-174.50,35.8341,32.8539
23414547,-144.50,-175.50,34.0024,32.8773
23418453,-143.50,-181.50,36.7622,31.2107
23422359,-163.50,-185.50,36.8958,27.5751
23426268,-173.50,-168.50,27.4604,25.4710
23430174,-155.50,-176.50,17.6025,27.9824
23434080,-170.50,-194.50,15.9811,27.5184
23437986,-160.50,-173.50,17.7852,24.2759
23441892,-164.50,-157.50,20.1825,29.6361
23445798,-160.50,-175.50,21.9823,37.8323
23449704,-154.50,-164.50,23.2576,38.5980
23453610,-127.50,-142.50,30.2443,42.1513
23457516,-132.50,-129.50,43.2827,56.2676
23461422,-117.50,-141.50,54.7840,68.9412
23465328,-110.50,-174.50,63.4279,64.2585
23469234,-118.50,-178.50,68.0997,44.7068
23473140,-131.50,-173.50,64.1136,29.4403
23477046,-139.50,-184.50,53.8709,24.7923
23480952,-169.50,-176.50,39.7867,23.6826
23484858,-178.50,-173.50,21.5353,24.9549
23488764,-180.50,-161.50,5.6738,30.2892
23492670,-188.50,-121.50,-3.1023,44.4300
23496576,-193.50,-175.50,-7.9170,57.2977
23500482,-180.50,-145.50,-8.3043,54.6254
23504388,-138.50,-127.50,3.6713,53.9793
23508294,-143.50,-119.50,24.9770,65.7403
23512200,-145.50,-125.50,38.2213,76.1760
23516106,-147.50,-106.50,39.4523,81.6585
23520012,-144.50,-90.50,37.7719,90.2761
23523918,-133.50,-74.50,38.9401,103.9351
23527824,-104.50,-30.50,47.3675,123.0411
23531730,-121.50,-99.50,59.0031,134.8833
23535636,-191.50,-211.50,51.5538,103.0195
23539542,-165.50,-184.50,24.9971,39.9044
23543448,-124.50,-143.50,16.1571,8.7548
23547354,-121.50,-133.50,32.8882,21.7835
23551260,-101.50,-116.50,52.7319,46.5326
23555166,-96.50,-104.50,68.9963,68.7316
23559072,-111.50,-95.50,78.7589,87.0881
23562978,-116.50,-117.50,75.7778,93.0358
23566884,-101.50,-143.50,67.1521,77.9023
23570790,-110.50,-149.50,62.4139,52.0817
23574696,-116.50,-169.50,60.2351,32.8893
23578602,-126.50,-155.50,57.5720,25.5888
23582508,-127.50,-136.50,53.2329,30.3571
23586414,-124.50,-133.50,47.4570,40.4914
23590320,-138.50,-138.50,40.3879,45.8801
23594226,-131.50,-140.50,34.5102,46.4847
23598132,-120.50,-156.50,37.2756,44.4244
23602038,-124.50,-140.50,45.6790,40.3288
23605944,-113.50,-157.50,50.0140,35.1038
23609850,-120.50,-164.50,49.2828,26.2732
23613756,-139.50,-152.50,43.7170,20.5627
23617662,-143.50,-153.50,34.9387,25.0440
23621568,-155.50,-157.50,26.4879,30.3067
23625474,-149.50,-160.50,18.5703,27.5782
23629380,-162.50,-160.50,11.0258,20.8697
23633286,-145.50,-129.50,7.5621,23.0889
23637192,-146.50,-129.50,12.9390,38.3414
23641098,-120.50,-144.50,25.3535,49.4230
23645004,-120.50,-127.50,38.2985,48.0661
23648910,-111.50,-98.50,45.6833,50.5595
23652816,-101.50,-100.50,50.5074,63.7451
23656722,-96.50,-80.50,58.6587,78.9588
23660628,-105.50,-89.50,65.2062,89.8146
23664534,-117.50,-124.50,61.7063,85.4865
23668440,-110.50,-110.50,51.3742,67.5851
23672346,-90.50,-104.50,48.6030,57.2827
23676252,-86.50,-89.50,58.3651,62.4200
23680158,-79.50,-96.50,71.1571,72.5297
23684064,-79.50,-99.50,78.4803,75.9666
23687970,-105.50,-113.50,74.4135,69.7494
23691876,-113.50,-115.50,58.9398,58.8988
23695782,-108.50,-96.50,45.2556,53.9857
23699688,-133.50,-79.50,37.9650,62.1464
23703594,-129.50,-97.50,29.8255,72.7284
23707500,-112.50,-92.50,25.6184,73.5004
23711406,-111.50,-102.50,30.3432,67.9848
23715312,-97.50,-137.50,39.2720,55.9646
23719218,-95.50,-128.50,49.0131,38.2238
23723124,-86.50,-116.50,56.8788,29.5499
23727030,-89.50,-104.50,60.4981,35.1679
23730936,-93.50,-109.50,58.9398,44.6508
23734842,-88.50,-116.50,55.7367,47.9147
23738748,-80.50,-118.50,56.9449,44.3926
23742654,-86.50,-124.50,60.5509,38.3009
23746560,-96.50,-88.50,58.6566,37.9129
23750466,-111.50,-111.50,48.7098,44.9240
23754372,-111.50,-128.50,36.6490,44.3646
23758278,-131.50,-106.50,26.6229,37.5554
23762184,-130.50,-109.50,17.1718,37.6995
23766090,-133.50,-132.50,9.9491,36.2582
23769996,-128.50,-127.50,7.2598,26.7239
23773902,-128.50,-132.50,8.4100,19.2269
23777808,-141.50,-129.50,8.8256,17.8369
23781714,-136.50,-118.50,5.7044,20.4332
23785620,-137.50,-118.50,2.8474,24.7544
23789526,-138.50,-131.50,1.4326,25.0842
23793432,-143.50,-153.50,-0.3508,16.8833
23797338,-146.50,-153.50,-2.7267,4.0847
23801244,-143.50,-138.50,-4.3014,-2.4162
23805150,-137.50,-113.50,-3.3905,4.1315
23809056,-133.50,-125.50,-0.2874,16.4737
23812962,-158.50,-143.50,-0.9563,19.7697
23816868,-145.50,-158.50,-6.6908,10.4714
23820774,-144.50,-129.50,-8.5016,1.8524
23824680,-141.50,-121.50,-5.6274,5.2421
23828586,-144.50,-130.50,-4.0535,12.5709
23832492,-138.50,-127.50,-3.5352,15.3864
23836398,-128.50,-137.50,0.4321,15.8794
23840304,-80.50,-98.50,15.3385,19.8971
23844210,-68.50,-73.50,41.2959,34.5923
23848116,-128.50,-152.50,52.7970,40.2792
23852022,-154.50,-173.50,31.3077,15.4192
23855928,-134.50,-132.50,3.0831,-9.1799
23859834,-111.50,-111.50,-1.8243,-3.1409
23863740,-97.50,-109.50,12.5033,15.6350
23867646,-81.50,-111.50,30.9517,25.3623
23871552,-75.50,-120.50,47.7407,26.7435
23875458,-79.50,-142.50,58.8184,22.3848
23879364,-92.50,-165.50,58.2646,7.4282
23883270,-105.50,-142.50,45.5301,-11.2451
23887176,-106.50,-120.50,29.7763,-14.2231
23891082,-136.50,-104.50,16.9339,3.0033
23894988,-102.50,-112.50,10.7316,24.6308
23898894,-79.50,-96.50,20.3769,37.0283
23902800,-81.50,-92.50,37.4861,40.7501
23906706,-106.50,-80.50,41.7074,41.7659
23910612,-104.50,-70.50,32.9060,47.0582
23914518,-116.50,-82.50,23.7206,55.8710
23918424,-111.50,-120.50,17.4493,52.8066
23922330,-110.50,-143.50,13.0403,28.8051
23926236,-120.50,-145.50,9.5303,-1.7142
23930142,-109.50,-143.50,8.3658,-18.7478
23934048,-120.50,-177.50,11.0039,-24.5256
23937954,-129.50,-177.50,9.5600,-31.9596
23941860,-133.50,-157.50,0.4233,-36.9581
23945766,-126.50,-149.50,-7.8182,-32.8796
23949672,-133.50,-148.50,-9.1610,-25.2446
23953578,-146.50,-172.50,-9.2325,-22.3142
23957484,-143.50,-144.50,-13.0556,-21.9847
23961390,-148.50,-127.50,-18.5854,-13.8127
23965296,-164.50,-132.50,-26.3958,-3.2231
23969202,-164.50,-144.50,-35.1461,-2.5150
23973108,-189.50,-161.50,-42.6627,-10.2189
23977014,-175.50,-152.50,-49.3283,-17.0590
23980920,-160.50,-158.50,-49.2508,-19.4776
23984826,-132.50,-176.50,-37.5844,-26.0462
23988732,-113.50,-143.50,-16.2542,-32.9523
23992638,-105.50,-130.50,7.2797,-23.5038
23996544,-82.50,-111.50,26.7554,-0.6009
24000450,-64.50,-111.50,43.1016,19.0182
24004356,-91.50,-109.50,50.3226,25.6562
24008262,-96.50,-105.50,42.7453,23.8131
24012168,-132.50,-111.50,26.3807,22.4088
24016074,-136.50,-94.50,7.0982,25.6675
24019980,-130.50,-80.50,-7.2604,35.1218
24023886,-150.50,-111.50,-15.5170,39.4718
24027792,-169.50,-118.50,-26.4334,28.3189
24031698,-160.50,-142.50,-36.3772,10.2924
24035604,-144.50,-174.50,-34.5515,-9.4946
24039510,-156.50,-170.50,-27.2054,-29.7073
24043416,-162.50,-144.50,-28.1939,-37.9264
24047322,-165.50,-147.50,-35.1014,-31.2255
24051228,-175.50,-159.50,-39.8978,-23.7633
24055134,-174.50,-164.50,-42.4468,-23.4306
24059040,-153.50,-170.50,-41.1034,-27.7440
24062946,-152.50,-156.50,-34.6178,-32.2603
24066852,-178.50,-165.50,-32.2978,-34.2606
24070758,-165.50,-181.50,-36.2539,-37.5458
24074664,-159.50,-190.50,-35.3686,-43.9791
24078570,-152.50,-177.50,-29.2493,-47.7639
24082476,-143.50,-149.50,-23.7718,-42.1641
24086382,-131.50,-131.50,-16.6777,-26.8382
24090288,-134.50,-111.50,-6.7962,-6.2129
24094194,-147.50,-120.50,-1.6901,12.8261
24098100,-172.50,-160.50,-10.2446,15.1838
24102006,-179.50,-161.50,-29.8491,-3.4086
24105912,-160.50,-142.50,-43.1409,-21.2458
24109818,-153.50,-152.50,-38.4550,-24.3944
24113724,-171.50,-166.50,-28.2344,-22.7981
24117630,-160.50,-160.50,-25.7721,-22.9584
24121536,-148.50,-156.50,-25.0483,-22.2523
24125442,-123.50,-111.50,-16.6289,-14.9657
24129348,-126.50,-86.50,-2.1958,5.7659
24133254,-133.50,-102.50,7.6188,29.4858
24137160,-105.50,-104.50,12.8837,39.9315
24141066,-136.50,-102.50,15.5836,38.8850
24144972,-143.50,-130.50,7.1245,28.6762
24148878,-143.50,-124.50,-5.8352,11.4019
24152784,-133.50,-116.50,-9.0701,2.6660
24156690,-136.50,-119.50,-4.1993,7.9117
24160596,-141.50,-168.50,-1.7560,6.8888
24164502,-145.50,-176.50,-5.5576,-14.3246
24168408,-141.50,-179.50,-9.6480,-39.7359
24172314,-140.50,-160.50,-9.0295,-48.8324
24176220,-136.50,-146.50,-5.3665,-37.9596
24180126,-143.50,-149.50,-3.7174,-20.3021
24184032,-140.50,-154.50,-5.7428,-12.4010
24187938,-148.50,-158.50,-8.7056,-16.4630
24191844,-181.50,-165.50,-16.4453,-24.6998
24195750,-168.50,-163.50,-29.1425,-29.8189
24199656,-158.50,-179.50,-34.0927,-32.0598
24203562,-157.50,-170.50,-29.4533,-35.1463
24207468,-155.50,-148.50,-23.6615,-33.5291
24211374,-178.50,-179.50,-22.9478,-29.3085
24215280,-132.50,-175.50,-21.8372,-32.2891
24219186,-172.50,-248.50,-16.7846,-48.3369
24223092,-194.50,-248.50,-24.9261,-78.5887
24226998,-194.50,-239.50,-44.3633,-102.9006
24230904,-244.50,-268.50,-63.2763,-112.5961
24234810,-265.50,-307.50,-87.5958,-125.9740
24238716,-284.50,-329.50,-114.6240,-148.4895
24242622,-302.50,-351.50,-137.0355,-171.6877
24246528,-346.50,-405.50,-158.8196,-198.7605
24250434,-399.50,-447.50,-189.0600,-237.3122
24254340,-463.50,-522.50,-232.3303,-285.1504
24258246,-494.50,-526.50,-281.7264,-329.5505
24262152,-562.50,-552.50,-329.8903,-356.0761
24266058,-623.50,-622.50,-380.5834,-379.1910
24269964,-640.50,-653.50,-426.5975,-416.3681
24273870,-700.50,-687.50,-459.5757,-453.7800
24277776,-712.50,-703.50,-486.6741,-477.5501
24281682,-702.50,-690.50,-502.3278,-484.5898
24285588,-751.50,-735.50,-506.9941,-484.8146
24289494,-772.50,-745.50,-517.0914,-493.5010
24293400,-796.50,-808.50,-532.0080,-512.3779
24297306,-756.50,-840.50,-535.6075,-539.8187
24301212,-786.50,-845.50,-525.4672,-565.0583
24305118,-742.50,-815.50,-510.5017,-569.9670
24309024,-722.50,-785.50,-484.2012,-548.5381
24312930,-732.50,-816.50,-452.0593,-518.6425
24316836,-734.50,-802.50,-433.4854,-499.9043
24320742,-716.50,-798.50,-425.1938,-487.1602
24324648,-674.50,-781.50,-408.4514,-473.1350
24328554,-628.50,-792.50,-371.4524,-460.8617
24332460,-632.50,-813.50,-326.5035,-455.5649
24336366,-614.50,-777.50,-294.0692,-448.5462
24340272,-581.50,-733.50,-270.9141,-421.5855
24344178,-559.50,-715.50,-245.5209,-380.9871
24348084,-536.50,-687.50,-217.6797,-344.7535
24351990,-528.50,-672.50,-190.7977,-313.8328
24355896,-540.50,-681.50,-172.0869,-288.2131
24359802,-514.50,-697.50,-162.1902,-276.8851
24363708,-512.50,-686.50,-152.6423,-278.3365
24367614,-512.50,-632.50,-143.7026,-270.9053
24371520,-464.50,-618.50,-129.4003,-241.4718
24375426,-452.50,-596.50,-100.9070,-203.0254
24379332,-402.50,-558.50,-65.0429,-165.3847
24383238,-348.50,-493.50,-23.6281,-123.0956
24387144,-313.50,-424.50,22.8257,-69.7986
24391050,-271.50,-389.50,67.8979,-10.5841
24394956,-234.50,-357.50,110.8180,42.3724
24398862,-214.50,-321.50,148.1905,85.9532
24402768,-176.50,-296.50,176.7000,120.7470
24406674,-152.50,-265.50,201.2477,146.0750
24410580,-148.50,-228.50,222.0106,169.5486
24414486,-134.50,-177.50,236.0859,203.5098
24418392,-105.50,-124.50,249.2599,251.4965
24422298,-67.50,-120.50,268.8222,296.5990
24426204,-48.50,-63.50,292.8274,325.7273
24430110,-45.50,-33.50,311.9576,351.2257
24434016,-5.50,-36.50,327.5056,375.5111
24437922,42.50,11.50,352.5126,395.1708
24441828,66.50,46.50,384.9778,419.9595
24445734,87.50,80.50,410.6493,448.4335
24449640,127.50,128.50,431.0492,476.5473
24453546,112.50,149.50,448.9878,506.5663
24457452,113.50,154.50,453.6676,530.9616
24461358,157.50,187.50,452.1488,545.2822
24465264,191.50,197.50,463.4459,554.1297
24469170,187.50,197.50,481.8001,555.8580
24473076,187.50,211.50,490.6953,552.8292
24476982,176.50,227.50,486.9381,555.2889
24480888,176.50,236.50,474.2979,562.7949
24484794,182.50,229.50,459.4106,563.6182
24488700,217.50,224.50,454.6003,552.0721
24492606,174.50,213.50,456.9196,534.6604
24496512,160.50,165.50,446.7337,511.9528
24500418,150.50,169.50,423.7423,482.8796
24504324,150.50,167.50,400.7406,458.6780
24508230,151.50,190.50,384.0082,447.4427
24512136,126.50,158.50,371.8021,442.4163
24516042,90.50,115.50,353.8095,425.8214
24519948,74.50,55.50,326.2807,386.9716
24523854,47.50,77.50,294.0288,341.5621
24527760,16.50,-21.50,258.7081,298.6230
24531666,-34.50,-58.50,219.4660,244.0009
24535572,-72.50,-67.50,177.8481,192.7608
24539478,-130.50,-93.50,133.6482,164.3586
24543384,-174.50,-149.50,82.9697,138.4724
24547290,-206.50,-196.50,30.8197,95.1735
24551196,-304.50,-269.50,-22.5652,37.5710
24555102,-392.50,-323.50,-89.8353,-23.8710
24559008,-512.50,-409.50,-175.8158,-86.1948
24562914,-540.50,-463.50,-265.5534,-152.4932
24566820,-549.50,-512.50,-327.8116,-216.5404
24570726,-578.50,-540.50,-354.3249,-266.4584
24574632,-594.50,-569.50,-363.2085,-297.7869
24578538,-591.50,-588.50,-363.0941,-315.4075
24582444,-577.50,-565.50,-354.8536,-321.2852
24586350,-559.50,-577.50,-341.8126,-316.6858
24590256,-529.50,-550.50,-323.0128,-306.9110
24594162,-530.50,-555.50,-297.8487,-291.8185
24598068,-538.50,-538.50,-276.5862,-273.7902
24601974,-529.50,-512.50,-266.0160,-253.7755
24605880,-444.50,-474.50,-248.8582,-227.9483
24609786,-416.50,-460.50,-209.1693,-198.4809
24613692,-399.50,-430.50,-162.7396,-168.9700
24617598,-383.50,-390.50,-125.9791,-135.2946
24621504,-353.50,-353.50,-97.1007,-95.7925
24625410,-308.50,-324.50,-69.9895,-58.2952
24629316,-272.50,-309.50,-39.9997,-29.4723
24633222,-238.50,-257.50,-5.2918,-2.3276
24637128,-206.50,-207.50,34.5190,37.0619
24641034,-160.50,-146.50,77.1295,88.8157
24644940,-132.50,-127.50,115.1841,137.7524
24648846,-111.50,-93.50,140.9489,172.3024
24652752,-65.50,-47.50,162.5788,201.7049
24656658,-22.50,-4.50,196.6024,238.3142
24660564,-8.50,42.50,236.9399,279.5606
24664470,23.50,53.50,265.7628,314.0576
24668376,66.50,81.50,285.7755,335.3674
24672282,88.50,113.50,308.0965,353.1521
24676188,126.50,146.50,335.6533,376.7213
24680094,117.50,143.50,360.9700,397.4204
24684000,112.50,134.50,367.9511,400.8346
24687906,112.50,129.50,355.7552,388.6411
24691812,124.50,106.50,341.8483,370.6315
24695718,157.50,130.50,343.3335,355.7458
24699624,153.50,124.50,358.5626,350.1992
24703530,155.50,135.50,368.1248,348.6619
24707436,154.50,161.50,363.6703,351.1944
24711342,150.50,162.50,351.7913,360.1824
24715248,128.50,155.50,337.1185,364.9001
24719154,129.50,160.50,322.2899,359.9274
24723060,150.50,143.50,314.9475,348.4339
24726966,144.50,159.50,314.6514,335.8543
24730872,129.50,107.50,308.7136,321.4778
24734778,141.50,83.50,297.9632,294.9829
24738684,144.50,98.50,294.1193,266.3769
24742590,159.50,123.50,297.2486,256.9276
24746496,164.50,129.50,300.5271,264.4143
24750402,134.50,134.50,294.7194,273.9132
24754308,102.50,123.50,273.0776,276.7212
24758214,95.50,78.50,244.8154,263.9041
24762120,86.50,78.50,222.7049,235.2790
24766026,96.50,91.50,208.9754,211.5776
24769932,124.50,89.50,207.0466,204.4785
24773838,177.50,143.50,225.7922,214.2448
24777744,207.50,190.50,262.8567,245.0983
24781650,125.50,112.50,282.3036,268.0686
24785556,80.50,75.50,251.0652,245.1301
24789462,81.50,80.50,196.5201,199.6823
24793368,91.50,82.50,163.7862,172.8836
24797274,113.50,108.50,161.8877,170.5837
24801180,139.50,114.50,179.3532,181.5268
24805086,141.50,141.50,200.0382,195.9746
24808992,129.50,148.50,207.6555,210.4625
24812898,151.50,165.50,203.6094,222.1694
24816804,118.50,163.50,195.8514,227.9837
24820710,106.50,159.50,180.2564,225.8009
24824616,80.50,141.50,157.5289,215.2359
24828522,67.50,112.50,133.4430,196.0026
24832428,93.50,112.50,117.7853,172.5948
24836334,109.50,111.50,120.1317,155.4154
24840240,95.50,97.50,129.5153,144.4395
24844146,94.50,72.50,130.7737,130.3894
24848052,112.50,64.50,128.6173,111.9222
24851958,87.50,62.50,125.9813,96.4250
24855864,50.50,64.50,109.7023,87.3749
24859770,26.50,50.50,78.5168,80.1737
24863676,21.50,50.50,49.4796,71.7010
24867582,23.50,43.50,34.2592,64.7033
24871488,19.50,34.50,29.0248,58.2239
24875394,-36.50,30.50,16.5864,49.0136
24879300,9.50,16.50,-1.4579,37.1058
24883206,16.50,16.50,-1.1736,25.3971
24887112,-0.50,22.50,9.1090,20.0055
24891018,-12.50,30.50,6.1254,22.5740
24894924,-15.50,29.50,-6.4505,26.7687
24898830,-19.50,-6.50,-16.6104,20.9898
24902736,-30.50,18.50,-23.2787,7.5795
24906642,-37.50,20.50,-31.1207,3.9208
24910548,-59.50,-9.50,-43.0224,3.9594
24914454,-58.50,-14.50,-56.7758,-7.2459
24918360,-44.50,-4.50,-62.6231,-19.9106
24922269,-19.50,-2.50,-53.9689,-22.6360
24926175,-26.50,-15.50,-39.3048,-21.7910
24930081,-32.50,-10.50,-33.1151,-24.2466
24933987,-30.50,-12.50,-35.7994,-27.2669
24937893,-36.50,-15.50,-39.8740,-29.9242
24941799,-53.50,-24.50,-46.6501,-34.7018
24945705,-34.50,-15.50,-54.0427,-39.2312
24949611,-30.50,-1.50,-53.2076,-37.0533
24953517,-41.50,-17.50,-48.5698,-32.0433
24957423,-30.50,-28.50,-47.0676,-35.5669
24961329,-47.50,-37.50,-48.3214,-47.0017
24965235,-77.50,-47.50,-58.8664,-59.1871
24969141,-72.50,-41.50,-76.9335,-67.5119
24973047,-78.50,-34.50,-88.8371,-68.5824
24976953,-73.50,-44.50,-91.4816,-66.3312
24980859,-69.50,-54.50,-88.8499,-68.7211
24984765,-68.50,-76.50,-84.4958,-78.6685
24988671,-60.50,-78.50,-80.3221,-92.6702
24992577,-66.50,-104.50,-77.0001,-107.2557
24996483,-51.50,-91.50,-74.1098,-119.4787
25000389,-22.50,-51.50,-64.5687,-116.1466
25004295,-12.50,-26.50,-46.7129,-91.5443
25008201,-90.50,-89.50,-44.1358,-73.9341
25012107,-97.50,-111.50,-71.2827,-89.4239
25016013,-65.50,-102.50,-95.8332,-117.3022
25019919,-56.50,-64.50,-93.3117,-123.9831
25023825,-46.50,-56.50,-78.3760,-107.4532
25027731,-29.50,-64.50,-63.0001,-89.3789
25031637,-26.50,-82.50,-48.0028,-85.3250
25035543,-17.50,-79.50,-36.6648,-91.8083
25039449,-26.50,-66.50,-33.1434,-96.6296
25043355,-45.50,-60.50,-40.6717,-94.4739
25047261,-56.50,-66.50,-55.6251,-90.0146
25051167,-79.50,-84.50,-71.0942,-89.8554
25055073,-62.50,-79.50,-81.6398,-94.0959
25058979,-74.50,-99.50,-85.1389,-101.0757
25062885,-96.50,-97.50,-91.3161,-111.8304
25066791,-82.50,-81.50,-100.6533,-117.3789
25070697,-85.50,-93.50,-101.6646,-112.5112
25074603,-94.50,-116.50,-98.7918,-110.7292
25078509,-101.50,-121.50,-102.1545,-120.1299
25082415,-118.50,-125.50,-112.3273,-133.1920
25086321,-127.50,-106.50,-124.9301,-138.7040
25090227,-132.50,-111.50,-134.0709,-132.9361
25094133,-124.50,-97.50,-136.3775,-121.7043
25098039,-143.50,-112.50,-136.9170,-113.4729
25101945,-154.50,-127.50,-143.9051,-117.1087
25105851,-152.50,-133.50,-152.9669,-130.6013
25109757,-143.50,-113.50,-153.6903,-137.7735
25113663,-157.50,-108.50,-149.3670,-130.0002
25117569,-165.50,-89.50,-150.8982,-114.2379
25121475,-168.50,-100.50,-157.8462,-101.9333
25125381,-156.50,-132.50,-160.3164,-105.0037
25129287,-144.50,-140.50,-152.6909,-122.3954
25133193,-144.50,-142.50,-140.4833,-137.5815
25137099,-142.50,-143.50,-132.4009,-142.9440
25141005,-130.50,-145.50,-127.3647,-143.5591
25144911,-142.50,-148.50,-122.9888,-143.9531
25148817,-143.50,-140.50,-122.4137,-142.5304
25152723,-142.50,-143.50,-123.9254,-137.7358
25156629,-131.50,-176.50,-122.2248,-139.0730
25160535,-129.50,-175.50,-116.4911,-151.6754
25164441,-125.50,-150.50,-109.7798,-158.9052
25168347,-140.50,-141.50,-106.6894,-149.1852
25172253,-150.50,-176.50,-110.9005,-139.2118
25176159,-153.50,-181.50,-119.3615,-144.5807
25180065,-167.50,-175.50,-127.8240,-154.5013
25183971,-162.50,-156.50,-134.3165,-154.1667
25187877,-152.50,-140.50,-133.4898,-141.9654
25191783,-169.50,-166.50,-128.4692,-129.8986
25195689,-157.50,-172.50,-126.5745,-130.0257
25199595,-184.50,-182.50,-129.1812,-138.2249
25203501,-163.50,-186.50,-133.6958,-147.3616
25207407,-168.50,-182.50,-132.6506,-153.6102
25211313,-173.50,-178.50,-128.5526,-152.8420
25215219,-166.50,-186.50,-126.4118,-147.3739
25219125,-168.50,-191.50,-123.8459,-144.2859
25223031,-161.50,-154.50,-120.3890,-139.6495
25226937,-149.50,-116.50,-114.0829,-120.8894
25230843,-112.50,-101.50,-98.9177,-90.6588
25234749,-118.50,-133.50,-77.7072,-70.0500
25238655,-143.50,-172.50,-68.5605,-76.5191
25242561,-160.50,-148.50,-79.2160,-97.2721
25246467,-149.50,-120.50,-93.9665,-102.7973
25250373,-130.50,-134.50,-95.4174,-92.5436
25254279,-129.50,-144.50,-84.7770,-85.9687
25258185,-122.50,-140.50,-73.2282,-84.9710
25262091,-115.50,-137.50,-63.7630,-82.9247
25265997,-108.50,-169.50,-55.0307,-87.3866
25269903,-111.50,-144.50,-49.3693,-98.8743
25273809,-110.50,-127.50,-48.5019,-97.4079
25277715,-111.50,-116.50,-49.3116,-78.5141
25281621,-120.50,-123.50,-50.1845,-60.4302
25285527,-110.50,-129.50,-50.7139,-56.8770
25289433,-104.50,-165.50,-47.9801,-70.0175
25293339,-108.50,-156.50,-44.0893,-89.0817
25297245,-112.50,-144.50,-43.3861,-94.6900
25301151,-110.50,-136.50,-44.0419,-84.5038
25305057,-130.50,-145.50,-46.4945,-74.8442
25308963,-130.50,-127.50,-53.8801,-71.5284
25312869,-133.50,-139.50,-61.7874,-68.6424
25316775,-141.50,-152.50,-66.6927,-68.4623
25320681,-134.50,-168.50,-68.2184,-75.8637
25324587,-144.50,-172.50,-66.9558,-87.9932
25328493,-129.50,-186.50,-64.9545,-100.2473
25332399,-158.50,-184.50,-65.8789,-108.8057
25336305,-169.50,-200.50,-75.4763,-112.5416
25340211,-175.50,-192.50,-88.3532,-113.5846
25344117,-192.50,-191.50,-98.0888,-112.2378
25348023,-189.50,-197.50,-105.9130,-111.0771
25351929,-174.50,-196.50,-107.2816,-111.8814
25355835,-170.50,-190.50,-99.5598,-109.7191
25359741,-143.50,-173.50,-85.0149,-100.6440
25363647,-122.50,-150.50,-63.6992,-84.8695
25367553,-128.50,-144.50,-43.9293,-67.4673
25371459,-118.50,-156.50,-34.7388,-57.3965
25375365,-121.50,-159.50,-32.0981,-56.9563
25379271,-107.50,-204.50,-28.8748,-66.8349
25383177,-108.50,-198.50,-22.8258,-86.0560
25387083,-125.50,-193.50,-20.7426,-99.9353
25390989,-136.50,-189.50,-28.5568,-100.2776
25394895,-114.50,-177.50,-35.8503,-91.2860
25398801,-110.50,-165.50,-31.5804,-76.5135
25402707,-88.50,-143.50,-18.7255,-59.2040
25406613,-88.50,-122.50,-4.3875,-40.9726
25410519,-90.50,-145.50,4.3367,-28.9394
25414425,-85.50,-144.50,6.4844,-29.0821
25418331,-90.50,-169.50,6.2432,-36.7035
25422237,-109.50,-146.50,1.3478,-43.9041
25426143,-111.50,-161.50,-8.7890,-46.4425
25430049,-114.50,-175.50,-17.1781,-51.0418
25433955,-116.50,-185.50,-20.8295,-60.3387
25437861,-121.50,-180.50,-22.8721,-65.9376
25441767,-127.50,-168.50,-26.0418,-63.3304
25445673,-116.50,-149.50,-27.8821,-53.8970
25449579,-132.50,-152.50,-27.6147,-42.8472
25453485,-138.50,-150.50,-31.0522,-34.9754
25457391,-134.50,-160.50,-36.5540,-31.2710
25461297,-138.50,-166.50,-38.8143,-33.2142
25465203,-149.50,-197.50,-40.9553,-45.0757
25469109,-160.50,-198.50,-47.0358,-64.0946
25473015,-149.50,-172.50,-52.5964,-72.0145
25476921,-124.50,-141.50,-47.7756,-55.7566
25480827,-79.50,-75.50,-26.4046,-18.0438
25484733,-82.50,-84.50,2.7152,23.6334
25488639,-154.50,-151.50,9.3274,33.9219
25492545,-129.50,-158.50,-11.9503,6.8917
25496451,-123.50,-140.50,-27.0722,-18.3501
25500357,-188.50,-190.50,-36.8123,-29.9878
25504263,-202.50,-200.50,-62.5442,-48.0737
25508169,-207.50,-194.50,-88.6594,-66.0488
25512075,-258.50,-233.50,-106.7308,-75.3060
25515981,-274.50,-239.50,-129.9179,-86.3732
25519887,-282.50,-255.50,-153.7791,-100.5965
25523793,-316.50,-287.50,-172.0761,-118.2446
25527699,-315.50,-297.50,-186.4495,-139.1359
25531605,-298.50,-297.50,-188.7977,-152.1613
25535511,-310.50,-328.50,-180.5518,-157.7887
25539417,-303.50,-317.50,-174.6930,-164.4774
25543323,-280.50,-292.50,-167.9181,-163.8061
25547229,-256.50,-271.50,-149.9311,-147.5380
25551135,-249.50,-245.50,-125.3757,-120.6952
25555041,-222.50,-228.50,-102.9914,-91.0614
25558947,-214.50,-239.50,-84.0358,-70.3730
25562853,-198.50,-250.50,-68.3722,-67.9255
25566759,-170.50,-232.50,-51.2860,-73.6281
25570665,-124.50,-214.50,-23.9641,-69.0133
25574571,-190.50,-245.50,-2.8572,-59.3419
25578477,-200.50,-238.50,-12.9156,-59.1837
25582383,-162.50,-210.50,-30.4961,-58.4015
25586289,-148.50,-216.50,-24.4452,-48.7081
25590195,-156.50,-228.50,-7.8252,-42.6838
25594101,-143.50,-218.50,2.4493,-42.9216
25598007,-160.50,-205.50,6.1019,-38.5828
25601913,-170.50,-181.50,1.6144,-25.6099
25605819,-168.50,-173.50,-7.7765,-8.9214
25609725,-160.50,-161.50,-12.3185,5.8052
25613631,-162.50,-143.50,-9.9127,20.0859
25617537,-132.50,-175.50,-0.6488,29.1288
25621443,-124.50,-206.50,15.9768,18.4632
25625349,-102.50,-192.50,34.1216,-3.5337
25629255,-79.50,-160.50,51.8432,-9.1939
25633161,-64.50,-174.50,70.7934,3.4496
25637067,-58.50,-213.50,87.3653,7.4053
25640973,-70.50,-198.50,95.0646,-4.0793
25644879,-85.50,-188.50,89.5220,-10.7796
25648785,-110.50,-172.50,72.2851,-4.9779
25652691,-132.50,-156.50,48.5996,8.4414
25656597,-154.50,-158.50,24.3648,23.6797
25660503,-151.50,-175.50,6.4335,30.6990
25664409,-157.50,-189.50,-1.6263,23.6194
25668315,-146.50,-188.50,-2.2794,9.3676
25672221,-156.50,-195.50,-0.0127,-1.5959
25676127,-160.50,-185.50,0.0621,-4.2925
25680033,-184.50,-188.50,-6.1219,0.6710
25683939,-149.50,-179.50,-11.8613,7.5763
25687845,-130.50,-172.50,-3.5608,13.1121
25691751,-125.50,-140.50,14.3577,22.2124
25695657,-147.50,-155.50,24.1411,35.2449
25699563,-225.50,-207.50,8.1794,33.9723
25703469,-250.50,-207.50,-34.8012,12.6387
25707375,-213.50,-175.50,-70.3644,-2.3887
25711281,-203.50,-160.50,-72.4535,4.7065
25715187,-196.50,-175.50,-55.3937,18.4422
25719093,-191.50,-191.50,-37.6536,21.6066
25722999,-175.50,-200.50,-22.4744,14.5263
25726905,-169.50,-212.50,-10.4932,2.7015
25730811,-185.50,-216.50,-7.7877,-11.2251
25734717,-180.50,-210.50,-13.6491,-20.4198
25738623,-175.50,-186.50,-15.3370,-15.0599
25742529,-154.50,-175.50,-5.9241,4.2766
25746435,-138.50,-159.50,10.2333,24.9632
25750341,-133.50,-136.50,24.1932,40.7131
25754247,-111.50,-142.50,34.8466,51.8799
25758153,-112.50,-154.50,47.1421,55.2359
25762059,-128.50,-159.50,54.5367,51.5929
25765965,-111.50,-136.50,53.2068,49.7852
25769871,-89.50,-142.50,54.8219,52.6985
25773777,-96.50,-129.50,62.5227,55.7766
25777683,-98.50,-127.50,67.9126,60.9518
25781589,-90.50,-146.50,71.0531,65.5838
25785495,-93.50,-145.50,73.8284,62.2902
25789401,-105.50,-142.50,70.2482,54.8079
25793307,-106.50,-153.50,60.2345,47.6009
25797213,-116.50,-138.50,51.7491,44.3817
25801119,-120.50,-120.50,47.3444,52.8435
25805025,-129.50,-154.50,43.0746,62.4639
25808931,-125.50,-170.50,36.7056,53.3915
25812837,-142.50,-181.50,28.7702,31.1340
25816743,-166.50,-224.50,17.0664,7.1259
25820649,-160.50,-206.50,5.0969,-12.2628
25824555,-171.50,-182.50,-1.2973,-13.0945
25828461,-175.50,-174.50,-6.9411,2.1591
25832367,-173.50,-175.50,-13.4433,15.3966
25836273,-164.50,-175.50,-13.8195,20.6209
25840179,-168.50,-173.50,-7.3835,23.0767
25844085,-168.50,-173.50,-1.8894,25.2716
25847991,-145.50,-164.50,1.9962,26.4082
25851897,-152.50,-170.50,7.4124,26.3789
25855803,-143.50,-188.50,12.2778,22.6006
25859709,-175.50,-181.50,12.3876,16.9875
25863615,-169.50,-189.50,5.2320,14.3277
25867521,-166.50,-178.50,-2.0728,13.2826
25871427,-175.50,-161.50,-6.2396,16.2264
25875333,-147.50,-175.50,-5.5025,22.9379
25879239,-132.50,-177.50,7.9998,25.9902
25883145,-130.50,-165.50,27.2626,27.1352
25887051,-132.50,-144.50,37.4793,33.2764
25890957,-162.50,-175.50,31.6819,37.4879
25894863,-145.50,-175.50,17.8272,30.9009
25898769,-181.50,-198.50,7.1969,19.7188
25902675,-175.50,-181.50,-2.1976,12.3633
25906581,-154.50,-127.50,-5.3368,20.4645
25910487,-96.50,-92.50,11.1165,49.7790
25914393,-121.50,-162.50,38.0648,71.7249
25918299,-181.50,-221.50,41.5556,53.0408
25922205,-158.50,-204.50,19.9759,13.2571
25926111,-136.50,-181.50,9.3287,-5.9600
25930017,-143.50,-175.50,15.1806,-1.5501
25933923,-129.50,-156.50,21.6866,11.7886
25937829,-118.50,-177.50,30.6466,26.0406
25941735,-138.50,-206.50,40.2104,27.6395
25945641,-133.50,-185.50,40.3735,15.6817
25949547,-147.50,-204.50,31.5377,2.4824
25953453,-137.50,-192.50,21.4695,-6.5017
25957359,-127.50,-176.50,20.9444,-2.0727
25961269,-114.50,-169.50,32.8465,16.3211
25965175,-102.50,-189.50,48.6647,28.1087
25969081,-112.50,-180.50,57.0400,22.3124
25972987,-116.50,-175.50,53.3301,13.4125
25976893,-112.50,-159.50,46.9644,17.0988
25980799,-113.50,-145.50,46.7708,33.8341
25984705,-113.50,-133.50,49.2208,52.7869
25988611,-111.50,-128.50,48.9024,63.1896
25992517,-120.50,-122.50,44.8531,65.5557
25996423,-141.50,-153.50,36.2977,62.5995
26000329,-137.50,-153.50,26.6210,54.6415
26004235,-112.50,-138.50,26.2458,49.6400
26008141,-104.50,-143.50,36.6518,49.5038
26012047,-111.50,-154.50,45.4617,45.4501
26015953,-102.50,-161.50,48.3767,37.8657
26019859,-108.50,-174.50,50.9628,32.1048
26023765,-104.50,-143.50,52.8082,32.1267
26027671,-116.50,-111.50,49.5834,43.7832
26031577,-118.50,-112.50,41.0315,61.3147
26035483,-111.50,-111.50,35.1490,73.1975
26039389,-98.50,-114.50,39.6621,79.3121
26043295,-79.50,-111.50,52.8967,81.7767
26047201,-63.50,-104.50,68.5293,80.1325
26051107,-64.50,-101.50,79.8478,76.7732
26055013,-74.50,-95.50,82.5267,77.1513
26058919,-74.50,-111.50,79.2577,81.1540
26062825,-69.50,-130.50,76.5041,78.3081
26066731,-81.50,-114.50,73.2677,67.2621
26070637,-109.50,-111.50,61.4690,59.4405
26074543,-118.50,-115.50,42.3810,58.3313
26078449,-117.50,-127.50,28.6158,59.2674
26082355,-106.50,-124.50,26.5928,59.1677
26086261,-84.50,-137.50,34.1373,54.6212
26090167,-110.50,-144.50,41.1580,42.5096
26094073,-125.50,-159.50,35.8829,27.3351
26097979,-121.50,-162.50,24.9280,17.3527
26101885,-113.50,-159.50,21.0319,15.7794
26105791,-99.50,-146.50,24.7018,19.4762
26109697,-107.50,-122.50,29.5271,26.6601
26113603,-118.50,-98.50,29.3826,41.1408
26117509,-134.50,-108.50,23.1615,59.3855
26121415,-137.50,-152.50,13.3787,63.0140
26125321,-143.50,-173.50,2.7019,41.8395
26129227,-155.50,-193.50,-8.2810,8.4677
26133133,-143.50,-190.50,-14.8786,-18.2961
26137039,-130.50,-166.50,-9.2288,-23.5296
26140945,-121.50,-137.50,4.7510,-3.8273
26144851,-128.50,-156.50,13.6965,20.4276
26148757,-136.50,-164.50,11.0221,24.9077
26152663,-140.50,-175.50,3.0384,11.8568
26156569,-136.50,-170.50,-0.6650,-0.6524
26160475,-140.50,-165.50,0.2920,-2.0223
26164381,-162.50,-175.50,-3.8929,2.1354
26168287,-172.50,-188.50,-17.7734,-0.8065
26172193,-194.50,-178.50,-34.7950,-9.2664
26176099,-200.50,-166.50,-48.8769,-10.3250
26180005,-180.50,-168.50,-53.6679,-2.4155
26183911,-177.50,-144.50,-47.7524,8.6422
26187817,-176.50,-128.50,-40.2890,22.7924
26191723,-168.50,-178.50,-34.6834,27.5928
26195629,-152.50,-178.50,-25.3931,12.8291
26199535,-141.50,-164.50,-11.7353,-1.0311
26203441,-149.50,-144.50,-2.3658,3.1514
26207347,-153.50,-145.50,-3.2651,15.9955
26211253,-152.50,-143.50,-7.9788,24.0754
26215159,-153.50,-132.50,-9.0790,28.3891
26219065,-155.50,-143.50,-8.2292,32.4266
26222971,-146.50,-142.50,-7.8204,32.1514
26226877,-136.50,-139.50,-4.8691,28.6063
26230783,-145.50,-133.50,0.0602,27.2786
26234689,-158.50,-117.50,0.2534,32.3300
26238595,-155.50,-117.50,-4.7722,42.6208
26242501,-156.50,-125.50,-9.5693,48.7650
26246407,-156.50,-143.50,-12.6003,43.1562
26250313,-150.50,-162.50,-12.6929,26.8840
26254219,-143.50,-148.50,-7.3412,11.8160
26258125,-138.50,-125.50,1.2440,12.8142
26262031,-137.50,-126.50,7.3533,26.4317
26265937,-129.50,-128.50,9.7136,36.1742
26269843,-127.50,-120.50,12.1410,38.4915
26273749,-127.50,-109.50,15.9227,41.5741
26277655,-136.50,-93.50,17.5105,50.0030
26281561,-144.50,-100.50,13.0271,59.0893
26285467,-148.50,-129.50,4.0127,56.9588
26289373,-160.50,-146.50,-5.4286,40.0083
26293279,-160.50,-129.50,-12.5113,23.5073
26297185,-165.50,-129.50,-15.7575,20.1605
26301091,-154.50,-110.50,-15.5110,26.5929
26304997,-157.50,-118.50,-13.2987,35.3132
26308903,-154.50,-118.50,-11.4885,39.7656
26312809,-155.50,-120.50,-9.8661,39.1022
26316715,-149.50,-118.50,-6.8066,36.5633
26320621,-138.50,-147.50,-1.5322,29.1645
26324527,-129.50,-148.50,5.7223,15.5029
26328433,-152.50,-193.50,8.5966,-2.1534
26332339,-171.50,-214.50,-0.0017,-26.3623
26336245,-165.50,-212.50,-12.8532,-49.8894
26340151,-150.50,-185.50,-16.3947,-56.8587
26344057,-148.50,-168.50,-10.7438,-44.0203
26347963,-132.50,-164.50,-2.2003,-23.6126
26351869,-138.50,-162.50,6.8857,-8.7464
26355775,-111.50,-154.50,17.0129,-1.5609
26359681,-120.50,-152.50,27.2275,1.2103
26363587,-122.50,-146.50,29.9098,2.4620
26367493,-141.50,-168.50,22.3421,1.2644
26371399,-162.50,-152.50,8.1688,-1.6245
26375305,-143.50,-130.50,-3.2311,3.2902
26379211,-125.50,-123.50,-0.4915,16.3171
26383117,-111.50,-137.50,12.9984,24.0087
26387023,-128.50,-134.50,23.2126,22.4509
26390929,-136.50,-111.50,22.3854,24.1209
26394835,-143.50,-126.50,15.1962,31.4374
26398741,-143.50,-142.50,7.7719,29.4342
26402647,-143.50,-140.50,1.7157,17.4791
26406553,-104.50,-134.50,4.6828,10.5101
26410459,-109.50,-145.50,20.5697,11.0236
26414365,-130.50,-145.50,32.1242,10.5422
26418271,-114.50,-142.50,30.5977,7.7534
26422177,-97.50,-144.50,29.9637,5.6606
26426083,-107.50,-120.50,33.8460,8.8108
26429989,-116.50,-100.50,33.7395,22.7671
26433895,-124.50,-112.50,29.0521,38.5810
26437801,-93.50,-118.50,28.8462,41.6548
26441707,-95.50,-114.50,36.4037,35.4659
26445613,-104.50,-105.50,40.3820,32.6353
26449519,-116.50,-113.50,35.1607,34.5806
26453425,-117.50,-146.50,28.2375,29.5325
26457331,-130.50,-160.50,22.5623,11.6005
26461237,-132.50,-131.50,14.2527,-2.8248
26465143,-122.50,-130.50,6.7614,-0.2053
26469049,-109.50,-143.50,9.0725,6.7232
26472955,-117.50,-159.50,18.8344,3.6890
26476861,-109.50,-160.50,26.3498,-5.9969
26480767,-98.50,-158.50,30.3628,-13.2717
26484673,-84.50,-143.50,35.2035,-13.4922
26488579,-70.50,-129.50,44.2452,-5.4543
26492485,-82.50,-151.50,54.4240,3.0664
26496391,-96.50,-146.50,55.8534,3.4256
26500297,-94.50,-123.50,47.4722,4.0835
26504203,-110.50,-116.50,35.2724,12.3402
26508109,-111.50,-111.50,23.1082,21.7184
26512015,-104.50,-111.50,18.0964,27.9866
26515921,-126.50,-141.50,18.5822,26.9653
26519827,-143.50,-168.50,11.2769,11.4168
26523733,-143.50,-166.50,-4.0037,-11.8477
26527639,-128.50,-191.50,-12.9149,-31.2158
26531545,-114.50,-197.50,-6.9250,-45.8666
26535451,-136.50,-177.50,3.5595,-50.3332
26539357,-127.50,-165.50,5.6718,-40.1235
26543263,-108.50,-160.50,6.1443,-25.9760
26547169,-88.50,-156.50,14.9445,-17.6992
26551075,-96.50,-153.50,27.1590,-13.6127
26554981,-79.50,-147.50,36.6227,-8.8171
26558887,-96.50,-153.50,42.0413,-4.3788
26562793,-109.50,-143.50,37.2260,-3.1278
26566699,-113.50,-159.50,23.2791,-5.4127
26570605,-111.50,-163.50,12.1127,-11.5386
26574511,-96.50,-125.50,12.1503,-10.6419
26578417,-79.50,-107.50,23.9428,7.0278
26582323,-111.50,-167.50,32.9998,17.8525
26586229,-152.50,-198.50,19.4296,-3.1594
26590135,-129.50,-180.50,-5.7637,-33.6008
26594041,-124.50,-220.50,-14.6561,-50.3891
26597947,-107.50,-206.50,-5.5786,-60.8491
26601853,-124.50,-178.50,4.7139,-60.7027
26605759,-114.50,-201.50,7.1054,-50.3715
26609665,-99.50,-182.50,9.3269,-43.2508
26613571,-111.50,-146.50,14.5167,-31.5931
26617477,-114.50,-143.50,14.3608,-11.1514
26621383,-94.50,-126.50,13.1151,6.0514
26625289,-86.50,-122.50,19.7237,17.3173
26629195,-80.50,-132.50,30.2360,23.1037
26633101,-96.50,-137.50,34.8428,21.2443
26637007,-100.50,-124.50,29.8874,17.2724
26640913,-98.50,-111.50,22.2617,19.3743
26644819,-106.50,-113.50,17.2071,26.3224
26648725,-80.50,-107.50,17.3148,32.7200
26652631,-79.50,-116.50,25.4654,36.0798
26656537,-96.50,-113.50,31.6673,34.8102
26660443,-94.50,-111.50,28.2946,31.3275
26664349,-120.50,-100.50,18.4199,30.9768
26668255,-85.50,-92.50,10.4005,36.8539
26672161,-85.50,-112.50,14.4024,42.3484
26676067,-68.50,-133.50,26.4498,35.5517
26679973,-46.50,-121.50,41.7069,21.1014
26683879,-36.50,-111.50,59.2826,15.0038
26687785,-60.50,-127.50,67.6234,16.6839
26691691,-54.50,-110.50,61.6682,18.9943
26695597,-57.50,-91.50,53.1366,27.0433
26699503,-69.50,-120.50,47.2346,34.4947
26703409,-83.50,-121.50,38.6277,28.3703
26707315,-94.50,-121.50,26.2219,17.5036
26711221,-108.50,-142.50,12.3728,9.8894
26715127,-64.50,-136.50,7.6899,2.7970
26719033,-47.50,-121.50,22.5831,1.0782
26722939,-37.50,-113.50,45.7561,7.5694
26726845,-47.50,-124.50,59.4983,14.0743
26730751,-48.50,-121.50,60.1307,15.2149
26734657,-68.50,-116.50,51.4695,15.4790
26738563,-84.50,-148.50,35.6743,11.7421
26742469,-80.50,-148.50,19.7291,-1.6882
26746375,-79.50,-193.50,12.9523,-21.6045
26750281,-100.50,-181.50,10.4270,-41.4486
26754187,-111.50,-170.50,2.0013,-48.3143
26758093,-108.50,-161.50,-9.0248,-40.7572
26761999,-106.50,-148.50,-14.4250,-29.1793
26765905,-98.50,-124.50,-12.9881,-14.7258
26769811,-101.50,-112.50,-8.3264,3.9892
26773717,-104.50,-128.50,-5.6491,17.3182
26777623,-101.50,-124.50,-6.0163,17.4353
26781529,-99.50,-129.50,-6.5834,11.1342
26785435,-78.50,-120.50,-3.0040,7.2989
26789341,-108.50,-111.50,1.1936,10.4586
26793247,-110.50,-104.50,-3.4550,19.2563
26797153,-95.50,-97.50,-9.4723,28.1814
26801059,-101.50,-97.50,-8.7027,33.5878
26804965,-116.50,-102.50,-10.1945,33.9726
26808871,-111.50,-120.50,-16.4613,28.2533
26812777,-100.50,-147.50,-17.5146,14.1820
26816683,-101.50,-143.50,-11.8187,-3.5503
26820589,-104.50,-139.50,-8.1673,-13.5485
26824495,-94.50,-157.50,-7.8690,-17.1127
26828401,-90.50,-148.50,-5.0829,-20.4501
26832307,-79.50,-132.50,1.8275,-17.6056
26836213,-34.50,-110.50,16.9495,-4.3991
26840119,-9.50,-80.50,43.5254,16.0827
26844025,-78.50,-133.50,57.6349,28.0100
26847931,-133.50,-175.50,31.8063,10.9730
26851837,-116.50,-158.50,-10.9045,-19.1626
26855743,-95.50,-126.50,-28.9489,-27.8960
26859649,-119.50,-125.50,-26.3258,-14.8751
26863555,-142.50,-164.50,-30.5620,-8.1777
26867461,-128.50,-173.50,-40.4011,-19.5592
26871367,-144.50,-175.50,-43.6578,-33.8162
26875273,-163.50,-176.50,-49.5339,-41.4081
26879179,-158.50,-178.50,-62.5757,-46.4211
26883085,-145.50,-175.50,-68.7147,-49.3682
26886991,-153.50,-164.50,-63.2987,-44.9810
26890897,-166.50,-149.50,-58.5984,-31.7639
26894803,-152.50,-154.50,-59.5994,-19.0868
26898709,-146.50,-147.50,-59.3331,-15.6861
26902615,-120.50,-138.50,-51.8463,-15.3924
26906521,-106.50,-143.50,-34.7698,-11.1667
26910427,-111.50,-142.50,-16.2358,-6.1090
26914333,-106.50,-128.50,-7.0642,-1.9069
26918239,-96.50,-145.50,-5.0620,-1.1071
26922145,-99.50,-148.50,-4.5611,-7.4458
26926051,-92.50,-140.50,-3.0842,-12.5238
26929957,-95.50,-125.50,0.9091,-6.7420
26933863,-98.50,-153.50,3.8022,-0.2896
26937769,-104.50,-143.50,0.9253,-5.0671
26941675,-106.50,-153.50,-6.2539,-13.6614
26945581,-111.50,-146.50,-12.5489,-17.1085
26949487,-106.50,-145.50,-13.9628,-14.3185
26953393,-96.50,-164.50,-9.4100,-12.9554
26957299,-95.50,-140.50,-2.9883,-16.1467
26961205,-105.50,-142.50,-1.9960,-15.0995
26965111,-111.50,-144.50,-7.4576,-10.6364
26969017,-111.50,-149.50,-12.8070,-8.5488
26972923,-129.50,-175.50,-17.1791,-13.4795
26976829,-126.50,-186.50,-24.4040,-28.4846
26980735,-114.50,-164.50,-28.9403,-41.2486
26984641,-111.50,-164.50,-25.3578,-39.7662
26988547,-126.50,-177.50,-20.5737,-33.3263
26992453,-136.50,-186.50,-23.0822,-34.0376
26996359,-140.50,-181.50,-31.6752,-39.5001
27000269,-138.50,-173.50,-39.8176,-41.8540
27004175,-153.50,-175.50,-45.8196,-39.7343
27008081,-173.50,-170.50,-54.1008,-35.6588
27011987,-175.50,-187.50,-64.3526,-33.2348
27015893,-201.50,-228.50,-75.2647,-43.1445
27019799,-182.50,-196.50,-85.5579,-60.6506
27023705,-174.50,-162.50,-86.2589,-59.7228
27027611,-175.50,-169.50,-77.6301,-40.0959
27031517,-161.50,-160.50,-66.7953,-22.9733
27035423,-153.50,-148.50,-55.1353,-11.8049
27039329,-165.50,-172.50,-48.5484,-7.6815
27043235,-158.50,-149.50,-50.0496,-11.7264
27047141,-163.50,-139.50,-52.2739,-10.7493
27051047,-175.50,-134.50,-53.5791,-0.6132
27054953,-170.50,-162.50,-56.1458,5.2162
27058859,-174.50,-194.50,-58.3841,-6.6507
27062765,-159.50,-239.50,-57.9955,-37.8192
27066671,-150.50,-239.50,-51.2419,-73.4715
27070577,-141.50,-207.50,-38.8619,-88.0396
27074483,-136.50,-182.50,-26.5551,-72.0484
27078389,-142.50,-170.50,-20.2869,-43.0875
27082295,-136.50,-158.50,-20.7198,-19.8150
27086201,-128.50,-140.50,-20.3594,-4.3174
27090107,-129.50,-142.50,-15.6183,6.4925
27094013,-128.50,-148.50,-10.6771,10.3085
27097919,-113.50,-154.50,-6.1464,7.0834
27101825,-129.50,-161.50,-3.1701,0.6583
27105731,-161.50,-148.50,-11.1897,-3.5359
27109637,-161.50,-156.50,-28.4995,-3.1569
27113543,-148.50,-152.50,-37.9698,-1.9892
27117449,-141.50,-146.50,-33.9238,0.1629
27121355,-132.50,-143.50,-24.7294,4.7954
27125261,-144.50,-161.50,-18.4823,5.6915
27129167,-152.50,-169.50,-19.2513,-2.0940
27133073,-148.50,-193.50,-23.3653,-16.1059
27136979,-162.50,-207.50,-27.9399,-33.0009
27140885,-140.50,-185.50,-31.2546,-43.5217
27144791,-141.50,-152.50,-27.6408,-35.2253
27148697,-147.50,-143.50,-21.1388,-12.8016
27152603,-117.50,-131.50,-13.6759,8.3638
27156509,-124.50,-150.50,-3.0812,18.6113
27160415,-126.50,-169.50,1.9030,13.0580
27164321,-106.50,-175.50,3.0027,-3.1230
27168227,-96.50,-166.50,11.4062,-15.7341
27172133,-120.50,-143.50,19.6652,-13.9678
27176039,-113.50,-136.50,17.2563,0.7862
27179945,-100.50,-142.50,13.4417,14.9495
27183851,-102.50,-154.50,15.7942,17.1584
27187757,-113.50,-140.50,17.6725,11.8063
27191663,-117.50,-122.50,14.8075,12.7456
27195569,-114.50,-124.50,10.8358,21.9034
27199475,-121.50,-127.50,7.4310,29.2914
27203381,-138.50,-127.50,0.3616,30.9362
27207287,-157.50,-134.50,-12.5343,28.1919
27211193,-173.50,-150.50,-28.0927,19.8634
27215099,-178.50,-176.50,-41.8625,4.2978
27219005,-169.50,-220.50,-49.3739,-20.0701
27222911,-192.50,-243.50,-53.1811,-51.0845
27226817,-182.50,-254.50,-57.4281,-78.8923
27230723,-181.50,-238.50,-56.8732,-92.8519
27234629,-218.50,-236.50,-58.0043,-90.8631
27238535,-272.50,-278.50,-79.6623,-88.5598
27242441,-322.50,-316.50,-123.5623,-104.2851
27246347,-376.50,-348.50,-175.7486,-135.7741
27250253,-425.50,-387.50,-226.0406,-172.6929
27254159,-440.50,-431.50,-266.7936,-211.6584
27258065,-495.50,-490.50,-297.9274,-253.2321
27261971,-552.50,-526.50,-333.4469,-295.0154
27265877,-581.50,-559.50,-374.3453,-330.9571
27269783,-612.50,-596.50,-407.5360,-361.8685
27273689,-644.50,-607.50,-432.2041,-388.4625
27277595,-685.50,-645.50,-456.7597,-407.9092
27281501,-703.50,-684.50,-481.6277,-426.4807
27285407,-687.50,-665.50,-493.4789,-441.3852
27289313,-687.50,-681.50,-485.5040,-443.8892
27293219,-690.50,-741.50,-470.5827,-451.1095
27297125,-692.50,-709.50,-460.0257,-466.3656
27301031,-690.50,-709.50,-452.3180,-464.3572
27304937,-678.50,-741.50,-441.6576,-452.6013
27308843,-623.50,-728.50,-418.1989,-450.2043
27312749,-658.50,-716.50,-388.3624,-446.4261
27316655,-689.50,-726.50,-379.6934,-435.0030
27320561,-691.50,-714.50,-391.5325,-421.6599
27324467,-653.50,-688.50,-393.2171,-403.0448
27328373,-671.50,-702.50,-377.9568,-382.4961
27332279,-669.50,-704.50,-364.8247,-372.3325
27336185,-678.50,-735.50,-359.1800,-374.4391
27340091,-687.50,-731.50,-356.0432,-380.9133
27343997,-670.50,-749.50,-351.2583,-384.1556
27347903,-657.50,-709.50,-339.3501,-378.5867
27351809,-636.50,-701.50,-320.1526,-359.7959
27355715,-592.50,-666.50,-290.9233,-331.0195
27359621,-558.50,-640.50,-249.0939,-295.6099
27363527,-516.50,-589.50,-201.9328,-253.3973
27367433,-512.50,-573.50,-162.3714,-210.4771
27371339,-488.50,-585.50,-136.9554,-182.4655
27375245,-512.50,-585.50,-123.9643,-174.7156
27379151,-512.50,-576.50,-122.0569,-172.1312
27383057,-477.50,-559.50,-118.4655,-162.2033
27386963,-460.50,-540.50,-101.1540,-144.9705
27390869,-456.50,-514.50,-79.8073,-123.1726
27394775,-420.50,-520.50,-59.3722,-101.6214
27398681,-368.50,-512.50,-27.6699,-86.5015
27402587,-319.50,-485.50,18.9942,-72.9086
27406493,-335.50,-472.50,59.5609,-55.1241
27410399,-312.50,-463.50,77.6455,-38.3178
27414305,-239.50,-383.50,96.9138,-13.3202
27418211,-220.50,-337.50,136.0254,35.3418
27422117,-218.50,-317.50,171.5969,90.5751
27426023,-160.50,-280.50,194.5026,130.6604
27429929,-123.50,-249.50,223.5588,160.0431
27433835,-127.50,-207.50,254.5402,189.6705
27437741,-112.50,-141.50,271.5454,229.0734
27441647,-66.50,-96.50,284.6707,279.7883
27445553,-33.50,-83.50,308.5336,325.0299
27449459,-26.50,-90.50,334.7844,346.6573
27453365,-5.50,-79.50,352.5296,347.7904
27457271,18.50,-40.50,367.0534,350.1189
27461177,40.50,-17.50,383.7911,366.3238
27465083,67.50,21.50,401.1149,391.2554
27468989,66.50,47.50,414.3301,418.9087
27472895,85.50,83.50,421.3816,446.7044
27476801,112.50,107.50,430.4527,472.5956
27480707,143.50,157.50,447.5977,497.9999
27484613,154.50,175.50,466.0484,523.9674
27488519,159.50,179.50,476.1609,542.1598
27492425,157.50,178.50,476.5503,546.2258
27496331,164.50,162.50,472.6556,537.7271
27500237,178.50,134.50,470.3693,516.3413
27504143,175.50,128.50,469.0123,487.0626
27508049,179.50,123.50,464.4857,462.5145
27511955,171.50,114.50,457.4348,446.9649
27515861,149.50,103.50,445.8090,434.4085
27519767,119.50,91.50,423.4089,419.4749
27523673,103.50,75.50,391.8463,400.4843
27527579,48.50,48.50,354.3797,376.6798
27531485,22.50,10.50,311.8105,346.1762
27535391,-15.50,-8.50,270.7589,311.6548
27539297,-58.50,-79.50,231.4204,272.0311
27543203,-128.50,-142.50,183.3451,217.3320
27547109,-226.50,-182.50,116.0376,154.0146
27551015,-300.50,-245.50,32.5761,95.6171
27554921,-335.50,-302.50,-44.0249,39.8697
27558827,-378.50,-353.50,-98.2545,-15.8023
27562733,-448.50,-396.50,-143.2056,-67.4444
27566639,-489.50,-444.50,-192.0168,-113.7233
27570545,-487.50,-489.50,-230.2994,-156.9447
27574451,-485.50,-512.50,-242.6195,-194.8832
27578357,-466.50,-490.50,-234.7507,-215.0854
27582263,-473.50,-488.50,-220.8941,-212.0053
27586169,-490.50,-512.50,-214.1508,-203.5772
27590075,-482.50,-477.50,-214.4109,-198.3996
27593981,-452.50,-437.50,-207.4015,-179.6783
27597887,-448.50,-465.50,-190.2414,-153.9118
27601793,-456.50,-512.50,-176.8166,-152.8380
27605699,-463.50,-474.50,-173.6077,-169.3505
27609605,-449.50,-467.50,-171.4750,-169.8186
27613511,-419.50,-448.50,-159.2550,-152.9384
27617417,-424.50,-448.50,-141.1653,-134.8626
27621323,-416.50,-447.50,-129.2556,-123.1446
27625229,-413.50,-437.50,-121.7942,-115.7066
27629135,-432.50,-430.50,-116.8479,-107.2927
27633041,-405.50,-412.50,-114.2712,-96.5576
27636947,-404.50,-405.50,-107.9706,-83.7849
27640853,-392.50,-408.50,-98.8876,-72.7466
27644759,-371.50,-373.50,-85.8396,-60.9567
27648665,-388.50,-364.50,-70.6479,-42.5599
27652571,-402.50,-405.50,-66.7547,-32.9472
27656477,-360.50,-360.50,-68.2663,-36.2706
27660383,-335.50,-344.50,-55.4720,-28.2988
27664289,-341.50,-364.50,-33.6801,-12.4087
27668195,-330.50,-338.50,-17.5534,-4.1596
27672101,-336.50,-342.50,-8.4754,1.9521
27676007,-329.50,-319.50,-5.6692,10.2326
27679913,-324.50,-292.50,-6.1159,24.8880
27683819,-295.50,-264.50,-0.4251,48.8417
27687725,-258.50,-253.50,21.2313,74.6341
27691631,-232.50,-209.50,55.8238,98.9429
27695537,-211.50,-207.50,88.4308,122.4840
27699443,-170.50,-155.50,114.4116,145.3141
27703349,-152.50,-130.50,139.2476,173.0499
27707255,-98.50,-66.50,168.5162,209.3178
27711161,-90.50,-42.50,201.7730,250.5271
27715067,-60.50,16.50,228.9225,290.9760
27718973,-15.50,54.50,251.7351,330.9098
27722879,-1.50,85.50,276.4415,367.9664
27726785,20.50,114.50,298.1497,397.1250
27730691,31.50,135.50,314.8501,419.1439
27734597,77.50,186.50,331.9079,440.4184
27738503,123.50,243.50,357.4410,471.7319
27742409,147.50,238.50,388.5858,504.9762
27746315,147.50,242.50,411.4206,519.4967
27750221,165.50,267.50,421.9415,520.0099
27754127,179.50,268.50,427.9463,520.4322
27758033,199.50,261.50,433.6486,516.6694
27761939,221.50,281.50,440.4575,508.7336
27765845,223.50,272.50,448.3833,503.6193
27769751,221.50,256.50,452.4082,495.2971
27773657,227.50,240.50,450.4142,476.8661
27777563,229.50,241.50,444.2346,454.2760
27781469,240.50,263.50,436.7048,440.5216
27785375,243.50,272.50,432.1029,440.9793
27789281,236.50,272.50,429.6248,446.0365
27793187,242.50,254.50,425.6019,442.6259
27797093,252.50,265.50,420.8622,430.0648
27800999,272.50,257.50,418.8494,416.7673
27804905,271.50,272.50,420.0653,407.4314
27808811,263.50,291.50,419.1439,406.7460
27812717,267.50,303.50,413.6636,414.6723
27816623,267.50,275.50,405.8322,416.6451
27820529,272.50,265.50,396.3518,401.2516
27824435,267.50,266.50,386.4483,378.6521
27828341,255.50,243.50,376.3618,358.9318
27832247,258.50,237.50,366.4984,339.7063
27836153,241.50,215.50,355.2325,319.6315
27840059,222.50,202.50,335.7891,297.8979
27843965,211.50,179.50,309.8911,273.8319
27847871,198.50,197.50,287.3757,253.9507
27851777,191.50,182.50,271.6414,243.8016
27855683,176.50,170.50,257.7347,234.9292
27859589,186.50,166.50,243.3492,221.8118
27863495,194.50,182.50,234.8200,212.2882
27867401,181.50,195.50,232.0243,212.4605
27871307,175.50,168.50,226.9890,212.8700
27875213,165.50,145.50,216.8235,199.3015
27879119,173.50,131.50,204.5393,175.0705
27883025,162.50,119.50,193.4325,151.3056
27886931,146.50,126.50,181.4271,134.1704
27890837,133.50,119.50,166.9914,125.0687
27894743,113.50,112.50,150.2184,119.1338
27898649,109.50,117.50,130.9398,114.0729
27902555,112.50,111.50,114.7519,110.1297
27906461,96.50,78.50,104.4046,98.8299
27910367,103.50,49.50,98.0662,73.2113
27914273,79.50,33.50,92.3515,42.1663
27918179,57.50,28.50,77.6513,19.1566
27922085,50.50,28.50,54.2471,7.5275
27925991,27.50,20.50,31.8651,1.3777
27929897,13.50,20.50,13.1766,-4.3087
27933803,14.50,16.50,0.0387,-8.7049
27937709,-0.50,22.50,-8.7245,-10.2306
27941615,19.50,26.50,-15.1100,-9.2472
27945521,23.50,21.50,-14.2785,-9.2705
27949427,15.50,4.50,-9.3425,-15.3201
27953333,-4.50,-12.50,-11.2028,-28.3182
27957239,-0.50,16.50,-20.9050,-37.5330
27961145,-2.50,18.50,-30.6040,-33.7273
27965051,-7.50,-15.50,-37.3775,-32.2098
27968957,-5.50,-9.50,-41.2170,-43.5534
27972863,7.50,21.50,-38.6204,-48.2397
27976769,7.50,-32.50,-31.4333,-45.8846
27980675,-6.50,-54.50,-30.2223,-61.1287
27984581,-4.50,-45.50,-37.8634,-86.0618
27988487,17.50,-27.50,-41.0004,-94.8260
27992393,58.50,-0.50,-26.0727,-82.5869
27996299,53.50,22.50,-1.1641,-58.3776
28000205,-16.50,-13.50,1.0425,-41.8419
28004111,-51.50,-49.50,-34.2688,-52.3386
28008017,-42.50,-56.50,-75.8346,-81.0129
28011923,-31.50,-63.50,-92.2676,-104.7114
28015829,-30.50,-45.50,-88.3303,-113.1497
28019735,-33.50,-47.50,-81.8014,-108.5781
28023641,-19.50,-37.50,-76.7433,-99.4393
28027547,-18.50,-56.50,-69.9076,-94.5010
28031453,-46.50,-59.50,-69.6341,-98.8739
28035359,-61.50,-70.50,-84.0716,-109.3111
28039269,-63.50,-58.50,-102.7044,-117.0391
28043175,-77.50,-63.50,-114.5571,-117.3395
28047081,-36.50,-47.50,-114.1902,-111.7780
28050987,-68.50,-29.50,-105.4327,-100.6994
28054893,-71.50,-22.50,-105.6254,-86.7238
28058799,-57.50,-61.50,-111.4545,-83.4790
28062705,-56.50,-66.50,-109.4625,-96.9586
28066611,-63.50,-50.50,-105.1642,-109.4038
28070517,-84.50,-56.50,-108.9472,-109.8085
28074423,-90.50,-63.50,-120.9990,-108.9881
28078329,-86.50,-70.50,-131.0689,-113.2953
28082235,-89.50,-84.50,-133.5468,-120.3439
28086141,-82.50,-77.50,-131.4917,-126.3824
28090047,-91.50,-81.50,-129.0680,-128.7444
28093953,-81.50,-95.50,-127.6687,-132.2049
28097859,-96.50,-88.50,-127.3079,-137.7833
28101765,-88.50,-70.50,-128.8132,-135.5435
28105671,-84.50,-55.50,-128.5336,-121.9747
28109577,-79.50,-64.50,-124.2698,-108.5319
28113483,-70.50,-62.50,-117.6516,-104.9833
28117389,-79.50,-60.50,-111.8490,-106.3430
28121295,-74.50,-104.50,-110.0478,-113.0229
28125201,-60.50,-109.50,-107.4938,-130.2588
28129107,-44.50,-111.50,-98.4522,-147.1694
28133013,-40.50,-106.50,-85.8257,-153.8024
28136919,-28.50,-86.50,-74.4500,-149.0901
28140825,-9.50,-66.50,-62.5361,-132.9271
28144731,16.50,-63.50,-45.9632,-112.8619
28148637,14.50,-47.50,-28.9708,-97.6370
28152543,-13.50,-46.50,-24.9916,-88.1889
28156449,-33.50,-72.50,-39.1027,-88.2585
28160355,-56.50,-80.50,-62.1319,-99.5375
28164261,-74.50,-93.50,-85.9237,-113.3823
28168167,-82.50,-126.50,-106.0863,-128.8601
28172073,-95.50,-128.50,-119.9535,-147.9340
28175979,-94.50,-118.50,-127.2804,-159.4557
28179885,-97.50,-111.50,-128.7709,-156.4299
28183791,-92.50,-105.50,-127.2410,-145.5357
28187697,-54.50,-54.50,-119.0167,-127.1913
28191603,-16.50,-15.50,-95.4597,-94.9815
28195509,-51.50,-79.50,-70.5214,-71.0901
28199415,-50.50,-94.50,-65.3884,-81.5359
28203321,-76.50,-111.50,-76.5349,-108.8199
28207227,-79.50,-132.50,-93.3243,-132.2052
28211133,-91.50,-122.50,-108.8196,-148.2037
28215039,-90.50,-110.50,-117.8923,-150.7188
28218945,-112.50,-121.50,-122.6741,-143.1984
28222851,-111.50,-114.50,-127.9695,-135.9122
28226757,-104.50,-96.50,-131.4574,-128.1316
28230663,-111.50,-124.50,-131.7958,-123.5342
28234569,-112.50,-139.50,-132.5171,-132.4372
28238475,-111.50,-124.50,-131.9666,-144.0967
28242381,-121.50,-130.50,-130.3429,-144.1929
28246287,-129.50,-156.50,-133.1423,-143.7825
28250193,-148.50,-168.50,-143.0655,-155.0674
28254099,-156.50,-178.50,-156.6527,-171.1599
28258005,-154.50,-175.50,-165.2485,-180.7476
28261911,-145.50,-175.50,-163.4478,-180.5763
28265817,-128.50,-161.50,-153.1720,-173.5115
28269723,-123.50,-166.50,-140.0757,-164.9897
28273629,-162.50,-173.50,-136.6197,-161.6923
28277535,-150.50,-153.50,-145.3088,-159.9207
28281441,-144.50,-161.50,-149.5929,-153.2632
28285347,-129.50,-144.50,-142.8407,-144.9031
28289253,-142.50,-125.50,-135.0556,-133.6727
28293159,-128.50,-97.50,-131.1219,-115.2084
28297065,-132.50,-112.50,-126.1133,-96.5836
28300971,-114.50,-130.50,-117.6564,-91.8868
28304877,-113.50,-153.50,-108.2375,-103.8835
28308783,-111.50,-175.50,-102.1861,-125.0968
28312689,-110.50,-156.50,-99.6074,-142.2301
28316595,-98.50,-149.50,-94.5852,-142.7940
28320501,-88.50,-143.50,-84.4295,-131.1524
28324407,-73.50,-150.50,-72.0507,-120.1342
28328313,-94.50,-163.50,-65.4410,-118.2733
28332219,-89.50,-154.50,-68.0411,-123.1657
28336125,-98.50,-159.50,-72.2357,-126.2770
28340031,-89.50,-170.50,-72.8440,-127.9450
28343937,-86.50,-160.50,-70.4164,-128.6896
28347843,-92.50,-158.50,-68.5784,-124.6934
28351749,-89.50,-181.50,-68.8811,-123.0216
28355655,-98.50,-160.50,-68.9127,-126.6135
28359561,-96.50,-132.50,-69.1538,-120.2224
28363467,-101.50,-177.50,-70.9179,-108.8302
28367373,-111.50,-187.50,-75.8270,-113.7766
28371279,-110.50,-173.50,-81.9303,-125.7700
28375185,-120.50,-143.50,-85.2026,-122.9888
28379091,-110.50,-79.50,-85.1171,-96.3373
28382997,-46.50,-44.50,-71.8366,-49.7715
28386903,-99.50,-140.50,-51.6657,-21.6791
28390809,-172.50,-241.50,-62.3962,-56.3548
28394715,-173.50,-209.50,-102.7880,-123.8888
28398621,-138.50,-188.50,-126.4847,-157.3143
28402527,-171.50,-234.50,-125.5317,-158.5061
28406433,-192.50,-264.50,-130.2167,-166.5791
28410339,-210.50,-287.50,-146.4097,-185.4538
28414245,-230.50,-299.50,-161.9335,-203.5408
28418151,-238.50,-303.50,-174.4888,-218.3713
28422057,-239.50,-300.50,-184.6198,-227.7880
28425963,-233.50,-303.50,-189.2805,-227.7135
28429869,-203.50,-271.50,-180.6144,-213.6867
28433775,-182.50,-259.50,-155.3454,-188.0473
28437681,-175.50,-249.50,-126.6269,-165.9664
28441587,-168.50,-232.50,-109.4433,-153.7486
28445493,-161.50,-222.50,-102.9633,-141.8133
28449399,-149.50,-210.50,-96.7738,-124.2958
28453305,-153.50,-201.50,-86.9242,-105.3061
28457211,-149.50,-222.50,-78.6877,-97.1683
28461117,-142.50,-197.50,-74.4266,-100.7293
28465023,-126.50,-186.50,-69.7182,-97.7885
28468929,-114.50,-193.50,-59.5672,-84.7791
28472835,-104.50,-194.50,-44.2571,-74.6052
28476741,-111.50,-190.50,-31.3177,-71.8727
28480647,-104.50,-179.50,-26.7890,-71.7972
28484553,-115.50,-180.50,-29.3817,-69.1353
28488459,-114.50,-172.50,-34.8256,-62.0076
28492365,-112.50,-165.50,-36.7565,-50.8837
28496271,-130.50,-142.50,-36.4166,-37.7194
28500177,-136.50,-127.50,-41.7176,-23.9069
28504083,-139.50,-138.50,-51.1244,-13.9421
28507989,-148.50,-154.50,-59.1701,-13.2648
28511895,-156.50,-156.50,-64.9090,-18.6248
28515801,-150.50,-143.50,-66.9098,-21.6965
28519707,-138.50,-141.50,-62.7763,-20.5075
28523613,-140.50,-153.50,-56.0050,-20.6101
28527519,-141.50,-159.50,-52.5460,-23.6548
28531425,-124.50,-156.50,-48.5924,-24.5136
28535331,-140.50,-185.50,-42.0102,-27.4738
28539237,-142.50,-194.50,-40.9108,-41.6740
28543143,-142.50,-208.50,-45.5215,-60.8941
28547049,-136.50,-186.50,-48.2197,-69.0841
28550955,-157.50,-193.50,-49.3227,-61.5659
28554861,-152.50,-190.50,-52.2976,-51.6380
28558767,-162.50,-197.50,-55.4911,-50.0856
28562673,-157.50,-239.50,-58.2732,-61.4312
28566579,-143.50,-241.50,-57.4114,-81.8032
28570485,-138.50,-227.50,-49.4412,-92.1175
28574391,-136.50,-195.50,-38.9281,-81.6872
28578297,-159.50,-192.50,-35.3170,-61.1896
28582203,-154.50,-194.50,-41.6526,-47.0776
28586109,-129.50,-174.50,-44.5969,-38.5924
28590015,-125.50,-165.50,-35.3565,-25.8388
28593921,-126.50,-160.50,-23.1603,-12.4536
28597827,-134.50,-149.50,-17.3752,-4.5492
28601733,-148.50,-153.50,-20.8337,-0.6645
28605639,-133.50,-140.50,-28.0427,3.7013
28609545,-114.50,-126.50,-26.4749,13.8321
28613451,-121.50,-127.50,-16.1440,25.8177
28617357,-126.50,-184.50,-8.9257,21.1242
28621263,-111.50,-160.50,-5.7590,-0.2456
28625169,-105.50,-168.50,-0.6794,-12.6354
28629075,-124.50,-153.50,1.1472,-9.1767
28632981,-134.50,-143.50,-6.2136,1.2091
28636887,-121.50,-144.50,-13.0747,11.0120
28640793,-112.50,-147.50,-9.3526,14.5678
28644699,-124.50,-159.50,-3.1094,12.2700
28648605,-143.50,-158.50,-7.4851,7.3753
28652511,-158.50,-190.50,-21.7195,-1.4701
28656417,-170.50,-180.50,-36.5737,-14.7594
28660323,-139.50,-181.50,-41.3481,-22.5197
28664229,-122.50,-154.50,-30.1605,-17.1203
28668135,-130.50,-158.50,-14.8160,-2.9392
28672041,-140.50,-146.50,-9.6426,9.5251
28675947,-132.50,-166.50,-10.8122,13.1250
28679853,-70.50,-132.50,0.1430,13.1171
28683759,-43.50,-97.50,30.9961,26.1690
28687665,-89.50,-97.50,54.5872,50.6847
28691571,-172.50,-175.50,37.0690,54.3776
28695477,-142.50,-136.50,-4.1169,32.3464
28699383,-173.50,-130.50,-30.4701,20.5504
28703289,-176.50,-146.50,-44.8502,23.3345
28707195,-160.50,-125.50,-53.1721,25.6299
28711101,-184.50,-137.50,-51.5569,29.5968
28715007,-182.50,-137.50,-48.6646,32.4226
28718913,-164.50,-129.50,-45.2557,32.6565
28722819,-145.50,-111.50,-37.0117,36.2710
28726725,-165.50,-137.50,-30.4587,39.7804
28730631,-177.50,-158.50,-32.6921,32.4676
28734537,-170.50,-154.50,-36.2716,19.1156
28738443,-170.50,-168.50,-34.6073,9.5302
28742349,-158.50,-162.50,-32.2654,2.5715
28746255,-159.50,-160.50,-31.0243,-0.5967
28750161,-156.50,-162.50,-27.6596,1.4537
28754067,-143.50,-144.50,-18.1730,8.3157
28757973,-111.50,-147.50,-0.7016,17.7692
28761879,-131.50,-127.50,13.8659,25.3548
28765785,-144.50,-113.50,10.8353,34.1717
28769691,-152.50,-128.50,-2.3888,43.0285
28773597,-111.50,-180.50,-2.7704,36.6579
28777503,-156.50,-181.50,6.9044,12.8083
28781409,-168.50,-175.50,0.0415,-7.7565
28785315,-146.50,-161.50,-16.3169,-12.0040
28789221,-132.50,-156.50,-15.6431,-3.9225
28793127,-132.50,-175.50,-0.3900,4.7366
28797033,-137.50,-164.50,11.4284,6.9485
28800939,-130.50,-168.50,13.2489,6.0843
28804845,-128.50,-162.50,11.2523,4.0387
28808751,-164.50,-162.50,5.1559,3.0338
28812657,-137.50,-145.50,-2.6133,8.6285
28816563,-132.50,-138.50,0.4624,21.5187
28820469,-136.50,-126.50,8.6338,34.6784
28824375,-142.50,-144.50,8.8226,38.8084
28828281,-154.50,-161.50,2.3403,29.8152
28832187,-172.50,-169.50,-6.8477,15.4674
28836093,-171.50,-162.50,-16.1332,7.6591
28839999,-161.50,-165.50,-20.6928,7.0849
28843905,-173.50,-161.50,-21.6149,7.1589
28847811,-180.50,-159.50,-24.6993,7.3218
28851717,-194.50,-159.50,-30.0728,10.3226
28855623,-194.50,-143.50,-35.3872,17.3215
28859529,-192.50,-153.50,-39.1624,24.3402
28863435,-214.50,-180.50,-44.8815,19.5495
28867341,-211.50,-186.50,-53.6988,2.7096
28871247,-200.50,-180.50,-55.2219,-9.5241
28875153,-206.50,-187.50,-48.0450,-10.7084
28879059,-187.50,-178.50,-40.5206,-8.2661
28882965,-181.50,-181.50,-33.1333,-6.5662
28886871,-185.50,-207.50,-26.4480,-10.4411
28890777,-175.50,-200.50,-20.7402,-19.3114
28894683,-176.50,-202.50,-13.9462,-23.5706
28898589,-177.50,-197.50,-10.0805,-22.3633
28902495,-164.50,-176.50,-9.4587,-17.1973
28906401,-172.50,-180.50,-7.8436,-7.9533
28910307,-174.50,-175.50,-6.1645,0.5041
28914213,-170.50,-185.50,-4.4189,4.5787
28918119,-172.50,-204.50,-2.6670,-0.1974
28922025,-168.50,-175.50,-3.0205,-8.1250
28925931,-154.50,-175.50,-1.3045,-6.0322
28929837,-159.50,-175.50,5.4817,2.3888
28933743,-175.50,-164.50,9.1744,10.4273
28937649,-169.50,-185.50,5.4834,14.2906
28941555,-154.50,-172.50,3.2004,10.7790
28945461,-138.50,-148.50,9.7720,11.3487
28949367,-157.50,-155.50,18.9285,21.2108
28953273,-203.50,-172.50,13.6702,26.8037
28957179,-195.50,-173.50,-6.3330,22.3238
28961085,-153.50,-180.50,-14.9744,14.1128
28964991,-138.50,-174.50,-0.2498,7.3746
28968897,-146.50,-182.50,19.6130,4.1165
28972803,-146.50,-175.50,30.0370,4.6279
28976709,-136.50,-154.50,34.8825,12.0424
28980615,-117.50,-128.50,40.9022,28.4920
28984521,-108.50,-126.50,48.7216,46.4500
28988427,-100.50,-116.50,57.1780,58.0789
28992333,-86.50,-111.50,68.7812,65.8825
28996239,-89.50,-89.50,81.7007,75.8683
29000145,-72.50,-83.50,89.6022,87.9704
29004051,-68.50,-79.50,92.8028,96.1199
29007957,-91.50,-61.50,90.3308,101.4166
29011863,-110.50,-79.50,79.5367,106.4138
29015769,-110.50,-118.50,66.9820,99.4039
29019675,-98.50,-120.50,60.9423,77.7213
29023581,-106.50,-128.50,58.9965,56.6827
29027487,-118.50,-136.50,53.7069,43.3985
29031393,-133.50,-130.50,45.1427,37.6749
29035299,-113.50,-117.50,41.4910,41.8084
29039205,-121.50,-106.50,44.2797,52.9856
29043111,-122.50,-90.50,43.3023,65.0062
29047017,-105.50,-91.50,40.5021,73.9728
29050923,-106.50,-118.50,45.9301,73.7247
29054829,-107.50,-132.50,55.0607,61.4901
29058735,-102.50,-133.50,59.6262,46.1177
29062641,-90.50,-132.50,60.3190,36.1071
29066547,-97.50,-129.50,60.1272,32.1751
29070453,-79.50,-133.50,62.9615,32.3472
29074359,-106.50,-128.50,67.6675,35.1629
29078269,-111.50,-144.50,63.6736,36.3061
29082175,-98.50,-136.50,53.8019,31.9515
29086081,-108.50,-126.50,47.7037,28.5748
29089987,-120.50,-124.50,43.0283,31.7604
29093893,-124.50,-143.50,38.2090,34.8127
29097799,-136.50,-175.50,33.0508,26.2525
29101705,-157.50,-161.50,21.3644,9.2258
29105611,-171.50,-175.50,1.8227,-3.3508
29109517,-168.50,-180.50,-14.2107,-11.1086
29113423,-152.50,-175.50,-14.7315,-14.4678
29117329,-140.50,-175.50,-1.6963,-11.2785
29121235,-132.50,-162.50,12.5189,-5.1892
29125141,-137.50,-164.50,19.0262,-0.3066
29129047,-143.50,-206.50,17.9316,-5.8163
29132953,-142.50,-194.50,15.3774,-20.8548
29136859,-140.50,-173.50,15.4126,-24.9010
29140765,-126.50,-155.50,17.9424,-11.6253
29144671,-133.50,-153.50,20.7569,4.2676
29148577,-143.50,-153.50,19.6898,12.6441
29152483,-141.50,-203.50,16.4681,7.5504
29156389,-143.50,-192.50,15.3231,-9.2378
29160295,-146.50,-180.50,13.4976,-19.8695
29164201,-148.50,-196.50,8.7137,-21.4615
29168107,-140.50,-200.50,6.1616,-25.4370
29172013,-134.50,-186.50,11.0554,-26.6770
29175919,-140.50,-175.50,18.3453,-17.4101
29179825,-132.50,-160.50,20.9576,-3.3378
29183731,-136.50,-157.50,19.7156,7.0510
29187637,-142.50,-143.50,16.6354,13.8516
29191543,-137.50,-140.50,14.7926,22.5135
29195449,-128.50,-154.50,18.2175,29.3421
29199355,-133.50,-148.50,23.0032,28.2094
29203261,-129.50,-160.50,23.4394,21.2732
29207167,-124.50,-146.50,23.0845,14.9730
29211073,-127.50,-128.50,25.7055,19.4158
29214979,-126.50,-112.50,28.5741,36.2989
29218885,-141.50,-127.50,26.6204,50.7975
29222791,-143.50,-129.50,18.1517,50.5181
29226697,-127.50,-122.50,12.4660,43.2726
29230603,-129.50,-130.50,16.4486,39.9051
29234509,-146.50,-133.50,20.2189,38.8075
29238415,-111.50,-173.50,21.5037,30.5154
29242321,-95.50,-155.50,31.5938,14.4644
29246227,-79.50,-123.50,48.9996,10.5505
29250133,-89.50,-117.50,62.4354,25.7031
29254039,-108.50,-127.50,63.3592,41.1995
29257945,-110.50,-132.50,53.1734,44.5813
29261851,-93.50,-138.50,44.8303,38.7800
29265757,-66.50,-122.50,49.6708,32.8562
29269663,-74.50,-125.50,63.4616,32.7602
29273569,-79.50,-122.50,72.1485,36.1302
29277475,-111.50,-130.50,67.0377,38.6757
29281381,-122.50,-130.50,48.2414,37.8446
29285287,-128.50,-132.50,26.3808,33.7071
29289193,-132.50,-143.50,12.2133,27.0460
29293099,-144.50,-140.50,5.8150,20.4646
29297005,-133.50,-160.50,4.7622,15.6298
29300911,-127.50,-161.50,8.6804,9.1968
29304817,-133.50,-173.50,11.9295,0.2788
29308723,-129.50,-169.50,10.8206,-8.3518
29312629,-143.50,-157.50,8.2971,-10.1716
29316535,-159.50,-162.50,2.6670,-4.1060
29320441,-168.50,-162.50,-8.2533,1.3545
29324347,-182.50,-149.50,-22.4544,4.1926
29328253,-180.50,-148.50,-35.1896,7.5865
29332159,-177.50,-156.50,-39.5184,9.1383
29336065,-184.50,-174.50,-36.5785,4.7261
29339971,-175.50,-162.50,-32.8634,-1.7783
29343877,-154.50,-154.50,-26.8550,-2.0650
29347783,-137.50,-159.50,-14.6129,1.3295
29351689,-122.50,-137.50,2.3703,5.5263
29355595,-143.50,-138.50,15.1286,14.3620
29359501,-143.50,-118.50,15.5178,26.4361
29363407,-161.50,-126.50,5.9352,36.1473
29367313,-169.50,-146.50,-8.6471,34.4521
29371219,-175.50,-138.50,-21.9378,23.5663
29375125,-177.50,-126.50,-28.1709,19.7294
29379031,-175.50,-125.50,-28.0143,26.2635
29382937,-171.50,-130.50,-25.3063,31.8891
29386843,-153.50,-143.50,-20.5242,28.7993
29390749,-152.50,-146.50,-12.4350,19.5768
29394655,-148.50,-144.50,-3.9089,12.6293
29398561,-148.50,-145.50,2.3514,11.2184
29402467,-160.50,-162.50,2.9684,8.9091
29406373,-174.50,-162.50,-5.6876,1.6151
29410279,-172.50,-158.50,-17.8716,-4.1896
29414185,-162.50,-140.50,-21.9299,-1.2445
29418091,-169.50,-124.50,-17.4477,11.0223
29421997,-154.50,-111.50,-11.6172,27.2660
29425903,-145.50,-97.50,-4.7785,42.3437
29429809,-156.50,-105.50,0.4932,52.2266
29433715,-163.50,-111.50,-1.0046,52.8118
29437621,-141.50,-113.50,-2.0942,46.9268
29441527,-140.50,-112.50,4.3839,41.2582
29445433,-148.50,-111.50,9.7413,38.6208
29449339,-133.50,-120.50,10.3182,36.8751
29453245,-129.50,-127.50,14.2265,32.5742
29457151,-125.50,-128.50,21.7295,26.7040
29461057,-136.50,-130.50,25.2887,22.0650
29464963,-157.50,-143.50,18.2507,16.8992
29468869,-160.50,-125.50,3.6088,12.9931
29472775,-142.50,-133.50,-4.1705,14.6990
29476681,-142.50,-143.50,0.7511,15.4017
29480587,-142.50,-156.50,8.2190,8.4725
29484493,-128.50,-192.50,13.3110,-7.7588
29488399,-124.50,-176.50,19.5370,-26.6713
29492305,-132.50,-161.50,24.0844,-31.5022
29496211,-155.50,-162.50,19.5682,-22.5030
29500117,-148.50,-174.50,8.4872,-16.1396
29504023,-127.50,-148.50,5.1053,-13.7915
29507929,-109.50,-115.50,15.9479,-1.4403
29511835,-172.50,-177.50,21.2047,9.2611
29515741,-210.50,-217.50,-1.4597,-9.4721
29519647,-208.50,-208.50,-36.1328,-43.0289
29523553,-210.50,-197.50,-56.2165,-58.3479
29527459,-216.50,-176.50,-62.5774,-51.5330
29531365,-209.50,-175.50,-63.0539,-36.2705
29535271,-200.50,-157.50,-56.6620,-21.5492
29539177,-174.50,-128.50,-41.8878,-3.8244
29543083,-159.50,-146.50,-22.4125,12.8410
29546989,-158.50,-132.50,-7.3264,17.8373
29550895,-158.50,-149.50,-1.1750,14.4220
29554801,-150.50,-155.50,2.1571,7.4746
29558707,-143.50,-140.50,8.3877,3.4118
29562613,-120.50,-118.50,18.0403,10.5462
29566519,-104.50,-134.50,31.0580,20.9709
29570425,-111.50,-137.50,42.7643,21.7464
29574331,-110.50,-126.50,48.1057,18.7110
29578237,-122.50,-119.50,47.4487,22.3678
29582143,-129.50,-136.50,40.3944,26.0190
29586049,-154.50,-132.50,25.6190,21.8323
29589955,-160.50,-132.50,7.0766,16.3006
29593861,-159.50,-149.50,-4.6255,12.5119
29597767,-153.50,-137.50,-4.6464,8.9542
29601673,-155.50,-136.50,-0.1895,9.0821
29605579,-156.50,-141.50,0.7137,10.1411
29609485,-174.50,-153.50,-4.3673,6.3399
29613391,-176.50,-162.50,-12.5396,-1.5961
29617297,-170.50,-173.50,-16.6233,-10.6641
29621203,-160.50,-153.50,-13.6472,-15.6280
29625109,-174.50,-144.50,-10.7496,-11.3303
29629015,-174.50,-143.50,-13.5320,-2.3878
29632921,-136.50,-117.50,-10.2751,8.4419
29636827,-138.50,-115.50,6.0156,22.9462
29640733,-154.50,-114.50,16.9726,33.6768
29644639,-150.50,-109.50,13.1285,36.3237
29648545,-152.50,-126.50,6.4574,33.0276
29652451,-144.50,-177.50,5.6504,17.5796
29656357,-153.50,-165.50,8.2888,-6.5606
29660263,-148.50,-145.50,8.9758,-17.2660
29664169,-143.50,-145.50,8.9644,-10.9319
29668075,-136.50,-146.50,11.9233,-3.4265
29671981,-128.50,-171.50,18.3105,-4.0732
29675887,-130.50,-162.50,25.2324,-10.5891
29679793,-124.50,-153.50,29.2640,-13.1398
29683699,-89.50,-142.50,36.5493,-9.0003
29687605,-111.50,-144.50,47.5154,-3.3388
29691511,-138.50,-168.50,45.7248,-2.9001
29695417,-143.50,-156.50,29.7286,-7.3113
29699323,-150.50,-145.50,14.3773,-7.1195
29703229,-143.50,-129.50,6.2323,-0.2240
29707135,-143.50,-128.50,4.7752,8.2299
29711041,-142.50,-130.50,7.1622,14.7610
29714947,-142.50,-116.50,10.6340,21.2825
29718853,-126.50,-130.50,15.7105,26.3795
29722759,-112.50,-129.50,24.2528,23.0429
29726665,-102.50,-138.50,34.8732,13.7520
29730571,-105.50,-94.50,43.4814,14.0090
29734477,-47.50,-16.50,57.2512,44.2628
29738383,-52.50,-68.50,81.1292,85.5564
29742289,-141.50,-144.50,82.7553,82.6470
29746195,-141.50,-132.50,46.5737,38.8691
29750101,-126.50,-129.50,14.0738,7.4054
29754007,-153.50,-164.50,4.6384,-3.4008
29757913,-175.50,-189.50,-4.1283,-18.2801
29761819,-202.50,-239.50,-23.1217,-46.0474
29765725,-224.50,-241.50,-46.9466,-77.7513
29769631,-207.50,-244.50,-63.9129,-97.5899
29773537,-245.50,-272.50,-72.1930,-107.4907
29777443,-230.50,-242.50,-80.2264,-112.9711
29781349,-238.50,-252.50,-84.3393,-108.4080
29785255,-239.50,-234.50,-83.4033,-97.8897
29789161,-232.50,-235.50,-81.1736,-87.6424
29793067,-213.50,-232.50,-74.4172,-80.8606
29796973,-206.50,-221.50,-62.4618,-76.4148
29800879,-192.50,-207.50,-48.8212,-67.8783
29804785,-146.50,-196.50,-29.1416,-54.4314
29808691,-170.50,-206.50,-6.9198,-43.7094
29812597,-174.50,-189.50,-0.1374,-39.2122
29816503,-172.50,-180.50,-6.3822,-33.5623
29820409,-163.50,-179.50,-9.6112,-25.1597
29824315,-164.50,-175.50,-6.6896,-18.5825
29828221,-172.50,-207.50,-4.4225,-19.8408
29832127,-179.50,-211.50,-7.5220,-32.1220
29836033,-178.50,-196.50,-12.8280,-42.6681
29839939,-176.50,-192.50,-15.4049,-40.9520
29843845,-174.50,-200.50,-14.5773,-34.9433
29847751,-186.50,-198.50,-14.4420,-32.5182
29851657,-195.50,-218.50,-19.0792,-35.1738
29855563,-184.50,-206.50,-24.0590,-41.0559
29859469,-164.50,-177.50,-20.1592,-38.6900
29863375,-169.50,-162.50,-9.7494,-22.4044
29867281,-150.50,-162.50,-0.1289,-3.5688
29871187,-142.50,-174.50,10.4241,5.1895
29875093,-124.50,-190.50,23.4806,0.1751
29878999,-116.50,-207.50,36.5001,-15.1166
29882905,-111.50,-217.50,46.1822,-33.3804
29886811,-101.50,-206.50,52.6825,-44.2905
29890717,-95.50,-196.50,59.3580,-41.2683
29894623,-94.50,-176.50,65.3354,-27.4759
29898529,-98.50,-161.50,66.9424,-9.6732
29902435,-106.50,-149.50,62.7696,6.7109
29906341,-130.50,-146.50,52.0800,18.5919
29910247,-116.50,-125.50,40.1480,28.6379
29914153,-125.50,-140.50,35.0108,36.9786
29918059,-156.50,-143.50,28.2551,36.8413
29921965,-164.50,-158.50,11.9586,28.0197
29925871,-134.50,-123.50,1.7654,23.0465
29929777,-133.50,-122.50,8.5930,31.4946
29933683,-120.50,-136.50,21.6261,40.9927
29937589,-105.50,-124.50,33.8923,41.7609
29941495,-100.50,-116.50,45.6536,42.7188
29945401,-111.50,-117.50,51.6038,46.6996
29949307,-117.50,-94.50,48.0434,52.6472
29953213,-121.50,-101.50,39.6090,60.9642
29957119,-121.50,-101.50,32.6841,65.5709
29961025,-126.50,-133.50,28.7380,59.4717
29964931,-143.50,-148.50,23.5264,41.3530
29968837,-158.50,-156.50,12.7320,20.3905
29972743,-160.50,-168.50,-0.1904,5.1925
29976649,-145.50,-168.50,-6.0310,-3.9331
29980555,-148.50,-162.50,-2.8315,-6.2791
29984461,-156.50,-160.50,0.4126,-3.0094
29988367,-145.50,-163.50,0.9492,0.3700
29992273,-146.50,-148.50,3.1871,3.1902
29996179,-139.50,-137.50,6.3957,10.2782
30000085,-122.50,-139.50,11.7047,19.3354
30003991,-141.50,-152.50,17.3381,21.7417
30007897,-152.50,-160.50,14.6789,15.1505
30011803,-149.50,-153.50,6.4027,7.2571
30015709,-153.50,-158.50,0.4881,4.1107
30019615,-156.50,-174.50,-3.5308,0.6088
30023521,-165.50,-180.50,-7.9710,-7.4491
30027427,-169.50,-172.50,-12.5808,-13.7506
30031333,-155.50,-169.50,-13.4479,-13.1713
30035239,-134.50,-164.50,-5.7480,-8.8370
30039145,-134.50,-148.50,6.5504,-2.0281
30043051,-144.50,-148.50,12.9312,7.3494
30046957,-152.50,-163.50,10.3436,11.8108
30050863,-152.50,-166.50,4.5251,6.9000
30054769,-148.50,-170.50,0.6638,-1.3850
30058675,-139.50,-158.50,0.7633,-5.3139
30062581,-143.50,-162.50,3.8494,-3.0863
30066487,-111.50,-172.50,12.2251,-1.3811
30070393,-116.50,-143.50,26.6477,0.5692
30074299,-95.50,-133.50,39.2854,10.6495
30078205,-80.50,-122.50,49.6267,24.6499
30082111,-111.50,-110.50,54.4846,36.8490
30086017,-91.50,-100.50,50.9698,48.3358
30089923,-98.50,-132.50,49.3100,52.3298
30093829,-130.50,-144.50,44.0524,40.5632
30097735,-134.50,-136.50,27.0489,24.1495
30101641,-127.50,-134.50,12.3320,17.6630
30105547,-62.50,-102.50,20.8040,24.6374
30109453,-78.50,-93.50,49.0758,42.5587
30113359,-140.50,-149.50,57.4343,50.0104
30117269,-181.50,-162.50,25.5162,30.8310
30121175,-200.50,-170.50,-20.6625,3.3616
30125081,-156.50,-132.50,-45.2153,-6.9734
30128987,-134.50,-126.50,-34.7006,4.6202
30132893,-108.50,-127.50,-5.1884,21.3912
30136799,-111.50,-121.50,21.7617,30.8680
30140705,-126.50,-156.50,32.7209,29.1372
30144611,-122.50,-153.50,28.0291,15.1422
30148517,-126.50,-154.50,19.0842,1.2847
30152423,-111.50,-130.50,14.9629,0.1455
30156329,-126.50,-121.50,16.6832,12.4464
30160235,-127.50,-134.50,17.7188,25.2132
30164141,-122.50,-144.50,16.7413,25.1524
30168047,-141.50,-162.50,12.7391,12.9893
30171953,-145.50,-153.50,2.5272,-0.7732
30175859,-146.50,-140.50,-6.8303,-3.7174
30179765,-111.50,-117.50,-3.1838,7.6814
30183671,-88.50,-120.50,16.8120,24.0939
30187577,-100.50,-118.50,36.8791,33.4847
30191483,-112.50,-141.50,39.6573,30.9120
30195389,-110.50,-143.50,31.4048,19.4928
30199295,-108.50,-127.50,26.4354,11.7528
30203201,-138.50,-124.50,21.3104,15.0095
30207107,-95.50,-129.50,15.3856,20.7556
30211013,-95.50,-124.50,21.0590,22.8016
30214919,-107.50,-120.50,30.6295,24.3931
30218825,-102.50,-118.50,32.7079,27.0538
30222731,-112.50,-125.50,30.2395,27.4955
30226637,-134.50,-126.50,20.8549,24.3258
30230543,-134.50,-142.50,5.4759,18.3291
30234449,-158.50,-119.50,-8.6934,14.3038
30238355,-160.50,-108.50,-20.0013,19.8354
30242261,-147.50,-140.50,-24.5852,24.9333
30246167,-158.50,-143.50,-23.1915,16.8624
30250073,-169.50,-144.50,-25.9847,5.4511
30253979,-162.50,-143.50,-31.8013,0.5555
30257885,-143.50,-158.50,-29.0792,-2.7240
30261791,-130.50,-155.50,-15.9036,-8.5355
30265697,-125.50,-138.50,-1.9097,-9.4589
30269603,-133.50,-122.50,4.2756,0.7680
30273509,-142.50,-127.50,1.6775,13.9284
30277415,-143.50,-127.50,-4.2445,19.3233
30281321,-136.50,-132.50,-7.2513,17.2847
30285227,-120.50,-143.50,-4.1006,11.5017
30289133,-127.50,-140.50,2.2464,4.9285
30293039,-143.50,-124.50,3.1372,4.1655
30296945,-143.50,-116.50,-2.4971,11.6108
30300851,-120.50,-118.50,-3.9936,20.3132
30304757,-118.50,-120.50,2.7310,23.9903
30308663,-129.50,-127.50,7.5175,22.3743
30312569,-111.50,-132.50,8.7674,16.9240
30316475,-123.50,-146.50,12.5174,8.1707
30320381,-129.50,-158.50,12.8950,-3.5539
30324287,-143.50,-130.50,4.3605,-9.4392
30328193,-145.50,-125.50,-8.1296,-1.5131
30332099,-143.50,-129.50,-15.5681,9.5314
30336005,-152.50,-143.50,-16.3893,10.5496
30339911,-143.50,-144.50,-15.3969,3.2173
30343817,-141.50,-157.50,-13.7022,-5.5413
30347723,-140.50,-153.50,-12.0958,-12.5728
30351629,-128.50,-134.50,-8.9415,-12.6301
30355535,-142.50,-112.50,-4.2910,-0.9823
30359441,-141.50,-132.50,-3.8592,12.5312
30363347,-144.50,-138.50,-7.7175,14.0166
30367253,-143.50,-145.50,-12.0312,5.9347
30371159,-143.50,-158.50,-14.1307,-4.7642
30375065,-137.50,-136.50,-12.0166,-11.7943
30378971,-143.50,-132.50,-8.1744,-8.0328
30382877,-164.50,-137.50,-11.1543,0.2776
30386783,-175.50,-138.50,-24.3946,3.8578
30390689,-175.50,-140.50,-38.3884,2.7177
30394595,-170.50,-115.50,-43.2587,3.6070
30398501,-184.50,-138.50,-42.4236,7.3132
30402407,-191.50,-194.50,-45.4009,-3.4067
30406313,-198.50,-233.50,-53.0182,-37.1695
30410219,-194.50,-202.50,-59.1675,-69.1152
30414125,-232.50,-225.50,-66.1925,-80.2245
30418031,-228.50,-208.50,-78.6294,-80.5233
30421937,-260.50,-236.50,-92.9723,-79.9634
30425843,-303.50,-266.50,-114.4676,-87.4311
30429749,-352.50,-314.50,-149.7741,-111.3408
30433655,-379.50,-361.50,-190.2235,-151.3835
30437561,-431.50,-442.50,-227.7514,-205.7926
30441467,-528.50,-512.50,-274.5748,-271.0612
30445373,-592.50,-527.50,-340.1237,-328.7287
30449279,-639.50,-556.50,-406.6876,-362.2560
30453185,-685.50,-607.50,-458.1036,-385.8461
30457091,-702.50,-623.50,-492.8041,-413.3521
30460997,-726.50,-694.50,-512.2259,-443.5694
30464903,-760.50,-736.50,-525.0930,-479.5759
30468809,-766.50,-730.50,-537.0547,-510.2821
30472715,-786.50,-789.50,-545.0755,-529.5103
30476621,-777.50,-832.50,-547.0048,-555.0000
30480527,-760.50,-803.50,-537.7282,-576.8842
30484433,-749.50,-767.50,-516.4460,-565.6133
30488339,-753.50,-816.50,-493.7085,-538.3911
30492245,-751.50,-813.50,-478.0814,-530.1578
30496151,-736.50,-773.50,-465.9552,-526.3127
30500057,-724.50,-796.50,-450.1479,-509.1135
30503963,-699.50,-755.50,-428.0690,-487.2397
30507869,-676.50,-735.50,-399.1636,-459.0232
30511775,-657.50,-713.50,-366.9945,-425.7940
30515681,-651.50,-725.50,-339.2245,-400.1636
30519587,-636.50,-728.50,-318.9845,-388.2483
30523493,-608.50,-698.50,-299.1447,-378.6820
30527399,-565.50,-646.50,-269.3981,-352.5366
30531305,-546.50,-646.50,-231.0370,-314.4938
30535211,-563.50,-664.50,-201.8446,-289.8781
30539117,-550.50,-632.50,-190.6963,-279.5204
30543023,-531.50,-639.50,-182.9131,-266.6700
30546929,-512.50,-586.50,-166.8931,-246.3991
30550835,-494.50,-577.50,-145.0214,-218.3623
30554741,-478.50,-590.50,-121.7287,-195.0129
30558647,-484.50,-636.50,-102.9355,-193.3458
30562553,-485.50,-616.50,-94.2518,-205.5351
30566459,-455.50,-591.50,-88.1003,-206.2298
30570365,-450.50,-593.50,-74.8671,-192.3660
30574271,-434.50,-603.50,-58.0339,-181.0533
30578177,-426.50,-580.50,-41.5141,-171.9198
30582083,-388.50,-542.50,-21.8410,-150.5967
30585989,-348.50,-512.50,7.0227,-116.9947
30589895,-335.50,-522.50,40.0434,-89.4395
30593801,-338.50,-512.50,62.6349,-77.3645
30597707,-318.50,-449.50,74.1484,-59.8157
30601613,-294.50,-431.50,87.2815,-22.5946
30605519,-279.50,-382.50,105.2014,19.1519
30609425,-268.50,-358.50,121.1380,55.2173
30613331,-246.50,-335.50,135.1483,85.5784
30617237,-232.50,-290.50,151.8523,116.1932
30621143,-175.50,-238.50,176.2828,156.0702
30625049,-161.50,-214.50,207.8530,198.4990
30628955,-144.50,-208.50,233.7519,226.8896
30632861,-93.50,-141.50,255.7087,248.3135
30636767,-65.50,-97.50,285.9990,284.8128
30640673,-47.50,-76.50,317.1927,328.9251
30644579,-14.50,-33.50,340.4846,363.2372
30648485,10.50,-19.50,360.3229,387.6370
30652391,48.50,-8.50,382.6210,403.3204
30656297,64.50,6.50,407.2944,413.0763
30660203,91.50,49.50,429.1511,426.6926
30664109,122.50,90.50,448.1741,450.8418
30668015,135.50,107.50,465.2523,478.2847
30671921,131.50,133.50,474.1224,499.7478
30675827,127.50,150.50,471.6041,516.8562
30679733,135.50,157.50,464.0496,529.3176
30683639,201.50,192.50,468.2731,537.3376
30687545,224.50,207.50,492.4949,546.5233
30691451,193.50,198.50,512.1070,552.5887
30695357,211.50,205.50,510.4036,550.6613
30699263,240.50,219.50,507.6718,547.8299
30703169,234.50,241.50,512.0656,549.8224
30707075,238.50,267.50,510.2232,556.9248
30710981,222.50,249.50,499.3176,562.3964
30714887,214.50,251.50,484.3222,558.3719
30718793,191.50,263.50,466.3010,551.2068
30722699,191.50,271.50,445.0019,547.3844
30726605,192.50,256.50,425.8417,539.9486
30730511,182.50,241.50,412.2854,523.0097
30734417,175.50,215.50,401.5758,499.7141
30738323,158.50,177.50,389.7927,470.4194
30742229,144.50,171.50,372.1917,436.0717
30746135,137.50,161.50,349.7074,405.6444
30750041,113.50,141.50,326.5650,381.9324
30753947,26.50,112.50,292.4803,359.4475
30757853,22.50,114.50,244.7163,338.5889
30761759,18.50,80.50,207.1992,318.7982
30765665,-41.50,-15.50,179.5766,279.1936
30769571,-100.50,-16.50,137.4936,218.8876
30773477,-158.50,-83.50,81.1666,165.5841
30777383,-188.50,-97.50,27.7767,124.8352
30781289,-216.50,-140.50,-13.6980,89.6838
30785195,-266.50,-177.50,-50.8997,53.2697
30789101,-332.50,-220.50,-96.5486,12.1436
30793007,-344.50,-261.50,-142.8553,-29.0081
30796913,-388.50,-336.50,-175.6607,-73.6216
30800819,-453.50,-430.50,-208.8940,-135.2014
30804725,-470.50,-484.50,-252.4361,-211.8279
30808631,-471.50,-476.50,-285.2128,-272.0555
30812537,-512.50,-490.50,-299.5787,-294.6701
30816443,-474.50,-478.50,-301.7731,-291.3146
30820349,-462.50,-434.50,-287.9787,-271.3846
30824255,-462.50,-437.50,-268.8494,-242.3090
30828161,-470.50,-461.50,-259.8467,-226.7478
30832067,-465.50,-475.50,-256.8308,-232.8912
30835973,-460.50,-473.50,-250.2920,-244.2902
30839879,-409.50,-432.50,-233.0943,-240.9481
30843785,-410.50,-431.50,-207.4931,-221.0579
30847691,-410.50,-429.50,-188.8568,-202.1362
30851597,-377.50,-386.50,-175.3063,-185.2206
30855503,-362.50,-364.50,-153.4964,-158.2542
30859409,-342.50,-341.50,-128.5455,-126.9741
30863315,-321.50,-306.50,-108.0610,-98.4421
30867221,-321.50,-317.50,-92.6530,-75.7564
30871127,-272.50,-285.50,-74.7098,-60.4041
30875033,-221.50,-221.50,-40.0834,-35.5101
30878939,-212.50,-189.50,2.2619,6.7240
30882845,-196.50,-157.50,29.9882,49.2900
30886751,-164.50,-122.50,46.5587,84.0949
30890657,-149.50,-127.50,66.0247,110.4503
30894563,-130.50,-92.50,87.6391,127.5286
30898469,-111.50,-54.50,106.3973,146.3397
30902375,-88.50,-41.50,122.4452,169.7684
30906281,-50.50,-13.50,141.5657,190.8217
30910187,-22.50,-15.50,168.5781,207.6082
30914093,-16.50,-28.50,195.4894,213.6596
30917999,-15.50,-28.50,209.6513,206.2638
30921905,-8.50,-25.50,210.7759,194.8517
30925811,14.50,-15.50,210.8318,188.9113
30929717,16.50,31.50,216.9889,198.0019
30933623,13.50,27.50,222.8297,220.1161
30937529,22.50,41.50,223.9869,236.9648
30941435,50.50,30.50,227.4798,239.6846
30945341,57.50,35.50,236.8160,232.9276
30949247,91.50,46.50,250.0803,227.4512
30953153,103.50,-4.50,267.5934,220.1080
30957059,109.50,55.50,283.0238,210.0238
30960965,127.50,77.50,291.2882,217.6756
30964871,138.50,91.50,296.3874,239.1102
30968777,125.50,100.50,297.1337,255.6097
30972683,133.50,96.50,292.1553,263.0903
30976589,127.50,96.50,286.5089,261.8633
30980495,138.50,87.50,282.2482,253.2622
30984401,138.50,96.50,278.8296,241.9546
30988307,137.50,94.50,274.7561,234.7723
30992213,107.50,65.50,264.9528,227.5208
30996119,112.50,82.50,249.3263,216.6371
31000025,109.50,75.50,236.1882,208.6795
31003931,123.50,81.50,229.7619,203.1496
31007837,127.50,88.50,229.0804,199.7079
31011743,132.50,103.50,231.7638,203.0748
31015649,135.50,98.50,234.8224,209.8648
31019555,124.50,81.50,233.5183,208.0146
31023461,112.50,91.50,222.5435,196.1757
31027367,83.50,72.50,201.4535,183.2785
31031273,80.50,67.50,177.3120,171.0358
31035179,95.50,49.50,164.0230,158.2256
31039085,105.50,68.50,166.0003,148.1730
31042991,98.50,71.50,170.7986,145.4382
31046897,87.50,55.50,166.7539,143.6671
31050803,80.50,55.50,155.4875,136.5279
31054709,87.50,42.50,146.0352,127.7296
31058615,70.50,37.50,139.3097,117.7909
31062521,48.50,39.50,125.9067,107.2030
31066427,47.50,37.50,106.6799,99.2699
31070333,24.50,15.50,89.8510,91.4458
31074239,11.50,5.50,74.1051,79.6272
31078145,-8.50,7.50,56.1620,67.6093
31082051,7.50,6.50,41.1201,59.5413
31085957,15.50,9.50,37.7166,54.5846
31089863,16.50,-24.50,43.3682,47.1873
31093769,18.50,-68.50,48.9378,26.9333
31097675,13.50,-75.50,50.1203,-3.2753
31101581,26.50,-31.50,48.3917,-19.7412
31105487,16.50,-30.50,46.3597,-12.4416
31109393,-2.50,-24.50,39.6133,1.8457
31113299,-13.50,-18.50,26.3711,12.9517
31117205,-2.50,-14.50,15.4357,21.5643
31121111,-1.50,-15.50,12.5734,24.3077
31125017,15.50,-29.50,15.6983,17.4952
31128923,48.50,-30.50,27.7058,5.5556
31132829,105.50,-1.50,56.5754,3.7575
31136735,55.50,-21.50,85.3208,13.1794
31140641,-9.50,-60.50,75.2929,9.2405
31144547,-17.50,-61.50,30.5990,-14.5747
31148453,-14.50,-53.50,-6.3999,-34.2843
31152359,-18.50,-49.50,-19.8839,-36.4411
31156269,-30.50,-41.50,-23.2092,-28.2030
31160175,-4.50,-49.50,-22.1851,-21.3985
31164081,18.50,-32.50,-10.1540,-19.7987
31167987,15.50,-38.50,6.4129,-18.9241
31171893,-14.50,-42.50,8.6685,-18.9639
31175799,-44.50,-50.50,-9.9818,-22.0471
31179705,-44.50,-56.50,-35.1385,-27.9682
31183611,-30.50,-46.50,-47.6494,-33.7332
31187517,-24.50,-33.50,-45.1622,-33.0782
31191423,-33.50,-28.50,-40.0177,-25.3278
31195329,-19.50,-51.50,-37.2192,-20.4304
31199235,-12.50,-37.50,-31.2019,-23.2500
31203141,-15.50,-22.50,-24.4729,-23.6364
31207047,-16.50,-38.50,-24.0995,-20.9838
31210953,-34.50,-36.50,-31.0191,-23.2100
31214859,-20.50,-41.50,-38.6856,-26.9465
31218765,-36.50,-48.50,-41.3648,-29.9599
31222671,-56.50,-47.50,-47.4787,-34.6950
31226577,-60.50,-31.50,-61.5159,-37.1054
31230483,-50.50,-36.50,-72.0886,-34.1298
31234389,-42.50,-31.50,-70.8992,-29.4588
31238295,-41.50,-22.50,-62.6411,-23.9705
31242201,-44.50,-47.50,-56.6741,-22.7925
31246107,-32.50,-56.50,-54.5363,-33.7104
31250013,-36.50,-80.50,-52.9534,-52.4091
31253919,-46.50,-79.50,-54.1097,-68.9608
31257825,-50.50,-57.50,-59.2097,-72.7602
31261731,-56.50,-60.50,-65.0414,-64.4964
31265637,-52.50,-47.50,-69.4223,-55.7782
31269543,-48.50,-47.50,-70.6338,-49.6779
31273449,-66.50,-63.50,-71.8438,-47.8838
31277355,-92.50,-56.50,-80.9947,-51.2922
31281261,-97.50,-58.50,-96.7978,-54.5828
31285167,-82.50,-75.50,-106.7084,-59.6005
31289073,-84.50,-84.50,-106.0080,-69.9076
31292979,-96.50,-90.50,-104.2025,-80.1764
31296885,-100.50,-98.50,-106.8447,-86.8749
31300791,-109.50,-108.50,-111.2143,-93.5410
31304697,-97.50,-114.50,-114.0523,-102.3992
31308603,-98.50,-133.50,-113.5541,-112.8448
31312509,-105.50,-132.50,-112.9079,-122.3044
31316415,-127.50,-120.50,-117.1979,-124.1593
31320321,-140.50,-124.50,-127.5043,-119.1443
31324227,-142.50,-127.50,-139.2489,-116.4454
31328133,-137.50,-146.50,-146.4108,-120.6503
31332039,-123.50,-170.50,-145.0141,-132.4582
31335945,-116.50,-163.50,-134.5462,-145.8343
31339851,-114.50,-158.50,-121.0278,-150.8197
31343757,-117.50,-148.50,-112.6862,-146.7989
31347663,-113.50,-149.50,-111.6488,-139.2174
31351569,-85.50,-125.50,-108.7214,-128.3705
31355475,-66.50,-94.50,-93.8931,-108.7610
31359381,-67.50,-95.50,-73.5347,-85.9871
31363287,-98.50,-120.50,-66.0427,-78.2090
31367193,-112.50,-122.50,-78.9996,-87.5870
31371099,-124.50,-130.50,-100.6169,-98.7050
31375005,-124.50,-174.50,-116.4434,-111.4104
31378911,-125.50,-160.50,-121.2851,-129.3648
31382817,-132.50,-139.50,-119.7659,-136.0949
31386723,-126.50,-113.50,-117.9984,-122.0574
31390629,-113.50,-112.50,-114.4715,-99.0212
31394535,-122.50,-117.50,-109.4741,-83.4449
31398441,-138.50,-114.50,-109.9783,-79.7918
31402347,-136.50,-108.50,-115.5105,-80.5987
31406253,-114.50,-102.50,-115.1848,-79.3320
31410159,-111.50,-90.50,-106.0379,-73.0815
31414065,-105.50,-95.50,-96.2474,-64.0310
31417971,-112.50,-83.50,-90.5338,-56.7875
31421877,-126.50,-82.50,-90.6481,-51.8401
31425783,-142.50,-90.50,-98.7022,-50.9138
31429689,-143.50,-93.50,-111.2295,-54.5534
31433595,-133.50,-98.50,-118.6491,-58.4582
31437501,-116.50,-105.50,-113.4382,-61.8199
31441407,-121.50,-111.50,-100.1198,-67.1362
31445313,-122.50,-75.50,-90.6726,-67.4942
31449219,-129.50,-73.50,-90.2131,-55.5293
31453125,-112.50,-72.50,-92.5250,-41.0250
31457031,-95.50,-123.50,-86.8649,-41.8686
31460937,-86.50,-145.50,-71.9888,-65.0995
31464843,-88.50,-128.50,-57.6373,-91.1268
31468749,-79.50,-130.50,-49.8138,-99.6904
31472655,-82.50,-114.50,-47.2038,-93.6779
31476561,-77.50,-111.50,-47.0737,-80.9804
31480467,-66.50,-112.50,-44.1938,-69.6889
31484373,-79.50,-116.50,-38.9114,-66.3950
31488279,-82.50,-126.50,-38.7227,-71.2229
31492185,-88.50,-116.50,-44.2666,-77.2599
31496091,-101.50,-116.50,-52.7941,-76.5262
31499997,-107.50,-122.50,-62.3981,-72.3087
31503903,-106.50,-141.50,-68.4348,-74.5173
31507809,-105.50,-152.50,-68.9323,-86.0433
31511715,-132.50,-143.50,-71.7279,-97.2381
31515621,-143.50,-156.50,-83.9053,-100.8491
31519527,-143.50,-165.50,-97.3304,-102.9835
31523433,-144.50,-178.50,-102.5558,-109.1714
31527339,-136.50,-185.50,-100.3401,-118.3642
31531245,-143.50,-188.50,-96.1341,-126.6621
31535151,-129.50,-195.50,-92.4734,-131.5263
31539057,-90.50,-202.50,-80.4737,-134.4621
31542963,-57.50,-184.50,-53.0666,-133.5002
31546869,-59.50,-160.50,-23.2486,-122.4615
31550775,-63.50,-136.50,-8.5421,-101.4729
31554681,-79.50,-113.50,-10.8185,-76.0683
31558587,-106.50,-128.50,-25.3405,-56.0475
31562493,-117.50,-133.50,-46.3121,-50.8105
31566399,-128.50,-142.50,-64.8125,-57.2018
31570305,-160.50,-141.50,-80.8423,-66.0505
31574211,-191.50,-141.50,-101.8557,-71.1607
31578117,-180.50,-159.50,-121.8434,-73.8747
31582023,-178.50,-162.50,-128.3214,-78.5769
31585929,-175.50,-161.50,-124.3121,-82.8298
31589835,-175.50,-168.50,-118.5434,-85.5252
31593741,-174.50,-172.50,-113.3925,-89.3256
31597647,-175.50,-162.50,-109.2827,-90.6352
31601553,-175.50,-143.50,-107.2396,-82.5074
31605459,-162.50,-132.50,-105.0481,-66.4818
31609365,-168.50,-114.50,-100.5503,-49.7758
31613271,-174.50,-137.50,-97.5582,-40.5894
31617177,-177.50,-140.50,-97.9603,-43.5351
31621083,-173.50,-133.50,-98.8285,-49.0034
31624989,-149.50,-143.50,-94.5332,-50.2828
31628895,-162.50,-166.50,-85.6027,-56.2653
31632801,-162.50,-176.50,-80.4435,-70.4187
31636707,-160.50,-169.50,-78.7569,-81.5213
31640613,-147.50,-161.50,-74.6410,-80.6567
31644519,-142.50,-160.50,-67.7825,-72.8856
31648425,-148.50,-148.50,-62.7447,-65.1928
31652331,-146.50,-170.50,-61.0227,-61.8303
31656237,-142.50,-157.50,-58.2665,-63.3817
31660143,-142.50,-147.50,-54.0883,-61.0153
31664049,-158.50,-170.50,-55.0047,-57.2053
31667955,-154.50,-176.50,-61.7201,-62.7393
31671861,-153.50,-189.50,-65.2041,-73.9157
31675767,-147.50,-175.50,-61.3870,-80.2432
31679673,-136.50,-161.50,-53.2290,-75.1279
31683579,-118.50,-138.50,-42.3199,-59.8316
31687485,-120.50,-136.50,-31.3097,-42.2765
31691391,-124.50,-130.50,-25.2150,-29.7196
31695297,-117.50,-111.50,-22.8180,-19.7525
31699203,-113.50,-110.50,-19.4322,-8.8529
31703109,-111.50,-114.50,-16.0697,-2.7667
31707015,-111.50,-129.50,-14.7486,-6.0225
31710921,-111.50,-132.50,-13.9256,-14.7199
31714827,-109.50,-122.50,-11.6290,-19.4622
31718733,-106.50,-112.50,-8.3479,-15.3552
31722639,-101.50,-127.50,-5.6479,-10.2204
31726545,-106.50,-132.50,-4.7665,-12.6585
31730451,-116.50,-138.50,-7.0944,-19.2338
31734357,-147.50,-158.50,-16.0805,-27.1893
31738263,-160.50,-144.50,-33.1567,-35.1526
31742169,-161.50,-121.50,-50.4180,-33.2604
31746075,-145.50,-113.50,-57.0969,-19.5805
31749981,-136.50,-127.50,-50.2919,-7.4560
31753887,-140.50,-130.50,-38.1553,-5.8864
31757793,-148.50,-117.50,-31.8276,-8.0460
31761699,-128.50,-121.50,-30.4009,-7.4477
31765605,-137.50,-143.50,-28.3908,-10.7037
31769511,-150.50,-150.50,-30.1915,-21.0344
31773417,-169.50,-149.50,-39.0321,-29.6455
31777323,-175.50,-161.50,-50.2947,-33.8701
31781229,-190.50,-169.50,-61.1237,-40.2793
31785135,-171.50,-162.50,-68.4107,-47.1511
31789041,-158.50,-152.50,-64.7993,-45.8908
31792947,-147.50,-157.50,-50.4933,-37.9638
31796853,-143.50,-159.50,-34.1756,-32.9154
31800759,-129.50,-144.50,-21.3168,-31.1326
31804665,-156.50,-134.50,-17.7755,-25.7515
31808571,-141.50,-142.50,-23.9936,-18.4709
31812477,-138.50,-145.50,-26.5954,-15.5252
31816383,-134.50,-133.50,-20.5741,-14.3445
31820289,-132.50,-133.50,-13.2898,-11.0746
31824195,-118.50,-134.50,-7.3708,-8.9643
31828101,-131.50,-150.50,-3.8948,-11.6236
31832007,-154.50,-186.50,-8.8184,-23.2508
31835913,-146.50,-205.50,-18.9676,-44.8131
31839819,-144.50,-194.50,-22.9857,-64.2321
31843725,-141.50,-181.50,-21.0591,-68.6850
31847631,-152.50,-174.50,-20.6892,-59.9184
31851537,-149.50,-176.50,-22.9487,-47.9093
31855443,-140.50,-175.50,-21.5267,-39.5720
31859349,-137.50,-158.50,-15.0173,-33.7516
31863255,-136.50,-143.50,-9.7599,-25.5484
31867161,-121.50,-129.50,-6.0386,-13.5924
31871067,-121.50,-122.50,0.3615,0.5620
31874973,-113.50,-125.50,8.4645,12.4711
31878879,-113.50,-131.50,15.1785,16.1692
31882785,-130.50,-129.50,14.9921,11.8973
31886691,-143.50,-143.50,4.5460,4.1236
31890597,-161.50,-169.50,-11.0750,-7.4705
31894503,-174.50,-176.50,-26.1850,-21.6989
31898409,-170.50,-185.50,-36.5100,-33.3448
31902315,-159.50,-175.50,-38.0099,-39.9910
31906221,-170.50,-175.50,-34.6906,-40.9522
31910127,-175.50,-172.50,-34.5372,-37.3537
31914033,-172.50,-153.50,-36.1226,-28.1872
31917939,-190.50,-164.50,-38.2808,-16.8350
31921845,-182.50,-196.50,-43.3293,-18.9230
31925751,-184.50,-193.50,-46.9175,-35.8817
31929657,-175.50,-191.50,-45.1128,-48.4099
31933563,-158.50,-175.50,-36.0173,-45.7555
31937469,-165.50,-177.50,-23.8301,-34.5111
31941375,-179.50,-181.50,-20.6972,-27.3741
31945281,-186.50,-183.50,-28.9514,-28.3788
31949187,-181.50,-180.50,-37.6328,-30.9764
31953093,-175.50,-159.50,-37.9243,-26.7103
31956999,-173.50,-152.50,-31.8910,-14.0888
31960905,-160.50,-153.50,-24.2059,-2.4067
31964811,-143.50,-158.50,-13.8024,0.9535
31968717,-162.50,-182.50,-4.9021,-5.1547
31972623,-152.50,-169.50,-3.2625,-14.8155
31976529,-143.50,-152.50,-1.6942,-15.0230
31980435,-160.50,-143.50,0.7481,-4.1995
31984341,-159.50,-143.50,-2.6301,7.1069
31988247,-156.50,-125.50,-6.8403,16.1025
31992153,-157.50,-114.50,-6.5919,27.5259
31996059,-152.50,-98.50,-3.7890,41.1774
31999965,-128.50,-84.50,3.2912,54.3926
32003871,-111.50,-111.50,17.7736,60.3934
32007777,-74.50,-138.50,39.6369,50.0334
32011683,-84.50,-130.50,62.0916,32.0524
32015589,-105.50,-144.50,69.3819,20.1893
32019495,-132.50,-176.50,55.4829,7.4312
32023401,-132.50,-158.50,33.2099,-7.6716
32027307,-160.50,-152.50,13.8360,-10.3600
32031213,-180.50,-158.50,-4.8883,-3.0543
32035119,-172.50,-136.50,-19.8651,4.4549
32039025,-172.50,-158.50,-23.3831,8.7942
32042931,-176.50,-175.50,-21.1588,2.6530
32046837,-161.50,-188.50,-18.4060,-12.0525
32050743,-158.50,-190.50,-12.3782,-24.7829
32054649,-160.50,-180.50,-5.4566,-29.5077
32058555,-174.50,-165.50,-4.3019,-24.7169
32062461,-160.50,-144.50,-7.4719,-11.1977
32066367,-176.50,-143.50,-10.2597,6.0232
32070273,-175.50,-146.50,-14.1445,17.4639
32074179,-168.50,-128.50,-15.9617,22.4542
32078085,-137.50,-137.50,-7.2706,25.3859
32081991,-120.50,-132.50,12.3572,25.5191
32085897,-120.50,-114.50,31.2737,28.5170
32089803,-137.50,-127.50,37.1242,36.0243
32093709,-161.50,-143.50,27.4946,35.8248
32097615,-165.50,-141.50,10.4337,26.0198
32101521,-166.50,-113.50,-2.6562,22.1980
32105427,-162.50,-110.50,-7.6600,31.9908
32109333,-166.50,-145.50,-7.2769,38.6805
32113239,-148.50,-153.50,-2.1891,28.8200
32117145,-130.50,-149.50,10.3416,14.2898
32121051,-128.50,-172.50,25.1793,3.4011
32124957,-132.50,-160.50,32.2027,-5.4121
32128863,-124.50,-154.50,32.6785,-5.9935
32132769,-122.50,-143.50,34.6552,3.0019
32136675,-133.50,-153.50,36.6311,11.6416
32140581,-143.50,-161.50,31.8725,10.8641
32144487,-141.50,-157.50,22.8961,4.1781
32148393,-159.50,-166.50,14.5694,-0.4676
32152299,-157.50,-162.50,7.3963,-2.1850
32156205,-141.50,-162.50,6.6110,-1.6976
32160111,-130.50,-159.50,15.1102,-0.2546
32164017,-117.50,-154.50,27.3688,1.7215
32167923,-138.50,-172.50,34.4569,1.9512
32171829,-141.50,-178.50,31.2705,-3.4017
32175735,-128.50,-175.50,26.6751,-10.0469
32179641,-128.50,-140.50,28.1142,-7.0805
32183547,-127.50,-109.50,30.5878,12.1735
32187453,-126.50,-92.50,31.5311,40.6206
32191359,-111.50,-90.50,35.5643,64.0361
32195268,-100.50,-96.50,45.4928,74.1099
32199174,-108.50,-109.50,54.0972,70.0982
32203080,-88.50,-111.50,57.4104,58.0718
32206986,-82.50,-111.50,62.7721,47.9941
32210892,-93.50,-108.50,68.8604,45.3589
32214798,-96.50,-120.50,68.4186,46.0541
32218704,-111.50,-137.50,60.9666,40.8584
32222610,-126.50,-127.50,47.4480,30.7999
32226516,-124.50,-126.50,33.4467,25.7629
32230422,-125.50,-136.50,26.9525,25.2404
32234328,-122.50,-148.50,27.6511,21.8581
32238234,-134.50,-142.50,28.2939,16.3626
32242140,-140.50,-140.50,23.2638,13.9032
32246046,-143.50,-147.50,15.3222,12.8499
32249952,-145.50,-170.50,9.9452,6.6349
32253858,-153.50,-201.50,6.8164,-9.0664
32257764,-168.50,-191.50,1.0744,-27.1471
32261670,-175.50,-201.50,-8.9870,-37.2409
32265576,-180.50,-212.50,-18.9811,-43.6241
32269482,-176.50,-217.50,-24.0989,-50.9928
32273388,-200.50,-222.50,-27.5087,-55.6886
32277294,-173.50,-202.50,-30.3188,-53.5373
32281200,-136.50,-184.50,-19.7070,-42.4296
32285106,-161.50,-213.50,-0.9788,-33.6137
32289012,-184.50,-213.50,1.1934,-37.6308
32292918,-162.50,-176.50,-8.5347,-38.0464
32296824,-143.50,-153.50,-6.9136,-19.5887
32300730,-133.50,-152.50,6.7599,3.6998
32304636,-116.50,-157.50,21.9564,14.2669
32308542,-128.50,-144.50,32.9827,16.0914
32312448,-122.50,-139.50,37.0735,20.8911
32316354,-106.50,-124.50,40.0458,29.9589
32320260,-90.50,-121.50,48.0562,38.6239
32324166,-104.50,-115.50,55.2981,44.1534
32328072,-111.50,-120.50,54.2606,47.0749
32331978,-121.50,-125.50,47.4723,47.3749
32335884,-121.50,-133.50,40.1277,43.4898
32339790,-115.50,-124.50,35.0752,37.7644
32343696,-133.50,-130.50,30.5618,34.2136
32347602,-140.50,-136.50,23.0174,31.8177
32351508,-157.50,-157.50,13.8755,26.3203
32355414,-157.50,-178.50,5.0066,13.4994
32359320,-130.50,-174.50,2.4062,-2.8929
32363226,-122.50,-177.50,10.7824,-13.4452
32367132,-143.50,-198.50,19.2924,-19.8116
32371038,-157.50,-206.50,16.6407,-27.8895
32374944,-164.50,-200.50,6.2088,-33.8755
32378850,-162.50,-191.50,-4.3076,-33.1919
32382756,-154.50,-188.50,-9.9098,-28.6493
32386662,-132.50,-189.50,-4.9637,-24.4146
32390568,-121.50,-191.50,11.7255,-21.2245
32394474,-112.50,-204.50,31.0831,-20.9655
32398380,-80.50,-196.50,47.6021,-24.5894
32402286,-64.50,-176.50,64.0393,-24.5177
32406192,-82.50,-158.50,74.9288,-13.8017
32410098,-122.50,-156.50,68.5588,2.9784
32414004,-138.50,-160.50,46.2567,15.2232
32417910,-132.50,-169.50,24.1974,16.5596
32421816,-152.50,-160.50,9.4981,10.8399
32425722,-164.50,-172.50,-3.8317,5.0511
32429628,-162.50,-175.50,-13.0498,0.4879
32433534,-164.50,-180.50,-13.1753,-2.3486
32437440,-154.50,-169.50,-9.1753,-1.9392
32441346,-152.50,-173.50,-6.4787,-0.0978
32445252,-144.50,-169.50,-4.5432,0.1765
32449158,-146.50,-159.50,0.0289,2.4341
32453064,-146.50,-204.50,6.1577,2.2323
32456970,-141.50,-175.50,9.9849,-5.2367
32460876,-143.50,-169.50,9.4805,-6.9054
32464782,-143.50,-177.50,5.8863,-2.8303
32468688,-143.50,-166.50,4.4671,-0.4153
32472594,-144.50,-185.50,7.3637,1.4420
32476500,-154.50,-175.50,8.5526,1.2050
32480406,-141.50,-158.50,5.2005,3.0332
32484312,-143.50,-143.50,2.8107,11.4046
32488218,-138.50,-141.50,4.7348,22.6845
32492124,-121.50,-157.50,13.0999,29.4075
32496030,-108.50,-126.50,27.3444,33.1210
32499936,-96.50,-124.50,40.6200,41.0513
32503842,-98.50,-128.50,47.7327,46.5877
32507748,-110.50,-157.50,47.6414,40.4029
32511654,-124.50,-140.50,41.4969,30.1266
32515560,-111.50,-98.50,34.9383,35.8579
32519466,-85.50,-91.50,37.0411,57.9727
32523372,-111.50,-110.50,42.8097,71.5147
32527278,-127.50,-112.50,37.9399,67.3615
32531184,-141.50,-136.50,24.7460,56.3587
32535090,-158.50,-169.50,10.4209,39.2616
32538996,-156.50,-181.50,-3.8984,14.0673
32542902,-176.50,-191.50,-17.2998,-10.1004
32546808,-166.50,-194.50,-26.5403,-24.6270
32550714,-158.50,-207.50,-24.2911,-29.7895
32554620,-152.50,-207.50,-13.1582,-31.3136
32558526,-157.50,-174.50,-5.9805,-27.4918
32562432,-115.50,-174.50,-0.9003,-16.4800
32566338,-117.50,-187.50,12.1943,-9.2644
32570244,-126.50,-180.50,25.0476,-8.7191
32574150,-137.50,-148.50,26.4401,-1.4670
32578056,-120.50,-111.50,21.6817,20.0803
32581962,-102.50,-128.50,22.5342,41.7854
32585868,-88.50,-127.50,32.9159,47.8421
32589774,-89.50,-149.50,46.9268,42.3427
32593680,-95.50,-156.50,55.8915,32.4316
32597586,-92.50,-145.50,56.3270,23.3141
32601492,-96.50,-120.50,50.9221,23.3924
32605398,-88.50,-128.50,45.2944,31.9264
32609304,-82.50,-111.50,46.4434,42.7381
32613210,-92.50,-106.50,52.1875,55.1159
32617116,-95.50,-115.50,53.0325,62.3095
32621022,-95.50,-130.50,47.3224,55.1637
32624928,-92.50,-130.50,40.9885,40.4255
32628834,-100.50,-126.50,37.8322,33.1310
32632740,-109.50,-137.50,35.7315,34.4765
32636646,-108.50,-149.50,32.4367,32.0966
32640552,-111.50,-146.50,27.9013,22.5866
32644458,-105.50,-146.50,23.4435,14.5591
32648364,-111.50,-143.50,21.5886,13.7888
32652270,-139.50,-151.50,17.7287,17.1735
32656176,-132.50,-149.50,8.8037,18.3071
32660082,-142.50,-140.50,0.0188,17.1905
32663988,-143.50,-136.50,-7.8341,17.9247
32667894,-143.50,-133.50,-13.3200,21.8028
32671800,-142.50,-148.50,-12.7298,25.0184
32675706,-144.50,-156.50,-8.8258,21.4773
32679612,-143.50,-166.50,-7.2473,10.7756
32683518,-154.50,-180.50,-11.2625,-3.6124
32687424,-146.50,-165.50,-17.1553,-13.4269
32691330,-144.50,-142.50,-16.9056,-7.3809
32695236,-130.50,-123.50,-9.0320,12.7931
32699142,-144.50,-133.50,-1.9854,30.1974
32703048,-148.50,-166.50,-4.5527,28.0071
32706954,-142.50,-156.50,-11.1958,11.8714
32710860,-149.50,-156.50,-13.1338,2.5337
32714766,-146.50,-143.50,-11.9110,5.1664
32718672,-137.50,-141.50,-9.1914,12.1838
32722578,-129.50,-142.50,-4.4962,16.9784
32726484,-111.50,-114.50,3.4484,22.9831
32730390,-81.50,-56.50,19.4827,44.7862
32734296,-58.50,-49.50,44.3828,79.8920
32738202,-136.50,-205.50,54.2182,78.8726
32742108,-207.50,-258.50,19.5376,11.4173
32746014,-224.50,-264.50,-41.1562,-68.0184
32749920,-241.50,-239.50,-86.8392,-103.5554
32753826,-252.50,-270.50,-108.7500,-105.6935
32757732,-260.50,-303.50,-117.8260,-110.5722
32761638,-282.50,-329.50,-124.1750,-128.6717
32765544,-313.50,-364.50,-136.9221,-152.4995
32769450,-338.50,-376.50,-158.6680,-178.6381
32773356,-328.50,-364.50,-178.5344,-197.5011
32777262,-308.50,-361.50,-181.2642,-199.3526
32781168,-303.50,-365.50,-167.4672,-189.0608
32785074,-303.50,-337.50,-151.3493,-173.1446
32788980,-282.50,-334.50,-138.2039,-155.2966
32792886,-264.50,-298.50,-123.0430,-139.0558
32796792,-249.50,-288.50,-105.5135,-120.7131
32800698,-224.50,-261.50,-86.5302,-97.0566
32804604,-213.50,-230.50,-65.3570,-67.3779
32808510,-207.50,-241.50,-46.8477,-41.6750
32812416,-205.50,-255.50,-36.2706,-37.0212
32816322,-190.50,-262.50,-30.8798,-49.2344
32820228,-191.50,-238.50,-25.5505,-55.5688
32824134,-181.50,-213.50,-19.1542,-42.0164
32828040,-179.50,-207.50,-11.7141,-18.9868
32831946,-165.50,-202.50,-3.6349,-4.0532
32835852,-192.50,-207.50,-0.9700,-0.1557
32839758,-191.50,-207.50,-8.3727,-0.5779
32843664,-196.50,-220.50,-17.3271,-2.2099
32847570,-192.50,-200.50,-20.1534,-3.5587
32851476,-172.50,-188.50,-15.4401,0.6821
32855382,-173.50,-196.50,-5.6733,7.8004
32859288,-178.50,-178.50,0.4180,14.2810
32863194,-156.50,-184.50,4.2468,22.4204
32867100,-168.50,-175.50,10.6155,28.5194
32871006,-140.50,-154.50,17.6249,33.5098
32874912,-138.50,-149.50,26.6893,42.0858
32878818,-129.50,-166.50,36.1112,48.3682
32882724,-143.50,-192.50,40.6565,43.0789
32886630,-190.50,-188.50,31.1720,29.1189
32890536,-156.50,-169.50,13.0319,20.9056
32894442,-150.50,-168.50,8.4639,23.7256
32898348,-145.50,-177.50,16.7318,28.7960
32902254,-150.50,-181.50,24.1515,30.2131
32906160,-129.50,-185.50,30.8884,28.4760
32910066,-120.50,-184.50,41.5135,23.9292
32913972,-90.50,-180.50,55.6942,18.9771
32917878,-118.50,-183.50,65.5138,17.4309
32921784,-146.50,-202.50,58.5061,16.6976
32925690,-155.50,-207.50,38.9897,11.6091
32929596,-164.50,-213.50,21.6811,2.5918
32933502,-181.50,-213.50,7.3162,-6.9164
32937408,-190.50,-213.50,-7.7517,-12.3346
32941314,-194.50,-226.50,-18.9899,-13.0903
32945220,-198.50,-234.50,-22.6443,-14.8144
32949126,-207.50,-205.50,-23.8891,-15.2309
32953032,-193.50,-223.50,-26.0123,-12.2738
32956938,-186.50,-207.50,-24.4487,-10.6543
32960844,-174.50,-208.50,-16.4331,-6.3189
32964750,-173.50,-220.50,-4.7648,-0.7465
32968656,-191.50,-206.50,1.2049,0.2056
32972562,-190.50,-200.50,-4.1103,0.8078
32976468,-180.50,-208.50,-11.1925,1.8727
32980374,-185.50,-219.50,-12.0274,0.1150
32984280,-176.50,-207.50,-7.9258,-0.8461
32988186,-173.50,-208.50,-0.7350,2.0702
32992092,-175.50,-208.50,4.6782,3.2731
32995998,-174.50,-209.50,4.4569,0.7554
32999904,-170.50,-217.50,2.7641,-1.4855
33003810,-152.50,-192.50,7.2905,2.2298
33007716,-148.50,-172.50,19.0248,16.0893
33011622,-159.50,-168.50,27.1302,31.9996
33015528,-162.50,-153.50,24.2580,42.3658
33019434,-157.50,-156.50,17.9104,50.3087
33023340,-140.50,-178.50,19.2972,52.7514
33027246,-138.50,-160.50,29.0352,48.3272
33031152,-157.50,-171.50,34.5223,43.4370
33035058,-160.50,-175.50,28.2950,37.4359
33038964,-158.50,-156.50,19.2069,35.2287
33042870,-145.50,-154.50,17.6768,43.7013
33046776,-137.50,-141.50,24.8821,55.8381
33050682,-120.50,-123.50,36.8191,66.1842
33054588,-125.50,-129.50,47.6220,73.3450
33058494,-134.50,-137.50,50.1278,74.0560
33062400,-121.50,-153.50,47.1236,68.4210
33066306,-122.50,-145.50,47.1825,60.8927
33070212,-120.50,-134.50,49.3813,57.7354
33074118,-129.50,-153.50,48.9922,56.1581
33078024,-134.50,-140.50,44.5723,52.8489
33081930,-152.50,-145.50,36.0028,53.7835
33085836,-148.50,-164.50,25.8289,53.7954
33089742,-142.50,-175.50,20.8516,43.0731
33093648,-116.50,-168.50,26.6577,28.6747
33097554,-26.50,-101.50,54.9631,33.5598
33101460,-17.50,-61.50,104.1722,70.2977
33105366,-114.50,-132.50,126.1285,102.8758
33109272,-146.50,-144.50,91.7086,93.5148
33113178,-132.50,-143.50,43.7754,64.2261
33117084,-132.50,-136.50,22.1451,47.4711
33120990,-140.50,-129.50,18.6727,46.7301
33124896,-143.50,-170.50,18.1239,47.0180
33128802,-149.50,-176.50,18.0590,35.4071
33132708,-154.50,-184.50,16.6824,19.1945
33136614,-160.50,-181.50,10.5969,7.8303
33140520,-174.50,-175.50,-0.6366,3.7580
33144426,-182.50,-186.50,-12.8369,4.9344
33148332,-177.50,-180.50,-18.4917,6.9807
33152238,-182.50,-158.50,-17.1865,12.8188
33156144,-176.50,-143.50,-16.0419,24.7301
33160050,-146.50,-168.50,-12.1068,32.0072
33163956,-140.50,-175.50,1.0767,26.3976
33167862,-154.50,-168.50,14.2086,18.6728
33171768,-156.50,-162.50,16.8981,18.7952
33175674,-175.50,-143.50,9.0023,24.7578
33179580,-164.50,-160.50,-3.3693,29.8154
33183486,-171.50,-197.50,-10.6665,22.8341
33187392,-172.50,-175.50,-11.1842,9.1591
33191298,-165.50,-150.50,-7.5839,9.6546
33195204,-152.50,-173.50,-0.7144,18.4972
33199110,-149.50,-189.50,6.0388,14.2646
33203016,-143.50,-187.50,10.5417,2.0863
33206922,-148.50,-191.50,14.1419,-3.1887
33210828,-120.50,-170.50,21.4128,-0.0410
33214734,-99.50,-148.50,36.7708,10.1503
33218640,-77.50,-143.50,56.1993,23.8792
33222546,-62.50,-130.50,74.2144,37.2415
33226452,-70.50,-116.50,87.3504,51.8647
33230358,-94.50,-125.50,88.2496,62.9917
33234264,-111.50,-136.50,73.8366,60.5212
33238170,-134.50,-136.50,49.5609,48.3502
33242076,-140.50,-152.50,24.9808,37.5506
33245982,-134.50,-155.50,11.7591,30.6741
33249888,-117.50,-141.50,15.6569,28.8992
33253794,-129.50,-143.50,26.3360,31.0833
33257700,-111.50,-152.50,31.7038,29.9416
33261606,-93.50,-139.50,37.0126,27.5119
33265512,-131.50,-165.50,40.7260,27.1659
33269418,-170.50,-207.50,26.9702,15.3531
33273324,-174.50,-202.50,0.2746,-9.8058
33277230,-165.50,-168.50,-18.5219,-23.1149
33281136,-168.50,-175.50,-23.8343,-14.8499
33285042,-174.50,-187.50,-24.0699,-4.2985
33288948,-184.50,-185.50,-24.7825,-2.5550
33292854,-191.50,-158.50,-27.6519,-0.6073
33296760,-176.50,-161.50,-30.6115,6.1873
33300666,-156.50,-192.50,-27.1713,5.8264
33304572,-164.50,-185.50,-18.3991,-3.9274
33308478,-174.50,-176.50,-13.3125,-7.5643
33312384,-161.50,-179.50,-11.5789,-3.6680
33316290,-178.50,-175.50,-11.4689,-2.4317
33320196,-146.50,-175.50,-12.8490,-3.6187
33324102,-146.50,-158.50,-8.1170,0.4850
33328008,-138.50,-156.50,2.6876,11.6102
33331914,-142.50,-161.50,12.7472,19.5896
33335820,-143.50,-150.50,16.6849,19.4918
33339726,-136.50,-154.50,14.2424,17.8171
33343632,-136.50,-165.50,11.3138,16.3445
33347538,-138.50,-161.50,11.3553,14.4703
33351444,-155.50,-164.50,11.3476,13.2174
33355350,-152.50,-152.50,7.3589,12.3802
33359256,-144.50,-142.50,2.7649,15.0895
33363162,-148.50,-147.50,0.6071,21.5578
33367068,-149.50,-160.50,0.0033,24.5172
33370974,-160.50,-175.50,0.0946,18.0733
33374880,-168.50,-186.50,-2.7416,3.2671
33378786,-166.50,-172.50,-9.7091,-9.6312
33382692,-161.50,-153.50,-15.6466,-7.8464
33386598,-172.50,-144.50,-17.9201,7.8070
33390504,-165.50,-140.50,-16.9912,24.2072
33394410,-156.50,-182.50,-11.4209,24.9543
33398316,-144.50,-166.50,-3.1219,9.4022
33402222,-144.50,-158.50,2.8027,-0.4675
33406128,-158.50,-174.50,2.8211,0.6979
33410034,-154.50,-167.50,-0.2240,1.6664
33413940,-148.50,-168.50,0.5678,1.6554
33417846,-143.50,-153.50,4.4109,3.7622
33421752,-140.50,-131.50,6.5032,12.2487
33425658,-144.50,-146.50,6.6947,23.6634
33429564,-155.50,-143.50,5.7200,28.1296
33433470,-143.50,-160.50,5.3367,24.2870
33437376,-121.50,-154.50,10.5969,16.1457
33441282,-111.50,-157.50,21.3167,9.5999
33445188,-116.50,-160.50,30.3346,6.6789
33449094,-118.50,-160.50,34.3447,5.8808
33453000,-128.50,-180.50,34.0653,3.2843
33456906,-128.50,-173.50,28.9566,-3.6846
33460812,-142.50,-148.50,18.8721,-5.1018
33464718,-143.50,-134.50,7.4148,6.3932
33468624,-134.50,-128.50,3.5916,23.0953
33472530,-114.50,-95.50,12.8133,40.5712
33476436,-79.50,-57.50,32.5703,64.6053
33480342,-36.50,-36.50,60.2543,93.4021
33484248,-64.50,-87.50,83.8261,106.4831
33488154,-134.50,-141.50,77.8146,84.8461
33492060,-152.50,-137.50,41.4750,45.6753
33495966,-125.50,-141.50,9.9109,20.0254
33499872,-129.50,-158.50,1.5685,7.9115
33503778,-126.50,-142.50,3.7357,1.1311
33507684,-122.50,-133.50,9.3596,5.3751
33511590,-128.50,-118.50,17.4983,19.7655
33515496,-130.50,-105.50,20.3890,35.2896
33519402,-112.50,-110.50,17.5583,43.8103
33523308,-115.50,-111.50,16.1556,43.1322
33527214,-128.50,-131.50,16.3714,37.0355
33531120,-136.50,-147.50,15.0392,26.3352
33535026,-143.50,-159.50,10.4461,11.2609
33538932,-136.50,-163.50,2.5597,-4.3683
33542838,-118.50,-156.50,-1.1821,-13.9443
33546744,-113.50,-146.50,6.1238,-11.8950
33550650,-147.50,-143.50,13.9871,-1.4500
33554556,-117.50,-143.50,14.2782,7.3783
33558462,-126.50,-126.50,13.3998,11.6067
33562368,-143.50,-144.50,7.1818,12.4424
33566274,-163.50,-143.50,-7.6853,8.8575
33570180,-164.50,-146.50,-20.1659,5.3697
33574086,-149.50,-152.50,-21.3589,3.3744
33577992,-143.50,-145.50,-15.1245,0.2694
33581898,-138.50,-142.50,-10.6100,-1.3162
33585804,-111.50,-121.50,-3.5400,3.8001
33589710,-106.50,-117.50,13.4554,16.5875
33593616,-131.50,-127.50,26.5128,26.6484
33597522,-136.50,-129.50,20.5169,25.3905
33601428,-131.50,-118.50,5.3070,19.9757
33605334,-152.50,-143.50,-6.4760,15.4327
33609240,-161.50,-152.50,-14.9466,7.0019
33613146,-164.50,-141.50,-20.3842,-0.6726
33617052,-162.50,-143.50,-23.4869,-1.6628
33620958,-164.50,-128.50,-27.4504,1.1724
33624864,-165.50,-124.50,-31.5396,7.1628
33628770,-148.50,-112.50,-28.6703,16.5299
33632676,-142.50,-118.50,-16.1421,25.3245
33636582,-127.50,-112.50,-2.1028,28.7271
33640488,-118.50,-153.50,7.3293,20.9411
33644394,-117.50,-148.50,12.6325,2.8970
33648300,-143.50,-139.50,12.2193,-8.3586
33652206,-154.50,-128.50,3.7163,-4.0152
33656112,-142.50,-142.50,-6.0563,3.3032
33660018,-159.50,-143.50,-13.1124,2.2813
33663924,-137.50,-156.50,-17.6537,-5.0807
33667830,-129.50,-141.50,-11.8333,-10.2944
33671736,-126.50,-130.50,2.4458,-6.4733
33675642,-120.50,-128.50,13.6151,2.6268
33679548,-134.50,-108.50,14.5024,11.6172
33683454,-148.50,-128.50,3.7583,17.9684
33687360,-153.50,-150.50,-9.8663,13.1050
33691269,-146.50,-175.50,-15.1232,-5.1706
33695175,-155.50,-176.50,-13.7056,-26.6432
33699081,-162.50,-166.50,-16.4098,-38.3695
33702987,-176.50,-170.50,-26.3920,-38.1529
33706893,-171.50,-172.50,-35.7263,-34.5142
33710799,-164.50,-162.50,-35.6535,-30.6306
33714705,-158.50,-161.50,-28.0857,-25.7093
33718611,-146.50,-144.50,-20.0192,-20.1398
33722517,-145.50,-130.50,-13.8333,-11.0620
33726423,-148.50,-132.50,-10.0504,0.2218
33730329,-148.50,-134.50,-8.0257,7.0510
33734235,-138.50,-120.50,-5.3883,10.1080
33738141,-141.50,-133.50,-2.8753,11.1909
33742047,-137.50,-132.50,-2.7665,7.7045
33745953,-149.50,-132.50,-4.4165,3.6558
33749859,-154.50,-160.50,-7.4690,-1.0911
33753765,-161.50,-161.50,-12.1892,-11.5413
33757671,-186.50,-208.50,-22.3386,-29.6509
33761577,-205.50,-200.50,-41.1529,-52.7104
33765483,-254.50,-222.50,-67.4887,-69.9528
33769389,-262.50,-217.50,-95.9334,-78.0220
33773295,-284.50,-260.50,-117.8627,-86.2494
33777201,-333.50,-304.50,-140.1559,-108.8387
33781107,-357.50,-329.50,-171.5954,-144.5748
33785013,-362.50,-350.50,-198.8933,-177.0568
33788919,-401.50,-399.50,-215.3093,-204.3296
33792825,-458.50,-463.50,-237.9835,-239.7508
33796731,-556.50,-533.50,-285.8279,-290.7098
33800637,-597.50,-564.50,-353.1318,-346.3296
33804543,-644.50,-591.50,-413.3538,-388.8499
33808449,-696.50,-627.50,-457.6906,-416.5827
33812355,-701.50,-655.50,-488.9742,-438.5574
33816261,-703.50,-677.50,-501.1622,-457.0302
33820167,-736.50,-709.50,-502.3306,-473.4068
33824073,-762.50,-719.50,-509.8341,-489.2567
33827979,-767.50,-742.50,-521.6702,-502.0606
33831885,-744.50,-720.50,-521.8297,-505.3607
33835791,-748.50,-734.50,-507.4124,-496.1779
33839697,-723.50,-736.50,-487.3598,-484.8595
33843603,-712.50,-747.50,-463.6494,-479.5210
33847509,-741.50,-721.50,-444.9315,-473.4185
33851415,-733.50,-710.50,-439.6490,-457.1657
33855321,-719.50,-687.50,-435.2831,-431.7826
33859227,-719.50,-671.50,-423.6124,-403.0127
33863133,-682.50,-652.50,-404.6175,-374.8074
33867039,-648.50,-607.50,-372.5141,-344.5723
33870945,-611.50,-649.50,-329.3784,-318.9411
33874851,-589.50,-624.50,-286.6005,-309.0691
33878757,-590.50,-614.50,-255.8196,-300.8889
33882663,-569.50,-600.50,-237.6600,-284.3173
33886569,-546.50,-577.50,-219.3455,-263.7564
33890475,-512.50,-554.50,-192.5984,-239.1655
33894381,-478.50,-512.50,-158.5539,-207.6754
33898287,-470.50,-512.50,-125.3365,-173.7125
33902193,-447.50,-466.50,-99.6273,-144.0398
33906099,-409.50,-426.50,-74.2682,-111.3490
33910005,-388.50,-395.50,-43.8897,-72.6030
33913911,-346.50,-370.50,-11.8612,-35.5946
33917817,-330.50,-331.50,19.5687,-1.3081
33921723,-306.50,-314.50,47.3830,31.1055
33925629,-267.50,-272.50,74.5504,60.5115
33929535,-233.50,-239.50,106.3878,90.9108
33933441,-196.50,-224.50,140.5628,121.2532
33937347,-137.50,-130.50,178.5142,157.8184
33941253,-100.50,-97.50,222.9972,210.1212
33945159,-97.50,-109.50,261.3057,253.2967
33949065,-64.50,-122.50,284.0220,262.6005
33952971,-37.50,-79.50,301.2576,257.8046
33956877,-40.50,-60.50,315.9029,266.7365
33960783,-8.50,-34.50,325.9341,287.2560
33964689,15.50,5.50,340.5064,311.4478
33968595,48.50,47.50,362.7773,342.2197
33972501,76.50,77.50,387.4554,377.2158
33976407,117.50,106.50,412.8666,408.2971
33980313,165.50,129.50,443.3191,431.5322
33984219,189.50,157.50,477.5705,449.4258
33988125,201.50,186.50,503.6737,467.4475
33992031,197.50,197.50,512.7301,485.3803
33995937,190.50,182.50,505.5975,492.8075
33999843,173.50,169.50,488.2152,482.5059
34003749,176.50,176.50,469.0705,464.0383
34007655,172.50,165.50,455.3494,449.0423
34011561,166.50,114.50,445.2340,429.1142
34015467,160.50,80.50,433.7964,393.2971
34019373,129.50,71.50,416.8101,353.2486
34023279,119.50,67.50,393.0266,325.3439
34027185,112.50,89.50,370.2234,314.5376
34031091,102.50,78.50,352.8402,315.4814
34034997,113.50,54.50,340.9274,312.1028
34038903,105.50,76.50,334.7934,302.0459
34042809,91.50,78.50,327.7165,297.2921
34046715,84.50,94.50,315.1116,298.4402
34050621,91.50,84.50,302.6066,299.5054
34054527,54.50,58.50,289.1337,292.7729
34058433,18.50,22.50,263.6347,271.4969
34062339,16.50,10.50,231.9417,240.2358
34066245,-27.50,-32.50,204.2893,205.7233
34070151,-43.50,-36.50,175.6427,172.3945
34074057,-133.50,-77.50,135.4466,145.0322
34077963,-111.50,-85.50,89.1275,122.1436
34081869,-167.50,-129.50,55.0898,98.0555
34085775,-249.50,-193.50,17.5200,60.5404
34089681,-309.50,-241.50,-42.3744,6.4429
34093587,-352.50,-291.50,-107.2301,-49.5032
34097493,-401.50,-318.50,-161.2749,-95.3979
34101399,-457.50,-337.50,-208.1433,-127.5669
34105305,-530.50,-438.50,-258.3733,-162.7861
34109211,-573.50,-512.50,-312.6112,-222.8965
34113117,-582.50,-533.50,-355.4210,-289.1555
34117023,-585.50,-546.50,-374.6329,-329.4762
34120929,-542.50,-559.50,-368.2292,-344.5692
34124835,-561.50,-548.50,-345.7293,-346.6832
34128741,-575.50,-559.50,-330.7531,-340.9204
34132647,-548.50,-539.50,-325.4004,-329.9871
34136553,-528.50,-545.50,-312.5121,-316.3167
34140459,-516.50,-525.50,-291.9242,-303.8250
34144365,-528.50,-516.50,-275.3692,-291.1091
34148271,-542.50,-533.50,-269.7908,-280.1786
34152177,-527.50,-541.50,-268.9388,-277.2118
34156083,-495.50,-536.50,-258.9712,-277.5716
34159989,-481.50,-523.50,-237.8803,-273.3199
34163895,-463.50,-512.50,-213.8728,-262.8878
34167801,-460.50,-481.50,-191.6491,-244.6997
34171707,-438.50,-458.50,-171.6877,-216.3456
34175613,-417.50,-431.50,-152.1405,-182.8781
34179519,-380.50,-381.50,-129.8896,-147.5852
34183425,-309.50,-320.50,-94.5753,-104.4946
34187331,-276.50,-316.50,-42.1482,-59.0725
34191237,-286.50,-302.50,3.7378,-27.2253
34195143,-273.50,-284.50,23.3806,-8.1040
34199049,-288.50,-270.50,22.8194,6.7253
34202955,-284.50,-258.50,13.8957,18.0932
34206861,-255.50,-249.50,12.9119,27.1912
34210767,-249.50,-231.50,27.7733,38.9326
34214673,-197.50,-207.50,52.8650,57.2872
34218579,-162.50,-212.50,86.0880,75.0599
34222485,-142.50,-188.50,119.7642,84.5395
34226391,-111.50,-129.50,147.4542,100.3133
34230297,-79.50,-97.50,174.8421,135.3082
34234203,-79.50,-104.50,199.2717,170.9677
34238109,-61.50,-90.50,212.1216,187.8716
34242015,-30.50,-81.50,220.9914,191.7846
34245921,-14.50,-56.50,236.1967,195.8497
34249827,-10.50,-25.50,252.5988,209.2872
34253733,-2.50,-15.50,262.4889,230.8130
34257639,18.50,23.50,268.1703,253.7751
34261545,32.50,39.50,275.1045,276.1772
34265451,39.50,43.50,282.8617,291.3112
34269357,42.50,45.50,288.6655,294.9558
34273263,43.50,75.50,291.1222,297.6839
34277169,47.50,94.50,289.6932,309.7531
34281075,50.50,99.50,285.4466,324.0552
34284981,64.50,83.50,282.7567,326.4322
34288887,59.50,64.50,283.8688,312.9939
34292793,77.50,64.50,287.1711,293.7265
34296699,102.50,87.50,295.1979,284.1236
34300605,124.50,112.50,308.8041,290.4425
34304511,114.50,123.50,319.0758,304.7849
34308417,144.50,125.50,323.8478,315.7273
34312323,158.50,126.50,332.8379,319.2688
34316229,144.50,131.50,340.5122,317.7183
34320135,153.50,132.50,336.4257,313.1916
34324041,139.50,128.50,325.4619,305.6995
34327947,127.50,130.50,311.6093,297.5887
34331853,127.50,119.50,297.7096,290.8671
34335759,130.50,99.50,288.3244,280.0816
34339665,128.50,107.50,281.8833,264.3245
34343571,130.50,137.50,275.5595,256.9266
34347477,114.50,133.50,267.9681,262.4221
34351383,123.50,144.50,259.7720,270.1596
34355289,129.50,132.50,255.3921,272.6050
34359195,128.50,86.50,253.3277,259.2575
34363101,128.50,93.50,248.8889,230.3628
34367007,128.50,80.50,243.6681,205.2893
34370913,107.50,67.50,236.5747,189.6914
34374819,111.50,79.50,225.0084,180.7597
34378725,112.50,69.50,213.8858,177.5319
34382631,93.50,44.50,203.3771,168.7137
34386537,73.50,28.50,187.6250,148.2596
34390443,50.50,22.50,166.6517,126.2889
34394349,31.50,-12.50,143.0600,107.1679
34398255,48.50,-10.50,123.9382,87.8068
34402161,27.50,-15.50,113.3258,72.9751
34406067,27.50,-0.50,105.0711,67.4808
34409973,35.50,13.50,100.5945,72.3714
34413879,19.50,-12.50,99.5730,78.4369
34417785,16.50,-0.50,92.8224,75.8432
34421691,13.50,-1.50,81.4126,70.8915
34425597,9.50,6.50,72.1316,68.8401
34429503,9.50,16.50,67.4420,70.4714
34433409,-6.50,28.50,63.4754,77.4722
34437315,13.50,16.50,58.4568,84.2004
34441221,28.50,17.50,59.7490,83.1556
34445127,39.50,-1.50,69.0468,73.6921
34449033,19.50,-9.50,76.0748,58.7126
34452939,-16.50,-12.50,67.4673,44.9806
34456845,-46.50,-24.50,40.0732,35.9865
34460751,-34.50,-47.50,10.1603,24.9281
34464657,-31.50,-48.50,-3.8494,9.4351
34468563,-25.50,-57.50,-2.1151,-3.9622
34472469,-32.50,-42.50,4.2692,-9.5473
34476375,-47.50,-50.50,4.3832,-7.7719
34480281,-41.50,-30.50,-3.5521,-2.7100
34484187,-19.50,-20.50,-7.7427,5.6631
34488093,-20.50,-35.50,-2.1277,11.8097
34491999,43.50,-0.50,16.0848,14.7432
34495905,70.50,49.50,50.9896,31.7385
34499811,32.50,10.50,77.9185,55.1497
34503717,-39.50,-29.50,62.2953,51.6242
34507623,-68.50,-46.50,11.4766,21.3491
34511529,-54.50,-34.50,-32.3319,-5.5193
34515435,-62.50,-35.50,-47.6451,-14.5042
34519341,-101.50,-64.50,-55.0112,-18.6106
34523247,-101.50,-79.50,-70.3854,-31.2596
34527153,-72.50,-40.50,-77.5883,-39.4301
34531059,-80.50,-12.50,-69.2104,-26.3060
34534965,-79.50,-27.50,-61.7476,-6.4555
34538871,-85.50,-47.50,-62.6192,-3.8565
34542777,-89.50,-89.50,-66.9653,-21.9667
34546683,-97.50,-112.50,-71.6884,-51.8114
34550589,-96.50,-92.50,-76.0857,-75.9920
34554495,-92.50,-79.50,-78.6820,-80.5633
34558401,-92.50,-81.50,-78.6456,-72.3262
34562307,-101.50,-80.50,-78.5973,-63.4979
34566213,-110.50,-88.50,-81.6744,-58.6531
34570119,-94.50,-88.50,-84.3552,-59.9195
34574025,-83.50,-109.50,-80.2711,-69.2527
34577931,-79.50,-90.50,-71.7978,-80.2499
34581837,-68.50,-92.50,-63.0347,-80.7113
34585743,-58.50,-87.50,-52.6961,-72.3660
34589649,-40.50,-80.50,-40.0416,-64.1574
34593555,-67.50,-73.50,-33.2920,-59.1217
34597461,-77.50,-62.50,-41.5382,-55.1740
34601367,-67.50,-47.50,-53.7970,-46.5976
34605273,-64.50,-57.50,-55.6627,-35.4506
34609179,-62.50,-64.50,-50.8015,-32.1405
34613085,-72.50,-66.50,-49.0776,-38.6305
34616991,-82.50,-77.50,-54.6034,-48.9789
34620897,-70.50,-86.50,-60.7509,-59.1665
34624803,-56.50,-79.50,-57.6503,-64.3186
34628709,-52.50,-85.50,-47.4628,-63.6167
34632615,-63.50,-91.50,-41.5186,-64.7720
34636521,-77.50,-94.50,-46.0885,-70.8621
34640427,-96.50,-107.50,-58.9420,-78.3148
34644333,-114.50,-111.50,-76.0111,-84.7386
34648239,-131.50,-116.50,-94.6362,-89.2614
34652145,-138.50,-148.50,-111.3250,-98.2041
34656051,-126.50,-168.50,-119.2954,-117.9656
34659957,-148.50,-172.50,-119.6897,-139.0758
34663863,-169.50,-168.50,-125.4757,-148.2483
34667769,-161.50,-159.50,-136.7439,-144.6215
34671675,-162.50,-168.50,-142.3214,-137.9922
34675581,-173.50,-147.50,-143.5984,-133.2211
34679487,-186.50,-152.50,-147.8716,-126.5805
34683393,-175.50,-149.50,-152.0612,-119.8563
34687299,-145.50,-126.50,-145.3437,-112.0568
34691205,-164.50,-113.50,-131.9788,-98.7100
34695111,-165.50,-172.50,-127.5414,-95.1854
34699017,-166.50,-176.50,-130.0986,-113.4131
34702923,-182.50,-177.50,-133.3286,-133.2798
34706829,-186.50,-159.50,-139.4078,-136.9180
34710735,-168.50,-148.50,-143.0207,-127.3799
34714641,-170.50,-155.50,-138.6507,-116.1192
34718547,-172.50,-145.50,-132.0616,-109.1293
34722453,-170.50,-159.50,-127.5669,-105.2279
34726359,-164.50,-154.50,-123.4449,-105.5636
34730269,-161.50,-165.50,-119.2979,-109.8182
34734175,-146.50,-175.50,-113.8617,-117.1190
34738081,-149.50,-184.50,-105.9129,-125.2936
34741987,-165.50,-189.50,-101.6639,-130.8307
34745893,-169.50,-190.50,-105.5933,-133.7202
34749799,-167.50,-175.50,-112.0107,-133.0222
34753705,-175.50,-156.50,-116.6462,-124.4858
34757611,-176.50,-164.50,-119.8340,-111.1820
34761517,-172.50,-175.50,-119.3190,-104.2567
34765423,-153.50,-196.50,-111.7083,-109.6291
34769329,-128.50,-219.50,-96.0351,-126.5208
34773235,-107.50,-208.50,-75.0388,-144.5440
34777141,-91.50,-189.50,-53.2550,-147.0744
34781047,-72.50,-177.50,-32.3561,-132.0291
34784953,-64.50,-180.50,-13.7631,-114.0246
34788859,-60.50,-164.50,-1.9532,-102.5638
34792765,-56.50,-157.50,2.0347,-94.3853
34796671,-98.50,-165.50,-4.3323,-88.8180
34800577,-127.50,-144.50,-25.7419,-84.2698
34804483,-125.50,-113.50,-50.6304,-70.3248
34808389,-136.50,-127.50,-65.5915,-51.5427
34812295,-148.50,-145.50,-75.2526,-47.2188
34820107,-154.50,-166.50,-84.4323,-60.5732
34824013,-153.50,-168.50,-89.0025,-77.8288
34827919,-157.50,-172.50,-88.2229,-87.9523
34831825,-156.50,-173.50,-87.2163,-91.3032
34835731,-143.50,-184.50,-86.1194,-93.7327
34839637,-130.50,-182.50,-79.4601,-96.8004
34843543,-125.50,-164.50,-67.0506,-94.2702
34847449,-143.50,-171.50,-58.4485,-85.7563
34851355,-160.50,-174.50,-63.3887,-81.1971
34855261,-179.50,-176.50,-80.4320,-82.7827
34859167,-191.50,-209.50,-100.3790,-90.1378
34863073,-206.50,-205.50,-115.9973,-102.6594
34866979,-205.50,-203.50,-124.4660,-110.3993
34870885,-192.50,-207.50,-123.8252,-110.9102
34874791,-180.50,-208.50,-114.9390,-110.2766
34878697,-207.50,-194.50,-108.6161,-106.9193
34882603,-202.50,-152.50,-111.6230,-91.6941
34886509,-189.50,-172.50,-112.4978,-70.0794
34890415,-180.50,-168.50,-104.0933,-60.4355
34894321,-181.50,-156.50,-94.6402,-59.3705
34898227,-175.50,-148.50,-89.3092,-53.8440
34902133,-168.50,-148.50,-83.8139,-45.5173
34906039,-162.50,-157.50,-75.1817,-41.9225
34909945,-160.50,-154.50,-66.9963,-43.9701
34913851,-169.50,-173.50,-64.6933,-48.9870
34917757,-168.50,-165.50,-68.0108,-54.9833
34921663,-147.50,-166.50,-66.7871,-57.1206
34925569,-144.50,-175.50,-55.9051,-57.0360
34929475,-140.50,-175.50,-44.2044,-59.1530
34933381,-154.50,-188.50,-40.8997,-63.0608
34937287,-136.50,-189.50,-42.7353,-68.1395
34941193,-132.50,-174.50,-39.4052,-69.2718
34945099,-111.50,-129.50,-28.3894,-56.2197
34949005,-110.50,-116.50,-14.8807,-29.1852
34952911,-111.50,-164.50,-6.4226,-12.7634
34956817,-129.50,-175.50,-7.9210,-23.6312
34960723,-111.50,-166.50,-13.2399,-41.9775
34964629,-89.50,-126.50,-8.8215,-42.5186
34968535,-85.50,-111.50,5.3047,-23.2724
34972441,-72.50,-81.50,18.6390,3.9070
34976347,-47.50,-62.50,32.0581,32.3035
34980253,-14.50,-53.50,52.6425,56.2869
34984159,6.50,-34.50,78.9089,71.2587
34988065,-17.50,-46.50,95.8552,77.0739
34991971,-13.50,-50.50,94.5819,73.9667
34995877,-7.50,-44.50,88.1388,69.6233
34999783,-13.50,-47.50,85.6812,69.7387
35003689,-8.50,-61.50,83.8775,67.0680
35007595,-31.50,-78.50,78.7378,54.9460
35011501,-17.50,-38.50,71.2762,46.2811
35015407,-15.50,-58.50,69.3105,51.9414
35019313,-41.50,-64.50,67.6677,56.6934
35023219,-34.50,-64.50,58.6645,52.1754
35027125,-48.50,-78.50,48.7640,43.5711
35031031,-66.50,-78.50,38.4914,33.7837
35034937,-68.50,-76.50,26.3809,28.4161
35038843,-61.50,-68.50,19.1299,30.3715
35042749,-62.50,-75.50,18.6613,34.2686
35046655,-64.50,-64.50,19.6882,35.5135
35050561,-64.50,-68.50,19.6034,36.0040
35054467,-62.50,-79.50,19.7855,34.6125
35058373,-88.50,-75.50,16.0765,30.7126
35062279,-85.50,-63.50,5.3958,30.2863
35066185,-80.50,-50.50,-2.7847,36.3289
35070091,-98.50,-59.50,-5.8018,43.0808
35073997,-92.50,-79.50,-9.3381,41.2632
35077903,-104.50,-122.50,-13.1978,24.6317
35081809,-111.50,-120.50,-18.8640,-0.8675
35085715,-91.50,-109.50,-22.5463,-17.1241
35089621,-80.50,-104.50,-16.1646,-17.5033
35093527,-94.50,-98.50,-6.9145,-9.7800
35097433,-111.50,-104.50,-8.2257,-1.6579
35101339,-122.50,-117.50,-20.2286,-0.3842
35105245,-111.50,-112.50,-31.3507,-6.5932
35109151,-109.50,-116.50,-33.3589,-13.4866
35113057,-116.50,-116.50,-30.8428,-17.1854
35116963,-100.50,-108.50,-27.3590,-15.4893
35120869,-111.50,-97.50,-22.4990,-7.3974
35124775,-109.50,-93.50,-21.1442,2.0907
35128681,-121.50,-93.50,-25.2994,6.8064
35132587,-129.50,-107.50,-33.0652,4.7311
35136493,-126.50,-143.50,-39.7075,-6.7507
35140399,-122.50,-112.50,-40.2356,-19.8485
35144305,-117.50,-116.50,-36.1911,-21.0610
35148211,-126.50,-111.50,-33.4349,-16.3082
35152117,-138.50,-111.50,-36.8228,-13.3352
35156023,-115.50,-108.50,-39.8824,-9.6404
35159929,-113.50,-107.50,-33.9603,-4.9257
35163835,-116.50,-114.50,-26.1945,-3.6527
35167741,-113.50,-111.50,-23.7675,-7.7395
35171647,-121.50,-106.50,-24.5638,-10.7438
35175553,-113.50,-93.50,-25.4022,-5.9634
35179459,-123.50,-116.50,-25.4756,0.5591
35183365,-130.50,-133.50,-28.6947,-4.8712
35187271,-125.50,-124.50,-33.8098,-18.5714
35191177,-139.50,-120.50,-37.2740,-25.2964
35195083,-160.50,-125.50,-44.3441,-23.5815
35198989,-163.50,-128.50,-56.2944,-20.8872
35202895,-175.50,-157.50,-67.4027,-25.1445
35206801,-177.50,-157.50,-75.6428,-38.5289
35210707,-175.50,-156.50,-79.4415,-50.5975
35214613,-175.50,-158.50,-77.9856,-54.2788
35218519,-184.50,-200.50,-76.0270,-59.4643
35222425,-158.50,-170.50,-73.0855,-68.6427
35226331,-162.50,-155.50,-65.2353,-66.4358
35230237,-164.50,-180.50,-58.5792,-58.4692
35234143,-161.50,-187.50,-56.2440,-61.6888
35238049,-154.50,-166.50,-53.0813,-65.9536
35241955,-148.50,-162.50,-47.4310,-58.7776
35245861,-156.50,-163.50,-43.4286,-49.1536
35249767,-164.50,-169.50,-45.2668,-47.2283
35253673,-180.50,-166.50,-52.4900,-49.7449
35257579,-181.50,-168.50,-61.2892,-49.8695
35261485,-158.50,-162.50,-63.1309,-46.6938
35265391,-143.50,-128.50,-52.7064,-37.6387
35269297,-125.50,-124.50,-34.8916,-21.6965
35273203,-122.50,-126.50,-17.1703,-8.5502
35277109,-111.50,-100.50,-3.8342,1.1859
35281015,-88.50,-79.50,7.9250,16.9882
35284921,-79.50,-82.50,21.0779,33.5212
35288827,-96.50,-101.50,28.4718,36.4395
35292733,-106.50,-83.50,24.4509,30.0414
35296639,-111.50,-75.50,15.2549,31.1662
35300545,-100.50,-79.50,9.7682,38.7556
35304451,-110.50,-82.50,8.1778,41.0892
35308357,-110.50,-99.50,5.6259,34.6869
35312263,-117.50,-96.50,2.6495,24.6841
35316169,-111.50,-105.50,2.2332,18.0825
35320075,-109.50,-109.50,4.2473,13.9381
35323981,-111.50,-111.50,5.1533,9.2503
35327887,-97.50,-133.50,5.7933,1.6201
35331793,-112.50,-139.50,8.4398,-10.0899
35335699,-137.50,-147.50,4.8636,-20.6745
35339605,-143.50,-144.50,-8.5361,-26.2881
35343511,-148.50,-145.50,-23.1415,-27.9123
35347417,-129.50,-169.50,-29.2863,-31.9463
35351323,-165.50,-178.50,-29.7165,-42.7502
35355229,-158.50,-165.50,-33.9034,-50.9302
35359135,-175.50,-160.50,-40.4762,-48.4893
35363041,-189.50,-160.50,-50.1979,-41.9915
35366947,-188.50,-154.50,-62.7813,-37.4585
35370853,-202.50,-193.50,-71.6534,-39.7538
35374759,-186.50,-200.50,-73.1381,-53.0934
35378665,-195.50,-211.50,-68.0162,-69.3361
35382571,-198.50,-218.50,-65.2302,-81.6757
35386477,-189.50,-218.50,-66.5965,-89.4342
35390383,-185.50,-201.50,-64.6118,-87.9847
35394289,-177.50,-179.50,-57.1534,-73.7150
35398195,-166.50,-177.50,-46.1787,-54.2015
35402101,-160.50,-160.50,-35.2195,-39.5757
35406007,-172.50,-143.50,-30.5325,-27.4779
35409913,-175.50,-122.50,-33.9455,-11.6164
35413819,-164.50,-132.50,-36.5245,3.8094
35417725,-153.50,-152.50,-30.5779,6.5727
35421631,-157.50,-162.50,-21.7317,-5.2689
35425537,-162.50,-181.50,-19.1820,-22.7534
35429443,-164.50,-182.50,-22.2204,-38.0215
35433349,-154.50,-172.50,-22.9492,-43.5411
35437255,-149.50,-175.50,-17.7203,-39.3815
35441161,-146.50,-175.50,-10.9462,-34.5318
35445067,-133.50,-166.50,-5.0172,-31.5955
35448973,-112.50,-154.50,5.0868,-25.9139
35452879,-110.50,-145.50,19.5875,-16.0202
35456785,-114.50,-141.50,29.4867,-5.5144
35460691,-127.50,-130.50,28.4844,3.2403
35464597,-146.50,-134.50,17.0145,9.4156
35468503,-158.50,-146.50,0.1894,9.1717
35472409,-164.50,-155.50,-14.2364,1.6645
35476315,-168.50,-148.50,-22.4366,-5.7361
35480221,-168.50,-142.50,-25.7458,-6.0920
35484127,-169.50,-138.50,-26.4998,-1.0806
35488033,-129.50,-123.50,-19.6296,6.4096
35491939,-111.50,-113.50,0.7940,17.0276
35495845,-111.50,-128.50,23.3900,24.9624
35499751,-118.50,-142.50,33.4236,21.5198
35503657,-139.50,-137.50,28.4438,11.4184
35507563,-140.50,-158.50,15.1508,2.0911
35511469,-142.50,-144.50,4.3202,-4.7830
35515375,-152.50,-149.50,-1.6104,-5.8055
35519281,-133.50,-166.50,-2.7105,-6.4448
35523187,-145.50,-155.50,1.3934,-10.7947
35527093,-152.50,-143.50,2.3736,-10.1805
35530999,-148.50,-149.50,-1.6455,-4.3409
35534905,-138.50,-163.50,-2.4853,-3.4346
35538811,-143.50,-184.50,1.0122,-12.3929
35542717,-175.50,-185.50,-1.6827,-25.9941
35546623,-168.50,-146.50,-13.2432,-28.8559
35550529,-133.50,-113.50,-15.7396,-10.1224
35554435,-170.50,-175.50,-8.6075,7.5987
35558341,-212.50,-217.50,-17.8578,-7.0829
35562247,-229.50,-225.50,-45.7651,-41.9776
35566153,-223.50,-226.50,-68.5989,-67.4143
35570059,-213.50,-221.50,-73.9737,-76.6619
35573965,-176.50,-203.50,-62.5618,-72.4601
35577871,-164.50,-207.50,-39.0750,-59.2346
35581777,-158.50,-239.50,-15.3038,-52.5708
35585683,-121.50,-222.50,5.1287,-58.7827
35589589,-100.50,-205.50,27.7635,-62.2312
35593495,-110.50,-204.50,44.8051,-55.9603
35597401,-116.50,-186.50,47.1153,-44.1160
35601307,-104.50,-149.50,44.4285,-22.8626
35605213,-104.50,-129.50,47.0824,6.5291
35609119,-111.50,-127.50,49.0765,29.0412
35613025,-128.50,-125.50,41.9742,36.7394
35616931,-113.50,-111.50,32.2909,39.8469
35620837,-103.50,-118.50,33.5512,46.1556
35624743,-128.50,-128.50,39.2956,48.0781
35628649,-145.50,-139.50,32.3121,39.3875
35632555,-160.50,-158.50,13.5390,23.3807
35636461,-164.50,-168.50,-4.3842,6.9259
35640367,-164.50,-175.50,-13.1849,-3.9197
35644273,-164.50,-181.50,-13.5212,-9.9009
35648179,-162.50,-192.50,-11.0266,-16.8743
35652085,-181.50,-207.50,-12.5052,-28.0412
35655991,-191.50,-204.50,-21.5878,-38.2697
35659897,-206.50,-207.50,-34.2237,-40.9082
35663803,-208.50,-207.50,-44.8174,-38.9367
35667709,-198.50,-209.50,-48.8157,-38.5732
35671615,-180.50,-196.50,-42.9641,-38.3355
35675521,-173.50,-190.50,-30.0308,-32.7469
35679427,-166.50,-175.50,-16.6155,-21.0201
35683333,-128.50,-154.50,-0.8526,-4.8553
35687239,-112.50,-158.50,21.4748,9.7572
35691145,-128.50,-152.50,38.1108,16.1080
35695051,-122.50,-143.50,40.0679,19.1858
35698957,-111.50,-125.50,39.3307,27.6649
35702863,-120.50,-141.50,42.2031,37.1312
35706769,-142.50,-137.50,38.4866,38.0837
35710675,-148.50,-156.50,24.9995,30.9179
35714581,-154.50,-172.50,11.5363,18.3014
35718487,-153.50,-180.50,4.8304,4.0715
35722393,-155.50,-185.50,3.5904,-6.3496
35726299,-158.50,-189.50,3.2850,-12.9077
35730205,-144.50,-184.50,4.0382,-16.2031
35734111,-143.50,-169.50,8.8049,-12.8552
35738017,-160.50,-161.50,11.5275,-2.0432
35741923,-159.50,-168.50,7.2812,8.0361
35745829,-158.50,-178.50,2.2118,8.5562
35749735,-153.50,-211.50,1.2047,-3.6891
35753641,-152.50,-210.50,3.3254,-22.7879
35757547,-175.50,-207.50,2.4855,-34.4451
35761453,-184.50,-194.50,-6.2925,-32.7338
35765359,-177.50,-184.50,-15.8889,-22.6296
35769269,-180.50,-177.50,-19.3634,-10.6125
35773175,-160.50,-172.50,-16.4014,-0.7347
35777081,-152.50,-174.50,-6.1940,5.3411
35780987,-144.50,-174.50,7.3451,6.9465
35784893,-140.50,-171.50,18.0485,6.3521
35788799,-111.50,-146.50,27.9325,10.4791
35792705,-111.50,-136.50,39.9915,23.3644
35796611,-127.50,-136.50,46.0187,37.3277
35800517,-130.50,-154.50,41.7117,41.1518
35804423,-122.50,-148.50,36.5452,35.1638
35808329,-136.50,-153.50,33.6733,28.6327
35812235,-121.50,-154.50,30.6396,24.8157
35816141,-104.50,-144.50,34.3631,24.5120
35820047,-108.50,-143.50,45.2803,28.9142
35823953,-92.50,-164.50,55.4101,30.1755
35827859,-92.50,-152.50,62.6447,24.8984
35831765,-92.50,-159.50,65.2747,20.5574
35835671,-93.50,-144.50,63.6915,21.0607
35839577,-90.50,-144.50,62.5445,26.1240
35843483,-79.50,-134.50,65.3656,33.2349
35847389,-47.50,-94.50,75.8136,45.9302
35851295,-63.50,-80.50,88.6914,67.7443
35855201,-96.50,-124.50,86.6163,79.8698
35859107,-143.50,-146.50,61.7811,65.8142
35863013,-149.50,-148.50,27.5522,41.1795
35866919,-136.50,-114.50,5.7444,31.4931
35870825,-148.50,-146.50,0.1821,35.1599
35874731,-150.50,-148.50,-1.2627,32.8900
35878637,-140.50,-125.50,0.0626,29.9610
35882543,-147.50,-146.50,5.2270,34.1142
35886449,-165.50,-141.50,3.8766,34.0264
35890355,-156.50,-143.50,-5.7664,28.9365
35894261,-140.50,-163.50,-9.2253,22.0929
35898167,-157.50,-158.50,-3.8181,14.4123
35902073,-136.50,-143.50,2.4612,13.9547
35905979,-124.50,-138.50,11.2393,21.5558
35909885,-111.50,-126.50,22.4414,30.0664
35913791,-97.50,-114.50,33.5438,38.9492
35917697,-86.50,-116.50,46.2367,48.5330
35921603,-89.50,-114.50,57.8046,54.6338
35925509,-97.50,-113.50,61.0127,55.7626
35929415,-111.50,-112.50,52.8110,53.7457
35933321,-94.50,-111.50,42.3411,51.5446
35937227,-79.50,-127.50,43.7707,49.0250
35941133,-50.50,-130.50,60.2184,43.6566
35945039,-95.50,-121.50,73.7221,38.9263
35948945,-102.50,-145.50,65.2085,34.1163
35952851,-101.50,-148.50,46.6003,24.0512
35956757,-105.50,-143.50,35.7863,16.0205
35960663,-115.50,-132.50,30.7974,18.1848
35964569,-107.50,-101.50,27.9922,30.6151
35968475,-112.50,-157.50,27.6862,38.0559
35972381,-117.50,-143.50,26.2797,27.3473
35976287,-125.50,-136.50,21.0042,17.2894
35980193,-133.50,-143.50,13.4934,18.4594
35984099,-136.50,-141.50,6.4120,19.7299
35988005,-125.50,-136.50,3.7470,19.1139
35991911,-125.50,-121.50,6.4134,22.5184
35995817,-79.50,-45.50,17.2187,43.4451
35999723,-33.50,-56.50,45.0897,79.9953
36003629,-142.50,-185.50,62.7688,82.0967
36007535,-200.50,-207.50,28.9128,26.9544
36011441,-165.50,-202.50,-24.1607,-30.9582
36015347,-182.50,-239.50,-47.7881,-59.6061
36019253,-239.50,-288.50,-60.6235,-83.5036
36023159,-266.50,-306.50,-87.9572,-114.3695
36027065,-281.50,-335.50,-116.9469,-141.3058
36030971,-270.50,-302.50,-131.4730,-153.8583
36034877,-271.50,-306.50,-132.8231,-149.5027
36038783,-297.50,-324.50,-134.7683,-143.6670
36042689,-282.50,-323.50,-139.8919,-145.4051
36046595,-281.50,-334.50,-136.5082,-147.4705
36050501,-284.50,-331.50,-127.9242,-148.2842
36054407,-261.50,-304.50,-121.4827,-144.9157
36058313,-236.50,-262.50,-110.0692,-127.3686
36062219,-209.50,-304.50,-87.4692,-105.2795
36066125,-200.50,-286.50,-59.1309,-96.4942
36070031,-204.50,-264.50,-38.7403,-90.3504
36073937,-207.50,-244.50,-34.4301,-75.9314
36077843,-202.50,-238.50,-39.4397,-60.5780
36081749,-204.50,-239.50,-42.6464,-49.6237
36085655,-186.50,-224.50,-37.7372,-39.6437
36089561,-177.50,-236.50,-24.6382,-30.4538
36093467,-189.50,-228.50,-14.5289,-28.7034
36097373,-176.50,-220.50,-13.8968,-30.6876
36101279,-171.50,-207.50,-13.1971,-26.3755
36105185,-175.50,-219.50,-8.2432,-16.6992
36109091,-170.50,-205.50,-3.3808,-8.5969
36112997,-156.50,-193.50,1.6766,-1.9787
36116903,-144.50,-191.50,9.1936,3.5022
36120809,-144.50,-213.50,17.3477,2.8342
36124715,-155.50,-194.50,21.3387,0.0818
36128621,-158.50,-187.50,19.5429,5.6938
36132527,-155.50,-198.50,15.6602,12.6197
36136433,-147.50,-197.50,13.8651,9.8860
36140339,-114.50,-170.50,20.5833,8.6043
36144245,-98.50,-153.50,39.9266,22.3986
36148151,-96.50,-138.50,61.8061,45.1740
36152057,-67.50,-112.50,78.1662,66.3285
36155963,-75.50,-83.50,89.0722,85.9983
36159869,-96.50,-97.50,87.5560,101.5644
36163775,-111.50,-111.50,72.9169,104.2348
36167681,-116.50,-111.50,57.0932,97.0425
36171587,-111.50,-116.50,48.5580,88.6971
36175493,-105.50,-126.50,47.2023,78.9463
36179399,-107.50,-114.50,48.5174,70.5606
36183305,-126.50,-140.50,46.5766,66.6485
36187211,-132.50,-142.50,39.3285,61.5305
36191117,-128.50,-147.50,32.0829,54.0119
36195023,-142.50,-146.50,25.9267,46.4932
36198929,-147.50,-162.50,16.9814,38.1815
36202835,-145.50,-182.50,9.7414,27.2508
36206741,-143.50,-161.50,9.8802,19.8828
36210647,-143.50,-168.50,13.6529,21.5908
36214553,-144.50,-164.50,14.5999,23.6511
36218459,-143.50,-171.50,12.1765,21.0036
36222365,-160.50,-189.50,7.8452,15.1013
36226271,-166.50,-193.50,1.3223,7.3895
36230177,-158.50,-207.50,-3.4582,-1.0031
36234083,-156.50,-226.50,-3.6143,-14.1902
36237989,-160.50,-203.50,-3.2548,-26.4857
36241895,-160.50,-180.50,-4.1668,-21.5339
36245801,-155.50,-190.50,-2.6260,-3.8734
36249707,-156.50,-188.50,1.4086,7.2082
36253613,-144.50,-201.50,4.9284,5.5857
36257519,-157.50,-213.50,5.6983,-5.4449
36261425,-157.50,-208.50,2.6704,-16.7534
36265331,-148.50,-207.50,1.8977,-19.0842
36269237,-150.50,-196.50,6.1844,-13.3491
36273143,-137.50,-200.50,10.8703,-6.7252
36277049,-130.50,-184.50,15.7287,-2.3941
36280955,-142.50,-175.50,19.2910,4.3460
36284861,-137.50,-160.50,19.6281,16.2635
36288767,-107.50,-156.50,24.9863,29.4888
36292673,-42.50,-133.50,48.2368,41.3907
36296579,-74.50,-122.50,78.1615,53.6065
36300485,-126.50,-168.50,79.9632,56.4880
36304391,-142.50,-194.50,51.3113,38.3204
36308297,-136.50,-180.50,23.9175,15.0621
36312203,-116.50,-174.50,15.4866,7.0617
36316109,-144.50,-214.50,15.8403,3.3120
36320015,-164.50,-193.50,8.1660,-6.4146
36323921,-162.50,-196.50,-3.2507,-9.1979
36327827,-149.50,-200.50,-5.5820,-4.9595
36331733,-143.50,-188.50,-0.9456,-2.2767
36335639,-127.50,-176.50,4.7256,1.8126
36339545,-116.50,-154.50,14.3823,12.3479
36343451,-108.50,-144.50,29.6339,29.3468
36347357,-109.50,-136.50,42.8912,46.0643
36351263,-111.50,-132.50,45.5305,56.1106
36355169,-115.50,-123.50,38.2601,60.0891
36359075,-118.50,-116.50,30.0126,63.2405
36362981,-125.50,-121.50,26.8386,67.1512
36366887,-111.50,-112.50,29.0398,70.4370
36370793,-101.50,-111.50,34.7633,73.3180
36374699,-98.50,-126.50,39.5584,71.4993
36378605,-96.50,-124.50,42.0788,63.5847
36382511,-127.50,-121.50,40.6410,58.1686
36386417,-143.50,-113.50,29.5463,60.1818
36390323,-146.50,-111.50,12.1675,65.5145
36394229,-134.50,-113.50,-0.3848,67.9500
36398135,-132.50,-116.50,-2.0579,65.7782
36402041,-131.50,-144.50,4.4552,57.9103
36405947,-122.50,-171.50,14.1019,40.4416
36409853,-106.50,-175.50,24.1853,18.3104
36413759,-88.50,-175.50,33.8623,2.8956
36417665,-63.50,-158.50,46.4910,-0.0158
36421571,-45.50,-121.50,66.1607,13.4345
36425477,-33.50,-98.50,88.9825,41.3266
36429383,-57.50,-93.50,100.4463,68.6552
36433289,-80.50,-92.50,88.5809,82.1459
36437195,-96.50,-92.50,61.7380,83.0242
36441101,-109.50,-97.50,37.9220,78.6884
36445007,-102.50,-110.50,26.8275,71.9334
36448913,-93.50,-112.50,28.2559,63.4794
36452819,-106.50,-94.50,31.3124,59.5465
36456725,-113.50,-89.50,26.2517,64.0564
36460631,-111.50,-98.50,18.7767,69.2531
36464537,-111.50,-104.50,17.1581,67.8687
36468443,-112.50,-100.50,18.6148,63.4280
36472349,-142.50,-121.50,12.6678,57.3113
36476255,-149.50,-145.50,-4.0130,42.8770
36480161,-122.50,-128.50,-14.3513,26.5736
36484067,-130.50,-141.50,-8.4018,20.3905
36487973,-148.50,-137.50,-3.5350,20.0800
36491879,-168.50,-158.50,-13.5318,16.7076
36495785,-174.50,-185.50,-31.3727,3.4720
36499691,-156.50,-190.50,-41.0150,-16.6181
36503597,-152.50,-181.50,-35.9715,-29.1110
36507503,-174.50,-185.50,-29.9049,-29.8274
36511409,-179.50,-175.50,-34.8562,-25.6487
36515315,-178.50,-175.50,-43.7343,-20.4260
36519221,-188.50,-218.50,-49.4228,-23.4892
36523127,-198.50,-238.50,-55.0680,-43.0816
36527033,-177.50,-229.50,-57.7438,-64.7456
36530939,-176.50,-220.50,-51.8214,-71.2758
36534845,-175.50,-191.50,-43.6150,-61.2103
36538751,-176.50,-191.50,-39.6750,-42.5909
36542657,-158.50,-184.50,-35.9026,-26.9886
36546563,-132.50,-156.50,-24.2054,-14.2536
36550469,-117.50,-142.50,-4.6544,1.6348
36554375,-117.50,-139.50,12.5739,15.8129
36558281,-121.50,-101.50,19.8184,29.1607
36562187,-124.50,-93.50,18.6220,48.5559
36566093,-111.50,-97.50,16.6383,64.9913
36569999,-100.50,-117.50,20.3847,65.5106
36573905,-89.50,-128.50,29.5142,51.4591
36577811,-98.50,-128.50,37.6603,35.6110
36581717,-106.50,-117.50,38.2623,29.8044
36585623,-111.50,-93.50,31.8636,37.6295
36589529,-70.50,-77.50,30.7848,54.8982
36593435,-15.50,-60.50,51.5724,73.5720
36597341,-32.50,-74.50,84.2318,85.1052
36601247,-77.50,-121.50,94.0783,77.4489
36605153,-95.50,-143.50,72.7496,49.0731
36609059,-110.50,-143.50,42.2691,19.2907
36612965,-132.50,-140.50,15.5901,4.3250
36616871,-136.50,-142.50,-5.0889,2.0642
36620777,-152.50,-128.50,-17.2419,6.7212
36624683,-179.50,-143.50,-27.1044,12.8994
36628589,-162.50,-143.50,-37.5863,12.8624
36632495,-150.50,-137.50,-39.8175,8.7100
36636401,-154.50,-141.50,-34.7281,6.2917
36640307,-129.50,-114.50,-25.8921,9.8720
36644213,-116.50,-88.50,-9.4524,25.8274
36648119,-110.50,-76.50,8.3989,48.9725
36652025,-124.50,-64.50,14.5992,67.1132
36655931,-120.50,-80.50,8.7521,73.7089
36659837,-118.50,-80.50,3.5450,69.4105
36663743,-112.50,-100.50,6.1750,59.6954
36667649,-114.50,-127.50,11.6487,43.7074
36671555,-115.50,-133.50,12.8429,22.4894
36675461,-104.50,-134.50,11.4753,6.4656
36679367,-109.50,-127.50,12.8264,1.7622
36683273,-113.50,-111.50,14.7673,7.8608
36687179,-115.50,-128.50,14.0293,16.1254
36691085,-124.50,-111.50,9.4099,18.7463
36694991,-137.50,-113.50,-0.2847,20.0275
36698897,-143.50,-127.50,-11.8222,19.3002
36702803,-152.50,-164.50,-20.2662,7.5337
36706709,-153.50,-124.50,-25.2028,-6.2484
36710615,-158.50,-116.50,-29.0825,-3.1123
36714521,-143.50,-144.50,-30.7681,4.9641
36718427,-128.50,-146.50,-24.5319,-0.0254
36722333,-121.50,-146.50,-10.9364,-8.7427
36726239,-111.50,-158.50,2.9180,-13.9454
36730145,-114.50,-141.50,11.3964,-16.8116
36734051,-111.50,-144.50,12.8346,-15.4655
36737957,-124.50,-124.50,9.2058,-9.2293
36741863,-128.50,-127.50,2.9289,0.6238
36745769,-128.50,-112.50,-2.1984,10.3573
36749675,-120.50,-143.50,-3.0519,12.2786
36753581,-124.50,-148.50,-1.6461,1.2475
36757487,-143.50,-148.50,-4.6036,-12.4770
36761393,-154.50,-163.50,-14.4691,-20.2713
36765299,-145.50,-175.50,-23.1397,-27.7894
36769205,-149.50,-152.50,-25.2174,-32.8514
36773111,-131.50,-168.50,-22.6193,-31.6426
36777017,-128.50,-161.50,-15.6338,-30.4739
36780923,-124.50,-141.50,-6.7315,-26.3235
36784829,-132.50,-132.50,-1.3334,-14.1444
36788735,-129.50,-143.50,-1.5961,-4.0351
36792641,-121.50,-141.50,-3.2990,-3.6616
36796547,-129.50,-165.50,-3.6112,-10.9852
36800453,-132.50,-160.50,-4.7782,-21.3549
36804359,-140.50,-160.50,-7.4032,-27.2994
36808269,-149.50,-173.50,-12.5770,-29.8580
36812175,-198.50,-202.50,-28.2321,-39.3959
36816081,-226.50,-197.50,-58.8411,-54.4240
36819987,-256.50,-240.50,-93.4951,-69.6794
36823893,-280.50,-240.50,-122.1606,-87.3227
36827799,-309.50,-246.50,-146.4563,-101.4263
36831705,-324.50,-241.50,-168.9225,-106.1165
36835611,-322.50,-297.50,-184.3635,-113.0781
36839517,-381.50,-340.50,-197.1096,-138.4044
36843423,-400.50,-358.50,-219.5012,-174.7002
36847329,-463.50,-424.50,-252.0488,-211.6032
36851235,-484.50,-452.50,-290.1548,-252.3927
36855141,-542.50,-494.50,-328.8062,-291.3521
36859047,-606.50,-566.50,-371.2783,-329.8279
36862953,-652.50,-571.50,-418.8049,-369.0209
36866859,-686.50,-607.50,-460.9314,-397.6750
36870765,-701.50,-626.50,-490.2646,-417.6737
36874671,-719.50,-686.50,-506.6169,-440.2635
36878577,-747.50,-725.50,-516.5530,-471.0344
36882483,-741.50,-753.50,-521.7905,-503.0555
36886389,-754.50,-785.50,-519.3804,-529.2430
36890295,-730.50,-757.50,-510.4456,-542.9487
36894201,-716.50,-746.50,-493.4927,-533.6541
36898107,-701.50,-737.50,-469.5096,-508.2244
36902013,-692.50,-768.50,-443.7624,-488.1099
36905919,-689.50,-764.50,-421.2785,-483.6389
36909825,-685.50,-750.50,-405.9221,-482.2892
36913731,-648.50,-765.50,-390.8375,-475.5785
36917637,-628.50,-773.50,-365.7021,-470.0316
36921543,-608.50,-751.50,-333.3402,-461.6349
36925449,-594.50,-765.50,-302.1965,-447.1134
36929355,-591.50,-760.50,-278.6155,-436.3626
36933261,-552.50,-751.50,-259.8474,-428.8917
36937167,-530.50,-719.50,-235.3665,-412.4108
36941073,-512.50,-703.50,-205.6295,-383.0049
36944979,-473.50,-675.50,-173.5401,-348.6178
36948885,-444.50,-644.50,-137.5550,-314.6842
36952791,-433.50,-629.50,-105.2084,-283.0441
36956697,-429.50,-650.50,-85.4582,-262.4039
36960603,-383.50,-608.50,-68.8399,-249.7854
36964509,-352.50,-548.50,-39.8629,-221.8185
36968415,-325.50,-483.50,-3.1386,-169.2646
36972321,-282.50,-441.50,32.1978,-107.2409
36976227,-237.50,-416.50,69.4111,-53.3407
36980133,-196.50,-383.50,111.1743,-12.1587
36984039,-208.50,-350.50,145.8267,22.3166
36987945,-194.50,-328.50,161.3033,51.7613
36991851,-131.50,-292.50,174.3461,77.0064
36995757,-104.50,-264.50,203.2048,104.5670
36999663,-86.50,-239.50,236.0245,135.8634
37003569,-79.50,-198.50,258.6549,168.2577
37007475,-82.50,-154.50,268.8603,202.4025
37011381,-58.50,-111.50,271.9583,238.6919
37015287,-47.50,-101.50,276.5316,271.9411
37019193,-54.50,-88.50,280.6450,295.1241
37023099,-34.50,-60.50,283.0805,311.3241
37027005,-32.50,-56.50,289.2131,324.0253
37030911,-8.50,-31.50,298.1704,331.9287
37034817,12.50,19.50,308.9668,346.6989
37038723,38.50,49.50,323.3276,377.6892
37042629,63.50,61.50,342.4641,410.6943
37046535,67.50,39.50,362.0474,423.7445
37050441,71.50,12.50,372.4407,408.3022
37054347,57.50,16.50,368.6824,380.0348
37058253,34.50,23.50,351.0573,362.8044
37062159,42.50,53.50,330.0517,364.9965
37066065,65.50,82.50,323.2523,382.2440
37069971,74.50,85.50,331.9609,401.4955
37073877,61.50,76.50,338.4069,408.2136
37077783,48.50,65.50,330.5376,400.3434
37081689,49.50,77.50,315.6215,388.4591
37085595,53.50,89.50,305.9207,383.2709
37089501,51.50,99.50,301.8678,384.9753
37093407,77.50,66.50,301.6559,382.2949
37097313,92.50,54.50,308.9884,366.7450
37101219,80.50,70.50,317.4540,349.8441
37105125,70.50,85.50,315.3288,345.3048
37109031,55.50,89.50,301.8178,348.6048
37112937,48.50,80.50,282.8360,349.0991
37116843,39.50,81.50,264.4641,344.7272
37120749,25.50,79.50,248.9133,339.1446
37124655,16.50,81.50,235.2378,332.4816
37128561,23.50,74.50,225.3089,322.8754
37132467,16.50,59.50,219.2226,309.8387
37136373,23.50,39.50,213.9951,293.7057
37140279,-10.50,5.50,205.2087,272.0055
37144185,-31.50,-21.50,186.9829,241.2876
37148091,-61.50,-44.50,160.5124,205.5553
37151997,-67.50,-44.50,133.0813,176.5261
37155903,-96.50,-82.50,108.5273,157.2588
37159809,-139.50,-126.50,81.2096,133.5967
37163715,-156.50,-154.50,50.1568,98.4826
37167621,-170.50,-169.50,24.9888,62.3528
37171527,-175.50,-200.50,8.6583,32.4178
37175433,-175.50,-193.50,-1.2139,11.8671
37179339,-158.50,-210.50,-2.1722,3.3066
37183245,-138.50,-212.50,9.6126,-0.6680
37187151,-175.50,-246.50,21.1186,-11.3371
37191057,-217.50,-317.50,8.8312,-41.3255
37194963,-276.50,-382.50,-31.5037,-94.6030
37198869,-319.50,-421.50,-85.1239,-154.0065
37202775,-377.50,-478.50,-138.1678,-205.7179
37206681,-399.50,-449.50,-183.2566,-241.2404
37210587,-474.50,-463.50,-223.6112,-251.1923
37214493,-490.50,-513.50,-265.2090,-254.0671
37218399,-512.50,-533.50,-298.1538,-270.0069
37222305,-488.50,-546.50,-309.7996,-290.0519
37226211,-512.50,-536.50,-304.9379,-301.7978
37230117,-530.50,-527.50,-302.8570,-301.0691
37234023,-540.50,-512.50,-310.4736,-288.2390
37237929,-534.50,-524.50,-316.7707,-270.6738
37241835,-512.50,-536.50,-311.4783,-261.2182
37245741,-464.50,-517.50,-287.9680,-260.1390
37249647,-453.50,-484.50,-251.4498,-252.0140
37253553,-421.50,-492.50,-215.8414,-233.8644
37257459,-432.50,-512.50,-190.1772,-221.1491
37261365,-438.50,-479.50,-180.7274,-214.1912
37265271,-445.50,-464.50,-184.3321,-200.0654
37269177,-408.50,-432.50,-183.6690,-179.2071
37273083,-355.50,-392.50,-160.4775,-151.5389
37276989,-324.50,-373.50,-117.0223,-115.4197
37280895,-303.50,-339.50,-73.8579,-77.5534
37284801,-284.50,-325.50,-42.6806,-45.6774
37288707,-258.50,-300.50,-19.7484,-24.1707
37292613,-230.50,-268.50,2.5693,-5.7624
37296519,-208.50,-269.50,26.5869,15.5135
37300425,-196.50,-227.50,48.7300,38.7421
37304331,-185.50,-180.50,65.6141,69.6808
37308237,-160.50,-180.50,80.0488,101.0203
37312143,-127.50,-144.50,98.8173,121.4133
37316049,-106.50,-143.50,122.5701,137.5824
37319955,-104.50,-111.50,142.8345,155.6956
37323861,-108.50,-109.50,151.9925,173.1139
37327767,-88.50,-72.50,154.6218,186.7559
37331673,-78.50,-102.50,159.7401,193.2917
37335579,-56.50,-94.50,169.0067,189.9812
37339485,-62.50,-56.50,178.4918,191.9866
37343391,-49.50,-48.50,184.8547,208.3210
37347297,-36.50,-37.50,191.3429,222.9458
37351203,-24.50,-15.50,199.6517,230.9726
37355109,-2.50,16.50,208.6428,244.7043
37359015,42.50,46.50,225.2070,269.7566
37362921,51.50,74.50,250.7507,298.4846
37366827,48.50,79.50,269.8914,318.6449
37370733,75.50,98.50,277.2477,327.1321
37374639,99.50,114.50,285.1050,333.8319
37378545,109.50,119.50,297.0040,343.2880
37382451,95.50,129.50,303.5303,350.0107
37386357,95.50,121.50,299.9269,348.9540
37390263,93.50,125.50,291.5313,340.5808
37394169,81.50,144.50,280.3884,335.3566
37398075,110.50,128.50,271.1869,336.2594
37401981,119.50,131.50,274.0098,333.2155
37405887,125.50,133.50,284.5464,325.1401
37409793,112.50,139.50,289.0615,317.8575
37413699,111.50,135.50,281.9151,312.8711
37417605,112.50,111.50,269.5393,304.8234
37421511,117.50,86.50,260.9163,286.3691
37425417,126.50,93.50,259.6321,262.9970
37429323,122.50,99.50,262.0090,248.0826
37433229,118.50,109.50,259.9370,245.1571
37437135,112.50,123.50,250.8035,250.9212
37441041,144.50,123.50,244.5591,259.4645
37444947,112.50,113.50,244.3449,260.5891
37448853,112.50,95.50,238.1498,248.2512
37452759,112.50,91.50,227.0353,228.2556
37456665,127.50,80.50,220.8883,210.8881
37460571,112.50,73.50,217.8602,198.4662
37464477,109.50,78.50,211.2871,189.7155
37468383,105.50,79.50,202.5969,184.4844
37472289,106.50,93.50,195.7325,182.9636
37476195,90.50,98.50,187.2404,186.1327
37480101,83.50,94.50,173.4876,189.8541
37484007,85.50,85.50,160.2596,187.1520
37487913,80.50,76.50,153.3125,176.3320
37491819,59.50,73.50,146.0515,162.0576
37495725,45.50,71.50,130.7101,150.7100
37499631,40.50,54.50,111.6275,141.8498
37503537,29.50,47.50,96.2112,130.8344
37507443,25.50,31.50,85.5298,116.5460
37511349,35.50,49.50,80.6008,104.4297
37515255,23.50,35.50,79.0524,99.0424
37519161,16.50,35.50,73.2644,95.4574
37523067,19.50,35.50,64.6603,91.4797
37526973,18.50,21.50,59.8677,86.1826
37530879,13.50,11.50,57.5233,75.1457
37534785,-1.50,-15.50,51.4049,57.5778
37538691,17.50,-13.50,43.9541,38.7973
37542597,-0.50,-28.50,40.3363,25.5338
37546503,-15.50,-12.50,33.6486,19.2851
37550409,-28.50,-14.50,20.1620,19.2288
37554315,-31.50,-9.50,6.1306,21.4823
37558221,-34.50,-31.50,-3.8402,19.6624
37562127,-31.50,-29.50,-8.8408,12.0427
37566033,-18.50,-20.50,-7.4456,6.0352
37569939,-16.50,-31.50,-0.4574,3.8124
37573845,-15.50,-20.50,5.6826,1.5100
37577751,-13.50,-18.50,7.2966,2.2892
37581657,-16.50,-15.50,5.6363,6.4584
37585563,-16.50,-15.50,2.7020,9.3535
37589469,-4.50,-12.50,2.5679,9.1515
37593375,-8.50,-32.50,5.9256,4.0777
37597281,-32.50,-52.50,3.3728,-8.8120
37601187,-31.50,-52.50,-8.3475,-24.3254
37605093,-17.50,-48.50,-16.2702,-32.9211
37608999,-20.50,-68.50,-14.4071,-37.8966
37612905,-12.50,-78.50,-9.7816,-47.9014
37616811,64.50,-33.50,6.4334,-51.4130
37620717,73.50,18.50,41.4028,-28.7541
37624623,-24.50,-61.50,55.2166,-4.8557
37628529,-44.50,-76.50,20.7603,-18.1510
37632435,-49.50,-56.50,-24.5656,-45.6787
37636341,-62.50,-50.50,-50.7379,-53.0809
37640247,-56.50,-41.50,-62.1581,-45.7451
37644153,-69.50,-41.50,-65.6840,-37.1796
37648059,-56.50,-40.50,-64.1531,-32.0722
37651965,-50.50,-25.50,-57.5112,-27.6039
37655871,-50.50,-23.50,-51.1146,-21.4386
37659777,-48.50,-2.50,-50.4082,-14.3840
37663683,-61.50,-12.50,-53.7884,-7.7818
37667589,-27.50,11.50,-52.3898,-1.5780
37671495,-0.50,39.50,-35.8178,11.7075
37675401,-0.50,23.50,-13.8371,27.1431
37679307,-15.50,-0.50,-6.1164,25.7968
37683213,-33.50,6.50,-15.3403,10.7920
37687119,-20.50,17.50,-26.8808,2.7484
37691025,-10.50,-13.50,-27.5743,0.8001
37694931,-4.50,-5.50,-21.0128,-6.8672
37698837,-8.50,-12.50,-16.9060,-15.6145
37702743,-21.50,-18.50,-18.8180,-21.5759
37706649,-36.50,-45.50,-26.3809,-30.7883
37710555,-47.50,-41.50,-38.2062,-43.8062
37714461,-50.50,-32.50,-51.4916,-51.0810
37718367,-52.50,-44.50,-61.8956,-51.6820
37722273,-50.50,-69.50,-65.8002,-57.7108
37726179,-56.50,-62.50,-64.2006,-69.4223
37730085,-55.50,-63.50,-62.3049,-75.7536
37733991,-68.50,-98.50,-65.3503,-81.9888
37737897,-72.50,-74.50,-74.3675,-92.6444
37741803,-64.50,-77.50,-81.2353,-95.5372
37745709,-64.50,-82.50,-79.2592,-91.8895
37749615,-58.50,-85.50,-72.6593,-90.9852
37753521,-47.50,-111.50,-66.0337,-97.0164
37757427,-62.50,-99.50,-63.3814,-107.8177
37761333,-81.50,-89.50,-70.1673,-111.2475
37765239,-84.50,-100.50,-82.0975,-106.9428
37769145,-79.50,-112.50,-88.7486,-106.7922
37773051,-79.50,-102.50,-89.0089,-110.6029
37776957,-88.50,-110.50,-89.9289,-112.3260
37780863,-74.50,-116.50,-91.1322,-114.7421
37784769,-68.50,-95.50,-85.5307,-115.3588
37788675,-74.50,-89.50,-77.1643,-107.1556
37792581,-76.50,-81.50,-75.3205,-94.6201
37796487,-93.50,-89.50,-81.8345,-86.7658
37800393,-88.50,-85.50,-91.1036,-85.9149
37804299,-81.50,-99.50,-93.3108,-89.4187
37808205,-81.50,-88.50,-87.8926,-93.1439
37812111,-105.50,-100.50,-87.1173,-94.3732
37816017,-110.50,-114.50,-97.1210,-98.2396
37819923,-98.50,-104.50,-106.1271,-104.7433
37823829,-92.50,-84.50,-103.6332,-102.8295
37827735,-104.50,-95.50,-97.2587,-93.5584
37831641,-133.50,-101.50,-101.4460,-89.5699
37835547,-109.50,-74.50,-112.2270,-87.7915
37839453,-86.50,-86.50,-109.8438,-81.2592
37843359,-100.50,-93.50,-96.6328,-78.9105
37847269,-134.50,-110.50,-95.5281,-86.0096
37851175,-133.50,-120.50,-109.5150,-97.9134
37855081,-111.50,-106.50,-117.8365,-105.7079
37858987,-90.50,-64.50,-108.7523,-97.2906
37862893,-85.50,-69.50,-91.2161,-76.0499
37866799,-104.50,-68.50,-80.5630,-60.5271
37870705,-100.50,-72.50,-80.7962,-56.3069
37874611,-102.50,-94.50,-83.8767,-60.9358
37878517,-104.50,-110.50,-86.7730,-75.3087
37882423,-104.50,-108.50,-90.1104,-91.8226
37886329,-114.50,-121.50,-92.5298,-101.9081
37890235,-117.50,-114.50,-94.1811,-105.1273
37894141,-125.50,-120.50,-96.5392,-103.6751
37898047,-142.50,-122.50,-103.8290,-102.6713
37901953,-124.50,-113.50,-112.4308,-102.9603
37905859,-128.50,-125.50,-112.4637,-102.6110
37909765,-111.50,-119.50,-103.6396,-102.4973
37913671,-96.50,-126.50,-89.1557,-101.8223
37917577,-128.50,-142.50,-80.5070,-104.5384
37921483,-158.50,-143.50,-92.7279,-112.8704
37925389,-162.50,-145.50,-116.4725,-119.9780
37929295,-179.50,-162.50,-133.7559,-124.4354
37933201,-184.50,-175.50,-143.3979,-131.4470
37937107,-181.50,-180.50,-148.2988,-140.6479
37941013,-144.50,-184.50,-142.2595,-148.0082
37944919,-164.50,-182.50,-127.1956,-151.4709
37948825,-172.50,-180.50,-119.7070,-150.0851
37952731,-175.50,-150.50,-122.9358,-140.3472
37956637,-168.50,-182.50,-126.5525,-128.4467
37960543,-136.50,-160.50,-121.0880,-125.1078
37964449,-126.50,-153.50,-103.7338,-122.1680
37968355,-124.50,-130.50,-84.5551,-110.7121
37972261,-140.50,-127.50,-75.4477,-94.5316
37976167,-140.50,-126.50,-78.2337,-81.7235
37980073,-140.50,-141.50,-85.0318,-78.7902
37983979,-138.50,-127.50,-88.6835,-81.9793
37987885,-123.50,-112.50,-85.0552,-79.6191
37991791,-129.50,-120.50,-75.4200,-71.3563
37995697,-125.50,-144.50,-67.9376,-70.3980
37999603,-127.50,-168.50,-66.0511,-83.2567
38003509,-123.50,-146.50,-66.8651,-97.6707
38007415,-111.50,-186.50,-64.3738,-106.1459
38011321,-112.50,-156.50,-56.4880,-112.3292
38015227,-117.50,-152.50,-50.1720,-108.5049
38019133,-84.50,-148.50,-44.6210,-95.9229
38023039,-79.50,-134.50,-33.0301,-84.0645
38026945,-60.50,-114.50,-18.0630,-71.4602
38030851,-40.50,-104.50,-0.8444,-56.8141
38034757,-24.50,-110.50,19.0812,-45.3836
38038663,-21.50,-124.50,35.0704,-43.3927
38042569,-73.50,-125.50,32.9481,-49.2166
38046475,-104.50,-127.50,5.7079,-55.8452
38050381,-114.50,-111.50,-28.3412,-57.2563
38054287,-128.50,-143.50,-50.8862,-56.8707
38058193,-142.50,-138.50,-64.8008,-61.7038
38062099,-150.50,-143.50,-76.3266,-66.8311
38066005,-158.50,-157.50,-84.9577,-71.3207
38069911,-159.50,-157.50,-89.1389,-78.9477
38073817,-142.50,-153.50,-86.7596,-83.6803
38077723,-134.50,-156.50,-77.6846,-81.9139
38081629,-132.50,-154.50,-67.8101,-77.6808
38085535,-142.50,-139.50,-63.0832,-72.2274
38089441,-142.50,-152.50,-63.3940,-67.5027
38093347,-143.50,-144.50,-64.8461,-66.6342
38097253,-143.50,-143.50,-66.1309,-64.9579
38101159,-154.50,-156.50,-69.2033,-62.6909
38105065,-166.50,-158.50,-75.3561,-65.4138
38108971,-158.50,-143.50,-80.1023,-68.0634
38112877,-146.50,-143.50,-76.9163,-64.4902
38116783,-160.50,-152.50,-71.2859,-59.8402
38120689,-143.50,-143.50,-69.2796,-57.4774
38124595,-133.50,-137.50,-63.4457,-53.4181
38128501,-136.50,-111.50,-52.8985,-44.3280
38132407,-136.50,-143.50,-46.2170,-36.6857
38136313,-136.50,-152.50,-45.3618,-41.3806
38140219,-138.50,-169.50,-47.2764,-54.3496
38144125,-122.50,-143.50,-46.1438,-61.8383
38148031,-102.50,-139.50,-35.3342,-57.4945
38151937,-113.50,-127.50,-20.9810,-47.0501
38155843,-120.50,-137.50,-16.8070,-38.2426
38159749,-123.50,-130.50,-22.5610,-32.9935
38163655,-117.50,-143.50,-27.6439,-31.8484
38167561,-111.50,-127.50,-26.0406,-33.8750
38171467,-111.50,-122.50,-20.3821,-33.0043
38175373,-98.50,-154.50,-14.1355,-32.6895
38179279,-94.50,-159.50,-6.9563,-40.5013
38183185,-111.50,-152.50,-3.6736,-48.3095
38187091,-118.50,-143.50,-9.0937,-48.5601
38190997,-114.50,-143.50,-16.5850,-44.9482
38194903,-98.50,-133.50,-16.5661,-39.6213
38198809,-79.50,-142.50,-6.2886,-32.6461
38202715,-90.50,-131.50,6.2573,-26.8352
38206621,-105.50,-119.50,8.6830,-21.5355
38210527,-117.50,-129.50,-0.3295,-18.1482
38214433,-124.50,-146.50,-13.1946,-22.0586
38218339,-133.50,-150.50,-24.9841,-30.1472
38222245,-157.50,-146.50,-37.2664,-34.3931
38226151,-169.50,-150.50,-51.6770,-35.3204
38230057,-173.50,-187.50,-63.4427,-43.9568
38233963,-174.50,-196.50,-69.2017,-62.9646
38237869,-150.50,-184.50,-67.2190,-75.4433
38241775,-122.50,-180.50,-52.7521,-72.0627
38245681,-132.50,-191.50,-32.5109,-66.1240
38249587,-143.50,-192.50,-22.8587,-68.1908
38253493,-133.50,-184.50,-24.1474,-70.8293
38257399,-116.50,-158.50,-23.2212,-62.1158
38261305,-110.50,-173.50,-15.6853,-46.9615
38265211,-96.50,-169.50,-4.6664,-40.5741
38269117,-93.50,-170.50,7.8178,-42.6953
38273023,-95.50,-161.50,16.9140,-43.1255
38276929,-100.50,-137.50,17.6401,-34.2137
38280835,-66.50,-116.50,17.7830,-14.6941
38284741,-47.50,-100.50,30.2547,7.4921
38288647,-46.50,-81.50,49.9371,26.2134
38292553,-58.50,-73.50,60.8944,41.6191
38296459,-80.50,-67.50,55.2199,53.6353
38300365,-79.50,-72.50,38.9124,59.9717
38304271,-79.50,-110.50,26.0549,53.1320
38308177,-82.50,-121.50,21.9954,31.4253
38312083,-106.50,-97.50,18.9272,14.5057
38315989,-111.50,-89.50,9.9902,17.6614
38319895,-114.50,-116.50,-0.8711,25.5474
38323801,-112.50,-133.50,-7.8921,19.0262
38327707,-124.50,-132.50,-11.6673,4.0112
38331613,-125.50,-134.50,-14.5355,-5.8397
38335519,-144.50,-141.50,-18.8891,-10.0666
38339425,-158.50,-143.50,-29.1416,-12.9950
38343331,-144.50,-143.50,-40.3326,-14.4702
38347237,-149.50,-143.50,-43.2469,-14.0919
38351143,-166.50,-123.50,-43.2691,-10.2706
38355049,-144.50,-112.50,-43.1751,-0.3567
38358955,-122.50,-102.50,-33.9664,12.7836
38362861,-121.50,-109.50,-18.8650,22.5938
38366767,-115.50,-103.50,-8.5892,26.2880
38370673,-130.50,-121.50,-5.4471,23.8737
38374579,-128.50,-128.50,-7.3897,14.6685
38378485,-126.50,-144.50,-9.9240,1.7394
38382391,-132.50,-146.50,-12.3410,-9.4654
38386297,-143.50,-161.50,-17.8652,-17.5573
38390203,-147.50,-169.50,-24.5634,-25.7851
38394109,-160.50,-174.50,-29.8431,-34.6765
38398015,-141.50,-157.50,-31.9961,-37.8319
38401921,-140.50,-186.50,-28.8840,-36.7823
38405827,-109.50,-177.50,-19.4182,-39.4745
38409733,-134.50,-152.50,-7.7772,-37.8636
38413639,-108.50,-94.50,0.1825,-17.1891
38417545,-58.50,-90.50,15.9769,16.9921
38421451,-112.50,-175.50,33.1187,28.4018
38425357,-192.50,-255.50,14.3168,-11.2163
38429263,-207.50,-258.50,-36.2404,-74.2286
38433169,-192.50,-228.50,-72.5814,-110.1111
38437075,-193.50,-213.50,-78.7860,-106.7219
38440981,-190.50,-223.50,-73.5840,-88.4993
38444887,-214.50,-271.50,-72.5965,-83.0313
38448793,-240.50,-280.50,-81.3327,-97.6177
38452699,-249.50,-283.50,-96.2966,-117.6159
38456605,-220.50,-281.50,-104.4273,-130.9117
38460511,-207.50,-293.50,-97.6509,-136.6425
38464417,-200.50,-280.50,-82.5315,-133.4545
38468323,-189.50,-257.50,-65.7703,-117.8049
38472229,-178.50,-234.50,-48.5262,-94.6947
38476135,-180.50,-202.50,-36.6757,-71.9258
38480041,-177.50,-192.50,-35.0555,-50.2504
38483947,-166.50,-203.50,-35.9313,-32.9687
38487853,-156.50,-220.50,-28.5796,-27.3407
38491759,-158.50,-219.50,-15.6440,-33.7244
38495665,-128.50,-207.50,-3.1501,-42.4994
38499571,-112.50,-184.50,10.5909,-41.1424
38503477,-120.50,-176.50,21.9725,-25.4190
38507383,-120.50,-180.50,26.5203,-5.8208
38511289,-111.50,-153.50,30.1229,8.5375
38515195,-126.50,-158.50,32.5090,16.6346
38519101,-126.50,-173.50,26.7641,14.2514
38523007,-110.50,-181.50,20.5371,4.8013
38526913,-116.50,-188.50,23.3858,-1.3480
38530819,-140.50,-189.50,26.0185,-3.7524
38534725,-142.50,-173.50,19.1386,-5.0701
38538631,-129.50,-157.50,10.5278,-1.3685
38542537,-126.50,-138.50,8.8925,12.2661
38546443,-92.50,-124.50,18.3772,34.4629
38550349,-76.50,-132.50,40.9340,53.0165
38554255,-86.50,-140.50,62.4012,54.6972
38558161,-90.50,-132.50,66.6828,44.8174
38562067,-127.50,-162.50,52.4563,34.3160
38565973,-142.50,-160.50,27.3260,25.4730
38569879,-159.50,-175.50,4.4009,19.1456
38573785,-129.50,-161.50,-4.1349,14.3021
38577691,-131.50,-182.50,2.2458,8.1930
38581597,-160.50,-177.50,5.1566,1.0091
38585503,-130.50,-166.50,0.4311,1.4368
38589409,-137.50,-208.50,3.4051,4.0878
38593315,-127.50,-211.50,11.7732,-7.2865
38597221,-130.50,-198.50,16.3776,-22.5270
38601127,-115.50,-181.50,18.4576,-23.1047
38605033,-141.50,-170.50,18.6233,-8.5080
38608939,-143.50,-164.50,13.5704,10.3418
38612845,-145.50,-169.50,6.9355,21.4310
38616751,-126.50,-169.50,5.7761,20.7487
38620657,-104.50,-153.50,14.1390,17.8009
38624563,-117.50,-191.50,26.6524,16.0227
38628469,-136.50,-208.50,29.7183,5.6168
38632375,-136.50,-193.50,22.3325,-7.5374
38636281,-114.50,-175.50,17.6105,-8.7652
38640187,-110.50,-156.50,21.7862,2.5757
38644093,-140.50,-111.50,23.6005,25.8756
38647999,-111.50,-84.50,21.1686,61.3238
38651905,-100.50,-91.50,28.5766,92.5028
38655811,-92.50,-122.50,42.3566,97.3496
38659717,-100.50,-122.50,48.2759,78.9781
38663623,-140.50,-116.50,39.0546,62.4747
38667529,-100.50,-84.50,26.7090,65.3671
38671435,-111.50,-84.50,28.9585,82.7018
38675341,-138.50,-113.50,30.4014,91.1922
38679247,-143.50,-138.50,16.4491,76.9062
38683153,-126.50,-139.50,4.4704,53.3780
38687059,-124.50,-120.50,7.8161,42.2583
38690965,-159.50,-136.50,11.6629,44.3664
38694871,-126.50,-103.50,7.0827,50.5265
38698777,-121.50,-123.50,8.0416,58.0223
38702683,-111.50,-150.50,17.1606,55.2774
38706589,-138.50,-141.50,22.5189,41.6615
38710495,-148.50,-148.50,16.5993,31.7729
38714401,-111.50,-138.50,11.1134,28.9812
38718307,-138.50,-150.50,13.5620,29.0542
38722213,-142.50,-152.50,10.6625,27.6325
38726119,-152.50,-202.50,2.0569,17.0263
38730025,-120.50,-180.50,1.9228,-1.3918
38733931,-143.50,-209.50,9.4794,-15.8053
38737837,-178.50,-229.50,3.6045,-29.7397
38741743,-162.50,-192.50,-15.2915,-38.6665
38745649,-169.50,-191.50,-24.7750,-29.6208
38749555,-130.50,-189.50,-17.0665,-15.1393
38753461,-144.50,-193.50,-0.9878,-9.3121
38757367,-173.50,-220.50,2.0353,-14.8283
38761273,-157.50,-242.50,-9.3952,-31.4148
38765179,-191.50,-249.50,-20.1943,-50.7815
38769085,-157.50,-201.50,-25.3278,-55.1998
38772991,-170.50,-207.50,-22.3510,-40.1909
38776897,-164.50,-207.50,-18.1026,-25.0924
38780803,-184.50,-241.50,-19.7032,-24.8689
38784709,-169.50,-178.50,-23.0231,-26.5093
38788615,-132.50,-144.50,-15.4318,-6.5348
38792521,-84.50,-127.50,11.4705,27.0204
38796427,-80.50,-142.50,45.5872,48.7910
38800333,-95.50,-169.50,65.0436,48.9266
38804239,-115.50,-145.50,62.3894,39.3128
38808145,-73.50,-136.50,55.4779,37.9810
38812051,-159.50,-149.50,46.6274,40.3519
38815957,-160.50,-143.50,18.9225,38.4005
38819863,-162.50,-175.50,-9.0658,33.8534
38823769,-129.50,-129.50,-11.5579,32.8807
38827675,-161.50,-106.50,-0.6243,46.1717
38831581,-116.50,-76.50,7.1187,69.5570
38835487,-102.50,-143.50,19.6276,79.7934
38839393,-132.50,-96.50,32.0550,73.4432
38843299,-157.50,-158.50,25.9256,65.2734
38847205,-116.50,-129.50,14.5224,52.9262
38851111,-154.50,-169.50,11.5398,35.8723
38855017,-156.50,-219.50,4.1014,10.1752
38858923,-143.50,-191.50,-4.0890,-15.6504
38862829,-152.50,-181.50,-2.3274,-17.4270
38866735,-137.50,-128.50,3.4469,3.3048
38870641,-149.50,-172.50,6.7944,22.7195
38874547,-115.50,-143.50,9.7561,26.2835
38878453,-79.50,-78.50,25.5378,40.3896
38882359,-125.50,-138.50,44.6721,66.7260
38886269,-118.50,-165.50,44.8520,63.0294
38890175,-128.50,-180.50,33.5829,30.3428
38894081,-152.50,-174.50,19.3529,3.3258
38897987,-110.50,-148.50,9.8994,1.0289
38901893,-132.50,-192.50,14.6084,10.0830
38905799,-152.50,-161.50,17.1599,10.6033
38909705,-146.50,-140.50,9.1147,13.7408
38913611,-143.50,-168.50,2.4311,21.2805
38917517,-142.50,-191.50,1.0005,15.8148
38921423,-133.50,-233.50,3.7501,-5.6132
38925329,-160.50,-188.50,5.8749,-25.3442
38929235,-101.50,-153.50,10.2402,-19.6484
38933141,-91.50,-153.50,28.1084,4.2683
38937047,-106.50,-172.50,45.2309,19.4757
38940953,-44.50,-142.50,56.8884,24.9476
38944859,-36.50,-141.50,80.1246,33.3103
38948765,-77.50,-162.50,96.9992,35.6923
38952671,-90.50,-175.50,85.4910,22.6728
38956577,-202.50,-206.50,43.9934,2.5529
38960483,-239.50,-220.50,-22.1577,-16.7014
38964389,-147.50,-111.50,-63.9744,-12.7383
38968295,-164.50,-144.50,-50.7783,19.1158
38972201,-175.50,-149.50,-27.4759,38.3900
38976107,-195.50,-210.50,-26.4567,26.0800
38980013,-158.50,-201.50,-30.7051,0.3546
38983919,-133.50,-177.50,-19.1868,-12.7285
38987825,-162.50,-161.50,-4.1312,-6.4259
38991731,-165.50,-158.50,-5.7882,5.3781
38995637,-150.50,-200.50,-11.7964,8.9860
38999543,-169.50,-122.50,-10.9591,13.7182
39003449,-148.50,-70.50,-9.2558,44.7118
39007355,-184.50,-83.50,-12.4759,83.2228
39011261,-108.50,-70.50,-11.6078,98.5926
39015167,-129.50,-120.50,6.3229,93.9804
39019073,-152.50,-122.50,19.6082,78.7015
39022979,-207.50,-266.50,3.6940,39.6512
39026885,-196.50,-188.50,-28.6943,-18.4762
39030791,-209.50,-206.50,-51.9014,-47.8598
39034697,-212.50,-250.50,-60.8145,-50.8774
39038603,-160.50,-180.50,-53.4592,-45.9435
39042509,-202.50,-225.50,-35.5383,-29.8345
39046415,-201.50,-324.50,-31.6475,-44.1079
39050321,-178.50,-245.50,-36.6013,-86.6430
39054227,-188.50,-239.50,-34.5225,-95.7616
39058133,-173.50,-208.50,-28.8608,-67.1179
39062039,-158.50,-188.50,-18.9207,-31.1982
39065945,-160.50,-190.50,-6.5213,-6.4281
39069851,-165.50,-144.50,-1.1396,6.9197
39073757,-156.50,-189.50,-2.0637,15.0296
39077663,-197.50,-253.50,-8.2843,0.8069
39081569,-105.50,-212.50,-7.4016,-27.2946
39085475,-175.50,-267.50,6.9974,-45.4967
39089381,-159.50,-261.50,8.9779,-62.7356
39093287,-207.50,-211.50,-7.2991,-68.3350
39097193,-149.50,-206.50,-19.6082,-46.5990
39101099,-186.50,-278.50,-17.4144,-31.5776
39105005,-168.50,-191.50,-13.4953,-35.0802
39108911,-180.50,-265.50,-13.7724,-37.4360
39112817,-144.50,-92.50,-8.9345,-21.9525
39116723,-226.50,-174.50,-9.2182,18.7487
39120629,-124.50,-177.50,-14.5677,41.7383
39124535,-178.50,-232.50,-6.4749,24.7488
39128441,-141.50,-197.50,3.8884,-3.1660
39132347,-140.50,-177.50,11.8085,-12.9874
39136253,-139.50,-130.50,21.4203,5.3542
39140159,-207.50,-225.50,14.3883,23.0035
39144065,-213.50,-245.50,-15.1234,6.6934
39147971,-204.50,-266.50,-41.5840,-29.9938
39151877,-143.50,-216.50,-37.6408,-52.2423
39155783,-178.50,-172.50,-13.8386,-40.7391
39159689,-166.50,-220.50,-0.2710,-13.8333
39163595,-175.50,-175.50,0.3098,3.5135
39167501,-184.50,-200.50,-4.2016,14.2403
39171407,-221.50,-223.50,-18.3600,8.6485
39175313,-201.50,-220.50,-36.3033,-13.7985
39179219,-159.50,-236.50,-34.8710,-30.9297
39183125,-201.50,-351.50,-18.5877,-53.7023
39187031,-239.50,-333.50,-22.1788,-94.6792
39190937,-237.50,-335.50,-46.1246,-126.0807
39194843,-187.50,-200.50,-55.7318,-114.7684
39198749,-175.50,-200.50,-37.5871,-59.4262
39202655,-196.50,-288.50,-16.6956,-18.4224
39206561,-228.50,-237.50,-17.3834,-20.4705
39210467,-157.50,-196.50,-22.2465,-19.9132
39214373,-180.50,-176.50,-10.7122,-1.2908
39218279,-218.50,-277.50,-7.8479,-0.5619
39222185,-216.50,-223.50,-24.9862,-20.7566
39226091,-208.50,-222.50,-36.3786,-21.1422
39229997,-233.50,-321.50,-37.8194,-22.4436
39233903,-134.50,-137.50,-27.5315,-32.5338
39237809,-175.50,-233.50,-1.9987,-15.1538
39241715,-224.50,-214.50,4.4101,1.6411
39245621,-411.50,-312.50,-47.7771,-9.2721
39249527,-236.50,-191.50,-114.6678,-24.0686
39253433,-189.50,-175.50,-106.4218,-10.1747
39257339,-256.50,-302.50,-59.2137,-3.7132
39261245,-306.50,-329.50,-57.6052,-44.4508
39265151,-290.50,-274.50,-83.4890,-77.2655
39269057,-254.50,-239.50,-88.6151,-61.8838
39272963,-274.50,-271.50,-78.0848,-38.8817
39276869,-314.50,-272.50,-85.4379,-42.8358
39280775,-248.50,-273.50,-96.2984,-51.7098
39284681,-366.50,-330.50,-95.9221,-53.9860
39288587,-229.50,-245.50,-92.2940,-53.5427
39292493,-224.50,-267.50,-66.6472,-45.0482
39296399,-308.50,-394.50,-50.0753,-63.0789
39300305,-240.50,-243.50,-61.9212,-91.8349
39304211,-194.50,-255.50,-46.9778,-65.2013
39308117,-213.50,-271.50,-7.2797,-21.7623
39312023,-190.50,-282.50,12.4890,-19.2488
39315929,-258.50,-239.50,1.3652,-32.9411
39319835,-200.50,-200.50,-17.9237,-19.8692
39323741,-341.50,-329.50,-34.6098,-3.0188
39327647,-271.50,-210.50,-59.9463,-8.7112
39331553,-242.50,-262.50,-67.9011,-10.0793
39335459,-116.50,-109.50,-31.0420,10.9234
39339365,-203.50,-207.50,21.5353,47.6330
39343271,-234.50,-263.50,36.1397,53.9617
39347177,-252.50,-262.50,12.7618,21.6417
39351083,-244.50,-238.50,-14.3968,-4.9694
39354989,-269.50,-218.50,-37.4685,-10.3833
39358895,-255.50,-306.50,-52.8258,-15.0907
39362801,-209.50,-258.50,-41.3472,-26.5369
39366707,-232.50,-245.50,-8.9453,-18.8766
39370613,-229.50,-320.50,7.2447,-13.5618
39374519,-143.50,-202.50,13.1168,-24.4597
39378425,-186.50,-232.50,29.4745,-14.0037
39382331,-204.50,-264.50,38.0165,4.5801
39386237,-141.50,-132.50,44.6733,27.7954
39390143,-239.50,-286.50,49.5954,49.6052
39394049,-143.50,-143.50,37.5104,42.5529
39397955,-198.50,-225.50,29.9966,36.6349
39401861,-109.50,-197.50,43.1996,40.0296
39405767,-176.50,-210.50,68.5891,44.6599
39409673,-143.50,-203.50,80.1507,49.2588
39413579,-143.50,-166.50,75.2595,49.7669
39417485,-185.50,-191.50,61.7921,51.8201
39421391,-191.50,-106.50,40.8857,67.0681
39425297,-174.50,-161.50,32.6568,97.0659
39429203,-152.50,-155.50,44.1528,108.9186
39433109,-204.50,-206.50,49.1170,87.2670
39437015,-79.50,-164.50,50.3403,57.2416
39440921,-141.50,-144.50,72.2995,54.3484
39444827,-106.50,-202.50,95.0590,68.5188
39448733,-28.50,-108.50,120.0460,79.5648
39452639,-121.50,-162.50,140.8644,91.4012
39456545,-172.50,-143.50,113.7789,89.9370
39460451,-196.50,-158.50,57.3728,80.1829
39464357,-127.50,-164.50,31.8977,76.7313
39468263,-180.50,-143.50,42.0842,78.9089
39472169,-114.50,-79.50,54.1164,93.9280
39476075,-157.50,-142.50,60.1655,109.4149
39479981,-140.50,-174.50,60.9596,97.4134
39483887,-232.50,-249.50,47.5743,58.9135
39487793,-298.50,-208.50,3.6801,21.0249
39491699,-193.50,-176.50,-39.7930,11.5470
39495605,-88.50,-149.50,-17.6957,29.0855
39499511,-202.50,-113.50,35.4746,59.1745
39503417,-211.50,-249.50,42.8538,71.8217
39507323,-58.50,-98.50,45.0014,64.0710
39511229,-128.50,-111.50,80.0390,79.3642
39515135,-200.50,-225.50,80.4778,81.7371
39519041,-253.50,-335.50,26.2106,18.5694
39522947,-62.50,-79.50,4.7056,-21.9058
39526853,-215.50,-238.50,38.4041,15.5731
39530759,-190.50,-236.50,43.1964,30.4848
39534665,-143.50,-168.50,23.7066,9.3405
39538571,-202.50,-101.50,21.0791,28.0462
39542477,-160.50,-175.50,23.1002,68.8420
39546383,-141.50,-128.50,35.5749,85.1711
39550289,-216.50,-303.50,40.8215,57.6712
39554195,-66.50,-41.50,39.3259,26.8431
39558101,-245.50,-225.50,43.2638,39.7837
39562007,-126.50,-67.50,34.1500,63.8044
39565913,-130.50,-143.50,41.0141,87.8426
39569819,-161.50,-210.50,58.2250,86.4803
39573725,-128.50,-257.50,55.6375,33.9465
39577631,-56.50,-57.50,66.3021,7.8251
39581537,-146.50,-143.50,89.4115,47.9042
39585443,-111.50,-175.50,90.3833,77.0333
39589349,-176.50,-50.50,71.0289,83.5712
39593255,-146.50,-191.50,45.1687,92.8111
39597161,-24.50,-174.50,51.1005,68.0531
39601067,-169.50,-102.50,81.5816,43.4805
39604973,-148.50,-265.50,75.8539,36.4205
39608879,-141.50,-1.50,52.3238,42.5221
39612785,-146.50,-38.50,42.5142,101.1866
39616691,-127.50,-78.50,39.3460,151.7564
39620597,-140.50,-281.50,41.8763,111.1314
39624503,-159.50,-78.50,43.8008,40.9844
39628409,-96.50,-50.50,49.7228,51.3234
39632315,-168.50,-212.50,55.7514,82.9541
39636221,-228.50,-207.50,28.9201,45.1613
39640127,-93.50,-112.50,2.3628,10.8383
39644033,-110.50,-60.50,28.9083,45.0253
39647939,-47.50,-185.50,78.2107,81.5959
39651845,-82.50,-47.50,109.5909,79.6811
39655751,-28.50,-122.50,120.2678,81.5043
39659657,-66.50,-157.50,123.3777,76.6028
39663563,-175.50,-83.50,101.8118,63.5440
39667469,-220.50,-175.50,40.7505,59.3764
39671375,35.50,24.50,20.1850,70.4151
39675281,-128.50,-128.50,67.3554,100.1290
39679187,-141.50,-143.50,80.4355,95.2888
39683093,-104.50,-100.50,55.9497,66.4442
39686999,-105.50,-180.50,54.1863,49.5087
39690905,-10.50,-92.50,76.9626,35.9798
39694811,-200.50,-240.50,82.0707,19.7156
39698717,-143.50,-182.50,40.1283,-8.5319
39702623,-110.50,-136.50,14.4792,-12.9882
39706529,-14.50,-93.50,49.1830,22.3433
39710435,-165.50,-169.50,81.2559,46.0460
39714341,-105.50,-89.50,61.0978,43.4420
39718247,-64.50,-79.50,45.1712,55.5501
39722153,-85.50,-79.50,64.8487,82.7379
39726059,-152.50,-127.50,68.6927,86.9470
39729965,-63.50,-61.50,52.1639,73.2047
39733871,-18.50,-63.50,63.6254,74.9574
39737777,-109.50,-125.50,86.4204,79.7890
39741683,-146.50,-140.50,70.3912,61.7061
39745589,-161.50,-46.50,30.1961,51.2353
39749495,-237.50,-210.50,-13.7604,46.2154
39753401,-138.50,-94.50,-45.8213,22.0399
39757307,-168.50,-63.50,-41.1800,27.4242
39761213,-204.50,-154.50,-27.7659,53.0885
39765119,-18.50,-22.50,-2.0379,63.1471
39769025,-94.50,-96.50,52.1389,76.0926
39772931,-240.50,-181.50,51.9948,60.3413
39776837,-112.50,-116.50,-2.0686,19.5570
39780743,-105.50,-163.50,-9.2473,3.1432
39784649,-81.50,-86.50,28.0945,10.7892
39788555,-63.50,-127.50,60.2177,25.8725
39792461,-15.50,26.50,84.3247,54.3574
39796367,-131.50,-239.50,89.0770,67.6958
39800273,-40.50,-33.50,72.6030,43.4471
39804179,-15.50,-18.50,78.2408,54.1038
39808085,-42.50,-120.50,100.2952,81.7993
39811991,-202.50,-178.50,75.8667,49.3907
39815897,-192.50,-173.50,2.7677,-6.6892
39819803,-234.50,-196.50,-58.5492,-37.4732
39823709,-170.50,-93.50,-78.0141,-33.1889
39827615,-78.50,-84.50,-50.1100,1.5397
39831521,-202.50,-340.50,-12.5669,-5.2704
39835427,-106.50,-153.50,-4.2892,-62.9518
39839333,-314.50,-191.50,-25.0902,-73.4626
39843239,-96.50,-183.50,-54.6578,-50.2029
39847145,-176.50,-166.50,-47.8660,-43.6414
39851051,-198.50,-190.50,-36.7644,-42.7644
39854957,-104.50,-152.50,-33.4395,-35.2824
39858863,-260.50,-232.50,-24.4388,-30.3548
39862769,-190.50,-146.50,-42.7779,-38.1986
39866675,-186.50,-191.50,-62.4313,-43.0668
39870581,-186.50,-274.50,-62.2151,-60.2571
39874487,-301.50,-241.50,-74.1081,-91.1682
39878393,-250.50,-171.50,-101.4583,-88.6766
39882299,-321.50,-216.50,-122.8382,-61.8336
39886205,-320.50,-420.50,-147.9613,-91.7508
39890111,-245.50,-212.50,-162.1747,-154.1005
39894017,-320.50,-368.50,-150.0506,-164.6560
39897923,-472.50,-435.50,-168.3699,-179.8480
39901829,-642.50,-578.50,-263.2530,-257.8753
39905735,-494.50,-477.50,-367.8363,-340.5746
39909641,-470.50,-449.50,-385.7891,-352.9547
39913547,-434.50,-626.50,-336.1591,-339.3469
39917453,-580.50,-676.50,-302.6352,-382.8406
39921359,-719.50,-703.50,-344.3455,-452.7732
39925269,-792.50,-654.50,-449.6946,-489.1992
39929175,-719.50,-672.50,-538.9445,-485.8256
39933081,-645.50,-729.50,-546.2412,-478.1800
39936987,-569.50,-723.50,-473.8869,-483.2923
39940893,-591.50,-565.50,-380.3314,-458.3759
39944799,-820.50,-788.50,-363.7927,-425.6640
39948705,-707.50,-765.50,-435.9369,-458.3255
39952611,-728.50,-936.50,-489.7683,-534.2841
39956517,-492.50,-692.50,-452.4435,-568.2321
39960423,-616.50,-768.50,-353.5191,-521.9509
39964329,-735.50,-756.50,-312.9469,-471.2894
39968235,-575.50,-762.50,-338.4021,-461.1110
39972141,-625.50,-644.50,-341.4445,-437.5888
39976047,-566.50,-690.50,-324.2937,-385.5688
39979953,-477.50,-591.50,-281.4690,-336.4242
39983859,-643.50,-713.50,-233.5637,-315.7467
39987765,-634.50,-717.50,-245.0010,-337.6108
39991671,-621.50,-682.50,-287.0603,-361.9177
39995577,-438.50,-524.50,-279.7639,-325.1292
39999483,-363.50,-431.50,-190.9150,-224.0032
40003389,-621.50,-542.50,-118.5138,-139.2628
40007295,-516.50,-560.50,-139.1462,-135.5348
40011201,-368.50,-485.50,-147.9110,-154.9480
40015107,-417.50,-463.50,-102.3387,-136.2137
40019013,-467.50,-353.50,-82.8007,-87.3633
40022919,-392.50,-405.50,-82.4074,-37.1062
40026825,-482.50,-485.50,-67.1616,-28.1684
40030731,-286.50,-307.50,-42.0168,-30.1090
40034637,-302.50,-436.50,1.4784,-5.4058
40038543,-213.50,-378.50,51.7248,-1.3121
40042449,-367.50,-431.50,80.2040,-20.3694
40046355,-354.50,-401.50,68.3566,-30.3786
40050261,-261.50,-372.50,53.3547,-17.0003
40054167,-276.50,-359.50,62.4048,12.0370
40058073,-150.50,-184.50,87.4951,57.5742
40061979,-229.50,-202.50,131.5024,127.3990
40065885,-207.50,-322.50,166.6564,160.8065
40069791,-31.50,-154.50,205.4344,157.1744
40073697,80.50,-53.50,283.1320,202.6060
40077603,-8.50,-32.50,349.1566,283.1106
40081509,-136.50,-150.50,337.8712,311.1563
40085415,-17.50,47.50,298.2447,308.0396
40089321,11.50,45.50,307.7331,353.2832
40093227,-66.50,-148.50,318.3952,376.9025
40097133,-47.50,-69.50,282.8684,317.7528
40101039,-76.50,-122.50,251.8311,257.0030
40104945,90.50,105.50,281.7419,269.1573
40108851,75.50,95.50,357.9734,356.6547
40112757,98.50,65.50,401.6642,429.9426
40116663,98.50,-4.50,394.0393,421.8448
40120569,171.50,115.50,395.8932,386.7457
40124475,124.50,102.50,428.1888,390.3649
40128381,102.50,146.50,441.8378,419.2973
40132287,128.50,64.50,415.9228,430.5751
40136193,94.50,99.50,378.5857,413.3430
40140099,91.50,241.50,352.4748,417.6658
40144005,177.50,143.50,364.6596,452.7466
40147911,197.50,183.50,413.1737,462.7683
40151817,57.50,123.50,422.0272,446.0799
40155723,145.50,236.50,370.3494,438.4163
40159629,225.50,222.50,354.4789,456.0236
40163535,155.50,95.50,392.9169,450.7488
40167441,112.50,207.50,403.7654,413.1152
40171347,181.50,191.50,378.5950,406.5373
40175253,117.50,207.50,352.7267,423.9878
40179159,197.50,195.50,339.3935,427.9261
40183065,227.50,187.50,361.8233,415.6701
40186971,179.50,122.50,396.3267,388.6505
40190877,278.50,286.50,409.9529,379.4732
40194783,142.50,254.50,398.7207,414.4199
40198689,144.50,230.50,352.0965,439.8525
40202595,119.50,189.50,304.4269,419.3210
40206501,149.50,253.50,289.0517,393.0940
40210407,103.50,183.50,284.1908,383.5767
40214313,144.50,170.50,269.8441,363.3612
40218219,80.50,32.50,251.0802,308.4703
40222125,42.50,66.50,225.1521,236.4205
40226031,93.50,112.50,204.5465,203.4342
40229937,66.50,127.50,201.4635,221.5506
40233843,64.50,112.50,192.6858,243.7708
40237749,84.50,46.50,179.6973,234.7928
40241655,7.50,17.50,170.3068,194.8408
40245561,81.50,48.50,162.9502,158.4539
40249467,90.50,21.50,171.6950,144.0289
40253373,16.50,-0.50,170.8937,131.1007
40257279,-59.50,-37.50,126.0937,107.0549
40261185,-79.50,-99.50,64.2028,71.9853
40265091,-238.50,-85.50,0.5847,34.4459
40268997,-124.50,-104.50,-58.9790,9.5794
40272903,-161.50,-130.50,-80.6128,-8.9148
40276809,-193.50,-270.50,-83.6118,-49.4422
40280715,-320.50,-312.50,-113.0748,-120.9159
40284621,-239.50,-234.50,-152.1617,-171.5785
40288527,-460.50,-405.50,-195.4552,-195.2119
40292433,-548.50,-376.50,-291.5558,-239.5798
40296339,-493.50,-426.50,-394.7215,-283.1296
40300245,-478.50,-484.50,-417.5698,-311.1236
40304151,-576.50,-568.50,-399.0840,-352.5356
40308057,-656.50,-519.50,-420.2976,-397.4627
40311963,-529.50,-512.50,-456.5988,-410.5668
40315869,-522.50,-594.50,-443.0410,-408.3187
40319775,-494.50,-530.50,-396.7636,-410.9666
40323681,-628.50,-552.50,-376.4221,-400.0812
40327587,-512.50,-527.50,-385.3125,-383.5397
40331493,-527.50,-591.50,-377.9110,-384.0442
40335399,-466.50,-457.50,-351.5235,-380.2871
40339305,-490.50,-426.50,-325.1678,-331.6236
40343211,-367.50,-456.50,-284.8858,-271.3488
40347117,-400.50,-362.50,-226.6827,-235.6634
40351023,-413.50,-589.50,-193.9627,-240.9156
40354929,-309.50,-366.50,-185.7586,-272.5965
40358835,-472.50,-382.50,-185.2426,-250.7456
40362741,-254.50,-208.50,-181.6707,-168.3335
40366647,-303.50,-310.50,-134.4622,-89.1400
40370553,-271.50,-266.50,-82.6558,-60.1621
40374459,-202.50,-254.50,-55.0041,-59.1149
40378365,-143.50,-179.50,-15.9439,-39.9008
40382271,-111.50,-70.50,38.3019,13.1321
40386177,-99.50,-132.50,86.5602,73.5024
40390083,-106.50,-116.50,109.9322,95.8869
40393989,-24.50,31.50,120.5707,117.5637
40397895,-89.50,-60.50,130.9391,160.0173
40401801,-21.50,-24.50,136.8567,172.8630
40405707,-51.50,-44.50,147.8228,159.9517
40409613,-17.50,-25.50,160.1029,152.8476
40413519,10.50,-47.50,170.3760,152.2744
40417425,-109.50,-44.50,162.1502,147.9031
40421331,28.50,-20.50,141.8574,142.1554
40425237,19.50,45.50,159.2926,155.3636
40429143,111.50,106.50,207.6099,198.7122
40433049,48.50,86.50,243.2666,247.4895
40436955,126.50,80.50,254.1756,265.6497
40440861,69.50,48.50,256.8155,250.2506
40444767,116.50,67.50,257.8502,224.3406
40448673,84.50,34.50,256.1318,205.3320
40452579,165.50,144.50,259.4974,209.2762
40456485,126.50,151.50,270.7532,245.8884
40460391,58.50,63.50,263.1850,267.5428
40464297,102.50,80.50,235.6817,242.7577
40468203,160.50,193.50,233.4469,231.5007
40472109,165.50,171.50,258.3571,263.2929
40476015,159.50,113.50,275.4152,280.2621
40479921,167.50,126.50,277.9443,259.5185
40483827,169.50,123.50,279.3201,237.4622
40487733,137.50,153.50,273.9887,232.3234
40491639,139.50,133.50,253.0736,234.3792
40495545,144.50,133.50,231.4207,230.4247
40499451,135.50,82.50,222.3974,215.0287
40503357,131.50,105.50,220.7814,194.1417
40507263,118.50,58.50,215.9466,174.1696
40511169,140.50,97.50,206.3083,156.5840
40515075,84.50,59.50,190.8359,145.7963
40518981,119.50,100.50,172.7004,143.8195
40522887,97.50,89.50,166.2192,151.1393
40526793,91.50,122.50,163.8439,161.8435
40530699,128.50,119.50,159.4879,169.3381
40534605,80.50,112.50,154.5248,169.8593
40538511,46.50,79.50,134.7395,159.1827
40542417,50.50,53.50,108.1860,137.3647
40546323,27.50,35.50,90.4424,108.8203
40550229,48.50,18.50,78.6818,79.9383
40554135,33.50,-10.50,70.7848,52.6532
40558041,8.50,-24.50,61.4561,28.9255
40561947,9.50,-48.50,50.1228,10.4793
40565853,59.50,-40.50,52.0312,-3.3795
40569759,66.50,-52.50,69.5122,-13.6238
40573665,65.50,-61.50,82.8372,-23.7318
40577571,49.50,-56.50,82.5036,-30.9818
40581477,19.50,-37.50,71.9020,-26.8723
40585383,-24.50,-47.50,48.1168,-16.9773
40589289,-28.50,-40.50,13.6361,-14.2219
40593195,-26.50,-32.50,-14.3740,-15.8973
40597101,-46.50,-46.50,-27.7740,-16.0944
40601007,-60.50,-94.50,-34.3268,-25.0354
40604913,-66.50,-102.50,-40.1277,-48.3070
40608819,-76.50,-100.50,-49.0698,-71.1523
40612725,-80.50,-82.50,-62.6761,-79.2901
40616631,-62.50,-79.50,-70.6535,-72.6959
40620537,-56.50,-66.50,-62.9233,-58.7376
40624443,-53.50,-76.50,-47.4803,-46.9469
40628349,-47.50,-73.50,-37.8956,-44.9178
40632255,16.50,-62.50,-27.1809,-48.2092
40636161,-5.50,-42.50,-8.2509,-44.7125
40640067,-60.50,-71.50,-4.7033,-37.1514
40643973,-108.50,-84.50,-32.5018,-39.8574
40647879,-116.50,-100.50,-73.6066,-54.4583
40651785,-85.50,-99.50,-99.6803,-71.5503
40655691,-88.50,-108.50,-101.2410,-83.7433
40659597,-96.50,-94.50,-92.5749,-86.4072
40663503,-108.50,-100.50,-86.6259,-80.2781
40667409,-91.50,-93.50,-84.1201,-73.5171
40671315,-73.50,-67.50,-80.6324,-67.0419
40675221,-100.50,-69.50,-80.4717,-57.7521
40679127,-136.50,-101.50,-93.0576,-55.6235
40683033,-127.50,-60.50,-108.7950,-58.1058
40686939,-137.50,-77.50,-114.9304,-53.0273
40690845,-128.50,-100.50,-117.8916,-54.1062
40694751,-156.50,-111.50,-126.7117,-70.3360
40698657,-113.50,-83.50,-131.3513,-81.4444
40702563,-124.50,-97.50,-118.1578,-76.6580
40706469,-114.50,-74.50,-100.2159,-66.6659
40710375,-133.50,-88.50,-96.6332,-60.2646
40714281,-96.50,-110.50,-101.6444,-64.8330
40718187,-101.50,-86.50,-97.6916,-73.9876
40722093,-132.50,-97.50,-90.6857,-73.8344
40725999,-128.50,-76.50,-93.4921,-67.2313
40729905,-126.50,-82.50,-100.3973,-60.4312
40733811,-109.50,-116.50,-103.7513,-63.2488
40737717,-124.50,-142.50,-102.5513,-82.0486
40741623,-121.50,-136.50,-99.0425,-103.0350
40745529,-112.50,-132.50,-92.0947,-111.3863
40749435,-126.50,-127.50,-87.3563,-109.3335
40753341,-110.50,-111.50,-90.8087,-102.0498
40757247,-117.50,-125.50,-94.3618,-93.1401
40761153,-126.50,-100.50,-93.7789,-85.1759
40765059,-129.50,-92.50,-92.2154,-74.6260
40768965,-115.50,-109.50,-90.3386,-68.0135
40772871,-121.50,-90.50,-89.9523,-68.9820
40776777,-105.50,-96.50,-90.0130,-67.3818
40780683,-79.50,-105.50,-79.3606,-64.5689
40784589,-79.50,-122.50,-57.5804,-69.4059
40788495,-85.50,-103.50,-43.1062,-77.6258
40792401,-93.50,-109.50,-46.0707,-79.7036
40796307,-89.50,-111.50,-56.8326,-77.6779
40800213,-80.50,-132.50,-59.7757,-79.1550
40804119,-96.50,-136.50,-54.5513,-86.7300
40808025,-108.50,-98.50,-54.9648,-89.4316
40811931,-94.50,-124.50,-62.2753,-83.0909
40815837,-68.50,-124.50,-61.9380,-81.2779
40819743,-79.50,-156.50,-51.2132,-88.7564
40823649,-99.50,-150.50,-45.1371,-100.3670
40827555,-99.50,-156.50,-49.8409,-109.4898
40831461,-96.50,-139.50,-57.2524,-111.8604
40835367,-97.50,-142.50,-62.5287,-107.1621
40839273,-144.50,-143.50,-72.4396,-99.7029
40843179,-114.50,-122.50,-84.4611,-90.8970
40847085,-92.50,-111.50,-79.6147,-78.7317
40850991,-112.50,-124.50,-65.8044,-70.9897
40854897,-116.50,-111.50,-65.7679,-70.4467
40858803,-112.50,-133.50,-73.1705,-71.0905
40862709,-111.50,-156.50,-73.4287,-77.6539
40866615,-122.50,-164.50,-69.9543,-93.1156
40870521,-124.50,-175.50,-72.0915,-109.9772
40874427,-133.50,-159.50,-80.1291,-118.9337
40878333,-146.50,-138.50,-89.9142,-111.2792
40882239,-137.50,-120.50,-95.2003,-89.4966
40886145,-142.50,-112.50,-93.0257,-67.1582
40890051,-152.50,-126.50,-92.1777,-57.2417
40893957,-132.50,-143.50,-94.5105,-63.5812
40897863,-142.50,-147.50,-92.9382,-76.6333
40901769,-133.50,-146.50,-87.8438,-84.2495
40905675,-134.50,-130.50,-81.3993,-82.4627
40909581,-132.50,-136.50,-76.7593,-76.1564
40913487,-145.50,-142.50,-78.5608,-73.7522
40917393,-141.50,-121.50,-84.4101,-71.7166
40921299,-136.50,-110.50,-85.4231,-61.2427
40925205,-140.50,-121.50,-80.5061,-50.2241
40929111,-106.50,-147.50,-71.6117,-53.4792
40933017,-124.50,-164.50,-61.2286,-70.9239
40936923,-132.50,-144.50,-59.7290,-84.8417
40940829,-139.50,-143.50,-66.3011,-83.2103
40944735,-136.50,-137.50,-70.9253,-74.5145
40948641,-141.50,-152.50,-72.4077,-70.6854
40952547,-133.50,-164.50,-73.2418,-75.5377
40956453,-140.50,-165.50,-73.2059,-83.7501
40960359,-142.50,-108.50,-72.5614,-78.8970
40964269,-136.50,-143.50,-70.4398,-62.0295
40968175,-85.50,-121.50,-58.5244,-52.8530
40972081,-57.50,-73.50,-31.4821,-40.8092
40975987,-90.50,-78.50,-8.3071,-15.8611
40979893,-120.50,-129.50,-11.1959,-6.7472
40983799,-138.50,-128.50,-33.1113,-25.2612
40987705,-58.50,-57.50,-41.6534,-34.0296
40991611,-67.50,-69.50,-22.7548,-13.4544
40995517,-79.50,-112.50,-4.8835,0.3649
40999423,-62.50,-95.50,0.3342,-8.7426
41003329,-63.50,-111.50,7.0359,-19.7534
41007235,-90.50,-111.50,7.9613,-27.0505
41011141,-97.50,-97.50,-7.1325,-30.5538
41015047,-82.50,-111.50,-22.8245,-28.6655
41018953,-79.50,-98.50,-22.3133,-25.2899
41022859,-92.50,-84.50,-13.5951,-17.9639
41026765,-95.50,-84.50,-11.9385,-8.4209
41030671,-111.50,-90.50,-21.0918,-5.1778
41034577,-104.50,-88.50,-33.7481,-7.5113
41038483,-85.50,-79.50,-35.2522,-6.8983
41042389,-66.50,-62.50,-19.7420,1.2016
41046295,-80.50,-56.50,-2.2619,12.7667
41050201,-79.50,-62.50,1.1751,19.3787
41054107,-76.50,-56.50,-4.3828,20.0532
41058013,-80.50,-57.50,-7.8199,20.9436
41061919,-79.50,-61.50,-7.3364,21.9710
41065825,-79.50,-66.50,-5.3349,18.9686
41069731,-84.50,-69.50,-5.8875,12.5706
41073637,-82.50,-82.50,-9.7742,5.2658
41077543,-92.50,-95.50,-13.9186,-3.2262
41081449,-83.50,-79.50,-15.2381,-9.1020
41085355,-89.50,-91.50,-13.3260,-9.9232
41089261,-69.50,-85.50,-9.7489,-10.9002
41093167,-65.50,-80.50,-3.6229,-10.7248
41097073,-49.50,-104.50,5.6318,-10.4661
41100979,-73.50,-111.50,12.5906,-17.3545
41104885,-60.50,-112.50,12.6680,-27.7919
41108791,-68.50,-120.50,9.7996,-36.1009
41112697,-102.50,-116.50,0.1457,-41.0528
41116603,-97.50,-106.50,-17.1997,-39.0478
41120509,-96.50,-110.50,-27.1648,-31.8583
41124415,-109.50,-127.50,-28.2836,-30.4268
41128321,-125.50,-147.50,-33.4391,-41.5081
41132227,-146.50,-175.50,-47.7986,-62.1525
41136133,-141.50,-172.50,-63.3751,-81.9494
41140039,-132.50,-181.50,-67.8560,-91.8010
41143945,-127.50,-176.50,-60.8747,-93.7376
41147851,-137.50,-160.50,-54.0394,-89.6948
41151757,-148.50,-144.50,-56.0496,-77.7441
41155663,-153.50,-146.50,-64.2280,-63.0652
41159569,-143.50,-128.50,-68.9926,-51.0340
41163475,-148.50,-155.50,-67.2349,-45.6774
41167381,-143.50,-131.50,-63.9613,-47.4646
41171287,-141.50,-157.50,-60.9576,-50.5183
41175193,-130.50,-142.50,-55.9040,-53.2213
41179099,-116.50,-149.50,-46.5586,-53.2106
41183005,-126.50,-114.50,-37.1312,-45.8004
41186911,-110.50,-105.50,-32.0501,-29.9657
41190817,-101.50,-105.50,-25.9183,-14.4587
41194723,-94.50,-122.50,-16.6035,-10.0929
41198629,-114.50,-116.50,-12.0054,-14.3471
41202535,-116.50,-108.50,-16.8133,-16.6253
41206441,-105.50,-126.50,-22.2167,-17.2140
41210347,-113.50,-141.50,-22.2556,-24.9095
41214253,-105.50,-132.50,-20.8210,-34.4973
41218159,-134.50,-143.50,-23.0741,-37.6979
41222065,-139.50,-159.50,-32.6791,-41.5562
41225971,-152.50,-144.50,-45.2230,-48.1166
41229877,-143.50,-158.50,-53.6439,-51.1130
41233783,-143.50,-154.50,-54.9850,-51.8154
41237689,-143.50,-146.50,-51.8632,-49.4690
41241595,-132.50,-136.50,-46.5238,-42.1140
41245501,-124.50,-143.50,-37.9945,-35.4600
41249407,-132.50,-140.50,-31.2156,-33.8846
41253313,-129.50,-129.50,-30.6028,-31.9326
41257219,-114.50,-170.50,-29.3098,-32.3918
41261125,-116.50,-159.50,-22.5932,-42.1229
41265031,-110.50,-149.50,-15.5488,-48.9344
41268937,-95.50,-162.50,-8.9390,-48.0256
41272843,-84.50,-160.50,0.4630,-47.8263
41276749,-107.50,-144.50,6.3048,-44.9702
41280655,-91.50,-145.50,4.9588,-36.6025
41284561,-85.50,-132.50,6.1622,-28.2904
41288467,-96.50,-119.50,9.6187,-19.9473
41292373,-108.50,-97.50,5.7624,-6.9047
41296279,-96.50,-101.50,-0.9741,8.3188
41300185,-109.50,-96.50,-3.2510,17.8702
41304091,-130.50,-109.50,-8.2534,18.4039
41307997,-114.50,-127.50,-16.9715,9.2234
41311903,-113.50,-125.50,-19.0481,-4.0665
41315809,-123.50,-143.50,-17.0904,-13.9919
41319715,-126.50,-125.50,-18.4753,-18.3422
41323621,-143.50,-130.50,-23.9583,-16.2758
41327527,-146.50,-110.50,-32.7538,-10.0059
41331433,-143.50,-138.50,-39.9966,-5.8948
41335339,-125.50,-132.50,-38.8489,-9.0632
41339245,-113.50,-139.50,-27.6254,-14.4394
41343151,-137.50,-152.50,-17.4826,-20.1088
41347057,-184.50,-169.50,-26.9191,-30.9095
41350963,-206.50,-188.50,-56.8620,-46.3215
41354869,-176.50,-186.50,-81.3541,-59.7984
41358775,-165.50,-178.50,-80.4143,-63.5628
41362681,-166.50,-175.50,-65.5147,-58.8383
41366587,-164.50,-160.50,-53.6124,-50.7448
41370493,-137.50,-174.50,-43.1363,-43.5245
41374399,-160.50,-196.50,-34.1703,-45.4334
41378305,-138.50,-200.50,-32.0924,-56.6607
41382211,-134.50,-178.50,-28.9673,-63.3269
41386117,-136.50,-160.50,-21.6358,-55.6079
41390023,-139.50,-168.50,-17.0283,-41.6350
41393929,-129.50,-148.50,-15.3183,-30.1741
41397835,-135.50,-154.50,-14.5266,-20.3875
41401741,-141.50,-154.50,-16.4285,-15.7759
41405647,-158.50,-158.50,-22.3645,-18.2481
41409553,-172.50,-157.50,-32.2066,-22.3814
41413459,-191.50,-188.50,-46.0195,-28.2669
41417365,-207.50,-178.50,-63.2352,-36.8683
41421271,-190.50,-186.50,-75.6051,-42.5717
41425177,-174.50,-175.50,-71.8072,-43.8925
41429083,-162.50,-208.50,-54.8722,-47.1105
41432989,-157.50,-186.50,-37.5373,-52.4684
41436895,-143.50,-149.50,-25.5658,-44.2173
41440801,-138.50,-163.50,-16.8082,-24.2230
41444707,-142.50,-144.50,-11.0302,-11.5186
41448613,-132.50,-144.50,-7.5150,-5.3408
41452519,-121.50,-121.50,-1.4746,3.5263
41456425,-111.50,-123.50,7.8005,15.8018
41460331,-114.50,-168.50,15.4263,16.3332
41464237,-130.50,-164.50,15.6136,-1.4742
41468143,-116.50,-166.50,11.6036,-18.0956
41472049,-131.50,-174.50,9.5587,-24.0437
41475955,-144.50,-188.50,3.9888,-27.9234
41479861,-140.50,-177.50,-5.4880,-32.0021
41483767,-150.50,-184.50,-11.7112,-32.9678
41487673,-172.50,-181.50,-18.2141,-32.6203
41491579,-175.50,-182.50,-28.7724,-31.9828
41495485,-161.50,-175.50,-35.2572,-29.1859
41499391,-136.50,-170.50,-28.7606,-23.8363
41503297,-143.50,-174.50,-14.4282,-19.1530
41507203,-134.50,-160.50,-3.4611,-16.0024
41511109,-140.50,-148.50,1.8834,-8.9817
41515015,-146.50,-140.50,1.2861,2.5216
41518921,-144.50,-143.50,-3.8632,12.0139
41522827,-139.50,-146.50,-6.8020,14.6857
41526733,-133.50,-128.50,-3.6259,15.3946
41530639,-140.50,-116.50,1.8747,22.3906
41534545,-146.50,-97.50,2.6020,36.0290
41538451,-143.50,-112.50,-1.3740,47.8754
41542357,-130.50,-143.50,-2.3749,44.7094
41546263,-117.50,-148.50,4.9656,26.9744
41550169,-126.50,-179.50,15.1755,5.6892
41554075,-132.50,-188.50,18.2853,-15.2608
41557981,-104.50,-164.50,18.8340,-26.1836
41561887,-106.50,-169.50,25.3033,-21.2223
41565793,-126.50,-161.50,28.5960,-11.6188
41569699,-122.50,-140.50,23.4208,-1.5811
41573605,-122.50,-130.50,19.1450,11.7513
41577511,-125.50,-142.50,17.9685,21.3971
41581417,-111.50,-130.50,18.1524,23.6273
41585323,-125.50,-125.50,19.4865,26.0694
41589229,-133.50,-137.50,17.4005,28.5837
41593135,-124.50,-128.50,13.9974,27.2437
41597041,-118.50,-128.50,15.3125,26.5540
41600947,-114.50,-150.50,19.3439,24.4039
41604853,-104.50,-162.50,24.1251,14.5969
41608759,-111.50,-143.50,29.4604,5.5546
41612665,-110.50,-144.50,32.3814,6.4490
41616571,-111.50,-148.50,31.9802,10.3981
41620477,-101.50,-129.50,30.9831,14.2658
41624383,-94.50,-123.50,33.2644,23.0761
41628289,-113.50,-123.50,35.8110,32.5043
41632195,-111.50,-143.50,33.4584,32.7986
41636101,-111.50,-154.50,29.7371,21.8543
41640007,-112.50,-172.50,26.8971,6.0622
41643913,-116.50,-175.50,23.2976,-7.8345
41647819,-126.50,-157.50,18.8726,-12.7641
41651725,-127.50,-170.50,14.8628,-9.4908
41655631,-124.50,-174.50,13.1343,-8.6752
41659537,-130.50,-170.50,11.7228,-10.8204
41663443,-142.50,-168.50,6.1370,-10.0853
41667349,-143.50,-159.50,-1.5775,-6.2951
41671255,-138.50,-146.50,-4.2021,0.4391
41675161,-146.50,-165.50,-2.6672,5.7670
41679067,-138.50,-157.50,-2.6094,5.3317
41682973,-152.50,-165.50,-5.2526,3.2501
41686879,-146.50,-180.50,-8.7920,-1.5750
41690785,-140.50,-172.50,-7.7610,-9.5258
41694691,-144.50,-192.50,-3.0011,-16.2030
41698597,-161.50,-197.50,-4.3869,-23.2516
41702503,-155.50,-191.50,-12.4853,-28.1810
41706409,-149.50,-188.50,-16.2089,-27.1959
41710315,-157.50,-152.50,-13.5201,-18.2321
41714221,-174.50,-130.50,-14.6520,2.0974
41718127,-166.50,-128.50,-21.4268,25.5222
41722033,-162.50,-157.50,-24.9334,34.7804
41725939,-160.50,-165.50,-22.4947,24.8762
41729845,-156.50,-158.50,-17.4478,10.3535
41733751,-142.50,-147.50,-9.9432,5.7904
41737657,-150.50,-152.50,-2.5907,9.9189
41741563,-140.50,-143.50,0.5321,16.1792
41745469,-136.50,-139.50,2.8950,23.1136
41749375,-133.50,-130.50,7.4673,29.6039
41753281,-142.50,-160.50,10.4846,28.5837
41757187,-128.50,-175.50,11.2840,14.8959
41761093,-136.50,-195.50,12.3213,-4.3115
41764999,-124.50,-207.50,13.6950,-21.2792
41768905,-114.50,-191.50,18.6324,-31.0603
41772811,-118.50,-154.50,26.3166,-24.6783
41776717,-134.50,-136.50,27.4420,-1.8069
41780623,-143.50,-146.50,18.6130,21.1799
41784529,-132.50,-152.50,9.1448,29.7088
41788435,-146.50,-156.50,5.3990,25.5704
41792341,-157.50,-150.50,1.0843,18.1744
41796247,-168.50,-152.50,-7.4495,13.9835
41800153,-175.50,-168.50,-17.2933,11.4328
41804059,-175.50,-156.50,-25.1414,9.7023
41807965,-164.50,-156.50,-26.9135,11.8407
41811871,-166.50,-170.50,-22.4650,11.5230
41815777,-143.50,-207.50,-13.6197,-1.7868
41819683,-131.50,-208.50,0.3135,-23.0442
41823589,-145.50,-175.50,11.3328,-30.2448
41827495,-156.50,-160.50,9.4635,-15.3580
41831401,-143.50,-145.50,2.4810,5.7155
41835307,-129.50,-160.50,4.3616,17.7013
41839213,-146.50,-144.50,10.8364,21.0736
41843119,-146.50,-127.50,10.3816,28.0741
41847025,-117.50,-113.50,10.8310,41.6518
41850931,-108.50,-118.50,22.4338,51.7455
41854837,-100.50,-138.50,37.5446,50.0554
41858743,-94.50,-156.50,48.0782,37.6526
41862649,-127.50,-177.50,48.2986,20.4999
41866555,-138.50,-154.50,34.4425,7.5009
41870461,-130.50,-155.50,18.8685,5.6059
41874367,-152.50,-161.50,9.8225,8.2497
41878273,-145.50,-142.50,2.8518,12.6525
41882179,-143.50,-136.50,0.3576,23.4849
41886085,-175.50,-159.50,-2.0865,29.9869
41889991,-113.50,-156.50,-2.4195,22.7030
41893897,-84.50,-117.50,17.3364,19.1386
41897803,-137.50,-169.50,38.1674,24.2151
41901709,-166.50,-201.50,28.0738,13.8990
41905615,-175.50,-207.50,0.0596,-11.7135
41909521,-163.50,-191.50,-18.2959,-29.3583
41913427,-168.50,-177.50,-22.5191,-29.1723
41917333,-180.50,-175.50,-24.1139,-17.7161
41921239,-202.50,-152.50,-30.9839,-1.8396
41925145,-172.50,-137.50,-35.3904,17.2835
41929051,-134.50,-116.50,-22.6855,35.5856
41932957,-145.50,-127.50,-1.3954,46.0104
41936863,-140.50,-143.50,9.0272,43.8096
41940769,-128.50,-178.50,13.5961,29.5593
41944675,-128.50,-175.50,21.6900,10.7646
41948581,-127.50,-154.50,27.5239,1.2640
41952487,-126.50,-173.50,26.6072,1.1862
41956393,-111.50,-172.50,25.5476,-0.5499
41960299,-136.50,-175.50,27.1350,-1.9407
41964205,-133.50,-190.50,25.6285,-2.4599
41968111,-128.50,-197.50,22.8686,-9.4965
41972017,-118.50,-176.50,23.0208,-17.6053
41975923,-115.50,-172.50,25.6544,-15.5080
41979829,-113.50,-165.50,30.4788,-4.4482
41983735,-122.50,-165.50,34.9419,7.4123
41987641,-122.50,-164.50,34.8613,13.2676
41991547,-116.50,-146.50,31.1745,14.4993
41995453,-92.50,-135.50,32.0864,19.5654
41999359,-102.50,-148.50,40.2288,27.5061
42003268,-96.50,-132.50,48.4342,33.7575
42007174,-93.50,-126.50,53.6129,40.3839
42011080,-106.50,-111.50,52.8148,47.0945
42014986,-115.50,-106.50,42.6935,53.0993
42018892,-117.50,-130.50,30.8287,55.2521
42022798,-134.50,-109.50,23.4631,54.0843
42026704,-142.50,-114.50,16.5505,56.0379
42030610,-150.50,-140.50,6.7454,52.1603
42034516,-148.50,-125.50,-3.2297,39.5025
42038422,-138.50,-124.50,-6.5058,34.2319
42042328,-126.50,-141.50,1.2035,36.4045
42046234,-128.50,-175.50,13.4965,28.8639
42050140,-112.50,-154.50,22.3526,12.1836
42054046,-104.50,-143.50,28.6847,5.2744
42057952,-112.50,-153.50,32.7092,9.8016
42061858,-137.50,-149.50,28.9627,14.9020
42065764,-133.50,-156.50,19.0036,17.4389
42069670,-158.50,-158.50,7.5112,15.2643
42073576,-149.50,-143.50,-4.8161,11.5935
42077482,-146.50,-146.50,-11.3071,12.7222
42081388,-139.50,-149.50,-7.6323,16.5051
42085294,-143.50,-165.50,0.1754,16.5509
42089200,-137.50,-160.50,5.3332,11.0373
42093106,-145.50,-177.50,5.0408,1.9792
42097012,-148.50,-175.50,-0.0661,-8.0361
42100918,-145.50,-179.50,-4.2872,-13.3340
42104824,-146.50,-178.50,-3.3120,-12.3659
42108730,-154.50,-162.50,-2.0716,-7.5150
42112636,-154.50,-164.50,-5.3790,-1.6137
42116542,-156.50,-176.50,-10.4715,-1.1233
42120448,-160.50,-172.50,-13.6955,-4.9200
42124354,-166.50,-191.50,-15.3662,-8.4977
42128260,-169.50,-177.50,-17.5005,-12.0455
42132166,-154.50,-152.50,-18.2811,-9.2051
42136072,-156.50,-136.50,-15.3738,4.3997
42139978,-152.50,-146.50,-11.2254,19.3726
42143884,-156.50,-143.50,-7.6976,26.8846
42147790,-166.50,-173.50,-7.5142,23.5027
42151696,-148.50,-187.50,-9.4327,6.7569
42155602,-150.50,-184.50,-8.0130,-13.2134
42159508,-143.50,-177.50,-3.9609,-21.0159
42163414,-137.50,-170.50,2.1627,-14.9288
42167320,-118.50,-185.50,12.4709,-6.9386
42171226,-111.50,-196.50,24.9952,-9.6584
42175132,-124.50,-166.50,31.1925,-15.5923
42179038,-118.50,-142.50,28.7580,-7.0365
42182944,-111.50,-138.50,27.8758,13.3167
42186850,-121.50,-141.50,30.5323,29.0047
42190756,-168.50,-148.50,21.8123,32.2477
42194662,-147.50,-137.50,1.5410,28.3533
42198568,-130.50,-124.50,-6.3024,28.3089
42202474,-134.50,-128.50,2.4386,34.0536
42206380,-143.50,-122.50,9.6629,40.0962
42210286,-136.50,-154.50,9.9075,39.1545
42214192,-143.50,-146.50,7.9262,28.3793
42218098,-123.50,-147.50,7.9820,18.0725
42222004,-110.50,-159.50,15.4341,12.6924
42225910,-120.50,-155.50,25.7680,9.2643
42229816,-110.50,-134.50,31.0494,12.7980
42233722,-108.50,-151.50,33.7287,20.2217
42237628,-114.50,-154.50,34.2513,19.3650
42241534,-144.50,-153.50,26.1885,12.7519
42245440,-164.50,-154.50,7.6026,9.6419
42249346,-156.50,-150.50,-10.0322,10.8754
42253252,-160.50,-166.50,-16.7755,10.6435
42257158,-160.50,-153.50,-17.6434,6.7270
42261064,-173.50,-172.50,-20.0067,2.5005
42264970,-165.50,-145.50,-23.0141,1.8521
42268876,-143.50,-123.50,-18.4752,12.6379
42272782,-144.50,-141.50,-6.7956,27.2608
42276688,-148.50,-140.50,0.1193,29.8999
42280594,-144.50,-175.50,0.1157,19.4364
42284500,-140.50,-191.50,0.9322,-0.4252
42288406,-130.50,-206.50,6.0227,-22.1247
42292312,-170.50,-194.50,5.6852,-35.5968
42296218,-150.50,-170.50,-4.8127,-33.4374
42300124,-158.50,-157.50,-12.0301,-17.2072
42304030,-144.50,-132.50,-10.1132,4.6616
42307936,-141.50,-109.50,-3.0226,28.3390
42311842,-125.50,-109.50,6.4358,47.9683
42315748,-111.50,-80.50,17.6314,60.7607
42319654,-114.50,-93.50,28.0384,69.7874
42323560,-144.50,-141.50,27.8480,64.3970
42327466,-137.50,-138.50,16.7835,42.4857
42331372,-143.50,-154.50,7.0601,21.7763
42335278,-138.50,-145.50,3.0958,10.1906
42339184,-110.50,-141.50,7.4567,7.8989
42343090,-96.50,-148.50,23.3344,11.2476
42346996,-94.50,-125.50,41.4366,17.3053
42350902,-93.50,-121.50,51.2063,27.4363
42354808,-111.50,-143.50,49.3999,31.5985
42358714,-133.50,-156.50,35.6172,21.3658
42362620,-149.50,-158.50,15.1172,6.9334
42366526,-143.50,-143.50,-0.6604,2.1813
42370432,-160.50,-155.50,-8.0978,5.4007
42374338,-171.50,-169.50,-15.5321,3.1302
42378244,-172.50,-163.50,-24.7740,-5.1133
42382150,-173.50,-210.50,-30.0600,-16.4047
42386056,-161.50,-225.50,-28.7526,-36.4380
42389962,-153.50,-224.50,-21.4305,-56.9764
42393868,-138.50,-204.50,-10.6940,-63.4274
42397774,-143.50,-205.50,-0.9783,-56.5075
42401680,-176.50,-197.50,-2.1679,-45.8956
42405586,-162.50,-178.50,-13.6118,-33.6289
42409492,-149.50,-168.50,-18.1417,-18.8053
42413398,-150.50,-161.50,-12.4825,-6.7732
42417304,-168.50,-185.50,-10.0291,-4.7159
42421210,-174.50,-193.50,-16.0078,-13.7047
42425116,-180.50,-180.50,-24.2440,-21.5816
42429022,-150.50,-170.50,-25.3001,-18.6197
42432928,-142.50,-159.50,-15.1269,-9.4189
42436834,-127.50,-148.50,-0.0534,0.7761
42440740,-117.50,-169.50,14.9952,7.1492
42444646,-108.50,-153.50,28.8964,7.9895
42448552,-107.50,-162.50,37.9822,8.0008
42452458,-88.50,-142.50,42.9645,9.0264
42456364,-82.50,-121.50,49.4028,16.2271
42460270,-102.50,-120.50,53.7341,30.5254
42464176,-96.50,-120.50,51.3143,42.3933
42468082,-89.50,-125.50,48.9945,45.9904
42471988,-79.50,-116.50,51.1451,43.6068
42475894,-92.50,-118.50,52.8136,40.7533
42479800,-85.50,-110.50,51.6061,40.9937
42483706,-100.50,-143.50,49.7433,39.9417
42487612,-124.50,-145.50,41.6130,30.7026
42491518,-91.50,-114.50,30.8086,23.9816
42495424,-122.50,-116.50,26.1307,29.2180
42499330,-145.50,-108.50,16.8964,37.7780
42503236,-121.50,-101.50,5.9628,46.0824
42507142,-128.50,-109.50,6.2090,52.9662
42511048,-143.50,-104.50,6.4406,53.6232
42514954,-158.50,-137.50,-4.1605,44.4459
42518860,-162.50,-168.50,-17.9126,22.1797
42522766,-160.50,-165.50,-24.5190,-2.0872
42526672,-156.50,-127.50,-23.3189,-6.4274
42530578,-127.50,-74.50,-15.8747,17.6856
42534484,-65.50,-46.50,6.6795,57.4034
42538390,-143.50,-157.50,29.6381,72.1821
42542296,-176.50,-160.50,18.3670,41.3220
42546202,-141.50,-132.50,-8.7279,9.0228
42550108,-138.50,-143.50,-15.7686,2.8843
42554014,-176.50,-173.50,-16.8179,-2.1803
42557920,-196.50,-170.50,-31.8478,-15.6190
42561826,-178.50,-185.50,-45.9724,-23.9907
42565732,-185.50,-202.50,-45.7064,-29.3714
42569638,-191.50,-197.50,-44.0823,-39.3442
42573544,-180.50,-176.50,-47.7419,-45.4304
42577450,-165.50,-192.50,-45.1072,-42.3826
42581356,-167.50,-180.50,-32.9398,-35.2840
42585262,-153.50,-175.50,-19.6765,-25.7246
42589168,-132.50,-191.50,-8.0720,-21.6252
42593074,-111.50,-169.50,4.9166,-26.2476
42596980,-111.50,-173.50,18.6255,-27.3796
42600886,-129.50,-165.50,26.1639,-20.4338
42604792,-145.50,-194.50,21.6210,-15.2651
42608698,-143.50,-176.50,9.0653,-18.9691
42612604,-143.50,-178.50,-2.3412,-24.6251
42616510,-137.50,-181.50,-6.7446,-27.4421
42620416,-143.50,-177.50,-3.8058,-26.4171
42624322,-114.50,-176.50,6.0071,-20.2452
42628228,-140.50,-153.50,15.4799,-11.2958
42632134,-152.50,-165.50,9.7619,-4.9472
42636040,-144.50,-161.50,-4.5969,-5.5962
42639946,-150.50,-165.50,-10.2942,-7.2356
42643852,-134.50,-162.50,-5.5806,-4.5518
42647758,-138.50,-165.50,2.4845,-1.8743
42651664,-143.50,-186.50,4.2653,-7.6576
42655570,-138.50,-199.50,0.1914,-23.4974
42659476,-114.50,-180.50,3.1859,-34.3295
42663382,-127.50,-143.50,14.3601,-23.3493
42667288,-122.50,-132.50,20.7996,3.1019
42671194,-126.50,-111.50,19.1258,26.1482
42675100,-142.50,-102.50,11.9634,41.1781
42679006,-159.50,-111.50,-0.1096,50.0298
42682912,-159.50,-99.50,-11.6873,54.1258
42686818,-154.50,-136.50,-16.5992,50.8551
42690724,-138.50,-149.50,-13.7328,33.2182
42694630,-126.50,-158.50,-4.5286,10.1229
42698536,-134.50,-140.50,5.5577,-0.5075
42702442,-149.50,-136.50,7.9381,5.5785
42706348,-158.50,-149.50,0.4616,13.9662
42710254,-143.50,-143.50,-8.2978,13.3807
42714160,-155.50,-133.50,-12.1042,11.3245
42718066,-166.50,-120.50,-15.8442,16.6415
42721972,-145.50,-107.50,-17.0154,28.9625
42725878,-143.50,-111.50,-9.5572,40.7206
42729784,-166.50,-116.50,-5.7291,43.5981
42733690,-162.50,-145.50,-13.7719,34.1981
42737596,-157.50,-168.50,-20.7803,13.7810
42741502,-138.50,-165.50,-15.6770,-6.6944
42745408,-143.50,-158.50,-3.7808,-14.8360
42749314,-152.50,-163.50,1.0992,-13.5650
42753220,-156.50,-165.50,-4.4896,-12.5584
42757126,-161.50,-164.50,-12.3660,-13.0265
42761032,-177.50,-176.50,-19.2986,-14.2931
42764938,-177.50,-186.50,-26.4474,-19.9200
42768844,-180.50,-189.50,-32.0834,-29.1066
42772750,-175.50,-239.50,-34.5360,-44.3018
42776656,-190.50,-221.50,-35.9443,-63.8499
42780562,-188.50,-208.50,-38.6135,-69.8371
42784468,-168.50,-203.50,-36.7972,-60.1270
42788374,-173.50,-222.50,-29.0303,-53.1006
42792280,-177.50,-239.50,-25.0425,-59.1198
42796186,-193.50,-234.50,-29.2396,-70.1600
42800092,-214.50,-256.50,-40.2530,-78.2242
42803998,-242.50,-259.50,-58.0040,-86.9433
42807904,-292.50,-303.50,-85.9780,-101.8215
42811810,-320.50,-332.50,-123.3705,-126.5272
42815716,-338.50,-322.50,-157.2619,-149.4022
42819622,-341.50,-315.50,-176.3340,-154.8543
42823528,-360.50,-408.50,-183.7895,-163.5406
42827434,-430.50,-470.50,-199.8484,-205.3765
42831340,-484.50,-512.50,-239.9146,-265.3435
42835246,-554.50,-575.50,-296.1953,-319.4363
42839152,-604.50,-604.50,-354.8828,-365.8477
42843058,-648.50,-625.50,-406.2498,-400.4300
42846964,-671.50,-656.50,-443.9830,-421.6506
42850870,-684.50,-686.50,-465.4051,-437.7601
42854776,-714.50,-704.50,-475.9617,-453.1305
42858682,-698.50,-706.50,-480.0934,-464.2330
42862588,-696.50,-708.50,-473.4392,-467.1620
42866494,-698.50,-692.50,-460.6451,-459.7980
42870400,-669.50,-690.50,-445.1540,-442.7873
42874306,-648.50,-692.50,-420.6222,-424.6492
42878212,-622.50,-671.50,-388.5509,-409.6604
42882118,-570.50,-607.50,-350.5602,-384.5807
42886024,-512.50,-559.50,-301.4841,-338.0850
42889930,-462.50,-475.50,-243.0861,-272.7827
42893836,-415.50,-469.50,-183.9877,-204.5888
42897742,-381.50,-431.50,-131.0789,-154.7702
42901648,-335.50,-374.50,-85.5510,-117.3508
42905554,-333.50,-361.50,-49.6139,-80.1194
42909460,-321.50,-320.50,-28.7603,-46.3802
42913366,-276.50,-296.50,-12.0455,-13.5032
42917272,-252.50,-284.50,14.8553,16.5865
42921178,-233.50,-244.50,45.0469,40.9104
42925084,-212.50,-223.50,69.4115,64.9080
42928990,-189.50,-192.50,90.0980,90.3954
42932896,-175.50,-175.50,109.6173,116.4858
42936802,-156.50,-153.50,127.1361,140.9337
42940708,-114.50,-137.50,147.1752,160.8218
42944614,-94.50,-123.50,173.3059,174.9782
42948520,-69.50,-111.50,199.5473,185.1089
42952426,-58.50,-101.50,220.5511,194.8035
42956332,-56.50,-60.50,233.2597,210.1066
42960238,-37.50,-43.50,239.3268,232.9528
42964144,-36.50,-85.50,243.9654,244.1957
42968050,-33.50,-63.50,246.4830,235.0209
42971956,-18.50,-45.50,248.5651,229.6964
42975862,-2.50,-36.50,255.6204,238.6952
42979768,16.50,-24.50,267.5766,250.0899
42983674,18.50,-0.50,278.7001,260.4548
42987580,27.50,11.50,284.4937,272.8467
42991486,18.50,37.50,284.7886,287.7458
42995392,29.50,51.50,281.8613,304.0048
42999298,16.50,16.50,277.2929,309.5827
43003204,16.50,15.50,269.4438,296.0046
43007110,7.50,-0.50,259.4153,275.5351
43011016,13.50,-1.50,251.4304,259.0990
43014922,-6.50,-4.50,244.4201,248.4277
43018828,-8.50,-3.50,233.8484,242.2776
43022734,-0.50,-15.50,223.9956,236.3278
43026640,14.50,-9.50,222.8520,229.3366
43030546,18.50,-7.50,228.9717,225.0640
43034452,16.50,9.50,234.1575,226.2217
43038358,15.50,-10.50,233.5139,227.5474
43042264,-0.50,-18.50,226.1173,220.3666
43046170,-0.50,-20.50,213.7501,208.0215
43050076,-15.50,-17.50,200.8096,199.3907
43053982,-25.50,-52.50,187.8432,189.5702
43057888,-54.50,-101.50,171.3890,164.3516
43061794,-57.50,-122.50,151.6837,125.8335
43065700,-98.50,-150.50,129.7875,89.7810
43069606,-97.50,-158.50,106.2926,63.0120
43073512,-164.50,-175.50,79.5796,44.3678
43077418,-176.50,-190.50,45.7646,29.6717
43081324,-207.50,-241.50,12.6538,9.9968
43085230,-242.50,-254.50,-16.8548,-18.0426
43089136,-272.50,-268.50,-47.9869,-44.0318
43093042,-310.50,-278.50,-79.9077,-61.5146
43096948,-347.50,-335.50,-112.5672,-80.7052
43100854,-376.50,-368.50,-145.1595,-111.3733
43104760,-413.50,-413.50,-176.6002,-148.6374
43108666,-440.50,-431.50,-206.9224,-183.8617
43112572,-445.50,-424.50,-230.1464,-207.1033
43116478,-417.50,-422.50,-234.5350,-211.7541
43120384,-460.50,-486.50,-227.6625,-214.7271
43124290,-477.50,-491.50,-232.7833,-231.8151
43128196,-494.50,-522.50,-249.5915,-253.8315
43132102,-512.50,-527.50,-265.7588,-272.9157
43136008,-467.50,-490.50,-269.2969,-278.6458
43139914,-432.50,-434.50,-247.5295,-253.8541
43143820,-441.50,-455.50,-214.7366,-212.5308
43147726,-421.50,-452.50,-191.8391,-187.5908
43151632,-419.50,-447.50,-177.0359,-182.1848
43155538,-415.50,-432.50,-166.7557,-179.7791
43159444,-424.50,-440.50,-163.1929,-174.3942
43163350,-454.50,-432.50,-169.3891,-167.4128
43167256,-441.50,-415.50,-179.7163,-156.0006
43171162,-403.50,-399.50,-174.7610,-139.0467
43175068,-419.50,-458.50,-155.6752,-133.8116
43178974,-398.50,-459.50,-140.9499,-150.9852
43182880,-391.50,-410.50,-129.7568,-160.2319
43186786,-412.50,-408.50,-121.4093,-141.5613
43190692,-399.50,-397.50,-119.9545,-117.1298
43194598,-356.50,-349.50,-111.5910,-95.3715
43198504,-334.50,-345.50,-87.2532,-69.1856
43202410,-301.50,-314.50,-55.2954,-42.9503
43206316,-272.50,-324.50,-21.3708,-22.8785
43210222,-239.50,-276.50,13.3092,-7.1146
43214128,-233.50,-271.50,42.0418,11.5631
43218034,-203.50,-239.50,61.1114,32.7315
43221940,-190.50,-217.50,77.1524,56.0729
43225846,-184.50,-213.50,92.4396,78.6660
43229752,-158.50,-191.50,106.7313,94.5175
43233658,-142.50,-152.50,122.9719,111.0630
43237564,-117.50,-117.50,140.1061,136.9537
43241470,-108.50,-126.50,156.0204,163.0189
43245376,-106.50,-79.50,167.7931,182.3084
43249282,-107.50,-128.50,173.0048,192.5917
43253188,-94.50,-108.50,174.4064,186.5188
43257094,-72.50,-93.50,178.7385,178.8160
43261000,-60.50,-49.50,188.8591,189.0368
43264906,-37.50,-51.50,203.3026,211.6990
43268812,-32.50,-56.50,219.2663,226.8232
43272718,-22.50,-36.50,230.8229,229.8990
43276624,-13.50,-29.50,235.9343,232.1268
43280530,-15.50,-15.50,236.3952,236.8132
43284436,11.50,18.50,238.1760,247.5506
43288342,33.50,34.50,250.1422,267.0622
43292248,50.50,37.50,269.0884,284.9087
43296154,71.50,46.50,285.9720,292.2636
43300060,71.50,59.50,296.4900,293.8593
43303966,67.50,73.50,298.0828,297.4051
43307872,75.50,86.50,294.5985,305.0115
43311778,92.50,107.50,294.5719,315.8172
43315684,87.50,95.50,297.1587,323.7023
43319590,84.50,94.50,294.4947,320.7370
43323496,89.50,105.50,288.1966,312.8075
43327402,92.50,114.50,284.9322,310.5204
43331308,93.50,99.50,283.7583,309.8986
43335214,103.50,75.50,282.0237,299.1121
43339120,114.50,81.50,281.9895,280.3725
43343026,108.50,58.50,283.2193,262.9971
43346932,123.50,65.50,283.9798,248.4379
43350838,134.50,54.50,287.2309,237.7308
43354744,135.50,70.50,290.8172,232.4411
43358650,133.50,80.50,289.0064,234.1781
43362556,125.50,93.50,281.7825,241.1213
43366462,117.50,80.50,271.5874,244.9455
43370368,97.50,47.50,257.6174,235.0081
43374274,102.50,29.50,241.0218,210.3164
43378180,101.50,57.50,228.5930,189.4949
43382086,91.50,51.50,220.7673,185.0907
43385992,103.50,48.50,215.7362,185.7020
43389898,80.50,32.50,211.3120,180.2894
43393804,57.50,14.50,197.3872,167.4671
43397710,64.50,15.50,176.6002,151.3108
43401616,50.50,-12.50,161.2368,134.4129
43405522,47.50,-8.50,151.3604,116.6831
43409428,35.50,-17.50,142.5589,104.2017
43413334,6.50,-24.50,128.6539,97.4612
43417240,16.50,-4.50,110.3291,94.9879
43421146,45.50,-18.50,103.9017,95.5332
43425052,38.50,-25.50,112.2903,90.8542
43428958,22.50,-38.50,116.7884,80.0304
43432864,-10.50,-90.50,104.6628,61.1297
43436770,-16.50,-74.50,81.0122,35.9759
43440676,-21.50,-68.50,59.8144,21.8050
43444582,-24.50,-54.50,47.4855,23.5412
43448488,-16.50,-33.50,43.5477,35.4026
43452394,-16.50,-34.50,46.2656,51.4062
43456300,11.50,-28.50,54.1845,62.2072
43460206,-6.50,-10.50,62.2215,67.5708
43464112,-14.50,-14.50,59.6840,70.9717
43468018,-11.50,-63.50,50.1086,62.9387
43471924,-20.50,-82.50,43.4044,38.2012
43475830,-21.50,-87.50,38.4438,12.1647
43479736,-22.50,-74.50,33.2857,-0.9110
43483642,-3.50,-66.50,32.0432,-1.1551
43487548,44.50,-5.50,45.2789,14.4471
43491454,-8.50,-24.50,62.5204,42.3737
43495360,-63.50,-72.50,50.0123,51.7509
43499269,-81.50,-98.50,8.8586,27.0200
43503175,-80.50,-71.50,-27.4309,-3.6418
43507081,-50.50,-35.50,-38.3780,-7.9240
43510987,-31.50,-21.50,-24.5755,13.9753
43514893,-40.50,-15.50,-4.1708,40.1026
43518799,-41.50,-29.50,5.4371,53.0805
43522705,-56.50,-52.50,1.7386,45.4290
43526611,-61.50,-60.50,-10.7491,23.3487
43530517,-65.50,-40.50,-23.9570,7.2455
43534423,-63.50,-52.50,-30.4592,6.8858
43538329,-58.50,-36.50,-28.9238,13.5546
43542235,-43.50,-49.50,-21.7766,18.0525
43546141,-47.50,-61.50,-14.7571,12.8631
43550047,-53.50,-54.50,-14.3801,1.7877
43553953,-49.50,-60.50,-17.9575,-3.9698
43557859,-66.50,-64.50,-21.3446,-5.2300
43561765,-58.50,-45.50,-25.7647,-3.9481
43565671,-42.50,-32.50,-26.5470,2.8385
43569577,-31.50,-24.50,-19.6971,12.8093
43573483,-47.50,-31.50,-12.6841,19.9378
43577389,-40.50,-32.50,-11.4014,21.4470
43581295,-68.50,-50.50,-16.3740,16.2938
43585201,-80.50,-72.50,-30.7898,1.3915
43589107,-90.50,-88.50,-50.0662,-20.8943
43593013,-64.50,-108.50,-59.2330,-42.6058
43596919,-66.50,-92.50,-52.3949,-55.0866
43600825,-64.50,-93.50,-41.5462,-54.7045
43604731,-72.50,-116.50,-38.3075,-54.2771
43608637,-50.50,-109.50,-38.8970,-61.9364
43612543,-30.50,-104.50,-31.7696,-66.6225
43616449,-29.50,-100.50,-17.3658,-62.9222
43620355,-25.50,-96.50,-6.1056,-56.6259
43624261,-40.50,-105.50,-3.9776,-54.1564
43628167,-47.50,-80.50,-11.8325,-53.1305
43632073,-84.50,-89.50,-28.9856,-47.7830
43635979,-96.50,-136.50,-52.4937,-50.9968
43639885,-91.50,-120.50,-70.2019,-67.5868
43643791,-86.50,-111.50,-73.8402,-77.1203
43647697,-108.50,-125.50,-73.6482,-76.5333
43651603,-109.50,-121.50,-79.7521,-76.9834
43655509,-120.50,-120.50,-88.2127,-76.8227
43659415,-106.50,-122.50,-91.8761,-74.4132
43663321,-104.50,-108.50,-88.5624,-71.3048
43667227,-100.50,-109.50,-82.7718,-67.2050
43671133,-98.50,-133.50,-78.4080,-68.1132
43675039,-96.50,-139.50,-74.6944,-77.2498
43678945,-98.50,-111.50,-71.8559,-81.6208
43682851,-115.50,-101.50,-74.0309,-72.2171
43686757,-113.50,-109.50,-81.9199,-61.1148
43690663,-110.50,-76.50,-87.5419,-53.0374
43694569,-64.50,-74.50,-79.3746,-39.5507
43698475,-96.50,-153.50,-62.5354,-39.3716
43702381,-79.50,-134.50,-54.8216,-64.8492
43706287,-65.50,-140.50,-51.4408,-87.7961
43710193,-94.50,-155.50,-48.8638,-97.2345
43714099,-89.50,-146.50,-54.8462,-101.0898
43718005,-120.50,-157.50,-66.5417,-100.0403
43721911,-125.50,-166.50,-81.2377,-100.6009
43725817,-105.50,-143.50,-89.9096,-102.4505
43729723,-89.50,-117.50,-83.2631,-94.0095
43733629,-78.50,-100.50,-67.4632,-73.6345
43737535,-75.50,-88.50,-52.7291,-50.5717
43741441,-63.50,-93.50,-42.0986,-34.6349
43745347,-111.50,-143.50,-42.5537,-38.9243
43749253,-126.50,-145.50,-62.0096,-63.7255
43753159,-151.50,-154.50,-89.9305,-87.3743
43757065,-126.50,-133.50,-107.1409,-93.9392
43760971,-111.50,-132.50,-103.0448,-85.3865
43764877,-110.50,-144.50,-87.1425,-76.6080
43768783,-118.50,-144.50,-77.1869,-77.2415
43772689,-120.50,-140.50,-77.0865,-80.6469
43776595,-118.50,-132.50,-80.1011,-79.2978
43780501,-137.50,-136.50,-84.4198,-74.5133
43784407,-127.50,-112.50,-90.3638,-67.5247
43788313,-90.50,-92.50,-85.8305,-53.7782
43792219,-126.50,-110.50,-73.3098,-40.1984
43796125,-126.50,-116.50,-72.3763,-39.2190
43800031,-108.50,-111.50,-76.7307,-45.1041
43803937,-84.50,-120.50,-69.2406,-48.9913
43807843,-89.50,-108.50,-54.5655,-50.3426
43811749,-79.50,-89.50,-44.0150,-45.0048
43815655,-58.50,-79.50,-34.3241,-31.6825
43819561,-57.50,-79.50,-21.8092,-18.4434
43823467,-53.50,-79.50,-13.2137,-11.9546
43827373,-76.50,-100.50,-14.5669,-14.9888
43831279,-111.50,-114.50,-29.9086,-27.9778
43835185,-107.50,-124.50,-51.6583,-44.4403
43839091,-83.50,-137.50,-60.1482,-57.9926
43842997,-109.50,-160.50,-56.6247,-70.9235
43846903,-85.50,-148.50,-54.2594,-82.3051
43850809,-56.50,-144.50,-44.3864,-84.6637
43854715,-56.50,-160.50,-24.4866,-82.5795
43858621,-98.50,-174.50,-17.5624,-86.9569
43862527,-128.50,-176.50,-37.4823,-95.8956
43866433,-111.50,-164.50,-64.2377,-99.7978
43870339,-58.50,-111.50,-65.0702,-87.6318
43874245,-12.50,-54.50,-31.8721,-51.6006
43878151,-110.50,-128.50,-5.6529,-18.7010
43882057,-173.50,-172.50,-32.3129,-28.8368
43885963,-168.50,-181.50,-86.8104,-67.6527
43889869,-173.50,-193.50,-120.6756,-99.3494
43893775,-211.50,-228.50,-136.7060,-121.8435
43897681,-242.50,-239.50,-156.4708,-142.6734
43901587,-271.50,-242.50,-180.6901,-155.2175
43905493,-300.50,-282.50,-204.2626,-162.6798
43909399,-272.50,-271.50,-220.4876,-174.7752
43913305,-308.50,-318.50,-227.2553,-191.5553
43917211,-318.50,-338.50,-235.5479,-214.4476
43921117,-298.50,-309.50,-239.1105,-228.6596
43925023,-298.50,-324.50,-228.3084,-222.8509
43928929,-255.50,-290.50,-209.4761,-209.2090
43932835,-239.50,-269.50,-186.1226,-190.9151
43936741,-238.50,-242.50,-164.4601,-165.8052
43940647,-242.50,-260.50,-150.6435,-142.9654
43944553,-253.50,-253.50,-145.2511,-132.0163
43948459,-220.50,-207.50,-142.7225,-122.3537
43952365,-192.50,-211.50,-131.2275,-104.9866
43956271,-184.50,-195.50,-110.6363,-89.4253
43960177,-189.50,-188.50,-91.7875,-76.2949
43964083,-186.50,-180.50,-80.1507,-62.2179
43967989,-200.50,-189.50,-78.1475,-53.7058
43971895,-194.50,-219.50,-85.5414,-60.4437
43975801,-182.50,-235.50,-90.7701,-81.1854
43979707,-176.50,-226.50,-83.7495,-97.7612
43983613,-190.50,-210.50,-71.9506,-95.9081
43987519,-192.50,-212.50,-68.2806,-83.4546
43991425,-205.50,-239.50,-75.7066,-80.3289
43995331,-179.50,-255.50,-83.4376,-93.2202
43999237,-170.50,-236.50,-77.0460,-105.1274
44003143,-170.50,-222.50,-60.3246,-100.0619
44007049,-146.50,-217.50,-43.9839,-85.3152
44010955,-172.50,-206.50,-35.8698,-73.0825
44014861,-174.50,-206.50,-42.4313,-64.5309
44018767,-149.50,-217.50,-48.4610,-60.1559
44022673,-164.50,-251.50,-41.7712,-66.5059
44026579,-176.50,-260.50,-36.9843,-84.7433
44030485,-156.50,-208.50,-39.1355,-93.8902
44034391,-136.50,-207.50,-35.3084,-79.2250
44038297,-145.50,-207.50,-24.9020,-58.6354
44042203,-122.50,-222.50,-13.7020,-49.7865
44046109,-132.50,-228.50,-2.6060,-53.2875
44050015,-117.50,-204.50,4.1631,-58.0968
44053921,-116.50,-170.50,6.7012,-48.9364
44057827,-123.50,-181.50,6.8609,-29.2831
44061733,-117.50,-161.50,6.6615,-12.5003
44065639,-108.50,-157.50,11.2726,0.5319
44069545,-87.50,-166.50,21.4624,6.8512
44073451,-155.50,-208.50,21.0036,-4.0392
44077357,-134.50,-191.50,1.7409,-24.4914
44081263,-122.50,-178.50,-9.5049,-30.3594
44085169,-133.50,-185.50,-4.0101,-21.1066
44089075,-106.50,-175.50,4.0628,-13.3485
44092981,-111.50,-202.50,12.0653,-14.5576
44096887,-117.50,-228.50,15.8975,-28.3355
44100793,-170.50,-251.50,6.0467,-50.4257
44104699,-152.50,-229.50,-13.8285,-65.8020
44108605,-139.50,-224.50,-23.2341,-65.1407
44112511,-112.50,-173.50,-14.3519,-48.7901
44116417,-96.50,-156.50,5.1150,-19.1101
44120323,-118.50,-150.50,21.6706,10.9508
44124229,-110.50,-122.50,25.9826,32.5041
44128135,-90.50,-143.50,27.4031,44.1752
44132041,-91.50,-143.50,32.1536,41.3400
44135947,-96.50,-149.50,34.0537,31.6671
44139853,-109.50,-149.50,31.1448,26.1445
44143759,-124.50,-163.50,24.5808,23.4737
44147665,-93.50,-148.50,20.3718,20.9303
44151571,-81.50,-129.50,26.3257,24.2299
44155477,-70.50,-120.50,38.3248,35.6458
44159383,-92.50,-124.50,46.2607,47.3657
44163289,-129.50,-112.50,39.8857,55.0837
44167195,-122.50,-132.50,21.4951,56.8954
44171101,-121.50,-128.50,6.3852,50.3576
44175007,-100.50,-80.50,3.1467,50.4609
44178913,-121.50,-83.50,8.2115,67.7010
44182819,-152.50,-111.50,7.1022,80.3879
44186725,-157.50,-104.50,-5.9506,75.7085
44190631,-142.50,-138.50,-18.7535,61.4722
44194537,-129.50,-142.50,-20.9396,41.7271
44198443,-111.50,-160.50,-10.7898,22.9248
44202349,-126.50,-174.50,4.6561,8.9143
44206255,-127.50,-143.50,12.9512,4.3545
44210161,-117.50,-132.50,12.4475,14.5624
44214067,-125.50,-145.50,7.7645,26.1221
44217973,-111.50,-136.50,4.1509,28.5313
44221879,-131.50,-132.50,5.8782,30.0733
44225785,-145.50,-129.50,5.3107,34.9170
44229691,-158.50,-139.50,-4.9287,36.5495
44233597,-140.50,-138.50,-17.6899,31.9723
44237503,-165.50,-148.50,-25.6459,25.4258
44241409,-150.50,-153.50,-28.0771,19.8596
44245315,-157.50,-163.50,-23.3824,14.4481
44249221,-158.50,-168.50,-18.6252,7.4849
44253127,-164.50,-157.50,-22.3116,2.0456
44257033,-160.50,-161.50,-29.6798,2.0874
44260939,-172.50,-185.50,-33.2199,0.7905
44264845,-152.50,-152.50,-29.3774,-1.4578
44268751,-155.50,-162.50,-20.3622,3.1395
44272657,-142.50,-161.50,-13.9707,7.0847
44276563,-136.50,-153.50,-10.4285,7.3995
44280469,-152.50,-175.50,-7.6434,6.8841
44284375,-122.50,-147.50,-2.5960,6.8006
44288281,-162.50,-146.50,2.1948,12.7745
44292187,-150.50,-166.50,-4.4616,16.2017
44296093,-191.50,-191.50,-21.2652,5.3705
44299999,-175.50,-174.50,-37.5069,-8.7985
44303905,-203.50,-174.50,-45.5628,-11.1401
44307811,-178.50,-132.50,-46.5965,0.1028
44311717,-180.50,-142.50,-43.0192,17.3947
44315623,-175.50,-165.50,-38.5745,23.8283
44319529,-189.50,-158.50,-37.4095,17.2304
44323435,-179.50,-174.50,-36.5876,9.6969
44327341,-172.50,-205.50,-31.7783,-3.0666
44331247,-187.50,-200.50,-28.7460,-22.3808
44335153,-168.50,-168.50,-30.9676,-28.6074
44339059,-142.50,-157.50,-24.5748,-12.9428
44342965,-154.50,-153.50,-8.1991,8.1891
44346871,-145.50,-136.50,3.3896,22.3985
44350777,-149.50,-131.50,6.0885,31.5059
44354683,-172.50,-136.50,-0.6234,36.0829
44358589,-188.50,-126.50,-16.3743,37.7955
44362495,-152.50,-113.50,-24.7217,43.2090
44366401,-152.50,-129.50,-14.6741,48.8110
44370307,-143.50,-140.50,-0.3003,44.3895
44374213,-147.50,-138.50,6.2403,33.9365
44378119,-143.50,-143.50,7.4838,27.4269
44382025,-151.50,-143.50,7.7140,25.2780
44385931,-126.50,-150.50,10.9574,23.3226
44389837,-111.50,-143.50,21.3219,20.7957
44393743,-109.50,-139.50,33.9035,21.1408
44397649,-61.50,-117.50,49.1550,28.1189
44401555,-62.50,-118.50,71.9480,39.9055
44405461,-68.50,-91.50,88.3775,52.3736
44409367,-79.50,-93.50,87.3489,64.2380
44413273,-116.50,-118.50,70.4493,66.8269
44417179,-136.50,-154.50,42.9431,50.9244
44421085,-164.50,-175.50,14.6682,22.4386
44424991,-153.50,-143.50,-4.7949,2.3993
44428897,-157.50,-142.50,-11.2656,3.6022
44432803,-201.50,-149.50,-18.2708,12.1234
44436709,-184.50,-130.50,-32.7717,18.3698
44440615,-179.50,-145.50,-38.3226,24.1742
44444521,-170.50,-165.50,-31.1955,20.9697
44448427,-168.50,-189.50,-22.3108,3.4731
44452333,-197.50,-208.50,-22.0299,-20.7766
44456239,-200.50,-229.50,-32.5765,-43.2166
44460145,-190.50,-208.50,-40.8041,-55.1543
44464051,-184.50,-208.50,-38.5989,-52.5552
44467957,-175.50,-205.50,-31.1971,-45.0344
44471863,-181.50,-175.50,-24.8778,-35.6395
44475769,-186.50,-162.50,-22.9301,-18.4234
44479675,-194.50,-180.50,-25.2589,-3.3492
44483581,-202.50,-182.50,-31.1735,-2.4288
44487487,-155.50,-193.50,-31.0329,-11.0973
44491393,-160.50,-201.50,-17.0706,-21.9387
44495299,-154.50,-189.50,-1.4737,-28.2281
44499205,-159.50,-176.50,6.5102,-23.5035
44503111,-144.50,-154.50,10.4134,-8.9034
44507017,-143.50,-157.50,13.8743,6.8766
44510923,-143.50,-175.50,15.8875,11.7061
44514829,-143.50,-155.50,16.5118,8.1001
44518735,-142.50,-145.50,18.5261,10.8556
44522641,-141.50,-132.50,21.1444,21.6087
44526547,-143.50,-126.50,21.1528,33.0454
44530453,-128.50,-129.50,20.6556,40.3281
44534359,-128.50,-143.50,24.7359,39.9386
44538269,-137.50,-176.50,29.6138,27.8909
44542175,-172.50,-184.50,23.9722,6.4279
44546081,-158.50,-192.50,8.5891,-12.9728
44549987,-145.50,-160.50,0.6105,-18.0570
44553893,-143.50,-174.50,5.4915,-9.2607
44557799,-153.50,-163.50,12.1498,0.1328
44561705,-146.50,-159.50,15.0206,6.0745
44565611,-148.50,-157.50,15.9687,10.4723
44569517,-162.50,-164.50,12.3112,10.9018
44573423,-156.50,-165.50,4.5995,7.8367
44577329,-156.50,-181.50,1.5792,2.6687
44581235,-149.50,-175.50,5.7050,-3.2425
44585141,-160.50,-178.50,9.8015,-6.7094
44589047,-188.50,-175.50,2.8923,-7.5922
44592953,-186.50,-178.50,-13.5514,-7.4465
44596859,-197.50,-206.50,-26.1629,-11.3279
44600765,-208.50,-220.50,-32.9830,-24.3333
44604671,-182.50,-207.50,-34.1991,-37.3964
44608577,-169.50,-191.50,-24.8821,-37.8395
44612483,-172.50,-170.50,-12.1003,-24.8762
44616389,-158.50,-177.50,-2.9626,-8.3269
44620295,-156.50,-182.50,5.4490,0.1118
44624201,-154.50,-192.50,12.1149,-2.3765
44628107,-143.50,-175.50,15.7646,-7.7899
44632013,-143.50,-161.50,19.0037,-5.4422
44635919,-153.50,-161.50,20.2643,4.3202
44639825,-154.50,-186.50,18.1716,8.9760
44643731,-170.50,-232.50,12.9624,-4.7382
44647637,-131.50,-207.50,10.6954,-28.4619
44651543,-128.50,-203.50,19.7301,-38.7936
44655449,-115.50,-200.50,34.3248,-34.4690
44659355,-128.50,-170.50,44.3121,-21.8293
44663261,-143.50,-169.50,43.2888,-2.5723
44667167,-142.50,-160.50,33.0153,12.8750
44671073,-143.50,-159.50,23.2139,18.8342
44674979,-141.50,-150.50,18.9626,20.2741
44678885,-143.50,-143.50,19.8394,24.3296
44682791,-116.50,-145.50,27.0817,31.3735
44686697,-121.50,-144.50,38.6327,35.6592
44690603,-132.50,-145.50,42.5108,34.9201
44694509,-132.50,-145.50,36.3495,31.5458
44698415,-153.50,-145.50,27.5196,29.4198
44702321,-150.50,-142.50,18.8985,30.7405
44706227,-160.50,-131.50,11.8957,35.4509
44710133,-153.50,-140.50,6.7487,39.2524
44714039,-143.50,-152.50,6.7233,35.4168
44717945,-150.50,-166.50,11.8807,24.4408
44721851,-140.50,-156.50,17.2608,15.4941
44725757,-116.50,-138.50,25.5386,17.5226
44729663,-94.50,-116.50,40.5635,30.5582
44733569,-152.50,-175.50,46.9882,36.1229
44737475,-144.50,-173.50,33.5208,21.1310
44741381,-153.50,-158.50,18.1319,6.8864
44745287,-127.50,-138.50,15.2826,11.0943
44749193,-149.50,-164.50,18.2362,19.1439
44753099,-165.50,-177.50,13.3278,13.8359
44757005,-177.50,-178.50,0.5620,1.8701
44760911,-173.50,-180.50,-8.8238,-4.2179
44764817,-153.50,-191.50,-8.4923,-7.8066
44768723,-162.50,-187.50,-2.8919,-13.7996
44772629,-165.50,-186.50,-1.4170,-17.5224
44776535,-158.50,-173.50,-1.2854,-13.5402
44780441,-154.50,-166.50,3.6396,-2.8296
44784347,-139.50,-174.50,11.2269,5.4223
44788253,-129.50,-175.50,18.9659,4.3188
44792159,-165.50,-185.50,19.7312,-2.3441
44796065,-175.50,-197.50,8.2095,-10.1660
44799971,-172.50,-198.50,-4.2091,-17.0375
44803877,-175.50,-192.50,-9.6161,-20.0981
44807783,-175.50,-188.50,-13.1482,-19.0899
44811689,-169.50,-180.50,-14.9971,-15.0924
44815595,-176.50,-172.50,-12.4407,-7.4368
44819501,-144.50,-148.50,-3.5326,5.6290
44823407,-136.50,-143.50,11.8560,21.4820
44827313,-131.50,-137.50,24.3389,32.3983
44831219,-140.50,-140.50,27.3495,35.9457
44835125,-116.50,-141.50,29.5147,35.7694
44839031,-127.50,-165.50,37.1498,31.2750
44842937,-120.50,-158.50,42.1822,21.9394
44846843,-142.50,-172.50,37.3596,12.3684
44850749,-123.50,-173.50,28.6601,4.1751
44854655,-125.50,-162.50,28.1212,1.3200
44858561,-127.50,-150.50,33.8065,8.4038
44862467,-138.50,-158.50,34.3747,17.8070
44866373,-149.50,-143.50,25.7080,22.2075
44870279,-160.50,-150.50,11.8642,23.9021
44874185,-145.50,-175.50,3.6530,19.9380
44878091,-136.50,-160.50,8.3936,11.4958
44881997,-120.50,-154.50,21.2208,9.9601
44885903,-114.50,-159.50,33.5726,13.4379
44889809,-121.50,-168.50,39.6621,12.2909
44893715,-127.50,-146.50,38.2793,11.1073
44897621,-141.50,-134.50,31.9128,19.6696
44901527,-143.50,-132.50,22.8262,32.6049
44905433,-135.50,-149.50,16.0173,36.3970
44909339,-154.50,-156.50,11.9357,28.2634
44913245,-172.50,-144.50,3.6256,20.1230
44917151,-168.50,-144.50,-6.6676,20.7552
44921057,-155.50,-172.50,-9.2543,19.8441
44924963,-160.50,-178.50,-5.7101,8.1891
44928869,-157.50,-184.50,-3.7246,-5.7477
44932775,-143.50,-176.50,-0.2741,-12.0948
44936681,-140.50,-163.50,8.7553,-8.4917
44940587,-128.50,-129.50,18.8506,5.8594
44944493,-96.50,-90.50,30.6124,32.2910
44948399,-108.50,-77.50,43.5149,63.9792
44952305,-168.50,-147.50,39.4372,74.7979
44956211,-172.50,-156.50,13.8894,51.6761
44960117,-149.50,-141.50,-5.6574,24.2360
44964023,-126.50,-97.50,-2.1962,23.0259
44967929,-130.50,-98.50,11.8427,43.0078
44971835,-137.50,-97.50,20.5177,61.3511
44975741,-137.50,-80.50,22.5546,71.9665
44979647,-117.50,-80.50,25.5408,80.0702
44983553,-86.50,-45.50,35.7618,88.0356
44987459,-84.50,-47.50,50.6201,98.2483
44991365,-88.50,-54.50,61.2155,104.9966
44995271,-59.50,-76.50,70.7073,101.7637
44999177,-65.50,-40.50,83.1011,96.7397
45003083,-64.50,-60.50,87.6656,96.7672
45006989,-60.50,-79.50,82.8683,89.7966
45010895,-54.50,-79.50,80.5071,75.1398
45014801,-52.50,-73.50,85.4684,68.4316
45018707,-72.50,-82.50,88.4021,69.3452
45022613,-85.50,-79.50,78.1101,67.2647
45026519,-80.50,-78.50,61.0396,61.9758
45030425,-63.50,-66.50,54.5382,61.2509
45034331,-66.50,-69.50,62.0234,67.1976
45038237,-61.50,-66.50,71.7016,73.0453
45042143,-76.50,-81.50,72.8731,71.0190
45046049,-90.50,-79.50,61.7890,61.2008
45049955,-99.50,-78.50,44.9167,53.1190
45053861,-83.50,-62.50,36.1402,55.0524
45057767,-108.50,-61.50,35.9286,64.2971
45061673,-86.50,-79.50,35.1247,67.5257
45065579,-91.50,-73.50,34.8172,59.8684
45069485,-90.50,-67.50,35.3589,53.5131
45073391,-91.50,-73.50,35.5188,53.9090
45077297,-90.50,-104.50,36.7370,49.8460
45081203,-94.50,-76.50,36.5411,40.1870
45085109,-84.50,-60.50,34.5463,40.5480
45089015,-96.50,-48.50,32.3669,52.8000
45092921,-77.50,-47.50,32.6101,65.8705
45096827,-57.50,-24.50,41.9244,77.2767
45100733,-69.50,-46.50,54.4142,84.4667
45104639,-70.50,-65.50,56.4132,77.0220
45108545,-72.50,-102.50,50.4939,53.0181
45112451,-80.50,-127.50,44.5232,21.4775
45116357,-90.50,-130.50,38.3974,-4.6996
45120263,-118.50,-121.50,26.7372,-15.8311
45124169,-140.50,-120.50,5.8361,-15.0285
45128075,-116.50,-103.50,-12.0483,-8.7249
45131981,-72.50,-65.50,-5.8694,7.0830
45135887,-69.50,-48.50,20.5823,33.5782
45139793,-122.50,-63.50,33.3328,53.7936
45143699,-122.50,-79.50,17.7860,52.7656
45147605,-77.50,-47.50,4.9594,43.9147
45151511,-54.50,-32.50,18.3847,48.9099
45155417,-46.50,-22.50,43.0538,64.8007
45159323,-20.50,-47.50,64.4073,73.3338
45163229,-56.50,-63.50,75.9662,64.6040
45167135,-72.50,-65.50,67.3811,47.3746
45171041,-83.50,-79.50,44.9266,32.9079
45174947,-80.50,-69.50,26.0068,24.0466
45178853,-80.50,-48.50,18.7319,26.0964
45182759,-80.50,-47.50,20.4378,37.7518
45186665,-88.50,-72.50,22.7013,43.1257
45190571,-76.50,-67.50,22.0857,35.6822
45194477,-69.50,-78.50,22.8594,25.1505
45198383,-76.50,-54.50,25.1859,20.9427
45202289,-81.50,-70.50,24.9629,23.5181
45206195,-66.50,-93.50,25.2301,20.5746
45210101,-76.50,-113.50,27.3323,5.1894
45214007,-76.50,-127.50,25.3130,-15.4336
45217913,-74.50,-126.50,20.9018,-32.1689
45221819,-52.50,-118.50,23.7214,-38.5398
45225725,-34.50,-106.50,37.7289,-33.5135
45229631,-30.50,-73.50,54.3035,-17.6211
45233537,-33.50,-52.50,62.0121,6.8486
45237443,-44.50,-49.50,58.9833,28.8222
45241349,-77.50,-54.50,46.1294,37.8822
45245255,-85.50,-91.50,26.1757,30.3686
45249161,-97.50,-104.50,7.2062,9.4379
45253067,-84.50,-112.50,-3.9103,-12.2290
45256973,-77.50,-94.50,-3.6864,-22.6288
45260879,-92.50,-101.50,1.3886,-21.5201
45264785,-79.50,-94.50,3.8887,-16.7332
45268691,-42.50,-85.50,12.1960,-10.3118
45272597,-73.50,-94.50,23.4789,-4.5177
45276503,-79.50,-86.50,20.9038,-4.0232
45280409,-73.50,-61.50,11.4260,-1.3875
45284315,-75.50,-49.50,8.8384,10.9402
45288221,-41.50,25.50,14.9999,38.1650
45292127,-2.50,26.50,33.9155,77.3724
45296033,-85.50,-78.50,45.8322,86.9511
45299939,-144.50,-133.50,18.4401,38.9320
45303845,-139.50,-154.50,-29.0316,-28.4577
45307751,-139.50,-152.50,-57.3383,-71.1492
45311657,-152.50,-178.50,-67.3024,-88.4210
45315563,-168.50,-201.50,-75.3623,-100.7601
45319469,-184.50,-207.50,-84.5893,-114.1595
45323375,-221.50,-239.50,-97.1894,-126.9637
45327281,-236.50,-262.50,-118.2519,-145.6195
45331187,-270.50,-280.50,-146.3087,-169.5435
45335093,-267.50,-299.50,-171.7186,-190.8540
45338999,-258.50,-314.50,-179.4381,-205.9756
45342905,-268.50,-304.50,-170.9425,-212.2253
45346811,-264.50,-281.50,-163.0291,-205.6340
45350717,-232.50,-256.50,-156.4821,-187.0481
45354623,-232.50,-239.50,-144.4837,-162.6407
45358529,-202.50,-196.50,-126.9221,-133.5281
45362435,-168.50,-182.50,-99.8851,-100.1457
45366341,-160.50,-175.50,-68.9042,-74.0241
45370247,-160.50,-144.50,-50.8055,-58.0363
45374153,-146.50,-144.50,-45.8592,-44.2139
45378059,-142.50,-158.50,-40.9856,-36.2108
45381965,-113.50,-140.50,-28.1848,-34.3335
45385871,-120.50,-150.50,-11.7495,-32.2060
45389777,-126.50,-154.50,-5.4121,-33.6669
45393683,-118.50,-133.50,-9.1580,-35.6222
45397589,-108.50,-138.50,-9.0834,-30.2031
45401495,-108.50,-128.50,-1.8833,-21.4492
45405401,-98.50,-109.50,6.2557,-11.2767
45409307,-77.50,-80.50,14.8423,4.0469
45413213,-70.50,-88.50,25.6839,19.9330
45417119,-66.50,-90.50,35.6889,27.0392
45421025,-79.50,-104.50,40.2709,24.7375
45424931,-77.50,-88.50,38.1209,20.3595
45428837,-62.50,-64.50,35.7455,23.7202
45432743,-66.50,-57.50,37.1074,35.6647
45436649,-50.50,-44.50,40.9640,49.2674
45440555,-37.50,-48.50,50.4419,60.5082
45444461,-49.50,-61.50,60.6928,63.3713
45448367,-57.50,-80.50,60.1225,52.7139
45452273,-76.50,-76.50,47.5398,35.5410
45456179,-90.50,-86.50,29.4329,23.6505
45460085,-84.50,-96.50,15.8470,17.6579
45463991,-73.50,-111.50,14.6053,11.0106
45467897,-72.50,-110.50,21.1128,1.8303
45471803,-85.50,-109.50,23.4322,-5.7976
45475709,-92.50,-96.50,17.3320,-6.6605
45479615,-84.50,-90.50,11.0263,0.8541
45483521,-106.50,-111.50,7.3014,7.5688
45487427,-111.50,-101.50,-0.8038,5.6649
45491333,-114.50,-96.50,-11.3218,2.2407
45495239,-138.50,-116.50,-21.3696,-0.9805
45499145,-140.50,-111.50,-32.4533,-6.7444
45503051,-111.50,-126.50,-35.1879,-11.5135
45506957,-113.50,-145.50,-25.5932,-19.2352
45510863,-108.50,-121.50,-15.7420,-28.3045
45514769,-111.50,-117.50,-11.5469,-27.7454
45518675,-134.50,-130.50,-14.0852,-22.3579
45522581,-128.50,-143.50,-22.5290,-23.3666
45526487,-116.50,-160.50,-26.9660,-32.5168
45530393,-114.50,-158.50,-23.6469,-45.1207
45534299,-125.50,-173.50,-20.2899,-56.4276
45538205,-140.50,-165.50,-23.3588,-63.5595
45542111,-127.50,-150.50,-28.7236,-60.2928
45546017,-138.50,-152.50,-31.3088,-48.6662
45549923,-128.50,-130.50,-33.0707,-37.2972
45553829,-128.50,-117.50,-32.4428,-25.9097
45557735,-126.50,-93.50,-28.0667,-11.0207
45561641,-132.50,-76.50,-24.2334,8.6104
45565547,-120.50,-88.50,-22.7300,25.2669
45569453,-108.50,-94.50,-19.3768,28.0057
45573359,-111.50,-126.50,-13.3748,15.0813
45577269,-104.50,-116.50,-7.5557,-3.8642
45581175,-110.50,-117.50,-2.9742,-13.4242
45585081,-98.50,-113.50,-0.3625,-11.5536
45588987,-89.50,-112.50,2.7816,-6.6687
45592893,-101.50,-128.50,5.3918,-6.5486
45596799,-130.50,-129.50,-0.4427,-13.4176
45600705,-143.50,-140.50,-15.8277,-21.7823
45604611,-165.50,-130.50,-34.9418,-26.2778
45608517,-157.50,-111.50,-51.6644,-21.9600
45612423,-197.50,-147.50,-65.7473,-17.0105
45616329,-220.50,-204.50,-84.3169,-33.4552
45620235,-228.50,-217.50,-103.6010,-69.2399
45624141,-290.50,-235.50,-124.6053,-100.5479
45628047,-275.50,-239.50,-151.5186,-118.4903
45631953,-281.50,-233.50,-168.4799,-124.9770
45635859,-322.50,-271.50,-176.4297,-128.2561
45639765,-399.50,-308.50,-200.0346,-143.2300
45643671,-432.50,-358.50,-244.3581,-174.3314
45647577,-477.50,-398.50,-292.4532,-215.8354
45651483,-495.50,-434.50,-332.0821,-258.6532
45655389,-512.50,-449.50,-357.2019,-292.0586
45659295,-559.50,-518.50,-372.6395,-318.8830
45663201,-636.50,-568.50,-399.2508,-354.2485
45667107,-653.50,-580.50,-441.0779,-393.0512
45671013,-655.50,-604.50,-474.1818,-419.8676
45674919,-716.50,-645.50,-493.8666,-439.6486
45678825,-697.50,-623.50,-508.1224,-452.6847
45682731,-676.50,-619.50,-502.4936,-446.7738
45686637,-665.50,-642.50,-477.0306,-433.4079
45690543,-656.50,-680.50,-452.1339,-436.4987
45694449,-655.50,-710.50,-435.7009,-457.9610
45698355,-661.50,-715.50,-424.7121,-479.6883
45702261,-665.50,-703.50,-416.1854,-484.4510
45706167,-655.50,-691.50,-408.0115,-471.3191
45710073,-671.50,-655.50,-402.2462,-446.4252
45713979,-632.50,-618.50,-395.2307,-410.4227
45717885,-588.50,-602.50,-369.4200,-368.9730
45721791,-586.50,-602.50,-327.9455,-336.3070
45725697,-542.50,-575.50,-289.5498,-315.2551
45729603,-488.50,-525.50,-250.6890,-290.2639
45733509,-463.50,-488.50,-207.0052,-251.2766
45737415,-431.50,-484.50,-166.0692,-210.3875
45741321,-399.50,-447.50,-127.9870,-177.8267
45745227,-373.50,-416.50,-91.4678,-146.5683
45749133,-358.50,-368.50,-62.2107,-110.5824
45753039,-308.50,-344.50,-37.2488,-72.5135
45756945,-271.50,-329.50,-4.1763,-39.5915
45760851,-234.50,-276.50,37.7931,-8.7080
45764757,-229.50,-254.50,75.3094,27.3033
45768663,-209.50,-238.50,98.0138,58.6541
45772569,-162.50,-160.50,115.6397,88.0971
45776475,-148.50,-175.50,139.7505,122.8686
45780381,-136.50,-137.50,163.5240,150.9708
45784287,-98.50,-101.50,184.9593,175.8628
45788193,-69.50,-58.50,210.3804,206.9915
45792099,-46.50,-28.50,236.1836,239.9343
45796005,-15.50,13.50,258.8018,272.4067
45799911,23.50,41.50,284.4927,305.9923
45803817,49.50,47.50,315.4448,333.9454
45807723,66.50,30.50,342.6448,342.6516
45811629,65.50,42.50,356.2937,333.7041
45815535,70.50,48.50,356.5163,324.7382
45819441,95.50,59.50,356.1347,325.1811
45823347,127.50,80.50,368.0012,333.8657
45827253,134.50,97.50,387.1831,347.1869
45831159,155.50,122.50,401.5163,361.1762
45835065,151.50,125.50,407.9292,372.8359
45838971,157.50,122.50,407.7485,377.6450
45842877,151.50,103.50,403.3416,371.8809
45846783,170.50,107.50,399.0755,358.3340
45850689,167.50,84.50,397.3512,341.5783
45854595,147.50,96.50,391.1679,325.3031
45858501,145.50,80.50,377.1076,314.2666
45862407,147.50,64.50,364.2487,304.0190
45866313,134.50,79.50,354.5525,293.0927
45870219,113.50,74.50,339.5947,286.7815
45874125,119.50,68.50,320.9963,280.7756
45878031,100.50,54.50,306.4621,270.5744
45881937,97.50,69.50,294.2723,261.8277
45885843,55.50,48.50,276.4912,256.6338
45889749,46.50,29.50,249.7236,244.3792
45893655,16.50,-45.50,220.6645,212.5699
45897561,-25.50,-63.50,189.8961,164.7569
45901467,-58.50,-105.50,153.5764,119.7375
45905373,-106.50,-143.50,113.1222,81.3450
45909279,-124.50,-175.50,72.6701,43.1912
45913185,-175.50,-190.50,35.2881,9.6696
45917091,-216.50,-211.50,-3.5284,-13.9805
45920997,-262.50,-256.50,-45.4277,-35.1406
45924903,-312.50,-303.50,-89.0968,-66.5339
45928809,-373.50,-340.50,-137.5763,-107.8850
45932715,-409.50,-369.50,-188.3490,-148.3403
45936621,-417.50,-394.50,-227.1185,-180.1356
45940527,-436.50,-418.50,-246.1912,-203.0909
45944433,-481.50,-450.50,-260.0431,-222.8113
45948339,-480.50,-484.50,-278.0688,-245.9948
45952245,-527.50,-512.50,-296.6348,-273.2928
45956151,-538.50,-524.50,-316.9115,-297.3981
45960057,-527.50,-555.50,-329.9610,-314.6942
45963963,-489.50,-525.50,-320.7275,-321.8110
45967869,-474.50,-527.50,-292.3326,-313.4371
45971775,-469.50,-523.50,-263.1304,-299.0732
45975681,-474.50,-512.50,-246.0927,-286.8127
45979587,-464.50,-490.50,-238.4864,-271.1920
45983493,-419.50,-445.50,-225.3019,-244.8045
45987399,-378.50,-440.50,-194.6841,-211.4668
45991305,-312.50,-384.50,-147.0984,-178.3184
45995211,-298.50,-365.50,-94.0817,-142.4680
45999117,-240.50,-320.50,-47.3118,-104.4662
46003023,-199.50,-271.50,-3.4522,-63.2838
46006929,-163.50,-239.50,38.8068,-19.1271
46010835,-149.50,-221.50,72.1370,17.9914
46014741,-134.50,-174.50,94.3563,48.1824
46018647,-120.50,-127.50,109.8412,83.3955
46022553,-117.50,-90.50,120.7899,125.0309
46026459,-79.50,-79.50,130.6895,160.5354
46030365,-68.50,-51.50,145.9050,183.9018
46034271,-67.50,-46.50,160.9836,199.8099
46038177,-29.50,-4.50,174.5816,215.1330
46042083,-4.50,23.50,194.8671,236.8024
46045989,14.50,43.50,217.5021,261.6620
46049895,-12.50,30.50,227.5811,277.0837
46053801,50.50,76.50,230.8441,284.9813
46057707,118.50,102.50,257.1834,300.8433
46061613,91.50,81.50,296.6788,316.3503
46065519,85.50,94.50,309.5843,316.5639
46069425,99.50,126.50,300.3991,316.5225
46073331,112.50,134.50,295.8091,327.9498
46077237,99.50,147.50,296.6590,340.5700
46081143,144.50,160.50,299.3942,348.1498
46085049,140.50,155.50,308.6415,350.8727
46088955,149.50,131.50,317.2332,343.8378
46092861,139.50,127.50,317.8149,326.9111
46096767,137.50,125.50,311.0541,309.7218
46100673,158.50,128.50,304.1833,298.3837
46104579,166.50,128.50,304.9789,292.1448
46108485,157.50,143.50,307.4200,291.1526
46112391,161.50,137.50,304.8836,293.5647
46116297,157.50,160.50,299.6087,296.1167
46120203,161.50,175.50,293.2901,301.4937
46124109,163.50,175.50,286.8662,307.9142
46128015,175.50,146.50,283.6478,304.4987
46131921,160.50,131.50,282.3239,286.8686
46135827,167.50,143.50,278.2013,267.2279
46139733,163.50,144.50,271.9275,257.1637
46143639,175.50,165.50,266.3368,256.5065
46147545,170.50,171.50,262.5066,263.0946
46151451,144.50,143.50,254.7273,266.0965
46155357,115.50,139.50,235.2786,255.3395
46159263,117.50,144.50,210.1702,239.4878
46163169,119.50,112.50,192.4763,223.4104
46167075,138.50,106.50,187.6790,203.4406
46170981,154.50,129.50,195.3134,191.2334
46174887,169.50,105.50,210.3526,190.2773
46178793,166.50,118.50,222.3318,187.0082
46182699,137.50,108.50,218.5058,179.5837
46186605,127.50,117.50,197.4263,173.2586
46190511,107.50,124.50,171.9768,172.4310
46194417,117.50,103.50,154.2490,172.3387
46198323,116.50,48.50,148.1132,154.8113
46202229,87.50,43.50,142.1618,119.2579
46206135,80.50,26.50,126.0887,87.2896
46210041,62.50,31.50,106.3527,70.2433
46213947,46.50,27.50,88.0206,64.9496
46217853,34.50,15.50,70.5410,62.0068
46221759,41.50,13.50,57.3077,54.9400
46225665,23.50,-4.50,48.9079,44.4291
46229571,16.50,-4.50,39.8416,32.6190
46233477,13.50,5.50,30.5224,26.1203
46237383,20.50,-1.50,25.7520,26.1705
46241289,6.50,-1.50,22.9148,25.6791
46245195,-8.50,-14.50,14.4768,21.0436
46249101,-12.50,-46.50,1.7027,8.3050
46253007,-9.50,-57.50,-6.7175,-12.7982
46256913,-16.50,-63.50,-9.8730,-32.2811
46260819,-24.50,-55.50,-14.3541,-41.8853
46264725,-26.50,-62.50,-21.5667,-43.1856
46268631,-28.50,-77.50,-27.1705,-45.2217
46272537,-47.50,-85.50,-32.5697,-52.8811
46276443,-58.50,-98.50,-42.8908,-63.7507
46280349,-64.50,-98.50,-55.9327,-74.3884
46284255,-82.50,-94.50,-68.4517,-80.1180
46288161,-79.50,-73.50,-78.9979,-76.0201
46292067,-73.50,-52.50,-82.3963,-60.6372
46295973,-67.50,-68.50,-78.0719,-44.8820
46299879,-106.50,-105.50,-78.6506,-47.7735
46303785,-111.50,-117.50,-92.7067,-69.8998
46307691,-107.50,-112.50,-107.1334,-90.6202
46311597,-97.50,-127.50,-109.2828,-99.9845
46315503,-114.50,-117.50,-106.1033,-102.9755
46319409,-118.50,-114.50,-108.2553,-100.6083
46323315,-140.50,-110.50,-116.8910,-94.4758
46327221,-124.50,-79.50,-125.2834,-84.1715
46331127,-132.50,-74.50,-127.2206,-68.2077
46335033,-129.50,-61.50,-126.0203,-53.0179
46338939,-136.50,-85.50,-125.8712,-46.7268
46342845,-116.50,-82.50,-123.0697,-51.1822
46346751,-96.50,-74.50,-111.4939,-56.4505
46350657,-82.50,-104.50,-93.3680,-60.9462
46354563,-78.50,-90.50,-77.7254,-69.2029
46358469,-72.50,-101.50,-68.0843,-74.3997
46362375,-77.50,-76.50,-63.2544,-71.6289
46366281,-108.50,-76.50,-67.7707,-62.2365
46370187,-74.50,-84.50,-77.0191,-55.4332
46374093,-77.50,-86.50,-76.2586,-57.0055
46377999,-82.50,-108.50,-70.2635,-64.3328
46381905,-79.50,-123.50,-67.7362,-77.2171
46385811,-93.50,-126.50,-68.3798,-91.5267
46389717,-96.50,-112.50,-73.6880,-98.1207
46393623,-85.50,-96.50,-78.8545,-92.0409
46397529,-81.50,-81.50,-77.3196,-76.4557
46401435,-80.50,-76.50,-71.2731,-59.5090
46405341,-81.50,-88.50,-65.9061,-50.7089
46409247,-93.50,-105.50,-65.6632,-55.7706
46413153,-115.50,-138.50,-75.0166,-74.0140
46417059,-136.50,-160.50,-93.5072,-99.9843
46420965,-125.50,-162.50,-109.6821,-122.1860
46424871,-124.50,-141.50,-112.7057,-128.5399
46428777,-137.50,-134.50,-109.8585,-119.1480
46432683,-111.50,-166.50,-107.1786,-111.7561
46436589,-111.50,-148.50,-99.6058,-114.6691
46440495,-111.50,-131.50,-90.9897,-112.4870
46444401,-111.50,-113.50,-86.6804,-98.5585
46448307,-108.50,-100.50,-84.6827,-81.1359
46452213,-108.50,-99.50,-83.3487,-67.0812
46456119,-121.50,-100.50,-84.8575,-59.2797
46460025,-106.50,-120.50,-87.2915,-59.9065
46463931,-122.50,-120.50,-86.9418,-68.6283
46467837,-122.50,-110.50,-88.0057,-76.0171
46471743,-138.50,-124.50,-93.5314,-77.6752
46475649,-131.50,-137.50,-100.2770,-80.7889
46479555,-122.50,-138.50,-101.0808,-86.6924
46483461,-120.50,-121.50,-94.6050,-87.9977
46487367,-111.50,-104.50,-86.1585,-80.1581
46491273,-100.50,-81.50,-77.0429,-64.2873
46495179,-93.50,-64.50,-67.3143,-43.0602
46499085,-84.50,-46.50,-58.1896,-20.3631
46502991,-80.50,-40.50,-50.0643,-2.0780
46506897,-72.50,-47.50,-42.8288,5.2755
46510803,-78.50,-88.50,-37.9574,-4.5463
46514709,-68.50,-76.50,-35.9434,-24.0612
46518615,-80.50,-53.50,-35.7488,-30.2010
46522521,-79.50,-63.50,-38.1001,-21.2844
46526427,-105.50,-89.50,-44.8837,-20.2764
46530333,-131.50,-99.50,-60.2691,-34.1725
46534239,-140.50,-130.50,-81.2313,-53.5732
46538145,-125.50,-149.50,-93.9826,-74.7944
46542051,-111.50,-146.50,-90.4407,-92.9431
46545957,-110.50,-132.50,-77.8009,-98.8957
46549863,-111.50,-126.50,-67.8500,-92.1521
46553769,-113.50,-114.50,-64.3210,-79.2012
46557675,-111.50,-117.50,-64.6236,-66.8596
46561581,-124.50,-146.50,-67.7154,-65.8372
46565487,-108.50,-143.50,-70.6152,-78.1372
46569393,-112.50,-143.50,-68.0334,-89.3481
46573299,-137.50,-154.50,-67.4916,-93.2651
46577205,-175.50,-164.50,-82.0715,-96.3294
46581111,-169.50,-204.50,-105.4065,-107.1851
46585017,-164.50,-192.50,-118.1829,-124.7086
46588923,-138.50,-200.50,-112.6203,-135.8396
46592829,-160.50,-203.50,-99.7386,-138.5758
46596735,-180.50,-206.50,-98.1855,-138.3639
46600641,-169.50,-184.50,-106.7223,-132.9138
46604547,-164.50,-182.50,-109.9995,-121.4785
46608453,-165.50,-176.50,-106.9615,-110.9911
46612359,-149.50,-174.50,-100.8150,-104.5644
46616268,-143.50,-173.50,-89.7918,-99.6391
46620174,-143.50,-154.50,-78.2986,-92.3872
46624080,-143.50,-156.50,-72.7875,-82.4898
46627986,-136.50,-188.50,-71.5789,-81.6613
46631892,-126.50,-168.50,-68.0768,-90.4674
46635798,-134.50,-140.50,-61.9002,-87.8292
46639704,-145.50,-153.50,-60.2553,-72.6544
46643610,-143.50,-169.50,-64.3946,-66.7439
46647516,-144.50,-179.50,-68.6238,-75.3782
46651422,-146.50,-197.50,-70.6685,-89.2412
46655328,-141.50,-188.50,-69.8631,-99.8630
46659234,-143.50,-175.50,-66.0408,-99.6835
46663140,-132.50,-174.50,-60.8513,-90.7664
46667046,-126.50,-159.50,-54.6368,-79.9849
46670952,-116.50,-157.50,-47.3631,-69.0049
46674858,-110.50,-143.50,-38.8494,-58.5542
46678764,-99.50,-133.50,-28.7633,-48.1694
46682670,-102.50,-127.50,-19.9152,-38.2401
46686576,-81.50,-98.50,-13.2846,-26.3521
46690482,-68.50,-69.50,-3.9092,-5.8369
46694388,-60.50,-89.50,8.6602,14.4190
46698294,-48.50,-77.50,21.1132,21.1969
46702200,-47.50,-63.50,31.3847,23.1465
46706106,-69.50,-74.50,32.4656,26.9579
46710012,-49.50,-65.50,25.7523,28.3576
46713918,-56.50,-88.50,22.8528,25.7094
46717824,-74.50,-125.50,20.8624,11.9567
46721730,-91.50,-149.50,11.1397,-14.9185
46725636,-98.50,-160.50,-3.2696,-42.6744
46729542,-96.50,-168.50,-14.5555,-61.1442
46733448,-104.50,-160.50,-20.2936,-67.9871
46737354,-108.50,-177.50,-23.7287,-68.0140
46741260,-128.50,-181.50,-28.9529,-69.9880
46745166,-133.50,-184.50,-38.0213,-74.6137
46749072,-160.50,-184.50,-51.3218,-78.0069
46752978,-174.50,-186.50,-69.2067,-79.3867
46756884,-178.50,-175.50,-85.3250,-77.1861
46760790,-180.50,-202.50,-92.4862,-75.1702
46764696,-177.50,-207.50,-92.0294,-80.9982
46768602,-188.50,-191.50,-90.5981,-87.3031
46772508,-202.50,-192.50,-94.9597,-84.9552
46776414,-221.50,-175.50,-106.0962,-76.6014
46780320,-211.50,-196.50,-116.2244,-68.9594
46784226,-206.50,-210.50,-116.6822,-71.0173
46788132,-208.50,-218.50,-110.9864,-81.9242
46792038,-215.50,-227.50,-107.9977,-93.6844
46795944,-200.50,-207.50,-106.0322,-98.6198
46799850,-220.50,-190.50,-102.9405,-89.6193
46803756,-221.50,-204.50,-104.4526,-74.8914
46807662,-220.50,-183.50,-108.6518,-65.2110
46811568,-207.50,-177.50,-107.5715,-56.7193
46815474,-189.50,-194.50,-97.2866,-51.7024
46819380,-196.50,-173.50,-83.0942,-51.5875
46823286,-169.50,-161.50,-70.7510,-44.9972
46827192,-175.50,-153.50,-59.3956,-31.2461
46831098,-152.50,-146.50,-49.3063,-19.0022
46835004,-128.50,-127.50,-35.2220,-8.7477
46838910,-132.50,-147.50,-17.7136,-1.5583
46842816,-153.50,-159.50,-10.9475,-4.4261
46846722,-143.50,-166.50,-16.2038,-14.8992
46850628,-146.50,-161.50,-21.1600,-23.2443
46854534,-143.50,-169.50,-22.0100,-26.9728
46858440,-123.50,-162.50,-17.4569,-27.9584
46862346,-111.50,-172.50,-4.6809,-27.1191
46866252,-82.50,-185.50,14.3017,-29.0815
46870158,-77.50,-191.50,34.2452,-36.5300
46874064,-96.50,-179.50,43.6222,-42.6549
46877970,-122.50,-166.50,34.4685,-39.5633
46881876,-128.50,-165.50,15.2989,-29.2701
46885782,-128.50,-161.50,0.8179,-19.4230
46889688,-140.50,-153.50,-6.5895,-12.1992
46893594,-153.50,-180.50,-14.2056,-11.6971
46897500,-146.50,-176.50,-21.1531,-20.5585
46901406,-141.50,-175.50,-20.8373,-28.1156
46905312,-166.50,-177.50,-19.8068,-28.3703
46909218,-158.50,-170.50,-25.6950,-25.1238
46913124,-168.50,-184.50,-32.3691,-23.3777
46917030,-184.50,-178.50,-38.5802,-25.6804
46920936,-188.50,-174.50,-46.7252,-26.5157
46924842,-181.50,-149.50,-51.5778,-19.0581
46928748,-168.50,-141.50,-48.5288,-3.8530
46932654,-173.50,-144.50,-41.2445,9.2343
46936560,-173.50,-127.50,-36.5146,16.2536
46940466,-160.50,-122.50,-32.4305,23.4465
46944372,-143.50,-157.50,-23.0322,24.7584
46948278,-154.50,-171.50,-13.1629,11.0648
46952184,-170.50,-175.50,-13.7263,-7.5623
46956090,-156.50,-160.50,-20.0810,-16.0091
46959996,-169.50,-143.50,-22.0549,-9.7338
46963902,-175.50,-143.50,-24.1131,3.8504
46967808,-175.50,-144.50,-29.2864,13.5274
46971714,-156.50,-143.50,-29.6330,16.6827
46975620,-158.50,-143.50,-21.9286,16.4439
46979526,-160.50,-184.50,-14.1420,8.1860
46983432,-153.50,-190.50,-10.4555,-10.9984
46987338,-162.50,-198.50,-9.6553,-28.7104
46991244,-161.50,-193.50,-12.0565,-35.9334
46995150,-138.50,-170.50,-10.6143,-31.7806
46999056,-143.50,-147.50,-1.4458,-16.0719
47002962,-132.50,-122.50,7.9542,7.4271
47006868,-111.50,-117.50,17.4637,30.8908
47010774,-88.50,-140.50,32.6968,41.5810
47014680,-79.50,-156.50,51.0590,32.8325
47018586,-79.50,-148.50,64.6763,17.0190
47022492,-100.50,-125.50,66.5464,13.1623
47026398,-106.50,-118.50,56.5340,24.4656
47030304,-106.50,-104.50,44.1814,40.6652
47034210,-105.50,-96.50,37.5400,54.8675
47038116,-125.50,-117.50,33.2567,60.2251
47042022,-172.50,-120.50,18.9858,52.8155
47045928,-138.50,-140.50,-0.0743,39.0991
47049834,-136.50,-155.50,-3.9142,23.7645
47053740,-111.50,-176.50,7.0097,7.1280
47057646,-111.50,-179.50,21.8974,-8.4289
47061552,-120.50,-190.50,31.8414,-19.9339
47065458,-143.50,-172.50,29.0705,-24.0922
47069364,-152.50,-154.50,14.6681,-16.1285
47073270,-129.50,-157.50,2.4591,-1.5154
47077176,-144.50,-162.50,1.1300,6.5224
47081082,-137.50,-175.50,4.0483,3.6294
47084988,-142.50,-188.50,7.3503,-7.0140
47088894,-120.50,-200.50,12.5418,-20.5251
47092800,-120.50,-186.50,19.4138,-28.9470
47096706,-127.50,-162.50,22.6281,-23.4768
47100612,-111.50,-161.50,23.7773,-7.9476
47104518,-111.50,-149.50,30.0033,5.9549
47108424,-106.50,-158.50,37.2984,13.4323
47112330,-141.50,-146.50,34.0682,15.9931
47116236,-89.50,-88.50,26.7502,27.6491
47120142,-66.50,-108.50,38.6857,50.3909
47124048,-146.50,-205.50,50.9428,46.8138
47127954,-185.50,-222.50,27.0142,3.1066
47131860,-173.50,-190.50,-12.8245,-34.9194
47135766,-170.50,-214.50,-32.9372,-43.5568
47139672,-224.50,-276.50,-42.6660,-54.8973
47143578,-242.50,-313.50,-62.4880,-88.3544
47147484,-271.50,-379.50,-87.1694,-132.9407
47151390,-278.50,-383.50,-107.9355,-175.4173
47155296,-274.50,-404.50,-121.2887,-205.0988
47159202,-304.50,-445.50,-129.8831,-227.3630
47163108,-310.50,-424.50,-139.5683,-243.3815
47167014,-305.50,-379.50,-144.1822,-233.0731
47170920,-302.50,-383.50,-140.2536,-201.6882
47174826,-311.50,-380.50,-137.1251,-179.6982
47178732,-298.50,-361.50,-137.3328,-171.0470
47182638,-280.50,-356.50,-129.9991,-160.5176
47186544,-282.50,-335.50,-113.6624,-143.4375
47190450,-276.50,-331.50,-99.9653,-124.6682
47194356,-258.50,-314.50,-91.4120,-110.3233
47198262,-248.50,-303.50,-82.1013,-98.9173
47202168,-207.50,-314.50,-64.7306,-89.3047
47206074,-180.50,-281.50,-34.4043,-78.9916
47209980,-172.50,-241.50,-2.2112,-57.0745
47213886,-171.50,-239.50,15.8175,-28.8608
47217792,-158.50,-221.50,21.0058,-9.2955
47221698,-146.50,-201.50,26.0350,5.9817
47225604,-136.50,-204.50,36.6631,22.0973
47229510,-121.50,-205.50,50.2914,31.2036
47233416,-126.50,-197.50,60.7389,31.8859
47237322,-109.50,-198.50,65.5635,30.5979
47241228,-120.50,-211.50,68.0092,28.6684
47245134,-134.50,-216.50,65.6189,24.8771
47249040,-145.50,-232.50,56.3091,18.5160
47252946,-156.50,-229.50,43.6228,9.4762
47256852,-160.50,-233.50,31.1244,1.7325
47260758,-172.50,-218.50,20.9688,0.9907
47264664,-173.50,-207.50,14.0228,10.5459
47268570,-155.50,-219.50,14.4882,22.1131
47272476,-157.50,-191.50,21.9591,28.7007
47276382,-168.50,-208.50,25.3822,32.5976
47280288,-170.50,-208.50,20.7270,31.5858
47284194,-175.50,-213.50,14.9528,27.9909
47288100,-183.50,-207.50,10.6572,27.4033
47292006,-197.50,-216.50,3.8997,27.4138
47295912,-205.50,-201.50,-6.8457,26.4027
47299818,-208.50,-216.50,-16.9146,26.0850
47303724,-188.50,-203.50,-18.1716,27.1086
47307630,-173.50,-168.50,-6.9017,37.1014
47311536,-160.50,-166.50,10.2745,56.1942
47315442,-143.50,-160.50,26.4222,70.0227
47319348,-143.50,-160.50,39.1091,74.7911
47323254,-158.50,-186.50,43.3021,72.0669
47327160,-148.50,-182.50,40.0677,62.8036
47331066,-142.50,-218.50,38.9330,48.8212
47334972,-121.50,-186.50,44.9803,35.2781
47338878,-148.50,-176.50,51.1747,36.0577
47342784,-166.50,-178.50,45.3168,48.4428
47346690,-169.50,-184.50,30.9945,56.6508
47350596,-173.50,-182.50,19.7516,56.9362
47354502,-172.50,-179.50,13.5438,54.0136
47358408,-167.50,-175.50,12.0655,52.5062
47362314,-152.50,-169.50,17.7682,54.9524
47366220,-140.50,-144.50,30.5760,64.6892
47370126,-148.50,-140.50,41.7119,79.9497
47374032,-120.50,-80.50,47.6423,100.0795
47377938,-84.50,-45.50,60.9574,131.6547
47381844,-108.50,-142.50,79.2469,148.7486
47385750,-163.50,-206.50,76.1134,115.4002
47389656,-166.50,-202.50,48.5623,58.2904
47393562,-128.50,-174.50,29.4251,27.8291
47397468,-121.50,-166.50,35.5285,30.4487
47401374,-120.50,-154.50,50.2597,46.1109
47405280,-98.50,-196.50,63.6495,55.8218
47409186,-121.50,-175.50,73.6534,53.3128
47413092,-117.50,-174.50,72.3696,49.0955
47416998,-107.50,-166.50,65.5136,47.2664
47420904,-88.50,-160.50,66.6372,47.9372
47424810,-80.50,-152.50,78.3596,56.0351
47428716,-66.50,-128.50,94.4493,72.2086
47432622,-36.50,-122.50,111.5642,89.1458
47436528,-53.50,-116.50,123.8668,96.7293
47440434,-81.50,-127.50,118.4457,94.6319
47444340,-106.50,-138.50,96.3198,88.9743
47448246,-70.50,-111.50,79.8822,88.9335
47452152,-58.50,-120.50,84.8304,95.2928
47456058,-78.50,-112.50,94.3372,96.6003
47459964,-64.50,-94.50,93.6321,96.2340
47463870,-64.50,-95.50,93.1725,103.9434
47467776,-63.50,-118.50,97.0065,110.2328
47471682,-80.50,-113.50,95.6882,105.0232
47475588,-79.50,-90.50,85.5875,98.1076
47479494,-80.50,-100.50,75.3030,97.7548
47483400,-79.50,-134.50,72.0870,93.8387
47487306,-74.50,-170.50,74.7885,76.3480
47491212,-109.50,-177.50,72.5653,50.4418
47495118,-112.50,-172.50,57.2143,29.1674
47499024,-116.50,-175.50,39.9214,18.3834
47502930,-105.50,-158.50,33.6949,19.4000
47506836,-79.50,-153.50,42.1724,32.3894
47510742,-76.50,-147.50,58.9718,47.5577
47514648,-94.50,-145.50,67.1548,53.7869
47518554,-90.50,-134.50,61.8452,52.6629
47522460,-84.50,-126.50,56.2505,54.5398
47526366,-79.50,-116.50,57.7862,64.7442
47530272,-96.50,-126.50,58.8743,75.3762
47534178,-81.50,-100.50,55.5600,79.7749
47538084,-90.50,-105.50,53.2688,81.3953
47541990,-84.50,-92.50,52.8815,83.7193
47545896,-104.50,-111.50,50.1567,86.7334
47549802,-97.50,-96.50,43.7543,88.6177
47553708,-114.50,-111.50,36.1138,86.9870
47557614,-121.50,-141.50,26.8611,73.8144
47561520,-129.50,-158.50,16.7736,49.1588
47565426,-132.50,-166.50,9.1267,28.2829
47569332,-144.50,-181.50,2.7511,16.9022
47573238,-138.50,-161.50,-2.9950,11.6910
47577144,-141.50,-160.50,-5.6288,12.2899
47581050,-123.50,-156.50,-2.8178,16.0749
47584956,-168.50,-154.50,-2.3630,21.6230
47588862,-192.50,-142.50,-18.1579,30.0501
47592768,-182.50,-140.50,-40.2813,37.8859
47596674,-175.50,-125.50,-48.6909,42.0631
47600580,-169.50,-144.50,-44.0263,42.2377
47604486,-168.50,-139.50,-35.9182,39.5549
47608392,-158.50,-153.50,-28.0387,36.9071
47612298,-175.50,-172.50,-23.6929,29.1671
47616204,-200.50,-198.50,-31.2754,9.6456
47620110,-180.50,-175.50,-44.7556,-9.6262
47624016,-158.50,-175.50,-44.3597,-11.7593
47627922,-154.50,-192.50,-29.2648,-5.2141
47631828,-113.50,-188.50,-8.4392,-5.0433
47635734,-140.50,-175.50,9.8405,-7.1835
47639640,-163.50,-173.50,9.1386,-5.2262
47643546,-168.50,-166.50,-8.2585,0.2434
47647452,-175.50,-197.50,-24.1535,2.4951
47651358,-162.50,-203.50,-30.1174,-5.8590
47655264,-142.50,-213.50,-23.5779,-20.5055
47659170,-136.50,-207.50,-8.7749,-32.2205
47663076,-128.50,-204.50,5.0466,-35.2368
47666982,-129.50,-194.50,13.3486,-28.6975
47670888,-161.50,-197.50,10.5107,-18.8182
47674794,-129.50,-180.50,1.2043,-11.2983
47678700,-125.50,-154.50,2.1568,-1.8442
47682606,-136.50,-170.50,9.2002,9.1561
47686512,-117.50,-153.50,13.3260,16.0648
47690418,-134.50,-137.50,16.2081,25.1027
47694324,-101.50,-114.50,19.6332,40.2694
47698230,-96.50,-116.50,28.8026,53.8907
47702136,-96.50,-122.50,39.2674,58.1987
47706042,-95.50,-134.50,44.0223,54.0250
47709948,-96.50,-127.50,45.0103,48.6630
47713854,-113.50,-140.50,41.1842,44.2549
47717760,-92.50,-138.50,35.1869,37.3629
47721666,-88.50,-149.50,36.2021,29.2530
47725572,-110.50,-149.50,38.8795,23.8310
47729478,-125.50,-149.50,31.6730,22.7169
47733384,-148.50,-142.50,15.1991,24.3796
47737290,-158.50,-140.50,-4.7803,25.7996
47741196,-164.50,-153.50,-21.6034,23.9719
47745102,-159.50,-156.50,-29.6241,18.9214
47749008,-148.50,-184.50,-26.7689,10.7985
47752914,-141.50,-180.50,-16.5917,-1.3095
47756820,-122.50,-171.50,-4.3496,-10.0035
47760726,-97.50,-179.50,10.6806,-11.7821
47764632,-111.50,-167.50,24.5950,-9.4381
47768538,-111.50,-148.50,28.9173,0.4129
47772444,-128.50,-160.50,24.0668,12.4943
47776350,-143.50,-175.50,12.1753,11.9686
47780256,-154.50,-174.50,-4.2776,0.3976
47784162,-166.50,-178.50,-19.8049,-8.4135
47788068,-158.50,-174.50,-28.6237,-9.5659
47791974,-166.50,-185.50,-29.3540,-8.6496
47795880,-169.50,-188.50,-29.0488,-12.3244
47799786,-176.50,-201.50,-32.6727,-20.7011
47803692,-110.50,-175.50,-27.1557,-24.7277
47807598,-18.50,-122.50,12.4816,-8.6398
47811504,-79.50,-145.50,64.2682,19.4191
47815410,-176.50,-225.50,63.5316,18.5223
47819316,-206.50,-225.50,6.0192,-18.2930
47823222,-166.50,-197.50,-44.8124,-46.1342
47827128,-208.50,-207.50,-61.6253,-46.0992
47831034,-261.50,-254.50,-77.6090,-47.2749
47834940,-271.50,-258.50,-105.7680,-64.7636
47838846,-303.50,-296.50,-129.8937,-86.9361
47842752,-304.50,-309.50,-147.7476,-109.1672
47846658,-350.50,-350.50,-167.6881,-134.1347
47850564,-360.50,-340.50,-192.4368,-156.9913
47854470,-328.50,-292.50,-203.0392,-157.6082
47858376,-357.50,-310.50,-193.4442,-135.4491
47862282,-347.50,-318.50,-185.9044,-120.2591
47866188,-312.50,-292.50,-180.2773,-116.8166
47870094,-271.50,-306.50,-159.1441,-112.6332
47874000,-263.50,-294.50,-125.2596,-108.5787
47877906,-239.50,-268.50,-93.1142,-99.5540
47881812,-207.50,-244.50,-65.6022,-79.0727
47885718,-212.50,-246.50,-44.9932,-56.9901
47889624,-202.50,-213.50,-36.4803,-40.3008
47893530,-176.50,-210.50,-28.5973,-24.4401
47897436,-175.50,-242.50,-12.4577,-17.4169
47901342,-178.50,-249.50,0.5729,-27.2403
47905248,-192.50,-234.50,-0.2451,-38.6498
47909154,-170.50,-206.50,-7.1001,-34.6952
47913060,-188.50,-205.50,-8.6657,-18.7467
47916966,-197.50,-197.50,-9.6029,-3.9794
47920872,-200.50,-190.50,-14.2743,6.3126
47924778,-185.50,-175.50,-17.0989,15.7165
47928684,-174.50,-175.50,-13.3357,23.6788
47932590,-182.50,-189.50,-6.4045,24.6190
47936496,-175.50,-221.50,-1.0017,13.5955
47940402,-161.50,-196.50,6.0999,0.2246
47944308,-172.50,-174.50,12.4518,2.6020
47948214,-178.50,-162.50,9.7820,18.6549
47952120,-160.50,-149.50,5.1797,34.9754
47956026,-149.50,-182.50,11.5721,41.7877
47959932,-140.50,-190.50,25.9413,33.9387
47963838,-160.50,-175.50,33.6322,23.1591
47967744,-164.50,-169.50,27.2144,21.3733
47971650,-165.50,-153.50,16.3431,27.2097
47975556,-170.50,-176.50,10.7485,33.4776
47979462,-158.50,-175.50,11.3638,33.4916
47983368,-143.50,-180.50,18.4522,29.2319
47987274,-127.50,-192.50,30.4928,21.3826
47991180,-129.50,-201.50,42.0929,8.7207
47995086,-140.50,-173.50,46.5734,2.9865
47998992,-140.50,-152.50,43.6174,16.2964
48002898,-136.50,-143.50,39.5928,39.3392
48006804,-120.50,-139.50,40.1444,54.6717
48010710,-127.50,-118.50,44.5667,61.7889
48014616,-120.50,-112.50,48.7105,70.0745
48018522,-124.50,-126.50,51.8618,77.2031
48022428,-106.50,-132.50,55.4843,75.4005
48026334,-111.50,-159.50,59.2326,62.8050
48030240,-99.50,-127.50,61.7852,49.1429
48034146,-72.50,-86.50,69.8520,55.6848
48038052,-79.50,-79.50,84.3830,82.2933
48041958,-79.50,-60.50,92.5203,108.3315
48045864,-79.50,-68.50,90.7780,122.4960
48049770,-80.50,-79.50,85.7034,121.1026
48053676,-77.50,-111.50,82.5143,104.4794
48057582,-101.50,-121.50,78.9701,80.4770
48061488,-104.50,-126.50,69.8078,61.5971
48065394,-79.50,-111.50,63.4679,55.2509
48069300,-79.50,-112.50,67.6095,58.2033
48073206,-86.50,-113.50,72.8970,61.5178
48077112,-106.50,-112.50,69.7259,62.0688
48081018,-74.50,-63.50,65.1363,70.3688
48084924,-79.50,-110.50,68.6060,82.6907
48088830,-128.50,-164.50,64.3554,69.4459
48092736,-121.50,-170.50,44.1678,31.9408
48096642,-175.50,-180.50,20.4779,1.8720
48100548,-162.50,-170.50,-1.5029,-9.3184
48104454,-178.50,-191.50,-16.5159,-11.5860
48108360,-174.50,-216.50,-24.3872,-20.0358
48112269,-184.50,-233.50,-28.7610,-37.6053
48116175,-212.50,-255.50,-34.6409,-57.4796
48120081,-229.50,-260.50,-48.3132,-75.3130
48123987,-245.50,-271.50,-67.2036,-88.4082
48127893,-240.50,-271.50,-83.3085,-95.7527
48131799,-240.50,-253.50,-89.4144,-93.8424
48135705,-248.50,-245.50,-87.5603,-81.8902
48139611,-258.50,-254.50,-86.3000,-70.9141
48143517,-258.50,-253.50,-89.1398,-69.0794
48147423,-256.50,-236.50,-93.0405,-68.3107
48151329,-240.50,-234.50,-91.9181,-60.8769
48155235,-251.50,-229.50,-85.0463,-51.4441
48159141,-255.50,-225.50,-79.9922,-44.6987
48163047,-242.50,-208.50,-77.6200,-38.0692
48166953,-206.50,-206.50,-68.3125,-29.1857
48170859,-220.50,-218.50,-53.3673,-23.6450
48174765,-156.50,-200.50,-34.6332,-22.2510
48178671,-143.50,-164.50,-3.9738,-12.3939
48182577,-144.50,-152.50,25.0124,8.8639
48186483,-113.50,-136.50,40.1269,30.1546
48190389,-95.50,-134.50,53.0075,45.1012
48194295,-90.50,-114.50,67.6280,56.0028
48198201,-95.50,-112.50,77.4110,65.5501
48202107,-100.50,-126.50,78.8378,68.2464
48206013,-96.50,-126.50,74.6267,61.8335
48209919,-90.50,-132.50,70.8116,54.3223
48213825,-79.50,-116.50,72.1618,52.6019
48217731,-94.50,-127.50,76.1197,55.0744
48221637,-96.50,-132.50,75.6440,53.3698
48225543,-111.50,-143.50,68.5200,45.5610
48229449,-89.50,-139.50,60.6853,37.9860
48233355,-81.50,-143.50,61.6736,34.6412
48237261,-85.50,-156.50,69.1358,30.9681
48241167,-111.50,-180.50,69.9402,19.5930
48245073,-143.50,-196.50,54.7996,1.0382
48248979,-143.50,-191.50,29.9362,-14.5140
48252885,-165.50,-191.50,8.2133,-19.5670
48256791,-162.50,-213.50,-5.9428,-22.1241
48260697,-170.50,-233.50,-11.4148,-33.2666
48264603,-190.50,-240.50,-14.9320,-49.4758
48268509,-182.50,-223.50,-22.2908,-57.6121
48272415,-172.50,-217.50,-26.1308,-52.7538
48276321,-192.50,-239.50,-26.2116,-47.4335
48280227,-237.50,-239.50,-36.4036,-51.3419
48284133,-208.50,-221.50,-52.7341,-53.7833
48288039,-210.50,-214.50,-56.8505,-46.1642
48291945,-235.50,-234.50,-57.2512,-39.7143
48295851,-234.50,-220.50,-65.8705,-41.1777
48299757,-213.50,-200.50,-68.6284,-37.9184
48303663,-224.50,-207.50,-59.9738,-26.9605
48307569,-233.50,-197.50,-55.5204,-18.6138
48311475,-207.50,-207.50,-56.6434,-16.0763
48315381,-194.50,-206.50,-49.6410,-18.0590
48319287,-191.50,-214.50,-35.1530,-21.9243
48323193,-213.50,-212.50,-26.8323,-25.1242
48327099,-210.50,-198.50,-30.4117,-24.0878
48331005,-205.50,-178.50,-36.8112,-14.7520
48334911,-170.50,-175.50,-33.0789,-0.6578
48338817,-156.50,-168.50,-14.8625,10.8205
48342723,-148.50,-156.50,7.9227,19.4785
48346629,-143.50,-147.50,23.9143,28.3312
48350535,-141.50,-148.50,30.5703,35.1614
48354441,-143.50,-158.50,29.8378,35.5821
48358347,-170.50,-172.50,22.0225,28.5557
48362253,-150.50,-170.50,12.9561,19.1672
48366159,-147.50,-167.50,13.7850,14.2151
48370065,-148.50,-185.50,19.8944,10.8330
48373971,-158.50,-197.50,19.7721,1.9589
48377877,-173.50,-172.50,11.7330,-4.3904
48381783,-194.50,-195.50,-1.4764,-2.6592
48385689,-209.50,-214.50,-17.3871,-7.0200
48389595,-221.50,-242.50,-33.7941,-24.9023
48393501,-218.50,-260.50,-46.5664,-48.9175
48397407,-276.50,-348.50,-60.7893,-82.3419
48401313,-292.50,-334.50,-85.0022,-123.7367
48405219,-300.50,-324.50,-108.4906,-146.2337
48409125,-308.50,-319.50,-121.7600,-142.6792
48413031,-335.50,-399.50,-133.0791,-144.6717
48416937,-424.50,-444.50,-160.5511,-176.2677
48420843,-446.50,-488.50,-206.6283,-224.2977
48424749,-481.50,-553.50,-248.9553,-274.1712
48428655,-522.50,-577.50,-282.0713,-323.0502
48432561,-564.50,-613.50,-316.7423,-361.1877
48436467,-619.50,-674.50,-355.1927,-391.6956
48440373,-620.50,-690.50,-387.3536,-421.7283
48444279,-608.50,-687.50,-397.3214,-441.0441
48448185,-652.50,-706.50,-395.6491,-447.0214
48452091,-674.50,-744.50,-406.3998,-454.6150
48455997,-686.50,-749.50,-424.1377,-466.8994
48459903,-669.50,-734.50,-428.6747,-468.7306
48463809,-666.50,-720.50,-416.5522,-454.6006
48467715,-655.50,-704.50,-399.5105,-433.8180
48471621,-675.50,-721.50,-388.7892,-417.0015
48475527,-662.50,-751.50,-383.7625,-412.9200
48479433,-648.50,-734.50,-372.7576,-415.4953
48483339,-626.50,-692.50,-351.5758,-404.5298
48487245,-594.50,-658.50,-324.4057,-373.8877
48491151,-592.50,-655.50,-296.9819,-338.4021
48495057,-575.50,-632.50,-274.3339,-308.3579
48498963,-529.50,-619.50,-248.0186,-280.6635
48502869,-489.50,-585.50,-209.3837,-253.4458
48506775,-461.50,-550.50,-167.0981,-225.3349
48510681,-429.50,-512.50,-130.2280,-192.1637
48514587,-378.50,-443.50,-92.4075,-145.7683
48518493,-345.50,-398.50,-47.8636,-84.3220
48522399,-303.50,-342.50,-3.2150,-21.9126
48526305,-271.50,-274.50,35.5667,34.4927
48530211,-245.50,-245.50,67.8198,85.8409
48534117,-216.50,-243.50,96.4309,123.7664
48538023,-172.50,-211.50,128.0073,147.6795
48541929,-148.50,-162.50,162.4902,172.6192
48545835,-110.50,-143.50,193.5806,201.6648
48549741,-93.50,-125.50,219.6058,224.3404
48553647,-62.50,-107.50,242.9363,241.5173
48557553,-49.50,-100.50,265.1016,258.3978
48561459,-0.50,-77.50,288.1592,273.0056
48565365,55.50,-10.50,319.6165,292.0835
48569271,75.50,23.50,356.9979,324.1684
48573177,95.50,29.50,386.7225,357.7743
48577083,83.50,33.50,401.3910,378.4803
48580989,60.50,24.50,396.0518,383.1449
48584895,50.50,16.50,373.6235,371.9225
48588801,61.50,43.50,351.1246,356.7374
48592707,55.50,42.50,340.3249,353.2315
48596613,54.50,-8.50,337.0988,350.2420
48600519,58.50,-13.50,335.4999,332.1737
48604425,59.50,25.50,332.9862,315.4907
48608331,61.50,38.50,327.8000,316.3989
48612237,58.50,-11.50,321.2783,316.7208
48616143,33.50,-0.50,311.9113,304.1231
48620049,41.50,-15.50,299.4698,292.2634
48623955,21.50,-17.50,286.7961,282.1240
48627861,11.50,-12.50,270.5601,268.6422
48631767,-25.50,-18.50,247.4476,257.3523
48635673,-47.50,-47.50,219.2689,248.1146
48639579,-102.50,-62.50,186.0976,235.2736
48643485,-105.50,-120.50,149.9923,209.5708
48647391,-129.50,-164.50,119.7397,162.7438
48651297,-165.50,-210.50,93.5419,105.2832
48655203,-184.50,-218.50,66.5911,60.5360
48659109,-234.50,-238.50,38.7528,38.7592
48663015,-322.50,-296.50,-4.3170,20.0776
48666921,-404.50,-349.50,-74.0294,-19.7547
48670827,-441.50,-412.50,-151.3562,-77.6106
48674733,-441.50,-409.50,-202.7994,-127.8718
48678639,-478.50,-436.50,-223.2357,-152.2046
48682545,-512.50,-470.50,-237.7272,-165.9653
48686451,-494.50,-495.50,-252.6500,-188.0280
48690357,-527.50,-517.50,-260.3862,-214.2057
48694263,-520.50,-512.50,-265.6234,-231.0670
48698169,-512.50,-474.50,-265.0869,-225.4923
48702075,-480.50,-463.50,-250.5961,-200.3340
48705981,-428.50,-472.50,-219.1763,-178.3301
48709887,-413.50,-480.50,-178.1325,-172.8486
48713793,-422.50,-450.50,-148.2927,-170.3852
48717699,-425.50,-441.50,-138.6972,-156.4248
48721605,-414.50,-415.50,-137.4420,-135.3070
48725511,-419.50,-401.50,-135.0560,-114.0319
48729417,-399.50,-370.50,-130.2458,-91.8213
48733323,-371.50,-326.50,-116.5089,-61.8988
48737229,-368.50,-335.50,-94.2136,-29.8066
48741135,-336.50,-323.50,-71.1879,-11.7388
48745041,-324.50,-283.50,-49.0629,-0.1541
48748947,-293.50,-266.50,-27.8910,19.8718
48752853,-256.50,-210.50,-2.9600,50.1308
48756759,-225.50,-201.50,29.6005,85.8647
48760665,-175.50,-133.50,67.9961,122.2577
48764571,-161.50,-112.50,105.9114,160.3670
48768477,-138.50,-68.50,133.4061,196.4795
48772383,-90.50,-31.50,156.2410,230.2055
48776289,-73.50,9.50,184.0719,265.6243
48780195,-64.50,19.50,208.4375,296.8124
48784101,-45.50,35.50,223.1629,315.5355
48788007,-15.50,23.50,236.1076,320.1077
48791913,-47.50,15.50,244.5279,312.4763
48795819,-53.50,9.50,237.1482,298.8004
48799725,-21.50,25.50,227.8072,289.2008
48803631,25.50,29.50,239.5633,288.0347
48807537,64.50,48.50,271.5018,292.6466
48811443,78.50,71.50,305.3719,302.9872
48815349,81.50,75.50,326.0859,316.3551
48819255,97.50,59.50,334.4001,320.7629
48823161,106.50,82.50,338.4464,315.5425
48827067,105.50,79.50,338.7245,311.8452
48830973,118.50,111.50,335.8193,314.8887
48834879,119.50,113.50,335.2297,324.2291
48838785,137.50,138.50,339.0168,335.4853
48842691,128.50,138.50,342.5101,344.4389
48846597,129.50,138.50,338.3562,346.5219
48850503,146.50,144.50,331.4989,342.0815
48854409,127.50,141.50,327.5754,336.5064
48858315,98.50,112.50,316.2889,325.8002
48862221,109.50,112.50,297.2015,307.2800
48866127,109.50,119.50,283.3612,291.7291
48870033,119.50,112.50,277.8709,283.9311
48873939,125.50,111.50,278.2268,277.6292
48877845,117.50,95.50,280.0748,268.6022
48881751,119.50,91.50,277.7307,256.1062
48885657,129.50,86.50,272.9278,242.9417
48889563,113.50,87.50,266.2099,232.0726
48893469,112.50,96.50,255.4210,226.0477
48897375,109.50,87.50,245.5441,223.8977
48901281,93.50,100.50,237.0578,222.3893
48905187,103.50,111.50,226.8534,223.7261
48909093,99.50,98.50,218.0338,224.4208
48912999,89.50,69.50,209.9613,213.3286
48916905,90.50,63.50,201.8400,191.7719
48920811,98.50,64.50,198.0188,173.7583
48924717,81.50,63.50,194.7121,164.7764
48928623,101.50,62.50,188.0622,159.5919
48932529,87.50,70.50,182.6697,156.3845
48936435,70.50,49.50,175.1909,152.9957
48940341,71.50,37.50,163.6103,142.8204
48944247,71.50,27.50,154.0717,126.5052
48948153,65.50,31.50,146.2390,111.7038
48952059,49.50,11.50,135.5075,100.3571
48955965,27.50,7.50,119.9789,89.1706
48959871,21.50,17.50,102.7938,81.9423
48963777,22.50,-16.50,89.7135,75.9671
48967683,13.50,-19.50,80.3697,61.4578
48971589,-0.50,-17.50,69.5515,46.0546
48975495,-12.50,-25.50,56.8017,38.3510
48979401,-13.50,-25.50,46.4633,34.6491
48983307,-15.50,-33.50,40.0773,30.7935
48987213,-15.50,-28.50,34.7910,25.9233
48991119,-16.50,-42.50,29.7677,20.1290
48995025,-45.50,-46.50,22.5792,12.3712
48998931,-44.50,-61.50,11.3644,2.9750
49002837,-25.50,-53.50,5.2903,-5.2110
49006743,-29.50,-60.50,7.2802,-9.9968
49010649,-23.50,-52.50,9.3797,-12.2256
49014555,-47.50,-60.50,7.1627,-13.1426
49018461,-47.50,-86.50,0.3337,-18.6651
49022367,-36.50,-73.50,-4.7911,-29.1202
49026273,-31.50,-50.50,-4.5415,-30.8239
49030179,-28.50,-59.50,-2.7323,-23.1657
49034085,-63.50,-104.50,-6.1467,-26.2782
49037991,-92.50,-132.50,-21.9640,-49.6757
49041897,-98.50,-116.50,-45.0493,-74.6059
49045803,-40.50,-63.50,-53.8763,-74.7903
49049709,-15.50,-72.50,-35.3598,-53.6133
49053615,-34.50,-94.50,-9.6668,-40.8057
49057521,-47.50,-95.50,-0.8649,-44.8576
49061427,-64.50,-92.50,-9.0575,-50.9539
49065333,-60.50,-99.50,-24.5886,-55.2821
49069239,-58.50,-82.50,-37.6872,-59.1660
49073145,-49.50,-79.50,-41.1289,-56.7696
49077051,-54.50,-75.50,-34.9373,-47.6980
49080957,-64.50,-90.50,-28.8824,-41.1934
49084863,-79.50,-89.50,-34.0822,-44.4994
49088769,-90.50,-98.50,-51.0617,-54.8168
49092675,-79.50,-76.50,-66.3787,-60.9222
49096581,-74.50,-46.50,-66.6089,-49.7876
49100487,-79.50,-31.50,-57.1663,-23.9810
49104393,-78.50,-47.50,-52.0296,-5.2781
49108299,-75.50,-36.50,-54.3568,-4.3468
49112205,-70.50,-47.50,-57.5596,-10.8829
49116111,-66.50,-52.50,-55.1356,-17.1351
49120017,-76.50,-76.50,-49.5611,-25.2867
49123923,-84.50,-90.50,-49.9238,-39.4684
49127829,-80.50,-94.50,-57.3049,-56.5560
49131735,-93.50,-116.50,-66.2224,-71.8491
49135641,-111.50,-128.50,-75.8517,-86.0661
49139547,-76.50,-112.50,-78.5583,-93.5192
49143453,-108.50,-125.50,-73.0117,-92.3669
49147359,-116.50,-160.50,-77.1400,-98.5195
49151269,-120.50,-169.50,-91.3318,-118.1675
49155175,-143.50,-156.50,-104.1543,-133.1259
49159081,-140.50,-160.50,-113.1552,-132.9997
49162987,-141.50,-156.50,-116.4000,-127.2711
49166893,-143.50,-161.50,-117.1366,-124.4250
49170799,-158.50,-194.50,-121.5949,-130.3347
49174705,-160.50,-196.50,-128.6774,-144.7867
49178611,-143.50,-173.50,-128.9824,-151.8586
49182517,-142.50,-143.50,-120.1737,-139.7237
49186423,-136.50,-131.50,-111.7343,-116.2923
49190329,-141.50,-130.50,-108.8708,-96.6278
49194235,-144.50,-128.50,-109.4411,-86.3272
49198141,-146.50,-132.50,-109.9061,-82.9526
49202047,-146.50,-143.50,-109.4359,-86.2720
49205953,-130.50,-143.50,-107.3072,-94.4403
49209859,-112.50,-151.50,-99.2568,-101.5449
49213765,-109.50,-165.50,-85.8027,-106.8815
49217671,-98.50,-153.50,-72.0882,-110.0939
49221577,-80.50,-142.50,-58.5736,-106.7271
49225483,-80.50,-142.50,-47.0392,-99.5903
49229389,-98.50,-112.50,-45.5682,-89.9280
49233295,-109.50,-125.50,-55.2965,-76.8193
49237201,-87.50,-125.50,-62.0530,-69.0320
49241107,-95.50,-160.50,-58.1419,-74.9631
49245013,-108.50,-175.50,-56.5327,-94.8330
49248919,-145.50,-182.50,-69.5848,-116.8522
49252825,-157.50,-198.50,-92.8863,-130.9207
49256731,-157.50,-181.50,-110.7593,-135.3585
49260637,-158.50,-167.50,-116.3493,-127.9765
49264543,-132.50,-158.50,-112.0542,-113.9416
49268449,-133.50,-175.50,-100.7977,-105.3624
49272355,-174.50,-187.50,-97.1228,-108.4195
49276261,-168.50,-164.50,-107.4804,-112.7305
49280167,-152.50,-143.50,-114.3377,-104.3950
49284073,-148.50,-130.50,-109.8126,-86.7729
49287979,-142.50,-132.50,-102.2762,-71.8809
49291885,-143.50,-135.50,-95.4093,-64.9561
49295791,-160.50,-175.50,-92.0678,-70.0011
49299697,-157.50,-168.50,-94.8886,-86.0624
49303603,-162.50,-175.50,-100.6677,-100.3374
49307509,-158.50,-169.50,-105.4604,-105.7777
49311415,-160.50,-136.50,-105.9826,-98.1043
49315321,-156.50,-148.50,-101.3196,-80.1147
49319227,-169.50,-156.50,-97.1676,-70.1512
49323133,-177.50,-152.50,-101.0317,-72.8962
49327039,-175.50,-168.50,-109.9416,-80.1473
49330945,-172.50,-169.50,-113.8199,-87.9590
49334851,-166.50,-184.50,-109.0013,-94.1381
49338757,-189.50,-182.50,-104.1017,-98.7261
49342663,-196.50,-175.50,-109.5344,-100.2242
49346569,-204.50,-162.50,-121.7038,-95.8701
49350475,-186.50,-189.50,-127.8588,-91.8199
49354381,-168.50,-205.50,-118.9929,-97.7889
49358287,-169.50,-204.50,-101.5318,-109.0189
49362193,-175.50,-200.50,-90.9167,-114.8878
49366099,-175.50,-189.50,-90.9740,-113.3145
49370005,-185.50,-186.50,-95.8805,-106.3222
49373911,-186.50,-193.50,-100.9022,-98.7386
49377817,-172.50,-202.50,-100.4161,-96.3344
49381723,-156.50,-193.50,-90.7049,-98.2209
49385629,-164.50,-207.50,-79.0255,-101.6385
49389535,-158.50,-207.50,-73.5108,-106.7245
49393441,-143.50,-207.50,-68.6832,-108.9986
49397347,-134.50,-208.50,-58.3774,-106.0984
49401253,-124.50,-208.50,-46.1606,-102.8474
49405159,-104.50,-174.50,-33.8796,-96.9133
49409065,-80.50,-137.50,-17.7022,-77.7098
49412971,-70.50,-120.50,1.8408,-46.6505
49416877,-85.50,-108.50,14.4572,-17.5969
49420783,-69.50,-94.50,16.6108,2.0963
49424689,-78.50,-93.50,15.6882,12.2804
49428595,-99.50,-99.50,9.9045,13.1503
49432501,-132.50,-111.50,-7.1055,7.1756
49436407,-142.50,-152.50,-30.3002,-6.4082
49440313,-144.50,-160.50,-47.7170,-27.9142
49444219,-141.50,-141.50,-54.4573,-43.5839
49448125,-136.50,-142.50,-53.4775,-44.6371
49452031,-148.50,-141.50,-50.6338,-39.3301
49455937,-152.50,-131.50,-51.2391,-32.1379
49459843,-158.50,-162.50,-55.1053,-28.4251
49463749,-153.50,-157.50,-59.1086,-35.5990
49467655,-159.50,-176.50,-61.5991,-48.7992
49471561,-168.50,-180.50,-64.2857,-61.4931
49475467,-175.50,-194.50,-68.3113,-70.5457
49479373,-150.50,-191.50,-67.7743,-74.6457
49483279,-148.50,-192.50,-59.1786,-75.3405
49487185,-153.50,-201.50,-51.5812,-77.2247
49491091,-159.50,-193.50,-51.1534,-80.5032
49494997,-161.50,-207.50,-53.5031,-81.2095
49498903,-159.50,-206.50,-54.4508,-81.0720
49502809,-143.50,-204.50,-51.7958,-81.0692
49506715,-143.50,-206.50,-45.7442,-81.3195
49510621,-138.50,-192.50,-39.2905,-80.1235
49514527,-130.50,-174.50,-31.9608,-70.6889
49518433,-136.50,-156.50,-25.0745,-51.9049
49522339,-143.50,-152.50,-25.0401,-32.7246
49526245,-130.50,-174.50,-29.0732,-26.2588
49530151,-128.50,-190.50,-28.0691,-36.8646
49534057,-148.50,-192.50,-25.6244,-52.4352
49537963,-142.50,-186.50,-27.9629,-59.1894
49541869,-122.50,-184.50,-27.5307,-56.6830
49545775,-143.50,-194.50,-24.0158,-54.1511
49549681,-150.50,-202.50,-27.6506,-57.5050
49553587,-146.50,-207.50,-33.9518,-63.5442
49557493,-154.50,-212.50,-35.6522,-68.0742
49561399,-162.50,-214.50,-38.2334,-71.2610
49565305,-148.50,-165.50,-42.1363,-65.6345
49569211,-137.50,-143.50,-39.0901,-42.4290
49573117,-126.50,-161.50,-27.4951,-17.5402
49577023,-127.50,-174.50,-14.5753,-11.4621
49580929,-132.50,-168.50,-8.7042,-18.4795
49584835,-140.50,-152.50,-12.3571,-21.8587
49588741,-138.50,-153.50,-19.6613,-17.7517
49592647,-123.50,-144.50,-20.5477,-11.0288
49596553,-137.50,-156.50,-15.1146,-5.2738
49600459,-143.50,-187.50,-14.2822,-9.2005
49604365,-148.50,-192.50,-20.3533,-25.8600
49608271,-145.50,-207.50,-26.5557,-44.9918
49612177,-141.50,-176.50,-27.6858,-53.0369
49616083,-120.50,-176.50,-20.7213,-43.8504
49619989,-114.50,-158.50,-7.2072,-26.6589
49623895,-112.50,-185.50,4.4906,-16.8830
49627801,-111.50,-190.50,9.3562,-22.7349
49631707,-141.50,-191.50,5.1328,-34.8893
49635613,-137.50,-186.50,-6.7703,-39.8539
49639519,-113.50,-172.50,-11.5798,-34.6771
49643425,-102.50,-142.50,-1.6670,-19.5190
49647331,-125.50,-157.50,7.8803,-2.8557
49651237,-162.50,-166.50,-0.4611,1.2172
49655143,-175.50,-158.50,-23.6857,-3.5401
49659049,-146.50,-136.50,-39.4695,-1.2740
49662955,-133.50,-136.50,-34.6838,9.3957
49666861,-142.50,-114.50,-22.3176,21.0763
49670767,-143.50,-114.50,-16.4206,32.1765
49674673,-143.50,-128.50,-14.8815,37.7829
49678579,-129.50,-118.50,-12.0671,36.1477
49682485,-126.50,-133.50,-7.5493,32.0281
49686391,-111.50,-137.50,-1.9328,24.7780
49690297,-104.50,-127.50,7.4309,18.9018
49694203,-109.50,-122.50,17.8539,21.3407
49698109,-128.50,-117.50,19.0848,28.8272
49702015,-124.50,-124.50,9.5068,33.5034
49705921,-129.50,-150.50,-0.9070,27.7460
49709827,-132.50,-129.50,-6.1924,16.8395
49713733,-124.50,-141.50,-5.2238,13.0487
49717639,-133.50,-115.50,-1.1837,17.3909
49721545,-143.50,-120.50,-3.1716,26.1293
49725451,-124.50,-100.50,-8.5857,35.4163
49729357,-125.50,-101.50,-7.0808,43.9560
49733263,-141.50,-109.50,-3.3863,48.2842
49737169,-145.50,-111.50,-5.9969,45.5945
49741075,-132.50,-111.50,-9.9811,40.6988
49744981,-112.50,-111.50,-6.3327,37.3977
49748887,-111.50,-105.50,4.2776,36.9943
49752793,-111.50,-84.50,14.0004,42.8507
49756699,-130.50,-82.50,16.1979,54.4009
49760605,-130.50,-108.50,9.5548,58.8659
49764511,-136.50,-136.50,-0.4534,45.3499
49768417,-143.50,-126.50,-9.4302,24.7445
49772323,-137.50,-72.50,-13.9076,23.4930
49776229,-94.50,-12.50,-4.2361,55.5557
49780135,-67.50,-63.50,22.5275,92.6142
49784041,-148.50,-152.50,36.1334,84.7095
49787947,-188.50,-177.50,7.6883,31.9758
49791853,-173.50,-186.50,-33.6338,-19.7660
49795759,-180.50,-214.50,-51.3490,-51.3411
49799665,-193.50,-239.50,-54.5835,-74.2801
49803571,-205.50,-273.50,-60.8853,-95.9722
49807477,-233.50,-284.50,-73.2128,-115.1096
49811383,-222.50,-271.50,-85.1493,-125.7662
49815289,-222.50,-287.50,-88.1421,-129.4486
49819195,-245.50,-285.50,-89.5508,-133.4257
49823101,-242.50,-271.50,-97.2171,-131.4575
49827007,-214.50,-252.50,-97.5495,-116.0127
49830913,-178.50,-239.50,-77.5381,-94.7268
49834819,-216.50,-264.50,-54.8078,-84.7068
49838725,-181.50,-252.50,-47.5900,-89.4086
49842631,-181.50,-239.50,-43.2695,-89.8819
49846537,-186.50,-254.50,-36.6668,-81.1368
49850443,-192.50,-246.50,-35.1918,-75.7000
49854349,-201.50,-237.50,-38.9534,-74.0284
49858255,-188.50,-238.50,-42.9647,-71.4670
49862161,-175.50,-237.50,-39.6947,-67.6035
49866067,-174.50,-258.50,-30.1293,-65.6487
49869973,-168.50,-253.50,-20.7886,-68.9333
49873879,-168.50,-256.50,-14.1359,-74.1068
49877785,-175.50,-238.50,-12.3434,-74.9839
49881691,-178.50,-211.50,-16.2165,-63.6278
49885597,-196.50,-234.50,-24.0148,-45.8388
49889503,-188.50,-225.50,-31.5268,-37.3845
49893409,-173.50,-218.50,-30.4131,-36.2262
49897315,-153.50,-218.50,-18.2282,-35.4590
49901221,-160.50,-191.50,-4.4104,-30.1779
49905127,-166.50,-188.50,0.5593,-15.8213
49909033,-172.50,-168.50,-2.5975,2.2858
49912939,-174.50,-182.50,-7.5378,14.1494
49916845,-172.50,-188.50,-11.0786,12.6114
49920751,-155.50,-175.50,-9.7853,6.0069
49924657,-145.50,-177.50,-0.8618,6.8302
49928563,-149.50,-192.50,10.3846,9.5356
49932469,-152.50,-192.50,15.8195,6.0322
49936375,-165.50,-190.50,12.6899,0.3004
49940281,-186.50,-204.50,0.5115,-4.7231
49944187,-177.50,-208.50,-13.6732,-10.4594
49948093,-205.50,-222.50,-23.1268,-16.5091
49951999,-208.50,-218.50,-31.9973,-22.1083
49955905,-210.50,-204.50,-39.8360,-23.1923
49959811,-177.50,-193.50,-38.0989,-16.4741
49963717,-173.50,-173.50,-24.6698,-2.7986
49967623,-170.50,-175.50,-9.8032,13.2233
49971529,-165.50,-191.50,-0.3413,20.3315
49975435,-168.50,-194.50,4.4890,14.1606
49979341,-175.50,-205.50,3.2430,2.4715
49983247,-180.50,-207.50,-3.2955,-7.3819
49987153,-175.50,-207.50,-8.5514,-11.4604
49991059,-137.50,-193.50,-1.5460,-8.0908
49994965,-73.50,-146.50,28.2446,7.1087
49998871,-88.50,-145.50,67.0866,31.5010
50002777,-152.50,-178.50,75.7395,43.6215
50006683,-175.50,-198.50,45.2322,32.2740
50010589,-175.50,-175.50,9.7849,16.7895
50014495,-170.50,-170.50,-6.7096,15.1348
50018401,-164.50,-169.50,-7.6994,20.7294
50022307,-171.50,-159.50,-3.5708,26.2137
50026213,-164.50,-158.50,1.1352,33.7187
50030119,-154.50,-164.50,8.1667,39.6718
50034025,-156.50,-148.50,14.6691,41.3648
50037931,-154.50,-130.50,15.4493,45.5079
50041837,-154.50,-127.50,13.7470,54.9300
50045743,-153.50,-121.50,15.0171,65.3910
50049649,-158.50,-121.50,17.8619,73.5160
50053555,-143.50,-118.50,19.8719,76.6868
50057461,-132.50,-125.50,23.8886,73.5237
50061367,-134.50,-120.50,29.9675,67.8383
50065273,-139.50,-111.50,34.0968,67.9162
50069179,-160.50,-127.50,31.9128,71.9985
50073085,-146.50,-106.50,24.5193,73.7154
50076991,-144.50,-113.50,20.0001,74.4214
50080897,-148.50,-106.50,19.3633,74.3492
50084803,-169.50,-143.50,16.4930,69.2203
50088709,-173.50,-152.50,9.6330,55.5634
50092615,-166.50,-149.50,3.8677,41.0283
50096521,-168.50,-159.50,1.3517,31.6792
50100427,-156.50,-148.50,1.3511,26.2166
50104333,-164.50,-162.50,4.9803,25.0943
50108239,-175.50,-161.50,7.5425,25.3575
50112145,-161.50,-148.50,7.0863,27.1312
50116051,-144.50,-144.50,10.0677,31.4056
50119957,-141.50,-149.50,17.3935,33.3432
50123863,-120.50,-159.50,27.9719,30.6389
50127769,-112.50,-155.50,43.6497,27.5455
50131675,-127.50,-149.50,55.2332,28.4368
50135581,-144.50,-152.50,50.0350,30.0070
50139487,-130.50,-143.50,35.9193,29.4461
50143393,-122.50,-146.50,31.4989,30.4349
50147299,-97.50,-141.50,42.7334,34.5049
50151205,-93.50,-122.50,61.5007,42.1730
50155111,-100.50,-109.50,72.7461,53.1196
50159017,-98.50,-121.50,71.1630,59.9552
50162923,-82.50,-111.50,68.6071,60.3294
50166829,-97.50,-115.50,70.9904,61.4056
50170735,-96.50,-125.50,71.3309,61.6549
50174641,-108.50,-143.50,66.2561,52.9368
50178547,-120.50,-145.50,55.7879,37.4160
50182453,-133.50,-132.50,41.6605,28.4030
50186359,-132.50,-160.50,30.2504,27.5012
50190269,-143.50,-175.50,24.2728,20.7959
50194175,-149.50,-181.50,18.9780,6.3625
50198081,-138.50,-182.50,14.3377,-6.5537
50201987,-133.50,-156.50,15.5046,-8.6476
50205893,-120.50,-128.50,22.9171,6.9269
50209799,-114.50,-125.50,33.6345,31.5128
50213705,-131.50,-111.50,39.4211,49.7746
50217611,-136.50,-117.50,34.0187,57.1491
50221517,-140.50,-162.50,23.6980,48.5322
50225423,-140.50,-143.50,16.7129,29.3787
50229329,-143.50,-156.50,14.2680,18.2501
50233235,-165.50,-175.50,10.1748,11.8744
50237141,-160.50,-172.50,1.4890,1.7975
50241047,-145.50,-168.50,-2.2868,-4.4218
50244953,-136.50,-154.50,4.3462,-1.0806
50248859,-133.50,-138.50,14.7583,10.7783
50252765,-156.50,-153.50,18.3080,21.7413
50256671,-174.50,-157.50,8.5117,21.6171
50260577,-170.50,-129.50,-6.8313,19.5213
50264483,-175.50,-138.50,-16.4162,25.2869
50268389,-156.50,-145.50,-16.7287,29.2666
50272295,-158.50,-130.50,-9.0994,28.8694
50276201,-153.50,-158.50,-0.3362,26.7562
50280107,-125.50,-193.50,9.2823,12.6575
50284013,-117.50,-188.50,23.2390,-10.1050
50287919,-121.50,-193.50,34.2151,-24.3050
50291825,-128.50,-175.50,36.0162,-25.0349
50295731,-124.50,-172.50,33.2698,-16.8067
50299637,-120.50,-162.50,32.3702,-6.1779
50303543,-111.50,-143.50,34.5378,5.4369
50307449,-90.50,-157.50,41.4084,15.3344
50311355,-79.50,-147.50,54.6744,17.9830
50315261,-64.50,-149.50,70.7819,17.4269
50319167,-46.50,-136.50,86.5014,19.4574
50323073,-52.50,-109.50,97.3795,29.0751
50326979,-47.50,-109.50,99.5021,44.7026
50330885,-74.50,-117.50,93.4279,53.7701
50334791,-111.50,-111.50,75.6224,53.2654
50338697,-136.50,-111.50,46.4303,51.2712
50342603,-147.50,-126.50,16.9132,48.0487
50346509,-145.50,-134.50,-2.2031,39.6230
50350415,-137.50,-123.50,-6.8167,31.9691
50354321,-130.50,-124.50,-0.0003,31.4862
50358227,-141.50,-132.50,7.9664,32.6104
50362133,-132.50,-168.50,9.9026,24.1887
50366039,-145.50,-166.50,6.9087,6.4273
50369945,-164.50,-172.50,-2.1353,-7.7330
50373851,-146.50,-148.50,-11.2950,-9.7601
50377757,-143.50,-152.50,-9.7759,-2.0768
50381663,-149.50,-175.50,-3.8807,1.5588
50385569,-148.50,-179.50,-3.2732,-6.0557
50389475,-156.50,-149.50,-6.6988,-10.5399
50393381,-149.50,-153.50,-9.3596,-3.5974
50397287,-162.50,-152.50,-10.2893,3.6705
50401193,-158.50,-165.50,-12.6237,3.8836
50405099,-137.50,-160.50,-11.7717,0.6797
50409005,-156.50,-175.50,-6.8615,-3.3712
50412911,-156.50,-176.50,-6.6495,-10.3020
50416817,-160.50,-160.50,-10.2213,-14.7934
50420723,-161.50,-180.50,-13.3340,-13.8015
50424629,-147.50,-180.50,-13.8068,-14.6399
50428535,-123.50,-113.50,-5.8535,-6.3585
50432441,-65.50,-60.50,18.5865,28.1500
50436347,-110.50,-149.50,46.6971,56.7954
50440253,-187.50,-212.50,39.3044,34.0097
50444159,-184.50,-175.50,-3.1069,-11.2277
50448065,-178.50,-158.50,-36.2842,-25.6356
50451971,-178.50,-158.50,-44.3710,-15.4527
50455877,-185.50,-227.50,-42.0218,-18.1190
50459783,-223.50,-274.50,-45.3277,-49.6490
50463689,-207.50,-273.50,-55.9931,-87.7206
50467595,-213.50,-303.50,-62.7728,-112.8601
50471501,-212.50,-284.50,-65.2351,-128.6646
50475407,-258.50,-300.50,-73.9843,-135.3259
50479313,-288.50,-315.50,-95.4080,-136.1197
50483219,-266.50,-335.50,-115.2451,-139.0596
50487125,-236.50,-324.50,-113.3268,-144.8528
50491031,-204.50,-272.50,-91.2989,-141.3177
50494937,-209.50,-282.50,-65.6657,-123.7160
50498843,-201.50,-274.50,-48.0286,-105.3113
50502749,-172.50,-283.50,-32.9392,-92.3850
50506655,-174.50,-256.50,-17.6176,-82.6803
50510561,-174.50,-252.50,-11.8703,-75.0876
50514467,-187.50,-253.50,-16.4599,-71.7769
50518373,-192.50,-237.50,-22.7186,-67.1649
50522279,-196.50,-223.50,-25.6727,-51.4814
50526185,-198.50,-208.50,-28.0131,-30.3590
50530091,-194.50,-202.50,-32.4153,-16.7334
50533997,-189.50,-207.50,-34.4000,-14.8584
50537903,-175.50,-208.50,-27.6318,-17.2627
50541809,-143.50,-205.50,-8.9473,-14.4404
50545715,-147.50,-188.50,12.7025,-5.3399
50549621,-131.50,-185.50,24.2189,3.0933
50553527,-109.50,-172.50,31.7553,7.0137
50557433,-96.50,-153.50,46.4175,14.8906
50561339,-90.50,-128.50,64.1263,35.1632
50565245,-78.50,-117.50,76.9091,60.7073
50569151,-85.50,-121.50,80.9628,74.9559
50573057,-69.50,-140.50,79.7406,69.7900
50576963,-69.50,-111.50,82.0614,60.3441
50580869,-63.50,-108.50,88.7163,65.8974
50584775,-53.50,-132.50,95.5340,74.7830
50588681,-66.50,-116.50,97.3311,71.7410
50592587,-85.50,-111.50,88.0468,66.3936
50596493,-102.50,-124.50,70.7801,64.4361
50600399,-111.50,-125.50,54.4366,62.5717
50604305,-111.50,-125.50,43.6644,61.6569
50608211,-102.50,-128.50,39.1196,59.8109
50612117,-111.50,-142.50,37.9925,52.0563
50616023,-131.50,-150.50,33.5285,39.7643
50619929,-114.50,-154.50,28.0251,30.6786
50623835,-139.50,-138.50,24.9617,30.6927
50627741,-156.50,-158.50,14.3174,33.3914
50631647,-180.50,-172.50,-6.7169,25.6270
50635553,-200.50,-143.50,-29.6121,16.1321
50639459,-202.50,-170.50,-46.1779,16.8266
50643365,-184.50,-198.50,-49.9302,12.5636
50647271,-104.50,-168.50,-30.6971,1.4660
50651177,-121.50,-173.50,5.3514,-1.3050
50655083,-180.50,-197.50,19.2067,-2.9078
50658989,-177.50,-175.50,0.3619,-7.2379
50662895,-160.50,-169.50,-17.0362,-2.3110
50666801,-175.50,-178.50,-21.4123,6.0387
50670707,-162.50,-165.50,-23.6533,7.6716
50674613,-148.50,-170.50,-19.2471,6.9902
50678519,-152.50,-160.50,-6.1151,9.1411
50682425,-155.50,-146.50,3.0531,17.3092
50686331,-143.50,-160.50,3.4895,25.7508
50690237,-128.50,-162.50,3.9702,24.1925
50694143,-118.50,-161.50,12.0532,17.0060
50698049,-127.50,-161.50,23.6751,13.6714
50701955,-143.50,-147.50,26.9501,17.3156
50705861,-134.50,-128.50,19.6966,28.1760
50709767,-136.50,-166.50,11.2823,34.2103
50713673,-130.50,-190.50,8.3176,20.4439
50717579,-141.50,-193.50,10.5476,-2.5535
50721485,-138.50,-171.50,13.3074,-12.2384
50725391,-124.50,-156.50,15.5751,-3.5565
50729297,-96.50,-143.50,22.5188,12.5374
50733203,-111.50,-109.50,32.4407,31.2542
50737109,-115.50,-88.50,36.8493,55.7785
50741015,-141.50,-144.50,32.2331,69.2119
50744921,-140.50,-178.50,19.9783,50.0308
50748827,-109.50,-175.50,11.9302,15.2338
50752733,-100.50,-162.50,18.7299,-3.5006
50756639,-110.50,-145.50,31.3181,0.8279
50760545,-111.50,-124.50,38.3666,19.1098
50764451,-108.50,-126.50,39.5140,38.5365
50768357,-122.50,-150.50,34.0126,44.0575
50772263,-144.50,-144.50,18.9030,34.5623
50776169,-150.50,-180.50,1.2128,19.0730
50780075,-124.50,-192.50,-2.9969,-0.5468
50783981,-117.50,-164.50,9.1118,-12.5981
50787887,-113.50,-138.50,21.4171,-3.0919
50791793,-112.50,-128.50,24.7764,18.8148
50795699,-121.50,-129.50,23.5319,35.4675
50799605,-89.50,-121.50,27.5459,42.8583
50803511,-88.50,-143.50,40.4827,42.7542
50807417,-85.50,-138.50,50.0896,35.4547
50811323,-78.50,-121.50,51.4122,30.7250
50815229,-97.50,-111.50,49.4523,36.4372
50819135,-97.50,-118.50,45.3420,45.4533
50823041,-92.50,-124.50,42.2354,48.3466
50826947,-79.50,-129.50,42.6740,44.1878
50830853,-79.50,-85.50,45.1203,44.4337
50834759,-88.50,-73.50,46.4107,58.9276
50838665,-79.50,-60.50,47.5280,79.0902
50842571,-68.50,-79.50,52.5359,90.8020
50846477,-60.50,-88.50,59.0104,87.9071
50850383,-69.50,-63.50,60.5410,80.3801
50854289,-88.50,-45.50,54.1926,83.3644
50858195,-90.50,-68.50,44.5980,90.4309
50862101,-124.50,-76.50,32.8486,88.0585
50866007,-97.50,-89.50,19.3073,78.1858
50869913,-116.50,-99.50,10.9547,65.2798
50873819,-122.50,-111.50,5.4769,49.5087
50877725,-125.50,-77.50,1.2831,40.9256
50881631,-112.50,-68.50,2.8248,50.6265
50885537,-110.50,-69.50,7.4169,67.9095
50889443,-86.50,-112.50,12.8026,69.4712
50893349,-92.50,-111.50,20.6236,50.2238
50897255,-92.50,-143.50,27.9243,24.7449
50901161,-111.50,-165.50,28.5985,0.2198
50905067,-136.50,-160.50,16.1211,-18.0928
50908973,-156.50,-169.50,-8.9251,-25.1394
50912879,-171.50,-155.50,-34.8707,-25.6202
50916785,-175.50,-161.50,-50.6658,-23.7071
50920691,-175.50,-203.50,-54.5047,-29.1543
50924597,-194.50,-193.50,-56.4490,-43.8163
50928503,-204.50,-162.50,-66.3913,-47.6077
50932409,-188.50,-162.50,-76.0409,-35.5845
50936315,-188.50,-171.50,-73.6982,-26.4283
50940221,-175.50,-184.50,-62.8168,-28.6753
50944127,-175.50,-177.50,-52.1147,-33.8518
50948033,-182.50,-205.50,-48.6789,-39.1736
50951939,-203.50,-216.50,-55.6337,-52.1589
50955845,-225.50,-248.50,-70.5058,-73.3189
50959751,-254.50,-270.50,-90.1564,-97.2145
50963657,-291.50,-264.50,-115.7024,-114.1630
50967563,-297.50,-309.50,-143.6752,-125.0812
50971469,-316.50,-362.50,-164.5692,-149.9230
50975375,-284.50,-300.50,-169.8271,-175.8260
50979281,-308.50,-287.50,-161.3417,-169.1137
50983187,-350.50,-310.50,-162.4319,-146.3812
50987093,-388.50,-361.50,-187.4214,-146.2430
50990999,-429.50,-412.50,-225.7310,-177.5869
50994905,-414.50,-438.50,-256.4382,-222.8773
50998811,-430.50,-481.50,-266.3556,-264.0198
51002717,-447.50,-493.50,-267.3357,-294.9614
51006623,-512.50,-512.50,-281.0717,-312.8513
51010529,-540.50,-513.50,-313.3937,-319.3719
51014435,-575.50,-532.50,-350.1106,-321.8683
51018341,-574.50,-584.50,-375.8074,-334.0863
51022247,-568.50,-566.50,-382.6860,-354.0148
51026153,-572.50,-555.50,-374.6754,-358.1900
51030059,-566.50,-558.50,-362.5426,-345.2285
51033965,-547.50,-544.50,-347.8694,-330.1076
51037871,-538.50,-559.50,-329.7380,-319.1986
51041777,-527.50,-557.50,-311.8724,-314.5696
51045683,-526.50,-550.50,-296.8340,-310.5040
51049589,-512.50,-512.50,-283.0894,-296.3418
51053495,-493.50,-480.50,-266.2934,-267.3631
51057401,-490.50,-447.50,-247.8728,-229.3178
51061307,-456.50,-453.50,-229.3436,-195.9034
51065213,-437.50,-465.50,-205.3122,-180.2399
51069119,-401.50,-466.50,-174.5061,-180.6786
51073025,-367.50,-401.50,-138.7652,-174.1657
51076931,-362.50,-363.50,-105.8305,-142.1817
51080837,-300.50,-329.50,-76.8943,-95.5706
51084743,-262.50,-305.50,-39.3517,-52.1117
51088649,-265.50,-284.50,-1.2400,-18.0567
51092555,-274.50,-249.50,16.9086,8.6018
51096461,-244.50,-248.50,21.2204,29.4060
51100367,-158.50,-223.50,42.0098,44.2584
51104273,-130.50,-191.50,88.9014,62.9728
51108179,-175.50,-149.50,125.3096,93.4625
51112085,-173.50,-109.50,126.7080,131.3062
51115991,-147.50,-76.50,118.6815,168.2287
51119897,-120.50,-98.50,125.4087,191.8464
51123803,-75.50,-70.50,147.0423,199.5241
51127709,-43.50,-53.50,179.7176,207.3046
51131615,-19.50,-45.50,216.2447,219.1288
51135521,25.50,-17.50,251.1859,229.6297
51139427,62.50,51.50,284.5029,251.5217
51143333,64.50,74.50,308.8798,291.2926
51147239,54.50,83.50,315.4696,327.8263
51151145,46.50,74.50,309.0280,341.6790
51155051,30.50,87.50,297.3935,337.2838
51158957,26.50,53.50,281.6476,324.1643
51162863,32.50,16.50,265.9939,299.5156
51166769,10.50,17.50,253.6984,269.5957
51170675,-18.50,15.50,238.9582,250.2413
51174581,-18.50,11.50,221.6252,240.8504
51178487,-12.50,35.50,209.4512,237.9642
51182393,-1.50,62.50,204.4003,247.8432
51186299,14.50,66.50,206.5989,266.3958
51190205,-14.50,21.50,210.9119,270.8699
51194111,-35.50,-1.50,204.4023,247.8469
51198017,-42.50,-15.50,186.1088,213.0442
51201923,-38.50,-62.50,166.9973,179.7861
51205829,-45.50,-56.50,153.9466,150.7022
51209735,-90.50,-75.50,140.9726,132.1334
51213641,-110.50,-104.50,120.2981,116.5925
51217547,-101.50,-79.50,100.2589,101.4142
51221453,-140.50,-126.50,82.8730,90.5305
51225359,-175.50,-153.50,55.3264,71.3593
51229269,-232.50,-176.50,16.4352,42.8692
51233175,-302.50,-228.50,-30.5586,10.4774
51237081,-341.50,-280.50,-83.7425,-31.6772
51240987,-377.50,-339.50,-134.9253,-83.6087
51244893,-422.50,-370.50,-180.3799,-134.8375
51248799,-527.50,-432.50,-230.5497,-179.6713
51252705,-538.50,-469.50,-284.6153,-222.7935
51256611,-529.50,-512.50,-316.0881,-264.3342
51260517,-528.50,-538.50,-319.5751,-299.7844
51264423,-581.50,-560.50,-323.1737,-325.8745
51268329,-572.50,-550.50,-336.3645,-338.1194
51272235,-553.50,-559.50,-335.9221,-337.0001
51276141,-536.50,-569.50,-314.8812,-333.1305
51280047,-522.50,-590.50,-291.7144,-335.5651
51283953,-512.50,-591.50,-275.8282,-341.8512
51287859,-512.50,-594.50,-262.9261,-344.4964
51291765,-512.50,-592.50,-249.1892,-341.6006
51295671,-495.50,-559.50,-235.0239,-330.3190
51299577,-488.50,-540.50,-223.0218,-306.4263
51303483,-462.50,-512.50,-212.1276,-274.9963
51307389,-463.50,-486.50,-196.9578,-242.0664
51311295,-428.50,-462.50,-173.9892,-210.4207
51315201,-384.50,-424.50,-139.8373,-179.3979
51319107,-367.50,-383.50,-102.8672,-143.8442
51323013,-367.50,-371.50,-80.1259,-106.9172
51326919,-303.50,-354.50,-61.6397,-78.3965
51330825,-283.50,-303.50,-26.7910,-52.8869
51334731,-252.50,-303.50,14.6667,-24.8138
51338637,-246.50,-289.50,43.3362,-4.1937
51342543,-239.50,-245.50,54.6944,13.6680
51346449,-222.50,-225.50,59.8274,40.2656
51350355,-194.50,-207.50,74.3235,68.0543
51354261,-164.50,-184.50,100.4750,89.8559
51358167,-144.50,-172.50,127.8061,107.4693
51362073,-132.50,-123.50,146.6544,127.6825
51365979,-109.50,-73.50,160.1866,160.6527
51369885,-100.50,-45.50,175.7568,202.0188
51373791,-80.50,-8.50,192.2957,239.0351
51377697,-63.50,-15.50,206.3397,264.0230
51381603,-40.50,-26.50,218.4117,269.7536
51385509,-16.50,-8.50,233.1678,263.3183
51389415,-22.50,19.50,249.1519,264.0054
51393321,-12.50,23.50,258.4713,274.8028
51397227,-15.50,33.50,259.2378,285.1567
51401133,-18.50,43.50,252.6008,292.3319
51405039,18.50,67.50,249.1690,300.8139
51408945,31.50,64.50,261.2097,309.1141
51412851,47.50,93.50,281.1203,314.8496
51416757,51.50,87.50,295.0636,320.5626
51420663,58.50,91.50,298.7256,323.5273
51424569,54.50,90.50,295.2615,321.5783
51428475,50.50,94.50,289.0716,316.8529
51432381,53.50,94.50,283.5876,310.8194
51436287,51.50,103.50,279.3922,306.4887
51440193,55.50,101.50,274.2344,305.4231
51444099,64.50,102.50,270.1451,304.4032
51448005,64.50,100.50,269.8738,300.1199
51451911,48.50,117.50,268.0742,295.5374
51455817,30.50,105.50,256.7980,292.8598
51459723,48.50,112.50,241.4859,289.4307
51463629,48.50,116.50,233.8695,286.8594
51467535,41.50,98.50,231.5288,282.4025
51471441,48.50,81.50,229.4490,267.9126
51475347,57.50,90.50,230.2354,249.6814
51479253,59.50,75.50,232.2561,237.6313
51483159,53.50,73.50,229.6493,228.9168
51487065,53.50,58.50,222.6566,218.4466
51490971,48.50,55.50,216.1726,205.3907
51494877,35.50,70.50,209.0815,196.0429
51498783,44.50,93.50,199.9274,199.1750
51502689,61.50,91.50,195.7274,210.3327
51506595,61.50,97.50,198.9451,217.5424
51510501,51.50,73.50,201.2127,213.9674
51514407,50.50,78.50,197.5031,201.1075
51518313,71.50,89.50,194.0741,191.0608
51522219,70.50,65.50,195.1229,185.8298
51526125,82.50,78.50,197.3309,178.7283
51530031,94.50,80.50,202.2165,174.4912
51533937,98.50,86.50,210.3095,174.8476
51537843,93.50,79.50,213.8631,173.9341
51541749,77.50,80.50,206.0009,169.3483
51545655,80.50,80.50,190.9762,164.0321
51549561,80.50,38.50,180.4363,153.2697
51553467,79.50,7.50,177.0848,127.1676
51557373,48.50,29.50,170.0917,99.2000
51561279,34.50,14.50,150.9248,86.7107
51565185,17.50,-11.50,126.0290,78.1805
51569091,9.50,-24.50,105.1837,61.9818
51572997,-8.50,-16.50,89.6972,47.1881
51576903,-20.50,-33.50,75.3696,38.8083
51580809,-44.50,-29.50,58.1121,31.4467
51584715,-24.50,-22.50,43.0620,27.2551
51588621,-26.50,-37.50,39.3604,26.6962
51592527,-18.50,-38.50,43.7787,23.2991
51596433,-24.50,-10.50,47.7966,22.3997
51600339,-15.50,-0.50,48.8820,31.1946
51604245,-6.50,16.50,50.3674,44.8499
51608151,-1.50,37.50,54.3431,60.4577
51612057,-10.50,36.50,56.5736,75.5619
51615963,-2.50,38.50,55.5069,82.7346
51619869,7.50,30.50,56.3735,79.9201
51623775,-0.50,23.50,58.5096,70.6360
51627681,-4.50,10.50,55.7017,58.9518
51631587,-16.50,-1.50,47.8592,46.7185
51635493,-28.50,-50.50,37.1531,27.5566
51639399,-15.50,-49.50,28.4243,0.0295
51643305,-15.50,-36.50,26.4959,-18.3398
51647211,-16.50,-17.50,27.3150,-16.0193
51651117,10.50,-6.50,31.3789,-0.7847
51655023,-11.50,-10.50,38.4514,13.3289
51658929,-36.50,-15.50,33.9826,17.0103
51662835,-28.50,-15.50,18.0424,12.2268
51666741,-27.50,9.50,7.1039,10.2512
51670647,10.50,32.50,10.9504,20.8695
51674553,29.50,26.50,30.5877,37.2141
51678459,-22.50,-27.50,44.2614,36.5096
51682365,-64.50,-60.50,26.2552,7.8432
51686271,-66.50,-47.50,-10.1582,-26.6112
51690177,-36.50,-44.50,-30.6824,-41.9650
51694083,-29.50,-18.50,-25.4636,-37.0222
51697989,-53.50,-52.50,-15.4293,-27.2347
51701895,-62.50,-60.50,-17.7889,-29.7250
51705801,-64.50,-72.50,-27.2645,-42.9634
51709707,-76.50,-77.50,-37.5008,-57.4880
51713613,-80.50,-63.50,-48.8710,-66.1236
51717519,-101.50,-31.50,-60.5365,-58.9013
51721425,-95.50,-5.50,-69.0761,-34.3672
51725331,-93.50,-29.50,-70.3499,-11.6150
51729237,-111.50,-35.50,-71.1953,-10.0182
51733143,-92.50,-50.50,-76.0947,-24.3358
51737049,-85.50,-62.50,-74.7745,-41.5633
51740955,-66.50,-63.50,-62.6858,-54.2705
51744861,-63.50,-64.50,-46.6120,-59.3137
51748767,-79.50,-57.50,-39.2596,-58.8227
51752673,-84.50,-76.50,-46.1625,-59.3626
51756579,-86.50,-86.50,-57.1244,-66.9497
51760485,-82.50,-97.50,-61.6337,-78.5303
51764391,-91.50,-111.50,-60.9749,-89.9235
51768297,-95.50,-106.50,-62.5406,-99.2473
51772203,-79.50,-104.50,-64.7178,-102.8044
51776109,-79.50,-76.50,-61.6820,-96.6896
51780015,-65.50,-47.50,-54.1240,-77.3098
51783921,-48.50,-47.50,-42.1316,-52.8461
51787827,-53.50,-40.50,-29.9063,-37.5381
51791733,-38.50,-31.50,-23.2093,-31.2518
51795639,-49.50,-47.50,-20.9622,-30.4189
51799545,-60.50,-58.50,-24.2534,-37.2263
51803451,-48.50,-61.50,-29.4007,-47.6064
51807357,-48.50,-88.50,-29.3787,-58.9461
51811263,-72.50,-108.50,-31.3665,-75.9809
51815169,-69.50,-95.50,-40.8043,-92.0141
51819075,-53.50,-81.50,-45.5746,-93.5693
51822981,-60.50,-96.50,-40.9059,-86.1460
51826887,-77.50,-91.50,-39.9103,-82.8450
51830793,-82.50,-63.50,-48.5170,-78.1837
51834699,-94.50,-80.50,-60.1212,-69.0690
51838605,-96.50,-66.50,-69.4823,-64.1003
51842511,-93.50,-81.50,-73.8325,-63.7896
51846417,-90.50,-96.50,-72.8454,-69.0638
51850323,-100.50,-106.50,-71.5086,-80.5175
51854229,-106.50,-122.50,-74.4944,-94.0688
51858135,-112.50,-146.50,-80.3796,-110.0640
51862041,-127.50,-129.50,-87.8294,-123.0759
51865947,-128.50,-122.50,-96.5034,-122.6865
51869853,-128.50,-143.50,-102.2428,-116.9400
51873759,-127.50,-175.50,-102.9692,-124.1393
51877665,-130.50,-165.50,-101.3530,-140.6804
51881571,-133.50,-161.50,-100.6126,-148.4529
51885477,-116.50,-132.50,-98.5506,-140.6989
51889383,-94.50,-126.50,-88.6054,-122.8472
51893289,-82.50,-111.50,-71.4441,-104.2125
51897195,-80.50,-101.50,-55.7315,-88.6896
51901101,-60.50,-76.50,-43.9733,-73.4578
51905007,-48.50,-94.50,-31.6143,-61.7923
51908913,-79.50,-121.50,-25.8363,-65.2397
51912819,-99.50,-124.50,-37.4838,-81.1532
51916725,-117.50,-126.50,-59.3708,-93.5533
51920631,-126.50,-111.50,-78.7360,-95.2248
51924537,-89.50,-93.50,-84.3006,-86.3660
51928443,-111.50,-95.50,-76.5668,-72.9679
51932349,-111.50,-106.50,-72.1292,-65.5927
51936255,-122.50,-116.50,-75.2392,-68.2723
51940161,-116.50,-132.50,-78.9372,-78.6238
51944067,-101.50,-143.50,-77.6620,-93.3084
51947973,-98.50,-132.50,-70.8165,-103.9182
51951879,-111.50,-118.50,-66.1040,-101.1279
51955785,-111.50,-96.50,-66.9899,-85.2529
51959691,-79.50,-95.50,-63.4595,-66.4240
51963597,-47.50,-97.50,-45.7790,-56.1587
51967503,-15.50,-105.50,-17.6811,-56.6517
51971409,7.50,-113.50,12.6942,-62.7141
51975315,-2.50,-101.50,35.8418,-66.7676
51979221,-34.50,-108.50,38.6409,-65.7450
51983127,-77.50,-117.50,15.0937,-66.4086
51987033,-121.50,-138.50,-27.6908,-74.4168
51990939,-143.50,-143.50,-72.8328,-86.6723
51994845,-162.50,-160.50,-104.8423,-98.1567
51998751,-166.50,-148.50,-120.7079,-105.6653
52002657,-170.50,-128.50,-126.1886,-102.8623
52006563,-181.50,-127.50,-129.7106,-90.5443
52010469,-181.50,-159.50,-134.6386,-84.5248
52014375,-165.50,-176.50,-133.9313,-94.9565
52018281,-148.50,-184.50,-121.8545,-112.9017
52022187,-152.50,-166.50,-106.4512,-123.1764
52026093,-143.50,-161.50,-97.6182,-119.8533
52029999,-158.50,-158.50,-96.0364,-109.3548
52033905,-146.50,-142.50,-97.1691,-96.9681
52037811,-157.50,-137.50,-96.6487,-83.7325
52041717,-158.50,-127.50,-96.9875,-73.3825
52045623,-161.50,-111.50,-99.8309,-64.8383
52049529,-174.50,-141.50,-104.2244,-59.9726
52053435,-164.50,-157.50,-107.7199,-66.7463
52057341,-145.50,-157.50,-102.5782,-79.5789
52061247,-155.50,-159.50,-91.7742,-88.1644
52065153,-172.50,-149.50,-89.6909,-90.4688
52069059,-161.50,-159.50,-95.5518,-88.3269
52072965,-157.50,-149.50,-96.2514,-83.9070
52076871,-127.50,-134.50,-86.1169,-74.9823
52080777,-100.50,-139.50,-65.0418,-65.0126
52084683,-84.50,-121.50,-39.0877,-59.2103
52088589,-79.50,-144.50,-18.2150,-57.0870
52092495,-79.50,-142.50,-7.0193,-59.1974
52096401,-96.50,-126.50,-6.9031,-58.7064
52100307,-114.50,-144.50,-18.4010,-55.1637
52104213,-115.50,-136.50,-34.3472,-56.9292
52108119,-121.50,-124.50,-44.7587,-57.2968
52112025,-118.50,-129.50,-47.7267,-50.5752
52115931,-127.50,-141.50,-47.6385,-46.0577
52119837,-130.50,-143.50,-49.5510,-49.6225
52123743,-143.50,-167.50,-55.1983,-60.2916
52127649,-130.50,-172.50,-60.1486,-74.9033
52131555,-137.50,-169.50,-59.8071,-84.0106
52135461,-110.50,-143.50,-53.3935,-78.9229
52139367,-116.50,-162.50,-42.7103,-67.2881
52143273,-136.50,-184.50,-38.8331,-68.0640
52147179,-156.50,-191.50,-49.2909,-82.2039
52151085,-170.50,-178.50,-67.0461,-91.7122
52154991,-171.50,-178.50,-81.8917,-88.9248
52158897,-166.50,-176.50,-87.8162,-82.2939
52162803,-168.50,-190.50,-86.2939,-80.7490
52166709,-159.50,-207.50,-81.2004,-87.2995
52170615,-147.50,-217.50,-72.3280,-98.6977
52174521,-128.50,-216.50,-58.9496,-107.7543
52178427,-127.50,-205.50,-45.1574,-109.2471
52182333,-173.50,-201.50,-44.6018,-103.4346
52186239,-159.50,-188.50,-58.7663,-93.2793
52190145,-133.50,-172.50,-63.7136,-78.9516
52194051,-138.50,-155.50,-53.0786,-61.2514
52197957,-142.50,-159.50,-44.8618,-46.8574
52201863,-134.50,-146.50,-42.9195,-39.5068
52205769,-111.50,-130.50,-36.0043,-31.6954
52209675,-113.50,-129.50,-22.9256,-19.9797
52213581,-132.50,-136.50,-17.7326,-12.4334
52217487,-133.50,-140.50,-25.1079,-13.6210
52221393,-122.50,-165.50,-31.3383,-22.8609
52225299,-127.50,-166.50,-29.3243,-36.4582
52229205,-124.50,-193.50,-25.6211,-49.7026
52233111,-111.50,-180.50,-21.8798,-59.7829
52237017,-120.50,-180.50,-17.5379,-62.0664
52240923,-112.50,-165.50,-15.0242,-56.3676
52244829,-126.50,-163.50,-14.7891,-46.8134
52248735,-121.50,-130.50,-17.1101,-32.8156
52252641,-98.50,-113.50,-15.5339,-12.0091
52256547,-99.50,-160.50,-6.4768,-0.2157
52260453,-113.50,-145.50,-0.5994,-8.6161
52264359,-127.50,-148.50,-5.3167,-18.6091
52268269,-114.50,-146.50,-12.9541,-19.9460
52272175,-112.50,-145.50,-14.2046,-17.9841
52276081,-126.50,-136.50,-13.9200,-14.2016
52279987,-117.50,-111.50,-16.2759,-4.7921
52283893,-116.50,-96.50,-15.2246,12.1566
52287799,-124.50,-104.50,-12.3905,27.2124
52291705,-144.50,-113.50,-17.1546,30.1493
52295611,-162.50,-139.50,-32.1281,20.1227
52299517,-164.50,-163.50,-48.6103,0.1364
52303423,-175.50,-170.50,-58.3728,-22.0499
52307329,-140.50,-143.50,-57.0095,-31.7996
52311235,-133.50,-128.50,-43.0787,-22.0177
52315141,-109.50,-115.50,-24.0775,-2.4327
52319047,-84.50,-82.50,-3.0550,19.3498
52322953,-97.50,-73.50,15.6486,42.0570
52326859,-142.50,-137.50,14.6045,47.1419
52330765,-220.50,-215.50,-19.9001,12.1007
52334671,-226.50,-222.50,-72.9867,-44.9585
52338577,-202.50,-205.50,-105.4013,-80.2921
52342483,-191.50,-178.50,-102.4199,-78.8063
52346389,-213.50,-202.50,-88.4273,-62.7613
52350295,-219.50,-209.50,-85.3150,-56.8381
52354201,-201.50,-201.50,-86.9607,-58.6707
52358107,-196.50,-208.50,-82.3342,-59.2622
52362013,-189.50,-192.50,-74.3965,-58.8977
52365919,-164.50,-186.50,-63.2059,-54.5153
52369825,-143.50,-174.50,-43.5160,-43.8456
52373731,-143.50,-175.50,-22.0162,-30.8574
52377637,-140.50,-175.50,-10.4441,-22.8160
52381543,-138.50,-176.50,-8.4923,-22.7364
52385449,-124.50,-198.50,-6.7506,-29.8881
52389355,-124.50,-191.50,-0.1814,-39.1245
52393261,-133.50,-196.50,5.1558,-41.9132
52397167,-149.50,-200.50,1.2854,-40.8878
52401073,-168.50,-195.50,-12.5455,-41.7176
52404979,-160.50,-194.50,-27.1962,-42.2952
52408885,-154.50,-175.50,-31.0521,-37.2377
52412791,-143.50,-175.50,-23.7801,-25.3888
52416697,-143.50,-168.50,-13.6653,-14.0164
52420603,-141.50,-156.50,-7.4277,-6.4975
52424509,-143.50,-143.50,-5.8025,1.1502
52428415,-133.50,-143.50,-4.5682,10.0013
52432321,-130.50,-111.50,-0.3022,22.2546
52436227,-128.50,-125.50,4.9555,36.5634
52440133,-121.50,-158.50,9.2182,36.3598
52444039,-133.50,-152.50,11.1211,19.6511
52447945,-132.50,-141.50,8.8541,8.6124
52451851,-116.50,-153.50,8.4866,9.5175
52455757,-137.50,-160.50,10.7114,9.9184
52459663,-153.50,-161.50,4.9306,5.8212
52463569,-142.50,-130.50,-5.3067,6.8169
52467475,-136.50,-114.50,-7.1906,20.4142
52471381,-129.50,-116.50,-1.0522,37.6740
52475287,-132.50,-112.50,5.3567,47.5843
52479193,-139.50,-136.50,6.8782,46.9817
52483099,-137.50,-142.50,4.5837,35.8283
52487005,-125.50,-148.50,4.8204,21.7403
52490911,-114.50,-127.50,11.0860,16.2309
52494817,-117.50,-141.50,19.0132,20.2919
52498723,-126.50,-144.50,21.6237,23.0423
52502629,-111.50,-143.50,21.2741,21.0586
52506535,-111.50,-143.50,24.2260,18.6698
52510441,-96.50,-135.50,29.9034,18.3313
52514347,-109.50,-151.50,34.1821,18.5721
52518253,-111.50,-158.50,33.3664,14.6583
52522159,-122.50,-157.50,28.3869,8.6265
52526065,-133.50,-160.50,20.3178,4.5751
52529971,-138.50,-156.50,9.7126,2.4693
52533877,-150.50,-148.50,-0.7736,4.1435
52537783,-159.50,-180.50,-10.1230,4.6673
52541689,-140.50,-184.50,-13.3844,-3.9237
52545595,-117.50,-156.50,-3.8317,-10.4591
52549501,-116.50,-166.50,12.2524,-6.3487
52553407,-146.50,-186.50,17.3563,-5.3814
52557313,-144.50,-157.50,8.0088,-7.8712
52561219,-146.50,-141.50,-1.3582,1.4400
52565125,-144.50,-125.50,-4.3697,19.8125
52569031,-143.50,-114.50,-4.8142,35.9520
52572937,-143.50,-120.50,-4.3910,45.2500
52576843,-130.50,-126.50,-0.5711,46.7486
52580749,-112.50,-116.50,10.3125,45.5524
52584655,-120.50,-113.50,22.2428,46.7564
52588561,-120.50,-111.50,25.3915,48.4344
52592467,-96.50,-111.50,26.3876,49.0186
52596373,-104.50,-114.50,33.3989,49.7896
52600279,-118.50,-128.50,36.8684,48.2165
52604185,-134.50,-172.50,28.6921,34.4813
52608091,-153.50,-160.50,11.8753,10.6889
52611997,-175.50,-164.50,-8.8705,-4.4431
52615903,-184.50,-164.50,-28.1380,-6.2881
52619809,-184.50,-146.50,-39.6218,-0.0831
52623715,-175.50,-152.50,-40.8952,9.4735
52627621,-168.50,-156.50,-34.9626,12.9594
52631527,-170.50,-168.50,-27.9916,7.6091
52635433,-186.50,-175.50,-26.7452,-1.4927
52639339,-208.50,-165.50,-35.3193,-6.7311
52643245,-188.50,-174.50,-45.9123,-6.3990
52647151,-200.50,-176.50,-49.0808,-7.2707
52651057,-207.50,-152.50,-50.7314,-6.4593
52654963,-204.50,-153.50,-53.6944,2.0872
52658869,-186.50,-152.50,-50.0172,11.3713
52662775,-172.50,-182.50,-37.3984,10.4292
52666681,-161.50,-212.50,-22.2846,-6.8645
52670587,-158.50,-194.50,-10.8283,-28.2792
52674493,-143.50,-187.50,-1.7105,-34.1118
52678399,-148.50,-181.50,6.9775,-25.9844
52682305,-164.50,-180.50,8.5166,-16.0098
52686211,-156.50,-166.50,1.9579,-7.5878
52690117,-145.50,-156.50,-0.9890,1.6554
52694023,-143.50,-163.50,4.2477,8.8785
52697929,-143.50,-172.50,11.3184,8.4149
52701835,-149.50,-160.50,14.3211,5.0858
52705741,-143.50,-168.50,13.2499,5.3026
52709647,-153.50,-175.50,10.4157,4.3110
52713553,-157.50,-174.50,5.7679,-0.2127
52717459,-147.50,-172.50,3.3432,-2.9989
52721365,-144.50,-199.50,7.1312,-6.5394
52725271,-151.50,-188.50,11.1498,-13.7734
52729177,-143.50,-174.50,11.3129,-15.1150
52733083,-116.50,-185.50,16.2236,-10.0510
52736989,-122.50,-169.50,28.5378,-5.8331
52740895,-141.50,-142.50,34.0661,4.1046
52744801,-137.50,-125.50,27.9737,23.8388
52748707,-141.50,-128.50,20.4953,41.9292
52752613,-156.50,-129.50,13.8011,48.4990
52756519,-161.50,-127.50,5.1939,47.3141
52760425,-153.50,-107.50,-0.0947,49.0427
52764331,-143.50,-110.50,2.9785,56.3835
52768237,-138.50,-128.50,10.9625,58.6382
52772143,-129.50,-109.50,18.8405,54.4618
52776049,-127.50,-107.50,25.6016,55.0937
52779955,-148.50,-143.50,26.9585,53.7701
52783861,-170.50,-173.50,16.4894,35.9987
52787767,-190.50,-178.50,-3.7916,9.8923
52791673,-186.50,-179.50,-22.7975,-7.3719
52795579,-183.50,-180.50,-30.4481,-12.9123
52799485,-173.50,-184.50,-26.4919,-13.4583
52803391,-158.50,-172.50,-15.2192,-11.2660
52807297,-111.50,-149.50,5.0974,-1.8526
52811203,-107.50,-155.50,32.0031,11.5067
52815109,-111.50,-153.50,50.0547,18.3226
52819015,-101.50,-146.50,55.2704,19.8070
52822921,-104.50,-133.50,56.8796,24.3685
52826827,-109.50,-155.50,55.9686,28.6052
52830733,-118.50,-136.50,50.0735,27.6435
52834639,-133.50,-129.50,39.8113,29.4268
52838545,-136.50,-127.50,28.7966,35.9168
52842451,-121.50,-142.50,24.6338,38.3992
52846357,-127.50,-152.50,27.8964,32.4361
52850263,-143.50,-161.50,27.3686,21.4308
52854169,-131.50,-129.50,21.6947,16.6875
52858075,-159.50,-118.50,16.0467,26.3741
52861981,-147.50,-128.50,9.5098,39.6093
52865887,-134.50,-136.50,8.3400,42.7054
52869793,-127.50,-130.50,15.5563,39.0318
52873699,-120.50,-111.50,24.9268,39.4300
52877605,-111.50,-118.50,34.1643,44.6084
52881511,-122.50,-127.50,40.2948,45.6551
52885417,-126.50,-131.50,38.4637,41.2617
52889323,-122.50,-149.50,32.3650,34.0702
52893229,-105.50,-155.50,31.9258,22.9035
52897135,-118.50,-149.50,37.2001,12.4481
52901041,-130.50,-137.50,37.3913,11.0275
52904947,-128.50,-138.50,30.8235,18.1648
52908853,-111.50,-132.50,27.8002,26.5706
52912759,-118.50,-127.50,30.9532,32.4209
52916665,-127.50,-143.50,31.9169,32.2063
52920571,-141.50,-144.50,26.3089,24.7749
52924477,-150.50,-129.50,16.3321,20.5929
52928383,-160.50,-97.50,4.5184,31.0664
52932289,-140.50,-44.50,-2.7711,59.2453
52936195,-88.50,-60.50,8.7264,90.6923
52940101,-172.50,-159.50,24.0195,87.5999
52944007,-182.50,-170.50,10.6810,42.8745
52947913,-175.50,-218.50,-15.0667,-7.6007
52951819,-191.50,-245.50,-29.5332,-48.9150
52955725,-188.50,-248.50,-37.4090,-80.2045
52959631,-190.50,-254.50,-40.0091,-94.5545
52963537,-196.50,-240.50,-37.9952,-92.4853
52967443,-170.50,-232.50,-32.2903,-80.0476
52971349,-194.50,-239.50,-26.7747,-69.5103
52975255,-183.50,-239.50,-28.6475,-68.7962
52979161,-169.50,-212.50,-28.5910,-67.2866
52983067,-148.50,-198.50,-15.8830,-53.0306
52986973,-126.50,-186.50,5.4889,-32.1675
52990879,-128.50,-168.50,23.9351,-14.3379
52994785,-113.50,-153.50,33.0586,0.0144
52998691,-95.50,-162.50,41.3428,9.7957
53002597,-88.50,-154.50,54.5633,14.0106
53006503,-79.50,-176.50,67.2278,13.2873
53010409,-82.50,-201.50,73.6179,1.9003
53014315,-101.50,-223.50,69.7395,-21.0134
53018221,-105.50,-225.50,58.0052,-43.4434
53022127,-109.50,-227.50,47.8420,-54.2965
53026033,-118.50,-208.50,41.5469,-51.4357
53029939,-141.50,-192.50,31.7928,-38.0622
53033845,-127.50,-239.50,19.7465,-30.9635
53037751,-127.50,-248.50,15.8224,-44.1444
53041657,-143.50,-256.50,16.5729,-63.4383
53045563,-132.50,-233.50,14.9263,-70.0487
53049469,-121.50,-207.50,16.3561,-58.8405
53053375,-112.50,-175.50,23.3426,-34.0473
53057281,-102.50,-161.50,32.6032,-5.0943
53061187,-80.50,-173.50,44.9305,15.0996
53065093,-74.50,-170.50,60.0210,20.0172
53068999,-110.50,-154.50,64.6778,19.3718
53072905,-122.50,-143.50,49.8482,23.6462
53076811,-121.50,-136.50,30.1873,32.5940
53080717,-133.50,-140.50,18.7371,41.1256
53084623,-152.50,-130.50,9.6947,46.8681
53088529,-146.50,-133.50,-0.0151,49.9147
53092435,-141.50,-157.50,-3.7155,44.8294
53096341,-144.50,-159.50,-1.7140,31.2200
53100247,-175.50,-184.50,-5.1550,16.9751
53104153,-175.50,-173.50,-17.6651,6.9058
53108059,-192.50,-162.50,-31.0237,5.7321
53111965,-194.50,-163.50,-41.5002,10.8180
53115871,-188.50,-166.50,-47.0475,13.8303
53119777,-196.50,-206.50,-47.1605,7.8963
53123683,-191.50,-206.50,-45.7116,-7.6004
53127589,-166.50,-209.50,-39.2173,-21.6104
53131495,-133.50,-196.50,-21.1987,-26.6467
53135401,-126.50,-164.50,2.8005,-18.6330
53139307,-130.50,-147.50,18.9572,3.6223
53143213,-126.50,-156.50,24.0359,25.9805
53147119,-127.50,-143.50,24.6031,36.2592
53151025,-108.50,-154.50,26.5278,36.3019
53154931,-111.50,-153.50,31.3573,30.4845
53158837,-114.50,-143.50,34.4628,27.2543
53162743,-109.50,-121.50,35.3423,35.4758
53166649,-81.50,-127.50,41.8125,49.3661
53170555,-81.50,-125.50,54.2346,55.7790
53174461,-102.50,-106.50,58.6489,57.1053
53178367,-96.50,-95.50,51.5925,64.1805
53182273,-100.50,-99.50,45.4891,74.4324
53186179,-116.50,-118.50,41.1448,76.1779
53190085,-124.50,-143.50,31.6076,62.8757
53193991,-132.50,-145.50,19.0255,41.7861
53197897,-141.50,-153.50,8.3183,25.9054
53201803,-158.50,-160.50,-0.9121,17.7636
53205709,-175.50,-153.50,-12.5575,14.9963
53209615,-168.50,-133.50,-24.4427,19.8140
53213521,-158.50,-144.50,-28.3446,28.0538
53217427,-177.50,-155.50,-26.9424,28.5056
53221333,-184.50,-165.50,-29.8107,20.1985
53225239,-177.50,-186.50,-34.1292,7.8304
53229145,-191.50,-226.50,-36.6661,-12.2797
53233051,-179.50,-207.50,-39.7290,-34.8625
53236957,-111.50,-143.50,-28.5762,-33.1593
53240863,-170.50,-162.50,-6.2205,-6.0947
53244769,-252.50,-208.50,-16.3174,6.1033
53248675,-254.50,-221.50,-62.0496,-11.7669
53252581,-188.50,-165.50,-88.3727,-26.2171
53256487,-196.50,-204.50,-75.0072,-22.1584
53260393,-224.50,-240.50,-58.9954,-28.0260
53264299,-220.50,-252.50,-59.3028,-50.6115
53268205,-242.50,-249.50,-65.3023,-67.5406
53272111,-216.50,-249.50,-70.6197,-71.9506
53276017,-234.50,-245.50,-73.6913,-71.5814
53279923,-254.50,-250.50,-80.5391,-70.9768
53283829,-253.50,-225.50,-89.1346,-65.0252
53287735,-249.50,-208.50,-89.4184,-47.8891
53291641,-207.50,-186.50,-78.4898,-25.5378
53295547,-195.50,-173.50,-59.3497,-6.9990
53299453,-200.50,-159.50,-42.9307,6.9454
53303359,-185.50,-173.50,-31.7443,16.5166
53307269,-153.50,-168.50,-14.7467,20.0208
53311175,-128.50,-175.50,9.5381,18.4735
53315081,-148.50,-171.50,24.9295,13.4798
53318987,-154.50,-185.50,21.9253,6.6894
53322893,-175.50,-169.50,11.0180,3.6961
53326799,-175.50,-156.50,2.1173,11.3828
53330705,-175.50,-155.50,-3.9306,24.0637
53334611,-175.50,-174.50,-9.6078,26.5328
53338517,-191.50,-196.50,-16.6059,13.4599
53342423,-201.50,-214.50,-23.2299,-6.7411
53346329,-207.50,-212.50,-27.3878,-21.8595
53350235,-214.50,-208.50,-32.1649,-26.7585
53354141,-194.50,-224.50,-37.5414,-28.7977
53358047,-169.50,-198.50,-32.6044,-30.3130
53361953,-170.50,-173.50,-15.1382,-19.2436
53365859,-175.50,-157.50,1.0927,4.5967
53369765,-171.50,-191.50,6.7823,19.5926
53373671,-168.50,-184.50,4.2638,13.9940
53377577,-175.50,-146.50,-1.5252,9.5168
53381483,-179.50,-143.50,-5.9059,22.3853
53385389,-145.50,-154.50,0.3010,36.5290
53389295,-138.50,-159.50,18.4349,38.2366
53393201,-172.50,-172.50,26.6395,30.2796
53397107,-181.50,-160.50,12.2982,21.1713
53401013,-204.50,-186.50,-9.0390,14.3547
53404919,-245.50,-180.50,-29.8480,7.2470
53408825,-196.50,-185.50,-43.9338,2.8826
53412731,-185.50,-191.50,-37.9068,0.8324
53416637,-166.50,-159.50,-19.6245,2.2888
53420543,-152.50,-146.50,0.2740,14.2114
53424449,-143.50,-169.50,20.5529,26.2224
53428355,-136.50,-208.50,36.0031,19.6099
53432261,-132.50,-212.50,42.0323,-2.7864
53436167,-149.50,-222.50,37.6644,-23.6167
53440073,-125.50,-209.50,32.4702,-33.7444
53443979,-126.50,-191.50,38.5704,-29.6229
53447885,-126.50,-164.50,48.5941,-10.8505
53451791,-127.50,-160.50,50.4263,13.1191
53455697,-125.50,-172.50,45.7244,26.0513
53459603,-144.50,-186.50,39.1749,20.7789
53463509,-142.50,-188.50,33.3062,7.1268
53467415,-136.50,-188.50,32.0008,-1.6135
53471321,-124.50,-178.50,35.3653,-1.0047
53475227,-142.50,-180.50,36.1240,4.3433
53479133,-150.50,-166.50,29.5508,9.5896
53483039,-142.50,-168.50,23.9004,14.6704
53486945,-135.50,-158.50,26.7760,20.0438
53490851,-132.50,-158.50,32.2386,25.6332
53494757,-121.50,-158.50,35.3217,29.1138
53498663,-108.50,-171.50,41.0765,26.6763
53502569,-108.50,-158.50,51.6572,21.6549
53506475,-116.50,-143.50,58.8332,24.1312
53510381,-115.50,-123.50,56.7788,37.2806
53514287,-134.50,-104.50,46.7900,55.8410
53518193,-96.50,-56.50,40.2582,79.6592
53522099,-84.50,-90.50,51.3182,100.9127
53526005,-147.50,-178.50,60.1168,89.0725
53529911,-156.50,-175.50,41.9980,44.2272
53533817,-139.50,-144.50,17.7790,13.4847
53537723,-143.50,-132.50,9.9112,16.6760
53541629,-118.50,-115.50,16.1262,34.8017
53545535,-111.50,-143.50,31.4945,47.9205
53549441,-97.50,-143.50,48.4275,47.4600
53553347,-98.50,-142.50,58.9349,40.4362
53557253,-102.50,-132.50,60.0840,35.5533
53561159,-81.50,-111.50,59.2406,37.9176
53565065,-84.50,-106.50,64.7459,49.7573
53568971,-101.50,-114.50,68.0382,62.2974
53572877,-92.50,-132.50,63.1288,63.0750
53576783,-94.50,-129.50,57.6662,51.5473
53580689,-90.50,-118.50,55.7266,41.1228
53584595,-81.50,-124.50,58.1935,39.8830
53588501,-105.50,-122.50,60.1181,43.7298
53592407,-117.50,-132.50,51.9141,46.0978
53596313,-120.50,-125.50,37.2363,43.4194
53600219,-142.50,-118.50,22.9222,39.7541
53604125,-143.50,-140.50,9.9721,36.3644
53608031,-133.50,-148.50,4.3832,29.5180
53611937,-137.50,-162.50,6.9999,20.3268
53615843,-130.50,-161.50,10.4528,10.4705
53619749,-140.50,-158.50,10.8841,2.4070
53623655,-122.50,-143.50,11.1347,1.8095
53627561,-115.50,-169.50,17.1609,5.9374
53631467,-114.50,-165.50,25.8798,5.8118
53635373,-120.50,-157.50,29.0739,3.6586
53639279,-113.50,-164.50,27.4881,1.8486
53643185,-79.50,-134.50,32.5690,2.7591
53647091,-61.50,-122.50,50.8031,15.2394
53650997,-75.50,-138.50,68.2738,30.8694
53654903,-88.50,-126.50,69.3983,36.2700
53658809,-101.50,-122.50,57.0383,35.4999
53662715,-117.50,-111.50,40.3008,35.9488
53666621,-129.50,-126.50,23.3441,37.6831
53670527,-141.50,-131.50,8.2317,36.7043
53674433,-142.50,-152.50,-2.5724,29.6010
53678339,-148.50,-144.50,-8.0944,17.7902
53682245,-146.50,-136.50,-10.4025,10.2502
53686151,-150.50,-163.50,-11.7689,7.1925
53690057,-163.50,-178.50,-15.4803,-0.7477
53693963,-172.50,-178.50,-23.4047,-11.3937
53697869,-169.50,-175.50,-30.8851,-18.1542
53701775,-164.50,-198.50,-32.6111,-25.3290
53705681,-178.50,-214.50,-32.3536,-38.5722
53709587,-189.50,-207.50,-37.4720,-49.5147
53713493,-209.50,-207.50,-48.7368,-49.8799
53717399,-229.50,-188.50,-64.3616,-43.6318
53721305,-236.50,-232.50,-80.9253,-43.6302
53725211,-255.50,-264.50,-95.2704,-62.1468
53729117,-288.50,-303.50,-111.8675,-93.3208
53733023,-303.50,-348.50,-132.5719,-128.3654
53736929,-323.50,-363.50,-151.6631,-164.1032
53740835,-349.50,-377.50,-169.3458,-192.2481
53744741,-353.50,-345.50,-186.3969,-201.0910
53748647,-345.50,-351.50,-194.6361,-188.2866
53752553,-426.50,-422.50,-204.1848,-182.6443
53756459,-481.50,-479.50,-238.5130,-213.2768
53760365,-524.50,-492.50,-290.1687,-263.3423
53764271,-538.50,-526.50,-334.0207,-302.7353
53768177,-580.50,-562.50,-363.4740,-329.4248
53772083,-602.50,-578.50,-386.1473,-349.4916
53775989,-623.50,-609.50,-403.5693,-365.0391
53779895,-648.50,-595.50,-416.3524,-376.3634
53783801,-654.50,-654.50,-427.7339,-387.3159
53787707,-684.50,-666.50,-438.9572,-405.7855
53791613,-685.50,-652.50,-449.0570,-417.7254
53795519,-660.50,-629.50,-446.4093,-407.0202
53799425,-662.50,-661.50,-428.0176,-390.1779
53803331,-646.50,-650.50,-407.3722,-385.3976
53807237,-655.50,-649.50,-392.7254,-382.7917
53811143,-688.50,-687.50,-390.1622,-379.4936
53815049,-672.50,-723.50,-395.2296,-390.3042
53818955,-655.50,-717.50,-389.6348,-409.8892
53822861,-623.50,-707.50,-367.7178,-417.3289
53826767,-589.50,-690.50,-334.7968,-405.5367
53830673,-596.50,-664.50,-301.6689,-379.2029
53834579,-588.50,-648.50,-279.7405,-346.2466
53838485,-545.50,-598.50,-260.5610,-311.1540
53842391,-514.50,-561.50,-231.3581,-271.1605
53846297,-520.50,-528.50,-202.1709,-228.2784
53850203,-470.50,-466.50,-178.2976,-181.7546
53854109,-424.50,-410.50,-143.1720,-125.4559
53858015,-360.50,-378.50,-90.8982,-67.9831
53861921,-337.50,-378.50,-36.5717,-28.5349
53865827,-335.50,-353.50,-0.2698,-9.4659
53869733,-287.50,-300.50,21.4931,11.3753
53873639,-238.50,-271.50,52.6176,46.8521
53877545,-197.50,-239.50,96.8719,85.4166
53881451,-156.50,-176.50,141.0152,123.5960
53885357,-130.50,-158.50,178.0573,164.4823
53889263,-79.50,-116.50,212.1717,201.7356
53893169,-82.50,-79.50,243.8769,235.7659
53897075,-64.50,-73.50,263.0283,264.5162
53900981,-46.50,-25.50,271.6828,285.7923
53904887,-9.50,-17.50,283.4269,306.4764
53908793,16.50,-15.50,304.9046,321.9431
53912699,32.50,18.50,330.1433,331.5605
53916605,47.50,29.50,349.5305,343.8332
53920511,62.50,23.50,361.0496,352.4510
53924417,89.50,61.50,370.1242,356.6282
53928323,99.50,34.50,381.3468,361.2861
53932229,98.50,59.50,390.2871,361.8273
53936135,89.50,55.50,390.1212,360.7776
53940041,119.50,61.50,386.0978,359.3230
53943947,128.50,77.50,388.3759,358.2886
53947853,129.50,90.50,393.2313,363.1306
53951759,130.50,106.50,393.9678,372.7122
53955665,121.50,112.50,390.0935,381.7089
53959571,131.50,84.50,383.1019,379.9697
53963477,131.50,57.50,376.2552,359.9120
53967383,110.50,80.50,366.4405,336.0848
53971289,101.50,85.50,350.6314,327.9810
53975195,85.50,63.50,333.2255,326.4047
53979101,68.50,43.50,314.6583,313.5736
53983007,61.50,37.50,293.8229,292.7552
53986913,47.50,28.50,273.8675,274.7551
53990819,58.50,55.50,260.5531,266.4444
53994725,69.50,69.50,259.5080,271.4125
53998631,78.50,77.50,266.6490,282.7661
54002537,72.50,54.50,270.4203,286.7576
54006443,55.50,47.50,263.1221,277.1271
54010349,-0.50,32.50,239.7256,259.2721
54014255,-35.50,66.50,200.3294,246.5465
54018161,-81.50,63.50,153.8375,247.3389
54022067,-74.50,38.50,113.7664,248.4464
54025973,-90.50,-0.50,90.3593,232.6885
54029879,-104.50,-16.50,78.3101,202.5900
54033785,-143.50,-76.50,64.0639,164.1742
54037691,-152.50,-143.50,43.1613,111.9419
54041597,-175.50,-188.50,20.1614,50.5697
54045503,-208.50,-192.50,-5.3130,2.6477
54049409,-228.50,-175.50,-33.2963,-15.8176
54053315,-282.50,-223.50,-62.0311,-20.2285
54057221,-292.50,-271.50,-91.8629,-41.0753
54061127,-326.50,-323.50,-119.3856,-82.4404
54065033,-362.50,-335.50,-148.0758,-124.6794
54068939,-440.50,-388.50,-187.7302,-159.0282
54072845,-512.50,-461.50,-242.8188,-200.9924
54076751,-545.50,-478.50,-301.3655,-251.3200
54080657,-574.50,-480.50,-346.3318,-283.7086
54084563,-580.50,-526.50,-373.6433,-296.8923
54088469,-600.50,-573.50,-386.3784,-317.2919
54092375,-655.50,-602.50,-397.4951,-351.2021
54096281,-678.50,-617.50,-418.0175,-381.8046
54100187,-677.50,-606.50,-438.1492,-394.3434
54104093,-684.50,-607.50,-447.6459,-388.4533
54107999,-655.50,-584.50,-443.3832,-372.7790
54111905,-609.50,-564.50,-416.2919,-350.8860
54115811,-600.50,-573.50,-372.2940,-329.4165
54119717,-622.50,-554.50,-341.2450,-314.4118
54123623,-603.50,-546.50,-334.1684,-300.2132
54127529,-559.50,-575.50,-325.4132,-291.1279
54131435,-538.50,-574.50,-297.0504,-294.2993
54135341,-522.50,-544.50,-260.5555,-294.0275
54139247,-490.50,-527.50,-227.2982,-276.5136
54143153,-476.50,-512.50,-198.9989,-250.3689
54147059,-456.50,-460.50,-176.9364,-220.1677
54150965,-463.50,-469.50,-161.4214,-188.1180
54154871,-472.50,-484.50,-153.9634,-171.2352
54158777,-457.50,-446.50,-150.4735,-166.3000
54162683,-459.50,-432.50,-145.2081,-152.5205
54166589,-425.50,-404.50,-135.8739,-129.0556
54170495,-388.50,-418.50,-114.0182,-108.4006
54174401,-387.50,-436.50,-82.6879,-102.6097
54178307,-406.50,-403.50,-62.9217,-103.8501
54182213,-412.50,-405.50,-63.9193,-96.6644
54186119,-408.50,-403.50,-73.6217,-87.2337
54190025,-367.50,-373.50,-72.2959,-77.5200
54193931,-374.50,-407.50,-54.9792,-67.1156
54197837,-404.50,-444.50,-42.8129,-73.0181
54201743,-410.50,-463.50,-48.8039,-97.6909
54205649,-399.50,-432.50,-59.2279,-116.8477
54209555,-368.50,-399.50,-57.2366,-109.3949
54213461,-369.50,-386.50,-42.1731,-81.4909
54217367,-397.50,-399.50,-31.2455,-56.8832
54221273,-386.50,-367.50,-31.9917,-43.0598
54225179,-397.50,-397.50,-36.0837,-36.5725
54229085,-389.50,-385.50,-40.4501,-39.8119
54232991,-340.50,-374.50,-34.3515,-42.1998
54236897,-320.50,-332.50,-7.2231,-27.9931
54240803,-313.50,-324.50,25.9121,-0.1630
54244709,-282.50,-310.50,50.7193,24.5356
54248615,-293.50,-335.50,65.1068,33.0100
54252521,-288.50,-351.50,67.4495,23.4567
54256427,-254.50,-320.50,71.0987,13.3012
54260333,-245.50,-300.50,88.2149,21.8415
54264239,-234.50,-278.50,108.0851,43.6808
54268145,-250.50,-282.50,116.0603,62.7709
54272051,-213.50,-239.50,116.3985,78.1170
54275957,-174.50,-191.50,129.9654,104.7199
54279863,-116.50,-175.50,166.1146,141.1236
54283769,-91.50,-169.50,212.1999,167.5539
54287675,-90.50,-175.50,245.5501,176.0722
54291581,-64.50,-156.50,259.8845,176.5043
54295487,-61.50,-126.50,267.3613,184.3141
54299393,-46.50,-92.50,273.8766,204.8752
54303299,-32.50,-81.50,281.0481,229.3652
54307205,-17.50,-80.50,290.1235,245.6333
54311111,-26.50,-76.50,296.1557,251.1744
54315017,-10.50,-64.50,296.8460,252.6833
54318923,19.50,-47.50,302.0370,256.2721
54322829,22.50,-28.50,314.5248,264.3067
54326735,31.50,-28.50,323.8984,274.0468
54330641,32.50,-46.50,326.5529,276.6471
54334547,24.50,-60.50,323.5538,266.4313
54338453,33.50,-47.50,317.2200,251.5304
54342359,37.50,-19.50,312.8803,247.3543
54346269,32.50,-5.50,309.7124,258.0523
54350175,53.50,17.50,307.8751,276.2727
54354081,48.50,23.50,310.0130,294.0523
54357987,48.50,8.50,310.3824,300.4043
54361893,48.50,-8.50,305.6064,288.3052
54365799,53.50,-1.50,299.6920,268.6682
54369705,75.50,17.50,298.9938,260.4762
54373611,77.50,34.50,305.0162,268.7901
54377517,95.50,80.50,312.5623,288.7485
54381423,111.50,87.50,320.7714,312.6961
54385329,105.50,78.50,326.7877,325.4003
54389235,93.50,22.50,322.8166,313.0843
54393141,73.50,43.50,307.4832,285.0329
54397047,78.50,48.50,288.8868,267.4741
54400953,64.50,62.50,274.3090,265.9410
54404859,64.50,62.50,262.3971,269.4785
54408765,77.50,53.50,255.1975,270.4946
54412671,80.50,64.50,255.7281,268.3122
54416577,78.50,78.50,257.6074,268.4125
54420483,77.50,80.50,254.9395,269.9365
54424389,83.50,82.50,249.6785,268.6077
54428295,80.50,80.50,244.9747,265.8366
54432201,80.50,101.50,240.3004,266.9463
54436107,118.50,121.50,241.6792,275.1303
54440013,144.50,123.50,257.0090,283.8329
54443919,172.50,119.50,280.5390,284.4142
54447825,179.50,94.50,300.7486,275.1325
54451731,155.50,95.50,306.2977,260.2805
54455637,195.50,80.50,301.5768,244.9576
54459543,208.50,124.50,304.8739,236.3333
54463449,208.50,140.50,313.0479,243.7280
54467355,197.50,129.50,312.2360,257.5476
54471261,176.50,129.50,299.8258,262.1037
54475167,176.50,137.50,281.6971,259.2264
54479073,157.50,142.50,263.4436,254.4121
54482979,178.50,148.50,248.8685,249.4307
54486885,187.50,154.50,245.3760,247.6839
54490791,178.50,150.50,248.8392,249.5099
54494697,167.50,149.50,246.2110,248.9897
54498603,176.50,160.50,237.0851,244.0542
54502509,165.50,131.50,226.8108,233.3201
54506415,155.50,114.50,214.2271,213.7009
54510321,144.50,118.50,199.6464,194.8930
54514227,122.50,112.50,184.0112,185.4606
54518133,111.50,108.50,165.3102,177.9733
54522039,93.50,79.50,143.9428,162.8099
54525945,89.50,71.50,123.4587,141.1930
54529851,71.50,39.50,107.1734,119.8899
54533757,61.50,51.50,93.7553,102.7244
54537663,60.50,43.50,82.3369,91.8217
54541569,55.50,-6.50,73.1404,75.5949
54545475,41.50,-3.50,62.7874,49.3307
54549381,6.50,-12.50,45.9528,30.7072
54553287,-1.50,-40.50,23.8648,19.6018
54557193,-21.50,-56.50,3.4709,1.6519
54561099,-32.50,-57.50,-14.9094,-19.4452
54565005,-28.50,-44.50,-29.7539,-29.3993
54568911,-25.50,-20.50,-35.0507,-21.1545
54572817,-24.50,-16.50,-32.0949,-2.8984
54576723,-7.50,-42.50,-25.0615,4.8824
54580629,-13.50,-48.50,-18.4527,-6.3193
54584535,22.50,-37.50,-12.2036,-20.0561
54588441,59.50,-15.50,5.1247,-18.9048
54592347,93.50,27.50,36.8259,0.7043
54596253,10.50,-47.50,53.9580,15.2668
54600159,-46.50,-99.50,24.3223,-8.6840
54604065,-28.50,-85.50,-26.9042,-52.3565
54607971,-0.50,-72.50,-49.8983,-73.1350
54611877,-52.50,-116.50,-50.0285,-77.2922
54615783,-78.50,-138.50,-61.7274,-92.1165
54619689,-66.50,-121.50,-80.9269,-109.8317
54623595,-70.50,-127.50,-89.2103,-113.6631
54627501,-74.50,-128.50,-92.1720,-111.4665
54631407,-62.50,-112.50,-94.4865,-109.4253
54635313,-52.50,-116.50,-89.3062,-104.5521
54639219,-47.50,-116.50,-77.0440,-99.5494
54643125,-61.50,-128.50,-69.5022,-98.8968
54647031,-62.50,-136.50,-74.0746,-104.8538
54650937,-74.50,-125.50,-85.2640,-112.2653
54654843,-79.50,-122.50,-95.2044,-112.8408
54658749,-79.50,-111.50,-99.5805,-105.8971
54662655,-65.50,-78.50,-97.0468,-90.7107
54666561,-62.50,-63.50,-90.9622,-68.3314
54670467,-50.50,-32.50,-84.9632,-45.1270
54674373,-51.50,-61.50,-78.6259,-30.5422
54678279,-47.50,-74.50,-72.0652,-33.8063
54682185,-23.50,-100.50,-63.5277,-50.9230
54686091,-28.50,-78.50,-54.0378,-66.8214
54689997,-24.50,-76.50,-50.2128,-70.5097
54693903,-32.50,-80.50,-51.4141,-67.1169
54697809,-47.50,-106.50,-55.5968,-68.8746
54701715,-38.50,-121.50,-61.2865,-79.8427
54705621,-26.50,-124.50,-62.4774,-94.3199
54709527,-30.50,-82.50,-59.7143,-98.2781
54713433,-54.50,-68.50,-61.8303,-83.8891
54717339,-56.50,-49.50,-70.3908,-60.0568
54721245,-56.50,-65.50,-77.4605,-41.3419
54725151,-44.50,-72.50,-79.0732,-37.7984
54729057,-76.50,-100.50,-82.4991,-51.1222
54732963,-98.50,-124.50,-96.6379,-76.5830
54736869,-78.50,-144.50,-110.1044,-104.0837
54740775,-106.50,-141.50,-113.7837,-121.1408
54744681,-114.50,-136.50,-121.0814,-123.5349
54748587,-127.50,-120.50,-135.7182,-116.6956
54752493,-109.50,-105.50,-144.4551,-105.6986
54756399,-102.50,-108.50,-138.3023,-94.1453
54760305,-106.50,-111.50,-126.0870,-86.6811
54764211,-120.50,-92.50,-123.2718,-81.0279
54768117,-116.50,-128.50,-130.1185,-80.1986
54772023,-117.50,-133.50,-135.4168,-92.7602
54775929,-117.50,-126.50,-134.5198,-106.6677
54779835,-111.50,-117.50,-130.0313,-106.4254
54783741,-123.50,-121.50,-127.3146,-97.6380
54787647,-126.50,-144.50,-130.8377,-96.3844
54791553,-128.50,-145.50,-136.3731,-107.0718
54795459,-101.50,-125.50,-133.6386,-114.0848
54799365,-88.50,-124.50,-118.5302,-107.5810
54803271,-136.50,-169.50,-109.5951,-104.5926
54807177,-152.50,-167.50,-124.2591,-117.7299
54811083,-142.50,-144.50,-144.8387,-128.4475
54814989,-138.50,-137.50,-150.3524,-122.7545
54818895,-134.50,-148.50,-144.5565,-112.5545
54822801,-134.50,-154.50,-137.5577,-109.6467
54826707,-160.50,-175.50,-137.3211,-115.3342
54830613,-156.50,-175.50,-144.8632,-126.4442
54834519,-175.50,-178.50,-153.8283,-136.0111
54838425,-196.50,-186.50,-165.6639,-141.1236
54842331,-152.50,-170.50,-172.3490,-140.2891
54846237,-140.50,-144.50,-159.0010,-127.7795
54850143,-131.50,-137.50,-135.8136,-107.7232
54854049,-126.50,-126.50,-118.5939,-91.6727
54857955,-116.50,-128.50,-108.2407,-82.8759
54861861,-120.50,-111.50,-102.3994,-76.0430
54865767,-124.50,-110.50,-101.5399,-66.9910
54869673,-136.50,-112.50,-105.5037,-60.4914
54873579,-135.50,-113.50,-110.9924,-60.5349
54877485,-131.50,-113.50,-113.0548,-62.9723
54881391,-140.50,-112.50,-112.5921,-63.2116
54885297,-143.50,-101.50,-114.3151,-59.2694
54889203,-137.50,-95.50,-115.7137,-52.0558
54893109,-172.50,-112.50,-118.8303,-48.8111
54897015,-166.50,-121.50,-128.5165,-54.9665
54900921,-144.50,-130.50,-132.5848,-65.1795
54904827,-142.50,-142.50,-123.7970,-74.5579
54908733,-142.50,-116.50,-112.9884,-78.4746
54912639,-144.50,-100.50,-107.1049,-70.1040
54916545,-129.50,-100.50,-102.5131,-55.3135
54920451,-121.50,-110.50,-94.7613,-46.7209
54924357,-130.50,-111.50,-88.2976,-46.8571
54928263,-133.50,-128.50,-88.2235,-53.2175
54932169,-132.50,-127.50,-90.0942,-63.5201
54936075,-145.50,-136.50,-91.6559,-72.5487
54939981,-113.50,-132.50,-90.5621,-76.2895
54943887,-110.50,-121.50,-81.2943,-72.6444
54947793,-111.50,-112.50,-70.2484,-63.1552
54951699,-152.50,-128.50,-71.0468,-57.3640
54955605,-145.50,-142.50,-84.1388,-62.9142
54959511,-118.50,-132.50,-90.4958,-71.6754
54963417,-121.50,-136.50,-82.8846,-73.1651
54967323,-125.50,-133.50,-75.1808,-70.7190
54971229,-111.50,-132.50,-69.9856,-69.1690
54975135,-111.50,-120.50,-61.8392,-66.1783
54979041,-110.50,-111.50,-55.3986,-58.1092
54982947,-101.50,-105.50,-53.5492,-46.9121
54986853,-97.50,-131.50,-51.2154,-42.8657
54990759,-97.50,-108.50,-46.0309,-47.3076
54994665,-88.50,-79.50,-38.9529,-42.9129
54998571,-78.50,-99.50,-30.8312,-29.2898
55002477,-80.50,-100.50,-25.1319,-23.8894
55006383,-99.50,-103.50,-27.3659,-27.0114
55010289,-102.50,-111.50,-35.8142,-32.3856
55014195,-106.50,-112.50,-42.2949,-38.8819
55018101,-111.50,-96.50,-45.9123,-40.6934
55022007,-90.50,-56.50,-46.8666,-27.8235
55025913,-116.50,-111.50,-46.0752,-12.6658
55029819,-168.50,-204.50,-57.8310,-33.5275
55033725,-156.50,-206.50,-80.7742,-87.7887
55037631,-143.50,-201.50,-91.7412,-127.9176
55041537,-164.50,-220.50,-91.5683,-140.3439
55045443,-154.50,-216.50,-93.6287,-142.5630
55049349,-142.50,-223.50,-90.8572,-141.1492
55053255,-169.50,-229.50,-83.8064,-139.2525
55057161,-180.50,-223.50,-87.4158,-139.3309
55061067,-178.50,-217.50,-99.7351,-138.1639
55064973,-182.50,-223.50,-108.8258,-135.1857
55068879,-188.50,-258.50,-111.7395,-137.9653
55072785,-170.50,-269.50,-107.3312,-150.8506
55076691,-171.50,-239.50,-96.8442,-159.7543
55080597,-177.50,-218.50,-90.7084,-150.7311
55084503,-175.50,-201.50,-92.5476,-129.5524
55088409,-165.50,-181.50,-92.4968,-105.0959
55092315,-172.50,-170.50,-86.5434,-80.9591
55096221,-148.50,-170.50,-77.6816,-64.0318
55100127,-137.50,-170.50,-65.6581,-59.3261
55104033,-122.50,-138.50,-52.1211,-56.7338
55107939,-121.50,-121.50,-39.9619,-42.1513
55111845,-99.50,-143.50,-27.3823,-24.7346
55115751,-114.50,-162.50,-16.2860,-23.9495
55119657,-130.50,-164.50,-17.3828,-37.8849
55123563,-125.50,-166.50,-28.8206,-51.5182
55127469,-128.50,-168.50,-36.4591,-57.7111
55131375,-125.50,-148.50,-36.1993,-53.8011
55135281,-110.50,-159.50,-29.7230,-43.2918
55139187,-114.50,-148.50,-21.3268,-36.2785
55143093,-110.50,-143.50,-17.3068,-33.2453
55146999,-79.50,-145.50,-11.3698,-30.6740
55150905,-90.50,-141.50,1.1376,-27.8297
55154811,-104.50,-129.50,7.0191,-21.7422
55158717,-116.50,-148.50,-0.6778,-16.9053
55162623,-125.50,-144.50,-14.6370,-20.2899
55166529,-114.50,-148.50,-24.4020,-26.4378
55170435,-142.50,-129.50,-28.8282,-25.7112
55174341,-148.50,-127.50,-36.2061,-16.4170
55178247,-143.50,-115.50,-43.8147,-5.0913
55182153,-149.50,-114.50,-46.6373,2.8426
55186059,-143.50,-122.50,-47.2446,5.0014
55189965,-136.50,-137.50,-44.4194,-0.0179
55193871,-172.50,-134.50,-43.7489,-7.7925
55197777,-170.50,-156.50,-52.6827,-15.6316
55201683,-160.50,-120.50,-60.8074,-19.7923
55205589,-165.50,-117.50,-61.1334,-12.3705
55209495,-171.50,-143.50,-60.5893,-4.3462
55213401,-175.50,-143.50,-61.8719,-8.0272
55217307,-148.50,-150.50,-58.1554,-16.0144
55221213,-146.50,-152.50,-46.5455,-22.8624
55225119,-168.50,-177.50,-40.4013,-32.1407
55229025,-152.50,-186.50,-43.8946,-45.4531
55232931,-156.50,-212.50,-44.3292,-59.8651
55236837,-180.50,-224.50,-44.5166,-74.9474
55240743,-176.50,-232.50,-51.9442,-89.5182
55244649,-175.50,-239.50,-58.9488,-100.6348
55248555,-178.50,-240.50,-60.6689,-106.5085
55252461,-191.50,-239.50,-61.5386,-105.8409
55256367,-205.50,-256.50,-66.4516,-104.0811
55260273,-213.50,-242.50,-75.6858,-105.3997
55264179,-190.50,-223.50,-80.9149,-101.7628
55268085,-161.50,-208.50,-70.9829,-87.9626
55271991,-136.50,-210.50,-45.9212,-71.2835
55275897,-125.50,-191.50,-17.3416,-57.4601
55279803,-142.50,-175.50,-0.4626,-43.7366
55283709,-134.50,-174.50,0.1692,-31.4122
55287615,-143.50,-159.50,-5.8516,-22.8422
55291521,-156.50,-154.50,-13.5997,-13.6652
55295427,-157.50,-157.50,-21.4057,-4.7971
55299333,-174.50,-169.50,-27.5550,-3.2797
55303239,-185.50,-169.50,-36.1226,-9.7173
55307145,-180.50,-143.50,-45.5212,-12.2307
55311051,-191.50,-161.50,-50.9671,-6.1860
55314957,-160.50,-129.50,-48.4492,2.8885
55318863,-160.50,-123.50,-35.6287,16.2310
55322769,-152.50,-141.50,-21.6946,25.2546
55326675,-140.50,-142.50,-12.3111,21.0381
55330581,-141.50,-138.50,-5.3263,14.1891
55334487,-146.50,-164.50,-2.2216,9.2357
55338393,-144.50,-165.50,-2.4015,0.5976
55342299,-153.50,-173.50,-4.1268,-9.2617
55346205,-175.50,-182.50,-11.5271,-17.6892
55350111,-165.50,-177.50,-22.5776,-23.4153
55354017,-166.50,-166.50,-27.0038,-21.5177
55357923,-174.50,-160.50,-25.9799,-12.7261
55361829,-148.50,-156.50,-22.0586,-3.7885
55365735,-127.50,-140.50,-9.1419,3.7676
55369641,-99.50,-133.50,12.6365,13.1275
55373547,-92.50,-126.50,35.6002,23.3445
55377453,-107.50,-102.50,48.5579,34.8264
55381359,-112.50,-138.50,46.7394,41.7261
55385269,-110.50,-114.50,38.8508,38.3654
55389175,-100.50,-108.50,35.0772,37.6924
55393081,-113.50,-126.50,35.1386,40.9585
55396987,-127.50,-160.50,31.4653,32.3646
55400893,-123.50,-176.50,24.6653,10.3379
55404799,-126.50,-158.50,20.5645,-7.7725
55408705,-122.50,-146.50,18.8171,-8.1786
55412611,-133.50,-174.50,16.5698,-2.5743
55416517,-136.50,-166.50,12.8497,-4.5001
55420423,-133.50,-148.50,10.6622,-4.2192
55424329,-140.50,-137.50,10.1856,5.7093
55428235,-155.50,-132.50,4.9950,17.2830
55432141,-158.50,-134.50,-5.3235,23.8569
55436047,-170.50,-144.50,-14.5627,24.4044
55439953,-184.50,-180.50,-22.4080,15.1572
55443859,-200.50,-209.50,-32.9594,-8.1353
55447765,-192.50,-197.50,-43.6443,-33.4656
55451671,-207.50,-207.50,-50.1544,-45.5636
55455577,-208.50,-191.50,-54.3192,-44.5571
55459483,-192.50,-150.50,-53.2260,-28.8938
55463389,-164.50,-133.50,-40.4567,-0.2811
55467295,-144.50,-159.50,-18.7342,19.5438
55471201,-148.50,-177.50,0.2414,14.7447
55475107,-143.50,-175.50,9.4074,-1.4506
55479013,-143.50,-185.50,13.0900,-12.1766
55482919,-142.50,-168.50,14.8675,-14.6642
55486825,-128.50,-172.50,16.5546,-11.1151
55490731,-148.50,-162.50,17.1850,-5.5509
55494637,-143.50,-161.50,14.0515,0.7056
55498543,-140.50,-152.50,12.8338,7.6235
55502449,-118.50,-129.50,19.1152,16.9132
55506355,-100.50,-113.50,32.2586,31.0402
55510261,-66.50,-61.50,51.5497,53.6036
55514167,-17.50,-15.50,81.3993,90.5115
55518073,29.50,-66.50,124.0349,121.4445
55521979,-26.50,-136.50,155.0841,109.1806
55525885,-45.50,-160.50,147.1784,59.4502
55529791,-62.50,-154.50,115.7058,15.0404
55533697,-79.50,-143.50,87.0182,-0.3601
55537603,-96.50,-144.50,65.9331,4.7057
55541509,-109.50,-198.50,49.7416,4.8790
55545415,-143.50,-207.50,32.7072,-13.3149
55549321,-150.50,-207.50,12.2031,-34.6182
55553227,-172.50,-191.50,-7.2069,-42.9741
55557133,-175.50,-180.50,-22.4659,-37.3361
55561039,-200.50,-212.50,-34.9480,-29.9410
55564945,-206.50,-271.50,-47.2348,-41.9628
55568851,-200.50,-288.50,-55.3834,-75.3941
55572757,-218.50,-270.50,-58.6822,-104.4696
55576663,-198.50,-248.50,-60.0374,-108.6030
55580569,-208.50,-242.50,-57.2095,-92.6886
55584475,-194.50,-216.50,-51.7388,-68.7471
55588381,-186.50,-213.50,-43.9314,-44.8805
55592287,-194.50,-239.50,-36.7189,-36.0556
55596193,-191.50,-208.50,-35.0420,-42.0188
55600099,-177.50,-202.50,-33.0546,-41.0330
55604005,-172.50,-201.50,-25.5077,-29.3092
55607911,-173.50,-191.50,-17.4009,-16.7670
55611817,-174.50,-207.50,-13.9328,-10.9840
55615723,-152.50,-198.50,-10.3474,-14.7706
55619629,-173.50,-203.50,-5.2068,-19.9656
55623535,-175.50,-204.50,-6.4247,-20.7273
55627441,-169.50,-196.50,-10.7852,-16.9117
55631347,-146.50,-207.50,-7.1481,-12.9843
55635253,-138.50,-207.50,5.4988,-15.5041
55639159,-144.50,-207.50,16.9708,-20.8573
55643065,-143.50,-204.50,20.5908,-21.5708
55646971,-146.50,-206.50,19.6874,-17.5578
55650877,-149.50,-229.50,17.0180,-17.9201
55654783,-146.50,-201.50,13.9465,-23.1769
55658689,-116.50,-202.50,17.7834,-21.9025
55662595,-127.50,-191.50,29.4447,-13.4594
55666501,-141.50,-186.50,34.7085,-2.6530
55670407,-140.50,-193.50,29.1641,5.3621
55674313,-133.50,-207.50,23.6320,3.1363
55678219,-151.50,-208.50,20.2273,-7.1213
55682125,-176.50,-212.50,10.3738,-15.6385
55686031,-175.50,-204.50,-4.2491,-16.6780
55689937,-195.50,-223.50,-16.1131,-14.9825
55693843,-205.50,-239.50,-27.6981,-21.1880
55697749,-196.50,-224.50,-37.2700,-31.4366
55701655,-202.50,-222.50,-39.3851,-33.0551
55705561,-182.50,-232.50,-34.1653,-29.1474
55709467,-177.50,-241.50,-22.9197,-29.4554
55713373,-176.50,-214.50,-12.4954,-29.5799
55717279,-169.50,-205.50,-7.4135,-20.9153
55721185,-162.50,-207.50,-3.2569,-9.6477
55725091,-158.50,-213.50,2.8866,-4.8173
55728997,-175.50,-218.50,5.9066,-5.8698
55732903,-177.50,-220.50,1.1370,-9.3515
55736809,-180.50,-202.50,-6.4711,-10.2152
55740715,-170.50,-179.50,-9.5273,-1.7034
55744621,-149.50,-169.50,-2.9027,15.5450
55748527,-136.50,-149.50,12.8273,35.2027
55752433,-140.50,-141.50,27.4782,53.0060
55756339,-149.50,-142.50,31.3324,63.4440
55760245,-129.50,-141.50,29.6732,64.5359
55764151,-126.50,-154.50,33.2105,60.0307
55768057,-128.50,-158.50,39.1233,53.3078
55771963,-139.50,-168.50,39.5686,46.3070
55775869,-113.50,-162.50,39.0413,40.2690
55779775,-152.50,-202.50,38.7512,30.5719
55783681,-162.50,-197.50,27.8732,14.6624
55787587,-141.50,-175.50,15.5002,7.9241
55791493,-121.50,-164.50,19.6877,18.5560
55795399,-122.50,-158.50,34.2839,33.4555
55799305,-143.50,-169.50,40.6860,40.1858
55803211,-144.50,-164.50,34.1090,38.8742
55807117,-143.50,-169.50,25.7327,36.6510
55811023,-131.50,-181.50,24.0512,33.1580
55814929,-136.50,-175.50,27.1764,26.9747
55818835,-157.50,-190.50,25.9454,20.8442
55822741,-154.50,-196.50,18.3299,14.0040
55826647,-150.50,-217.50,13.3467,4.8106
55830553,-168.50,-222.50,10.3658,-6.6861
55834459,-166.50,-205.50,3.6657,-13.6863
55838365,-157.50,-188.50,-0.0817,-8.3365
55842271,-166.50,-196.50,2.3650,3.2166
55846177,-149.50,-197.50,6.6636,9.8115
55850083,-159.50,-193.50,10.5249,11.4064
55853989,-172.50,-194.50,8.1416,11.6293
55857895,-174.50,-191.50,-0.2025,10.7270
55861801,-166.50,-178.50,-4.6555,12.4885
55865707,-153.50,-185.50,-0.2111,18.3675
55869613,-116.50,-180.50,14.2913,23.3343
55873519,-100.50,-173.50,37.2776,26.4677
55877425,-93.50,-173.50,59.1622,28.7856
55881331,-110.50,-164.50,69.1384,30.8946
55885237,-104.50,-132.50,66.7465,40.3069
55889143,-116.50,-145.50,59.1973,55.9605
55893049,-105.50,-142.50,52.3313,63.8834
55896955,-106.50,-136.50,50.7032,63.3462
55900861,-111.50,-122.50,52.6121,64.7039
55904767,-114.50,-116.50,52.5242,71.6163
55908673,-110.50,-114.50,50.2816,79.9441
55912579,-106.50,-114.50,48.6714,84.5942
55916485,-56.50,-96.50,57.1154,87.5286
55920391,-49.50,-90.50,80.3951,93.2794
55924297,-61.50,-96.50,100.3530,98.4584
55928203,-85.50,-94.50,99.1783,99.1813
55932109,-79.50,-96.50,83.8110,97.7628
55936015,-73.50,-78.50,72.5281,98.2908
55939921,-63.50,-104.50,72.7567,98.0464
55943827,-92.50,-113.50,74.6617,89.1972
55947733,-106.50,-111.50,66.0192,77.4905
55951639,-95.50,-109.50,53.0782,72.6578
55955545,-96.50,-98.50,47.1945,74.1070
55959451,-105.50,-91.50,44.7047,78.9923
55963357,-111.50,-102.50,40.2731,82.4932
55967263,-111.50,-102.50,36.2729,81.1615
55971169,-111.50,-134.50,34.5129,72.9079
55975075,-114.50,-120.50,32.2900,59.3292
55978981,-79.50,-91.50,34.1796,55.6342
55982887,25.50,-60.50,63.5173,71.8339
55986793,-38.50,-34.50,109.4437,100.5851
55990699,-84.50,-79.50,117.0363,119.6616
55994605,-124.50,-125.50,78.5376,105.5168
55998511,-112.50,-107.50,35.3199,72.3043
56002417,-100.50,-98.50,16.5357,54.3013
56006323,-98.50,-96.50,20.2499,55.8268
56010229,-123.50,-110.50,26.0477,60.5890
56014135,-136.50,-116.50,20.7629,59.1616
56018041,-130.50,-92.50,9.4983,57.1036
56021947,-141.50,-98.50,-0.1393,59.6260
56025853,-136.50,-111.50,-7.2398,58.4270
56029759,-140.50,-89.50,-9.0224,55.4592
56033665,-120.50,-67.50,-2.7608,64.5444
56037571,-110.50,-66.50,9.6534,81.1613
56041477,-97.50,-68.50,21.5786,89.1853
56045383,-109.50,-68.50,26.7980,86.7777
56049289,-111.50,-56.50,25.2714,84.9319
56053195,-124.50,-68.50,20.9462,87.1845
56057101,-142.50,-97.50,12.1543,81.5520
56061007,-143.50,-89.50,-2.1166,65.5217
56064913,-113.50,-76.50,-8.9119,55.6409
56068819,-107.50,-77.50,1.1574,58.2181
56072725,-88.50,-76.50,20.4077,64.1852
56076631,-89.50,-69.50,37.3320,68.4885
56080537,-94.50,-129.50,43.0929,60.8722
56084443,-68.50,-128.50,42.3489,35.3321
56088349,-79.50,-35.50,45.3506,27.7065
56092255,-72.50,-20.50,49.8791,61.8141
56096161,-58.50,-47.50,55.6486,97.2490
56100067,-47.50,-44.50,64.3761,103.1195
56103973,-16.50,-62.50,76.0893,91.9730
56107879,-0.50,-40.50,93.2437,80.9536
56111785,16.50,-1.50,113.3928,85.0675
56115691,-8.50,-38.50,125.4741,97.9760
56119597,-18.50,-24.50,119.4840,100.7654
56123503,-34.50,-34.50,100.4610,97.1898
56127409,-63.50,-47.50,76.7774,90.1345
56131315,-86.50,-29.50,51.2566,80.5467
56135221,-97.50,-47.50,29.1743,74.9044
56139127,-105.50,-95.50,13.9743,62.9996
56143033,-114.50,-111.50,2.7646,37.8168
56146939,-124.50,-92.50,-7.7626,16.4596
56150845,-125.50,-112.50,-15.7656,7.5535
56154751,-112.50,-130.50,-16.0144,-1.9530
56158657,-116.50,-119.50,-10.3001,-11.8449
56162563,-126.50,-139.50,-9.1727,-14.9089
56166469,-159.50,-152.50,-20.4500,-20.5784
56170375,-162.50,-144.50,-39.3128,-31.6160
56174281,-158.50,-141.50,-51.2965,-37.8208
56178187,-143.50,-134.50,-49.9504,-34.8112
56182093,-143.50,-136.50,-42.0404,-26.5709
56185999,-124.50,-156.50,-33.0201,-23.9723
56189905,-111.50,-124.50,-20.2893,-27.3963
56193811,-79.50,-120.50,-1.0165,-24.3811
56197717,-60.50,-128.50,22.5717,-17.1755
56201623,-100.50,-124.50,34.6056,-12.9841
56205529,-140.50,-122.50,18.4057,-9.8826
56209435,-142.50,-116.50,-12.2994,-7.7850
56213341,-154.50,-145.50,-33.8553,-12.6141
56217247,-168.50,-149.50,-46.3815,-25.8460
56221153,-174.50,-145.50,-57.4432,-35.3307
56225059,-174.50,-133.50,-64.6018,-32.9305
56228965,-179.50,-137.50,-65.7979,-26.4138
56232871,-158.50,-158.50,-61.4492,-28.4786
56236777,-139.50,-158.50,-49.8743,-38.9351
56240683,-154.50,-143.50,-38.3821,-42.9748
56244589,-140.50,-160.50,-33.7930,-39.0257
56248495,-152.50,-163.50,-31.5946,-40.3679
56252401,-169.50,-143.50,-34.4280,-44.1341
56256307,-160.50,-140.50,-43.1225,-39.4689
56260213,-175.50,-173.50,-50.9121,-35.5457
56264119,-206.50,-189.50,-61.7791,-45.5411
56268025,-192.50,-176.50,-74.2758,-60.2363
56271931,-185.50,-175.50,-76.0142,-65.8279
56275837,-191.50,-175.50,-70.7184,-64.1703
56279743,-174.50,-175.50,-66.5402,-60.2971
56283649,-172.50,-189.50,-59.9763,-58.0473
56287555,-174.50,-187.50,-51.9128,-60.8637
56291461,-182.50,-172.50,-48.6375,-63.3833
56295367,-207.50,-180.50,-55.6616,-61.5779
56299273,-206.50,-182.50,-70.6022,-59.5078
56303179,-190.50,-181.50,-78.3127,-57.7003
56307085,-185.50,-174.50,-71.3590,-54.3914
56310991,-175.50,-143.50,-58.0513,-46.5592
56314897,-202.50,-186.50,-51.8014,-40.5328
56318803,-228.50,-207.50,-62.8869,-50.7523
56322709,-261.50,-259.50,-88.4215,-76.9911
56326615,-282.50,-256.50,-117.2480,-107.0215
56330521,-278.50,-303.50,-137.4921,-134.0518
56334427,-309.50,-320.50,-148.3654,-161.7042
56338333,-328.50,-318.50,-161.4981,-182.2350
56342239,-372.50,-333.50,-182.8691,-187.3560
56346145,-412.50,-400.50,-212.9505,-197.5576
56350051,-477.50,-435.50,-253.0119,-231.2383
56353957,-494.50,-460.50,-296.8189,-273.7343
56357863,-479.50,-458.50,-323.4907,-301.0291
56361769,-555.50,-529.50,-335.7027,-317.2442
56365675,-596.50,-545.50,-361.1041,-340.5029
56369581,-635.50,-584.50,-398.8563,-368.8973
56373487,-687.50,-623.50,-437.1793,-398.6156
56377393,-701.50,-701.50,-472.2630,-437.5149
56381299,-715.50,-682.50,-494.3985,-475.3569
56385205,-719.50,-669.50,-499.9883,-484.8726
56389111,-712.50,-656.50,-492.8484,-466.8294
56393017,-701.50,-643.50,-477.3592,-442.3238
56396923,-684.50,-649.50,-457.8992,-422.2671
56400829,-671.50,-636.50,-436.5397,-407.2916
56404735,-660.50,-607.50,-414.2246,-388.6409
56408641,-652.50,-597.50,-392.4543,-364.0880
56412547,-606.50,-569.50,-367.1780,-339.2557
56416453,-574.50,-576.50,-332.3706,-317.1673
56420359,-549.50,-613.50,-293.5584,-308.0459
56424269,-527.50,-552.50,-258.3150,-304.9739
56428175,-476.50,-488.50,-221.8355,-277.3468
56432081,-449.50,-469.50,-180.0281,-227.7497
56435987,-419.50,-444.50,-140.9407,-183.2766
56439893,-397.50,-366.50,-109.6909,-139.6426
56443799,-349.50,-346.50,-78.5219,-86.9540
56447705,-324.50,-322.50,-41.1211,-43.2757
56451611,-297.50,-252.50,-4.4272,-9.7666
56455517,-266.50,-190.50,25.9091,36.1794
56459423,-239.50,-187.50,53.0654,88.9481
56463329,-209.50,-143.50,80.6101,128.9236
56467235,-205.50,-101.50,106.1205,160.9439
56471141,-193.50,-105.50,123.1714,186.6309
56475047,-165.50,-111.50,135.3507,195.1068
56478953,-144.50,-109.50,150.9704,191.9503
56482859,-108.50,-68.50,172.8434,196.1394
56486765,-111.50,-75.50,196.1067,210.2375
56490671,-110.50,-80.50,209.3320,216.1814
56494577,-123.50,-61.50,208.0423,213.4011
56498483,-96.50,-48.50,202.0823,218.0497
56502389,-78.50,-63.50,205.9348,226.6065
56506295,-73.50,-52.50,218.9314,227.3264
56510201,-74.50,-50.50,229.3300,223.1943
56514107,-57.50,-35.50,234.8285,222.1477
56518013,-42.50,-37.50,240.9459,226.3015
56521919,-20.50,-1.50,250.7042,236.5720
56525825,-8.50,-10.50,263.6050,249.6117
56529731,20.50,-12.50,279.8383,253.1019
56533637,36.50,7.50,299.0076,249.4997
56537543,44.50,6.50,314.2847,251.0502
56541449,64.50,36.50,322.5489,259.6586
56545355,83.50,15.50,330.9324,268.0940
56549261,106.50,11.50,344.6455,264.3764
56553167,127.50,15.50,362.2308,252.7307
56557073,117.50,17.50,374.2646,245.8495
56560979,109.50,32.50,371.0580,246.7182
56564885,112.50,61.50,358.5245,256.3233
56568791,115.50,80.50,349.1795,273.0025
56572697,103.50,59.50,343.1045,284.0211
56576603,109.50,38.50,335.5524,276.7787
56580509,96.50,39.50,326.3979,258.5226
56584415,77.50,31.50,312.7267,242.8186
56588321,79.50,10.50,296.0838,227.9437
56592227,71.50,-10.50,283.3175,207.8603
56596133,80.50,-8.50,275.6968,188.5675
56600039,71.50,-34.50,270.6681,174.5907
56603945,34.50,-52.50,258.7533,157.9058
56607851,12.50,-43.50,233.8157,139.8445
56611757,16.50,-42.50,208.0575,131.0064
56615663,16.50,-30.50,193.9986,132.6968
56619569,17.50,-20.50,189.0129,140.9958
56623475,12.50,-47.50,186.2769,144.8642
56627381,-5.50,-42.50,180.4669,136.3411
56631287,-30.50,-49.50,166.0965,124.3133
56635193,-29.50,-47.50,146.0586,116.7238
56639099,-24.50,-52.50,131.7631,113.0214
56643005,-11.50,-37.50,129.5105,112.9098
56646911,-15.50,-49.50,134.9546,114.0608
56650817,-40.50,-57.50,135.0753,109.7485
56654723,-58.50,-49.50,120.9649,102.3296
56658629,-57.50,-41.50,100.5899,101.0112
56662535,-89.50,-38.50,81.6318,105.2376
56666441,-106.50,-72.50,61.2453,102.8176
56670347,-129.50,-113.50,40.1174,81.5453
56674253,-144.50,-125.50,20.4276,48.5654
56678159,-207.50,-163.50,-6.2709,17.5745
56682065,-224.50,-196.50,-44.3215,-13.1590
56685971,-258.50,-242.50,-80.8376,-48.6625
56689877,-284.50,-256.50,-109.1515,-83.9082
56693783,-341.50,-270.50,-138.6000,-108.8620
56697689,-463.50,-383.50,-190.7603,-139.4356
56701595,-524.50,-436.50,-271.1603,-197.7534
56705501,-550.50,-445.50,-345.5905,-258.3655
56709407,-591.50,-489.50,-390.9257,-295.5697
56713313,-620.50,-518.50,-418.5223,-321.3844
56717219,-687.50,-576.50,-446.3473,-350.3013
56721125,-687.50,-587.50,-476.4228,-381.1435
56725031,-681.50,-592.50,-491.0371,-400.7853
56728937,-642.50,-564.50,-479.5769,-400.2034
56732843,-639.50,-549.50,-451.5787,-381.7556
56736749,-644.50,-538.50,-426.3426,-355.9218
56740655,-613.50,-512.50,-407.4389,-329.3272
56744561,-592.50,-527.50,-383.7515,-307.1135
56748467,-525.50,-478.50,-348.6886,-290.3286
56752373,-512.50,-456.50,-304.7375,-266.9738
56756279,-488.50,-473.50,-264.8059,-242.6445
56760185,-438.50,-404.50,-228.0647,-220.3123
56764091,-430.50,-398.50,-190.2683,-187.8172
56767997,-399.50,-367.50,-160.4768,-154.4845
56771903,-377.50,-328.50,-137.2009,-125.4146
56775809,-316.50,-278.50,-106.4668,-89.3500
56779715,-280.50,-264.50,-61.2428,-47.9771
56783621,-271.50,-226.50,-17.1211,-11.4218
56787527,-239.50,-198.50,11.4427,19.6612
56791433,-201.50,-175.50,34.6267,46.6541
56795339,-169.50,-143.50,63.7611,70.9448
56799245,-146.50,-113.50,96.1270,98.0681
56803151,-136.50,-111.50,122.8477,123.9732
56807057,-120.50,-64.50,139.3881,144.9367
56810963,-97.50,-44.50,151.0150,167.3322
56814869,-79.50,-49.50,164.6634,185.6818
56818775,-78.50,-25.50,178.4818,195.2191
56822681,-57.50,11.50,189.6095,209.4043
56826587,-41.50,24.50,201.2030,231.5792
56830493,-29.50,9.50,212.8448,244.6855
56834399,-28.50,21.50,220.1448,242.7098
56838305,-6.50,38.50,225.6816,241.3499
56842211,17.50,18.50,237.5803,243.9255
56846117,19.50,25.50,252.7705,240.2688
56850023,29.50,37.50,261.1892,234.9417
56853929,48.50,31.50,265.5969,233.4934
56857835,48.50,31.50,271.5151,231.6792
56861741,64.50,-0.50,277.6255,223.3365
56865647,80.50,22.50,284.9949,210.3184
56869553,105.50,35.50,295.8422,205.9837
56873459,106.50,46.50,306.9604,212.4552
56877365,112.50,62.50,312.8659,222.8570
56881271,112.50,66.50,313.4802,233.8442
56885177,96.50,50.50,307.9351,237.2961
56889083,76.50,27.50,291.9144,224.9725
56892989,69.50,38.50,269.4880,204.9429
56896895,86.50,42.50,254.5224,194.0246
56900801,96.50,31.50,254.8340,191.9487
56904707,83.50,16.50,259.5431,186.3971
56908613,97.50,-8.50,258.4654,170.8512
56912519,108.50,16.50,257.6183,153.9220
56916425,97.50,16.50,258.0648,149.0138
56920331,80.50,28.50,250.8815,153.9051
56924237,78.50,48.50,236.5283,163.8249
56928143,63.50,34.50,221.4032,173.2142
56932049,48.50,21.50,204.9993,170.2494
56935955,48.50,19.50,188.6147,156.5528
56939861,42.50,5.50,177.3509,142.0035
56943767,41.50,-12.50,170.6915,127.4438
56947673,61.50,-12.50,169.2685,113.1697
56951579,33.50,-26.50,168.9425,101.5549
56955485,39.50,-17.50,161.3932,92.8689
56959391,53.50,-26.50,155.0012,87.7731
56963297,41.50,-33.50,154.8849,83.1030
56967203,26.50,-25.50,149.7292,78.5794
56971109,19.50,-24.50,136.4341,77.6042
56975015,17.50,-37.50,123.0495,75.4942
56978921,13.50,-30.50,114.1895,69.6829
56982827,8.50,-16.50,107.8567,68.4911
56986733,16.50,-15.50,103.5045,74.3837
56990639,29.50,-33.50,104.7030,76.2961
56994545,29.50,-26.50,110.0807,69.7725
56998451,34.50,-37.50,113.8986,61.7676
57002357,21.50,-19.50,112.6223,58.0752
57006263,16.50,-40.50,105.1253,57.4137
57010169,-15.50,-60.50,90.4140,49.5959
57014075,-18.50,-70.50,70.2770,32.8405
57017981,-15.50,-56.50,55.0197,20.0817
57021887,6.50,-32.50,53.6410,22.3344
57025793,-17.50,-34.50,58.5992,34.9341
57029699,-37.50,-46.50,53.0635,42.0879
57033605,-46.50,-86.50,36.3418,32.4783
57037511,-36.50,-80.50,22.7430,11.1841
57041417,-30.50,-81.50,19.8443,-4.6902
57045323,-38.50,-81.50,21.7964,-10.1220
57049229,-44.50,-105.50,20.4665,-14.4567
57053135,-50.50,-96.50,15.4468,-20.9475
57057041,-47.50,-73.50,10.0254,-19.8118
57060947,-21.50,-72.50,10.4789,-9.7436
57064853,-29.50,-62.50,17.5863,-0.9481
57068759,-22.50,-49.50,23.6375,6.6176
57072665,-15.50,-45.50,28.2524,16.5445
57076571,-25.50,-72.50,31.0803,19.9393
57080477,-47.50,-92.50,23.8027,6.7891
57084383,-42.50,-76.50,8.8668,-11.6845
57088289,-45.50,-57.50,-0.9491,-15.0181
57092195,-53.50,-60.50,-4.1595,-4.2026
57096101,-46.50,-47.50,-5.7344,7.4716
57100007,-30.50,-31.50,-3.4716,17.7956
57103913,-9.50,-33.50,6.2118,26.3962
57107819,-18.50,-46.50,18.1096,26.8882
57111725,-40.50,-64.50,19.6668,17.2548
57115631,-58.50,-70.50,6.6447,3.3496
57119537,-61.50,-64.50,-11.8414,-6.3799
57123443,-68.50,-60.50,-26.4478,-8.7588
57127349,-79.50,-52.50,-36.5258,-6.0190
57131255,-92.50,-72.50,-45.1774,-4.0330
57135161,-85.50,-73.50,-51.1337,-7.7991
57139067,-78.50,-78.50,-51.1027,-14.4230
57142973,-84.50,-63.50,-49.0425,-18.1813
57146879,-82.50,-83.50,-49.7122,-20.0109
57150785,-98.50,-51.50,-52.6578,-19.2581
57154691,-97.50,-65.50,-57.1366,-12.1034
57158597,-74.50,-100.50,-57.1892,-12.7910
57162503,-87.50,-148.50,-52.3796,-37.4761
57166409,-90.50,-149.50,-52.1622,-73.9022
57170315,-125.50,-143.50,-60.9968,-95.9831
57174221,-128.50,-115.50,-76.1509,-92.9281
57178127,-128.50,-107.50,-88.6664,-73.8948
57182033,-124.50,-104.50,-93.7933,-55.7724
57185939,-130.50,-111.50,-94.9813,-48.6219
57189845,-142.50,-107.50,-96.4061,-49.7375
57193751,-122.50,-126.50,-95.4923,-54.8536
57197657,-143.50,-132.50,-92.2469,-63.9122
57201563,-144.50,-132.50,-95.9506,-72.5710
57205469,-133.50,-124.50,-102.0403,-74.6834
57209375,-122.50,-127.50,-98.1286,-71.6066
57213281,-111.50,-127.50,-84.7596,-68.8156
57217187,-111.50,-149.50,-71.4910,-71.4520
57221093,-133.50,-170.50,-69.8292,-83.4573
57224999,-142.50,-144.50,-81.6830,-95.1727
57228905,-140.50,-142.50,-94.1198,-93.4850
57232811,-116.50,-152.50,-93.3277,-86.7147
57236717,-130.50,-144.50,-83.2817,-84.0635
57240623,-157.50,-149.50,-83.4643,-82.2976
57244529,-165.50,-143.50,-98.3688,-80.3996
57248435,-165.50,-143.50,-112.3994,-78.8848
57252341,-172.50,-148.50,-117.8664,-78.5865
57256247,-157.50,-160.50,-116.9684,-81.5045
57260153,-153.50,-160.50,-110.6784,-86.2704
57264059,-159.50,-177.50,-104.0270,-91.9941
57267965,-157.50,-162.50,-101.2416,-97.3540
57271871,-158.50,-148.50,-100.0627,-94.8345
57275777,-143.50,-147.50,-96.9697,-84.2728
57279683,-154.50,-143.50,-92.8081,-74.0199
57283589,-160.50,-174.50,-93.0495,-72.8396
57287495,-158.50,-176.50,-96.0066,-83.9760
57291401,-166.50,-172.50,-97.5358,-95.7935
57295307,-174.50,-146.50,-100.8153,-94.5096
57299213,-174.50,-144.50,-106.4173,-80.6134
57303119,-157.50,-145.50,-106.8531,-66.8523
57307025,-112.50,-108.50,-91.4446,-55.0620
57310931,-136.50,-98.50,-67.8542,-38.0534
57314837,-190.50,-143.50,-66.9250,-30.1464
57318743,-165.50,-175.50,-88.4901,-47.5814
57322649,-138.50,-156.50,-96.2399,-71.8810
57326555,-130.50,-129.50,-81.7084,-75.1165
57330461,-78.50,-76.50,-56.2924,-52.0958
57334367,-47.50,-60.50,-20.6792,-15.4576
57338273,-49.50,-65.50,12.9917,13.8772
57342179,-44.50,-52.50,28.9252,27.5937
57346085,-49.50,-82.50,29.6583,27.7699
57349991,-63.50,-116.50,22.1645,8.9799
57353897,-72.50,-112.50,10.5371,-19.4146
57357803,-72.50,-97.50,0.8433,-32.4705
57361709,-59.50,-78.50,-1.2892,-22.7092
57365615,-56.50,-70.50,3.5361,-3.5342
57369521,-77.50,-88.50,5.3621,6.5266
57373427,-65.50,-66.50,0.9600,5.4277
57377333,-47.50,-80.50,2.2820,4.5305
57381239,-56.50,-72.50,10.1013,5.4663
57385145,-76.50,-62.50,9.5710,8.4494
57389051,-76.50,-98.50,-1.1207,7.5492
57392957,-69.50,-82.50,-8.5893,-2.3630
57396863,-47.50,-98.50,-4.1690,-10.9184
57400769,-60.50,-96.50,5.4129,-15.0602
57404675,-50.50,-79.50,9.7808,-14.3794
57408581,-62.50,-66.50,9.2151,-5.7080
57412487,-64.50,-73.50,5.7679,3.9075
57416393,-52.50,-82.50,3.2248,5.6873
57420299,-76.50,-118.50,1.2284,-4.5611
57424205,-70.50,-121.50,-5.1837,-23.9489
57428111,-74.50,-86.50,-10.7429,-34.3336
57432017,-72.50,-82.50,-11.7642,-25.5619
57435923,-81.50,-73.50,-12.6105,-10.2077
57439829,-72.50,-56.50,-14.7220,4.2804
57443735,-58.50,-20.50,-12.5185,23.2228
57447641,-66.50,-2.50,-6.0425,46.9629
57451547,-77.50,-32.50,-4.6158,60.1534
57455453,-79.50,-63.50,-10.1880,49.1282
57459359,-65.50,-64.50,-14.1691,26.1655
57463269,-83.50,-64.50,-14.8056,11.2838
57467175,-65.50,-68.50,-15.3172,5.3745
57471081,-56.50,-63.50,-10.3522,2.2577
57474987,-51.50,-61.50,-0.2214,2.9562
57478893,-58.50,-61.50,5.7733,7.5511
57482799,-65.50,-72.50,3.3196,9.6495
57486705,-68.50,-65.50,-3.6576,5.8621
57490611,-79.50,-77.50,-10.6433,-0.6701
57494517,-96.50,-83.50,-19.6495,-7.8555
57498423,-105.50,-93.50,-32.1588,-14.2065
57502329,-101.50,-89.50,-42.5179,-18.1505
57506235,-105.50,-106.50,-46.3506,-22.8889
57510141,-98.50,-111.50,-45.2286,-32.4868
57514047,-110.50,-112.50,-43.3721,-41.7561
57517953,-112.50,-140.50,-45.2417,-48.6315
57521859,-112.50,-148.50,-49.2277,-59.0890
57525765,-117.50,-141.50,-52.2079,-69.3697
57529671,-116.50,-124.50,-54.1639,-70.4316
57533577,-140.50,-115.50,-58.2631,-61.1142
57537483,-147.50,-136.50,-68.0926,-51.6578
57541389,-144.50,-155.50,-77.7969,-54.3325
57545295,-133.50,-132.50,-79.2248,-62.8400
57549201,-149.50,-127.50,-76.2076,-63.2502
57553107,-144.50,-125.50,-75.8284,-57.4795
57557013,-143.50,-111.50,-75.5212,-49.1896
57560919,-100.50,-98.50,-66.3402,-35.6710
57564825,-105.50,-144.50,-48.1891,-29.6704
57568731,-143.50,-175.50,-41.3041,-48.8328
57572637,-145.50,-162.50,-53.8414,-77.7410
57576543,-143.50,-145.50,-66.8990,-86.7862
57580449,-143.50,-142.50,-70.7560,-75.1381
57584355,-113.50,-146.50,-65.9157,-61.9536
57588261,-126.50,-143.50,-54.8916,-57.1836
57592167,-115.50,-143.50,-45.5694,-57.4732
57596073,-104.50,-126.50,-37.2264,-55.2989
57599979,-97.50,-132.50,-27.8092,-48.4124
57603885,-112.50,-142.50,-24.4935,-44.6363
57607791,-108.50,-118.50,-28.7027,-43.7106
57611697,-90.50,-112.50,-28.4735,-37.0465
57615603,-96.50,-111.50,-19.9707,-27.9970
57619509,-93.50,-111.50,-13.8461,-22.6692
57623415,-80.50,-108.50,-11.5913,-19.7178
57627321,-93.50,-101.50,-9.8544,-16.4435
57631227,-97.50,-105.50,-11.2838,-13.8390
57635133,-106.50,-120.50,-15.8079,-16.6529
57639039,-111.50,-121.50,-22.1603,-24.1375
57642945,-116.50,-151.50,-29.8693,-33.9983
57646851,-110.50,-141.50,-35.0816,-45.3620
57650757,-111.50,-132.50,-34.3883,-50.0372
57654663,-127.50,-144.50,-33.0495,-48.2351
57658569,-148.50,-166.50,-40.4609,-51.7302
57662475,-132.50,-143.50,-52.2453,-57.3919
57666381,-139.50,-146.50,-57.2333,-54.8342
57670287,-142.50,-164.50,-57.1600,-52.8925
57674193,-156.50,-147.50,-58.6021,-56.7884
57678099,-146.50,-152.50,-61.0749,-56.6431
57682005,-145.50,-160.50,-60.8196,-53.8841
57685911,-143.50,-176.50,-58.7386,-57.1329
57689817,-154.50,-196.50,-58.4796,-69.3998
57693723,-145.50,-185.50,-58.6311,-83.1924
57697629,-157.50,-177.50,-57.5796,-85.8023
57701535,-141.50,-169.50,-56.5617,-76.7867
57705441,-143.50,-178.50,-54.2144,-67.0841
57709347,-169.50,-202.50,-55.4801,-68.3899
57713253,-169.50,-175.50,-63.6376,-75.8326
57717159,-144.50,-182.50,-65.7119,-75.5247
57721065,-122.50,-172.50,-52.9895,-69.1647
57724971,-122.50,-179.50,-35.5868,-63.3066
57728877,-112.50,-169.50,-23.6576,-59.0218
57732783,-91.50,-139.50,-11.9991,-50.2453
57736689,-88.50,-132.50,2.7609,-33.8934
57740595,-95.50,-121.50,10.9927,-17.7416
57744501,-79.50,-100.50,11.1433,-3.1419
57748407,-68.50,-92.50,14.6490,12.5384
57752313,-79.50,-90.50,22.1375,24.2786
57756219,-106.50,-110.50,20.5883,24.9539
57760125,-112.50,-96.50,6.2984,18.2856
57764031,-116.50,-98.50,-9.8132,15.8837
57767937,-96.50,-93.50,-15.7560,18.8817
57771843,-122.50,-101.50,-13.3024,20.7301
57775749,-126.50,-121.50,-14.7550,15.3664
57779655,-121.50,-122.50,-19.6772,3.8455
57783561,-116.50,-153.50,-21.0337,-9.5763
57787467,-114.50,-109.50,-19.4365,-17.1934
57791373,-89.50,-63.50,-12.5634,-1.7744
57795279,-80.50,-111.50,2.7252,22.0642
57799185,-140.50,-169.50,8.1272,14.2844
57803091,-145.50,-166.50,-11.6693,-19.8034
57806997,-148.50,-183.50,-36.7917,-47.2401
57810903,-145.50,-173.50,-48.1343,-59.9032
57814809,-175.50,-190.50,-52.5101,-64.6595
57818715,-177.50,-209.50,-60.1810,-69.9902
57822621,-184.50,-242.50,-68.6404,-82.5714
57826527,-176.50,-265.50,-72.9630,-103.7502
57830433,-170.50,-255.50,-71.6198,-124.7388
57834339,-148.50,-240.50,-62.3035,-131.0523
57838245,-126.50,-239.50,-43.5076,-121.8185
57842151,-138.50,-234.50,-24.6525,-107.4568
57846057,-136.50,-224.50,-18.3255,-94.4164
57849963,-137.50,-235.50,-21.1380,-87.8636
57853869,-138.50,-244.50,-24.3016,-92.2203
57857775,-144.50,-237.50,-25.9250,-99.1841
57861681,-147.50,-206.50,-27.5301,-92.6695
57865587,-126.50,-181.50,-26.1734,-68.9445
57869493,-143.50,-181.50,-21.9502,-43.8419
57873399,-147.50,-175.50,-22.9005,-31.4565
57877305,-129.50,-172.50,-24.4219,-27.3074
57881211,-111.50,-192.50,-15.5526,-26.6458
57885117,-108.50,-182.50,-0.9610,-29.6107
57889023,-100.50,-182.50,9.6150,-31.6310
57892929,-96.50,-205.50,15.9330,-35.7303
57896835,-101.50,-183.50,19.7054,-41.3538
57900741,-106.50,-159.50,19.1945,-33.7522
57904647,-101.50,-157.50,16.0346,-14.5262
57908553,-84.50,-160.50,17.0031,-1.7304
57912459,-81.50,-150.50,24.5820,0.9908
57916365,-86.50,-122.50,31.9570,7.0929
57920271,-84.50,-144.50,34.3405,18.2450
57924177,-75.50,-132.50,35.2478,23.4124
57928083,-79.50,-117.50,36.5553,26.5202
57931989,-75.50,-130.50,36.7251,30.6961
57935895,-62.50,-116.50,39.4647,32.0193
57939801,-65.50,-120.50,46.1009,34.2762
57943707,-84.50,-116.50,47.0338,37.8381
57947613,-93.50,-114.50,36.7672,40.1167
57951519,-116.50,-125.50,20.0689,38.8430
57955425,-121.50,-113.50,3.2112,35.4471
57959331,-98.50,-120.50,-3.4776,35.2026
57963237,-92.50,-128.50,4.3690,34.9227
57967143,-93.50,-130.50,15.1394,30.7123
57971049,-104.50,-129.50,17.9357,25.7549
57974955,-111.50,-143.50,12.7727,20.7921
57978861,-156.50,-148.50,-1.6016,14.0870
57982767,-145.50,-153.50,-22.6547,7.7062
57986673,-143.50,-156.50,-35.1369,3.1564
57990579,-143.50,-159.50,-35.2163,-0.8421
57994485,-148.50,-158.50,-32.2006,-3.9843
57998391,-175.50,-159.50,-34.9887,-4.7537
58002297,-172.50,-179.50,-45.3092,-6.7655
58006203,-163.50,-179.50,-52.5238,-13.6211
58010109,-175.50,-176.50,-53.4159,-19.8919
58014015,-177.50,-185.50,-54.5779,-22.9151
58017921,-171.50,-188.50,-54.5761,-25.9105
58021827,-166.50,-175.50,-50.1081,-25.8003
58025733,-165.50,-187.50,-44.8946,-22.0181
58029639,-163.50,-180.50,-42.2870,-20.5484
58033545,-172.50,-181.50,-42.1787,-20.8344
58037451,-172.50,-189.50,-43.3936,-21.5628
58041357,-158.50,-163.50,-41.6274,-19.2288
58045263,-161.50,-177.50,-36.3799,-11.7709
58049169,-168.50,-193.50,-34.6140,-11.0550
58053075,-169.50,-207.50,-37.3162,-22.3397
58056981,-188.50,-188.50,-41.8213,-32.3538
58060887,-182.50,-194.50,-47.4966,-31.6163
58064793,-207.50,-180.50,-54.9115,-24.9572
58068699,-220.50,-207.50,-67.8021,-21.8313
58072605,-208.50,-183.50,-78.9762,-23.5924
58076511,-213.50,-182.50,-79.1409,-20.9657
58080417,-191.50,-179.50,-70.9768,-14.0686
58084323,-173.50,-150.50,-56.5983,-4.7481
58088229,-132.50,-97.50,-34.4632,17.9627
58092135,-115.50,-120.50,-5.8332,46.9473
58096041,-216.50,-198.50,2.2017,46.3094
58099947,-216.50,-203.50,-28.1709,10.0706
58103853,-182.50,-175.50,-56.8402,-19.1671
58107759,-204.50,-188.50,-59.9674,-22.3350
58111665,-271.50,-238.50,-69.4097,-26.7886
58115571,-252.50,-239.50,-93.8515,-45.6222
58119477,-226.50,-238.50,-101.2038,-60.0899
58123383,-216.50,-238.50,-85.3411,-62.7047
58127289,-207.50,-210.50,-68.0797,-57.8165
58131195,-185.50,-197.50,-54.4521,-44.0941
58135101,-182.50,-188.50,-38.3648,-25.1735
58139007,-166.50,-171.50,-21.4318,-6.5091
58142913,-111.50,-172.50,-0.3803,7.6210
58146819,-139.50,-187.50,20.7296,9.3725
58150725,-129.50,-180.50,27.4003,1.5123
58154631,-120.50,-175.50,28.8247,-1.5310
58158537,-143.50,-165.50,32.1014,5.4247
58162443,-142.50,-173.50,27.4367,13.5979
58166349,-148.50,-168.50,16.6168,15.0109
58170255,-149.50,-166.50,7.7759,13.2053
58174161,-148.50,-170.50,5.8035,13.2308
58178067,-140.50,-156.50,11.2298,16.8060
58181973,-136.50,-175.50,18.6612,20.4386
58185879,-136.50,-174.50,21.7362,16.7971
58189785,-152.50,-158.50,17.8508,12.5179
58193691,-143.50,-179.50,12.5112,13.0610
58197597,-130.50,-175.50,15.6532,12.1131
58201503,-130.50,-159.50,24.7709,13.0951
58205409,-117.50,-144.50,31.0420,21.5780
58209315,-110.50,-143.50,36.0370,32.1618
58213221,-93.50,-162.50,45.5197,35.5291
58217127,-90.50,-144.50,58.9865,33.4839
58221033,-111.50,-130.50,64.8629,37.8182
58224939,-96.50,-125.50,59.0217,47.7701
58228845,-102.50,-127.50,52.8382,53.7363
58232751,-103.50,-128.50,50.9238,54.4889
58236657,-116.50,-130.50,49.2477,54.1204
58240563,-128.50,-130.50,43.0355,53.7297
58244469,-112.50,-125.50,35.1631,52.5995
58248375,-116.50,-116.50,32.7166,52.8809
58252281,-126.50,-117.50,32.2296,56.2497
58256187,-129.50,-138.50,29.6157,57.0341
58260093,-130.50,-143.50,26.9048,49.9461
58263999,-150.50,-158.50,21.0158,37.3463
58267905,-165.50,-160.50,7.1173,23.6101
58271811,-165.50,-150.50,-7.9106,16.3371
58275717,-175.50,-154.50,-15.5715,18.8607
58279623,-182.50,-168.50,-19.2741,21.4967
58283529,-188.50,-175.50,-24.6353,16.0176
58287435,-184.50,-182.50,-30.3390,5.1985
58291341,-155.50,-169.50,-27.3554,-1.9462
58295247,-142.50,-175.50,-10.7499,-0.7130
58299153,-143.50,-171.50,8.1430,3.9522
58303059,-137.50,-143.50,18.0249,11.8919
58306965,-111.50,-130.50,24.5583,26.2233
58310871,-93.50,-121.50,37.4872,41.2786
58314777,-98.50,-126.50,52.4088,50.7438
58318683,-105.50,-118.50,58.7067,55.1125
58322589,-92.50,-98.50,58.3462,60.8944
58326495,-104.50,-92.50,56.8338,70.1980
58330401,-105.50,-106.50,52.2379,74.7177
58334307,-108.50,-129.50,46.5220,67.4372
58338213,-112.50,-133.50,43.3200,53.3144
58342119,-102.50,-116.50,43.2505,45.1982
58346025,-106.50,-104.50,45.0309,48.5889
58349931,-99.50,-89.50,45.8554,58.8731
58353837,-108.50,-84.50,45.3881,71.3544
58357743,-100.50,-80.50,45.1317,82.5130
58361649,-96.50,-128.50,47.4961,80.7255
58365555,-104.50,-136.50,49.3101,58.7948
58369461,-111.50,-145.50,45.0306,32.4061
58373367,-124.50,-146.50,35.8630,17.3658
58377273,-138.50,-181.50,24.6943,8.5857
58381179,-138.50,-202.50,14.4733,-6.4657
58385085,-136.50,-197.50,8.7578,-24.6605
58388991,-146.50,-175.50,5.5887,-31.1473
58392897,-179.50,-174.50,-3.5745,-23.5962
58396803,-181.50,-169.50,-19.4015,-12.0214
58400709,-176.50,-189.50,-29.9788,-6.2449
58404615,-175.50,-192.50,-31.1889,-10.8086
58408521,-175.50,-204.50,-29.5925,-22.2480
58412427,-164.50,-197.50,-26.2666,-32.5427
58416333,-159.50,-195.50,-18.4548,-34.5186
58420239,-154.50,-201.50,-9.0963,-30.0955
58424145,-152.50,-192.50,-3.2188,-25.6613
58428051,-165.50,-184.50,-3.9793,-21.4743
58431957,-171.50,-164.50,-10.7608,-14.3521
58435863,-158.50,-154.50,-14.8414,-1.9517
58439769,-143.50,-156.50,-8.6292,11.3683
58443675,-124.50,-159.50,5.3657,18.1418
58447581,-128.50,-126.50,18.4869,22.5919
58451487,-136.50,-148.50,23.0830,28.1345
58455393,-130.50,-166.50,21.8226,24.2535
58459299,-125.50,-164.50,22.4121,13.1238
58463205,-138.50,-165.50,22.3571,7.2761
58467111,-100.50,-133.50,23.3052,11.2013
58471017,-44.50,-82.50,43.1071,30.9121
58474923,-118.50,-130.50,67.0296,53.5942
58478829,-146.50,-164.50,56.8599,50.2728
58482735,-143.50,-173.50,25.1715,25.5915
58486641,-141.50,-149.50,5.0594,7.8213
58490547,-142.50,-128.50,-0.2370,9.4852
58494453,-134.50,-112.50,2.5697,25.0500
58498359,-131.50,-106.50,10.4715,44.8396
58502269,-143.50,-113.50,16.0742,59.6243
58506175,-137.50,-127.50,13.9053,60.2177
58510081,-160.50,-120.50,5.5223,48.7041
58513987,-142.50,-114.50,-2.7174,39.3758
58517893,-139.50,-121.50,-1.0602,39.1604
58521799,-122.50,-101.50,9.8759,46.4346
58525705,-109.50,-96.50,23.0766,57.9865
58529611,-72.50,-76.50,39.2309,67.8019
58533517,-66.50,-66.50,59.6455,75.6462
58537423,-52.50,-62.50,78.4823,84.5210
58541329,-63.50,-68.50,88.9820,92.2309
58545235,-86.50,-79.50,84.5255,92.5269
58549141,-79.50,-82.50,69.1323,82.9486
58553047,-78.50,-84.50,58.5124,70.1238
58556953,-78.50,-86.50,57.3461,62.2999
58560859,-106.50,-98.50,55.2765,59.9510
58564765,-110.50,-106.50,44.5478,56.5323
58568671,-108.50,-111.50,32.2097,47.9810
58572577,-110.50,-104.50,25.7085,38.4596
58576483,-109.50,-132.50,24.1036,30.3009
58580389,-101.50,-109.50,26.8782,25.5226
58584295,-111.50,-121.50,30.6685,27.9625
58588201,-120.50,-143.50,27.9571,25.6032
58592107,-144.50,-172.50,15.6059,6.6845
58596013,-128.50,-180.50,2.1195,-18.9093
58599919,-158.50,-237.50,-5.5351,-43.7144
58603825,-172.50,-260.50,-15.5541,-73.0365
58607731,-175.50,-256.50,-29.3187,-99.5346
58611637,-204.50,-273.50,-43.2341,-114.4888
58615543,-241.50,-258.50,-64.0561,-119.8378
58619449,-259.50,-257.50,-91.0770,-114.4408
58623355,-298.50,-282.50,-117.9222,-107.7062
58627261,-308.50,-284.50,-143.0235,-111.7787
58631167,-372.50,-369.50,-170.5465,-134.9156
58635073,-489.50,-492.50,-220.5636,-195.3371
58638979,-512.50,-512.50,-291.1902,-277.7699
58642885,-546.50,-512.50,-347.2245,-331.6144
58646791,-548.50,-556.50,-375.2022,-350.9811
58650697,-591.50,-608.50,-389.3425,-371.4732
58654603,-627.50,-633.50,-406.5992,-402.6986
58658509,-652.50,-664.50,-428.7096,-429.8988
58662415,-626.50,-643.50,-440.4049,-442.2806
58666321,-644.50,-667.50,-437.0275,-441.7746
58670227,-628.50,-666.50,-428.9517,-440.3391
58674133,-630.50,-661.50,-417.6996,-436.8049
58678039,-623.50,-657.50,-402.0376,-424.5522
58681945,-596.50,-624.50,-382.6625,-404.1988
58685851,-591.50,-601.50,-361.2974,-376.9185
58689757,-606.50,-591.50,-348.1180,-349.3917
58693663,-585.50,-579.50,-341.4638,-326.3941
58697569,-552.50,-581.50,-323.5335,-307.3060
58701475,-512.50,-537.50,-288.4629,-287.3222
58705381,-458.50,-478.50,-243.4017,-254.3584
58709287,-452.50,-447.50,-199.7636,-208.3116
58713193,-416.50,-420.50,-165.2140,-162.9793
58717099,-368.50,-352.50,-129.3838,-117.0365
58721005,-334.50,-320.50,-86.3096,-64.9752
58724911,-324.50,-296.50,-49.8956,-20.6954
58728817,-298.50,-248.50,-26.9363,11.3097
58732723,-274.50,-223.50,-6.3011,43.3606
58736629,-252.50,-256.50,19.2448,67.6804
58740535,-230.50,-252.50,45.1994,70.5451
58744441,-221.50,-218.50,64.8874,67.5853
58748347,-196.50,-176.50,78.8897,80.6847
58752253,-154.50,-196.50,99.1626,102.5040
58756159,-156.50,-159.50,126.4887,119.9134
58760065,-143.50,-104.50,145.9030,145.7300
58763971,-127.50,-84.50,155.4202,182.5881
58767877,-112.50,-86.50,163.6255,207.4797
58771783,-85.50,-93.50,176.5664,211.0822
58775689,-60.50,-76.50,197.3602,208.6261
58779595,-42.50,-74.50,221.2672,212.7801
58783501,-40.50,-64.50,238.0704,218.3188
58787407,-24.50,-42.50,245.0892,222.2734
58791313,-16.50,-42.50,249.6007,228.3558
58795219,-22.50,-26.50,253.3748,237.2392
58799125,-14.50,-31.50,253.7793,246.3342
58803031,8.50,-47.50,256.1617,245.5223
58806937,16.50,-25.50,264.0100,235.2742
58810843,23.50,-12.50,272.1150,232.1156
58814749,23.50,-15.50,276.6348,238.9606
58818655,16.50,-20.50,275.9875,244.3903
58822561,32.50,7.50,272.3861,246.9751
58826467,48.50,21.50,273.2483,253.1213
58830373,37.50,-4.50,276.6490,255.5990
58834279,48.50,-15.50,276.9083,245.6262
58838185,48.50,-22.50,276.9243,231.3278
58842091,43.50,10.50,275.4437,225.8665
58845997,43.50,19.50,268.7798,232.0952
58849903,47.50,36.50,261.1319,242.2592
58853809,50.50,38.50,257.7093,252.0083
58857715,48.50,61.50,257.4231,263.3795
58861621,44.50,48.50,255.0437,272.1567
58865527,33.50,12.50,246.6973,262.7350
58869433,22.50,-25.50,232.6495,229.4926
58873339,6.50,-26.50,216.1298,192.4777
58877245,11.50,-14.50,202.5209,175.3122
58881151,27.50,3.50,198.5277,179.6309
58885057,16.50,-14.50,200.4218,186.5062
58888963,-13.50,-31.50,193.0769,179.4321
58892869,-31.50,-16.50,172.2388,166.8753
58896775,-47.50,-27.50,148.2550,162.3072
58900681,-48.50,-63.50,129.6397,153.9390
58904587,-36.50,-45.50,120.6170,135.9028
58908493,-52.50,-46.50,118.1018,124.3097
58912399,-78.50,-48.50,110.3145,123.0034
58916305,-89.50,-68.50,94.1516,121.0470
58920211,-98.50,-93.50,77.0435,108.8288
58924117,-111.50,-122.50,61.5627,83.8913
58928023,-116.50,-143.50,47.5068,52.8503
58931929,-125.50,-121.50,37.5859,31.9409
58935835,-134.50,-108.50,31.3632,33.6328
58939741,-141.50,-126.50,24.9630,44.3776
58943647,-152.50,-140.50,15.4676,43.0047
58947553,-204.50,-160.50,-3.7897,27.7861
58951459,-209.50,-165.50,-31.9318,9.2233
58955365,-239.50,-191.50,-56.2913,-6.9930
58959271,-249.50,-197.50,-74.6824,-22.0374
58963177,-233.50,-201.50,-85.8077,-33.6152
58967083,-277.50,-224.50,-92.4534,-42.9788
58970989,-365.50,-319.50,-118.7186,-69.3481
58974895,-422.50,-360.50,-173.5269,-122.3092
58978801,-444.50,-410.50,-231.5266,-181.0750
58982707,-441.50,-417.50,-267.2705,-225.0125
58986613,-481.50,-398.50,-283.9407,-243.0652
58990519,-541.50,-435.50,-304.6536,-242.4789
58994425,-543.50,-461.50,-331.7802,-247.5016
58998331,-537.50,-462.50,-345.4537,-260.3482
59002237,-529.50,-454.50,-342.6890,-266.6906
59006143,-544.50,-437.50,-337.2280,-261.4728
59010049,-536.50,-444.50,-333.1004,-250.1058
59013955,-513.50,-452.50,-319.8378,-241.4769
59017861,-490.50,-450.50,-294.2919,-237.0227
59021767,-482.50,-434.50,-269.3142,-231.1823
59025673,-476.50,-440.50,-254.3195,-224.1204
59029579,-463.50,-406.50,-242.8649,-214.7149
59033485,-431.50,-397.50,-222.3845,-195.7154
59037391,-437.50,-368.50,-196.6596,-168.8046
59041297,-413.50,-333.50,-179.1332,-138.3411
59045203,-402.50,-304.50,-167.3824,-106.6203
59049109,-385.50,-248.50,-152.4058,-72.0095
59053015,-354.50,-225.50,-129.0023,-31.2426
59056921,-308.50,-219.50,-94.5728,4.6324
59060827,-294.50,-210.50,-58.1363,24.4525
59064733,-267.50,-196.50,-30.9244,32.4654
59068639,-244.50,-188.50,-8.4464,37.3874
59072545,-220.50,-177.50,17.2782,44.4399
59076451,-193.50,-150.50,45.0412,58.4062
59080357,-193.50,-134.50,66.2652,79.2086
59084263,-169.50,-92.50,77.2677,102.7061
59088169,-126.50,-62.50,92.6780,129.2880
59092075,-76.50,-49.50,126.4725,155.7847
59095981,-34.50,-21.50,172.8014,178.7175
59099887,-6.50,-9.50,215.3355,199.0708
59103793,-10.50,-4.50,240.3021,212.0348
59107699,-12.50,11.50,245.2003,216.4654
59111605,13.50,10.50,244.6556,218.6631
59115511,16.50,22.50,250.5444,222.2286
59119417,27.50,34.50,257.2143,228.8905
59123323,38.50,49.50,261.1653,237.3833
59127229,49.50,41.50,266.4560,241.5068
59131135,48.50,29.50,272.5706,236.0317
59135041,29.50,37.50,271.2693,226.8588
59138947,20.50,48.50,257.6441,224.6016
59142853,19.50,58.50,239.8596,228.8582
59146759,30.50,19.50,229.8969,225.6424
59150665,21.50,11.50,228.6089,207.1139
59154571,7.50,-24.50,225.1576,181.8361
59158477,-8.50,-18.50,212.3272,159.0975
59162383,-2.50,-8.50,196.0348,146.9077
59166289,-0.50,-4.50,186.3831,145.8590
59170195,16.50,-1.50,187.0430,148.7680
59174101,19.50,9.50,194.6398,154.0760
59178007,19.50,-24.50,200.6930,154.9551
59181913,22.50,-14.50,200.5862,144.1380
59185819,16.50,-48.50,196.0939,125.9817
59189725,-6.50,-53.50,185.8917,105.0585
59193631,-13.50,-59.50,169.9536,89.0522
59197537,-20.50,-59.50,154.6060,82.5419
59201443,-15.50,-66.50,144.5780,78.9251
59205349,-17.50,-53.50,139.7342,75.1301
59209255,-32.50,-50.50,134.9404,75.1530
59213161,-24.50,-47.50,128.5673,79.3982
59217067,-30.50,-29.50,124.3871,86.6825
59220973,-2.50,-24.50,125.2673,95.8875
59224879,32.50,-25.50,137.7176,100.7854
59228785,43.50,-18.50,159.9625,100.4625
59232691,45.50,-21.50,178.0615,100.1432
59236597,42.50,-26.50,184.2863,99.4370
59240503,37.50,-21.50,180.0372,96.5639
59244409,16.50,-28.50,166.9970,91.9388
59248315,-20.50,-30.50,143.5864,85.5169
59252221,-66.50,-53.50,109.0201,76.5278
59256127,-63.50,-97.50,74.2412,58.1583
59260033,-68.50,-79.50,53.9936,34.2836
59263939,-76.50,-91.50,45.1019,19.6959
59267845,-74.50,-74.50,39.3624,16.0979
59271751,-67.50,-68.50,38.8764,21.2565
59275657,-60.50,-67.50,44.6274,31.0264
59279563,-64.50,-73.50,49.8926,36.1800
59283469,-72.50,-100.50,47.4658,29.0030
59287375,-69.50,-106.50,40.1491,10.5518
59291281,-72.50,-92.50,35.7344,-3.2011
59295187,-74.50,-110.50,34.6888,-5.4504
59299093,-70.50,-124.50,33.9410,-8.9146
59302999,-66.50,-110.50,33.2984,-16.0315
59306905,-54.50,-93.50,35.1582,-15.5611
59310811,-34.50,-77.50,43.8495,-4.4873
59314717,-44.50,-63.50,55.5026,11.9547
59318623,-45.50,-79.50,59.3009,24.0526
59322529,-47.50,-79.50,54.6823,24.1486
59326435,-47.50,-70.50,48.3662,18.8626
59330341,-46.50,-70.50,44.6078,16.8085
59334247,-62.50,-73.50,41.5268,16.8881
59338153,-78.50,-60.50,32.7285,19.1319
59342059,-56.50,-69.50,23.1378,23.0722
59345965,-32.50,-24.50,26.4457,30.0821
59349871,-95.50,-62.50,29.9904,37.8610
59353777,-125.50,-129.50,9.6788,23.2509
59357683,-140.50,-126.50,-23.7366,-13.2722
59361589,-111.50,-114.50,-43.1425,-37.2100
59365495,-96.50,-106.50,-39.5035,-38.3073
59369401,-83.50,-115.50,-23.1942,-33.1803
59373307,-85.50,-111.50,-7.2738,-31.0288
59377213,-114.50,-105.50,-2.7283,-27.4656
59381119,-129.50,-109.50,-15.7324,-22.5476
59385025,-111.50,-110.50,-33.3306,-22.9716
59388931,-89.50,-116.50,-35.8922,-29.0113
59392837,-115.50,-144.50,-27.3839,-39.1779
59396743,-131.50,-140.50,-26.8727,-50.5079
59400649,-101.50,-136.50,-31.0709,-55.3688
59404555,-132.50,-138.50,-33.1440,-55.2785
59408461,-127.50,-143.50,-41.2516,-57.4454
59412367,-111.50,-145.50,-46.4954,-60.8566
59416273,-112.50,-154.50,-38.7919,-62.4373
59420179,-101.50,-134.50,-27.1482,-60.5192
59424085,-97.50,-112.50,-19.5939,-51.5046
59427991,-101.50,-120.50,-18.5013,-40.3124
59431897,-81.50,-111.50,-17.8250,-33.9232
59435803,-66.50,-89.50,-7.3621,-24.9521
59439709,-54.50,-88.50,10.0592,-10.6804
59443615,-41.50,-82.50,24.6294,-1.4223
59447521,-44.50,-63.50,31.6468,2.8561
59451427,-52.50,-62.50,30.7049,9.7028
59455333,-42.50,-73.50,28.1964,15.8429
59459239,-78.50,-78.50,24.0843,14.9291
59463145,-106.50,-78.50,6.2955,8.4202
59467051,-110.50,-60.50,-20.8191,4.1403
59470957,-111.50,-84.50,-39.0897,3.5094
59474863,-105.50,-64.50,-42.3699,3.7173
59478769,-81.50,-54.50,-33.0269,10.1991
59482675,-73.50,-41.50,-16.9682,21.6998
59486581,-66.50,-41.50,-3.8933,29.4072
59490487,-74.50,-65.50,1.0371,27.3508
59494393,-66.50,-110.50,1.1523,10.3169
59498299,-72.50,-116.50,1.2218,-16.3101
59502205,-88.50,-109.50,-2.6106,-35.9282
59506111,-89.50,-98.50,-12.7178,-40.8910
59510017,-87.50,-106.50,-21.0297,-37.8417
59513923,-96.50,-111.50,-24.0568,-34.8340
59517829,-78.50,-82.50,-22.7921,-28.6627
59521735,-61.50,-89.50,-14.2669,-18.1068
59525641,-69.50,-100.50,-3.8256,-16.2874
59529547,-49.50,-100.50,2.5260,-24.6753
59533453,-62.50,-75.50,7.0665,-25.8311
59537359,-76.50,-68.50,5.4083,-12.4930
59541268,-84.50,-89.50,-4.8712,-1.9703
59545174,-112.50,-100.50,-20.9374,-9.3112
59549080,-124.50,-106.50,-41.0353,-25.4748
59552986,-52.50,-83.50,-45.0577,-31.8153
59556892,-78.50,-74.50,-24.9024,-21.9169
59560798,-164.50,-145.50,-23.8368,-19.9987
59564704,-191.50,-188.50,-64.2191,-51.3252
59568610,-217.50,-240.50,-113.0651,-103.6002
59572516,-223.50,-239.50,-145.1866,-148.2804
59576422,-272.50,-268.50,-166.9411,-172.9833
59580328,-281.50,-268.50,-189.0257,-185.1903
59584234,-303.50,-282.50,-207.5380,-192.2678
59588140,-335.50,-315.50,-223.7905,-201.2609
59592046,-372.50,-349.50,-247.6716,-220.5461
59595952,-370.50,-358.50,-273.4178,-244.6926
59599858,-328.50,-349.50,-278.3746,-259.0921
59603764,-329.50,-330.50,-257.7310,-255.6114
59607670,-305.50,-331.50,-231.1735,-240.4267
59611576,-281.50,-313.50,-206.7754,-223.2463
59615482,-265.50,-308.50,-183.0800,-206.9084
59619388,-255.50,-304.50,-163.0846,-194.4923
59623294,-252.50,-293.50,-148.6815,-186.4533
59627200,-239.50,-277.50,-137.8465,-176.2670
59631106,-210.50,-288.50,-123.8069,-164.2985
59635012,-200.50,-266.50,-104.6559,-154.2863
59638918,-205.50,-253.50,-89.5529,-142.0826
59642824,-197.50,-239.50,-82.5218,-126.9735
59646730,-166.50,-190.50,-72.9225,-105.8695
59650636,-141.50,-193.50,-52.7654,-77.7373
59654542,-176.50,-207.50,-36.9247,-59.8336
59658448,-136.50,-209.50,-33.5201,-60.1317
59662354,-126.50,-207.50,-24.6305,-66.8135
59666260,-143.50,-204.50,-12.2895,-70.1877
59670166,-142.50,-207.50,-11.4280,-69.2827
59674072,-123.50,-191.50,-13.6727,-63.9202
59677978,-131.50,-181.50,-10.2916,-52.8373
59681884,-128.50,-178.50,-6.4831,-41.2168
59685790,-132.50,-176.50,-5.2451,-34.9769
59689696,-143.50,-173.50,-7.7653,-32.2633
59693602,-143.50,-170.50,-14.2691,-28.8651
59697508,-149.50,-207.50,-20.6104,-30.8202
59701414,-146.50,-226.50,-23.8518,-47.1693
59705320,-136.50,-216.50,-21.7064,-66.7162
59709226,-124.50,-189.50,-13.5550,-69.2071
59713132,-130.50,-164.50,-5.2594,-50.8148
59717038,-148.50,-166.50,-5.8252,-26.4169
59720944,-164.50,-166.50,-17.0632,-12.2843
59724850,-157.50,-144.50,-29.3151,-6.1020
59728756,-146.50,-146.50,-31.9277,0.5331
59732662,-156.50,-157.50,-28.1981,3.3008
59736568,-161.50,-155.50,-28.0052,0.2329
59740474,-158.50,-143.50,-30.3307,-0.0371
59744380,-162.50,-162.50,-30.8338,1.9203
59748286,-161.50,-154.50,-31.1883,-0.7219
59752192,-143.50,-145.50,-29.3966,-2.1574
59756098,-127.50,-132.50,-19.8117,4.4872
59760004,-121.50,-124.50,-4.8349,16.3420
59763910,-143.50,-134.50,3.4531,24.7697
59767816,-116.50,-154.50,3.2661,21.0540
59771722,-117.50,-143.50,5.5927,10.2759
59775628,-169.50,-133.50,1.3398,7.0742
59779534,-164.50,-127.50,-17.5840,13.8028
59783440,-136.50,-116.50,-27.7524,23.6332
59787346,-148.50,-120.50,-20.7971,31.5067
59791252,-153.50,-162.50,-16.1281,27.2001
59795158,-146.50,-159.50,-17.9632,9.1292
59799064,-91.50,-117.50,-8.2253,1.0244
59802970,-63.50,-120.50,22.3950,13.6138
59806876,-143.50,-175.50,41.5383,18.5713
59810782,-173.50,-180.50,17.9195,0.0859
59814688,-144.50,-175.50,-16.9706,-19.4839
59818594,-126.50,-175.50,-23.1719,-25.6794
59822500,-175.50,-191.50,-17.4377,-28.3253
59826406,-175.50,-209.50,-26.4107,-36.8166
59830312,-178.50,-207.50,-39.4027,-46.7997
59834218,-175.50,-224.50,-43.4455,-53.2301
59838124,-165.50,-200.50,-41.0467,-55.9798
59842030,-155.50,-184.50,-34.6105,-49.8378
59845936,-134.50,-172.50,-23.0288,-34.8282
59849842,-116.50,-164.50,-4.7629,-17.8018
59853748,-120.50,-168.50,12.8354,-5.2733
59857654,-115.50,-162.50,20.4802,-0.9858
59861560,-109.50,-149.50,21.2965,0.1334
59865466,-112.50,-144.50,21.6390,4.5932
59869372,-94.50,-136.50,25.2692,13.0185
59873278,-111.50,-130.50,30.6446,23.2577
59877184,-111.50,-131.50,29.7829,30.5248
59881090,-111.50,-128.50,24.0621,31.5155
59884996,-104.50,-142.50,21.3655,27.2114
59888902,-112.50,-185.50,22.2726,13.9286
59892808,-111.50,-186.50,22.7124,-6.9966
59896714,-104.50,-175.50,22.9791,-20.3605
59900620,-136.50,-176.50,19.2786,-21.5248
59904526,-136.50,-159.50,6.9260,-16.7021
59908432,-143.50,-142.50,-5.2314,-4.5722
59912338,-144.50,-140.50,-10.9558,12.4369
59916244,-144.50,-143.50,-12.7837,23.1830
59920150,-138.50,-143.50,-12.1807,23.0958
59924056,-128.50,-137.50,-8.1186,19.0490
59927962,-124.50,-129.50,-0.6858,20.0284
59931868,-106.50,-113.50,9.1006,29.4230
59935774,-124.50,-120.50,16.5799,40.7871
59939680,-137.50,-113.50,12.9188,45.2556
59943586,-136.50,-129.50,1.8226,41.7479
59947492,-132.50,-144.50,-4.5519,31.7016
59951398,-116.50,-153.50,-1.4109,19.0802
59955304,-111.50,-162.50,8.3390,8.3714
59959210,-108.50,-174.50,17.6248,-2.0076
59963116,-120.50,-145.50,20.4929,-7.5593
59967022,-122.50,-149.50,16.4087,-1.6994
59970928,-123.50,-153.50,10.5792,6.8550
59974834,-111.50,-148.50,8.9954,10.5990
59978740,-130.50,-160.50,9.5150,9.6803
59982646,-146.50,-153.50,3.3816,4.8492
59986552,-140.50,-134.50,-6.7764,4.9326
59990458,-137.50,-125.50,-10.9544,15.6266
59994364,-134.50,-144.50,-9.3108,25.7015
59998270,-154.50,-164.50,-9.9026,21.1606
60002176,-158.50,-184.50,-16.6579,2.6062
60006082,-153.50,-175.50,-22.7118,-15.9940
60009988,-143.50,-167.50,-21.6391,-21.2467
60013894,-138.50,-182.50,-15.7529,-17.5359
60017800,-133.50,-188.50,-9.2338,-17.8470
60021706,-140.50,-186.50,-4.7276,-22.4390
60025612,-134.50,-184.50,-2.7282,-25.2764
60029518,-143.50,-176.50,-3.0442,-23.9720
60033424,-144.50,-190.50,-6.9677,-21.4619
60037330,-136.50,-176.50,-10.4320,-20.0220
60041236,-143.50,-139.50,-9.5592,-10.5337
60045142,-106.50,-120.50,-1.8885,11.3543
60049048,-127.50,-134.50,10.0449,30.2309
60052954,-123.50,-122.50,13.7664,36.5704
60056860,-102.50,-99.50,13.7283,42.6374
60060766,-85.50,-109.50,23.4403,52.4537
60064672,-111.50,-140.50,33.9684,50.1129
60068578,-142.50,-112.50,26.8249,38.0761
60072484,-144.50,-111.50,5.4871,36.4548
60076390,-146.50,-122.50,-11.4049,41.8475
60080296,-136.50,-117.50,-16.0197,42.2903
60084202,-143.50,-156.50,-12.9673,33.8280
60088108,-154.50,-160.50,-11.7946,15.6319
60092014,-160.50,-160.50,-16.6271,-0.1743
60095920,-148.50,-174.50,-21.3654,-7.4897
60099826,-139.50,-178.50,-19.3162,-13.2921
60103732,-140.50,-175.50,-12.7912,-18.0723
60107638,-144.50,-160.50,-8.2532,-16.5079
60111544,-145.50,-148.50,-7.4396,-6.9091
60115450,-132.50,-143.50,-6.5848,5.5557
60119356,-138.50,-138.50,-4.3163,14.9457
60123262,-121.50,-114.50,-1.2107,23.8004
60127168,-125.50,-118.50,4.5775,34.3160
60131074,-124.50,-127.50,10.0586,38.8070
60134980,-122.50,-138.50,12.1288,33.4156
60138886,-124.50,-138.50,11.4331,24.4631
60142792,-120.50,-145.50,9.7124,17.4275
60146698,-137.50,-190.50,7.2628,5.0995
60150604,-158.50,-192.50,-0.8735,-16.5573
60154510,-161.50,-191.50,-14.2621,-32.9681
60158416,-161.50,-190.50,-24.9688,-36.6155
60162322,-137.50,-175.50,-25.6857,-32.1930
60166228,-122.50,-169.50,-13.4058,-22.8455
60170134,-127.50,-198.50,2.9647,-18.3002
60174040,-148.50,-191.50,8.0400,-24.1039
60177946,-144.50,-170.50,0.1587,-26.6848
60181852,-133.50,-159.50,-6.9591,-17.5794
60185758,-137.50,-143.50,-6.6704,-3.0923
60189664,-158.50,-154.50,-7.3611,8.6941
60193570,-164.50,-145.50,-14.5138,14.0093
60197476,-172.50,-165.50,-24.0689,12.8257
60201382,-171.50,-194.50,-32.2331,0.0636
60205288,-175.50,-205.50,-37.6360,-22.5049
60209194,-180.50,-194.50,-40.2422,-38.3125
60213100,-168.50,-181.50,-38.5439,-36.7412
60217006,-159.50,-175.50,-30.9043,-24.5535
60220912,-144.50,-163.50,-20.3825,-12.2869
60224818,-153.50,-169.50,-12.7560,-4.5073
60228724,-158.50,-180.50,-11.8751,-4.2596
60232630,-158.50,-177.50,-14.1294,-9.0226
60236536,-161.50,-165.50,-15.5763,-10.2107
60240442,-127.50,-157.50,-12.2457,-4.7177
60244348,-94.50,-144.50,4.2111,4.6816
60248254,-76.50,-133.50,31.6353,16.4791
60252160,-52.50,-104.50,60.0074,32.3881
60256066,-72.50,-106.50,78.4179,49.5990
60259972,-63.50,-97.50,80.0085,59.9755
60263878,-94.50,-102.50,68.6652,62.5427
60267784,-124.50,-77.50,46.7080,65.3415
60271690,-120.50,-128.50,23.4938,65.3480
60275596,-132.50,-128.50,11.2009,51.6455
60279502,-121.50,-120.50,7.4521,36.1526
60283408,-113.50,-175.50,9.1380,23.0556
60287314,-130.50,-207.50,11.6803,-3.2395
60291220,-143.50,-195.50,7.5770,-31.4783
60295126,-138.50,-201.50,0.2723,-42.7582
60299032,-146.50,-194.50,-4.9197,-42.1391
60302938,-148.50,-192.50,-10.3584,-38.1770
60306844,-143.50,-176.50,-14.3488,-30.7681
60310750,-127.50,-177.50,-9.9613,-20.4566
60314656,-116.50,-191.50,3.1525,-15.6418
60318562,-124.50,-161.50,14.2995,-15.5989
60322468,-129.50,-143.50,14.2124,-6.8939
60326374,-133.50,-160.50,7.1156,5.9095
60330280,-146.50,-159.50,-0.2158,9.6806
60334186,-145.50,-171.50,-6.1160,5.6617
60338092,-128.50,-146.50,-6.7314,2.6011
60341998,-106.50,-134.50,2.1997,8.4410
60345904,-111.50,-129.50,15.3991,20.2991
60349810,-126.50,-140.50,20.9823,28.3077
60353716,-122.50,-141.50,17.7696,28.7365
60357622,-105.50,-141.50,16.5948,24.9956
60361528,-73.50,-57.50,26.0687,34.4332
60365434,-18.50,-66.50,51.7894,64.4575
60369340,-79.50,-114.50,77.2338,81.7978
60373246,-111.50,-214.50,71.1763,53.2160
60377152,-143.50,-202.50,37.5089,-3.6293
60381058,-141.50,-202.50,2.7664,-43.2842
60384964,-144.50,-224.50,-17.6776,-58.2889
60388870,-168.50,-232.50,-26.8119,-66.6818
60392776,-158.50,-246.50,-30.9969,-71.6886
60396682,-158.50,-253.50,-28.6434,-75.1885
60400588,-154.50,-256.50,-24.7242,-81.8344
60404494,-173.50,-303.50,-28.0898,-98.2221
60408400,-175.50,-285.50,-37.6659,-118.9717
60412306,-148.50,-254.50,-38.5772,-118.6175
60416212,-143.50,-260.50,-24.5286,-97.1115
60420118,-128.50,-236.50,-8.5897,-78.3128
60424024,-111.50,-191.50,2.8624,-60.8868
60427930,-124.50,-193.50,10.5620,-37.3907
60431836,-121.50,-214.50,13.4410,-21.7454
60435742,-108.50,-228.50,16.7626,-23.9871
60439648,-111.50,-202.50,21.4584,-32.1705
60443554,-111.50,-179.50,21.2789,-29.4643
60447460,-104.50,-156.50,19.3071,-12.8144
60451366,-113.50,-160.50,20.8671,8.7006
60455272,-117.50,-193.50,21.9761,18.2758
60459178,-114.50,-200.50,19.4867,7.4253
60463084,-114.50,-204.50,15.3546,-12.2192
60466990,-102.50,-177.50,14.2771,-22.1859
60470896,-110.50,-161.50,18.4575,-11.8280
60474802,-101.50,-170.50,24.1369,8.3340
60478708,-97.50,-169.50,28.7420,19.5505
60482614,-102.50,-152.50,29.4294,21.1420
60486520,-100.50,-134.50,25.9687,24.4782
60490426,-96.50,-168.50,25.0847,28.0063
60494332,-93.50,-204.50,29.5234,18.0886
60498238,-95.50,-161.50,33.6620,4.7750
60502144,-100.50,-142.50,31.7299,9.7787
60506050,-99.50,-143.50,25.8667,23.9997
60509956,-90.50,-163.50,24.3367,28.5121
60513862,-80.50,-156.50,31.1520,25.9883
60517768,-108.50,-154.50,35.6354,26.8669
60521674,-140.50,-117.50,22.1088,34.2734
60525580,-166.50,-112.50,-7.1760,46.1838
60529486,-199.50,-160.50,-39.2103,48.5827
60533392,-169.50,-132.50,-59.1859,40.4946
60537298,-152.50,-138.50,-55.3285,40.0896
60541204,-146.50,-153.50,-38.0799,40.1971
60545110,-157.50,-150.50,-26.7324,29.3437
60549016,-156.50,-144.50,-25.1897,20.4992
60552922,-146.50,-132.50,-24.8465,25.7325
60556828,-149.50,-133.50,-22.1416,39.3074
60560734,-126.50,-136.50,-17.8761,45.9806
60564640,-125.50,-127.50,-9.5388,42.3767
60568546,-148.50,-127.50,-4.2363,38.6283
60572452,-169.50,-126.50,-12.0925,41.0134
60576358,-181.50,-168.50,-29.8754,40.0671
60580264,-176.50,-175.50,-46.0132,24.3125
60584170,-201.50,-175.50,-56.6471,3.0247
60588076,-200.50,-188.50,-64.9851,-11.5531
60591982,-196.50,-175.50,-67.5188,-15.7974
60595888,-194.50,-180.50,-63.7942,-9.7401
60599794,-188.50,-166.50,-59.7929,-1.1564
60603700,-177.50,-178.50,-55.3020,1.5437
60607606,-196.50,-202.50,-51.0898,-7.3126
60611512,-204.50,-208.50,-52.8087,-22.7616
60615418,-196.50,-225.50,-57.4241,-34.4483
60619324,-191.50,-218.50,-58.2152,-41.2068
60623230,-217.50,-224.50,-60.3902,-45.7609
60627136,-234.50,-242.50,-71.0335,-52.8606
60631042,-232.50,-256.50,-82.7243,-63.7274
60634948,-239.50,-266.50,-87.8862,-73.3046
60638854,-255.50,-283.50,-93.3646,-82.1658
60642760,-289.50,-324.50,-108.2876,-100.0974
60646666,-284.50,-312.50,-126.6364,-123.8992
60650572,-330.50,-335.50,-141.2166,-137.9846
60654478,-373.50,-354.50,-163.8293,-144.9841
60658384,-399.50,-368.50,-198.3361,-154.6360
60662290,-416.50,-357.50,-230.3333,-163.7268
60666196,-414.50,-386.50,-247.5826,-170.6948
60670102,-460.50,-430.50,-255.3983,-185.8508
60674008,-482.50,-469.50,-269.7439,-213.4292
60677914,-512.50,-465.50,-292.4509,-239.8169
60681820,-527.50,-512.50,-315.7456,-259.5526
60685726,-564.50,-530.50,-336.7961,-282.4243
60689632,-595.50,-566.50,-358.0867,-307.3833
60693538,-604.50,-576.50,-376.8443,-326.0354
60697444,-611.50,-568.50,-386.7853,-332.4422
60701350,-618.50,-591.50,-389.8972,-331.8366
60705256,-623.50,-620.50,-390.0964,-339.8869
60709162,-617.50,-591.50,-385.5287,-349.0529
60713068,-618.50,-591.50,-375.1905,-340.6199
60716974,-628.50,-623.50,-366.1657,-328.3031
60720880,-638.50,-623.50,-365.0621,-330.4669
60724786,-623.50,-692.50,-365.2272,-348.5496
60728692,-606.50,-654.50,-354.2019,-370.2894
60732598,-559.50,-633.50,-326.3025,-367.4389
60736504,-549.50,-602.50,-288.5652,-337.2021
60740410,-559.50,-591.50,-261.1014,-301.9389
60744316,-528.50,-591.50,-247.3091,-276.9936
60748222,-489.50,-526.50,-226.5390,-253.9316
60752128,-512.50,-478.50,-200.1109,-212.6733
60756034,-456.50,-464.50,-178.9071,-163.0889
60759940,-424.50,-472.50,-150.3244,-131.5661
60763846,-400.50,-463.50,-113.1681,-121.1620
60767752,-421.50,-440.50,-86.8581,-113.6180
60771658,-429.50,-450.50,-81.8875,-102.0785
60775564,-431.50,-447.50,-88.6793,-95.2489
60779470,-432.50,-449.50,-94.2403,-93.4332
60783376,-431.50,-452.50,-95.5636,-91.9362
60787282,-418.50,-479.50,-91.0096,-94.4333
60791188,-389.50,-484.50,-75.9189,-104.2530
60795094,-400.50,-485.50,-55.9191,-113.9637
60799000,-405.50,-482.50,-46.4328,-116.2837
60802906,-396.50,-473.50,-46.7361,-110.7126
60806812,-386.50,-478.50,-43.9491,-101.4380
60810718,-388.50,-478.50,-36.0691,-95.0187
60814624,-357.50,-472.50,-24.2639,-91.5584
60818530,-356.50,-445.50,-8.0427,-83.3241
60822436,-362.50,-436.50,3.4400,-66.5538
60826342,-342.50,-406.50,8.5431,-44.4905
60830248,-317.50,-392.50,19.8406,-20.0248
60834154,-327.50,-394.50,35.8006,-0.7418
60838060,-306.50,-382.50,46.9175,8.7576
60841966,-322.50,-367.50,52.6570,16.4876
60845872,-338.50,-350.50,49.5079,29.3300
60849778,-319.50,-330.50,42.4259,47.0814
60853684,-303.50,-303.50,45.8772,68.5274
60857590,-280.50,-297.50,61.3908,89.7256
60861496,-271.50,-309.50,80.8943,101.0549
60865402,-238.50,-256.50,101.0725,108.5848
60869308,-180.50,-228.50,130.3275,130.2358
60873214,-159.50,-180.50,169.2148,165.3167
60877120,-149.50,-132.50,200.6028,206.8770
60881026,-152.50,-91.50,214.5094,251.5454
60884932,-133.50,-79.50,218.7035,289.3196
60888838,-111.50,-54.50,226.1756,313.2347
60892744,-76.50,-44.50,242.7265,326.9950
60896650,-44.50,-47.50,267.4776,332.7124
60900556,-38.50,-16.50,292.8396,335.5177
60904462,-9.50,-2.50,312.4696,345.2584
60908368,16.50,-16.50,330.6651,354.4951
60912274,15.50,39.50,345.4890,360.9084
60916180,31.50,97.50,351.5287,384.2269
60920086,48.50,99.50,356.3198,419.9659
60923992,42.50,64.50,362.8833,435.0746
60927898,52.50,49.50,365.1873,419.0261
60931804,64.50,79.50,364.9287,397.7156
60935710,80.50,106.50,367.4679,395.7446
60939616,82.50,104.50,372.4924,406.3959
60943522,85.50,105.50,375.9103,412.5267
60947428,106.50,124.50,378.7685,415.0267
60951334,127.50,128.50,386.0180,419.2852
60955240,151.50,117.50,398.0081,417.4982
60959146,155.50,131.50,410.1938,407.8476
60963052,160.50,143.50,417.2724,403.1775
60966958,169.50,173.50,419.3438,411.6285
60970864,160.50,175.50,416.3862,426.2431
60974770,147.50,170.50,404.3396,431.3164
60978676,151.50,163.50,387.8863,421.7588
60982582,112.50,127.50,370.8750,401.4698
60986488,112.50,136.50,350.1667,377.8953
60990394,102.50,112.50,330.3674,358.9970
60994300,126.50,102.50,319.1537,340.2476
60998206,121.50,100.50,317.6942,320.6921
61002112,126.50,69.50,319.4512,302.7046
61006018,115.50,98.50,317.8588,289.1998
61009924,95.50,63.50,307.3688,281.7917
61013830,84.50,54.50,286.6723,267.9654
61017736,53.50,43.50,260.4760,246.6546
61021642,37.50,17.50,232.8594,225.3474
61025548,16.50,16.50,208.1667,205.9783
61029454,-18.50,-31.50,183.3662,185.5152
61033360,-54.50,-82.50,150.7683,151.0214
61037269,-109.50,-137.50,108.1818,99.6751
61041175,-158.50,-195.50,58.2683,41.2414
61045081,-154.50,-225.50,15.7695,-13.1082
61048987,-178.50,-232.50,-7.6675,-50.9871
61052893,-304.50,-322.50,-40.7786,-82.7044
61056799,-376.50,-384.50,-111.5465,-132.8493
61060705,-388.50,-399.50,-187.5074,-189.2735
61064611,-440.50,-446.50,-235.9787,-229.8946
61068517,-512.50,-512.50,-276.2124,-267.3756
61072423,-516.50,-540.50,-318.9814,-311.4601
61076329,-527.50,-533.50,-344.5850,-342.9983
61080235,-515.50,-527.50,-346.8414,-347.8698
61084141,-484.50,-527.50,-331.6565,-336.9931
61088047,-454.50,-478.50,-303.2187,-317.7507
61091953,-430.50,-447.50,-269.1705,-284.9740
61095859,-431.50,-454.50,-239.9957,-250.5867
61099765,-449.50,-444.50,-226.5053,-230.9324
61103671,-458.50,-431.50,-230.1148,-220.2937
61107577,-464.50,-443.50,-240.5534,-212.7707
61111483,-437.50,-392.50,-243.1264,-202.8363
61115389,-422.50,-366.50,-229.0870,-177.8833
61119295,-409.50,-371.50,-205.3964,-147.6984
61123201,-386.50,-342.50,-181.4857,-126.5753
61127107,-377.50,-336.50,-160.4950,-109.9717
61131013,-336.50,-283.50,-139.8674,-89.3827
61134919,-304.50,-239.50,-111.5796,-55.9513
61138825,-268.50,-175.50,-75.1696,-7.7653
61142731,-247.50,-138.50,-38.7129,46.9193
61146637,-248.50,-140.50,-13.1126,89.4328
61150543,-206.50,-118.50,2.7744,109.2275
61154449,-175.50,-88.50,24.1846,120.8517
61158355,-143.50,-50.50,54.6653,140.3604
61162261,-132.50,-63.50,84.3378,162.0296
61166167,-110.50,-48.50,106.4637,173.2909
61170073,-94.50,-47.50,122.8358,176.8805
61173979,-94.50,-43.50,133.9188,177.4889
61177885,-88.50,-15.50,138.1603,179.5849
61181791,-66.50,-26.50,142.6095,185.7558
61185697,-44.50,12.50,155.0372,194.7376
61189603,-24.50,18.50,173.1946,209.3478
61193509,-9.50,34.50,190.5743,223.8986
61197415,-0.50,51.50,203.5978,233.8140
61201321,-25.50,27.50,206.6192,236.7991
61205227,-28.50,30.50,196.5614,229.5735
61209133,7.50,35.50,188.7853,221.2626
61213039,8.50,30.50,194.8270,216.6458
61216945,14.50,48.50,203.9261,213.7900
61220851,34.50,54.50,211.4397,215.6925
61224757,36.50,58.50,220.4019,220.9808
61228663,52.50,34.50,227.7157,220.4180
61232569,80.50,47.50,235.9117,211.3158
61236475,86.50,82.50,247.7347,208.4601
61240381,97.50,96.50,258.3843,220.4861
61244287,113.50,91.50,267.2672,234.3863
61248193,111.50,90.50,273.7422,238.6625
61252099,111.50,85.50,272.7507,234.2037
61256005,112.50,77.50,266.0422,223.5348
61259911,113.50,93.50,260.0183,212.6195
61263817,116.50,110.50,257.0590,212.0897
61267723,144.50,91.50,259.6034,217.7507
61271629,147.50,94.50,267.4294,216.6557
61275535,134.50,83.50,270.0254,207.7030
61279441,133.50,81.50,262.7501,194.7598
61283347,116.50,64.50,250.9265,180.2259
61287253,134.50,70.50,240.1961,168.2782
61291159,129.50,95.50,234.4913,167.2190
61295065,131.50,93.50,230.6788,175.5232
61298971,144.50,123.50,229.0384,184.3528
61302877,144.50,122.50,232.0026,192.9591
61306783,128.50,116.50,230.8139,197.4034
61310689,144.50,109.50,222.5092,193.3875
61314595,141.50,113.50,215.7832,184.8440
61318501,132.50,120.50,210.8702,177.7482
61322407,123.50,137.50,202.8915,177.0636
61326313,106.50,112.50,190.2596,178.5087
61330219,101.50,112.50,173.5477,173.0965
61334125,109.50,74.50,159.7124,157.5600
61338031,84.50,64.50,150.2842,132.0672
61341937,74.50,55.50,138.1331,106.0864
61345843,71.50,41.50,124.5738,88.0385
61349749,43.50,28.50,109.9949,75.1151
61353655,17.50,20.50,87.2748,63.5289
61357561,13.50,16.50,61.5829,52.2264
61361467,25.50,-10.50,48.0841,38.1599
61365373,16.50,-13.50,47.5616,20.9396
61369279,7.50,23.50,46.0636,15.2970
61373185,16.50,29.50,40.1281,28.4872
61377091,-15.50,-17.50,31.7546,35.3017
61380997,-56.50,-74.50,12.0285,10.0559
61384903,-58.50,-63.50,-16.2013,-30.5436
61388809,-57.50,-66.50,-35.5543,-53.4843
61392715,-50.50,-44.50,-40.8192,-53.8786
61396621,-15.50,-25.50,-32.6221,-40.9081
61400527,-15.50,-16.50,-14.0386,-22.8944
61404433,-15.50,-28.50,0.9522,-10.9571
61408339,-32.50,-25.50,2.0355,-9.8412
61412245,-52.50,-2.50,-11.3248,-10.3634
61416151,-54.50,-8.50,-30.5332,-6.4421
61420057,-47.50,-33.50,-41.5936,-8.1139
61423963,-50.50,-46.50,-41.5913,-20.5764
61427869,-58.50,-65.50,-40.1328,-37.4401
61431775,-48.50,-61.50,-41.4605,-52.6766
61435681,-53.50,-47.50,-42.4619,-59.5236
61439587,-61.50,-38.50,-44.7159,-54.7826
61443493,-56.50,-34.50,-48.1545,-43.7307
61447399,-38.50,-42.50,-45.9140,-35.3169
61451305,-37.50,-66.50,-37.6101,-39.1087
61455211,-61.50,-42.50,-35.3822,-50.5982
61459117,-63.50,-44.50,-44.4440,-54.6110
61463023,-72.50,-52.50,-55.4632,-52.2948
61466929,-79.50,-65.50,-63.8174,-53.4513
61470835,-69.50,-95.50,-68.9346,-64.1197
61474741,-76.50,-84.50,-69.8323,-81.2310
61478647,-88.50,-67.50,-71.7667,-88.9746
61482553,-80.50,-78.50,-75.3785,-84.4494
61486459,-88.50,-88.50,-76.9484,-80.9334
61490365,-105.50,-90.50,-81.7269,-83.2544
61494271,-90.50,-92.50,-89.2280,-88.0722
61498177,-86.50,-101.50,-89.2701,-94.8421
61502083,-92.50,-112.50,-83.8835,-103.6794
61505989,-109.50,-127.50,-84.2344,-112.8398
61509895,-136.50,-128.50,-96.4833,-120.1606
61513801,-116.50,-116.50,-111.7139,-122.4435
61517707,-120.50,-111.50,-115.9112,-119.1990
61521613,-121.50,-110.50,-112.5515,-114.1146
61525519,-110.50,-111.50,-107.8158,-109.1701
61529425,-132.50,-136.50,-105.0061,-108.8260
61533331,-129.50,-133.50,-109.0180,-116.6229
61537237,-128.50,-122.50,-114.2671,-123.8353
61541143,-144.50,-114.50,-117.8117,-122.1099
61545049,-143.50,-111.50,-122.5915,-113.4217
61548955,-143.50,-108.50,-125.3873,-103.0669
61552861,-127.50,-97.50,-122.2299,-94.1971
61556767,-105.50,-122.50,-110.8711,-92.7708
61560673,-111.50,-134.50,-96.2775,-104.1042
61564579,-157.50,-175.50,-95.6508,-124.6749
61568485,-147.50,-176.50,-111.2173,-146.0998
61572391,-146.50,-169.50,-122.9975,-157.2129
61576297,-176.50,-164.50,-129.5957,-156.3201
61580203,-163.50,-167.50,-138.5229,-152.2431
61584109,-154.50,-156.50,-139.4658,-147.0098
61588015,-136.50,-152.50,-127.4992,-137.5458
61591921,-126.50,-144.50,-110.4909,-126.7194
61595827,-115.50,-124.50,-95.9780,-116.9520
61599733,-112.50,-125.50,-86.1031,-107.7258
61603639,-106.50,-127.50,-78.9280,-101.3673
61607545,-111.50,-143.50,-73.8597,-100.2229
61611451,-121.50,-149.50,-74.3126,-105.2420
61615357,-117.50,-147.50,-79.6483,-113.1208
61619263,-101.50,-147.50,-80.6075,-118.4985
61623169,-79.50,-130.50,-69.8278,-116.3133
61627075,-72.50,-88.50,-51.4499,-98.4788
61630981,-60.50,-66.50,-35.0480,-66.4195
61634887,-68.50,-69.50,-26.4974,-39.4559
61638793,-33.50,-60.50,-20.9908,-29.3382
61642699,-47.50,-42.50,-12.3624,-24.5778
61646605,-56.50,-78.50,-9.0264,-21.3390
61650511,-79.50,-79.50,-17.6637,-28.5150
61654417,-82.50,-96.50,-32.6376,-42.7120
61658323,-97.50,-123.50,-46.9867,-60.7492
61662229,-96.50,-137.50,-57.6264,-82.0552
61666135,-113.50,-159.50,-64.9695,-100.8883
61670041,-116.50,-168.50,-71.3558,-115.5235
61673947,-103.50,-158.50,-73.9236,-123.7372
61677853,-113.50,-159.50,-71.9566,-124.0118
61681759,-134.50,-159.50,-75.4299,-120.8916
61685665,-141.50,-152.50,-86.7909,-115.9943
61689571,-120.50,-172.50,-92.8758,-112.3238
61693477,-136.50,-161.50,-89.6555,-113.9384
61697383,-138.50,-173.50,-88.9371,-117.7917
61701289,-142.50,-184.50,-93.1342,-123.6297
61705195,-143.50,-175.50,-96.1567,-128.2691
61709101,-156.50,-147.50,-98.3835,-121.0614
61713007,-137.50,-150.50,-99.3453,-104.6728
61716913,-124.50,-144.50,-93.1222,-93.0453
61720819,-112.50,-136.50,-80.1085,-87.3319
61724725,-112.50,-156.50,-67.2265,-84.7406
61728631,-128.50,-168.50,-61.9345,-89.7288
61732537,-128.50,-160.50,-66.0078,-98.0332
61736443,-110.50,-143.50,-69.3069,-98.5210
61740349,-101.50,-161.50,-63.6291,-93.3651
61744255,-101.50,-161.50,-53.6687,-92.0612
61748161,-98.50,-144.50,-45.7940,-89.9291
61752067,-86.50,-143.50,-39.0998,-81.9361
61755973,-93.50,-156.50,-34.0451,-77.7936
61759879,-108.50,-168.50,-36.8468,-83.9007
61763785,-94.50,-138.50,-43.5092,-87.7418
61767691,-88.50,-114.50,-42.0728,-74.3257
61771597,-100.50,-132.50,-36.3048,-55.5238
61775503,-117.50,-148.50,-39.2874,-53.3501
61779409,-127.50,-175.50,-52.0328,-68.7504
61783315,-115.50,-181.50,-62.4428,-88.6180
61787221,-116.50,-175.50,-62.3434,-100.0595
61791127,-120.50,-180.50,-58.0462,-101.5367
61795033,-128.50,-163.50,-57.9429,-97.8212
61798939,-129.50,-156.50,-62.0485,-88.5101
61802845,-127.50,-149.50,-65.3760,-75.8727
61806751,-113.50,-143.50,-62.9600,-64.8557
61810657,-139.50,-141.50,-59.5057,-57.8438
61814563,-141.50,-147.50,-63.8922,-56.1798
61818469,-128.50,-164.50,-69.0953,-60.8491
61822375,-120.50,-164.50,-65.4436,-68.7436
61826281,-143.50,-169.50,-61.2580,-74.1411
61830187,-160.50,-170.50,-68.0094,-76.9115
61834093,-142.50,-175.50,-77.4890,-79.5177
61837999,-125.50,-169.50,-74.3732,-80.4770
61841905,-127.50,-143.50,-62.6957,-73.1533
61845811,-127.50,-126.50,-54.9318,-55.0512
61849717,-118.50,-153.50,-50.6980,-41.0836
61853623,-129.50,-174.50,-47.1439,-47.0114
61857529,-128.50,-180.50,-47.5976,-64.7334
61861435,-134.50,-201.50,-51.7697,-80.6459
61865341,-142.50,-187.50,-57.3745,-90.3454
61869247,-147.50,-182.50,-62.8297,-90.0412
61873153,-168.50,-182.50,-69.1975,-83.2549
61877059,-162.50,-181.50,-77.2753,-76.9943
61880965,-190.50,-190.50,-86.5770,-74.1721
61884871,-173.50,-191.50,-95.3477,-75.8387
61888777,-175.50,-207.50,-96.1340,-81.7580
61892683,-160.50,-201.50,-88.0072,-88.8494
61896589,-143.50,-185.50,-74.6210,-88.0902
61900495,-121.50,-191.50,-57.1571,-78.9664
61904401,-110.50,-156.50,-38.7166,-66.4228
61908307,-106.50,-158.50,-23.7653,-50.9448
61912213,-122.50,-148.50,-17.6967,-38.2787
61916119,-144.50,-125.50,-24.9784,-27.0922
61920025,-143.50,-145.50,-40.2359,-16.5766
61923931,-154.50,-146.50,-52.7786,-15.5681
61927837,-175.50,-156.50,-63.0573,-22.5852
61931743,-161.50,-144.50,-70.7994,-28.3131
61935649,-150.50,-143.50,-68.0907,-27.2358
61939555,-146.50,-148.50,-57.9175,-23.1332
61943461,-145.50,-145.50,-50.0106,-21.1383
61947367,-138.50,-136.50,-45.2534,-18.7695
61951273,-128.50,-141.50,-38.6627,-15.4187
61955179,-128.50,-137.50,-30.3798,-13.7286
61959085,-117.50,-129.50,-23.8432,-11.1446
61962991,-111.50,-129.50,-18.0669,-5.9351
61966897,-116.50,-168.50,-13.2717,-8.3579
61970803,-120.50,-174.50,-12.1089,-24.6177
61974709,-122.50,-175.50,-13.9049,-41.3707
61978615,-92.50,-160.50,-11.6095,-45.5056
61982521,-88.50,-157.50,-0.7732,-38.3810
61986427,-102.50,-146.50,8.1757,-27.5360
61990333,-111.50,-156.50,6.4146,-19.7153
61994239,-123.50,-164.50,-2.2656,-19.8707
61998145,-134.50,-197.50,-13.9961,-31.0750
62002051,-142.50,-208.50,-26.8951,-50.9435
62005957,-141.50,-196.50,-36.2955,-65.9004
62009863,-117.50,-162.50,-34.3307,-61.2779
62013769,-136.50,-143.50,-24.4071,-38.5474
62017675,-138.50,-135.50,-21.4632,-13.2000
62021581,-127.50,-134.50,-24.6121,2.6968
62025487,-118.50,-133.50,-22.7413,8.5344
62029393,-120.50,-141.50,-16.0705,7.4128
62033299,-143.50,-169.50,-14.4087,-2.1559
62037205,-148.50,-193.50,-22.6073,-21.6695
62041111,-128.50,-206.50,-29.7430,-43.9249
62045017,-137.50,-184.50,-28.5275,-55.3791
62048923,-136.50,-172.50,-25.9173,-49.5266
62052829,-111.50,-121.50,-20.2401,-28.0779
62056735,-93.50,-79.50,-4.7702,8.5796
62060641,-134.50,-143.50,5.5688,36.9057
62064547,-174.50,-184.50,-10.2363,24.8199
62068453,-156.50,-193.50,-37.8271,-12.9841
62072359,-156.50,-189.50,-48.9593,-41.2433
62076268,-117.50,-137.50,-39.1735,-41.7290
62080174,-108.50,-165.50,-17.3581,-22.4232
62084080,-132.50,-161.50,-1.9682,-9.0559
62087986,-126.50,-124.50,-2.4181,-0.4173
62091892,-117.50,-129.50,-5.2177,13.0033
62095798,-120.50,-158.50,-3.6298,15.3604
62099704,-89.50,-142.50,1.9865,5.1609
62103610,-58.50,-138.50,19.1456,2.6063
62107516,-62.50,-144.50,43.0599,8.5894
62111422,-72.50,-136.50,55.7065,11.7290
62115328,-65.50,-156.50,54.3796,8.2604
62119234,-35.50,-143.50,54.7019,1.9786
62123140,-48.50,-116.50,62.1386,6.6563
62127046,-68.50,-100.50,63.2480,25.9759
62130952,-60.50,-90.50,56.1262,46.1584
62134858,-49.50,-85.50,53.5052,57.7561
62138764,-37.50,-82.50,58.4462,62.7966
62142670,-46.50,-96.50,63.4254,63.5651
62146576,-58.50,-88.50,61.8529,60.8766
62150482,-53.50,-79.50,57.0220,59.8876
62154388,-45.50,-64.50,56.2257,64.3170
62158294,-43.50,-47.50,58.2952,74.9487
62162200,-50.50,-57.50,57.5718,86.9654
62166106,-47.50,-60.50,54.9641,91.2014
62170012,-49.50,-66.50,55.0259,86.3963
62173918,-68.50,-38.50,52.9679,82.3663
62177824,-77.50,-80.50,41.7243,80.3486
62181730,-104.50,-109.50,22.9307,66.2445
62185636,-98.50,-108.50,5.4098,44.2476
62189542,-104.50,-113.50,-1.7884,30.0015
62193448,-101.50,-129.50,-1.3264,20.3474
62197354,-90.50,-133.50,1.2557,9.3914
62201260,-94.50,-136.50,4.3248,2.0772
62205166,-88.50,-157.50,6.8492,-2.1275
62209072,-62.50,-159.50,14.7794,-9.8209
62212978,-97.50,-143.50,23.3055,-16.3207
62216884,-124.50,-130.50,13.5853,-12.9258
62220790,-112.50,-109.50,-7.6347,1.3196
62224696,-74.50,-110.50,-11.6493,19.7049
62228602,-64.50,-117.50,7.4261,29.9732
62232508,-68.50,-111.50,28.1626,28.8166
62236414,-78.50,-99.50,34.2476,26.4447
62240320,-79.50,-100.50,28.6367,29.4583
62244226,-57.50,-92.50,25.0405,36.0011
62248132,-66.50,-56.50,28.9459,48.6711
62252038,-60.50,-40.50,33.2111,68.9470
62255944,-20.50,-19.50,42.1904,89.2371
62259850,-16.50,-12.50,60.9022,105.1537
62263756,-82.50,-58.50,65.0427,108.3496
62267662,-114.50,-68.50,36.0344,91.8810
62271568,-117.50,-78.50,-2.3970,68.3427
62275474,-104.50,-95.50,-21.2912,48.0002
62279380,-57.50,-66.50,-12.8946,37.3291
62283286,-18.50,-20.50,18.8758,50.9982
62287192,-21.50,-4.50,54.9959,84.9043
62291098,-32.50,15.50,72.8903,116.1038
62295004,-54.50,-5.50,67.4630,128.9953
62298910,-64.50,19.50,48.0282,127.3819
62302816,-51.50,26.50,31.0821,128.7565
62306722,-49.50,6.50,27.8687,132.5464
62310628,-49.50,-43.50,33.6218,119.3587
62314534,-40.50,-50.50,40.5835,88.4850
62318440,-48.50,-69.50,44.1785,59.0028
62322346,-54.50,-78.50,40.2349,39.5041
62326252,-69.50,-65.50,30.0544,30.9213
62330158,-73.50,-64.50,19.3485,33.4007
62334064,-79.50,-62.50,12.1277,39.0127
62337970,-77.50,-58.50,7.8820,42.2593
62341876,-64.50,-65.50,7.1803,42.6204
62345782,-88.50,-88.50,7.2173,36.2984
62349688,-79.50,-64.50,3.9256,27.7967
62353594,-50.50,-77.50,7.4623,25.9620
62357500,-49.50,-68.50,21.0856,26.9949
62361406,-49.50,-61.50,30.8552,29.3225
62365312,-60.50,-58.50,30.3994,34.6418
62369218,-46.50,-76.50,27.5780,36.2081
62373124,-44.50,-88.50,30.3426,28.0476
62377030,-60.50,-78.50,31.9671,17.1852
62380936,-76.50,-86.50,22.6619,12.2082
62384842,-82.50,-100.50,7.4730,8.1577
62388748,-87.50,-111.50,-3.3669,-0.4339
62392654,-104.50,-128.50,-10.4894,-12.5657
62396560,-105.50,-119.50,-18.9874,-23.4521
62400466,-117.50,-120.50,-28.2942,-27.4487
62404372,-112.50,-117.50,-35.1036,-25.9130
62408278,-110.50,-125.50,-35.7248,-24.0015
62412184,-81.50,-113.50,-27.1008,-22.3764
62416090,-90.50,-110.50,-13.8386,-18.5286
62419996,-109.50,-130.50,-10.5792,-17.8576
62423902,-124.50,-148.50,-21.8891,-27.7990
62427808,-130.50,-156.50,-36.7507,-43.0706
62431714,-138.50,-164.50,-47.4112,-54.9952
62435620,-130.50,-136.50,-52.6423,-57.3288
62439526,-138.50,-115.50,-53.6781,-45.2811
62443432,-129.50,-109.50,-52.2994,-25.8144
62447338,-127.50,-106.50,-47.7074,-10.6426
62451244,-115.50,-121.50,-40.2544,-5.4797
62455150,-106.50,-112.50,-31.6372,-8.7188
62459056,-105.50,-113.50,-24.1071,-12.6615
62462962,-111.50,-113.50,-20.7307,-14.1712
62466868,-153.50,-140.50,-27.8781,-18.1460
62470774,-111.50,-143.50,-39.2954,-27.5143
62474680,-108.50,-125.50,-36.9582,-33.3577
62478586,-110.50,-106.50,-26.9356,-27.1711
62482492,-80.50,-106.50,-17.0995,-14.8723
62486398,-46.50,-91.50,3.0913,-3.3384
62490304,-111.50,-132.50,18.5977,0.7635
62494210,-148.50,-196.50,0.2281,-19.7774
62498116,-152.50,-192.50,-37.6567,-59.9389
62502022,-158.50,-192.50,-63.0739,-88.3576
62505928,-159.50,-207.50,-71.0809,-97.2668
62509834,-159.50,-208.50,-70.0591,-98.7010
62513740,-159.50,-175.50,-66.5421,-91.5962
62517646,-152.50,-182.50,-62.8490,-76.7153
62521552,-175.50,-193.50,-62.8256,-69.9913
62525458,-168.50,-187.50,-68.4438,-73.6729
62529364,-175.50,-169.50,-73.0467,-71.8810
62533270,-184.50,-170.50,-75.7391,-60.7935
62537176,-175.50,-172.50,-78.0028,-52.2096
62541082,-183.50,-163.50,-77.9609,-50.1736
62544988,-154.50,-155.50,-73.1498,-47.2254
62548894,-158.50,-149.50,-61.8839,-39.5462
62552800,-175.50,-170.50,-54.9116,-34.2463
62556706,-188.50,-190.50,-60.8470,-41.4670
62560612,-239.50,-190.50,-80.2659,-57.0854
62564518,-253.50,-249.50,-110.1797,-77.4612
62568424,-280.50,-273.50,-138.8284,-107.4575
62572330,-285.50,-273.50,-158.5875,-134.5601
62576236,-342.50,-320.50,-176.6945,-152.7003
62580142,-380.50,-345.50,-205.6317,-175.6802
62584048,-413.50,-368.50,-242.0056,-202.8420
62587954,-463.50,-408.50,-278.3653,-228.1084
62591860,-527.50,-472.50,-320.1976,-259.7587
62595766,-536.50,-448.50,-362.3248,-291.8673
62599672,-562.50,-480.50,-389.3643,-308.0621
62603578,-649.50,-552.50,-414.5609,-326.0290
62607484,-689.50,-592.50,-456.9402,-363.3805
62611390,-721.50,-617.50,-501.7278,-402.7034
62615296,-720.50,-636.50,-528.2373,-428.8759
62619202,-724.50,-626.50,-532.9743,-440.2353
62623108,-744.50,-655.50,-527.9199,-441.7227
62627014,-750.50,-684.50,-524.8360,-446.2502
62630920,-731.50,-693.50,-518.6551,-455.9211
62634826,-716.50,-697.50,-501.8358,-462.0499
62638732,-672.50,-678.50,-473.5107,-459.4074
62642638,-688.50,-680.50,-441.6560,-447.9218
62646544,-686.50,-639.50,-420.8586,-426.5104
62650450,-640.50,-597.50,-403.2929,-388.6953
62654356,-608.50,-604.50,-372.0984,-346.7074
62658262,-584.50,-602.50,-333.6270,-323.7640
62662168,-560.50,-572.50,-298.2871,-313.0903
62666074,-538.50,-521.50,-265.5577,-288.9119
62669980,-488.50,-481.50,-229.5520,-243.9158
62673886,-447.50,-468.50,-186.6612,-196.2392
62677792,-448.50,-466.50,-148.4398,-165.9089
62681698,-442.50,-452.50,-127.3912,-152.2749
62685604,-415.50,-439.50,-113.2372,-141.4990
62689510,-377.50,-410.50,-89.4115,-124.0854
62693416,-353.50,-373.50,-57.2151,-96.5231
62697322,-317.50,-344.50,-25.3294,-61.7225
62701228,-303.50,-301.50,4.1795,-24.4381
62705134,-270.50,-268.50,32.7724,14.5097
62709040,-220.50,-246.50,66.3490,50.8638
62712946,-206.50,-226.50,102.3273,79.0511
62716852,-175.50,-191.50,130.2248,102.4553
62720758,-111.50,-188.50,159.8351,123.8950
62724664,-72.50,-158.50,203.8247,141.8604
62728570,-38.50,-150.50,251.0382,158.6522
62732476,-16.50,-113.50,286.4979,177.1349
62736382,-10.50,-72.50,305.7235,202.4784
62740288,-28.50,-47.50,308.2068,234.0676
62744194,-4.50,-21.50,303.1861,263.3974
62748100,-24.50,-28.50,300.2895,282.9182
62752006,-29.50,-17.50,293.2404,289.4956
62755912,-34.50,-42.50,280.2734,284.5379
62759818,-21.50,-41.50,271.5601,270.7456
62763724,-12.50,-22.50,273.2157,260.7707
62767630,-8.50,11.50,280.4485,268.3536
62771536,22.50,16.50,289.3400,287.8938
62775442,45.50,18.50,303.6726,302.1058
62779348,49.50,45.50,319.6128,308.8247
62783254,50.50,35.50,328.3824,313.9768
62787160,49.50,25.50,328.8144,311.6980
62791066,50.50,55.50,324.1433,306.4791
62794972,63.50,54.50,319.3668,309.3335
62798878,65.50,58.50,318.3377,314.0177
62802784,64.50,57.50,318.8386,313.7023
62806690,80.50,47.50,320.3132,308.3316
62810596,92.50,48.50,325.3867,299.3676
62814502,81.50,34.50,328.1548,288.8556
62818408,91.50,17.50,324.0863,274.4190
62822314,80.50,16.50,318.0832,257.7377
62826220,80.50,-0.50,311.7738,243.3715
62830126,103.50,-2.50,308.7277,230.7056
62834032,69.50,15.50,305.9730,223.8542
62837938,57.50,26.50,291.4097,227.4813
62841844,70.50,27.50,274.1380,235.0558
62845750,48.50,21.50,264.8231,237.4884
62849656,51.50,-5.50,256.0091,229.1017
62853562,48.50,-25.50,246.1641,208.5280
62857468,31.50,-28.50,235.8959,184.6773
62861374,37.50,-32.50,225.2402,168.2663
62865280,19.50,-32.50,216.4581,160.5648
62869186,-15.50,-53.50,201.0062,154.6621
62873092,-51.50,-63.50,170.9370,143.5885
62876998,-62.50,-97.50,135.7849,124.8259
62880904,-104.50,-126.50,105.1227,97.1686
62884810,-143.50,-175.50,73.1657,61.2731
62888716,-195.50,-223.50,33.4232,18.4502
62892622,-237.50,-274.50,-12.5750,-29.0802
62896528,-271.50,-267.50,-57.6856,-69.1765
62900434,-357.50,-324.50,-104.4515,-96.6189
62904340,-378.50,-357.50,-156.1485,-125.6593
62908246,-447.50,-396.50,-204.4741,-160.0641
62912152,-494.50,-444.50,-251.5885,-195.6934
62916058,-541.50,-473.50,-299.3588,-232.5536
62919964,-546.50,-490.50,-336.2584,-263.9378
62923870,-520.50,-512.50,-347.1970,-285.1091
62927776,-558.50,-523.50,-339.5294,-297.8710
62931682,-575.50,-529.50,-339.7776,-303.5405
62935588,-556.50,-527.50,-345.7109,-303.2523
62939494,-491.50,-480.50,-330.5504,-291.9045
62943400,-477.50,-512.50,-291.0681,-272.8956
62947306,-494.50,-528.50,-257.1255,-266.4981
62951212,-463.50,-512.50,-240.6704,-269.6315
62955118,-436.50,-512.50,-222.3732,-265.8741
62959024,-433.50,-486.50,-198.9797,-254.5625
62962930,-433.50,-466.50,-183.8906,-235.9703
62966836,-442.50,-450.50,-179.5837,-211.1518
62970742,-380.50,-424.50,-169.1329,-183.5434
62974648,-388.50,-437.50,-143.1204,-160.9010
62978554,-394.50,-422.50,-123.2650,-150.9009
62982460,-388.50,-412.50,-119.6725,-145.5582
62986366,-370.50,-420.50,-116.0273,-138.3560
62990272,-367.50,-434.50,-104.5054,-135.0147
62994178,-365.50,-431.50,-92.4910,-136.5903
62998084,-349.50,-417.50,-83.5606,-135.7967
63001990,-331.50,-402.50,-71.9986,-127.4706
63005896,-313.50,-383.50,-54.7892,-111.4842
63009802,-334.50,-371.50,-40.4997,-90.3511
63013708,-304.50,-333.50,-33.5645,-65.2964
63017614,-260.50,-305.50,-18.3918,-35.9202
63021520,-210.50,-253.50,15.6170,-2.2666
63025426,-177.50,-213.50,59.6815,37.6547
63029332,-164.50,-195.50,98.5574,78.5048
63033238,-162.50,-186.50,121.6713,108.2454
63037144,-113.50,-153.50,136.4950,126.9105
63041050,-88.50,-133.50,157.5381,143.5572
63044956,-102.50,-128.50,176.7501,158.5298
63048862,-90.50,-116.50,183.3486,169.5053
63052768,-82.50,-98.50,186.6206,181.0386
63056674,-79.50,-70.50,191.2376,196.7780
63060580,-66.50,-52.50,193.8002,214.4048
63064486,-45.50,-44.50,198.5540,228.5167
63068392,-48.50,-20.50,207.7480,240.4833
63072298,-12.50,16.50,220.5123,259.3983
63076204,13.50,-19.50,240.1303,275.6870
63080110,17.50,-15.50,259.2403,271.1126
63084016,22.50,16.50,267.2274,261.4017
63087922,29.50,44.50,268.6310,270.2606
63091828,58.50,61.50,274.9720,292.8994
63095734,83.50,65.50,290.8361,312.0880
63099640,106.50,83.50,310.0922,321.2320
63103546,116.50,102.50,325.3694,327.3829
63107452,112.50,91.50,333.1046,332.0797
63111358,122.50,79.50,334.6685,327.8261
63115268,115.50,80.50,332.4667,316.3475
63119174,109.50,96.50,323.7357,308.4482
63123080,106.50,99.50,310.0736,307.7135
63126986,94.50,89.50,297.2827,306.5072
63130892,79.50,80.50,284.9787,299.0174
63134798,71.50,69.50,270.5113,286.8965
63138704,81.50,80.50,257.1842,275.4185
63142610,89.50,64.50,251.0593,266.0629
63146516,83.50,70.50,250.6288,256.4484
63150422,85.50,62.50,250.3696,248.8529
63154328,103.50,87.50,251.5337,247.9159
63158234,95.50,80.50,253.0900,252.0832
63162140,91.50,73.50,247.9474,250.6785
63166046,77.50,70.50,236.3053,240.8547
63169952,57.50,61.50,221.4053,229.8378
63173858,50.50,27.50,204.5032,215.3644
63177764,47.50,35.50,188.7868,195.9483
63181670,48.50,26.50,176.9525,180.1263
63185576,43.50,10.50,169.6595,167.6008
63189482,48.50,14.50,166.9842,156.1180
63193388,61.50,18.50,169.6752,151.2480
63197294,71.50,16.50,175.6070,151.1229
63201200,66.50,-4.50,178.1936,145.3725
63205106,61.50,-4.50,174.1214,131.7812
63209012,43.50,-0.50,165.1106,121.1616
63212918,44.50,-4.50,154.0403,118.1925
63216824,54.50,16.50,146.1915,120.1335
63220730,46.50,23.50,141.8107,126.5103
63224636,51.50,10.50,137.5899,130.3862
63228542,52.50,15.50,136.2107,127.2620
63232448,39.50,12.50,135.4530,122.9752
63236354,38.50,26.50,128.8307,121.7576
63240260,42.50,-3.50,119.3097,118.1382
63244166,17.50,15.50,109.1193,109.1629
63248072,15.50,22.50,96.9478,106.1741
63251978,21.50,19.50,89.1434,110.6065
63255884,30.50,-0.50,89.1324,108.8866
63259790,13.50,-1.50,88.1563,97.3022
63263696,-16.50,10.50,75.4821,87.3693
63267602,-24.50,30.50,54.5762,89.8023
63271508,-20.50,15.50,39.8223,98.0475
63275414,-22.50,5.50,34.5822,97.4692
63279320,-25.50,-13.50,30.9426,84.9941
63283226,-18.50,11.50,27.5938,72.5715
63287132,-15.50,17.50,29.3310,72.2874
63291038,-14.50,20.50,34.4608,79.4493
63294944,-10.50,7.50,37.3183,82.2658
63298850,-16.50,-24.50,35.1021,72.6700
63302756,-1.50,-40.50,31.9470,50.2735
63306662,-33.50,-50.50,29.3387,25.6911
63310568,-54.50,-57.50,18.1002,7.7893
63314474,-57.50,-64.50,-0.5526,-2.6988
63318380,-67.50,-80.50,-16.9456,-10.2585
63322286,-65.50,-95.50,-27.8494,-20.7264
63326192,-48.50,-114.50,-28.5077,-36.3973
63330098,-50.50,-111.50,-19.2157,-52.3983
63334004,-68.50,-117.50,-14.2022,-61.5384
63337910,-64.50,-123.50,-20.6483,-64.9089
63341816,-54.50,-112.50,-27.4335,-64.9111
63345722,-63.50,-94.50,-28.0154,-58.5060
63349628,-72.50,-90.50,-28.6616,-47.6229
63353534,-78.50,-110.50,-33.2853,-42.7946
63357440,-106.50,-124.50,-44.4161,-50.0553
63361346,-85.50,-111.50,-58.0620,-59.6459
63365252,-81.50,-120.50,-61.0653,-63.0135
63369158,-80.50,-125.50,-54.0468,-65.9098
63373064,-86.50,-111.50,-48.1730,-68.2164
63376970,-88.50,-104.50,-48.2906,-62.7681
63380876,-90.50,-115.50,-52.7598,-55.1041
63384782,-82.50,-92.50,-56.0935,-50.7494
63388688,-95.50,-75.50,-56.6522,-42.7023
63392594,-111.50,-85.50,-60.5485,-32.5582
63396500,-106.50,-117.50,-68.2574,-34.0428
63400406,-111.50,-124.50,-74.0455,-48.8959
63404312,-114.50,-111.50,-78.0991,-61.7571
63408218,-121.50,-97.50,-81.9872,-61.8059
63412124,-131.50,-101.50,-86.0410,-54.6507
63416030,-111.50,-111.50,-87.0911,-50.6614
63419936,-106.50,-118.50,-81.2881,-52.6616
63423842,-121.50,-130.50,-76.6559,-59.4785
63427748,-124.50,-140.50,-79.8976,-71.1886
63431654,-124.50,-130.50,-84.2386,-81.7500
63435560,-114.50,-125.50,-83.2543,-82.0697
63439466,-111.50,-126.50,-78.5017,-74.3177
63443372,-101.50,-107.50,-73.1520,-64.6657
63447278,-104.50,-113.50,-67.8095,-56.7913
63451184,-80.50,-118.50,-59.6048,-56.1116
63455090,-58.50,-100.50,-43.9221,-57.1826
63458996,-58.50,-94.50,-26.7709,-49.9460
63462902,-40.50,-57.50,-15.9334,-33.4772
63466808,-15.50,-48.50,-4.0407,-12.4183
63470714,-24.50,-41.50,10.7727,3.7473
63474620,-30.50,-32.50,16.8933,12.8138
63478526,-17.50,-32.50,14.5909,19.5005
63482432,-20.50,-30.50,12.7624,23.3805
63486338,-26.50,-43.50,11.1230,20.8553
63490244,-6.50,-74.50,11.7349,7.2107
63494150,10.50,-97.50,21.3548,-16.4884
63498056,6.50,-94.50,33.7122,-37.5182
63501962,-0.50,-81.50,36.6517,-43.9214
63505868,-25.50,-80.50,27.2829,-39.2174
63509774,-32.50,-65.50,11.1634,-31.8927
63513680,-69.50,-79.50,-7.9526,-25.8334
63517586,-112.50,-98.50,-36.2939,-27.6694
63521492,-136.50,-124.50,-73.1113,-41.9512
63525398,-157.50,-144.50,-105.6553,-65.4628
63529304,-201.50,-158.50,-132.4044,-90.0427
63533210,-209.50,-172.50,-157.6184,-108.4591
63537116,-228.50,-186.50,-177.4527,-120.2332
63541022,-242.50,-186.50,-192.0675,-127.3881
63544928,-208.50,-174.50,-196.7383,-128.6521
63548834,-197.50,-141.50,-183.2960,-119.1450
63552740,-188.50,-125.50,-161.9109,-97.9747
63556646,-175.50,-143.50,-144.3842,-78.6497
63560552,-175.50,-145.50,-132.5136,-73.7806
63564458,-170.50,-151.50,-126.0524,-79.1741
63568364,-160.50,-142.50,-120.7740,-85.3520
63572270,-159.50,-131.50,-113.6997,-84.8933
63576176,-168.50,-138.50,-109.2582,-78.1616
63580082,-168.50,-147.50,-110.1965,-73.8562
63583988,-152.50,-144.50,-109.7537,-75.0277
63587894,-134.50,-142.50,-100.4256,-77.6437
63591800,-134.50,-139.50,-86.1259,-78.6897
63595706,-117.50,-162.50,-73.5088,-80.6230
63599612,-122.50,-154.50,-63.8346,-84.5097
63603518,-143.50,-159.50,-63.0093,-86.0900
63607424,-141.50,-150.50,-71.8849,-85.4890
63611330,-132.50,-150.50,-77.9761,-84.2444
63615236,-114.50,-144.50,-72.6789,-80.8284
63619142,-116.50,-133.50,-60.7564,-72.7689
63623048,-113.50,-111.50,-51.7698,-58.6947
63626954,-106.50,-108.50,-46.8578,-43.7004
63630860,-129.50,-137.50,-46.8149,-40.4972
63634766,-141.50,-140.50,-56.2752,-51.4762
63638672,-143.50,-145.50,-69.2182,-62.4718
63642578,-146.50,-165.50,-76.6955,-69.8819
63646484,-146.50,-176.50,-78.6236,-81.3957
63650390,-176.50,-168.50,-82.8748,-92.8762
63654296,-175.50,-158.50,-93.6483,-93.6127
63658202,-164.50,-158.50,-100.3678,-84.5742
63662108,-144.50,-133.50,-93.8919,-71.6506
63666014,-144.50,-139.50,-80.0586,-59.1526
63669920,-157.50,-128.50,-71.8813,-52.1576
63673826,-149.50,-137.50,-71.8675,-49.8444
63677732,-142.50,-133.50,-70.7989,-48.9478
63681638,-141.50,-143.50,-66.3798,-49.1936
63685544,-129.50,-145.50,-61.0224,-52.5095
63689450,-122.50,-158.50,-53.1328,-59.6974
63693356,-111.50,-158.50,-42.4313,-67.5325
63697262,-66.50,-124.50,-25.1323,-65.2464
63701168,-69.50,-96.50,-2.2528,-44.9821
63705074,-122.50,-127.50,3.3389,-24.6940
63708980,-181.50,-173.50,-25.7140,-31.6804
63712886,-173.50,-192.50,-67.9506,-62.5575
63716792,-172.50,-173.50,-91.1848,-87.2263
63720698,-143.50,-177.50,-89.7020,-91.2693
63724604,-153.50,-190.50,-76.3652,-89.0053
63728510,-163.50,-204.50,-67.2045,-93.3593
63732416,-164.50,-180.50,-66.6088,-96.5177
63736322,-143.50,-156.50,-65.6244,-85.7801
63740228,-148.50,-140.50,-61.2958,-64.9384
63744134,-130.50,-143.50,-55.9991,-48.0028
63748040,-123.50,-143.50,-45.9670,-40.7133
63751946,-117.50,-143.50,-31.8173,-38.5185
63755852,-112.50,-178.50,-21.0288,-43.3690
63759758,-124.50,-173.50,-19.5308,-58.0059
63763664,-121.50,-172.50,-25.7532,-70.0372
63767570,-125.50,-169.50,-30.2078,-71.2540
63771476,-114.50,-142.50,-27.4630,-61.5166
63775382,-120.50,-124.50,-21.7520,-41.7565
63779288,-120.50,-114.50,-20.8998,-21.1663
63783194,-123.50,-114.50,-24.9178,-8.9799
63787100,-116.50,-105.50,-26.4772,-3.6006
63791006,-121.50,-125.50,-23.0652,-2.3243
63794912,-124.50,-121.50,-20.5620,-6.3073
63798818,-126.50,-109.50,-23.1210,-9.3364
63802724,-153.50,-49.50,-32.1948,2.9276
63806630,-158.50,-105.50,-46.1772,22.1314
63810536,-143.50,-136.50,-53.1749,17.4749
63814442,-142.50,-150.50,-48.2532,-8.9840
63818348,-137.50,-146.50,-41.1452,-31.5154
63822254,-138.50,-143.50,-37.6743,-41.0578
63826160,-146.50,-144.50,-37.2840,-41.4447
63830066,-157.50,-158.50,-40.2041,-39.7669
63833972,-160.50,-164.50,-46.0033,-40.9700
63837878,-133.50,-143.50,-47.5837,-41.6853
63841784,-143.50,-148.50,-41.6750,-38.9691
63845690,-172.50,-138.50,-41.1759,-35.9537
63849596,-138.50,-137.50,-45.1755,-30.7461
63853502,-156.50,-129.50,-42.1335,-21.6551
63857408,-144.50,-103.50,-38.7918,-9.3803
63861314,-149.50,-100.50,-39.0227,3.4153
63865220,-152.50,-108.50,-39.4832,9.0805
63869126,-143.50,-120.50,-37.4569,6.1008
63873032,-138.50,-129.50,-31.1682,-0.3039
63876938,-152.50,-128.50,-28.0660,-6.7060
63880844,-175.50,-140.50,-36.7648,-14.3472
63884750,-192.50,-152.50,-54.3002,-25.5879
63888656,-206.50,-148.50,-71.1792,-34.4843
63892562,-207.50,-163.50,-82.3507,-36.5519
63896468,-195.50,-148.50,-85.7503,-35.6965
63900374,-192.50,-125.50,-81.7307,-30.1549
63904280,-187.50,-105.50,-73.9233,-16.4769
63908186,-182.50,-142.50,-64.5810,-5.5634
63912092,-176.50,-138.50,-55.4439,-7.4281
63915998,-174.50,-137.50,-49.5545,-13.0450
63919904,-161.50,-175.50,-45.7701,-22.6748
63923810,-154.50,-200.50,-38.8774,-46.3358
63927716,-144.50,-178.50,-27.5766,-67.8288
63931622,-157.50,-175.50,-18.6116,-67.2566
63935528,-154.50,-175.50,-18.3766,-55.0322
63939434,-142.50,-164.50,-20.6696,-46.7679
63943340,-136.50,-173.50,-16.9454,-44.5573
63947246,-84.50,-136.50,-0.5784,-39.9208
63951152,-86.50,-128.50,26.8691,-23.2791
63955058,-128.50,-148.50,39.3163,-7.8101
63958964,-140.50,-149.50,23.1263,-8.8053
63962870,-143.50,-143.50,-0.2355,-16.8505
63966776,-138.50,-134.50,-11.5594,-18.2294
63970682,-137.50,-157.50,-11.1636,-15.8179
63974588,-143.50,-157.50,-8.0250,-18.5099
63978494,-150.50,-185.50,-8.8613,-28.3755
63982400,-150.50,-180.50,-12.7766,-42.5116
63986306,-140.50,-176.50,-14.0514,-51.0714
63990212,-141.50,-161.50,-10.8926,-47.1395
63994118,-143.50,-194.50,-7.8054,-41.0244
63998024,-153.50,-173.50,-8.5957,-42.0486
64001930,-154.50,-160.50,-12.6659,-40.3242
64005836,-156.50,-142.50,-16.7789,-29.3404
64009742,-172.50,-153.50,-21.8936,-17.4288
64013648,-194.50,-158.50,-32.9339,-13.0584
64017554,-201.50,-153.50,-47.8517,-14.0527
64021460,-208.50,-148.50,-59.4070,-13.9916
64025366,-204.50,-149.50,-64.7296,-13.0543
64029272,-192.50,-156.50,-62.9336,-13.8050
64033178,-178.50,-152.50,-53.3105,-14.5796
64037084,-174.50,-143.50,-39.7559,-11.1583
64040990,-164.50,-141.50,-27.6192,-5.1666
64044896,-161.50,-143.50,-18.8317,-2.4699
64048802,-158.50,-142.50,-13.8100,-3.1528
64052708,-165.50,-128.50,-12.7973,-0.3858
64056614,-148.50,-137.50,-11.6019,6.2899
64060520,-160.50,-136.50,-7.6275,8.7735
64064426,-152.50,-137.50,-5.1476,5.9015
64068332,-137.50,-128.50,-1.8196,4.3026
64072238,-145.50,-111.50,4.1170,10.4979
64076144,-126.50,-138.50,9.9951,18.1801
64080050,-125.50,-140.50,17.8639,14.8406
64083956,-109.50,-132.50,27.2582,6.6425
64087862,-104.50,-127.50,36.3422,5.0036
64091768,-111.50,-96.50,41.6807,13.9548
64095674,-112.50,-111.50,40.9880,28.6876
64099580,-109.50,-80.50,38.9523,40.7128
64103486,-74.50,-15.50,44.4508,61.9359
64107392,-74.50,-72.50,58.7673,86.2982
64111298,-156.50,-191.50,56.6065,66.3764
64115204,-175.50,-240.50,22.7543,-4.9867
64119110,-173.50,-200.50,-13.3823,-67.3190
64123016,-210.50,-228.50,-34.7907,-87.1683
64126922,-222.50,-253.50,-54.1752,-93.9236
64130828,-250.50,-292.50,-74.6141,-110.8589
64134734,-308.50,-335.50,-99.5074,-136.9048
64138640,-318.50,-370.50,-130.8903,-169.7947
64142546,-319.50,-369.50,-154.6337,-201.4504
64146452,-372.50,-445.50,-172.1642,-231.6752
64150358,-365.50,-412.50,-191.9835,-258.1627
64154268,-332.50,-378.50,-195.6968,-254.8536
64158174,-312.50,-366.50,-173.7053,-223.1257
64162080,-276.50,-348.50,-141.3579,-193.5162
64165986,-248.50,-333.50,-108.7656,-174.6805
64169892,-234.50,-293.50,-79.2959,-153.7218
64173798,-238.50,-282.50,-58.4434,-123.4108
64177704,-216.50,-273.50,-45.8412,-95.8736
64181610,-203.50,-273.50,-34.4533,-82.7581
64185516,-206.50,-276.50,-25.1830,-82.0715
64189422,-195.50,-273.50,-19.8876,-84.0041
64193328,-192.50,-249.50,-12.9645,-76.9703
64197234,-184.50,-207.50,-3.6251,-54.4102
64201140,-180.50,-193.50,3.7890,-23.8598
64205046,-177.50,-213.50,7.0586,-5.4889
64208952,-170.50,-238.50,9.2734,-9.7047
64212858,-152.50,-217.50,17.2326,-20.7940
64216764,-131.50,-250.50,33.7004,-26.6761
64220670,-120.50,-238.50,52.4826,-34.2914
64224576,-119.50,-201.50,64.3786,-34.3709
64228482,-125.50,-200.50,66.7625,-17.5785
64232388,-118.50,-200.50,65.7386,1.1750
64236294,-99.50,-176.50,70.2862,14.2829
64240200,-101.50,-175.50,79.1988,24.6786
64244106,-101.50,-164.50,83.1844,31.0887
64248012,-102.50,-148.50,81.6827,38.1156
64251918,-78.50,-148.50,84.3345,49.7325
64255824,-92.50,-138.50,92.2191,60.7822
64259730,-121.50,-143.50,89.3823,65.9382
64263636,-117.50,-143.50,72.9083,63.6657
64267542,-118.50,-112.50,59.8033,64.2153
64271448,-132.50,-127.50,54.3627,73.8160
64275354,-127.50,-136.50,50.7181,79.0944
64279260,-139.50,-144.50,46.9972,72.7806
64283166,-143.50,-152.50,40.9062,60.5585
64287072,-145.50,-158.50,33.9708,48.4895
64290978,-139.50,-179.50,31.3278,38.1543
64294884,-128.50,-162.50,35.3559,31.6854
64298790,-120.50,-145.50,43.9487,35.7796
64302696,-162.50,-194.50,44.5270,38.1073
64306602,-175.50,-185.50,27.9312,25.2713
64310508,-202.50,-193.50,3.5513,12.2377
64314414,-218.50,-216.50,-19.4254,4.6442
64318320,-222.50,-239.50,-37.2753,-9.0292
64322226,-289.50,-303.50,-57.1900,-37.5905
64326132,-321.50,-335.50,-91.1216,-80.4375
64330038,-303.50,-326.50,-121.7105,-115.5170
64333944,-326.50,-350.50,-132.6366,-129.4633
64337850,-384.50,-409.50,-145.6936,-144.2103
64341756,-425.50,-477.50,-178.5900,-182.2444
64345662,-512.50,-525.50,-227.5340,-236.9825
64349568,-577.50,-559.50,-289.2628,-287.7922
64353474,-648.50,-589.50,-356.9235,-324.7718
64357380,-686.50,-634.50,-418.4092,-353.9005
64361286,-705.50,-669.50,-460.6347,-382.9083
64365192,-730.50,-692.50,-480.6092,-409.1735
64369098,-777.50,-736.50,-494.0884,-431.9136
64373004,-777.50,-772.50,-510.1031,-458.0383
64376910,-783.50,-766.50,-519.3232,-480.7670
64380816,-737.50,-763.50,-510.1498,-485.1330
64384722,-719.50,-736.50,-479.6111,-469.3163
64388628,-747.50,-729.50,-448.3623,-442.3293
64392534,-694.50,-733.50,-427.8926,-418.8486
64396440,-655.50,-719.50,-398.5677,-404.2458
64400346,-669.50,-698.50,-364.1483,-388.5203
64404252,-655.50,-684.50,-343.3287,-366.1295
64408158,-641.50,-678.50,-328.1402,-342.8627
64412064,-624.50,-637.50,-307.9247,-318.6813
64415970,-582.50,-614.50,-281.3234,-287.4013
64419876,-565.50,-597.50,-249.6895,-254.2398
64423782,-527.50,-584.50,-216.2861,-227.2961
64427688,-479.50,-554.50,-176.2568,-203.4638
64431594,-446.50,-526.50,-128.8649,-175.7715
64435500,-436.50,-512.50,-88.7846,-146.3716
64439406,-436.50,-460.50,-67.9680,-115.9884
64443312,-386.50,-386.50,-54.0914,-71.5043
64447218,-349.50,-350.50,-25.5758,-12.5630
64451124,-322.50,-329.50,14.4290,39.2871
64455030,-260.50,-280.50,56.1665,77.1630
64458936,-196.50,-218.50,105.2993,117.0630
64462842,-161.50,-181.50,159.6744,164.5939
64466748,-112.50,-146.50,209.1192,208.9216
64470654,-56.50,-98.50,255.6545,247.7721
64474560,-48.50,-60.50,296.6055,286.6418
64478466,-60.50,-60.50,315.5160,317.9866
64482372,-42.50,-40.50,314.3537,333.1518
64486278,-25.50,-33.50,314.4480,339.2918
64490184,19.50,37.50,328.5326,354.0079
64494090,53.50,49.50,356.0169,384.3731
64497996,78.50,77.50,386.7728,414.5198
64501902,92.50,74.50,410.5549,431.4775
64505808,87.50,78.50,422.2180,434.9586
64509714,103.50,107.50,423.3892,434.8583
64513620,125.50,140.50,424.6331,444.9325
64517526,145.50,128.50,432.6062,458.9705
64521432,163.50,151.50,445.3079,465.3895
64525338,179.50,156.50,459.2300,468.7636
64529244,172.50,163.50,467.7456,471.5307
64533150,143.50,112.50,459.8234,461.4110
64537056,129.50,117.50,434.6268,434.9209
64540962,138.50,135.50,409.4941,414.5298
64544868,146.50,111.50,399.2301,407.9717
64548774,129.50,85.50,396.6733,395.2233
64552680,128.50,58.50,388.9209,368.4398
64556586,128.50,55.50,377.6232,338.9903
64560492,98.50,38.50,363.5252,316.6025
64564398,93.50,23.50,343.5734,298.3475
64568304,87.50,-16.50,324.7154,275.6100
64572210,75.50,7.50,310.3766,252.8885
64576116,22.50,-21.50,289.0637,239.3123
64580022,-24.50,-72.50,249.9723,219.6724
64583928,-56.50,-85.50,201.3192,185.5225
64587834,-114.50,-111.50,153.1347,152.4679
64591740,-175.50,-196.50,100.4747,115.5184
64595646,-228.50,-238.50,41.9630,61.7764
64599552,-285.50,-284.50,-15.9815,4.0968
64603458,-389.50,-367.50,-79.1385,-51.9041
64607364,-438.50,-393.50,-151.8606,-108.8768
64611270,-484.50,-442.50,-217.5727,-156.9498
64615176,-492.50,-456.50,-260.8777,-191.9350
64619082,-512.50,-489.50,-281.5745,-216.8210
64622988,-543.50,-527.50,-292.8373,-239.8233
64626894,-553.50,-540.50,-305.0557,-263.9413
64630800,-540.50,-537.50,-311.4954,-278.7901
64634706,-527.50,-527.50,-304.9549,-278.2564
64638612,-521.50,-524.50,-290.2004,-267.7344
64642518,-494.50,-512.50,-271.1325,-254.0815
64646424,-527.50,-534.50,-254.4531,-243.9907
64650330,-527.50,-512.50,-251.6493,-239.2935
64654236,-512.50,-512.50,-254.2035,-232.6021
64658142,-472.50,-492.50,-243.1570,-221.0808
64662048,-452.50,-491.50,-215.2872,-206.8994
64665954,-420.50,-434.50,-179.9605,-184.9819
64669860,-402.50,-424.50,-145.5546,-152.0959
64673766,-388.50,-399.50,-118.4614,-120.1296
64677672,-373.50,-394.50,-100.6486,-97.8978
64681578,-338.50,-367.50,-83.3313,-80.8214
64685484,-314.50,-352.50,-57.8718,-62.0398
64689390,-303.50,-335.50,-29.6642,-41.7218
64693296,-272.50,-296.50,-5.5861,-19.5760
64697202,-261.50,-293.50,15.0602,4.4322
64701108,-235.50,-282.50,33.2968,22.5088
64705014,-182.50,-226.50,58.0048,41.5577
64708920,-159.50,-222.50,93.9146,69.3260
64712826,-136.50,-193.50,128.3786,94.7991
64716732,-75.50,-136.50,159.6075,121.2212
64720638,-61.50,-106.50,193.2393,157.9358
64724544,-69.50,-79.50,216.1732,195.2233
64728450,-35.50,-41.50,225.5959,226.4336
64732356,-17.50,-11.50,237.3530,255.0959
64736262,16.50,32.50,255.8810,284.3651
64740168,51.50,59.50,279.3880,314.8985
64744074,66.50,49.50,304.6598,336.9238
64747980,26.50,47.50,315.6691,340.4859
64751886,40.50,37.50,306.0167,330.4397
64755792,37.50,51.50,292.3279,318.5623
64759698,37.50,80.50,282.9624,317.3723
64763604,66.50,90.50,280.6071,328.9821
64767510,94.50,127.50,293.4177,346.9662
64771416,99.50,142.50,314.3419,367.7245
64775322,112.50,146.50,328.2822,382.6533
64779228,86.50,144.50,327.1994,384.5870
64783134,134.50,123.50,320.1662,374.2037
64787040,144.50,91.50,326.2458,351.8616
64790946,144.50,80.50,339.4265,322.6496
64794852,141.50,78.50,343.0540,298.0970
64798758,144.50,79.50,337.3452,283.8221
64802664,133.50,80.50,327.2680,277.3369
64806570,122.50,94.50,313.7033,277.0315
64810476,113.50,108.50,298.1926,283.0889
64814382,134.50,117.50,288.2132,291.3447
64818288,137.50,122.50,288.0959,295.9218
64822194,162.50,112.50,294.1737,293.7945
64826100,159.50,109.50,301.7524,285.6760
64830006,144.50,96.50,302.2453,274.3183
64833912,146.50,91.50,292.8923,260.6109
64837818,147.50,95.50,282.0373,247.8129
64841724,131.50,80.50,271.1145,237.6480
64845630,115.50,85.50,255.3755,228.7213
64849536,109.50,80.50,237.5988,222.4179
64853442,101.50,67.50,223.2283,215.0271
64857348,95.50,47.50,211.2449,199.9354
64861254,89.50,55.50,199.1400,182.2066
64865160,85.50,55.50,187.8511,172.6804
64869066,90.50,48.50,180.7698,169.5763
64872972,83.50,43.50,177.5505,164.4672
64876878,75.50,64.50,171.7829,160.0120
64880784,110.50,61.50,167.5605,161.1187
64884690,129.50,115.50,176.3237,171.3915
64888596,66.50,73.50,181.2384,184.9911
64892502,-0.50,25.50,152.0972,175.2349
64896408,-15.50,27.50,98.9119,142.3065
64900314,-37.50,-27.50,53.5105,107.2270
64904220,-47.50,-25.50,24.6977,74.4345
64908126,-44.50,-16.50,10.2308,54.9506
64912032,-38.50,-10.50,9.8682,54.7658
64915938,-53.50,-15.50,14.1227,60.8710
64919844,-65.50,-27.50,9.4239,60.3727
64923750,-72.50,10.50,-4.6956,58.3499
64927656,-81.50,-11.50,-19.1905,62.1228
64931562,-64.50,-28.50,-24.9106,59.2108
64935468,-53.50,-46.50,-17.7319,43.9904
64939374,-79.50,-47.50,-10.9416,26.8091
64943280,-89.50,-62.50,-19.2448,13.1866
64947186,-101.50,-67.50,-36.1516,1.2627
64951092,-101.50,-72.50,-48.8874,-8.3626
64954998,-110.50,-79.50,-54.9105,-14.3760
64958904,-106.50,-77.50,-58.0109,-18.1498
64962810,-106.50,-73.50,-59.6841,-19.7988
64966716,-106.50,-74.50,-59.9318,-20.2061
64970622,-89.50,-76.50,-56.3922,-21.0330
64974528,-86.50,-71.50,-47.5057,-21.0016
64978434,-110.50,-75.50,-43.7320,-19.7274
64982340,-100.50,-76.50,-50.2406,-20.5793
64986246,-89.50,-76.50,-54.0657,-24.0132
64990152,-80.50,-57.50,-48.0432,-23.7676
64994058,-88.50,-56.50,-40.2560,-16.3467
64997964,-95.50,-49.50,-39.4883,-7.4572
65001870,-95.50,-58.50,-44.6126,-3.8420
65005776,-81.50,-73.50,-47.0476,-9.4982
65009682,-63.50,-35.50,-40.3708,-14.7248
65013588,-66.50,-38.50,-28.7313,-7.3420
65017494,-53.50,-47.50,-19.4779,1.2782
65021400,-47.50,-62.50,-12.0613,-1.9108
65025306,-49.50,-76.50,-6.9672,-14.8731
65029212,-47.50,-57.50,-6.3964,-26.2745
65033118,-54.50,-38.50,-8.8302,-23.8394
65037024,-47.50,-33.50,-11.2198,-10.6624
65040930,-74.50,-44.50,-15.3883,-1.0755
65044836,-80.50,-49.50,-26.5121,-2.0603
65048742,-79.50,-88.50,-38.8398,-15.0857
65052648,-101.50,-92.50,-48.0847,-37.7666
65056554,-100.50,-101.50,-57.3850,-57.8317
65060460,-114.50,-111.50,-65.6064,-69.3758
65064366,-128.50,-112.50,-74.6364,-75.5875
65068272,-133.50,-130.50,-85.7438,-80.7714
65072178,-146.50,-139.50,-96.0590,-89.9280
65076084,-142.50,-143.50,-103.2893,-100.8049
65079990,-143.50,-164.50,-105.1249,-110.9075
65083896,-150.50,-170.50,-104.6612,-121.6876
65087802,-158.50,-164.50,-107.3892,-128.6314
65091708,-152.50,-144.50,-111.3492,-125.2633
65095614,-149.50,-128.50,-111.1262,-111.8081
65099520,-143.50,-120.50,-106.4412,-95.0314
65103426,-149.50,-130.50,-101.7229,-83.9328
65107332,-144.50,-155.50,-99.6291,-86.1761
65111238,-138.50,-159.50,-97.2472,-99.8746
65115144,-125.50,-154.50,-91.0261,-112.0821
65119050,-102.50,-130.50,-78.7604,-111.3797
65122956,-94.50,-115.50,-62.0009,-96.4585
65126862,-98.50,-104.50,-49.2641,-76.0622
65130768,-140.50,-125.50,-52.3401,-64.2452
65134674,-138.50,-112.50,-70.5529,-65.2260
65138580,-98.50,-93.50,-79.5727,-65.2777
65142486,-100.50,-117.50,-68.0438,-61.2373
65146392,-88.50,-128.50,-52.1159,-64.9002
65150298,-86.50,-136.50,-40.7914,-75.1355
65154204,-75.50,-121.50,-32.2213,-81.3684
65158110,-47.50,-136.50,-21.6552,-82.4483
65162016,-26.50,-130.50,-5.0062,-83.9984
65165922,-34.50,-111.50,10.6902,-80.9129
65169828,-41.50,-85.50,15.8930,-65.4710
65173734,-57.50,-77.50,10.3438,-44.2107
65177640,-68.50,-73.50,-2.4733,-29.4891
65181546,-94.50,-75.50,-21.1237,-24.6299
65185452,-120.50,-78.50,-44.9069,-25.1484
65189358,-117.50,-116.50,-65.4245,-33.0941
65193268,-124.50,-128.50,-73.9583,-52.2932
65197174,-129.50,-129.50,-76.2635,-72.4277
65201080,-143.50,-134.50,-81.8635,-83.2423
65204986,-158.50,-118.50,-92.8794,-83.4793
65208892,-152.50,-95.50,-102.5443,-71.4755
65212798,-138.50,-108.50,-101.5218,-55.7879
65216704,-129.50,-112.50,-91.1022,-51.2014
65220610,-133.50,-128.50,-81.7276,-58.6856
65224516,-120.50,-142.50,-76.6519,-71.7845
65228422,-114.50,-113.50,-69.8378,-78.9580
65232328,-136.50,-106.50,-65.0717,-71.1580
65236234,-145.50,-109.50,-71.3030,-58.9767
65240140,-143.50,-118.50,-82.6150,-55.2636
65244046,-142.50,-128.50,-88.4130,-60.0448
65247952,-133.50,-127.50,-86.0946,-67.1418
65251858,-137.50,-117.50,-79.4670,-69.7127
65255764,-136.50,-111.50,-74.9307,-65.8310
65259670,-114.50,-111.50,-70.6007,-59.5316
65263576,-109.50,-124.50,-61.4174,-56.8500
65267482,-125.50,-111.50,-54.4322,-57.5177
65271388,-104.50,-106.50,-52.2605,-55.4432
65275294,-106.50,-83.50,-47.4998,-47.7069
65279200,-100.50,-102.50,-41.8927,-39.2116
65283106,-107.50,-136.50,-40.3127,-43.1755
65287012,-102.50,-148.50,-41.0945,-61.6356
65290918,-104.50,-150.50,-40.4941,-80.3253
65294824,-111.50,-149.50,-40.0610,-90.4473
65298730,-111.50,-146.50,-42.8828,-92.3834
65302636,-105.50,-133.50,-45.4921,-86.3906
65306542,-86.50,-100.50,-41.2742,-69.6750
65310448,-95.50,-102.50,-31.7498,-48.1059
65314354,-95.50,-106.50,-26.3322,-37.1243
65318260,-98.50,-77.50,-27.2725,-33.8217
65322166,-118.50,-76.50,-33.9241,-24.6323
65326072,-127.50,-97.50,-46.3717,-17.1642
65329978,-130.50,-118.50,-57.8991,-24.7200
65333884,-114.50,-123.50,-60.3267,-42.5179
65337790,-112.50,-115.50,-53.7022,-55.5978
65341696,-120.50,-122.50,-47.8467,-58.3195
65345602,-132.50,-130.50,-50.1710,-57.9109
65349508,-136.50,-126.50,-57.5957,-58.6370
65353414,-140.50,-144.50,-64.1469,-61.8055
65357320,-140.50,-136.50,-68.0424,-68.1563
65361226,-143.50,-117.50,-70.2115,-68.3945
65365132,-146.50,-156.50,-71.5587,-64.9012
65369038,-143.50,-143.50,-71.4000,-68.7715
65372944,-143.50,-120.50,-69.2646,-69.0279
65376850,-160.50,-122.50,-70.1718,-59.5965
65380756,-142.50,-123.50,-73.9034,-52.2496
65384662,-134.50,-109.50,-70.8416,-47.6702
65388568,-122.50,-134.50,-59.7006,-44.4043
65392474,-114.50,-130.50,-46.6286,-47.9921
65396380,-111.50,-122.50,-36.3242,-52.9957
65400286,-109.50,-113.50,-30.9521,-51.3117
65404192,-104.50,-124.50,-28.2845,-46.4266
65408098,-102.50,-127.50,-25.3274,-44.7717
65412004,-105.50,-118.50,-22.8238,-44.7192
65415910,-92.50,-114.50,-20.4058,-42.4725
65419816,-92.50,-93.50,-16.0084,-36.5508
65423722,-68.50,-79.50,-8.2761,-24.0830
65427628,-76.50,-94.50,1.6229,-11.2734
65431534,-97.50,-143.50,3.5113,-16.0129
65435440,-96.50,-111.50,-5.3746,-34.7701
65439346,-95.50,-92.50,-13.7805,-40.1041
65443252,-80.50,-58.50,-14.2365,-23.3445
65447158,-30.50,-30.50,0.1074,6.5948
65451064,-50.50,-88.50,23.8165,26.8361
65454970,-111.50,-117.50,25.9146,13.3669
65458876,-138.50,-138.50,-5.1874,-22.1191
65462782,-141.50,-142.50,-42.2989,-53.4406
65466688,-152.50,-168.50,-64.6098,-72.9168
65470594,-178.50,-187.50,-78.0874,-87.0441
65474500,-189.50,-213.50,-91.1557,-102.1058
65478406,-191.50,-228.50,-100.5200,-120.1616
65482312,-190.50,-224.50,-103.6316,-136.3878
65486218,-195.50,-229.50,-104.9669,-143.8673
65490124,-201.50,-228.50,-108.0313,-142.9457
65494030,-190.50,-209.50,-108.3904,-134.1647
65497936,-168.50,-197.50,-98.3763,-118.8197
65501842,-174.50,-192.50,-83.2154,-104.9313
65505748,-148.50,-172.50,-71.8806,-94.4864
65509654,-129.50,-144.50,-58.8468,-78.1444
65513560,-111.50,-140.50,-39.3957,-55.2680
65517466,-98.50,-124.50,-18.1515,-36.1318
65521372,-92.50,-105.50,-1.5434,-22.3882
65525278,-110.50,-113.50,3.0514,-12.9129
65529184,-102.50,-110.50,-2.9709,-9.4516
65533090,-110.50,-94.50,-8.7169,-5.3432
65536996,-112.50,-99.50,-10.9280,2.1655
65540902,-111.50,-123.50,-12.0074,1.2408
65544808,-111.50,-132.50,-12.7521,-12.6470
65548714,-104.50,-149.50,-12.5694,-29.4641
65552620,-111.50,-136.50,-11.0178,-38.8882
65556526,-90.50,-122.50,-6.7012,-35.6590
65560432,-93.50,-121.50,1.3625,-25.6792
65564338,-109.50,-120.50,4.0755,-18.9844
65568244,-138.50,-130.50,-7.6275,-17.8480
65572150,-134.50,-124.50,-25.9071,-19.0196
65576056,-128.50,-175.50,-34.8259,-27.2613
65579962,-124.50,-177.50,-32.0611,-48.4544
65583868,-112.50,-148.50,-24.7419,-63.2149
65587774,-105.50,-148.50,-15.6863,-56.9301
65591680,-122.50,-156.50,-10.0719,-45.2953
65595586,-122.50,-157.50,-12.3493,-41.4340
65599492,-111.50,-137.50,-15.5170,-39.5963
65603398,-104.50,-131.50,-12.7889,-32.6981
65607304,-85.50,-128.50,-4.1290,-24.1097
65611210,-72.50,-113.50,10.0058,-15.5219
65615116,-79.50,-120.50,23.2430,-6.7457
65619022,-93.50,-112.50,25.3491,-1.8028
65622928,-79.50,-97.50,19.3321,1.9535
65626834,-64.50,-93.50,19.0232,8.7207
65630740,-70.50,-82.50,25.7570,17.3932
65634646,-72.50,-81.50,30.2278,26.3353
65638552,-68.50,-81.50,31.0785,31.9876
65642458,-74.50,-92.50,30.1961,30.4261
65646364,-65.50,-103.50,28.1074,21.4488
65650270,-56.50,-85.50,29.4462,14.1374
65654176,-81.50,-80.50,31.2047,17.7844
65658082,-79.50,-80.50,26.4105,26.2951
65661988,-78.50,-72.50,20.1996,31.6128
65665894,-82.50,-65.50,16.4094,35.4964
65669800,-53.50,-111.50,17.7992,32.1327
65673706,-56.50,-56.50,27.7698,24.9165
65677612,-77.50,-57.50,34.3318,32.1598
65681518,-75.50,-49.50,29.2770,46.5422
65685424,-66.50,-56.50,22.7871,52.9374
65689330,-79.50,-76.50,19.5476,49.1065
65693236,-108.50,-106.50,10.8168,33.6054
65697142,-96.50,-81.50,-1.7084,16.6666
65701048,-122.50,-92.50,-10.4048,10.6557
65704954,-129.50,-111.50,-20.7468,6.9479
65708860,-131.50,-128.50,-32.9817,-4.0727
65712766,-143.50,-154.50,-41.4849,-20.3727
65716672,-156.50,-176.50,-48.2640,-41.1228
65720578,-166.50,-153.50,-56.0760,-57.8427
65724484,-157.50,-122.50,-62.4435,-54.7100
65728390,-114.50,-89.50,-56.8543,-29.3679
65732296,-116.50,-131.50,-37.6203,-4.8542
65736202,-156.50,-160.50,-27.0366,-8.1042
65740108,-170.50,-179.50,-38.5568,-34.7609
65744014,-173.50,-185.50,-57.6050,-62.3784
65747920,-163.50,-177.50,-68.6600,-76.6088
65751826,-144.50,-157.50,-66.4225,-72.0292
65755732,-111.50,-186.50,-48.4195,-60.3764
65759638,-113.50,-165.50,-22.1086,-55.9572
65763544,-102.50,-141.50,-2.9654,-50.3967
65767450,-105.50,-136.50,3.5467,-37.5242
65771356,-104.50,-134.50,1.5608,-25.5627
65775262,-120.50,-111.50,-4.2309,-14.1638
65779168,-126.50,-118.50,-11.0062,-1.8727
65783074,-117.50,-106.50,-14.6575,5.0805
65786980,-120.50,-97.50,-14.3857,8.4276
65790886,-116.50,-111.50,-14.4730,10.7848
65794792,-98.50,-130.50,-11.2633,6.7366
65798698,-84.50,-168.50,1.3851,-8.9589
65802604,-90.50,-127.50,16.0384,-25.7991
65806510,-113.50,-125.50,17.3614,-26.1293
65810416,-127.50,-127.50,2.1646,-16.8095
65814322,-111.50,-127.50,-12.9877,-10.1755
65818228,-108.50,-128.50,-13.5490,-6.0393
65822134,-121.50,-140.50,-7.8259,-6.9881
65826040,-120.50,-125.50,-7.9551,-12.3961
65829946,-124.50,-111.50,-12.4064,-11.7930
65833852,-134.50,-141.50,-18.1329,-7.0730
65837758,-98.50,-170.50,-17.8381,-13.9917
65841664,-95.50,-152.50,-4.8069,-28.7808
65845570,-105.50,-139.50,7.7712,-33.7897
65849476,-93.50,-125.50,10.6869,-26.4126
65853382,-97.50,-128.50,10.9556,-14.6577
65857288,-123.50,-117.50,6.8314,-3.1932
65861194,-122.50,-97.50,-4.2871,9.3626
65865100,-122.50,-142.50,-13.2069,13.0598
65869006,-124.50,-142.50,-16.0668,-2.3419
65872912,-131.50,-138.50,-17.7703,-18.5164
65876818,-154.50,-170.50,-24.0759,-25.1821
65880724,-155.50,-175.50,-35.0317,-33.8187
65884630,-160.50,-192.50,-43.9115,-47.4160
65888536,-172.50,-211.50,-50.3147,-64.4639
65892442,-191.50,-223.50,-59.8716,-81.7748
65896348,-205.50,-208.50,-73.2147,-89.2082
65900254,-224.50,-226.50,-87.5392,-86.6203
65904160,-233.50,-252.50,-101.2507,-90.9073
65908066,-266.50,-265.50,-116.7199,-108.2178
65911972,-280.50,-271.50,-136.1577,-125.4972
65915878,-332.50,-308.50,-160.0838,-138.5826
65919784,-361.50,-313.50,-190.3259,-152.9243
65923690,-389.50,-367.50,-221.8453,-172.9136
65927596,-409.50,-420.50,-248.0595,-207.3352
65931502,-432.50,-433.50,-268.6293,-248.3473
65935408,-480.50,-463.50,-289.5704,-277.4964
65939314,-512.50,-512.50,-316.6511,-300.5507
65943220,-554.50,-559.50,-347.6634,-332.1162
65947126,-617.50,-608.50,-384.7994,-372.4972
65951032,-658.50,-626.50,-429.3976,-410.3530
65954938,-678.50,-645.50,-467.8215,-434.3614
65958844,-719.50,-717.50,-492.7136,-454.8645
65962750,-700.50,-720.50,-505.1019,-482.2998
65966656,-689.50,-724.50,-499.4559,-500.2408
65970562,-687.50,-737.50,-481.3327,-502.3526
65974468,-676.50,-729.50,-462.1799,-497.4653
65978374,-666.50,-710.50,-442.7645,-484.0232
65982280,-628.50,-675.50,-418.2541,-457.3665
65986186,-617.50,-687.50,-388.2306,-426.8075
65990092,-622.50,-689.50,-364.0208,-408.9521
65993998,-616.50,-627.50,-350.8772,-392.6971
65997904,-577.50,-612.50,-334.9482,-359.6378
66001810,-524.50,-591.50,-301.2360,-321.5191
66005716,-485.50,-549.50,-252.8830,-286.6357
66009622,-462.50,-520.50,-205.7114,-248.9444
66013528,-430.50,-493.50,-166.7856,-210.9311
66017434,-389.50,-450.50,-129.5881,-174.2704
66021340,-339.50,-425.50,-87.6860,-136.7640
66025246,-318.50,-401.50,-45.8398,-102.0203
66029152,-303.50,-356.50,-14.1782,-68.9451
66033058,-273.50,-330.50,9.7870,-33.2364
66036964,-214.50,-288.50,41.1797,3.2200
66040870,-193.50,-260.50,81.6702,39.0243
66044776,-174.50,-229.50,114.9765,72.9461
66048682,-160.50,-193.50,135.2156,105.3507
66052588,-119.50,-160.50,154.4637,138.2021
66056494,-82.50,-123.50,183.4726,171.1796
66060400,-64.50,-104.50,215.6056,201.6706
66064306,-48.50,-46.50,238.3474,232.1754
66068212,-29.50,-20.50,252.9125,267.6903
66072118,-18.50,-20.50,266.0731,296.6809
66076024,-0.50,23.50,279.0432,313.8432
66079930,13.50,85.50,290.5576,338.9152
66083836,44.50,135.50,302.6114,381.5546
66087742,91.50,114.50,323.5956,419.0862
66091648,103.50,118.50,353.0979,429.2577
66095554,112.50,123.50,376.0645,422.3931
66099460,113.50,116.50,384.1229,413.2240
66103366,109.50,103.50,379.9329,400.4987
66107272,103.50,114.50,368.9166,387.2105
66111178,116.50,109.50,359.8292,380.4264
66115084,93.50,85.50,354.1989,373.2338
66118990,66.50,80.50,340.1674,357.5356
66122896,39.50,71.50,312.6806,338.7431
66126802,38.50,34.50,283.1849,317.6310
66130708,-15.50,33.50,256.0934,293.5150
66134614,-1.50,32.50,229.8784,276.4522
66138520,-13.50,19.50,213.4257,266.9828
66142426,-26.50,-5.50,203.8915,253.1467
66146332,-56.50,-74.50,188.2803,222.7456
66150238,-104.50,-143.50,160.0359,169.5599
66154144,-136.50,-158.50,121.1933,109.9832
66158050,-180.50,-222.50,79.6231,60.4433
66161956,-253.50,-262.50,32.0733,13.6643
66165862,-260.50,-272.50,-18.4774,-27.2445
66169768,-351.50,-328.50,-64.8215,-56.8301
66173674,-418.50,-386.50,-119.7427,-91.4782
66177580,-448.50,-438.50,-179.4851,-139.6218
66181486,-464.50,-482.50,-222.0896,-191.9365
66185392,-512.50,-530.50,-249.3621,-239.8786
66189298,-512.50,-523.50,-270.9130,-273.3900
66193204,-513.50,-524.50,-280.1951,-282.5943
66197110,-488.50,-512.50,-272.0870,-273.7913
66201016,-460.50,-517.50,-250.0279,-261.3011
66204922,-452.50,-513.50,-223.2138,-252.4122
66208828,-436.50,-482.50,-200.5672,-240.6556
66212734,-426.50,-457.50,-181.3772,-217.1460
66216640,-386.50,-405.50,-159.4236,-182.1603
66220546,-335.50,-383.50,-126.8088,-141.4494
66224452,-312.50,-374.50,-86.4176,-107.3522
66228358,-302.50,-363.50,-52.4521,-86.1463
66232264,-258.50,-306.50,-25.0478,-64.8303
66236170,-221.50,-271.50,7.3623,-30.7450
66240076,-197.50,-244.50,41.9908,8.0058
66243982,-161.50,-222.50,71.7377,40.5027
66247888,-156.50,-192.50,96.6714,68.4629
66251794,-140.50,-161.50,115.6692,96.5146
66255700,-113.50,-110.50,132.1703,127.9565
66259606,-105.50,-89.50,147.9722,161.6185
66263512,-83.50,-65.50,160.1938,190.9158
66267418,-65.50,-35.50,173.0922,216.2638
66271324,-25.50,-21.50,194.0433,239.6360
66275230,-15.50,14.50,220.4720,259.3916
66279136,13.50,21.50,242.3589,275.8656
66283042,19.50,35.50,256.5399,287.8457
66286948,46.50,37.50,267.6251,295.8092
66290854,64.50,45.50,282.1951,300.6355
66294760,43.50,63.50,293.2802,303.8215
66298666,64.50,73.50,292.4186,308.0481
66302572,71.50,94.50,289.5649,315.1636
66306478,87.50,90.50,292.4903,324.1959
66310384,103.50,93.50,301.3033,328.7824
66314290,92.50,95.50,309.8042,326.4260
66318196,87.50,79.50,307.8219,317.0933
66322102,119.50,109.50,302.3000,307.6079
66326008,149.50,110.50,309.6131,309.2632
66329914,156.50,106.50,327.3873,315.0826
66333820,112.50,101.50,333.1692,312.8340
66337726,90.50,82.50,313.3528,300.1359
66341632,80.50,86.50,281.4434,282.5032
66345538,94.50,96.50,258.3156,272.2815
66349444,112.50,96.50,253.6085,272.3261
66353350,97.50,110.50,259.3583,275.7886
66357256,96.50,113.50,260.6256,278.8405
66361162,94.50,110.50,255.0385,278.3162
66365068,81.50,99.50,244.1208,271.7845
66368974,75.50,59.50,228.4352,255.2942
66372880,67.50,55.50,213.8057,229.4988
66376786,44.50,48.50,201.1323,206.2987
66380692,71.50,50.50,191.7493,192.4664
66384598,63.50,64.50,189.4286,188.7284
66388504,50.50,46.50,185.0390,190.1812
66392410,47.50,-2.50,174.3843,178.8501
66396316,48.50,16.50,166.3709,154.0972
66400222,30.50,16.50,160.3532,137.7267
66404128,-4.50,-0.50,143.8833,130.9677
66408034,-15.50,-47.50,115.7675,115.8676
66411940,-20.50,-48.50,91.6589,90.8695
66415846,-16.50,-46.50,81.6798,72.1632
66419752,-15.50,-38.50,81.7475,66.0985
66423658,-28.50,-30.50,80.7404,67.6186
66427564,-38.50,-41.50,71.7408,70.9685
66431470,-69.50,-58.50,55.1082,68.6752
66435376,-88.50,-70.50,33.0522,57.6401
66439282,-92.50,-90.50,12.5009,39.4475
66443188,-78.50,-93.50,2.3845,19.2427
66447094,-15.50,-68.50,13.4357,10.7363
66451000,-10.50,-6.50,44.3987,29.6921
66454906,-61.50,-24.50,63.0648,64.1431
66458812,-122.50,-62.50,41.6446,75.1977
66462718,-134.50,-61.50,-4.9776,56.0984
66466624,-111.50,-44.50,-38.8492,38.8040
66470530,-129.50,-68.50,-47.6784,34.6004
66474436,-133.50,-62.50,-47.8223,31.2119
66478342,-120.50,-48.50,-44.7996,29.7623
66482248,-118.50,-41.50,-37.0029,35.3264
66486154,-143.50,-79.50,-36.5802,35.8345
66490060,-159.50,-80.50,-51.6915,22.7952
66493966,-145.50,-47.50,-67.1597,14.1851
66497872,-154.50,-40.50,-68.9545,23.0718
66501778,-134.50,-47.50,-61.9805,34.5547
66505684,-128.50,-61.50,-52.8189,34.5515
66509590,-132.50,-36.50,-46.9899,30.7568
66513496,-120.50,-33.50,-44.1715,34.8456
66517402,-124.50,-47.50,-38.8343,38.7429
66521308,-110.50,-62.50,-31.9011,31.3004
66525214,-110.50,-66.50,-26.5556,18.0151
66529120,-111.50,-36.50,-25.4578,13.9686
66533026,-106.50,-62.50,-25.9866,18.9237
66536932,-101.50,-61.50,-22.2682,17.1594
66540838,-94.50,-69.50,-15.0277,8.5474
66544744,-100.50,-68.50,-10.8774,1.9409
66548650,-111.50,-68.50,-15.1706,-0.5580
66552556,-108.50,-73.50,-23.1687,-1.8870
66556462,-111.50,-50.50,-26.3920,-1.3907
66560368,-99.50,-52.50,-23.6843,4.5508
66564274,-114.50,-81.50,-21.4196,5.9879
66568180,-116.50,-98.50,-25.9551,-6.7138
66572086,-110.50,-104.50,-31.4806,-25.4858
66575992,-97.50,-111.50,-28.4003,-40.3019
66579898,-94.50,-104.50,-18.7657,-47.8942
66583804,-104.50,-84.50,-13.4225,-44.3217
66587710,-101.50,-75.50,-16.3344,-30.3070
66591616,-92.50,-80.50,-18.6612,-17.3811
66595522,-69.50,-50.50,-11.3539,-9.3695
66599428,-73.50,-58.50,1.9352,-1.5100
66603334,-80.50,-73.50,8.2323,0.1094
66607240,-86.50,-74.50,3.8046,-6.6472
66611146,-92.50,-72.50,-4.5415,-12.6693
66615052,-95.50,-80.50,-11.5198,-16.2762
66618958,-100.50,-77.50,-16.3873,-20.4696
66622864,-123.50,-94.50,-23.9626,-25.7375
66626770,-127.50,-94.50,-36.5352,-31.9284
66630676,-111.50,-80.50,-44.1507,-33.7995
66634582,-77.50,-64.50,-35.1787,-26.9530
66638488,-120.50,-94.50,-22.0283,-21.8562
66642394,-162.50,-136.50,-32.2109,-35.1231
66646300,-154.50,-122.50,-59.4192,-58.4115
66650206,-146.50,-105.50,-74.6245,-66.6695
66654112,-138.50,-80.50,-72.5957,-55.4087
66658018,-128.50,-90.50,-63.2065,-39.9942
66661924,-150.50,-92.50,-56.3778,-33.0674
66665830,-144.50,-106.50,-57.1672,-34.7225
66669736,-132.50,-111.50,-57.8860,-41.6783
66673642,-144.50,-124.50,-56.3844,-53.0039
66677548,-172.50,-110.50,-63.2352,-62.9142
66681454,-152.50,-79.50,-74.0895,-58.2043
66685360,-144.50,-88.50,-72.8314,-40.0824
66689269,-157.50,-78.50,-65.2051,-25.7164
66693175,-143.50,-72.50,-63.0434,-19.8236
66697081,-144.50,-80.50,-61.8702,-19.6772
66700987,-138.50,-92.50,-57.6049,-25.4322
66704893,-137.50,-112.50,-51.6375,-35.7477
66708799,-146.50,-109.50,-48.7391,-46.5254
66712705,-158.50,-111.50,-54.0472,-53.2837
66716611,-134.50,-108.50,-59.7733,-56.3673
66720517,-130.50,-98.50,-54.5349,-55.0596
66724423,-122.50,-89.50,-42.4484,-46.7135
66728329,-102.50,-88.50,-29.5451,-35.6043
66732235,-82.50,-111.50,-14.3019,-33.3680
66736141,-62.50,-62.50,3.4224,-35.6812
66740047,-41.50,-31.50,22.8144,-21.2921
66743953,-54.50,-30.50,38.1381,5.8536
66747859,-53.50,-32.50,41.9316,24.0678
66751765,-66.50,-34.50,35.8689,27.8675
66755671,-106.50,-44.50,19.3494,21.7404
66759577,-111.50,-47.50,-5.4990,10.9039
66763483,-109.50,-47.50,-23.0690,2.6386
66767389,-95.50,-61.50,-24.6622,-1.3991
66771295,-82.50,-47.50,-15.0322,-3.1652
66775201,-99.50,-44.50,-6.3739,-1.3189
66779107,-97.50,-45.50,-6.8022,1.0728
66783013,-112.50,-52.50,-12.7194,-0.0580
66786919,-118.50,-74.50,-21.1868,-6.3207
66790825,-108.50,-79.50,-28.1144,-17.4928
66794731,-116.50,-85.50,-30.0030,-29.0848
66798637,-131.50,-105.50,-32.8414,-41.1168
66802543,-132.50,-72.50,-39.1199,-48.2781
66806449,-108.50,-56.50,-39.8555,-38.1948
66810355,-102.50,-65.50,-30.8070,-20.3988
66814261,-94.50,-66.50,-19.6634,-13.2974
66818167,-88.50,-78.50,-10.7723,-18.2665
66822073,-72.50,-81.50,-0.9649,-28.1657
66825979,-50.50,-84.50,12.9992,-35.7840
66829885,-56.50,-72.50,26.0982,-36.4491
66833791,-74.50,-61.50,27.1182,-29.6671
66837697,-69.50,-52.50,18.5386,-19.5104
66841603,-79.50,-68.50,11.6593,-14.0275
66845509,-101.50,-69.50,3.7598,-16.8810
66849415,-108.50,-80.50,-10.4402,-23.5893
66853321,-112.50,-79.50,-24.3212,-30.3085
66857227,-127.50,-106.50,-33.6185,-39.5119
66861133,-143.50,-105.50,-42.6632,-52.2963
66865039,-140.50,-97.50,-51.8929,-59.3881
66868945,-120.50,-88.50,-53.6752,-55.1033
66872851,-100.50,-82.50,-43.2370,-45.7336
66876757,-94.50,-73.50,-26.2631,-37.1321
66880663,-90.50,-66.50,-11.8770,-29.5886
66884569,-93.50,-64.50,-4.5286,-22.6942
66888475,-102.50,-59.50,-5.8215,-17.3118
66892381,-102.50,-78.50,-13.2018,-17.1459
66896287,-104.50,-100.50,-19.6294,-27.9834
66900193,-111.50,-112.50,-22.5219,-46.5954
66904099,-118.50,-106.50,-25.1184,-60.5748
66908005,-111.50,-96.50,-27.9920,-62.0449
66911911,-112.50,-99.50,-29.1236,-55.9723
66915817,-116.50,-75.50,-29.8113,-47.6751
66919723,-126.50,-87.50,-32.3113,-38.5593
66923629,-136.50,-97.50,-37.4834,-36.3788
66927535,-130.50,-84.50,-43.0857,-39.8893
66931441,-118.50,-98.50,-43.6726,-42.1429
66935347,-107.50,-113.50,-37.0592,-47.9841
66939253,-97.50,-94.50,-25.4936,-54.5370
66943159,-110.50,-82.50,-15.8467,-50.2626
66947065,-90.50,-104.50,-11.4186,-42.6352
66950971,-95.50,-111.50,-8.4083,-45.8039
66954877,-97.50,-97.50,-8.0835,-52.5831
66958783,-79.50,-88.50,-7.2687,-50.3395
66962689,-68.50,-111.50,1.8941,-46.0314
66966595,-79.50,-108.50,12.3335,-49.4245
66970501,-89.50,-108.50,11.7518,-54.3254
66974407,-92.50,-94.50,2.1553,-53.0694
66978313,-82.50,-79.50,-4.4190,-44.3812
66982219,-89.50,-92.50,-3.6971,-34.8913
66986125,-81.50,-94.50,-0.6450,-33.1246
66990031,-100.50,-95.50,-1.0546,-36.2044
66993937,-102.50,-96.50,-8.0074,-38.8439
66997843,-111.50,-117.50,-17.3251,-44.2016
67001749,-111.50,-125.50,-23.7987,-55.2328
67005655,-115.50,-127.50,-26.9385,-65.6297
67009561,-129.50,-128.50,-30.8227,-69.8138
67013467,-133.50,-143.50,-38.3919,-72.4956
67017373,-144.50,-134.50,-46.9682,-76.7570
67021279,-140.50,-101.50,-53.0183,-72.2745
67025185,-125.50,-95.50,-51.8370,-54.6966
67029091,-170.50,-124.50,-51.4001,-42.4198
67032997,-192.50,-137.50,-67.0069,-49.3043
67036903,-150.50,-112.50,-82.4041,-60.1931
67040809,-131.50,-109.50,-73.4238,-58.4283
67044715,-152.50,-117.50,-55.5497,-51.7427
67048621,-158.50,-120.50,-51.9587,-50.2166
67052527,-140.50,-108.50,-54.6040,-49.3314
67056433,-132.50,-111.50,-49.3910,-45.3865
67060339,-137.50,-104.50,-41.6993,-42.0526
67064245,-136.50,-84.50,-39.5244,-36.7383
67068151,-152.50,-89.50,-42.3596,-26.9856
67072057,-172.50,-129.50,-50.9440,-26.1644
67075963,-160.50,-125.50,-61.1698,-40.0940
67079869,-158.50,-118.50,-64.4239,-52.4118
67083775,-160.50,-125.50,-62.5261,-55.5793
67087681,-154.50,-130.50,-59.2959,-56.6456
67091587,-164.50,-141.50,-55.6010,-59.1166
67095493,-138.50,-136.50,-50.6948,-61.6884
67099399,-111.50,-104.50,-37.9476,-57.3261
67103305,-102.50,-104.50,-18.7811,-44.5131
67107211,-98.50,-96.50,-2.8508,-32.3144
67111117,-102.50,-98.50,5.8928,-24.1371
67115023,-111.50,-102.50,6.5601,-19.9904
67118929,-116.50,-112.50,-0.4052,-22.8243
67122835,-127.50,-116.50,-11.4651,-31.8438
67126741,-98.50,-85.50,-16.2251,-35.0380
67130647,-111.50,-76.50,-9.2020,-22.4750
67134553,-115.50,-83.50,-2.8217,-5.9609
67138459,-108.50,-81.50,-3.2807,0.4192
67142365,-100.50,-79.50,-3.5198,-1.0805
67146271,-111.50,-80.50,-2.6062,-3.8918
67150177,-69.50,-93.50,3.4326,-7.1005
67154083,-136.50,-104.50,9.0626,-12.9812
67157989,-133.50,-111.50,-3.5229,-21.4396
67161895,-134.50,-104.50,-22.8226,-28.5043
67165801,-137.50,-127.50,-32.1452,-34.5117
67169707,-144.50,-126.50,-35.2682,-42.3306
67173613,-140.50,-117.50,-35.4160,-45.3366
67177519,-136.50,-148.50,-32.4613,-45.7619
67181425,-136.50,-148.50,-28.9964,-54.3197
67185331,-131.50,-123.50,-27.3541,-60.6870
67189237,-114.50,-110.50,-22.8444,-51.7497
67193143,-111.50,-94.50,-12.4821,-33.0479
67197049,-116.50,-100.50,-3.5555,-16.7671
67200955,-111.50,-115.50,-1.3170,-13.2596
67204861,-112.50,-113.50,-2.4314,-21.0945
67208767,-96.50,-112.50,-1.0348,-28.3935
67212673,-81.50,-96.50,8.0848,-27.1153
67216579,-64.50,-78.50,24.0014,-15.4818
67220485,-58.50,-93.50,39.7057,-2.6557
67224391,-79.50,-95.50,45.1163,-0.5288
67228297,-90.50,-92.50,36.0937,-5.0753
67232203,-81.50,-89.50,24.4191,-7.0170
67236109,-96.50,-103.50,18.7635,-7.8207
67240015,-113.50,-101.50,11.3927,-11.2717
67243921,-124.50,-116.50,-1.8930,-16.7523
67247827,-128.50,-125.50,-14.6083,-25.0374
67251733,-149.50,-112.50,-24.8086,-31.7128
67255639,-174.50,-116.50,-38.9086,-31.2767
67259545,-159.50,-112.50,-53.3438,-27.6686
67263451,-148.50,-121.50,-55.3651,-25.9309
67267357,-145.50,-111.50,-46.5334,-25.8564
67271263,-144.50,-94.50,-37.5592,-21.4775
67275169,-150.50,-94.50,-33.5176,-12.0871
67279075,-171.50,-111.50,-37.6727,-7.8141
67282981,-172.50,-137.50,-48.8130,-16.5770
67286887,-148.50,-165.50,-54.0246,-37.3413
67290793,-136.50,-175.50,-44.5333,-61.7697
67294699,-128.50,-168.50,-28.1134,-77.7864
67298605,-130.50,-143.50,-15.6856,-76.3800
67302511,-137.50,-125.50,-12.2165,-58.5278
67306417,-128.50,-123.50,-14.3771,-36.8787
67310323,-128.50,-122.50,-15.1082,-23.9419
67314229,-134.50,-120.50,-14.5868,-20.5683
67318135,-126.50,-139.50,-13.9236,-24.3820
67322041,-109.50,-127.50,-8.3162,-31.0498
67325947,-79.50,-114.50,6.3088,-29.9060
67329853,-74.50,-130.50,25.6268,-23.3605
67333759,-79.50,-123.50,38.3737,-21.8493
67337665,-73.50,-101.50,42.0414,-19.2187
67341571,-79.50,-97.50,42.0063,-8.9780
67345477,-79.50,-104.50,39.2663,0.2104
67349383,-85.50,-124.50,34.0652,-1.2551
67353289,-110.50,-115.50,24.9737,-9.8113
67357195,-122.50,-139.50,10.7521,-18.6635
67361101,-141.50,-150.50,-5.2524,-30.3676
67365007,-158.50,-146.50,-22.3177,-41.4435
67368913,-164.50,-148.50,-39.0865,-44.6636
67372819,-138.50,-148.50,-45.2621,-43.0955
67376725,-144.50,-168.50,-37.1415,-44.8470
67380631,-140.50,-143.50,-26.8190,-48.3846
67384537,-141.50,-135.50,-22.1458,-43.0985
67388443,-133.50,-142.50,-20.6699,-33.0869
67392349,-141.50,-152.50,-20.2723,-30.5712
67396255,-151.50,-148.50,-22.8320,-34.3756
67400161,-164.50,-143.50,-29.7156,-36.1581
67404067,-160.50,-145.50,-37.3169,-34.3617
67407973,-145.50,-142.50,-38.6808,-32.0387
67411879,-143.50,-142.50,-32.5483,-29.5290
67415785,-129.50,-127.50,-23.0273,-24.6826
67419691,-115.50,-104.50,-10.2978,-13.5860
67423597,-111.50,-76.50,3.2514,5.6681
67427503,-115.50,-76.50,10.3445,26.5768
67431409,-130.50,-143.50,7.0535,28.0406
67435315,-134.50,-143.50,-2.6126,3.3917
67439221,-137.50,-136.50,-10.4454,-20.0458
67443127,-111.50,-108.50,-9.3234,-22.0970
67447033,-104.50,-93.50,1.6275,-6.7040
67450939,-83.50,-80.50,16.4621,14.7792
67454845,-72.50,-85.50,32.1709,31.6089
67458751,-84.50,-89.50,43.6092,37.0218
67462657,-88.50,-104.50,44.0501,29.9591
67466563,-84.50,-100.50,38.1886,17.5654
67470469,-80.50,-95.50,34.5335,11.7320
67474375,-82.50,-34.50,34.6259,25.3469
67478281,-64.50,13.50,39.0080,63.7856
67482187,-63.50,-52.50,47.8203,95.2281
67486093,-137.50,-149.50,42.1766,72.4535
67489999,-162.50,-180.50,7.7035,5.8978
67493905,-150.50,-180.50,-28.6531,-50.3743
67497811,-155.50,-194.50,-41.8276,-75.1017
67501717,-176.50,-218.50,-44.1271,-86.9438
67505623,-182.50,-214.50,-50.6135,-96.6202
67509529,-177.50,-210.50,-57.0497,-97.2437
67513435,-156.50,-175.50,-54.2091,-84.6924
67517341,-153.50,-181.50,-43.0445,-67.0751
67521247,-143.50,-188.50,-31.4578,-59.3213
67525153,-140.50,-205.50,-22.3378,-63.9598
67529059,-139.50,-173.50,-15.7682,-65.8975
67532965,-96.50,-204.50,-5.8222,-60.9299
67536871,-78.50,-204.50,14.6621,-63.7265
67540777,-34.50,-170.50,42.9637,-67.4003
67544683,-18.50,-143.50,74.1502,-52.2388
67548589,-36.50,-136.50,95.2974,-24.6038
67552495,-79.50,-127.50,89.6292,-2.3634
67556401,-73.50,-92.50,64.3840,13.3420
67560307,-90.50,-111.50,41.7745,25.0367
67564213,-101.50,-116.50,27.0424,25.9313
67568119,-91.50,-113.50,19.4477,21.2176
67572025,-96.50,-115.50,20.2495,19.9694
67575931,-94.50,-104.50,22.6487,21.2223
67579837,-79.50,-92.50,24.7858,25.2020
67583743,-81.50,-100.50,29.2016,30.6582
67587649,-79.50,-110.50,33.3999,32.0165
67591555,-64.50,-104.50,38.4177,29.8260
67595461,-66.50,-112.50,45.1654,26.8419
67599367,-72.50,-140.50,47.1354,16.9907
67603273,-79.50,-136.50,41.8706,1.2409
67607179,-97.50,-123.50,32.2178,-4.7996
67611085,-112.50,-127.50,19.2444,1.5395
67614991,-112.50,-124.50,6.3952,7.4900
67618897,-111.50,-129.50,-1.2384,7.2850
67622803,-113.50,-136.50,-3.7530,2.9244
67626709,-105.50,-162.50,-2.3887,-5.5380
67630615,-98.50,-170.50,3.6419,-18.4977
67634521,-115.50,-137.50,8.0364,-25.0409
67638427,-123.50,-134.50,2.5857,-17.2412
67642333,-143.50,-142.50,-11.0379,-7.3164
67646239,-145.50,-169.50,-25.4326,-8.5200
67650145,-175.50,-156.50,-38.2146,-16.7204
67654051,-146.50,-146.50,-46.6757,-18.9879
67657957,-170.50,-142.50,-47.9350,-14.5343
67661863,-142.50,-132.50,-45.6553,-8.4821
67665769,-116.50,-134.50,-34.0578,-0.8103
67669675,-160.50,-158.50,-21.0696,2.1314
67673581,-157.50,-182.50,-25.1268,-9.2730
67677487,-188.50,-177.50,-41.1239,-29.0912
67681393,-222.50,-160.50,-64.6672,-38.8143
67685299,-228.50,-169.50,-91.3703,-34.0636
67689205,-254.50,-225.50,-111.5013,-35.6816
67693111,-271.50,-240.50,-127.1471,-57.4863
67697017,-303.50,-288.50,-144.7369,-91.2732
67700923,-312.50,-321.50,-164.4704,-130.2829
67704829,-370.50,-345.50,-187.8530,-166.4202
67708735,-401.50,-356.50,-219.7997,-189.0195
67712641,-383.50,-360.50,-245.8327,-197.4445
67716547,-431.50,-394.50,-257.3308,-203.8565
67720453,-532.50,-473.50,-285.0129,-229.7944
67724359,-559.50,-512.50,-339.6508,-278.1706
67728269,-566.50,-527.50,-385.3853,-322.2547
67732175,-600.50,-532.50,-406.7945,-343.1754
67736081,-655.50,-598.50,-426.4366,-357.1157
67739987,-686.50,-630.50,-456.1680,-385.0091
67743893,-658.50,-645.50,-475.8459,-415.6251
67747799,-676.50,-696.50,-472.7011,-438.1031
67751705,-676.50,-652.50,-463.4379,-450.0628
67755611,-655.50,-664.50,-453.7175,-443.4915
67759517,-656.50,-706.50,-437.1894,-436.5880
67763423,-650.50,-719.50,-419.0957,-445.3907
67767329,-621.50,-704.50,-400.2927,-452.2449
67771235,-584.50,-677.50,-373.0756,-440.8066
67775141,-569.50,-649.50,-339.0214,-413.7909
67779047,-586.50,-640.50,-312.9282,-382.4185
67782953,-531.50,-628.50,-293.7910,-354.5354
67786859,-482.50,-608.50,-260.5641,-329.2542
67790765,-466.50,-568.50,-216.4796,-301.1404
67794671,-426.50,-555.50,-177.9105,-270.9504
67798577,-399.50,-512.50,-142.2110,-240.5869
67802483,-357.50,-462.50,-103.7351,-200.7258
67806389,-320.50,-408.50,-63.2219,-146.6357
67810295,-309.50,-352.50,-28.4782,-86.9559
67814201,-293.50,-332.50,-6.1098,-35.4543
67818107,-269.50,-332.50,11.5556,-4.5226
67822013,-253.50,-332.50,32.4054,7.2039
67825919,-244.50,-297.50,51.7203,16.4508
67829825,-224.50,-248.50,65.4765,39.5710
67833731,-206.50,-226.50,78.6690,73.5046
67837637,-209.50,-175.50,92.2428,109.1736
67841543,-181.50,-141.50,105.0727,149.0718
67845449,-150.50,-111.50,123.3706,190.2784
67849355,-142.50,-112.50,144.8107,218.9222
67853261,-108.50,-81.50,163.6378,231.5163
67857167,-52.50,-92.50,190.5426,236.7954
67861073,-68.50,-80.50,222.9835,239.6619
67864979,-70.50,-48.50,237.6985,248.3149
67868885,-62.50,-6.50,234.2484,270.5724
67872791,-54.50,11.50,229.6077,298.4889
67876697,-61.50,8.50,228.1726,316.8842
67880603,-56.50,12.50,227.2039,322.1389
67884509,-63.50,-30.50,225.6245,314.8518
67888415,-56.50,-17.50,222.6982,296.2124
67892321,-54.50,-33.50,219.8125,276.9812
67896227,-33.50,-36.50,221.4258,261.8071
67900133,-47.50,-34.50,226.5264,252.7138
67904039,-70.50,-41.50,223.3229,250.7624
67907945,-96.50,-76.50,204.8856,243.0434
67911851,-92.50,-53.50,181.1772,226.3854
67915757,-128.50,-91.50,160.3932,209.9378
67919663,-144.50,-110.50,138.7298,190.7595
67923569,-196.50,-179.50,111.7440,160.8887
67927475,-230.50,-216.50,76.6287,117.3975
67931381,-268.50,-268.50,36.3344,65.8512
67935287,-294.50,-287.50,-2.0826,17.4116
67939193,-352.50,-329.50,-39.0905,-20.5072
67943099,-399.50,-383.50,-80.2365,-53.8397
67947005,-446.50,-444.50,-124.6335,-94.9281
67950911,-512.50,-512.50,-172.3258,-148.9410
67954817,-495.50,-512.50,-214.7444,-202.5512
67958723,-478.50,-518.50,-228.5671,-231.6763
67962629,-512.50,-514.50,-220.7779,-233.4178
67966535,-512.50,-528.50,-217.0713,-224.2394
67970441,-477.50,-546.50,-212.1019,-221.2213
67974347,-442.50,-527.50,-190.8521,-224.7907
67978253,-430.50,-528.50,-160.4780,-223.2640
67982159,-456.50,-525.50,-140.7594,-215.4931
67986065,-447.50,-527.50,-136.7752,-205.8668
67989971,-469.50,-528.50,-139.4336,-197.6334
67993877,-458.50,-512.50,-144.6778,-190.8626
67997783,-434.50,-473.50,-143.6902,-176.7524
68001689,-431.50,-481.50,-130.3948,-154.5331
68005595,-431.50,-481.50,-113.8307,-137.3260
68009501,-450.50,-456.50,-105.4397,-125.0088
68013407,-431.50,-438.50,-105.7826,-108.5325
68017313,-392.50,-409.50,-99.1761,-87.8691
68021219,-371.50,-411.50,-76.2171,-67.7112
68025125,-370.50,-400.50,-48.4758,-51.8935
68029031,-340.50,-389.50,-24.8225,-38.1059
68032937,-335.50,-366.50,-4.8730,-23.1391
68036843,-308.50,-362.50,10.2565,-9.4208
68040749,-276.50,-344.50,27.1936,1.9206
68044655,-237.50,-274.50,55.7313,25.4910
68048561,-211.50,-239.50,93.2627,70.9419
68052467,-229.50,-230.50,120.9790,115.7341
68056373,-201.50,-197.50,128.9441,142.3850
68060279,-159.50,-181.50,137.3804,160.3137
68064185,-157.50,-182.50,157.6984,174.7768
68068091,-126.50,-160.50,180.5346,185.3572
68071997,-99.50,-172.50,204.3336,192.2323
68075903,-76.50,-142.50,228.0982,195.4508
68079809,-66.50,-112.50,245.4389,205.6870
68083715,-64.50,-100.50,254.2006,226.0912
68087621,-81.50,-95.50,254.2644,244.5477
68091527,-75.50,-68.50,247.9161,257.2986
68095433,-63.50,-61.50,242.8929,268.0702
68099339,-46.50,-40.50,244.4721,277.3445
68103245,-30.50,-16.50,252.9550,289.2842
68107151,-22.50,-2.50,265.8510,306.1794
68111057,-6.50,21.50,278.9643,323.6631
68114963,33.50,55.50,293.9893,341.7616
68118869,54.50,73.50,313.2719,361.0788
68122775,55.50,65.50,329.2391,373.7972
68126681,80.50,61.50,339.7138,373.8247
68130587,77.50,80.50,349.1603,369.2649
68134493,87.50,93.50,353.6073,370.0952
68138399,91.50,103.50,351.2827,374.5776
68142305,100.50,115.50,347.6463,379.4254
68146211,126.50,139.50,351.1351,388.1364
68150117,106.50,145.50,359.1942,400.3142
68154023,94.50,161.50,355.5028,408.9550
68157929,111.50,176.50,341.7562,413.3606
68161835,112.50,158.50,332.8705,412.9390
68165741,122.50,171.50,331.7955,407.0327
68169647,106.50,160.50,332.0590,400.5319
68173553,97.50,162.50,325.0698,392.3143
68177459,102.50,174.50,311.8926,383.5825
68181365,106.50,162.50,301.1772,377.2020
68185271,122.50,162.50,298.3934,370.1863
68189177,140.50,149.50,305.8500,361.0962
68193083,144.50,150.50,317.8633,349.4189
68196989,203.50,151.50,332.9066,337.3196
68200895,144.50,165.50,343.0638,330.3205
68204801,143.50,154.50,330.3759,328.5452
68208707,119.50,144.50,304.6298,323.9452
68212613,116.50,135.50,282.5053,312.0008
68216519,129.50,128.50,268.7705,295.4019
68220425,127.50,123.50,263.6919,278.6122
68224331,119.50,109.50,259.7491,264.1670
68228237,121.50,142.50,254.4534,258.0335
68232143,112.50,176.50,248.9346,269.4601
68236049,117.50,147.50,241.3949,284.0924
68239955,131.50,158.50,235.2175,282.2428
68243861,142.50,177.50,236.1900,276.7315
68247767,153.50,197.50,243.9205,283.1299
68251673,156.50,202.50,252.6911,294.6574
68255579,161.50,186.50,256.1225,296.6999
68259485,161.50,169.50,252.6958,283.3106
68263391,146.50,157.50,243.3561,262.1069
68267297,142.50,146.50,230.8062,242.0344
68271203,137.50,143.50,219.9895,225.6445
68275109,121.50,118.50,208.8916,209.4052
68279015,112.50,114.50,192.6299,190.9010
68282921,109.50,95.50,175.5318,173.5628
68286827,96.50,103.50,162.8621,160.5945
68290733,95.50,79.50,153.7489,149.7278
68294639,79.50,79.50,144.3440,136.1659
68298545,52.50,80.50,127.4410,124.3611
68302451,41.50,74.50,103.1913,118.5513
68306357,48.50,78.50,84.8906,115.3145
68310263,34.50,81.50,77.6627,113.2071
68314169,16.50,62.50,69.8685,108.0765
68318075,21.50,66.50,57.2859,97.9780
68321981,15.50,48.50,47.2683,87.3108
68325887,-6.50,45.50,38.2248,76.6339
68329793,-10.50,7.50,26.1139,60.8463
68333699,-14.50,-8.50,15.2990,36.3903
68337605,-28.50,-16.50,6.0197,11.7572
68341511,-35.50,-4.50,-5.2479,-0.6560
68345417,-47.50,-12.50,-16.9969,-1.5866
68349323,-48.50,-47.50,-26.0618,-6.8866
68353229,-58.50,-50.50,-32.4009,-23.8456
68357135,-32.50,-45.50,-34.1734,-38.5552
68361041,-22.50,-36.50,-26.8543,-41.1748
68364947,-10.50,-30.50,-13.8378,-35.6947
68368853,16.50,-17.50,1.9669,-27.1102
68372759,38.50,-2.50,22.3802,-15.9655
68376665,14.50,7.50,36.4631,-3.4220
68380571,-6.50,6.50,29.8242,5.4153
68384477,-16.50,16.50,9.3179,9.0108
68388383,-14.50,-8.50,-7.2906,6.9991
68392289,46.50,-6.50,-3.6801,-1.7360
68396195,73.50,33.50,24.8934,-3.6692
68400101,-25.50,-9.50,40.5173,2.0437
68404007,-73.50,-47.50,6.8772,-9.8303
68407913,-47.50,-46.50,-41.5649,-37.2194
68411819,-68.50,-62.50,-64.8749,-57.9420
68415725,-47.50,-52.50,-70.0182,-67.7273
68419631,-56.50,-41.50,-67.3838,-67.6979
68423537,-73.50,-33.50,-64.6189,-59.5623
68427443,-64.50,-37.50,-66.0741,-50.5005
68431349,-120.50,-83.50,-76.9522,-53.9429
68435255,-112.50,-75.50,-101.6727,-72.5717
68439161,-110.50,-64.50,-120.8634,-86.6020
68443067,-128.50,-98.50,-124.8937,-92.2217
68446973,-116.50,-66.50,-123.0652,-95.9191
68450879,-122.50,-81.50,-120.1029,-92.4529
68454785,-96.50,-93.50,-116.5756,-90.6037
68458691,-92.50,-85.50,-108.7746,-96.3218
68462597,-79.50,-90.50,-96.1426,-101.0876
68466503,-72.50,-107.50,-81.6258,-105.3448
68470409,-76.50,-79.50,-71.3701,-106.8804
68474315,-79.50,-69.50,-71.4861,-97.6179
68478221,-83.50,-58.50,-78.3268,-83.1278
68482127,-78.50,-56.50,-82.5746,-72.7067
68486033,-68.50,-58.50,-78.2786,-67.7403
68489939,-80.50,-69.50,-71.5817,-68.0412
68493845,-98.50,-97.50,-75.4195,-77.1488
68497751,-111.50,-110.50,-90.7052,-96.0260
68501657,-106.50,-90.50,-104.2437,-111.0695
68505563,-80.50,-93.50,-102.5209,-111.2242
68509469,-79.50,-102.50,-87.9649,-105.8785
68513375,-88.50,-105.50,-77.9467,-105.2408
68517281,-88.50,-94.50,-79.2037,-106.1852
68521187,-84.50,-84.50,-82.2185,-102.8453
68525093,-79.50,-83.50,-80.0916,-96.1411
68528999,-81.50,-106.50,-75.8517,-94.0423
68532905,-81.50,-82.50,-74.5010,-95.8731
68536811,-82.50,-72.50,-75.6733,-90.7892
68540717,-94.50,-54.50,-78.2884,-78.5930
68544623,-100.50,-70.50,-83.3494,-69.2551
68548529,-100.50,-92.50,-88.9262,-71.7788
68552435,-79.50,-96.50,-88.8847,-83.4733
68556341,-82.50,-84.50,-81.8073,-91.5291
68560247,-74.50,-73.50,-73.6239,-89.9910
68564153,-82.50,-75.50,-68.3623,-83.7617
68568059,-70.50,-66.50,-65.6768,-76.9402
68571965,-76.50,-60.50,-64.2781,-68.1085
68575871,-79.50,-84.50,-65.6546,-64.1564
68579777,-78.50,-84.50,-68.3839,-72.4821
68583683,-74.50,-83.50,-67.7175,-83.5061
68587589,-81.50,-126.50,-65.4812,-93.9569
68591495,-78.50,-116.50,-65.9557,-107.0745
68595401,-80.50,-102.50,-68.0465,-111.6577
68599307,-84.50,-82.50,-69.8169,-102.6763
68603213,-79.50,-90.50,-69.9648,-90.9370
68607119,-78.50,-85.50,-67.4971,-84.2642
68611025,-73.50,-78.50,-64.3251,-78.6374
68614931,-61.50,-83.50,-60.1092,-72.8779
68618837,-46.50,-79.50,-51.3110,-72.0984
68622743,-53.50,-72.50,-40.7715,-73.4383
68626649,-80.50,-79.50,-40.3046,-72.3360
68630555,-105.50,-98.50,-56.4074,-73.1070
68634461,-111.50,-104.50,-79.5663,-80.0680
68638367,-106.50,-83.50,-94.4612,-86.0275
68642273,-118.50,-80.50,-98.4914,-83.5693
68646179,-114.50,-47.50,-98.6014,-71.4915
68650085,-124.50,-48.50,-98.6782,-51.8290
68653991,-136.50,-100.50,-102.7329,-44.6065
68657897,-180.50,-152.50,-117.7445,-70.6336
68661803,-152.50,-122.50,-136.2785,-108.8769
68665709,-137.50,-89.50,-137.3092,-118.7002
68669615,-111.50,-96.50,-118.8526,-100.4203
68673521,-108.50,-74.50,-96.2800,-78.8311
68677427,-106.50,-50.50,-81.4211,-58.4854
68681333,-79.50,-41.50,-71.3909,-39.3507
68685239,-62.50,-22.50,-56.4324,-25.4861
68689145,-63.50,-25.50,-40.8219,-15.7314
68693051,-79.50,-40.50,-35.9580,-12.1794
68696957,-106.50,-72.50,-45.8867,-21.1910
68700863,-116.50,-64.50,-64.4672,-38.9578
68704769,-115.50,-79.50,-79.8066,-54.1945
68708675,-126.50,-77.50,-87.9729,-63.4290
68712581,-136.50,-70.50,-94.3167,-64.3619
68716487,-128.50,-82.50,-98.2556,-59.5157
68720393,-137.50,-79.50,-97.4605,-58.1823
68724299,-128.50,-90.50,-95.4977,-62.8644
68728205,-127.50,-111.50,-93.3051,-73.6464
68732111,-137.50,-110.50,-92.3436,-85.9284
68736017,-152.50,-116.50,-96.3899,-91.7931
68739923,-148.50,-143.50,-102.5664,-97.3866
68743829,-160.50,-162.50,-107.1492,-112.9435
68747735,-170.50,-154.50,-113.5622,-130.0942
68751641,-173.50,-143.50,-121.6968,-133.3273
68755547,-159.50,-156.50,-123.2952,-126.0573
68759453,-146.50,-174.50,-113.7891,-124.9670
68763359,-120.50,-190.50,-96.1738,-136.0098
68767269,-109.50,-180.50,-76.1553,-148.5692
68771175,-116.50,-170.50,-62.1364,-149.7152
68775081,-138.50,-152.50,-61.4953,-137.8110
68778987,-137.50,-133.50,-70.5090,-118.3109
68782893,-143.50,-140.50,-79.2277,-100.8367
68786799,-143.50,-150.50,-84.6443,-95.6700
68790705,-152.50,-152.50,-88.4269,-100.6308
68794611,-143.50,-149.50,-89.0837,-105.1339
68798517,-148.50,-150.50,-85.4785,-104.9406
68802423,-145.50,-156.50,-81.9358,-103.8313
68806329,-117.50,-160.50,-76.5140,-105.1316
68810235,-155.50,-146.50,-71.2242,-104.8653
68814141,-144.50,-136.50,-74.1870,-97.6649
68818047,-140.50,-155.50,-76.4105,-90.4645
68821953,-136.50,-174.50,-72.0811,-94.9024
68825859,-136.50,-173.50,-68.0877,-106.7636
68829765,-146.50,-161.50,-68.3296,-111.8788
68833671,-136.50,-162.50,-69.4025,-107.5346
68837577,-94.50,-123.50,-58.9410,-95.3748
68841483,-58.50,-79.50,-30.8961,-68.5238
68845389,-112.50,-109.50,-9.2401,-39.1493
68849295,-144.50,-114.50,-21.0065,-31.3131
68853201,-143.50,-108.50,-49.3939,-38.3512
68857107,-125.50,-84.50,-62.5422,-38.9799
68861013,-116.50,-76.50,-56.8704,-28.2722
68864919,-114.50,-60.50,-46.3771,-12.9605
68868825,-88.50,-49.50,-34.7117,2.7226
68872731,-75.50,-44.50,-16.6473,16.0613
68876637,-79.50,-33.50,0.2734,24.7271
68880543,-85.50,-46.50,4.1770,27.4207
68884449,-128.50,-60.50,-9.1357,21.4915
68888355,-137.50,-72.50,-33.7752,9.5974
68892261,-128.50,-75.50,-50.6992,-1.5686
68896167,-134.50,-88.50,-52.7388,-10.6812
68900073,-120.50,-95.50,-49.2101,-20.4048
68903979,-111.50,-84.50,-42.7915,-26.6366
68907885,-113.50,-79.50,-34.2228,-23.5212
68911791,-128.50,-88.50,-30.2079,-17.3479
68915697,-141.50,-113.50,-35.7790,-20.8168
68919603,-133.50,-121.50,-45.7803,-35.5934
68923509,-125.50,-124.50,-49.6680,-50.2204
68927415,-141.50,-136.50,-48.1537,-58.5854
68931321,-126.50,-136.50,-45.6545,-63.3811
68935227,-133.50,-143.50,-41.2179,-66.4872
68939133,-129.50,-150.50,-38.5690,-70.1695
68943039,-132.50,-141.50,-39.8777,-73.0061
68946945,-132.50,-127.50,-41.6762,-68.7727
68950851,-136.50,-134.50,-41.5535,-59.8766
68954757,-120.50,-128.50,-37.6155,-54.0234
68958663,-97.50,-121.50,-26.9744,-50.0579
68962569,-98.50,-131.50,-13.4835,-47.0739
68966475,-86.50,-125.50,-3.5071,-47.0390
68970381,-100.50,-121.50,2.1848,-45.9999
68974287,-108.50,-111.50,1.1272,-40.7682
68978193,-94.50,-127.50,-3.4578,-36.3237
68982099,-84.50,-136.50,-2.7822,-39.6841
68986005,-86.50,-131.50,2.5939,-46.6140
68989911,-100.50,-128.50,5.3559,-48.4265
68993817,-90.50,-136.50,4.7735,-47.0957
68997723,-113.50,-153.50,1.4487,-50.4309
69001629,-127.50,-175.50,-10.4806,-62.0654
69005535,-137.50,-157.50,-27.7877,-73.6058
69009441,-147.50,-152.50,-40.6953,-73.6722
69013347,-148.50,-137.50,-46.5833,-64.0373
69017253,-149.50,-143.50,-48.0954,-53.3266
69021159,-149.50,-149.50,-49.1580,-48.4154
69025065,-152.50,-152.50,-50.9051,-49.8843
69028971,-150.50,-137.50,-50.9487,-50.8300
69032877,-161.50,-121.50,-49.6554,-44.5161
69036783,-143.50,-109.50,-47.9472,-31.2158
69040689,-154.50,-111.50,-45.7607,-17.7200
69044595,-175.50,-117.50,-49.9705,-11.0875
69048501,-178.50,-133.50,-60.7359,-14.7256
69052407,-175.50,-134.50,-66.9597,-25.4169
69056313,-172.50,-130.50,-65.6393,-33.5452
69060219,-168.50,-186.50,-62.1131,-43.0416
69064125,-175.50,-180.50,-60.4050,-61.2306
69068031,-169.50,-175.50,-59.3719,-73.8964
69071937,-174.50,-184.50,-56.4440,-75.9425
69075843,-182.50,-184.50,-55.6352,-77.1290
69079749,-189.50,-204.50,-61.0009,-80.8283
69083655,-197.50,-216.50,-69.6137,-88.1553
69087561,-207.50,-236.50,-77.2792,-99.6353
69091467,-206.50,-217.50,-81.4029,-109.6299
69095373,-188.50,-213.50,-78.5743,-109.5795
69099279,-177.50,-198.50,-68.3416,-99.3691
69103185,-172.50,-143.50,-56.3962,-76.0058
69107091,-165.50,-196.50,-46.2088,-50.9137
69110997,-191.50,-248.50,-41.7843,-58.6631
69114903,-142.50,-236.50,-39.2460,-92.3426
69118809,-113.50,-222.50,-22.7978,-110.8000
69122715,-90.50,-239.50,5.4718,-108.5248
69126621,-84.50,-237.50,30.9439,-104.2224
69130527,-90.50,-221.50,45.9161,-99.5031
69134433,-111.50,-226.50,45.7394,-91.5659
69138339,-126.50,-208.50,30.6863,-83.7888
69142245,-173.50,-196.50,3.6801,-73.4643
69146151,-175.50,-177.50,-26.6821,-57.8590
69150057,-176.50,-191.50,-43.7207,-43.7575
69153963,-142.50,-213.50,-39.2995,-43.2914
69157869,-146.50,-207.50,-23.0690,-54.1560
69161775,-161.50,-192.50,-14.7342,-59.1306
69165681,-155.50,-175.50,-17.8469,-50.2417
69169587,-142.50,-172.50,-17.3107,-34.5452
69173493,-96.50,-144.50,-2.0943,-17.8981
69177399,-15.50,-110.50,35.4853,4.0945
69181305,-84.50,-128.50,73.4662,25.1160
69185211,-169.50,-188.50,63.0219,21.2471
69189117,-158.50,-192.50,14.6480,-7.9064
69193023,-164.50,-181.50,-19.7258,-31.0615
69196929,-208.50,-175.50,-38.8403,-33.6001
69200835,-203.50,-181.50,-59.5541,-28.1543
69204741,-227.50,-256.50,-73.9119,-37.2999
69208647,-235.50,-253.50,-80.1526,-65.7562
69212553,-216.50,-268.50,-81.3044,-90.6341
69216459,-222.50,-276.50,-78.8921,-104.1048
69220365,-204.50,-243.50,-75.7894,-106.9186
69224271,-202.50,-255.50,-67.2529,-96.5882
69228177,-198.50,-245.50,-53.6098,-83.1571
69232083,-153.50,-239.50,-36.0428,-72.2056
69235989,-140.50,-203.50,-13.9768,-59.2775
69239895,-146.50,-193.50,1.5871,-41.8326
69243801,-150.50,-198.50,5.7258,-26.6951
69247707,-138.50,-184.50,8.9086,-16.6946
69251613,-122.50,-236.50,18.0355,-15.9386
69255519,-136.50,-210.50,24.3875,-28.0647
69259425,-132.50,-169.50,20.6421,-30.3580
69263331,-129.50,-160.50,17.2072,-10.9785
69267237,-136.50,-171.50,20.7330,10.1102
69271143,-122.50,-170.50,26.1260,19.3437
69275049,-132.50,-229.50,27.6896,10.0568
69278955,-143.50,-228.50,20.8649,-18.3230
69282861,-145.50,-175.50,11.2441,-34.8435
69286767,-139.50,-175.50,9.6477,-19.4725
69290673,-162.50,-183.50,11.0500,3.1660
69294579,-176.50,-187.50,1.5049,11.8289
69298485,-175.50,-207.50,-15.2256,5.5775
69302391,-150.50,-218.50,-20.1696,-11.1406
69306297,-143.50,-208.50,-6.6870,-25.1004
69310203,-156.50,-198.50,8.4600,-23.8037
69314109,-162.50,-214.50,9.1623,-14.8167
69318015,-172.50,-208.50,-1.5741,-11.9478
69321921,-171.50,-201.50,-12.2923,-13.0481
69325827,-164.50,-203.50,-14.1600,-12.2154
69329733,-164.50,-217.50,-8.3023,-12.0127
69333639,-173.50,-250.50,-4.9094,-19.7502
69337545,-172.50,-223.50,-8.4055,-31.2371
69341451,-169.50,-211.50,-12.1120,-31.2933
69345357,-170.50,-177.50,-11.0221,-16.3057
69349263,-173.50,-159.50,-8.2014,8.8106
69353169,-188.50,-174.50,-10.1008,31.2659
69357075,-192.50,-219.50,-18.6286,30.8297
69360981,-196.50,-237.50,-27.6597,4.8787
69364887,-220.50,-265.50,-35.5821,-29.2050
69368793,-207.50,-271.50,-42.5656,-55.9310
69372699,-240.50,-272.50,-48.7595,-67.6430
69376605,-207.50,-265.50,-54.0585,-65.2947
69380511,-237.50,-268.50,-55.1399,-58.5162
69384417,-253.50,-278.50,-60.4130,-57.2777
69388323,-297.50,-316.50,-78.1682,-67.9272
69392229,-298.50,-313.50,-102.1058,-85.3050
69396135,-334.50,-345.50,-124.4108,-99.9830
69400041,-338.50,-342.50,-143.9554,-112.3697
69403947,-378.50,-383.50,-161.7644,-126.9192
69407853,-434.50,-469.50,-186.5856,-158.1954
69411759,-484.50,-512.50,-225.7676,-210.5026
69415665,-549.50,-572.50,-275.8322,-265.8388
69419571,-597.50,-592.50,-330.5630,-312.0592
69423477,-622.50,-605.50,-377.0021,-342.4254
69427383,-645.50,-620.50,-404.8942,-355.8052
69431289,-677.50,-653.50,-420.7367,-362.6440
69435195,-745.50,-713.50,-443.4155,-379.2180
69439101,-756.50,-730.50,-476.9880,-409.3062
69443007,-738.50,-705.50,-496.9162,-430.4619
69446913,-712.50,-678.50,-486.0455,-422.4384
69450819,-657.50,-642.50,-448.6863,-388.5346
69454725,-658.50,-649.50,-401.8601,-348.3019
69458631,-646.50,-623.50,-367.5003,-318.5986
69462537,-621.50,-597.50,-345.4011,-295.7328
69466443,-559.50,-557.50,-315.7669,-268.6388
69470349,-519.50,-512.50,-269.5517,-230.7530
69474255,-482.50,-489.50,-217.4016,-184.7819
69478161,-472.50,-463.50,-173.8072,-142.6417
69482067,-460.50,-463.50,-145.3453,-114.3715
69485973,-357.50,-379.50,-113.8432,-89.8239
69489879,-317.50,-298.50,-59.6472,-41.1602
69493785,-287.50,-265.50,-1.3776,28.4646
69497691,-271.50,-236.50,40.3663,88.5166
69501597,-207.50,-182.50,74.7957,132.1567
69505503,-189.50,-165.50,111.9505,166.8656
69509409,-138.50,-133.50,146.9459,192.8331
69513315,-86.50,-47.50,183.7873,225.4595
69517221,-88.50,-38.50,221.7410,273.2885
69521127,-64.50,-57.50,247.8548,306.2481
69525033,-45.50,-56.50,263.9054,306.8990
69528939,-10.50,-32.50,278.7341,297.2030
69532845,-8.50,-10.50,293.3974,299.4656
69536751,5.50,-81.50,304.9306,300.0137
69540657,30.50,-44.50,317.5842,285.6311
69544563,27.50,-18.50,330.8383,281.2739
69548469,35.50,29.50,334.8933,300.4508
69552375,41.50,59.50,331.6449,331.6557
69556281,48.50,70.50,330.4398,361.3989
69560187,60.50,25.50,335.1930,371.8540
69564093,66.50,27.50,342.5510,357.2607
69567999,74.50,11.50,346.1552,332.7360
69571905,51.50,16.50,340.6557,311.5286
69575811,39.50,16.50,325.2037,299.9922
69579717,19.50,6.50,305.9897,297.1946
69583623,20.50,11.50,288.8781,295.8646
69587529,10.50,-4.50,274.7728,289.7912
69591435,-6.50,-30.50,259.6295,271.9941
69595341,-16.50,-13.50,242.7349,250.8842
69599247,-13.50,-22.50,231.0530,242.4172
69603153,-54.50,-66.50,220.2041,235.1554
69607059,-52.50,-84.50,200.8119,211.9325
69610965,-69.50,-88.50,179.4440,182.6617
69614871,-109.50,-112.50,157.7778,159.7194
69618777,-122.50,-132.50,132.7062,140.7787
69622683,-168.50,-168.50,105.7455,120.0124
69626589,-207.50,-208.50,71.0756,90.9809
69630495,-264.50,-253.50,25.4099,50.6996
69634401,-303.50,-277.50,-24.5708,7.0945
69638307,-333.50,-306.50,-67.3725,-28.0872
69642213,-404.50,-370.50,-105.5673,-59.5616
69646119,-440.50,-420.50,-150.3956,-100.9024
69650025,-454.50,-440.50,-192.1434,-146.2922
69653931,-426.50,-431.50,-209.8332,-175.7425
69657837,-476.50,-480.50,-208.6978,-189.3454
69661743,-512.50,-472.50,-217.7907,-199.9212
69665649,-512.50,-479.50,-239.1045,-204.4215
69669555,-494.50,-461.50,-249.4949,-199.8126
69673461,-448.50,-464.50,-236.0351,-191.6083
69677367,-436.50,-470.50,-204.0857,-185.9747
69681273,-451.50,-486.50,-175.8272,-185.7639
69685179,-431.50,-470.50,-161.8132,-185.4018
69689085,-408.50,-468.50,-149.8409,-179.5274
69692991,-367.50,-416.50,-129.1981,-164.4633
69696897,-344.50,-396.50,-99.5334,-136.2330
69700803,-319.50,-372.50,-66.2708,-101.6457
69704709,-330.50,-364.50,-39.6984,-71.6495
69708615,-294.50,-345.50,-23.7871,-50.5185
69712521,-265.50,-320.50,-7.5681,-34.6437
69716427,-246.50,-269.50,14.2214,-12.2993
69720333,-224.50,-224.50,38.1123,25.6957
69724239,-200.50,-206.50,64.2218,70.6616
69728145,-155.50,-164.50,93.9411,108.9279
69732051,-132.50,-128.50,124.5791,141.2464
69735957,-132.50,-113.50,145.9876,168.4352
69739863,-114.50,-106.50,156.9271,186.3978
69743769,-61.50,-72.50,174.8471,201.2746
69747675,-37.50,-63.50,206.7370,219.4927
69751581,-24.50,-76.50,235.0585,229.7529
69755487,-8.50,-62.50,249.6888,226.5160
69759393,19.50,-34.50,261.7251,226.8578
69763299,28.50,-9.50,278.6753,242.6686
69767205,47.50,-15.50,294.4748,262.1151
69771111,52.50,-0.50,303.2106,271.0749
69775017,59.50,49.50,305.0335,279.8497
69778923,67.50,59.50,305.5878,299.4964
69782829,80.50,59.50,310.5000,317.3309
69786735,95.50,52.50,319.0436,321.5832
69790641,98.50,57.50,325.3070,315.8242
69794547,98.50,64.50,324.6737,308.7268
69798453,98.50,63.50,319.9831,303.9334
69802359,85.50,41.50,313.9402,296.6858
69806269,75.50,43.50,303.4349,285.1639
69810175,59.50,49.50,286.2592,276.4098
69814081,79.50,55.50,270.1175,273.0659
69817987,71.50,51.50,264.0569,270.2629
69821893,71.50,59.50,263.4022,267.1988
69825799,79.50,59.50,262.8365,266.9209
69829705,80.50,75.50,261.8737,269.5842
69833611,67.50,76.50,255.9402,272.3062
69837517,62.50,64.50,244.1376,268.9915
69841423,51.50,59.50,231.7557,258.5643
69845329,45.50,22.50,220.7477,242.5632
69849235,47.50,9.50,210.7501,219.3046
69853141,41.50,-6.50,201.8241,193.3362
69857047,16.50,-15.50,189.9055,170.5987
69860953,11.50,-13.50,174.1167,155.5326
69864859,-2.50,-21.50,159.3587,149.5128
69868765,11.50,-5.50,149.0688,149.4656
69872671,16.50,-4.50,145.6626,152.4516
69876577,-5.50,-20.50,143.2220,150.4757
69880483,-11.50,-21.50,134.6058,140.6791
69884389,-12.50,-26.50,124.8588,131.3704
69888295,-12.50,-26.50,118.1278,126.1762
69892201,-10.50,-33.50,112.6479,121.0737
69896107,-2.50,-16.50,109.9221,116.3710
69900013,-0.50,-42.50,112.4703,112.5726
69903919,16.50,-89.50,119.7169,97.5613
69907825,-0.50,-101.50,124.7044,68.7109
69911731,44.50,-77.50,126.6779,47.0839
69915637,64.50,-52.50,138.4630,48.1065
69919543,32.50,-45.50,151.7605,63.8325
69923449,-10.50,-60.50,142.2362,76.3573
69927355,-21.50,-79.50,112.1631,74.7012
69931261,-48.50,-58.50,79.2985,65.4275
69935167,-63.50,-66.50,50.3808,59.2878
69939073,-64.50,-80.50,30.3684,52.3784
69942979,-73.50,-90.50,22.6649,42.0417
69946885,-76.50,-92.50,20.2914,34.4017
69950791,-69.50,-65.50,17.7760,35.0584
69954697,-60.50,-66.50,17.0141,41.9265
69958603,-59.50,-63.50,19.7353,46.0985
69962509,-60.50,-80.50,24.0133,44.6302
69966415,-69.50,-72.50,25.4527,41.7258
69970321,-72.50,-73.50,20.6322,40.7285
69974227,-58.50,-74.50,14.4476,38.0660
69978133,-57.50,-79.50,14.1926,31.2822
69982039,-65.50,-79.50,17.1180,25.8368
69985945,-67.50,-79.50,17.4998,26.0585
69989851,-57.50,-78.50,16.4622,28.4994
69993757,-57.50,-66.50,16.0083,29.1334
69997663,-61.50,-79.50,14.3395,26.9049
70001569,-56.50,-74.50,13.0489,23.2013
70005475,-46.50,-75.50,16.9272,23.2748
70009381,-64.50,-80.50,20.4309,24.9707
70013287,-115.50,-133.50,6.3686,12.8784
70017193,-116.50,-133.50,-24.1772,-15.8736
70021099,-82.50,-116.50,-40.8481,-35.6277
70025005,-69.50,-84.50,-29.1944,-27.5520
70028911,-77.50,-86.50,-10.8120,-4.7867
70032817,-76.50,-82.50,-4.6533,9.9531
70036723,-79.50,-122.50,-7.4147,5.5171
70040629,-96.50,-95.50,-13.9364,-8.7100
70044535,-105.50,-93.50,-24.5194,-12.2222
70048441,-110.50,-138.50,-35.9667,-13.4263
70052347,-108.50,-142.50,-43.5115,-29.5173
70056253,-118.50,-128.50,-47.3898,-45.2513
70060159,-98.50,-132.50,-47.2220,-47.2228
70064065,-113.50,-142.50,-43.2937,-45.2941
70067971,-102.50,-142.50,-41.0388,-47.2900
70071877,-79.50,-152.50,-36.2340,-51.8884
70075783,-79.50,-159.50,-25.2653,-58.7332
70079689,-101.50,-144.50,-20.2349,-63.2836
70083595,-96.50,-138.50,-25.7760,-59.3598
70087501,-84.50,-132.50,-29.7047,-50.2947
70091407,-89.50,-126.50,-27.6575,-41.7880
70095313,-89.50,-122.50,-26.5637,-35.4378
70099219,-98.50,-122.50,-28.7116,-31.8548
70103125,-128.50,-143.50,-37.0319,-34.3597
70107031,-136.50,-158.50,-53.2555,-45.7163
70110937,-111.50,-146.50,-64.4991,-57.3895
70114843,-84.50,-132.50,-57.0791,-57.5855
70118749,-78.50,-138.50,-36.9392,-50.1369
70122655,-92.50,-143.50,-22.1166,-46.5641
70126561,-97.50,-133.50,-21.2428,-46.2734
70130467,-84.50,-124.50,-26.0256,-42.1538
70134373,-65.50,-115.50,-24.4230,-34.3354
70138279,-74.50,-111.50,-17.3570,-26.8954
70142185,-64.50,-113.50,-11.3269,-22.2471
70146091,-79.50,-132.50,-8.2252,-23.5865
70149997,-88.50,-136.50,-12.3427,-31.8750
70153903,-86.50,-150.50,-22.5268,-43.3814
70157809,-74.50,-158.50,-28.2301,-55.6444
70161715,-94.50,-158.50,-28.0406,-65.0670
70165621,-105.50,-152.50,-31.1484,-66.7758
70169527,-117.50,-142.50,-40.5722,-60.8129
70173433,-118.50,-162.50,-52.2123,-56.0824
70177339,-101.50,-142.50,-58.2020,-57.0081
70181245,-115.50,-150.50,-56.1341,-56.6173
70185151,-146.50,-161.50,-58.5082,-56.5985
70189057,-143.50,-157.50,-70.0093,-59.9761
70192963,-120.50,-136.50,-76.3078,-58.5518
70196869,-132.50,-143.50,-73.4604,-51.1951
70200775,-152.50,-149.50,-74.8970,-47.6519
70204681,-111.50,-108.50,-75.6204,-42.8294
70208587,-74.50,-66.50,-56.4654,-20.5509
70212493,-125.50,-177.50,-35.7050,-7.4729
70216399,-216.50,-256.50,-56.5102,-48.2875
70220305,-238.50,-251.50,-114.2114,-115.8596
70224211,-288.50,-257.50,-168.8237,-155.3537
70228117,-280.50,-293.50,-202.8923,-169.9219
70232023,-271.50,-297.50,-213.9694,-182.4996
70235929,-288.50,-350.50,-211.1933,-199.0083
70239835,-324.50,-372.50,-214.4076,-222.7904
70243741,-335.50,-374.50,-228.0554,-246.1258
70247647,-348.50,-400.50,-242.9404,-262.1405
70251553,-363.50,-431.50,-256.5388,-278.9387
70255459,-321.50,-410.50,-261.1554,-291.4604
70259365,-320.50,-421.50,-246.2679,-288.9914
70263271,-305.50,-397.50,-221.8963,-277.7054
70267177,-285.50,-367.50,-198.9676,-260.1576
70271083,-301.50,-346.50,-184.3479,-234.4921
70274989,-302.50,-342.50,-184.0663,-207.9723
70278895,-266.50,-335.50,-182.5151,-188.0242
70282801,-265.50,-309.50,-165.8344,-172.5230
70286707,-244.50,-304.50,-143.8827,-157.8650
70290613,-222.50,-285.50,-123.8566,-144.5760
70294519,-221.50,-265.50,-107.2718,-127.8303
70298425,-213.50,-270.50,-96.5234,-108.4937
70302331,-194.50,-241.50,-85.5527,-92.4826
70306237,-190.50,-239.50,-71.1463,-79.2753
70310143,-196.50,-256.50,-61.9529,-74.1697
70314049,-180.50,-251.50,-59.6939,-77.5336
70317955,-164.50,-245.50,-53.3562,-77.2291
70321861,-150.50,-236.50,-38.3909,-69.8422
70325767,-146.50,-225.50,-21.9244,-60.8048
70329673,-162.50,-249.50,-14.9423,-57.6361
70333579,-180.50,-244.50,-23.0940,-61.9896
70337485,-179.50,-227.50,-37.6923,-61.3314
70341391,-188.50,-239.50,-47.0790,-53.7059
70345297,-162.50,-242.50,-46.3885,-52.2036
70349203,-155.50,-216.50,-35.3676,-52.8589
70353109,-150.50,-204.50,-22.3514,-42.4967
70357015,-136.50,-225.50,-12.3098,-29.3923
70360921,-128.50,-224.50,-1.9266,-27.4583
70364827,-129.50,-237.50,7.0401,-34.7433
70368733,-139.50,-232.50,8.7738,-43.6768
70372639,-143.50,-245.50,3.0015,-49.5824
70376545,-133.50,-242.50,-2.0134,-51.8100
70380451,-112.50,-224.50,2.9635,-47.6982
70384357,-111.50,-208.50,15.7376,-35.5465
70388263,-100.50,-203.50,27.0504,-21.8412
70392169,-97.50,-181.50,34.4305,-9.2399
70396075,-122.50,-179.50,34.4730,4.7625
70399981,-132.50,-177.50,23.4320,16.0204
70403887,-120.50,-155.50,11.8315,23.6044
70407793,-129.50,-175.50,8.1617,27.9084
70411699,-120.50,-192.50,8.5369,21.8902
70415605,-126.50,-192.50,10.0891,9.9157
70419511,-124.50,-201.50,11.2982,1.9933
70423417,-128.50,-185.50,10.9151,-0.2835
70427323,-111.50,-194.50,11.7455,0.8643
70431229,-130.50,-207.50,13.2898,-1.1084
70435135,-143.50,-233.50,8.2330,-10.8608
70439041,-137.50,-241.50,-0.5225,-25.6427
70442947,-148.50,-222.50,-5.6916,-35.2122
70446853,-152.50,-236.50,-10.4704,-36.2770
70450759,-143.50,-204.50,-14.3214,-31.6958
70454665,-143.50,-154.50,-12.8795,-10.5729
70458571,-147.50,-186.50,-9.4660,18.8286
70462477,-156.50,-191.50,-9.9611,27.5650
70466383,-102.50,-160.50,-5.8592,22.8378
70470289,-53.50,-120.50,19.9104,32.8725
70474195,-120.50,-153.50,46.3139,51.8745
70478101,-165.50,-191.50,34.5595,50.7359
70482007,-166.50,-207.50,-1.7655,26.8562
70485913,-187.50,-213.50,-30.4239,1.0261
70489819,-160.50,-185.50,-43.4755,-10.3221
70493725,-169.50,-176.50,-41.9687,-2.6459
70497631,-146.50,-160.50,-30.9804,15.7171
70501537,-144.50,-138.50,-15.3308,37.2228
70505443,-136.50,-121.50,-2.4772,58.1812
70509349,-129.50,-92.50,2.8704,76.3836
70513255,-138.50,-126.50,2.9285,85.8398
70517161,-125.50,-104.50,3.0971,84.4153
70521067,-128.50,-121.50,8.2736,82.3353
70524973,-112.50,-152.50,15.6593,74.3592
70528879,-111.50,-159.50,21.2576,53.5055
70532785,-104.50,-162.50,24.4412,33.3655
70536691,-114.50,-161.50,26.2262,24.9453
70540597,-106.50,-144.50,28.0679,29.1925
70544503,-110.50,-130.50,29.8248,42.1841
70548409,-111.50,-111.50,28.0358,57.2619
70552315,-118.50,-106.50,21.9605,69.8391
70556221,-119.50,-111.50,16.4911,76.9872
70560127,-122.50,-129.50,15.0581,75.6117
70564033,-114.50,-130.50,16.6774,66.8000
70567939,-104.50,-111.50,19.9260,60.1771
70571845,-111.50,-56.50,22.3704,70.7189
70575751,-152.50,5.50,15.5053,108.0022
70579657,-154.50,48.50,-1.4210,163.2104
70583563,-154.50,36.50,-15.0928,208.0518
70587469,-140.50,-47.50,-18.5639,208.1228
70591375,-114.50,-233.50,-11.2616,134.9959
70595281,-127.50,-170.50,2.2069,28.0817
70599187,-122.50,-65.50,11.7073,-8.4008
70603093,-105.50,-66.50,18.4831,37.4482
70606999,-111.50,-239.50,24.0274,57.9559
70610905,-118.50,-217.50,21.8364,9.0376
70614811,-126.50,-207.50,13.9443,-38.2627
70618717,-138.50,-368.50,6.8597,-75.6595
70622623,-142.50,-322.50,1.0117,-134.4481
70626529,-133.50,-271.50,-3.6030,-160.6273
70630435,-119.50,-223.50,-3.3278,-124.3258
70634341,-112.50,-208.50,4.0373,-67.9283
70638247,-111.50,-181.50,15.1081,-27.8265
70642153,-114.50,-153.50,23.1616,-4.4530
70646059,-117.50,-140.50,23.2674,14.8276
70649965,-111.50,-81.50,17.9469,40.8609
70653871,-80.50,-53.50,19.6977,78.6869
70657777,-81.50,-89.50,34.0891,105.2771
70661683,-175.50,-141.50,33.2128,92.9084
70665589,-175.50,-158.50,-0.8929,53.4871
70669495,-175.50,-157.50,-36.7026,21.3936
70673401,-152.50,-158.50,-47.7225,9.6987
70677307,-148.50,-190.50,-37.9306,3.1887
70681213,-140.50,-200.50,-20.7410,-11.2077
70685119,-104.50,-201.50,-1.3205,-25.2946
70689025,-93.50,-147.50,19.9041,-21.3354
70692931,-89.50,-158.50,34.2689,-0.5103
70696837,-121.50,-266.50,33.9241,-3.9208
70700743,-159.50,-271.50,16.6298,-48.0992
70704649,-188.50,-271.50,-12.6612,-88.6264
70708555,-191.50,-278.50,-41.8626,-102.3235
70712461,-173.50,-307.50,-57.5229,-109.2104
70716367,-188.50,-301.50,-58.2254,-119.5177
70720273,-145.50,-239.50,-47.2353,-113.2855
70724179,-119.50,-228.50,-20.9935,-81.4217
70728085,-106.50,-220.50,9.1857,-49.6805
70731991,-98.50,-200.50,26.7093,-32.2152
70735897,-65.50,-184.50,37.7967,-18.7029
70739803,-91.50,-175.50,49.3142,-3.6001
70743709,-145.50,-171.50,43.7527,9.0587
70747615,-144.50,-174.50,16.5751,14.6439
70751521,-137.50,-172.50,-7.3137,13.8264
70755427,-144.50,-190.50,-16.1758,8.9571
70759333,-127.50,-192.50,-13.7204,1.3116
70763239,-118.50,-168.50,-1.0865,-0.6193
70767145,-163.50,-186.50,5.6299,4.2389
70771051,-190.50,-186.50,-12.8274,4.2891
70774957,-196.50,-201.50,-44.2026,-2.2122
70778863,-181.50,-193.50,-61.4357,-8.2784
70782769,-190.50,-207.50,-59.1976,-11.5461
70786675,-174.50,-202.50,-49.7467,-14.9309
70790581,-148.50,-186.50,-36.7774,-14.8818
70794487,-144.50,-156.50,-21.2827,-3.0142
70798393,-143.50,-180.50,-10.3663,12.9296
70802299,-140.50,-175.50,-4.5994,17.8129
70806205,-134.50,-181.50,0.2700,13.7671
70810111,-133.50,-204.50,4.0481,4.6128
70814017,-157.50,-209.50,0.4282,-9.6602
70817923,-177.50,-207.50,-14.2486,-20.1127
70821829,-174.50,-195.50,-29.9184,-19.8845
70825735,-147.50,-164.50,-31.2427,-7.7725
70829641,-147.50,-165.50,-19.4881,10.2537
70833547,-140.50,-162.50,-8.8645,22.3646
70837453,-154.50,-157.50,-5.7849,27.3168
70841359,-146.50,-154.50,-6.5775,30.7169
70845269,-134.50,-143.50,-3.7463,34.6358
70849175,-184.50,-160.50,-5.8166,35.9845
70853081,-149.50,-168.50,-18.0952,30.0290
70856987,-163.50,-164.50,-23.4863,22.2796
70860893,-173.50,-171.50,-22.6180,18.8161
70864799,-178.50,-179.50,-25.7697,15.0797
70868705,-182.50,-175.50,-31.5660,9.5154
70872611,-168.50,-145.50,-35.0458,11.8320
70876517,-160.50,-152.50,-30.8697,24.1942
70880423,-154.50,-144.50,-20.6275,34.9250
70884329,-152.50,-143.50,-10.4615,39.5832
70888235,-128.50,-152.50,-1.0204,39.0387
70892141,-111.50,-148.50,11.7427,34.6747
70896047,-121.50,-143.50,23.3059,32.8524
70899953,-117.50,-139.50,27.4907,35.9032
70903859,-132.50,-140.50,26.0315,39.7107
70907765,-123.50,-148.50,21.8355,39.4347
70911671,-114.50,-138.50,20.1437,36.6264
70915577,-111.50,-136.50,23.2294,37.1155
70919483,-113.50,-140.50,27.5560,39.4207
70923389,-111.50,-149.50,31.1224,37.7932
70927295,-136.50,-162.50,29.0874,30.2267
70931201,-150.50,-175.50,15.5766,18.1045
70935107,-166.50,-203.50,-4.5822,1.7675
70939013,-176.50,-187.50,-21.9893,-13.3284
70942919,-177.50,-191.50,-31.5943,-18.0060
70946825,-169.50,-175.50,-32.4010,-13.3927
70950731,-173.50,-175.50,-29.3086,-5.1417
70954637,-158.50,-132.50,-25.9638,8.4500
70958543,-149.50,-207.50,-18.8016,16.1011
70962449,-180.50,-220.50,-13.7361,-2.3511
70966355,-193.50,-212.50,-22.0066,-29.1692
70970261,-207.50,-212.50,-39.2808,-39.5724
70974167,-194.50,-220.50,-52.5254,-40.0534
70978073,-175.50,-140.50,-51.2986,-27.1507
70981979,-166.50,-191.50,-36.6635,-2.1566
70985885,-174.50,-274.50,-22.1783,-7.6038
70989791,-170.50,-214.50,-16.8443,-41.1459
70993697,-160.50,-239.50,-15.9369,-56.6207
70997603,-138.50,-292.50,-10.1210,-66.1673
71001509,-137.50,-275.50,1.8503,-86.2660
71005415,-156.50,-262.50,9.2661,-93.2712
71009321,-136.50,-226.50,9.2605,-77.6791
71013227,-132.50,-212.50,11.4516,-51.7755
71017133,-145.50,-197.50,13.3810,-28.9127
71021039,-156.50,-189.50,7.7183,-12.4352
71024945,-167.50,-190.50,-2.0562,-1.0728
71028851,-184.50,-185.50,-12.7624,4.3665
71032757,-181.50,-181.50,-23.5483,5.5816
71036663,-156.50,-186.50,-26.3406,4.5160
71040569,-162.50,-213.50,-18.5133,-1.5434
71044475,-175.50,-218.50,-12.2203,-13.0002
71048381,-183.50,-209.50,-14.7163,-21.1909
71052287,-181.50,-176.50,-21.1925,-16.8337
71056193,-164.50,-188.50,-23.6526,-4.4059
71060099,-178.50,-207.50,-21.4981,0.0117
71064005,-175.50,-200.50,-20.0913,-4.5263
71067911,-182.50,-207.50,-19.4925,-8.0652
71071817,-192.50,-217.50,-21.6213,-13.3684
71075723,-193.50,-196.50,-28.8923,-19.1147
71079629,-162.50,-189.50,-30.9840,-14.6903
71083535,-161.50,-176.50,-19.8519,-0.4402
71087441,-190.50,-188.50,-10.2376,11.9424
71091347,-124.50,-186.50,-4.0101,13.2885
71095253,-188.50,-190.50,2.9718,6.9411
71099159,-207.50,-207.50,-10.0441,-1.4507
71103065,-184.50,-213.50,-31.6534,-10.1279
71106971,-188.50,-205.50,-34.6559,-14.4092
71110877,-228.50,-194.50,-34.3156,-11.7019
71114783,-207.50,-207.50,-44.1311,-8.5922
71118689,-191.50,-217.50,-47.2886,-12.2913
71122595,-202.50,-221.50,-39.7552,-19.0203
71126501,-237.50,-237.50,-40.0899,-25.1708
71130407,-239.50,-239.50,-53.4550,-33.4897
71134313,-207.50,-229.50,-61.0879,-40.2462
71138219,-177.50,-202.50,-48.3206,-35.3890
71142125,-204.50,-184.50,-29.8037,-15.9470
71146031,-191.50,-177.50,-22.4706,7.5326
71149937,-177.50,-175.50,-17.2201,22.1532
71153843,-173.50,-195.50,-7.7952,21.9220
71157749,-184.50,-203.50,-4.1657,9.6795
71161655,-207.50,-205.50,-12.5249,-2.6154
71165561,-202.50,-212.50,-24.7729,-8.3006
71169467,-169.50,-225.50,-23.4654,-13.1381
71173373,-184.50,-233.50,-10.4826,-22.2204
71177279,-209.50,-223.50,-9.3370,-29.8626
71181185,-209.50,-229.50,-23.0164,-30.2852
71185091,-207.50,-212.50,-32.5075,-24.8785
71188997,-202.50,-211.50,-30.9523,-16.2869
71192903,-206.50,-228.50,-26.6995,-12.8580
71196809,-207.50,-207.50,-26.8029,-15.2475
71200715,-204.50,-207.50,-28.4629,-12.6543
71204621,-202.50,-222.50,-26.2912,-8.7969
71208527,-206.50,-239.50,-22.2219,-14.4185
71212433,-218.50,-219.50,-23.2580,-23.0851
71216339,-226.50,-210.50,-31.7407,-21.6805
71220245,-216.50,-206.50,-39.3295,-12.2231
71224151,-228.50,-188.50,-40.1321,-0.8636
71228057,-208.50,-185.50,-36.0376,11.4187
71231963,-196.50,-168.50,-26.4237,22.6125
71235869,-188.50,-180.50,-14.2201,29.3766
71239775,-157.50,-177.50,-0.2858,29.2456
71243681,-173.50,-200.50,14.5979,23.1142
71247587,-170.50,-191.50,21.4937,14.8238
71251493,-173.50,-190.50,20.2434,10.9248
71255399,-175.50,-174.50,16.1013,14.0933
71259305,-180.50,-164.50,10.9497,22.9821
71263211,-170.50,-182.50,9.0444,30.4516
71267117,-149.50,-207.50,16.4101,25.2089
71271023,-145.50,-212.50,30.5636,9.0877
71274929,-146.50,-208.50,40.3372,-4.6517
71278835,-144.50,-198.50,42.2297,-7.9003
71282741,-190.50,-207.50,34.1980,-4.2908
71286647,-191.50,-228.50,15.3572,-4.8094
71290553,-173.50,-218.50,2.1639,-11.0675
71294459,-166.50,-206.50,4.7695,-12.8541
71298365,-163.50,-195.50,13.5628,-6.7824
71302271,-156.50,-207.50,21.7190,-0.1131
71306177,-160.50,-207.50,28.2538,1.7439
71310083,-148.50,-182.50,32.4707,5.5085
71313989,-149.50,-191.50,34.9391,13.5985
71317895,-160.50,-194.50,33.3613,15.6297
71321801,-148.50,-202.50,30.2591,10.2328
71325707,-160.50,-224.50,30.6657,1.6701
71329613,-166.50,-209.50,29.2224,-5.9846
71333519,-160.50,-198.50,24.0932,-5.4820
71337425,-143.50,-166.50,23.6935,5.6137
71341331,-128.50,-159.50,33.3877,23.9322
71345237,-138.50,-145.50,46.0571,42.9167
71349143,-136.50,-133.50,51.3071,59.1494
71353049,-181.50,-133.50,42.3046,69.7243
71356955,-158.50,-126.50,23.8505,72.1609
71360861,-154.50,-111.50,15.6043,73.6479
71364767,-133.50,-92.50,23.9993,83.4145
71368673,-155.50,-130.50,35.1557,92.1798
71372579,-189.50,-143.50,30.3788,83.0365
71376485,-168.50,-84.50,13.5422,72.9652
71380391,-133.50,-93.50,11.4755,82.3391
71384297,-158.50,-142.50,23.9303,87.1657
71388203,-143.50,-130.50,31.4540,73.6113
71392109,-143.50,-111.50,35.0100,65.3621
71396015,-172.50,-121.50,33.3647,68.0475
71399921,-165.50,-111.50,21.9811,68.8600
71403827,-153.50,-111.50,14.1803,69.2418
71407733,-130.50,-79.50,21.0719,78.2063
71411639,-110.50,-91.50,40.2244,92.7488
71415545,-108.50,-104.50,60.4543,95.5770
71419451,-116.50,-98.50,69.3278,84.9981
71423357,-117.50,-105.50,65.9659,75.7710
71427263,-102.50,-114.50,62.0166,71.2441
71431169,-100.50,-131.50,65.2715,64.7298
71435075,-121.50,-141.50,67.2979,51.9510
71438981,-112.50,-140.50,62.1358,37.5898
71442887,-111.50,-157.50,57.7307,26.9055
71446793,-94.50,-143.50,59.9079,22.0256
71450699,-93.50,-121.50,67.0401,28.5398
71454605,-97.50,-111.50,72.6013,43.6229
71458511,-79.50,-104.50,75.8089,56.0427
71462417,-61.50,-111.50,83.8268,60.9196
71466323,-132.50,-118.50,83.0855,59.3278
71470229,-158.50,-141.50,55.1413,51.1304
71474135,-158.50,-146.50,19.9789,36.4157
71478041,-149.50,-136.50,3.9563,23.7847
71481947,-168.50,-131.50,1.3450,21.6752
71485853,-144.50,-120.50,1.5931,28.9563
71489759,-134.50,-113.50,9.4013,40.4802
71493665,-94.50,-104.50,28.6263,50.6591
71497571,-72.50,-90.50,55.6801,57.9206
71501477,-137.50,-106.50,67.8113,60.9384
71505383,-115.50,-117.50,53.4148,56.0468
71509289,-111.50,-92.50,40.4690,51.6773
71513195,-117.50,-101.50,40.3031,54.9702
71517101,-128.50,-89.50,38.5013,58.3475
71521007,-126.50,-81.50,32.1209,60.9894
71524913,-133.50,-89.50,26.7484,64.8531
71528819,-134.50,-94.50,23.5542,65.2577
71532725,-128.50,-65.50,22.2704,66.1679
71536631,-122.50,-76.50,23.9658,70.9607
71540537,-121.50,-84.50,27.3138,70.4789
71544443,-111.50,-94.50,31.7545,62.6774
71548349,-104.50,-90.50,38.5820,55.7614
71552255,-94.50,-76.50,46.7037,55.4207
71556161,-111.50,-76.50,50.0326,59.3238
71560067,-121.50,-78.50,43.3185,60.7927
71563973,-116.50,-84.50,33.5045,58.8898
71567879,-130.50,-104.50,27.4905,53.3196
71571785,-143.50,-101.50,19.9292,43.5882
71575691,-153.50,-98.50,7.9370,35.1425
71579597,-150.50,-96.50,-2.4412,31.6015
71583503,-143.50,-97.50,-4.8701,32.0593
71587409,-132.50,-90.50,0.9698,35.9019
71591315,-111.50,-72.50,12.8285,43.6690
71595221,-109.50,-52.50,26.5978,55.2708
71599127,-118.50,-60.50,33.7642,65.0063
71603033,-124.50,-73.50,31.0808,65.3810
71606939,-116.50,-85.50,25.9093,57.3344
71610845,-98.50,-87.50,27.5481,47.0451
71614751,-102.50,-52.50,34.9222,43.8760
71618657,-116.50,-77.50,37.3052,47.8179
71622563,-175.50,-161.50,22.4952,33.2704
71626469,-150.50,-165.50,-3.0780,-5.5049
71630375,-144.50,-128.50,-14.9768,-30.6215
71634281,-146.50,-129.50,-12.0201,-27.0757
71638187,-133.50,-131.50,-6.0588,-18.4506
71642093,-133.50,-148.50,2.0715,-18.0931
71645999,-134.50,-124.50,8.9085,-17.4008
71649905,-152.50,-116.50,7.1630,-8.1161
71653811,-148.50,-111.50,-2.7049,1.2762
71657717,-154.50,-121.50,-11.4589,1.1214
71661623,-170.50,-130.50,-17.0932,-5.2286
71665529,-152.50,-124.50,-19.8647,-8.3187
71669435,-149.50,-118.50,-16.1364,-4.7417
71673341,-147.50,-112.50,-10.7318,-0.9012
71677247,-154.50,-152.50,-9.6219,-7.6156
71681153,-146.50,-134.50,-9.8335,-21.6553
71685059,-143.50,-117.50,-6.5224,-21.9029
71688965,-132.50,-106.50,-0.5044,-6.3788
71692871,-144.50,-109.50,2.5534,5.5719
71696777,-152.50,-133.50,-1.6320,1.8426
71700683,-160.50,-108.50,-9.5880,-7.1875
71704589,-148.50,-114.50,-13.4374,-4.9439
71708495,-173.50,-139.50,-15.3292,-2.2021
71712401,-140.50,-88.50,-17.8373,-4.1523
71716307,-130.50,-91.50,-11.2664,3.1039
71720213,-121.50,-105.50,3.8412,11.8775
71724119,-140.50,-111.50,13.5932,11.5588
71728025,-157.50,-111.50,8.5104,7.3594
71731931,-165.50,-118.50,-7.5196,1.2777
71735837,-164.50,-122.50,-21.8473,-7.9166
71739743,-172.50,-133.50,-28.6517,-17.1473
71743649,-170.50,-128.50,-30.1074,-21.0678
71747555,-175.50,-132.50,-29.6199,-19.3767
71751461,-184.50,-124.50,-31.8834,-17.7219
71755367,-176.50,-118.50,-36.5620,-17.5098
71759273,-177.50,-142.50,-37.8022,-19.7595
71763179,-192.50,-133.50,-37.8703,-24.1536
71767085,-175.50,-108.50,-38.5336,-20.1446
71770991,-141.50,-81.50,-29.8047,-3.6068
71774897,-133.50,-61.50,-10.5438,17.3106
71778803,-94.50,-42.50,12.0452,37.5293
71782709,-79.50,-41.50,37.5787,55.6386
71786615,-102.50,-44.50,55.2557,66.3873
71790521,-112.50,-48.50,52.4229,65.5723
71794427,-111.50,-29.50,38.5471,59.8304
71798333,-106.50,-36.50,29.2710,58.2399
71802239,-98.50,-44.50,29.6615,58.8186
71806145,-100.50,-47.50,35.6187,57.4666
71810051,-95.50,-47.50,40.8164,53.8936
71813957,-93.50,-50.50,43.2568,47.4238
71817863,-90.50,-65.50,43.7339,37.8112
71821769,-93.50,-68.50,43.1464,28.4042
71825675,-97.50,-72.50,41.7288,23.7262
71829581,-111.50,-58.50,37.4526,23.9453
71833487,-114.50,-56.50,29.1375,26.1271
71837393,-112.50,-68.50,21.0456,25.0461
71841299,-120.50,-70.50,16.0736,20.3639
71845205,-100.50,-60.50,16.2078,19.6461
71849111,-95.50,-65.50,24.1929,22.8484
71853017,-122.50,-63.50,28.9111,22.0023
71856923,-138.50,-70.50,18.0346,16.3824
71860829,-137.50,-78.50,0.7203,10.3879
71864735,-126.50,-79.50,-7.0109,6.8193
71868641,-123.50,-87.50,-3.1109,3.9321
71872547,-117.50,-104.50,4.4515,-4.9764
71876453,-132.50,-101.50,7.6304,-18.4381
71880359,-125.50,-98.50,4.8696,-25.0347
71884269,-125.50,-98.50,2.3843,-21.8939
71888175,-136.50,-122.50,0.6007,-21.0147
71892081,-143.50,-121.50,-4.9200,-30.3788
71895987,-164.50,-105.50,-15.0173,-38.7863
71899893,-159.50,-97.50,-26.2548,-34.9007
71903799,-154.50,-108.50,-31.1268,-25.7993
71907705,-156.50,-106.50,-29.5048,-22.0182
71911611,-148.50,-92.50,-26.1111,-21.1942
71915517,-113.50,-65.50,-15.9463,-14.2465
71919423,-47.50,-34.50,13.0345,4.3292
71923329,-29.50,5.50,56.5536,34.9349
71927235,-69.50,-49.50,83.2341,58.1653
71931141,-95.50,-63.50,73.7744,50.2295
71935047,-122.50,-68.50,43.5860,24.4363
71938953,-124.50,-52.50,14.6302,8.2491
71942859,-142.50,-63.50,-5.0608,6.3852
71946765,-140.50,-57.50,-16.7843,9.6712
71950671,-143.50,-41.50,-20.5520,15.9325
71954577,-153.50,-26.50,-20.3678,26.7651
71958483,-127.50,-52.50,-18.6504,32.2083
71962389,-154.50,-74.50,-16.9369,21.5460
71966295,-154.50,-60.50,-22.2299,6.0523
71970201,-144.50,-27.50,-27.2051,7.3081
71974107,-131.50,-32.50,-21.3887,22.4499
71978013,-107.50,-25.50,-7.0826,32.9228
71981919,-96.50,-24.50,9.6389,36.1756
71985825,-84.50,-41.50,24.0027,35.4148
71989731,-83.50,-55.50,34.8973,27.0938
71993637,-86.50,-64.50,40.8876,12.2617
71997543,-84.50,-58.50,40.9301,-0.8307
72001449,-79.50,-79.50,38.3839,-8.7947
72005355,-105.50,-82.50,32.7333,-15.5899
72009261,-96.50,-60.50,24.1812,-16.9654
72013167,-80.50,-61.50,23.4401,-10.3090
72017073,-82.50,-75.50,31.1328,-7.6132
72020979,-93.50,-82.50,33.5519,-14.4127
72024885,-112.50,-88.50,24.5609,-22.9054
72028791,-113.50,-76.50,11.4497,-25.8230
72032697,-134.50,-77.50,0.5622,-23.6006
72036603,-111.50,-70.50,-6.1149,-21.0657
72040509,-116.50,-82.50,-5.8986,-20.6487
72044415,-96.50,-60.50,-0.1084,-18.5960
72048321,-79.50,-63.50,12.3624,-11.3675
72052227,-76.50,-49.50,28.7644,-3.8079
72056133,-75.50,-47.50,38.8645,0.9940
72060039,-61.50,-47.50,42.1034,4.0229
72063945,-76.50,-15.50,42.1757,11.3269
72067851,-100.50,-12.50,34.7403,26.6508
72071757,-104.50,-15.50,20.6436,38.0290
72075663,-110.50,-17.50,8.4179,37.8121
72079569,-111.50,-16.50,0.2923,33.0861
72083475,-128.50,-14.50,-7.3606,31.2392
72087381,-132.50,-34.50,-15.8997,29.0371
72091287,-127.50,-79.50,-20.4071,13.5210
72095193,-133.50,-89.50,-20.2837,-15.7705
72099099,-130.50,-100.50,-21.1767,-41.5951
72103005,-111.50,-101.50,-19.9937,-54.4690
72106911,-114.50,-83.50,-12.5964,-54.4973
72110817,-139.50,-92.50,-9.1616,-47.2621
72114723,-157.50,-101.50,-19.5076,-44.8974
72118629,-146.50,-102.50,-34.8093,-49.5288
72122535,-147.50,-95.50,-42.0538,-52.6615
72126441,-124.50,-76.50,-37.9055,-47.8933
72130347,-144.50,-74.50,-28.4226,-37.1663
72134253,-136.50,-76.50,-23.6596,-29.0078
72138159,-132.50,-64.50,-22.8384,-24.6940
72142065,-142.50,-65.50,-24.0007,-20.0915
72145971,-141.50,-72.50,-28.4345,-18.2775
72149877,-129.50,-79.50,-28.9391,-22.6380
72153783,-122.50,-90.50,-21.1132,-30.9430
72157689,-111.50,-95.50,-10.2726,-39.6871
72161595,-88.50,-81.50,1.1234,-43.3252
72165501,-56.50,-58.50,18.3768,-36.0094
72169407,-10.50,-47.50,47.4299,-20.1546
72173313,13.50,-0.50,84.7357,1.9019
72177219,-46.50,-30.50,104.0678,23.3007
72181125,-134.50,-93.50,74.7136,18.0514
72185031,-175.50,-111.50,7.6011,-18.1719
72188937,-172.50,-95.50,-50.8639,-51.2825
72192843,-143.50,-81.50,-69.9893,-58.3453
72196749,-172.50,-111.50,-62.9464,-53.2824
72200655,-206.50,-146.50,-64.1245,-60.6503
72204561,-193.50,-125.50,-77.4811,-76.1785
72208467,-185.50,-126.50,-83.0957,-81.5834
72212373,-186.50,-127.50,-79.8204,-80.1675
72216279,-192.50,-140.50,-78.0120,-81.8009
72220185,-198.50,-132.50,-79.2548,-83.7771
72224091,-198.50,-139.50,-79.9302,-81.8266
72227997,-184.50,-132.50,-77.0685,-79.4467
72231903,-182.50,-132.50,-71.6649,-79.2750
72235809,-204.50,-126.50,-71.3840,-78.5785
72239715,-204.50,-143.50,-77.8014,-77.0447
72243621,-184.50,-132.50,-78.2417,-75.8815
72247527,-178.50,-142.50,-67.9356,-75.2924
72251433,-177.50,-143.50,-58.2039,-78.4898
72255339,-192.50,-149.50,-57.5774,-84.5481
72259245,-182.50,-140.50,-60.8347,-86.1153
72263151,-175.50,-130.50,-57.6170,-78.8489
72267057,-166.50,-142.50,-48.5921,-70.3818
72270963,-142.50,-159.50,-37.8671,-73.5366
72274869,-181.50,-196.50,-32.3703,-91.6027
72278775,-182.50,-173.50,-39.2808,-110.3685
72282681,-178.50,-172.50,-47.2499,-112.2979
72286587,-143.50,-176.50,-42.2499,-104.6231
72290493,-143.50,-143.50,-27.7470,-96.1174
72294399,-143.50,-129.50,-16.8661,-80.5493
72298305,-128.50,-120.50,-9.8842,-60.7701
72302211,-112.50,-109.50,2.3277,-44.0567
72306117,-111.50,-111.50,15.8255,-33.4817
72310023,-110.50,-97.50,20.9333,-28.6614
72313929,-94.50,-89.50,21.7132,-23.7031
72317835,-96.50,-74.50,27.0515,-14.2441
72321741,-80.50,-61.50,36.7303,-0.3439
72325647,-79.50,-64.50,46.2056,12.1562
72329553,-78.50,-57.50,49.8299,17.4487
72333459,-85.50,-57.50,46.6155,18.1331
72337365,-77.50,-47.50,43.4793,19.7644
72341271,-84.50,-57.50,44.5589,22.7347
72345177,-104.50,-66.50,41.7330,21.2786
72349083,-99.50,-85.50,30.8937,11.5223
72352989,-96.50,-95.50,22.2238,-3.9532
72356895,-88.50,-98.50,22.8304,-17.6828
72360801,-99.50,-109.50,27.8446,-25.7950
72364707,-128.50,-112.50,24.1874,-31.0890
72368613,-130.50,-115.50,8.3442,-35.2242
72372519,-123.50,-111.50,-5.6373,-37.4025
72376425,-140.50,-108.50,-11.3677,-36.4739
72380331,-143.50,-114.50,-15.2448,-34.2502
72384237,-175.50,-127.50,-23.5037,-35.8691
72388143,-157.50,-143.50,-34.9918,-44.4682
72392049,-157.50,-128.50,-40.0898,-53.7246
72395955,-137.50,-102.50,-35.0648,-50.5730
72399861,-111.50,-94.50,-19.3641,-34.3560
72403767,-143.50,-143.50,-3.2947,-26.3574
72407673,-200.50,-170.50,-12.6014,-43.1949
72411579,-202.50,-158.50,-46.0578,-68.1428
72415485,-180.50,-149.50,-69.7968,-77.7863
72419391,-204.50,-185.50,-72.9148,-79.6623
72423297,-181.50,-143.50,-68.5706,-80.9200
72427203,-208.50,-135.50,-63.8399,-69.0010
72431109,-204.50,-131.50,-65.2038,-50.2956
72435015,-193.50,-124.50,-68.6768,-39.5055
72438921,-172.50,-111.50,-63.3303,-33.5330
72442827,-171.50,-105.50,-50.1410,-25.5757
72446733,-152.50,-111.50,-35.0032,-17.5585
72450639,-144.50,-126.50,-20.0865,-17.2031
72454545,-162.50,-143.50,-12.6980,-27.9548
72458451,-160.50,-144.50,-17.4614,-43.1554
72462357,-172.50,-143.50,-26.0525,-51.9776
72466263,-193.50,-143.50,-35.3661,-51.8773
72470169,-191.50,-143.50,-45.6876,-48.2168
72474075,-180.50,-131.50,-50.1924,-43.8214
72477981,-175.50,-129.50,-46.5341,-38.3470
72481887,-195.50,-133.50,-43.3946,-34.3220
72485793,-153.50,-140.50,-39.4981,-34.2797
72489699,-152.50,-129.50,-25.4604,-34.8146
72493605,-143.50,-112.50,-9.9993,-29.5078
72497511,-143.50,-96.50,-2.6966,-17.2602
72501417,-149.50,-121.50,-1.7460,-8.1568
72505323,-160.50,-94.50,-5.2724,-5.8202
72509229,-148.50,-110.50,-8.8091,-2.8434
72513135,-144.50,-127.50,-7.5957,-5.3854
72517041,-143.50,-133.50,-4.1280,-17.8370
72520947,-148.50,-124.50,-2.6224,-27.8454
72524853,-164.50,-122.50,-5.1736,-27.3857
72528759,-153.50,-129.50,-9.6594,-22.6426
72532665,-151.50,-122.50,-10.5793,-20.4134
72536571,-143.50,-111.50,-7.9713,-17.6446
72540477,-141.50,-111.50,-3.6032,-12.3129
72544383,-124.50,-101.50,4.4932,-6.1400
72548289,-126.50,-99.50,15.2200,0.7815
72552195,-141.50,-99.50,18.7093,6.0871
72556101,-142.50,-94.50,11.2037,8.1306
72560007,-154.50,-72.50,0.7418,12.5525
72563913,-180.50,-78.50,-10.8436,21.4290
72567819,-177.50,-97.50,-23.4673,24.4350
72571725,-165.50,-79.50,-28.8904,20.5214
72575631,-159.50,-91.50,-24.8271,18.1983
72579537,-154.50,-95.50,-17.3281,14.8746
72583443,-155.50,-114.50,-10.3944,6.5512
72587349,-160.50,-124.50,-6.5783,-5.0086
72591255,-166.50,-124.50,-8.3157,-14.8499
72595161,-193.50,-134.50,-18.6331,-21.0993
72599067,-190.50,-129.50,-34.2423,-25.7916
72602973,-207.50,-143.50,-45.8106,-29.4603
72606879,-211.50,-157.50,-52.5158,-35.2348
72610785,-220.50,-164.50,-58.1921,-44.0161
72614691,-176.50,-162.50,-56.5840,-51.3931
72618597,-184.50,-175.50,-43.3513,-56.8483
72622503,-190.50,-163.50,-32.0153,-60.2864
72626409,-175.50,-172.50,-27.2567,-59.0959
72630315,-173.50,-169.50,-21.3455,-56.1272
72634221,-177.50,-170.50,-17.4534,-54.5066
72638127,-171.50,-174.50,-17.9911,-55.1282
72642033,-166.50,-164.50,-16.6264,-55.7938
72645939,-169.50,-143.50,-11.6902,-48.7241
72649845,-176.50,-140.50,-9.2694,-33.9184
72653751,-192.50,-140.50,-14.9522,-22.0458
72657657,-204.50,-141.50,-28.1376,-18.5998
72661563,-193.50,-143.50,-38.7395,-20.1763
72665469,-177.50,-175.50,-35.8291,-27.3548
72669375,-172.50,-175.50,-22.7385,-40.6207
72673281,-154.50,-189.50,-8.9592,-52.9673
72677187,-168.50,-180.50,-0.3709,-59.9115
72681093,-148.50,-154.50,3.1377,-56.1798
72684999,-142.50,-124.50,9.3870,-36.9358
72688905,-122.50,-97.50,21.0688,-7.2375
72692811,-172.50,-123.50,24.8685,15.4688
72696717,-200.50,-173.50,6.0985,9.3806
72700623,-178.50,-164.50,-18.3201,-18.2400
72704529,-159.50,-143.50,-21.2812,-34.1008
72708435,-168.50,-150.50,-9.6325,-29.9170
72712341,-128.50,-108.50,3.7768,-15.7381
72716247,-84.50,-88.50,28.1822,8.4239
72720153,-92.50,-90.50,59.0502,32.6553
72724059,-96.50,-66.50,74.3403,46.9373
72727965,-111.50,-63.50,70.0621,56.5288
72731871,-102.50,-72.50,59.3388,61.3130
72735777,-96.50,-63.50,55.0114,60.8444
72739683,-96.50,-52.50,57.7420,63.0120
72743589,-73.50,-82.50,64.5736,63.7370
72747495,-71.50,-72.50,75.3036,55.9707
72751401,-83.50,-70.50,81.4727,49.5221
72755307,-104.50,-70.50,74.5534,49.8558
72759213,-109.50,-72.50,58.9979,51.3349
72763119,-111.50,-72.50,45.8971,50.9746
72767025,-113.50,-104.50,39.4885,44.1317
72770931,-111.50,-101.50,37.4837,29.9185
72774837,-120.50,-110.50,36.4091,17.7747
72778743,-120.50,-106.50,33.6947,12.2813
72782649,-126.50,-100.50,29.8012,12.4156
72786555,-126.50,-93.50,25.6386,17.2428
72790461,-128.50,-94.50,22.2055,23.0498
72794367,-142.50,-101.50,18.0856,25.0722
72798273,-143.50,-124.50,11.7779,18.6954
72802179,-149.50,-130.50,5.7868,4.7990
72806085,-127.50,-124.50,4.9566,-6.5344
72809991,-113.50,-142.50,13.6723,-11.8766
72813897,-143.50,-111.50,21.6644,-11.8978
72817803,-151.50,-121.50,15.8905,-4.5779
72821709,-143.50,-120.50,5.5093,1.7151
72825615,-134.50,-107.50,3.3875,4.4127
72829521,-118.50,-108.50,9.9117,8.6889
72833427,-129.50,-101.50,18.2779,13.2848
72837333,-125.50,-101.50,22.2026,17.0940
72841239,-111.50,-86.50,25.6063,21.9431
72845145,-94.50,-79.50,34.0661,29.7012
72849051,-82.50,-50.50,45.6740,41.9291
72852957,-84.50,-64.50,55.3367,54.7767
72856863,-82.50,-84.50,60.5445,55.8033
72860769,-93.50,-84.50,60.9377,44.7872
72864675,-104.50,-85.50,54.0818,34.7293
72868581,-96.50,-97.50,43.6545,28.1264
72872487,-111.50,-116.50,36.0692,18.4960
72876393,-126.50,-144.50,28.5672,2.1528
72880299,-131.50,-148.50,19.3833,-16.6426
72884205,-133.50,-152.50,11.6180,-29.6784
72888111,-149.50,-180.50,3.3668,-40.1201
72892017,-161.50,-176.50,-8.5589,-52.5253
72895923,-174.50,-191.50,-21.1956,-61.4935
72899829,-186.50,-192.50,-31.6794,-66.2755
72903735,-189.50,-186.50,-40.5091,-67.8657
72907641,-198.50,-193.50,-48.6729,-67.2486
72911547,-184.50,-200.50,-53.3604,-68.9233
72915453,-184.50,-201.50,-49.9546,-72.0582
72919359,-190.50,-207.50,-43.4305,-73.7884
72923269,-203.50,-201.50,-43.3624,-74.1637
72927175,-220.50,-190.50,-53.2777,-71.3303
72931081,-204.50,-193.50,-64.6687,-65.4995
72934987,-170.50,-234.50,-60.1838,-67.3725
72938893,-166.50,-194.50,-39.1103,-74.6797
72942799,-180.50,-188.50,-22.4837,-69.5746
72946705,-185.50,-202.50,-22.2459,-59.5687
72950611,-157.50,-218.50,-25.4144,-61.7141
72954517,-133.50,-185.50,-15.4249,-65.1988
72958423,-117.50,-193.50,5.8599,-57.2014
72962329,-111.50,-201.50,26.3898,-49.9524
72966235,-112.50,-175.50,38.3106,-48.0883
72970141,-123.50,-151.50,38.9380,-37.4514
72974047,-135.50,-143.50,29.5931,-17.2048
72977953,-144.50,-157.50,16.0518,-2.4255
72981859,-146.50,-143.50,5.5404,1.0704
72985765,-142.50,-164.50,1.9651,-1.9961
72989671,-154.50,-159.50,1.4223,-9.1434
72993577,-154.50,-170.50,-1.9959,-15.7017
72997483,-144.50,-171.50,-4.4926,-19.2713
73001389,-146.50,-168.50,-1.8843,-20.3767
73005295,-148.50,-168.50,1.3216,-19.5643
73009201,-144.50,-175.50,2.4565,-20.1576
73013107,-144.50,-191.50,3.0595,-25.1687
73017013,-137.50,-192.50,4.4460,-32.7740
73020919,-126.50,-179.50,9.1105,-35.4067
73024825,-113.50,-157.50,18.6121,-27.6547
73028731,-111.50,-129.50,29.3635,-9.6477
73032637,-110.50,-166.50,35.7621,5.5941
73036543,-98.50,-117.50,38.9263,12.3223
73040449,-110.50,-120.50,40.8858,23.5450
73044355,-112.50,-111.50,38.7017,35.7447
73048261,-133.50,-113.50,30.8592,40.2257
73052167,-132.50,-115.50,19.6453,40.3152
73056073,-123.50,-128.50,12.9628,37.7101
73059979,-146.50,-140.50,10.4666,30.5722
73063885,-145.50,-144.50,4.5786,19.4324
73067791,-146.50,-137.50,-1.1665,10.9438
73071697,-143.50,-134.50,-2.4768,10.4545
73075603,-164.50,-140.50,-5.0931,14.6029
73079509,-168.50,-149.50,-13.7240,15.5048
73083415,-175.50,-142.50,-23.3769,12.1030
73087321,-181.50,-125.50,-29.9613,12.1038
73091227,-177.50,-143.50,-33.6238,15.6645
73095133,-170.50,-144.50,-32.8900,15.3067
73099039,-164.50,-168.50,-27.7631,8.9404
73102945,-168.50,-187.50,-22.0211,-5.2663
73106851,-162.50,-190.50,-18.3708,-23.7173
73110757,-175.50,-189.50,-17.9709,-35.7560
73114663,-186.50,-191.50,-23.8955,-37.9274
73118569,-189.50,-206.50,-33.6837,-37.1786
73122475,-193.50,-216.50,-40.7453,-41.6448
73126381,-190.50,-209.50,-42.9242,-49.0822
73130287,-182.50,-200.50,-40.2772,-50.9161
73134193,-175.50,-204.50,-33.8889,-46.4305
73138099,-160.50,-200.50,-24.7793,-40.6097
73142005,-149.50,-190.50,-12.8358,-33.9907
73145911,-143.50,-175.50,-0.5609,-25.0224
73149817,-137.50,-179.50,8.6800,-16.7949
73153723,-139.50,-191.50,13.5210,-15.2204
73157629,-136.50,-175.50,14.5696,-16.2857
73161535,-106.50,-172.50,19.4826,-11.5475
73165441,-128.50,-176.50,28.6384,-5.9511
73169347,-131.50,-175.50,29.7388,-5.9543
73173253,-134.50,-144.50,23.2375,-2.5727
73177159,-134.50,-158.50,17.6373,8.7912
73181065,-143.50,-176.50,13.3287,13.2311
73184971,-142.50,-169.50,9.0037,6.2271
73188877,-140.50,-175.50,6.9949,-1.2710
73192783,-131.50,-213.50,9.4839,-11.7138
73196689,-116.50,-191.50,16.8506,-24.7326
73200595,-133.50,-166.50,23.3378,-22.6727
73204501,-100.50,-105.50,27.2803,3.5480
73208407,-73.50,-89.50,40.6527,42.9731
73212313,-101.50,-146.50,56.5473,64.0274
73216219,-143.50,-237.50,50.0274,37.3796
73220125,-172.50,-260.50,19.5931,-22.6587
73224031,-152.50,-266.50,-8.8875,-73.5782
73227937,-154.50,-239.50,-17.1485,-92.6172
73231843,-142.50,-206.50,-11.7949,-79.8076
73235749,-159.50,-216.50,-5.8904,-51.6276
73239655,-157.50,-220.50,-5.5591,-32.3733
73243561,-165.50,-239.50,-9.1700,-32.2127
73247467,-164.50,-248.50,-14.1666,-47.2981
73251373,-128.50,-219.50,-12.5805,-59.5585
73255279,-136.50,-202.50,-0.0924,-50.6825
73259185,-138.50,-185.50,10.7061,-25.6805
73263091,-156.50,-197.50,10.3740,-4.9046
73266997,-168.50,-204.50,-0.6014,-2.5366
73270903,-162.50,-207.50,-14.0604,-13.0125
73274809,-177.50,-196.50,-22.5069,-19.5518
73278715,-172.50,-175.50,-26.4025,-11.5613
73282621,-142.50,-178.50,-20.7121,4.5930
73286527,-140.50,-191.50,-5.2227,11.4201
73290433,-161.50,-180.50,2.9156,6.9274
73294339,-174.50,-192.50,-5.4735,2.2688
73298245,-181.50,-189.50,-19.6679,0.7381
73302151,-185.50,-196.50,-29.3150,0.4063
73306057,-206.50,-212.50,-37.4604,-4.0689
73309963,-190.50,-207.50,-45.6908,-13.2834
73313869,-181.50,-210.50,-45.1982,-19.0335
73317775,-189.50,-210.50,-37.5458,-18.8789
73321681,-175.50,-204.50,-30.6589,-15.3131
73325587,-160.50,-202.50,-22.2247,-10.7099
73329493,-159.50,-198.50,-12.4970,-7.4822
73333399,-201.50,-191.50,-13.7422,-4.2306
73337305,-165.50,-170.50,-23.2529,4.3494
73341211,-160.50,-175.50,-20.8825,16.9460
73345117,-146.50,-174.50,-7.7161,24.1698
73349023,-144.50,-168.50,3.4983,25.0803
73352929,-146.50,-181.50,9.1227,23.3801
73356835,-143.50,-184.50,11.1386,18.8423
73360741,-178.50,-178.50,7.0081,15.5347
73364647,-145.50,-143.50,-1.7157,22.1690
73368553,-124.50,-117.50,1.4980,42.3422
73372459,-130.50,-132.50,15.5785,62.8090
73376365,-144.50,-129.50,22.6316,69.8447
73380271,-144.50,-140.50,19.6259,67.0621
73384177,-156.50,-152.50,12.3838,58.6478
73388083,-161.50,-141.50,2.3745,48.7573
73391989,-143.50,-141.50,-3.8520,45.1221
73395895,-122.50,-142.50,4.0534,47.0690
73399801,-130.50,-165.50,20.0987,46.2015
73403707,-138.50,-177.50,27.3979,36.1915
73407613,-152.50,-165.50,20.5500,23.9403
73411519,-161.50,-157.50,6.2344,20.8713
73415425,-174.50,-158.50,-7.7974,25.8592
73419331,-158.50,-175.50,-14.3476,28.9129
73423237,-163.50,-180.50,-11.6399,24.4658
73427143,-168.50,-201.50,-8.9624,13.0812
73431049,-143.50,-223.50,-7.2623,-5.3627
73434955,-156.50,-213.50,-1.6306,-22.7582
73438861,-137.50,-193.50,4.9268,-23.8924
73442767,-129.50,-185.50,13.4455,-9.4134
73446673,-102.50,-184.50,26.4343,5.1464
73450579,-131.50,-205.50,35.9148,7.3654
73454485,-145.50,-175.50,30.4535,3.3625
73458391,-171.50,-175.50,12.5846,7.8434
73462297,-184.50,-186.50,-8.3810,14.9548
73466203,-181.50,-188.50,-24.8000,13.9651
73470109,-172.50,-191.50,-30.1643,8.6301
73474015,-153.50,-205.50,-22.9579,2.1133
73477921,-146.50,-191.50,-7.4177,-2.8286
73481827,-158.50,-191.50,4.4374,-1.2967
73485733,-164.50,-180.50,3.6979,4.9619
73489639,-173.50,-166.50,-5.8994,13.9060
73493545,-189.50,-162.50,-18.2798,24.4634
73497451,-192.50,-163.50,-29.4542,31.9127
73501357,-187.50,-154.50,-34.2731,35.7484
73505263,-180.50,-143.50,-31.7120,40.7045
73509169,-186.50,-146.50,-27.7517,46.5256
73513075,-192.50,-157.50,-28.1935,47.0391
73516981,-196.50,-162.50,-31.8141,41.1386
73520887,-160.50,-201.50,-28.6242,28.1944
73524793,-157.50,-198.50,-14.2562,9.1037
73528699,-156.50,-195.50,-0.9920,-4.0343
73532605,-156.50,-175.50,3.7622,-2.8518
73536511,-159.50,-196.50,4.3449,4.4299
73540417,-162.50,-175.50,3.1805,9.0245
73544323,-142.50,-151.50,3.7415,18.2217
73548229,-137.50,-137.50,9.7960,35.3737
73552135,-125.50,-132.50,19.3323,50.8189
73556041,-132.50,-158.50,27.8543,54.8712
73559947,-156.50,-175.50,27.3454,44.1375
73563853,-155.50,-178.50,16.0711,27.6240
73567759,-156.50,-168.50,4.6554,17.6523
73571665,-162.50,-159.50,-1.5054,18.1380
73575571,-156.50,-158.50,-2.9809,24.8988
73579477,-152.50,-146.50,0.7923,33.8254
73583383,-155.50,-175.50,5.5221,37.9711
73587289,-160.50,-169.50,5.0478,31.0297
73591195,-161.50,-160.50,0.3471,23.0097
73595101,-150.50,-144.50,-1.1317,25.5433
73599007,-152.50,-145.50,3.4102,35.9800
73602913,-148.50,-153.50,8.4900,43.5889
73606819,-137.50,-132.50,12.3098,46.2886
73610725,-112.50,-114.50,20.6703,52.8979
73614631,-155.50,-200.50,27.2222,49.1657
73618537,-222.50,-264.50,8.8670,10.1452
73622443,-213.50,-239.50,-29.0936,-39.1189
73626349,-161.50,-201.50,-45.7261,-53.0380
73630255,-149.50,-169.50,-28.0506,-30.6717
73634161,-147.50,-148.50,-2.7863,3.0116
73638067,-152.50,-154.50,11.4262,30.1478
73641973,-170.50,-175.50,12.5251,39.7454
73645879,-169.50,-172.50,3.2584,32.2776
73649785,-172.50,-186.50,-8.4277,17.4899
73653691,-169.50,-240.50,-15.2559,-5.5307
73657597,-161.50,-237.50,-12.8610,-33.0679
73661503,-161.50,-209.50,-3.5372,-41.8715
73665409,-150.50,-202.50,4.9246,-28.3227
73669315,-153.50,-186.50,8.0662,-12.4800
73673221,-140.50,-173.50,8.5616,-0.8095
73677127,-158.50,-157.50,9.9196,13.4539
73681033,-173.50,-185.50,7.1940,25.4361
73684939,-156.50,-184.50,1.3738,23.5574
73688845,-138.50,-197.50,2.6158,10.5263
73692751,-159.50,-196.50,7.0150,-3.3761
73696657,-161.50,-181.50,5.3409,-6.9220
73700563,-156.50,-180.50,3.4731,2.8757
73704469,-168.50,-188.50,3.7634,12.3267
73708375,-158.50,-195.50,0.6094,9.9616
73712281,-143.50,-201.50,-0.3847,-0.7187
73716187,-160.50,-208.50,3.6558,-10.3695
73720093,-158.50,-200.50,6.3376,-12.6545
73723999,-143.50,-196.50,9.3390,-7.7505
73727905,-128.50,-191.50,16.3961,-2.1961
73731811,-137.50,-182.50,22.1196,1.3143
73735717,-126.50,-177.50,24.4374,6.4629
73739623,-109.50,-172.50,32.1838,14.6682
73743529,-96.50,-163.50,47.4014,23.6894
73747435,-86.50,-176.50,60.8043,27.4636
73751341,-65.50,-153.50,70.0345,26.1738
73755247,-48.50,-121.50,82.2281,34.5198
73759153,-52.50,-153.50,96.9504,49.6419
73763059,-79.50,-157.50,100.6898,51.5581
73766965,-93.50,-159.50,85.9038,42.0590
73770871,-102.50,-174.50,62.7708,30.4628
73774777,-129.50,-185.50,41.4318,17.3246
73778683,-144.50,-185.50,22.9241,7.1942
73782589,-137.50,-175.50,11.2253,6.1973
73786495,-122.50,-168.50,10.8612,12.6640
73790401,-134.50,-175.50,14.6234,17.5881
73794307,-141.50,-182.50,12.4790,15.2378
73798213,-137.50,-163.50,8.3979,13.2927
73802119,-141.50,-149.50,8.4855,21.6743
73806025,-129.50,-129.50,10.4604,37.6294
73809931,-132.50,-144.50,11.6387,49.1953
73813837,-136.50,-138.50,10.5025,50.1650
73817743,-122.50,-126.50,11.4743,50.1851
73821649,-117.50,-136.50,19.2782,54.0383
73825555,-127.50,-141.50,25.4509,53.2573
73829461,-138.50,-134.50,20.3644,48.0763
73833367,-154.50,-143.50,6.7174,44.2343
73837273,-175.50,-160.50,-9.1368,38.8536
73841179,-180.50,-171.50,-23.1887,28.6376
73845085,-184.50,-161.50,-32.9516,19.2934
73848991,-170.50,-158.50,-36.8214,16.9239
73852897,-158.50,-144.50,-32.0418,21.2936
73856803,-162.50,-181.50,-21.6954,23.5127
73860709,-175.50,-208.50,-16.0651,10.9185
73864615,-178.50,-205.50,-19.7130,-10.1972
73868521,-175.50,-189.50,-27.0258,-21.0613
73872427,-177.50,-201.50,-31.8231,-20.5272
73876333,-191.50,-196.50,-34.8191,-18.2166
73880239,-202.50,-201.50,-39.6259,-15.7506
73884145,-196.50,-207.50,-44.7853,-14.8706
73888051,-177.50,-222.50,-44.1263,-21.0493
73891957,-180.50,-214.50,-37.7702,-31.1959
73895863,-174.50,-202.50,-31.1038,-33.4389
73899769,-173.50,-185.50,-24.5099,-22.3779
73903675,-182.50,-177.50,-20.4092,-5.0847
73907581,-175.50,-184.50,-22.0117,6.0201
73911487,-158.50,-171.50,-22.3465,7.9641
73915393,-147.50,-170.50,-14.1575,9.2569
73919299,-140.50,-176.50,-0.0657,11.9397
73923205,-136.50,-190.50,12.7606,10.2113
73927111,-127.50,-185.50,20.3433,3.8561
73931017,-129.50,-166.50,22.6581,1.9046
73934923,-116.50,-163.50,23.7815,8.7036
73938829,-137.50,-156.50,25.3720,18.5714
73942735,-139.50,-164.50,22.6679,25.3970
73946641,-142.50,-143.50,16.2044,29.4039
73950547,-134.50,-130.50,11.1168,36.4232
73954453,-133.50,-141.50,10.2393,43.4230
73958359,-138.50,-153.50,12.3212,42.0455
73962269,-123.50,-168.50,16.6778,32.9419
73966175,-131.50,-191.50,21.9329,18.2013
73970081,-123.50,-165.50,23.1079,4.9009
73973987,-108.50,-165.50,24.3754,3.4934
73977893,-111.50,-158.50,30.6575,10.6554
73981799,-136.50,-152.50,32.7778,19.9457
73985705,-140.50,-146.50,23.9632,29.1223
73989611,-134.50,-170.50,12.8527,30.2098
73993517,-143.50,-174.50,6.2434,18.9588
73997423,-114.50,-176.50,7.2426,6.1108
74001329,-143.50,-193.50,14.0905,-1.3892
74005235,-154.50,-196.50,12.5507,-7.7324
74009141,-162.50,-239.50,0.0798,-20.6135
74013047,-165.50,-221.50,-13.2651,-39.1834
74016953,-172.50,-216.50,-22.4381,-47.2703
74020859,-160.50,-203.50,-24.2475,-39.8646
74024765,-170.50,-198.50,-20.0921,-26.5598
74028671,-174.50,-200.50,-18.8907,-16.6573
74032577,-159.50,-200.50,-20.8233,-14.3367
74036483,-165.50,-208.50,-19.9009,-17.4071
74040389,-188.50,-208.50,-21.6091,-21.9237
74044295,-182.50,-207.50,-28.3863,-23.8873
74048201,-182.50,-222.50,-32.5289,-25.4750
74052107,-175.50,-230.50,-32.2223,-32.1057
74056013,-173.50,-210.50,-29.8293,-37.3603
74059919,-156.50,-197.50,-23.3435,-31.0664
74063825,-153.50,-176.50,-11.8074,-14.7824
74067731,-165.50,-163.50,-3.9869,4.5676
74071637,-162.50,-148.50,-6.0667,21.9987
74075543,-175.50,-148.50,-13.4352,34.1000
74079449,-175.50,-155.50,-20.7931,37.8146
74083355,-175.50,-160.50,-23.8563,33.8749
74087261,-160.50,-153.50,-20.3004,29.1304
74091167,-138.50,-161.50,-9.6224,27.0974
74095073,-143.50,-146.50,3.0821,27.3383
74098979,-152.50,-127.50,8.1503,34.2472
74102885,-145.50,-121.50,7.0131,47.5227
74106791,-143.50,-132.50,7.4298,56.3877
74110697,-138.50,-143.50,9.4904,53.5712
74114603,-134.50,-137.50,11.3711,45.0616
74118509,-145.50,-165.50,12.0320,35.6593
74122415,-154.50,-185.50,9.0462,20.0941
74126321,-168.50,-170.50,1.3773,4.8801
74130227,-175.50,-160.50,-10.1856,3.4055
74134133,-174.50,-144.50,-21.0228,13.8939
74138039,-172.50,-145.50,-25.3266,26.1043
74141945,-175.50,-147.50,-23.4299,32.4614
74145851,-182.50,-165.50,-21.4971,29.9242
74149757,-178.50,-170.50,-22.8878,20.0675
74153663,-177.50,-173.50,-25.0166,9.2714
74157569,-175.50,-163.50,-25.2122,4.3047
74161475,-175.50,-184.50,-22.8652,3.0507
74165381,-176.50,-157.50,-19.5630,3.3930
74169287,-174.50,-154.50,-17.8063,10.4200
74173193,-164.50,-175.50,-16.5271,15.6030
74177099,-168.50,-172.50,-14.1579,10.0250
74181005,-186.50,-160.50,-15.0053,5.2542
74184911,-186.50,-161.50,-20.7466,8.5872
74188817,-191.50,-190.50,-26.6961,8.4457
74192723,-202.50,-189.50,-33.1827,-2.1389
74196629,-194.50,-185.50,-39.6003,-11.9472
74200535,-188.50,-185.50,-39.0855,-13.7475
74204441,-176.50,-185.50,-30.1557,-11.8998
74208347,-178.50,-191.50,-19.6904,-11.0248
74212253,-180.50,-196.50,-15.4958,-13.2384
74216159,-192.50,-202.50,-19.2915,-18.1674
74220065,-207.50,-200.50,-28.5770,-23.1074
74223971,-217.50,-214.50,-39.8512,-27.4457
74227877,-226.50,-208.50,-50.2140,-31.5308
74231783,-223.50,-214.50,-57.8184,-33.3503
74235689,-229.50,-219.50,-61.6893,-34.8530
74239595,-228.50,-216.50,-62.6575,-37.4020
74243501,-216.50,-203.50,-59.0213,-36.0408
74247407,-162.50,-198.50,-42.3621,-28.6670
74251313,-180.50,-192.50,-17.5471,-19.4876
74255219,-180.50,-197.50,-5.3777,-13.5772
74259125,-170.50,-182.50,-4.6370,-10.3804
74263031,-158.50,-164.50,-0.0150,-3.0093
74266937,-181.50,-161.50,4.3973,8.9835
74270843,-202.50,-184.50,-4.3594,14.2161
74274749,-198.50,-176.50,-20.6887,9.2497
74278655,-194.50,-184.50,-28.3665,3.1483
74282561,-196.50,-181.50,-26.2637,-0.6047
74286467,-172.50,-175.50,-19.1590,-1.4712
74290373,-161.50,-182.50,-6.6976,0.2827
74294279,-159.50,-190.50,6.2862,-0.3238
74298185,-165.50,-176.50,12.7849,-1.9004
74302091,-160.50,-169.50,13.6050,1.3218
74305997,-160.50,-175.50,13.3111,5.9964
74309903,-146.50,-173.50,15.0792,7.2174
74313809,-150.50,-170.50,19.2309,8.0384
74317715,-148.50,-170.50,22.7909,10.2097
74321621,-162.50,-167.50,22.5302,11.5229
74325527,-168.50,-178.50,16.5723,9.7436
74329433,-176.50,-176.50,6.8120,5.4743
74333339,-175.50,-183.50,-1.7121,2.1429
74337245,-157.50,-170.50,-2.1525,2.0777
74341151,-168.50,-186.50,4.7422,2.6800
74345057,-170.50,-176.50,8.2840,0.5099
74348963,-192.50,-186.50,2.3902,-1.8690
74352869,-182.50,-192.50,-8.1558,-4.4045
74356775,-191.50,-223.50,-14.6260,-13.2386
74360681,-185.50,-196.50,-15.6785,-24.4516
74364587,-178.50,-190.50,-12.4400,-24.7057
74368493,-170.50,-204.50,-5.5321,-18.6654
74372399,-169.50,-212.50,1.2272,-19.2311
74376305,-173.50,-218.50,4.2514,-25.1252
74380211,-177.50,-219.50,3.0323,-31.2656
74384117,-180.50,-207.50,-0.1913,-33.7616
74388023,-190.50,-219.50,-4.9290,-32.7508
74391929,-173.50,-239.50,-8.2148,-35.8420
74395835,-164.50,-223.50,-3.7911,-41.4768
74399741,-148.50,-218.50,8.0166,-40.1640
74403647,-175.50,-229.50,16.4083,-36.9014
74407553,-208.50,-246.50,7.2023,-41.9154
74411459,-236.50,-245.50,-19.4813,-51.2003
74415365,-271.50,-251.50,-52.7175,-56.1628
74419271,-285.50,-262.50,-83.5779,-59.5828
74423177,-289.50,-264.50,-103.4682,-66.2263
74427083,-284.50,-255.50,-108.8969,-70.5626
74430989,-266.50,-268.50,-101.9778,-69.4727
74434895,-328.50,-318.50,-99.2185,-76.3812
74438801,-345.50,-322.50,-118.0923,-97.9106
74442707,-393.50,-354.50,-150.8167,-122.9208
74446613,-432.50,-382.50,-187.7857,-148.0393
74450519,-448.50,-392.50,-222.6362,-170.9004
74454425,-444.50,-406.50,-242.6759,-184.5831
74458331,-479.50,-408.50,-250.3213,-190.4229
74462237,-512.50,-405.50,-262.7184,-191.6152
74466143,-512.50,-417.50,-280.3530,-191.4897
74470049,-466.50,-390.50,-281.8699,-187.9435
74473955,-445.50,-365.50,-258.1734,-171.2667
74477861,-430.50,-357.50,-225.4812,-145.7747
74481767,-414.50,-397.50,-197.4622,-133.8317
74485673,-413.50,-437.50,-176.5721,-150.1490
74489579,-431.50,-444.50,-168.4466,-180.2679
74493485,-441.50,-458.50,-175.1771,-201.4882
74497391,-463.50,-463.50,-189.3433,-210.9127
74501297,-468.50,-458.50,-202.1110,-212.7398
74505203,-447.50,-433.50,-203.5266,-204.1813
74509109,-416.50,-404.50,-187.3186,-181.9076
74513015,-367.50,-372.50,-155.2460,-149.5333
74516921,-344.50,-368.50,-114.9640,-118.5888
74520827,-296.50,-345.50,-73.4335,-96.8087
74524733,-259.50,-308.50,-30.2947,-75.6505
74528639,-243.50,-287.50,8.4985,-47.7729
74532545,-208.50,-268.50,36.6270,-19.8337
74536451,-159.50,-210.50,64.7824,9.4138
74540357,-128.50,-180.50,101.3694,46.8356
74544263,-111.50,-140.50,137.3067,86.8487
74548169,-100.50,-124.50,161.4907,121.1293
74552075,-105.50,-127.50,170.6786,142.2273
74555981,-116.50,-132.50,166.2423,146.3850
74559887,-101.50,-116.50,158.2428,143.1623
74563793,-111.50,-116.50,155.7969,143.0317
74567699,-112.50,-104.50,154.4969,146.5631
74571605,-96.50,-109.50,153.3299,150.7267
74575511,-77.50,-98.50,159.0231,153.7855
74579417,-66.50,-68.50,171.3046,161.0288
74583323,-46.50,-52.50,185.9150,176.3545
74587229,-37.50,-57.50,200.3174,190.1590
74591135,-66.50,-73.50,204.7132,191.4473
74595041,-47.50,-61.50,196.4691,184.4343
74598947,-56.50,-46.50,188.5866,182.4265
74602853,-75.50,-56.50,181.2711,184.8391
74606759,-98.50,-64.50,166.2166,181.4747
74610665,-79.50,-60.50,150.7991,174.4756
74614571,-70.50,-39.50,147.6037,174.5691
74618477,-78.50,-61.50,151.4873,178.2352
74622383,-69.50,-58.50,153.0419,173.5849
74626289,-68.50,-41.50,154.4427,167.7743
74630195,-59.50,-49.50,157.3794,169.2999
74634101,-48.50,-50.50,161.3949,170.6912
74638007,-47.50,-51.50,165.3740,167.6274
74641913,-47.50,-56.50,166.9427,161.5239
74645819,-50.50,-37.50,165.9707,157.4707
74649725,-59.50,-43.50,161.7677,159.4713
74653631,-30.50,-40.50,158.7277,162.2529
74657537,-26.50,-52.50,163.5796,160.0553
74661443,-28.50,-90.50,170.3269,146.2157
74665349,-22.50,-88.50,173.2378,122.5036
74669255,-15.50,-79.50,175.6380,106.7867
74673161,-24.50,-76.50,175.8742,106.0372
74677067,-28.50,-65.50,169.4791,112.1948
74680973,-20.50,-55.50,161.7973,120.1541
74684879,-22.50,-53.50,159.6542,127.0810
74688785,-26.50,-52.50,159.4532,130.0675
74692691,-40.50,-53.50,153.9386,129.2379
74696597,-32.50,-63.50,144.0856,124.8271
74700503,-50.50,-78.50,134.7496,115.0401
74704409,-56.50,-86.50,124.9952,101.1479
74708315,-56.50,-97.50,116.2511,87.3413
74712221,-66.50,-104.50,109.6585,75.4685
74716127,-90.50,-110.50,98.3364,65.7793
74720033,-89.50,-113.50,82.1801,58.4699
74723939,-120.50,-128.50,66.3791,51.2450
74727845,-129.50,-107.50,49.6509,46.1169
74731751,-116.50,-107.50,37.3732,48.5101
74735657,-133.50,-111.50,32.7023,52.8090
74739563,-117.50,-127.50,30.5623,49.9907
74743469,-96.50,-148.50,36.2150,37.7591
74747375,-100.50,-160.50,49.0793,19.6892
74751281,-98.50,-148.50,56.9518,6.1532
74755187,-108.50,-146.50,55.4650,3.9327
74759093,-143.50,-148.50,42.8146,7.4529
74762999,-141.50,-129.50,22.8506,13.0135
74766905,-111.50,-105.50,14.5510,25.4998
74770811,-76.50,-107.50,29.6468,41.0472
74774717,-67.50,-105.50,56.1854,49.0478
74778623,-53.50,-105.50,77.5668,49.6073
74782529,-60.50,-86.50,88.5988,51.5586
74786435,-67.50,-73.50,88.6604,60.3798
74790341,-66.50,-56.50,81.2860,73.4612
74794247,-63.50,-58.50,74.2992,84.4054
74798153,-88.50,-57.50,67.3727,88.9756
74802059,-112.50,-111.50,53.4059,79.9168
74805965,-118.50,-122.50,34.7986,53.8624
74809871,-109.50,-133.50,22.3090,25.6915
74813777,-101.50,-132.50,20.4234,8.7246
74817683,-92.50,-125.50,26.0352,4.2345
74821589,-117.50,-112.50,30.2289,10.5637
74825495,-118.50,-106.50,25.8584,22.1442
74829401,-120.50,-108.50,17.6010,30.3895
74833307,-125.50,-111.50,9.9607,30.6652
74837213,-118.50,-114.50,4.5442,26.0055
74841119,-141.50,-140.50,1.2585,17.5303
74845025,-157.50,-144.50,-6.4694,4.5694
74848931,-144.50,-144.50,-16.1736,-6.5771
74852837,-166.50,-156.50,-23.6027,-13.7440
74856743,-168.50,-164.50,-33.1950,-21.4732
74860649,-193.50,-164.50,-44.8313,-28.3132
74864555,-175.50,-168.50,-52.1697,-31.2722
74868461,-170.50,-154.50,-49.6336,-30.2374
74872367,-170.50,-161.50,-43.4455,-27.1738
74876273,-162.50,-175.50,-40.3194,-28.7461
74880179,-172.50,-168.50,-38.3503,-34.2219
74884085,-153.50,-175.50,-34.2948,-36.8183
74887991,-154.50,-173.50,-26.8115,-37.7374
74891897,-148.50,-164.50,-21.3088,-37.6233
74895803,-152.50,-157.50,-20.7863,-33.5092
74899709,-164.50,-152.50,-23.7360,-26.0386
74903615,-154.50,-159.50,-26.2291,-20.0253
74907521,-145.50,-179.50,-22.9939,-22.7783
74911427,-141.50,-185.50,-16.9045,-35.0351
74915333,-125.50,-172.50,-10.9337,-45.0367
74919239,-122.50,-164.50,-2.4913,-43.1562
74923145,-98.50,-143.50,10.3358,-30.8981
74927051,-63.50,-121.50,30.5649,-12.0477
74930957,-64.50,-92.50,52.2843,10.8695
74934863,-81.50,-93.50,59.7189,31.4095
74938769,-80.50,-92.50,52.9618,41.6493
74942675,-77.50,-86.50,46.9369,43.9676
74946581,-61.50,-93.50,48.8295,43.7737
74950487,-80.50,-116.50,51.2660,36.8762
74954393,-84.50,-137.50,45.3359,19.5782
74958299,-108.50,-120.50,33.0832,3.1713
74962205,-117.50,-111.50,19.0899,1.6055
74966111,-126.50,-130.50,5.8016,6.6504
74970017,-113.50,-116.50,-2.9065,6.7590
74973923,-132.50,-127.50,-7.3243,5.1012
74977829,-101.50,-111.50,-6.6073,5.2815
74981735,-112.50,-95.50,2.0037,11.4464
74985641,-117.50,-82.50,7.9217,24.1774
74989547,-127.50,-111.50,2.5533,31.3375
74993453,-126.50,-106.50,-7.6401,25.7652
74997359,-112.50,-112.50,-11.3146,16.9751
75001269,-128.50,-130.50,-7.6720,8.4427
75005175,-116.50,-138.50,-5.0146,-3.7103
75009081,-85.50,-111.50,1.2258,-10.0913
75012987,-74.50,-69.50,16.1839,3.7270
75016893,-130.50,-104.50,21.6289,25.0359
75020799,-205.50,-172.50,-6.3419,17.5053
75024705,-220.50,-144.50,-57.3492,-14.6243
75028611,-172.50,-114.50,-89.0243,-27.7630
75032517,-175.50,-161.50,-85.2987,-22.7104
75036423,-162.50,-165.50,-68.5281,-29.1673
75040329,-166.50,-175.50,-53.7950,-43.0276
75044235,-175.50,-185.50,-45.6667,-52.9736
75048141,-162.50,-150.50,-45.4982,-54.8262
75052047,-156.50,-132.50,-46.9577,-42.6238
75055953,-148.50,-118.50,-44.8784,-22.3157
75059859,-140.50,-118.50,-36.3324,-4.6355
75063765,-143.50,-132.50,-24.4087,2.8051
75067671,-157.50,-146.50,-20.6621,-3.9805
75071577,-138.50,-144.50,-26.2788,-18.2507
75075483,-121.50,-131.50,-26.4486,-25.9361
75079389,-124.50,-111.50,-16.2686,-18.4820
75083295,-127.50,-116.50,-5.7868,-2.8190
75087201,-121.50,-137.50,-0.9864,3.0725
75091107,-130.50,-156.50,-2.9897,-9.2615
75095013,-134.50,-158.50,-11.2497,-28.9883
75098919,-127.50,-134.50,-17.1651,-37.1566
75102825,-122.50,-143.50,-13.1136,-30.1637
75106731,-114.50,-127.50,-3.5408,-19.9787
75110637,-92.50,-100.50,6.1533,-7.8301
75114543,-92.50,-89.50,14.7016,8.8543
75118449,-96.50,-85.50,19.5107,23.2530
75122355,-104.50,-64.50,20.0404,34.4027
75126261,-97.50,-79.50,18.9896,42.9450
75130167,-110.50,-120.50,15.4112,36.2682
75134073,-120.50,-112.50,5.4005,14.6628
75137979,-119.50,-108.50,-5.5964,-0.2536
75141885,-109.50,-126.50,-6.8333,-4.4335
75145791,-112.50,-143.50,-0.1356,-11.2270
75149697,-111.50,-143.50,3.4991,-22.0403
75153603,-125.50,-140.50,-1.2411,-28.9215
75157509,-140.50,-136.50,-12.4553,-29.5806
75161415,-154.50,-153.50,-25.1684,-29.9037
75165321,-161.50,-162.50,-35.8960,-35.5537
75169227,-159.50,-149.50,-43.8902,-40.9307
75173133,-164.50,-149.50,-49.5079,-39.7308
75177039,-160.50,-155.50,-52.0954,-37.8093
75180945,-150.50,-175.50,-47.9091,-42.6856
75184851,-158.50,-176.50,-39.9469,-52.2487
75188757,-165.50,-182.50,-38.6756,-59.4613
75192663,-154.50,-197.50,-43.3740,-65.8054
75196569,-164.50,-207.50,-46.2354,-76.1236
75200475,-190.50,-210.50,-50.9692,-86.5399
75204381,-191.50,-182.50,-60.8270,-86.3828
75208287,-200.50,-185.50,-70.5588,-74.1123
75212193,-178.50,-174.50,-74.6894,-61.5625
75216099,-148.50,-141.50,-65.2004,-49.0752
75220005,-139.50,-138.50,-42.8057,-31.7013
75223911,-141.50,-143.50,-22.3436,-18.4877
75227817,-102.50,-115.50,-7.4433,-10.5455
75231723,-72.50,-104.50,12.2219,1.1778
75235629,-79.50,-100.50,32.3559,13.5706
75239535,-73.50,-79.50,42.3761,23.4582
75243441,-65.50,-90.50,47.6310,32.2128
75247347,-72.50,-110.50,51.6723,32.0225
75251253,-83.50,-97.50,47.6572,23.5057
75255159,-85.50,-109.50,36.3399,16.4573
75259065,-79.50,-108.50,28.7997,11.3073
75262971,-60.50,-102.50,33.4773,9.2741
75266877,-34.50,-106.50,50.0220,11.7026
75270783,-21.50,-114.50,70.0384,12.1109
75274689,-24.50,-111.50,82.5980,8.0037
75278595,-40.50,-128.50,82.6322,1.2476
75282501,-76.50,-111.50,69.2331,-4.1091
75286407,-79.50,-101.50,47.2846,-0.3952
75290313,-112.50,-117.50,23.7504,6.5849
75294219,-134.50,-121.50,-2.2635,4.7047
75298125,-109.50,-113.50,-20.5479,-1.2365
75302031,-72.50,-117.50,-12.4114,-3.0514
75305937,-122.50,-158.50,5.2469,-9.3060
75309843,-208.50,-229.50,-12.0904,-37.6498
75313749,-239.50,-264.50,-67.8015,-87.0643
75317655,-208.50,-239.50,-113.4207,-126.8035
75321561,-214.50,-234.50,-121.6640,-134.8058
75325467,-229.50,-256.50,-115.1187,-127.9702
75329373,-209.50,-239.50,-110.7455,-123.5690
75333279,-204.50,-226.50,-102.4863,-115.2493
75337185,-214.50,-233.50,-94.3585,-104.5127
75341091,-216.50,-240.50,-94.4750,-102.5143
75344997,-198.50,-227.50,-95.3903,-104.9932
75348903,-197.50,-228.50,-88.8425,-101.6229
75352809,-191.50,-245.50,-79.0869,-97.5369
75356715,-178.50,-229.50,-69.7195,-97.9472
75360621,-172.50,-191.50,-60.2000,-90.6973
75364527,-156.50,-189.50,-50.3104,-71.5259
75368433,-154.50,-181.50,-39.8198,-53.0479
75372339,-136.50,-192.50,-28.8623,-43.3069
75376245,-143.50,-177.50,-19.2948,-40.2970
75380151,-131.50,-174.50,-13.9525,-38.0374
75384057,-134.50,-169.50,-11.3033,-34.7634
75387963,-124.50,-141.50,-8.4206,-26.3511
75391869,-112.50,-143.50,-2.1292,-10.5216
75395775,-85.50,-164.50,11.0640,-1.6909
75399681,-63.50,-130.50,30.9365,-2.5800
75403587,-85.50,-123.50,46.1249,2.1277
75407493,-68.50,-124.50,48.9719,11.7986
75411399,-82.50,-132.50,47.0866,16.8004
75415305,-79.50,-89.50,43.6695,23.4277
75419211,-94.50,-95.50,37.1135,37.3425
75423117,-120.50,-132.50,24.4151,40.0737
75427023,-113.50,-110.50,8.9703,27.7923
75430929,-79.50,-106.50,7.3540,23.4626
75434835,-95.50,-117.50,19.1010,27.9166
75438741,-84.50,-101.50,26.9405,30.0523
75442647,-108.50,-106.50,25.3911,31.0074
75446553,-130.50,-122.50,13.6675,28.5698
75450459,-111.50,-143.50,-0.1913,18.4003
75454365,-110.50,-134.50,-3.3163,6.4414
75458271,-112.50,-137.50,-0.2855,0.4987
75462177,-105.50,-143.50,2.5841,-2.5814
75466083,-112.50,-136.50,5.5873,-5.0203
75469989,-114.50,-149.50,5.9299,-5.0808
75473895,-132.50,-152.50,-0.1419,-6.5446
75477801,-143.50,-178.50,-13.0449,-14.9038
75481707,-172.50,-207.50,-30.3514,-34.5045
75485613,-173.50,-207.50,-47.2262,-57.7541
75489519,-175.50,-182.50,-56.8951,-65.4552
75493425,-175.50,-177.50,-59.5159,-53.8753
75497331,-144.50,-175.50,-54.8288,-39.3555
75501237,-124.50,-212.50,-37.9021,-38.8085
75505143,-145.50,-209.50,-19.9470,-52.5421
75509049,-128.50,-159.50,-13.1499,-55.7827
75512955,-153.50,-157.50,-15.1919,-36.7502
75516861,-126.50,-146.50,-19.9820,-15.3527
75520767,-116.50,-146.50,-16.6219,-3.6473
75524673,-143.50,-156.50,-9.8932,-0.5614
75528579,-184.50,-204.50,-19.3600,-11.7516
75532485,-156.50,-175.50,-38.2404,-31.4639
75536391,-152.50,-163.50,-44.1625,-37.1298
75540297,-143.50,-168.50,-37.6063,-28.5509
75544203,-158.50,-143.50,-31.4622,-17.1353
75548109,-175.50,-163.50,-33.2355,-6.7854
75552015,-191.50,-217.50,-44.0007,-14.2892
75555921,-186.50,-200.50,-57.2372,-39.6003
75559827,-188.50,-207.50,-65.5527,-57.0480
75563733,-185.50,-206.50,-66.9085,-60.2726
75567639,-196.50,-170.50,-64.3221,-51.6455
75571545,-207.50,-192.50,-64.4175,-36.1453
75575451,-201.50,-188.50,-68.9361,-29.6439
75579357,-194.50,-186.50,-71.8268,-31.6878
75583263,-177.50,-191.50,-67.1826,-33.8430
75587169,-170.50,-164.50,-54.0377,-30.8547
75591075,-169.50,-161.50,-39.3899,-19.2283
75594981,-175.50,-171.50,-32.6322,-9.2306
75598887,-174.50,-142.50,-35.2713,-4.2969
75602793,-154.50,-143.50,-37.0096,3.8240
75606699,-178.50,-169.50,-33.6874,7.2937
75610605,-185.50,-180.50,-34.6579,-2.6767
75614511,-172.50,-161.50,-38.3978,-13.0399
75618417,-185.50,-178.50,-40.1998,-15.0669
75622323,-193.50,-173.50,-45.5492,-16.2444
75626229,-166.50,-187.50,-47.8367,-19.7406
75630135,-152.50,-161.50,-35.4246,-19.7461
75634041,-136.50,-123.50,-14.8266,-5.6755
75637947,-118.50,-145.50,3.4655,14.6554
75641853,-143.50,-155.50,11.8751,19.3241
75645759,-143.50,-157.50,7.3624,10.7547
75649665,-140.50,-152.50,1.2207,4.5743
75653571,-122.50,-145.50,3.6171,5.2911
75657477,-160.50,-141.50,5.0315,9.5399
75661383,-182.50,-152.50,-9.3687,11.7929
75665289,-192.50,-172.50,-31.8945,6.8304
75669195,-182.50,-156.50,-44.2873,-0.8153
75673101,-176.50,-200.50,-42.9116,-9.3562
75677007,-180.50,-208.50,-37.6316,-26.8580
75680913,-159.50,-214.50,-32.4524,-45.7353
75684819,-176.50,-185.50,-25.8320,-49.4190
75688725,-194.50,-160.50,-26.3040,-33.2228
75692631,-204.50,-158.50,-37.6216,-10.0613
75696537,-206.50,-148.50,-51.2531,5.0373
75700443,-188.50,-155.50,-56.5017,10.9430
75704349,-194.50,-160.50,-50.8998,10.2545
75708255,-204.50,-175.50,-45.0118,3.7358
75712161,-188.50,-173.50,-42.8776,-5.6409
75716067,-169.50,-162.50,-36.4851,-10.1193
75719973,-160.50,-130.50,-24.4166,-1.3648
75723879,-152.50,-119.50,-11.7794,19.2277
75727785,-85.50,-88.50,9.6154,43.1572
75731691,-110.50,-86.50,39.2617,63.8478
75735597,-168.50,-134.50,43.2541,66.8307
75739503,-203.50,-192.50,8.6967,38.3226
75743409,-184.50,-174.50,-29.0271,-1.7050
75747315,-191.50,-185.50,-42.2598,-22.9538
75751221,-188.50,-193.50,-39.8450,-28.9234
75755127,-164.50,-160.50,-31.6053,-26.9374
75759033,-125.50,-143.50,-12.0200,-10.9499
75762939,-120.50,-111.50,15.1911,15.0542
75766845,-109.50,-132.50,35.8159,35.6876
75770751,-117.50,-145.50,44.1083,36.5058
75774657,-116.50,-124.50,43.1916,27.5810
75778563,-112.50,-105.50,40.1376,30.4626
75782469,-111.50,-127.50,39.7523,39.8891
75786375,-104.50,-145.50,41.8164,36.9322
75790281,-93.50,-136.50,47.0148,25.0560
75794187,-105.50,-152.50,51.9949,16.3591
75798093,-80.50,-133.50,55.2088,12.9353
75801999,-79.50,-102.50,61.6463,21.1532
75805905,-107.50,-108.50,63.4123,38.5579
75809811,-112.50,-120.50,52.5961,47.6092
75813717,-120.50,-117.50,38.6622,44.5740
75817623,-133.50,-138.50,27.3595,36.0399
75821529,-140.50,-143.50,16.5619,23.5709
75825435,-129.50,-143.50,9.9331,12.6320
75829341,-122.50,-149.50,12.4164,7.6750
75833247,-128.50,-130.50,18.6849,9.0877
75837153,-132.50,-113.50,20.1405,19.0582
75841059,-112.50,-129.50,20.2338,29.5025
75844965,-114.50,-134.50,24.9831,29.1204
75848871,-111.50,-127.50,30.2504,23.7928
75852777,-124.50,-116.50,30.7020,24.5702
75856683,-132.50,-105.50,24.9658,32.0645
75860589,-142.50,-117.50,15.0877,38.2793
75864495,-133.50,-123.50,7.0379,36.5318
75868401,-122.50,-126.50,7.2455,30.3294
75872307,-141.50,-149.50,11.1122,21.7482
75876213,-138.50,-124.50,9.9109,13.5477
75880119,-120.50,-122.50,9.7207,14.4395
75884025,-86.50,-111.50,21.2476,22.8357
75887931,-65.50,-79.50,43.8590,37.1119
75891837,-79.50,-92.50,63.3641,53.8221
75895743,-114.50,-102.50,62.9790,58.4543
75899649,-121.50,-106.50,44.3085,49.8833
75903555,-116.50,-96.50,25.8774,41.9183
75907461,-130.50,-88.50,15.5221,43.0337
75911367,-143.50,-106.50,6.6630,46.5005
75915273,-148.50,-118.50,-1.8703,41.2154
75919179,-157.50,-108.50,-7.7834,31.7662
75923085,-159.50,-114.50,-13.4180,27.2819
75926991,-178.50,-160.50,-22.5309,18.2372
75930897,-207.50,-175.50,-38.5928,-4.2747
75934803,-204.50,-173.50,-55.7395,-26.1636
75938709,-202.50,-168.50,-62.5129,-34.2798
75942615,-196.50,-172.50,-59.9883,-33.4469
75946521,-204.50,-179.50,-57.5939,-32.9516
75950427,-208.50,-193.50,-59.3694,-36.7939
75954333,-207.50,-181.50,-61.0348,-41.2841
75958239,-207.50,-188.50,-59.2550,-42.3156
75962145,-190.50,-173.50,-54.5854,-40.7444
75966051,-194.50,-160.50,-48.9084,-33.9241
75969957,-203.50,-186.50,-47.1935,-26.7250
75973863,-188.50,-209.50,-46.4970,-32.7298
75977769,-205.50,-222.50,-43.2520,-50.9311
75981675,-201.50,-170.50,-43.7536,-59.9105
75985581,-169.50,-184.50,-42.3857,-49.2138
75989487,-144.50,-169.50,-26.9504,-34.3346
75993393,-207.50,-220.50,-14.2759,-31.7639
75997299,-239.50,-254.50,-29.8776,-51.4403
76001205,-194.50,-178.50,-53.1645,-70.1109
76005111,-188.50,-184.50,-53.5622,-59.6652
76009017,-187.50,-165.50,-41.6121,-37.0718
76012923,-174.50,-132.50,-30.5489,-13.6331
76016829,-184.50,-163.50,-20.2000,6.6133
76020735,-197.50,-190.50,-17.7939,3.5811
76024641,-207.50,-216.50,-27.9872,-23.3578
76028547,-175.50,-168.50,-37.2085,-44.3245
76032453,-131.50,-174.50,-24.0010,-38.3508
76036359,-118.50,-137.50,10.0707,-15.9964
76040269,-118.50,-125.50,39.8940,9.4050
76044175,-111.50,-120.50,51.5097,28.2227
76048081,-115.50,-118.50,50.1959,35.1792
76051987,-154.50,-116.50,38.5611,36.5291
76055893,-173.50,-137.50,16.9985,34.4640
76059799,-178.50,-156.50,-3.5791,23.8635
76063705,-193.50,-159.50,-17.4883,7.2006
76067611,-191.50,-132.50,-28.3655,-0.9634
76071517,-170.50,-112.50,-30.7858,9.3080
76075423,-162.50,-127.50,-19.3852,26.2164
76079329,-146.50,-111.50,-1.2035,35.5249
76083235,-161.50,-127.50,10.9534,37.0299
76087141,-144.50,-143.50,12.3719,28.8341
76091047,-138.50,-159.50,13.0521,12.0475
76094953,-136.50,-159.50,18.7341,-2.8902
76098859,-134.50,-167.50,25.4228,-10.1327
76102765,-143.50,-175.50,27.9838,-14.5103
76106671,-140.50,-174.50,24.3843,-19.9705
76110577,-157.50,-180.50,16.8135,-24.5864
76114483,-168.50,-204.50,6.5317,-30.9900
76118389,-160.50,-206.50,-0.9607,-41.1828
76122295,-166.50,-204.50,-2.0702,-48.8008
76126201,-162.50,-176.50,-2.0321,-46.3393
76130107,-160.50,-150.50,-2.4700,-30.2397
76134013,-162.50,-140.50,-1.5003,-6.5868
76137919,-169.50,-188.50,-0.7279,4.2855
76141825,-158.50,-187.50,-0.2848,-7.4895
76145731,-175.50,-200.50,-1.3073,-26.4007
76149637,-202.50,-220.50,-11.5556,-43.3348
76153543,-172.50,-207.50,-23.4736,-55.6156
76157449,-157.50,-170.50,-18.2933,-49.7213
76161355,-175.50,-186.50,-5.1626,-29.9669
76165261,-204.50,-175.50,-7.7719,-17.3746
76169167,-212.50,-180.50,-26.1273,-15.4551
76173073,-188.50,-184.50,-38.4608,-18.0980
76176979,-207.50,-188.50,-37.1045,-21.9397
76180885,-207.50,-187.50,-35.6775,-23.9393
76184791,-226.50,-191.50,-40.9354,-24.7648
76188697,-214.50,-173.50,-47.5282,-23.5896
76192603,-217.50,-176.50,-48.9345,-18.4257
76196509,-207.50,-180.50,-45.3248,-13.8244
76200415,-185.50,-176.50,-36.2970,-12.1762
76204321,-207.50,-196.50,-26.1596,-14.2731
76208227,-206.50,-182.50,-25.0090,-20.0186
76212133,-186.50,-163.50,-25.7299,-18.9964
76216039,-182.50,-148.50,-18.9818,-5.9380
76219945,-163.50,-159.50,-7.8947,8.3329
76223851,-196.50,-196.50,-1.5734,7.0618
76227757,-175.50,-207.50,-3.5595,-12.4350
76231663,-176.50,-226.50,-3.7393,-36.3805
76235569,-177.50,-218.50,-0.9826,-52.5602
76239475,-177.50,-196.50,-1.0073,-52.4978
76243381,-181.50,-223.50,-2.2810,-43.3557
76247287,-188.50,-216.50,-4.0628,-41.1022
76251193,-169.50,-208.50,-3.6116,-42.0951
76255099,-175.50,-202.50,0.5944,-38.6526
76259005,-175.50,-217.50,2.8072,-35.8830
76262911,-183.50,-240.50,0.9120,-41.7621
76266817,-172.50,-234.50,0.0133,-52.8134
76270723,-192.50,-254.50,-0.1121,-61.8072
76274629,-176.50,-260.50,-2.7166,-71.3403
76278535,-180.50,-250.50,-3.8701,-78.2714
76282441,-191.50,-232.50,-4.4183,-73.2498
76286347,-200.50,-232.50,-8.8612,-59.3424
76290253,-194.50,-221.50,-13.6748,-46.8133
76294159,-194.50,-220.50,-15.1123,-39.0912
76298065,-221.50,-207.50,-19.4522,-33.4054
76301971,-176.50,-217.50,-22.9448,-28.5087
76305877,-194.50,-228.50,-14.9823,-28.6967
76309783,-189.50,-213.50,-6.3223,-31.6053
76313689,-180.50,-211.50,-3.1570,-29.6862
76317595,-191.50,-173.50,-2.0962,-19.1617
76321501,-185.50,-187.50,-3.6147,-3.1185
76325407,-220.50,-222.50,-9.3618,0.5418
76329313,-230.50,-228.50,-23.1129,-14.2129
76333219,-207.50,-206.50,-34.2659,-26.9465
76337125,-176.50,-190.50,-27.1070,-23.2076
76341031,-168.50,-221.50,-6.1378,-15.5517
76344937,-165.50,-228.50,12.9359,-19.2977
76348843,-133.50,-207.50,28.3594,-24.0969
76352749,-141.50,-181.50,42.9164,-15.2506
76356655,-131.50,-174.50,50.0800,1.5823
76360561,-137.50,-169.50,49.9705,14.7491
76364467,-120.50,-172.50,50.8520,22.3244
76368373,-138.50,-175.50,54.1858,25.8181
76372279,-142.50,-176.50,52.2310,24.6470
76376185,-146.50,-181.50,44.0403,18.8450
76380091,-178.50,-193.50,31.0260,10.0112
76383997,-153.50,-184.50,18.4124,4.4020
76387903,-169.50,-179.50,15.7705,7.9247
76391809,-191.50,-178.50,12.8222,14.9978
76395715,-196.50,-196.50,0.4738,14.0896
76399621,-211.50,-193.50,-14.1450,4.9965
76403527,-233.50,-192.50,-28.7526,-0.5258
76407433,-258.50,-210.50,-46.2531,-1.3100
76411339,-273.50,-225.50,-65.6691,-8.0053
76415245,-271.50,-224.50,-80.7039,-20.6149
76419151,-260.50,-239.50,-84.7752,-32.0013
76423057,-252.50,-244.50,-77.9287,-40.2398
76426963,-239.50,-228.50,-64.9506,-41.2483
76430869,-239.50,-238.50,-51.6662,-35.7162
76434775,-216.50,-221.50,-40.3084,-31.0023
76438681,-216.50,-191.50,-29.6954,-21.7622
76442587,-204.50,-175.50,-20.8686,-1.8806
76446493,-207.50,-200.50,-13.9879,14.9366
76450399,-226.50,-229.50,-12.7442,10.8993
76454305,-218.50,-216.50,-18.2098,-6.7198
76458211,-220.50,-207.50,-22.7733,-16.0517
76462117,-224.50,-240.50,-24.8161,-18.6013
76466023,-207.50,-250.50,-23.2707,-27.5694
76469929,-193.50,-213.50,-13.1224,-31.8746
76473835,-192.50,-213.50,0.6714,-21.0403
76477741,-176.50,-202.50,10.9128,-8.0406
76481647,-176.50,-203.50,18.1612,-0.8497
76485553,-182.50,-192.50,21.5553,5.2429
76489459,-188.50,-200.50,19.7751,11.5732
76493365,-176.50,-206.50,17.7026,12.0988
76497271,-175.50,-233.50,19.4643,1.3369
76501177,-165.50,-205.50,23.6601,-11.1328
76505083,-141.50,-188.50,32.7547,-6.9151
76508989,-153.50,-168.50,45.2029,13.4501
76512895,-188.50,-196.50,44.8870,28.8692
76516801,-186.50,-206.50,28.4998,24.3618
76520707,-192.50,-212.50,12.4069,8.9475
76524613,-202.50,-201.50,2.9082,-0.0351
76528519,-224.50,-213.50,-6.3958,-0.3103
76532425,-239.50,-208.50,-19.3627,0.4604
76536331,-235.50,-220.50,-31.3317,-1.4125
76540237,-228.50,-255.50,-35.4723,-11.4478
76544143,-220.50,-226.50,-31.7021,-24.7107
76548049,-220.50,-197.50,-24.4508,-20.6337
76551955,-229.50,-182.50,-19.5135,1.1504
76555861,-223.50,-186.50,-18.7847,21.0332
76559767,-250.50,-221.50,-23.6477,23.2992
76563673,-241.50,-256.50,-33.9808,3.5003
76567579,-239.50,-256.50,-39.6035,-24.7622
76571485,-216.50,-253.50,-32.8628,-42.2074
76575391,-237.50,-272.50,-21.9338,-48.6745
76579297,-230.50,-250.50,-19.0568,-49.4318
76583203,-221.50,-234.50,-19.9610,-39.0592
76587109,-218.50,-236.50,-16.5975,-23.2266
76591015,-209.50,-239.50,-9.8536,-15.9881
76594921,-204.50,-222.50,-1.4441,-14.8137
76598827,-202.50,-207.50,5.6483,-7.5261
76602733,-184.50,-191.50,11.7109,8.1064
76606639,-174.50,-200.50,20.8074,22.0921
76610545,-146.50,-191.50,35.3866,26.9540
76614451,-161.50,-197.50,50.3142,26.1892
76618357,-128.50,-172.50,60.6205,28.1901
76622263,-133.50,-156.50,69.8795,39.8250
76626169,-128.50,-136.50,75.9815,58.5719
76630075,-144.50,-144.50,74.6521,73.5315
76633981,-136.50,-144.50,69.5075,77.4354
76637887,-143.50,-186.50,65.7607,67.6720
76641793,-156.50,-207.50,60.6824,44.1316
76645699,-143.50,-153.50,54.0758,28.1126
76649605,-143.50,-127.50,53.0522,41.8499
76653511,-117.50,-121.50,60.3905,69.8581
76657417,-111.50,-125.50,74.0843,87.8777
76661323,-68.50,-95.50,92.4462,97.4951
76665229,-93.50,-127.50,109.1300,102.5383
76669135,-111.50,-125.50,109.0927,95.3733
76673041,-120.50,-114.50,93.6558,85.0253
76676947,-111.50,-106.50,80.2349,85.5829
76680853,-111.50,-111.50,75.9465,92.3824
76684759,-83.50,-120.50,80.5695,94.1141
76688665,-98.50,-111.50,90.0021,89.6238
76692571,-111.50,-111.50,92.1164,85.9764
76696477,-112.50,-126.50,84.4157,82.7019
76700383,-104.50,-104.50,77.0194,80.6331
76704289,-96.50,-97.50,75.8158,86.3346
76708195,-117.50,-100.50,75.7692,93.8824
76712101,-139.50,-111.50,67.3834,92.8661
76716007,-136.50,-114.50,53.5985,84.9277
76719913,-143.50,-117.50,43.0921,77.6721
76723819,-141.50,-141.50,36.1370,69.8417
76727725,-157.50,-186.50,29.9210,49.9880
76731631,-174.50,-203.50,21.4084,17.7892
76735537,-162.50,-221.50,13.7213,-11.8695
76739443,-172.50,-200.50,10.5534,-25.8857
76743349,-176.50,-182.50,6.0720,-19.8545
76747255,-182.50,-178.50,-1.0451,-3.6908
76751161,-139.50,-137.50,1.8281,14.7464
76755067,-142.50,-131.50,19.5256,36.7933
76758973,-182.50,-180.50,27.8284,45.7132
76762879,-208.50,-199.50,8.8629,27.4289
76766785,-180.50,-182.50,-14.6357,3.5458
76770691,-175.50,-163.50,-17.0869,-0.9997
76774597,-173.50,-143.50,-6.1199,12.9958
76778503,-172.50,-160.50,2.2130,28.7462
76782409,-148.50,-145.50,8.8457,35.7906
76786315,-141.50,-146.50,19.5485,38.7391
76790221,-128.50,-158.50,32.0279,37.5052
76794127,-123.50,-157.50,42.6655,30.2099
76798033,-120.50,-185.50,49.9306,19.8669
76801939,-114.50,-202.50,53.8658,5.2175
76805845,-108.50,-172.50,56.9413,-4.9117
76809751,-100.50,-168.50,61.0567,-0.6245
76813657,-67.50,-158.50,71.0177,9.8700
76817563,-116.50,-156.50,79.1319,18.8187
76821469,-120.50,-142.50,69.4739,27.8777
76825375,-111.50,-111.50,53.8881,41.9681
76829281,-116.50,-116.50,47.7037,57.7214
76833187,-120.50,-120.50,45.3852,63.3981
76837093,-124.50,-123.50,42.1103,59.7928
76840999,-143.50,-130.50,36.1044,55.1099
76844905,-148.50,-110.50,25.8912,54.2694
76848811,-157.50,-98.50,14.4041,60.1660
76852717,-153.50,-109.50,5.8586,66.1599
76856623,-160.50,-132.50,1.8894,62.0559
76860529,-155.50,-156.50,1.4424,46.7984
76864435,-144.50,-184.50,5.0824,23.9005
76868341,-137.50,-198.50,12.3285,-2.6680
76872247,-129.50,-178.50,19.6950,-20.9019
76876153,-142.50,-164.50,23.1816,-19.0382
76880059,-143.50,-142.50,20.9065,-0.4616
76883965,-128.50,-127.50,19.4946,23.2792
76887871,-143.50,-131.50,20.7837,39.5020
76891777,-132.50,-132.50,19.5790,41.7696
76895683,-123.50,-118.50,20.6036,39.4014
76899589,-111.50,-110.50,28.6884,44.0046
76903495,-109.50,-127.50,39.0601,50.0505
76907401,-101.50,-116.50,46.2099,49.2026
76911307,-128.50,-112.50,44.9307,46.8951
76915213,-143.50,-126.50,31.7538,44.9932
76919119,-137.50,-130.50,16.6136,39.8783
76923025,-148.50,-134.50,9.0129,34.1351
76926931,-143.50,-142.50,5.5146,28.5697
76930837,-178.50,-132.50,-1.6600,23.3253
76934743,-170.50,-140.50,-14.1704,20.7087
76938649,-168.50,-154.50,-21.3965,17.2279
76942555,-156.50,-146.50,-18.4299,12.5395
76946461,-150.50,-149.50,-10.7245,10.8497
76950367,-139.50,-129.50,-2.0021,12.9964
76954273,-158.50,-133.50,2.9896,18.2199
76958179,-194.50,-154.50,-5.5926,19.1489
76962085,-175.50,-175.50,-22.8614,9.0270
76965991,-188.50,-193.50,-33.1179,-9.2607
76969897,-206.50,-191.50,-40.2452,-27.4609
76973803,-206.50,-229.50,-49.5326,-43.9424
76977709,-194.50,-205.50,-52.1260,-57.0887
76981615,-154.50,-184.50,-39.8792,-53.2878
76985521,-152.50,-201.50,-17.9948,-38.6831
76989427,-163.50,-207.50,-4.3918,-35.1599
76993333,-162.50,-198.50,-4.1097,-40.6836
76997239,-158.50,-204.50,-5.9242,-43.2355
77001145,-175.50,-175.50,-8.0135,-37.7858
77005051,-160.50,-171.50,-12.8785,-24.0211
77008957,-141.50,-186.50,-11.1892,-14.3421
77012863,-125.50,-176.50,2.6395,-15.3031
77016769,-117.50,-178.50,21.0819,-17.2533
77020675,-127.50,-181.50,32.3281,-16.9135
77024581,-144.50,-181.50,28.4664,-17.2424
77028487,-136.50,-178.50,16.3339,-17.7495
77032393,-124.50,-150.50,11.8204,-12.8079
77036299,-89.50,-128.50,23.4948,3.2452
77040205,-136.50,-140.50,36.8525,21.1159
77044111,-170.50,-184.50,25.8625,20.2447
77048017,-115.50,-143.50,6.5374,6.3565
77051923,-128.50,-143.50,7.9121,4.4388
77055829,-114.50,-123.50,18.9296,14.9324
77059735,-57.50,-89.50,36.4661,32.7034
77063641,-32.50,-47.50,69.2968,62.3076
77067547,-5.50,-31.50,104.8891,96.9986
77071453,-15.50,-52.50,126.8950,116.8886
77075359,-44.50,-47.50,125.9118,114.6342
77079269,-15.50,-15.50,113.1313,110.9480
77083175,-8.50,16.50,111.0172,124.8146
77087081,-11.50,30.50,116.9549,149.7103
77090987,-41.50,-0.50,113.7282,163.2787
77094893,-48.50,-22.50,98.3440,152.3062
77098799,-46.50,-1.50,83.4382,133.0756
77102705,-58.50,15.50,74.6927,128.6811
77106611,-74.50,10.50,64.4280,135.5883
77110517,-94.50,5.50,48.6545,138.6322
77114423,-53.50,15.50,39.9327,137.6238
77118329,-47.50,-2.50,49.8959,135.2757
77122235,-79.50,-56.50,59.2973,118.5475
77126141,-64.50,-79.50,53.4688,82.3476
77130047,-91.50,-70.50,42.8433,49.6179
77133953,-142.50,-80.50,23.5012,36.7684
77137859,-146.50,-108.50,-6.8542,30.0270
77141765,-143.50,-106.50,-29.3289,17.8146
77145671,-145.50,-88.50,-36.2651,10.7316
77149577,-141.50,-80.50,-34.9661,16.2101
77153483,-116.50,-97.50,-26.4513,22.9845
77157389,-117.50,-82.50,-12.2029,23.7288
77161295,-116.50,-83.50,-2.6633,24.6173
77165201,-118.50,-97.50,-1.9456,23.8301
77169107,-125.50,-102.50,-5.8580,16.2842
77173013,-122.50,-88.50,-9.7762,10.0689
77176919,-100.50,-95.50,-7.0346,10.9505
77180825,-106.50,-124.50,1.5365,7.8777
77184731,-102.50,-114.50,6.7540,-3.4959
77188637,-102.50,-106.50,7.6695,-9.8648
77192543,-94.50,-123.50,9.5296,-10.1234
77196449,-65.50,-116.50,17.9362,-12.2140
77200355,-63.50,-108.50,32.2795,-12.0564
77204261,-66.50,-99.50,41.7516,-6.1616
77208167,-74.50,-100.50,41.3660,0.4171
77212073,-84.50,-105.50,34.7270,2.2661
77215979,-95.50,-128.50,24.5398,-3.8191
77219885,-111.50,-137.50,11.0594,-16.9843
77223791,-129.50,-143.50,-5.6365,-30.5785
77227697,-126.50,-144.50,-20.0474,-39.5540
77231603,-149.50,-143.50,-29.1666,-43.3754
77235509,-145.50,-161.50,-36.9331,-45.9496
77239415,-146.50,-173.50,-42.3229,-53.0286
77243321,-172.50,-146.50,-48.2696,-57.9637
77247227,-160.50,-143.50,-56.7867,-52.2083
77251133,-143.50,-126.50,-56.3781,-40.7336
77255039,-122.50,-145.50,-42.5675,-32.4432
77258945,-134.50,-143.50,-27.8631,-31.8812
77262851,-143.50,-120.50,-25.2207,-30.9725
77266757,-146.50,-126.50,-31.6918,-24.6479
77270663,-152.50,-118.50,-38.2552,-19.9959
77274569,-152.50,-104.50,-42.9320,-14.9162
77278475,-143.50,-91.50,-44.3954,-3.5016
77282381,-130.50,-112.50,-39.3704,5.6166
77286287,-134.50,-116.50,-30.3472,1.6540
77290193,-164.50,-133.50,-29.3897,-11.7014
77294099,-170.50,-154.50,-41.8432,-28.2919
77298005,-159.50,-145.50,-54.4936,-41.6600
77301911,-152.50,-162.50,-55.7434,-47.6902
77305817,-137.50,-150.50,-46.9355,-50.5415
77309723,-86.50,-82.50,-25.9836,-39.3223
77313629,-20.50,-34.50,14.6799,-0.6296
77317535,-79.50,-128.50,51.9973,30.1458
77321441,-154.50,-195.50,41.4761,5.9271
77325347,-143.50,-185.50,-4.5824,-48.7586
77329253,-146.50,-207.50,-36.1503,-86.1882
77333159,-174.50,-236.50,-48.5676,-107.9779
77337065,-181.50,-239.50,-60.8655,-125.1599
77340971,-204.50,-287.50,-74.5447,-139.1942
77344877,-234.50,-312.50,-90.2206,-159.4375
77348783,-254.50,-298.50,-111.0749,-180.8456
77352689,-275.50,-345.50,-134.5333,-197.2650
77356595,-285.50,-319.50,-155.3770,-209.9294
77360501,-306.50,-301.50,-170.2775,-204.6556
77364407,-306.50,-335.50,-178.7438,-189.2217
77368313,-288.50,-303.50,-177.5070,-183.1877
77372219,-283.50,-288.50,-167.5188,-176.6978
77376125,-245.50,-280.50,-151.6165,-162.7492
77380031,-241.50,-277.50,-129.4835,-147.4673
77383937,-225.50,-256.50,-107.1571,-131.6578
77387843,-196.50,-239.50,-86.2117,-114.1552
77391749,-179.50,-259.50,-64.4589,-103.5964
77395655,-175.50,-222.50,-47.4418,-100.1367
77399561,-178.50,-205.50,-39.0662,-86.4134
77403467,-169.50,-212.50,-34.5970,-65.5015
77407373,-148.50,-197.50,-25.9964,-52.6171
77411279,-156.50,-202.50,-15.8404,-48.3079
77415185,-179.50,-205.50,-17.0717,-49.6649
77419091,-170.50,-207.50,-27.3740,-52.3215
77422997,-160.50,-208.50,-29.7141,-52.0117
