ts_us,raw_ch0,raw_ch1,filt_ch0,filt_ch1
111270,-390.50,-1466.50,-63.3148,-239.6236
115176,-469.50,-998.50,-238.3527,-769.3775
119082,-154.50,511.50,-355.4420,-837.7838
122988,142.50,1090.50,-243.3749,-104.0683
126894,-6.50,-64.50,-36.1399,544.9605
130800,-393.50,-1385.50,-6.1669,264.8379
134706,-512.50,-1153.50,-190.2802,-564.2625
138612,-177.50,336.50,-336.8353,-853.4036
142518,117.50,1103.50,-251.1142,-248.7081
146424,-2.50,82.50,-57.9079,425.8655
150330,-383.50,-1330.50,-17.0803,283.0153
154236,-539.50,-1284.50,-176.5131,-457.3642
158142,-235.50,160.50,-320.2322,-803.9620
162048,112.50,1101.50,-254.6944,-317.8303
165954,73.50,299.50,-61.4267,346.0941
169860,-298.50,-1172.50,19.1205,332.0540
173766,-467.50,-1346.50,-92.0242,-299.1232
177672,-239.50,14.50,-223.0214,-686.7974
181578,113.50,1116.50,-192.6507,-322.9164
185484,125.50,469.50,-38.3706,295.9001
189390,-208.50,-1024.50,46.0313,357.5038
193296,-445.50,-1391.50,-36.1824,-185.2390
197202,-250.50,-129.50,-161.7328,-588.0540
201108,121.50,1133.50,-153.7579,-314.1283
205014,179.50,687.50,-17.2786,273.9652
208920,-163.50,-829.50,69.3367,411.5155
212826,-442.50,-1428.50,-4.6273,-52.9379
216732,-296.50,-326.50,-136.1958,-489.7560
220638,107.50,994.50,-147.5155,-342.9348
224544,217.50,812.50,-20.5251,164.8407
228450,-111.50,-662.50,77.9283,359.7296
232356,-458.50,-1456.50,17.4417,2.2337
236263,-310.50,-529.50,-114.9141,-420.2555
240169,66.50,880.50,-137.8533,-357.2268
244075,219.50,939.50,-28.4096,91.6336
247981,-58.50,-474.50,67.4656,333.4161
251887,-430.50,-1460.50,29.3296,62.2715
255793,-399.50,-765.50,-95.7231,-356.3482
259699,7.50,722.50,-147.3565,-383.1985
263605,230.50,997.50,-59.6906,-4.8258
267511,-20.50,-329.50,47.7279,262.6629
271417,-408.50,-1469.50,34.5053,66.2638
275323,-420.50,-905.50,-74.1339,-315.3367
279229,-61.50,621.50,-133.5645,-364.4138
283135,204.50,1133.50,-73.4334,-11.1130
287041,-18.50,-110.50,15.3868,284.6841
290947,-395.50,-1361.50,8.6278,150.0245
294853,-460.50,-1027.50,-81.9167,-208.5891
298759,-105.50,465.50,-133.6761,-312.2009
302665,219.50,1202.50,-73.5293,-31.0855
306571,80.50,112.50,30.7945,265.8041
310477,-335.50,-1247.50,52.4636,196.4114
314383,-452.50,-1160.50,-25.5430,-126.7706
318289,-143.50,306.50,-91.1847,-271.8239
322195,202.50,1231.50,-58.7164,-51.8652
326101,130.50,314.50,28.4618,239.5542
330007,-284.50,-1121.50,58.2958,221.3612
333913,-489.50,-1233.50,-9.2716,-58.1040
337819,-219.50,165.50,-88.0243,-214.4654
341725,166.50,1286.50,-78.4374,-32.6074
345631,134.50,561.50,-1.1739,259.2204
349537,-227.50,-947.50,39.9072,285.9707
353443,-458.50,-1282.50,2.7048,35.6732
357349,-226.50,-2.50,-49.4468,-149.2031
361255,170.50,1230.50,-36.2593,-33.2246
365161,226.50,707.50,37.7447,216.8210
369067,-143.50,-802.50,86.6196,262.4734
372973,-422.50,-1344.50,55.8403,53.5259
376879,-290.50,-196.50,-10.9811,-129.0389
380785,118.50,1125.50,-32.2561,-55.6984
384691,235.50,855.50,15.2715,164.7654
388597,-107.50,-658.50,63.3779,234.6381
392503,-412.50,-1423.50,46.9170,58.9269
396409,-320.50,-420.50,-5.7899,-134.4700
400315,57.50,971.50,-27.5708,-105.8217
404221,206.50,927.50,0.4197,82.6470
408127,-76.50,-532.50,32.8168,166.5162
412033,-420.50,-1465.50,21.1534,29.8970
415939,-379.50,-675.50,-22.8490,-154.2043
419845,-41.50,809.50,-51.0844,-157.9139
423751,138.50,1012.50,-45.0162,11.4511
427657,-80.50,-360.50,-28.2717,124.7962
431563,-421.50,-1446.50,-29.8855,35.5925
435469,-425.50,-845.50,-50.0010,-128.2779
439375,-96.50,673.50,-62.0695,-149.1399
443281,111.50,1106.50,-53.7984,-0.2288
447187,-54.50,-162.50,-40.5914,122.8056
451093,-361.50,-1393.50,-33.1410,60.7199
454999,-406.50,-996.50,-27.8219,-93.8768
458905,-111.50,495.50,-20.8960,-138.6655
462811,144.50,1197.50,-10.1934,-14.9912
466717,33.50,47.50,3.8244,121.8021
470623,-308.50,-1294.50,12.4323,94.1357
474529,-400.50,-1144.50,10.2490,-50.0572
478435,-163.50,324.50,2.1453,-120.3916
482341,144.50,1207.50,-1.2866,-30.0437
486247,65.50,267.50,7.6314,104.8435
490153,-256.50,-1172.50,18.6603,110.2647
494059,-402.50,-1254.50,21.5578,-9.4339
497965,-165.50,176.50,21.1866,-87.4232
501871,128.50,1229.50,23.2640,-13.8446
505777,113.50,430.50,28.5025,111.1048
509683,-213.50,-1104.50,33.1646,106.7012
513589,-408.50,-1406.50,30.4912,-30.1349
517495,-238.50,-60.50,18.7924,-129.9908
521401,65.50,1136.50,3.4771,-76.3890
525307,94.50,573.50,-6.3173,46.9279
529213,-188.50,-980.50,-3.8489,70.1468
533119,-429.50,-1488.50,3.0672,-34.2453
537025,-298.50,-273.50,-0.1217,-127.2996
540931,18.50,983.50,-12.3026,-102.4235
544837,99.50,656.50,-19.8120,-18.1599
548743,-170.50,-815.50,-16.7048,9.3752
552649,-414.50,-1504.50,-7.7006,-44.8024
556555,-310.50,-391.50,1.4338,-89.7679
560461,21.50,973.50,8.4976,-40.2635
564367,111.50,817.50,9.6754,46.6756
568273,-143.50,-690.50,0.8574,51.3025
572179,-437.50,-1615.50,-12.9851,-50.4833
576085,-396.50,-738.50,-26.5908,-160.2501
579991,-77.50,741.50,-37.9001,-168.5417
583897,80.50,900.50,-43.0191,-83.1619
587803,-110.50,-477.50,-38.9019,-11.1386
591709,-389.50,-1570.50,-23.8294,-32.2573
595615,-386.50,-904.50,-5.8736,-106.4932
599521,-106.50,656.50,-1.5596,-121.2404
603427,104.50,1023.50,-10.1174,-45.0978
607333,-57.50,-286.50,-13.2654,23.3603
611239,-350.50,-1503.50,-3.3709,-0.5793
615145,-401.50,-1041.50,9.8482,-72.6559
619051,-132.50,470.50,11.9446,-98.1314
622957,88.50,1088.50,1.0172,-46.8515
626863,-15.50,-82.50,-7.3681,17.4995
630769,-322.50,-1400.50,-0.6056,15.5341
634675,-421.50,-1191.50,11.3489,-40.3065
638581,-143.50,326.50,17.4706,-71.1700
642487,124.50,1137.50,23.2643,-29.3377
646393,51.50,90.50,31.9463,29.1609
650299,-241.50,-1314.50,44.2618,20.5228
654205,-405.50,-1304.50,53.8565,-35.0068
658111,-181.50,135.50,48.8026,-64.0124
662017,101.50,1165.50,36.1816,-24.6597
665923,64.50,321.50,28.2740,44.5808
669829,-252.50,-1199.50,24.8696,52.6441
673735,-404.50,-1391.50,26.1684,-3.4648
677641,-222.50,-20.50,31.7873,-39.0898
681547,81.50,1158.50,34.2859,-2.4470
685453,82.50,496.50,31.0955,61.2853
689359,-177.50,-1068.50,31.7888,62.4413
693265,-431.50,-1500.50,35.9736,-2.5076
697171,-286.50,-239.50,28.1454,-52.3039
701077,15.50,1046.50,11.0818,-34.2989
704983,111.50,622.50,4.5639,15.7372
708889,-162.50,-909.50,15.3196,27.2700
712795,-413.50,-1549.50,27.8624,-9.3430
716701,-304.50,-430.50,30.3566,-41.5489
720607,-28.50,913.50,21.1482,-33.3579
724513,112.50,783.50,7.8534,0.4576
728419,-137.50,-728.50,7.0647,21.8159
732325,-384.50,-1600.50,18.3320,-1.2210
736231,-288.50,-645.50,37.6972,-42.7040
740137,31.50,789.50,61.8271,-49.4595
744043,191.50,875.50,80.0815,-21.7625
747949,-22.50,-528.50,89.4360,7.0247
751855,-314.50,-1577.50,92.0606,4.9939
755761,-334.50,-813.50,84.7382,-19.8230
759667,-16.50,709.50,69.7386,-19.7808
763573,166.50,1023.50,60.4609,17.9752
767479,-21.50,-340.50,57.0873,49.6194
771385,-373.50,-1553.50,45.2032,30.0290
775291,-396.50,-1007.50,24.2867,-18.6006
779197,-92.50,511.50,13.3253,-40.2348
783103,142.50,1069.50,19.9268,-17.5889
787009,-12.50,-161.50,28.8657,17.4254
790915,-340.50,-1465.50,26.6974,19.5594
794821,-419.50,-1149.50,17.2973,-4.1833
798727,-113.50,366.50,16.7633,-15.0355
802633,162.50,1121.50,33.9545,5.0698
806539,51.50,17.50,53.2537,30.6217
810445,-315.50,-1370.50,50.3647,23.4815
814351,-420.50,-1313.50,29.9378,-5.8502
818257,-166.50,174.50,19.5876,-25.0165
822163,137.50,1111.50,28.2759,-11.8579
826069,94.50,213.50,44.7735,16.7681
829975,-274.50,-1263.50,49.2705,20.9220
833881,-461.50,-1410.50,29.4130,1.9132
837787,-223.50,-9.50,7.0736,-12.1511
841693,109.50,1087.50,9.3230,-1.9908
845599,112.50,384.50,29.4437,18.0667
849505,-194.50,-1134.50,46.5787,17.9129
853411,-440.50,-1493.50,47.1228,1.2546
857317,-233.50,-182.50,37.0970,-5.1842
861223,97.50,1040.50,37.8682,10.6771
865129,131.50,511.50,46.5471,21.5710
869035,-170.50,-1024.50,46.6695,0.3618
872941,-454.50,-1599.50,33.1754,-33.1240
876847,-302.50,-432.50,14.7218,-48.4111
880753,61.50,880.50,13.6998,-43.8135
884659,147.50,661.50,30.0429,-33.7218
888565,-175.50,-830.50,32.9579,-22.6429
892471,-477.50,-1634.50,8.0956,-20.0124
896377,-356.50,-639.50,-17.0270,-30.4998
900283,-10.50,762.50,-15.6578,-40.7453
904189,127.50,774.50,-0.0503,-42.4005
908095,-128.50,-697.50,7.3847,-39.0392
912001,-458.50,-1677.50,-0.9381,-47.0990
915907,-392.50,-876.50,-13.4280,-66.0915
919813,-34.50,611.50,-8.8673,-77.0468
923719,166.50,890.50,13.2266,-64.7522
927625,-81.50,-456.50,28.1074,-29.7853
931531,-437.50,-1620.50,15.8024,-7.2905
935437,-453.50,-1041.50,-12.0636,-19.6697
939343,-95.50,478.50,-24.9533,-43.6197
943249,135.50,965.50,-12.6277,-46.0969
947155,-54.50,-256.50,2.0308,-20.7243
951061,-428.50,-1552.50,-4.1884,0.8970
954967,-485.50,-1167.50,-24.7878,-1.7541
958873,-162.50,340.50,-35.1263,-13.1311
962779,113.50,965.50,-25.5751,-23.2238
966685,-27.50,-178.50,-12.1910,-42.2367
970591,-438.50,-1553.50,-20.2435,-71.5773
974497,-589.50,-1419.50,-57.4160,-96.5131
978403,-314.50,93.50,-98.9681,-106.1009
982309,19.50,941.50,-112.7491,-96.7705
986215,-94.50,-42.50,-103.7584,-90.2374
990121,-524.50,-1561.50,-114.2485,-116.7245
994027,-714.50,-1633.50,-158.0524,-162.6013
997933,-426.50,-196.50,-193.2864,-189.1353
1001839,-65.50,832.50,-185.0970,-184.3937
1005745,-90.50,106.50,-151.7030,-165.5771
1009651,-466.50,-1391.50,-132.3391,-147.2600
1013557,-654.50,-1646.50,-134.0718,-127.6233
1017463,-394.50,-305.50,-127.3335,-102.2660
1021369,-8.50,885.50,-94.3375,-75.9096
1025275,38.50,353.50,-51.1219,-57.1759
1029181,-332.50,-1153.50,-26.7459,-45.6298
1033087,-573.50,-1663.50,-30.3502,-35.6155
1036993,-376.50,-455.50,-35.3233,-26.9906
1040899,29.50,867.50,-16.8984,-16.4537
1044805,130.50,560.50,18.9268,-2.6611
1048711,-191.50,-929.50,47.7128,12.2702
1052617,-489.50,-1656.50,53.4753,25.1299
1056523,-335.50,-589.50,50.7818,33.2439
1060429,13.50,791.50,55.5622,37.4457
1064335,208.50,725.50,69.6836,37.3738
1068241,-91.50,-703.50,91.1037,46.0414
1072147,-424.50,-1610.50,100.5259,66.9122
1076053,-322.50,-728.50,98.4553,84.6724
1079959,78.50,767.50,110.9669,98.3672
1083865,287.50,915.50,140.6467,111.9113
1087771,42.50,-449.50,168.1270,125.6878
1091677,-343.50,-1544.50,172.4171,135.6002
1095583,-308.50,-872.50,157.4231,135.2159
1099489,67.50,637.50,151.8544,128.9672
1103395,322.50,1035.50,166.4466,128.3877
1107301,67.50,-255.50,177.7415,136.9686
1111207,-309.50,-1503.50,163.7503,138.8334
1115113,-340.50,-1036.50,141.1635,129.0130
1119019,50.50,475.50,141.3474,119.6743
1122925,345.50,1105.50,168.8443,120.9815
1126831,165.50,-65.50,195.3203,132.6649
1130737,-244.50,-1406.50,192.6458,137.7976
1134643,-335.50,-1181.50,169.5485,132.7426
1138549,14.50,315.50,158.2451,124.8033
1142455,343.50,1170.50,171.9798,129.0646
1146361,249.50,149.50,195.1357,148.5099
1150267,-160.50,-1266.50,205.3937,159.5513
1154173,-303.50,-1263.50,197.2758,160.8221
1158079,-15.50,172.50,187.2574,158.7516
1161985,331.50,1188.50,186.4377,159.7963
1165891,266.50,346.50,187.7031,166.0491
1169797,-134.50,-1165.50,179.1351,159.0286
1173703,-346.50,-1391.50,159.5103,140.8949
1177609,-82.50,-62.50,144.5624,122.7712
1181515,304.50,1100.50,148.6413,110.0786
1185421,285.50,444.50,160.2780,101.2812
1189327,-95.50,-1071.50,157.2344,86.0587
1193233,-356.50,-1505.50,138.9673,75.6250
1197139,-158.50,-282.50,120.5468,74.6303
1201045,253.50,1018.50,116.5049,76.1826
1204951,327.50,610.50,130.0066,79.1856
1208857,-60.50,-897.50,138.7639,79.3834
1212763,-380.50,-1536.50,120.7727,82.7585
1216669,-218.50,-434.50,92.6283,92.5556
1220575,187.50,928.50,82.8611,97.8396
1224481,319.50,738.50,92.8096,87.4434
1228387,-15.50,-724.50,103.1042,71.3264
1232293,-351.50,-1565.50,99.0089,69.3847
1236199,-239.50,-640.50,90.0332,77.5438
1240105,177.50,830.50,94.1840,84.2162
1244011,331.50,912.50,106.2271,90.6645
1247917,47.50,-512.50,108.1952,98.0425
1251823,-310.50,-1560.50,99.9553,97.4331
1255729,-270.50,-834.50,92.5313,85.0267
1259635,125.50,687.50,92.0223,72.5870
1263541,327.50,982.50,94.1990,69.3659
1267447,99.50,-341.50,91.5201,71.6333
1271353,-274.50,-1521.50,87.8181,73.1288
1275263,-296.50,-976.50,86.8380,76.0957
1279169,77.50,547.50,87.4333,81.4763
1283075,357.50,1095.50,92.1925,88.9908
1286981,155.50,-130.50,97.0328,96.7572
1290887,-232.50,-1470.50,94.4499,89.6075
1294793,-320.50,-1149.50,86.9166,71.1085
1298699,35.50,346.50,81.9447,57.5667
1302605,319.50,1091.50,80.0818,51.9384
1306511,206.50,17.50,77.8225,50.5719
1310417,-200.50,-1372.50,76.6191,48.1501
1314323,-350.50,-1296.50,71.7309,48.6178
1318229,-47.50,146.50,60.4824,45.7947
1322135,304.50,1072.50,53.1416,35.3392
1326041,228.50,179.50,54.2926,25.5407
1329947,-169.50,-1312.50,56.2479,14.1119
1333853,-375.50,-1428.50,50.7190,7.9391
1337759,-82.50,-42.50,43.9281,13.8678
1341665,304.50,1090.50,50.1563,28.8841
1345571,240.50,368.50,57.6078,42.5124
1349477,-184.50,-1178.50,40.0261,33.8591
1353383,-399.50,-1522.50,9.4920,14.6857
1357289,-154.50,-222.50,-0.0678,12.3615
1361195,255.50,993.50,15.7694,20.7793
1365101,299.50,511.50,38.1652,19.4745
1369007,-93.50,-969.50,46.9579,16.2303
1372913,-399.50,-1548.50,33.0704,29.4853
1376819,-207.50,-412.50,13.0610,44.1253
1380725,230.50,916.50,13.0479,41.1480
1384631,262.50,705.50,21.7548,31.5251
1388537,-62.50,-782.50,13.0401,35.6056
1392443,-402.50,-1596.50,-3.6387,45.5150
1396349,-328.50,-634.50,-22.9507,38.5631
1400255,126.50,802.50,-39.8085,18.9835
1404161,305.50,829.50,-30.9629,10.4977
1408067,10.50,-602.50,-4.3970,24.0301
1411973,-390.50,-1600.50,6.8079,39.6785
1415879,-329.50,-818.50,-6.7095,35.4888
1419785,64.50,695.50,-24.6014,21.5826
1423691,277.50,903.50,-32.3401,13.8433
1427597,32.50,-431.50,-30.0321,14.3480
1431503,-335.50,-1588.50,-19.7813,18.0580
1435409,-338.50,-992.50,-8.3752,16.2687
1439315,53.50,551.50,-1.6246,13.1629
1443221,304.50,991.50,0.7888,15.6905
1447127,81.50,-266.50,-2.7856,15.9568
1451033,-336.50,-1554.50,-14.6587,6.4655
1454939,-410.50,-1192.50,-31.7348,-9.4231
1458845,-47.50,336.50,-45.8227,-23.9011
1462751,259.50,995.50,-49.8804,-30.0240
1466657,132.50,-108.50,-41.7987,-29.8495
1470563,-281.50,-1455.50,-27.3928,-24.5211
1474469,-392.50,-1295.50,-17.7314,-9.5687
1478375,-32.50,194.50,-8.7812,5.1128
1482281,315.50,1072.50,7.3893,14.7908
1486187,203.50,105.50,19.7984,18.5841
1490093,-208.50,-1354.50,18.5514,9.4396
1493999,-399.50,-1370.50,7.9670,7.6680
1497905,-138.50,22.50,-8.8155,22.5122
1501811,244.50,1072.50,-25.6225,33.4297
1505717,211.50,293.50,-30.5265,31.1068
1509623,-221.50,-1253.50,-31.5523,11.2086
1513529,-431.50,-1580.50,-39.0689,-21.7310
1517435,-198.50,-268.50,-44.3958,-53.1631
1521341,195.50,944.50,-45.5885,-67.5005
1525247,227.50,401.50,-44.3383,-62.9975
1529153,-157.50,-1119.50,-40.6002,-54.5093
1533059,-462.50,-1621.50,-43.9745,-45.2694
1536965,-256.50,-447.50,-54.6946,-38.6794
1540871,151.50,865.50,-59.3316,-42.2163
1544777,242.50,560.50,-54.9473,-48.7794
1548683,-148.50,-953.50,-54.5500,-48.9991
1552589,-484.50,-1664.50,-69.1350,-42.4246
1556495,-317.50,-634.50,-83.7002,-35.6166
1560401,98.50,774.50,-80.3695,-35.6922
1564307,245.50,659.50,-67.8805,-46.0761
1568213,-64.50,-793.50,-57.0870,-59.5050
1572119,-442.50,-1711.50,-53.2098,-63.6781
1576025,-370.50,-862.50,-60.3796,-63.6931
1579931,44.50,678.50,-69.9564,-58.5937
1583837,245.50,814.50,-71.7334,-40.8080
1587743,-31.50,-585.50,-67.7996,-26.3328
1591649,-438.50,-1711.50,-67.9918,-32.1349
1595555,-424.50,-1049.50,-76.8332,-53.5062
1599461,-15.50,464.50,-84.1350,-73.8136
1603367,231.50,832.50,-82.4692,-85.1937
1607273,-20.50,-449.50,-81.8028,-88.2102
1611179,-452.50,-1720.50,-93.6277,-91.8439
1615085,-494.50,-1261.50,-112.1945,-103.1703
1618991,-144.50,254.50,-127.3214,-114.9894
1622897,107.50,806.50,-145.9420,-128.9166
1626803,-89.50,-343.50,-173.3162,-147.0585
1630709,-525.50,-1715.50,-199.8736,-161.5975
1634615,-652.50,-1544.50,-221.0645,-180.0542
1638521,-318.50,-42.50,-238.2863,-208.9893
1642427,-30.50,746.50,-256.0553,-230.5839
1646333,-203.50,-264.50,-285.1028,-238.9593
1650239,-676.50,-1718.50,-328.4041,-246.5191
1654145,-848.50,-1727.50,-371.8099,-254.8088
1658051,-512.50,-316.50,-391.4048,-266.4350
1661957,-131.50,621.50,-379.6384,-288.6925
1665863,-250.50,-169.50,-365.1499,-311.8525
1669769,-687.50,-1690.50,-375.8051,-322.0803
1673675,-912.50,-1902.50,-399.6789,-320.6085
1677581,-661.50,-575.50,-416.7036,-317.7486
1681487,-233.50,587.50,-418.2578,-316.6988
1685393,-220.50,28.50,-399.7010,-303.2783
1689299,-600.50,-1524.50,-370.8094,-279.5375
1693205,-920.50,-1973.50,-355.1616,-266.7483
1697111,-693.50,-753.50,-361.8816,-268.4393
1701017,-255.50,551.50,-366.1304,-270.0569
1704923,-168.50,187.50,-348.6550,-258.4379
1708829,-512.50,-1346.50,-316.7204,-240.1650
1712735,-825.50,-1960.50,-285.1978,-221.2021
1716641,-661.50,-893.50,-265.5939,-201.4663
1720547,-192.50,449.50,-249.1940,-199.3346
1724453,-68.50,352.50,-225.1342,-208.6857
1728359,-377.50,-1109.50,-199.7165,-195.4725
1732265,-718.50,-1922.50,-176.1285,-158.3416
1736171,-592.50,-1007.50,-153.0651,-120.7648
1740077,-125.50,467.50,-125.5700,-98.1703
1743983,82.50,592.50,-90.1388,-80.8863
1747889,-190.50,-785.50,-54.7791,-50.0548
1751795,-559.50,-1806.50,-26.4169,-12.9095
1755701,-461.50,-1088.50,1.3753,10.4457
1759607,-26.50,480.50,36.5113,25.0064
1763513,220.50,771.50,68.8713,43.9035
1767419,-27.50,-512.50,87.0654,62.2121
1771325,-436.50,-1711.50,92.8457,74.8474
1775231,-450.50,-1199.50,92.9614,78.2759
1779137,-15.50,336.50,100.1387,74.8987
1783043,290.50,886.50,121.6710,78.0280
1786949,96.50,-268.50,145.7565,95.9989
1790855,-326.50,-1589.50,158.8396,118.8344
1794761,-399.50,-1296.50,162.2808,129.9208
1798667,-34.50,235.50,163.0402,131.6650
1802573,306.50,974.50,164.3416,136.5614
1806479,187.50,-56.50,171.0160,144.2120
1810385,-246.50,-1474.50,181.8797,147.3596
1814291,-431.50,-1414.50,180.0566,144.4297
1818197,-111.50,55.50,159.2556,138.5160
1822103,271.50,965.50,139.7403,133.2944
1826009,194.50,126.50,136.5107,130.6558
1829915,-232.50,-1406.50,140.9847,124.3261
1833821,-425.50,-1560.50,144.2060,108.2667
1837727,-172.50,-146.50,141.5665,98.4723
1841633,240.50,955.50,132.1931,107.9028
1845539,219.50,286.50,126.1293,120.6918
1849445,-181.50,-1259.50,126.5789,118.9626
1853351,-421.50,-1615.50,131.8053,110.2998
1857257,-174.50,-342.50,142.4587,109.5338
1861163,241.50,893.50,152.8855,112.8666
1865069,278.50,430.50,155.7765,110.0625
1868975,-94.50,-1122.50,153.1950,97.5785
1872881,-406.50,-1678.50,151.1468,87.7680
1876787,-238.50,-544.50,146.5370,92.9334
1880693,203.50,806.50,140.5291,100.9814
1884599,336.50,581.50,144.6476,100.9542
1888505,-54.50,-916.50,151.8272,98.9511
1892411,-408.50,-1705.50,144.0393,100.8075
1896317,-300.50,-728.50,126.1207,104.7163
1900223,155.50,723.50,115.8837,108.0468
1904129,315.50,719.50,118.5922,109.4071
1908035,-13.50,-739.50,120.7515,105.6986
1911941,-410.50,-1711.50,111.9611,98.6433
1915847,-333.50,-941.50,101.2396,91.3438
1919753,63.50,590.50,95.3706,86.7076
1923659,263.50,807.50,84.2096,88.3294
1927565,9.50,-544.50,69.2881,90.9157
1931471,-399.50,-1692.50,63.8880,89.7881
1935377,-399.50,-1108.50,65.6730,85.8152
1939283,-4.50,441.50,66.2360,83.4936
1943189,268.50,875.50,62.9848,84.3137
1947095,64.50,-350.50,60.8582,83.8256
1951001,-353.50,-1647.50,64.6951,80.7000
1954907,-418.50,-1277.50,70.2133,74.2001
1958813,-48.50,259.50,71.5726,68.4872
1962719,255.50,922.50,65.8456,68.6514
1966625,89.50,-148.50,54.6450,74.3322
1970531,-345.50,-1545.50,43.7915,81.9184
1974437,-452.50,-1404.50,40.0084,84.0938
1978343,-121.50,102.50,43.4746,82.3847
1982249,228.50,950.50,44.1150,82.6941
1986155,127.50,58.50,39.1452,85.8657
1990061,-300.50,-1455.50,34.5087,86.2660
1993967,-481.50,-1556.50,32.5862,72.0625
1997873,-226.50,-111.50,25.5669,53.9189
2001779,144.50,937.50,4.9510,53.0210
2005685,112.50,225.50,-16.3673,65.6291
2009591,-264.50,-1321.50,-17.8791,74.0931
2013497,-512.50,-1604.50,-2.6354,73.7967
2017403,-226.50,-262.50,14.8260,78.7331
2021309,158.50,927.50,27.5287,91.0167
2025215,181.50,369.50,28.6865,91.1203
2029121,-206.50,-1190.50,22.8191,70.5596
2033027,-515.50,-1688.50,16.4971,50.4002
2036933,-318.50,-512.50,7.4452,46.1220
2040839,114.50,796.50,2.1182,44.1757
2044745,186.50,506.50,2.7957,37.8876
2048651,-176.50,-1000.50,1.6953,38.5453
2052557,-483.50,-1724.50,2.5964,48.5009
2056463,-337.50,-693.50,11.9693,57.4357
2060369,84.50,737.50,21.8801,60.4970
2064275,229.50,678.50,24.9508,63.8561
2068181,-89.50,-788.50,25.0283,71.7827
2072087,-469.50,-1711.50,24.2736,79.2962
2075993,-428.50,-878.50,13.5570,77.8213
2079899,26.50,639.50,-1.7387,70.9958
2083805,240.50,786.50,-0.8126,69.7485
2087711,-61.50,-610.50,9.0552,70.5496
2091617,-453.50,-1712.50,10.1132,66.4277
2095523,-441.50,-1073.50,5.6004,56.7747
2099429,-46.50,474.50,-0.2505,46.9379
2103335,206.50,848.50,-7.8680,44.1548
2107241,-50.50,-431.50,-17.7481,45.2723
2111147,-479.50,-1680.50,-31.9839,44.2896
2115053,-524.50,-1252.50,-45.7839,38.0959
2118959,-142.50,285.50,-52.3863,27.8408
2122865,130.50,875.50,-58.2450,19.4421
2126771,-44.50,-271.50,-69.0894,14.1299
2130677,-466.50,-1613.50,-75.9665,13.4084
2134583,-575.50,-1405.50,-75.3389,17.4076
2138489,-218.50,109.50,-72.4551,19.0385
2142395,144.50,891.50,-66.0169,15.5999
2146301,39.50,-86.50,-52.6552,8.8213
2150207,-425.50,-1551.50,-44.1376,0.6483
2154113,-589.50,-1552.50,-51.5782,-6.0957
2158019,-278.50,-94.50,-62.8607,-7.4613
2161925,103.50,877.50,-66.7846,-4.9979
2165831,49.50,128.50,-64.3343,1.7909
2169737,-376.50,-1424.50,-60.2134,10.3997
2173643,-602.50,-1650.50,-59.5530,8.0661
2177549,-288.50,-254.50,-53.8702,6.4001
2181455,147.50,881.50,-30.6950,17.6396
2185361,112.50,253.50,-7.5028,20.0593
2189267,-319.50,-1305.50,-11.5543,1.0310
2193173,-600.50,-1741.50,-34.7473,-19.2515
2197079,-380.50,-492.50,-52.6407,-21.9007
2200985,60.50,771.50,-55.0310,-16.4377
2204891,97.50,395.50,-50.6190,-18.3499
2208797,-271.50,-1135.50,-51.2237,-23.3441
2212703,-602.50,-1777.50,-54.1050,-20.3100
2216609,-399.50,-686.50,-49.9809,-9.8192
2220515,62.50,693.50,-30.6482,-3.9775
2224421,212.50,562.50,-0.4123,-4.8037
2228327,-156.50,-913.50,21.5685,1.1445
2232233,-516.50,-1744.50,24.3633,19.3342
2236139,-422.50,-833.50,16.1187,39.0148
2240045,32.50,633.50,11.0290,46.1627
2243951,194.50,714.50,11.5184,42.2500
2247857,-124.50,-722.50,6.8437,36.3491
2251763,-530.50,-1764.50,-5.3463,29.2803
2255669,-512.50,-1081.50,-20.8406,15.3205
2259575,-79.50,462.50,-34.9369,-2.7662
2263481,177.50,763.50,-37.0529,-10.4349
2267387,-101.50,-558.50,-31.2233,-7.8676
2271293,-516.50,-1720.50,-30.4882,0.1874
2275199,-536.50,-1210.50,-32.7315,13.1410
2279105,-137.50,352.50,-33.3295,24.6821
2283011,186.50,880.50,-28.8616,35.1516
2286917,-20.50,-314.50,-16.7197,43.3314
2290823,-447.50,-1644.50,-5.1787,43.8666
2294729,-545.50,-1345.50,-1.5485,39.2425
2298635,-164.50,199.50,-3.7725,38.5552
2302541,183.50,929.50,-3.9281,45.6101
2306447,17.50,-125.50,-2.5300,49.5508
2310353,-429.50,-1520.50,-7.9470,48.4975
2314263,-576.50,-1452.50,-16.8089,52.5986
2318169,-240.50,55.50,-21.4772,62.8607
2322075,130.50,966.50,-23.1456,74.9759
2325981,71.50,115.50,-20.5023,81.9364
2329887,-352.50,-1404.50,-9.1223,79.0480
2333793,-572.50,-1556.50,2.0565,68.7299
2337699,-293.50,-156.50,1.0668,60.1435
2341605,95.50,949.50,-10.8831,60.8874
2345511,79.50,304.50,-23.8607,70.1387
2349417,-346.50,-1246.50,-30.7847,79.0158
2353323,-604.50,-1611.50,-32.6588,80.8310
2357229,-344.50,-320.50,-28.4477,81.8914
2361135,73.50,911.50,-19.4360,83.9535
2365041,112.50,464.50,-15.0344,82.0641
2368947,-301.50,-1084.50,-20.2201,77.3377
2372853,-623.50,-1676.50,-32.6107,72.4866
2376759,-455.50,-532.50,-47.5769,69.1084
2380665,-36.50,802.50,-62.9378,62.9492
2384571,112.50,651.50,-68.9278,62.7787
2388477,-250.50,-886.50,-57.2535,79.4027
2392383,-621.50,-1731.50,-45.0524,83.9711
2396289,-463.50,-740.50,-40.4088,64.3102
2400195,-12.50,699.50,-29.3247,45.8115
2404101,173.50,729.50,-11.2853,40.5658
2408007,-144.50,-712.50,4.6584,48.9008
2411913,-530.50,-1699.50,14.4621,61.5262
2415819,-477.50,-917.50,16.8883,65.5228
2419725,-29.50,621.50,16.7751,64.9127
2423631,209.50,876.50,22.3791,72.8334
2427537,-60.50,-484.50,32.7246,87.3829
2431443,-474.50,-1648.50,40.9825,93.6147
2435349,-470.50,-1081.50,45.7906,84.9319
2439255,-45.50,463.50,51.0723,69.6035
2443161,228.50,923.50,56.4499,60.1235
2447067,-15.50,-321.50,53.8193,57.6408
2450973,-440.50,-1584.50,44.0558,60.1271
2454879,-522.50,-1232.50,35.6920,66.1111
2458785,-127.50,304.50,30.7118,66.9664
2462691,222.50,985.50,33.4176,64.7020
2466597,48.50,-108.50,42.8838,65.6552
2470503,-394.50,-1471.50,47.6814,71.8962
2474409,-538.50,-1359.50,43.7350,80.1294
2478315,-177.50,149.50,37.0307,80.0594
2482221,191.50,1018.50,34.6044,76.8479
2486127,80.50,89.50,34.7128,74.9063
2490033,-383.50,-1413.50,28.7850,65.4131
2493939,-593.50,-1487.50,13.2977,51.6681
2497845,-275.50,-60.50,-2.5135,45.5903
2501751,141.50,991.50,-5.6761,48.2015
2505657,112.50,273.50,4.1147,53.7275
2509563,-321.50,-1242.50,15.5379,60.2777
2513469,-575.50,-1547.50,19.3112,67.9374
2517375,-316.50,-217.50,16.4413,75.0215
2521281,118.50,970.50,14.0968,77.7191
2525187,176.50,459.50,21.1854,74.4157
2529093,-232.50,-1090.50,37.2878,69.0835
2532999,-512.50,-1599.50,53.0244,67.9412
2536905,-290.50,-382.50,67.7636,77.3750
2540811,122.50,926.50,76.5780,90.2140
2544717,243.50,651.50,76.2871,94.9538
2548623,-130.50,-879.50,79.5431,96.2630
2552529,-482.50,-1599.50,85.7911,99.2352
2556435,-312.50,-537.50,90.5200,108.0709
2560341,121.50,883.50,96.6966,121.0128
2564247,265.50,816.50,97.4224,126.7168
2568153,-92.50,-681.50,87.6500,121.5340
2572059,-457.50,-1627.50,76.6203,106.2397
2575965,-400.50,-789.50,70.5324,84.6342
2579871,38.50,688.50,63.4943,62.2074
2583777,247.50,863.50,55.8955,46.0907
2587683,-69.50,-544.50,47.9858,41.0309
2591589,-514.50,-1649.50,31.2740,38.2916
2595495,-525.50,-995.50,4.1449,32.4199
2599401,-107.50,511.50,-22.8579,22.2617
2603307,145.50,929.50,-40.6030,12.4991
2607213,-116.50,-349.50,-53.2231,15.7006
2611119,-573.50,-1597.50,-68.4850,25.1894
2615025,-618.50,-1157.50,-83.8574,28.4923
2618931,-205.50,399.50,-88.8353,29.1872
2622837,137.50,999.50,-78.5092,32.6911
2626743,-47.50,-178.50,-60.4314,30.0531
2630649,-474.50,-1501.50,-44.5215,22.1734
2634555,-632.50,-1314.50,-40.4136,20.8063
2638461,-257.50,176.50,-51.6682,13.7595
2642367,111.50,998.50,-61.8643,0.1089
2646273,20.50,16.50,-55.4432,-4.3394
2650179,-420.50,-1425.50,-36.4700,-0.8036
2654085,-591.50,-1444.50,-19.0179,3.6648
2657991,-255.50,28.50,-8.5826,7.4264
2661897,154.50,1057.50,0.1474,20.2812
2665803,95.50,255.50,8.4911,40.7979
2669709,-354.50,-1274.50,10.8162,48.4199
2673615,-574.50,-1516.50,8.5064,39.9324
2677521,-297.50,-133.50,9.7683,32.7129
2681427,119.50,1045.50,12.1876,40.6924
2685333,152.50,434.50,15.2250,53.6316
2689239,-287.50,-1088.50,20.2774,57.3258
2693145,-561.50,-1536.50,21.9770,60.6336
2697051,-335.50,-272.50,23.6049,71.8756
2700957,117.50,1023.50,29.3586,86.5857
2704863,204.50,642.50,38.8248,94.1840
2708769,-207.50,-894.50,45.8067,90.9012
2712675,-548.50,-1573.50,42.0970,83.5928
2716581,-360.50,-446.50,37.3442,82.2748
2720487,91.50,944.50,42.7044,90.0431
2724393,241.50,825.50,53.2711,99.1728
2728299,-111.50,-687.50,62.8319,105.4816
2732205,-512.50,-1536.50,64.6462,108.7364
2736111,-392.50,-582.50,58.7277,117.3502
2740017,34.50,893.50,53.2150,132.7699
2743923,212.50,1009.50,43.8907,145.7421
2747829,-122.50,-458.50,25.9432,150.6906
2751735,-537.50,-1536.50,6.4637,136.1705
2755641,-512.50,-814.50,-7.9547,107.8469
2759547,-82.50,667.50,-17.5128,78.5089
2763453,169.50,1042.50,-23.5460,59.5669
2767359,-106.50,-301.50,-28.3387,64.0004
2771265,-556.50,-1500.50,-36.9454,74.9244
2775171,-568.50,-1003.50,-45.4108,74.5293
2779077,-132.50,511.50,-41.5722,59.8783
2782983,131.50,1077.50,-34.2759,41.7754
2786889,-70.50,-164.50,-40.0016,31.2877
2790795,-532.50,-1498.50,-51.5925,17.9994
2794701,-672.50,-1216.50,-67.9913,2.6787
2798607,-309.50,367.50,-95.2850,1.5375
2802513,64.50,1034.50,-116.4526,6.3681
2806419,-272.50,-195.50,-148.1409,-38.9440
2810325,-773.50,-1657.50,-225.8467,-143.9646
2814231,-980.50,-1678.50,-314.1353,-244.8810
2818137,-730.50,-265.50,-383.2326,-321.9440
2822043,-437.50,579.50,-454.7905,-393.2309
2825949,-606.50,-351.50,-535.3450,-463.4697
2829855,-1140.50,-1955.50,-614.7430,-534.2606
2833761,-1385.50,-2047.50,-680.5648,-584.2302
2837667,-1153.50,-834.50,-727.5816,-616.4368
2841573,-777.50,197.50,-766.0238,-680.7539
2845479,-801.50,-512.50,-793.6182,-762.9274
2849385,-1256.50,-2047.50,-802.1352,-810.4819
2853291,-1542.50,-2047.50,-801.4966,-752.8185
2857197,-1285.50,-1147.50,-797.1595,-642.1858
2861103,-866.50,16.50,-788.4443,-664.9255
2865009,-796.50,-449.50,-775.8810,-781.5673
2868915,-1197.50,-1992.50,-754.9326,-848.0127
2872821,-1487.50,-2047.50,-725.1021,-769.2113
2876727,-1307.50,-1308.50,-694.5890,-599.8608
2880633,-837.50,-28.50,-670.4322,-573.0491
2884539,-709.50,-239.50,-646.9422,-665.8656
2888445,-1071.50,-1773.50,-619.5124,-720.5002
2892351,-1414.50,-2047.50,-590.9313,-652.5057
2896257,-1225.50,-1455.50,-554.3180,-506.5129
2900163,-729.50,-65.50,-502.0255,-483.1445
2904069,-482.50,-104.50,-437.2281,-564.8197
2907975,-760.50,-1536.50,-365.6808,-617.1719
2911881,-1187.50,-2047.50,-308.5783,-560.4463
2915787,-1102.50,-1558.50,-283.4661,-426.4686
2919693,-610.50,-79.50,-266.2667,-384.8607
2923599,-341.50,162.50,-232.7665,-415.6804
2927505,-623.50,-1228.50,-194.6613,-425.9526
2931411,-1010.50,-2047.50,-163.4190,-393.0429
2935317,-989.50,-1653.50,-132.0018,-326.7913
2939223,-530.50,-158.50,-97.7778,-310.4842
2943129,-234.50,288.50,-67.5192,-327.3136
2947035,-466.50,-975.50,-48.8725,-327.3847
2950941,-946.50,-2047.50,-47.3917,-311.3729
2954847,-984.50,-1774.50,-53.7301,-281.4768
2958753,-545.50,-298.50,-43.8303,-275.1463
2962659,-158.50,365.50,-9.5192,-277.8888
2966565,-225.50,-728.50,48.0728,-261.7353
2970471,-693.50,-2028.50,114.2812,-248.5844
2974377,-821.50,-1823.50,154.0563,-234.6555
2978283,-431.50,-308.50,167.1793,-196.1735
2982189,-12.50,592.50,181.2721,-123.6450
2986095,-68.50,-281.50,209.5797,-38.3737
2990001,-527.50,-1736.50,243.0307,9.9160
2993907,-741.50,-1808.50,259.7024,2.6646
2997813,-335.50,-337.50,270.5256,-8.8117
3001719,138.50,814.50,306.8435,46.0914
3005625,122.50,143.50,357.9934,159.8171
3009531,-262.50,-1350.50,402.0930,247.1377
3013437,-527.50,-1637.50,436.0394,264.0728
3017343,-207.50,-240.50,459.5903,263.1321
3021249,267.50,1020.50,482.6933,313.2250
3025155,314.50,498.50,507.1638,395.8147
3029061,-46.50,-1007.50,532.2342,441.7858
3032967,-315.50,-1565.50,567.6010,428.2618
3036873,-50.50,-202.50,611.1703,415.7436
3040779,407.50,1252.50,646.9840,492.0751
3044685,499.50,883.50,659.2109,612.2829
3048591,115.50,-632.50,652.0449,659.3035
3052497,-242.50,-1380.50,641.7474,625.5497
3056403,-113.50,-322.50,629.9165,575.9647
3060309,355.50,1157.50,614.0573,568.7494
3064215,543.50,1110.50,605.4240,612.0129
3068121,150.50,-380.50,601.5576,652.2973
3072027,-264.50,-1359.50,583.7806,637.2646
3075933,-192.50,-546.50,555.3284,572.6858
3079839,217.50,979.50,523.8322,518.0037
3083745,417.50,1157.50,486.1865,515.7440
3087651,34.50,-367.50,439.2698,517.8246
3091557,-512.50,-1603.50,368.6710,443.7285
3095463,-590.50,-1065.50,269.7972,300.2712
3099369,-262.50,384.50,159.3406,158.2944
3103275,-18.50,692.50,59.3365,58.8899
3107181,-303.50,-634.50,-9.1954,-5.7915
3111087,-873.50,-1911.50,-61.9449,-57.2501
3114993,-1012.50,-1500.50,-133.1128,-102.9512
3118899,-623.50,-34.50,-209.7760,-144.4258
3122805,-273.50,555.50,-254.0278,-178.3565
3126711,-436.50,-589.50,-254.8106,-194.9185
3130617,-878.50,-1886.50,-228.3670,-189.8852
3134523,-999.50,-1662.50,-197.8551,-168.0067
3138429,-573.50,-168.50,-170.6188,-147.2866
3142335,-175.50,654.50,-141.0606,-131.9542
3146241,-293.50,-297.50,-115.2941,-110.1535
3150147,-722.50,-1727.50,-95.7173,-87.5341
3154053,-860.50,-1720.50,-67.3678,-73.4061
3157959,-484.50,-261.50,-24.8948,-62.0991
3161865,-52.50,771.50,17.1024,-37.5579
3165771,-82.50,99.50,47.1654,18.3061
3169677,-484.50,-1384.50,74.6803,92.7529
3173583,-700.50,-1611.50,110.2735,142.6435
3177489,-396.50,-227.50,145.7255,161.8076
3181395,59.50,965.50,170.1762,184.2233
3185301,85.50,432.50,184.7375,224.8443
3189207,-350.50,-1057.50,192.7079,270.2497
3193113,-607.50,-1536.50,201.5609,297.2187
3197019,-329.50,-208.50,225.7611,312.7414
3200925,136.50,1137.50,259.8119,354.6311
3204831,272.50,761.50,290.9043,409.6973
3208737,-84.50,-692.50,326.1287,445.1278
3212643,-431.50,-1346.50,361.3836,468.8958
3216549,-207.50,-164.50,387.8166,499.6023
3220455,278.50,1328.50,413.3653,559.1057
3224361,507.50,1257.50,447.3128,643.0127
3228267,164.50,-214.50,490.4414,712.0160
3232173,-165.50,-1083.50,533.2416,737.9100
3236079,39.50,-96.50,583.1155,740.6952
3239985,533.50,1616.50,644.1780,792.2354
3243891,814.50,1974.50,698.9617,947.1482
3247797,487.50,221.50,736.2985,1083.0618
3251703,115.50,-800.50,755.6838,1051.2385
3255609,202.50,-33.50,774.5903,955.7257
3259515,701.50,1845.50,805.0770,974.8915
3263421,980.50,2047.50,834.5728,1092.5136
3267327,720.50,557.50,848.3855,1130.5273
3271233,287.50,-612.50,848.0412,1051.5128
3275139,234.50,-77.50,838.0996,981.2671
3279045,688.50,1718.50,821.9454,996.2482
3282951,1022.50,2047.50,812.1833,1047.2551
3286857,743.50,715.50,798.1957,1008.0553
3290763,265.50,-593.50,761.0938,899.7216
3294669,139.50,-326.50,714.4721,826.8728
3298575,496.50,1216.50,669.6224,788.3118
3302481,852.50,2047.50,626.2225,772.1868
3306387,688.50,833.50,591.0733,762.1986
3310293,206.50,-588.50,564.7695,721.6809
3314199,37.50,-529.50,542.9612,676.3016
3318105,375.50,911.50,522.4558,636.6884
3322011,763.50,2047.50,498.5736,618.6211
3325917,667.50,982.50,471.7071,629.7846
3329823,167.50,-564.50,442.0901,601.0693
3333729,-62.50,-751.50,410.2070,535.9190
3337635,211.50,614.50,380.0198,473.8721
3341541,627.50,2047.50,349.1036,467.7324
3345447,597.50,1074.50,318.3292,511.4600
3349353,151.50,-512.50,294.7422,483.0541
3353263,-117.50,-911.50,283.4569,401.3006
3357169,135.50,336.50,282.2968,338.6736
3361075,559.50,1964.50,276.2116,342.2843
3364981,611.50,1174.50,257.7492,396.2269
3368887,199.50,-418.50,240.1188,369.1144
3372793,-136.50,-1040.50,231.7624,286.1702
3376699,58.50,96.50,227.2944,230.8199
3380605,492.50,1670.50,217.4538,217.0180
3384511,601.50,1315.50,197.2587,237.6060
3388417,211.50,-284.50,174.6797,231.0971
3392323,-169.50,-1135.50,158.1935,190.3546
3396229,-60.50,-160.50,144.5904,145.7631
3400135,391.50,1392.50,127.8949,109.0487
3404041,558.50,1405.50,108.2848,98.3579
3407947,177.50,-165.50,83.6970,99.0578
3411853,-270.50,-1220.50,49.5175,80.2701
3415759,-207.50,-444.50,15.4266,39.3794
3419665,240.50,1118.50,-4.8977,-10.2524
3423571,445.50,1427.50,-19.6509,-37.4823
3427477,167.50,-26.50,-37.1391,-29.2983
3431383,-252.50,-1195.50,-43.8008,-13.2900
3435289,-278.50,-633.50,-39.9344,-11.8564
3439195,49.50,847.50,-59.3164,-52.4602
3443101,287.50,1371.50,-120.4893,-122.2604
3447007,128.50,69.50,-175.3348,-159.4418
3450913,-360.50,-1238.50,-184.0114,-153.7331
3454819,-431.50,-859.50,-176.6637,-134.2453
3458725,16.50,662.50,-167.9831,-136.3201
3462631,299.50,1453.50,-159.0661,-155.2660
3466537,133.50,238.50,-168.2925,-160.9374
3470443,-313.50,-1153.50,-182.1584,-160.2740
3474349,-453.50,-1005.50,-183.3292,-151.1189
3478255,-79.50,462.50,-177.9280,-152.6987
3482161,291.50,1502.50,-173.9258,-164.6023
3486067,197.50,439.50,-173.4420,-158.8419
3489973,-258.50,-1066.50,-172.0401,-161.1462
3493879,-447.50,-1158.50,-167.5356,-170.9367
3497785,-137.50,260.50,-163.2450,-182.8575
3501691,272.50,1466.50,-164.1331,-191.0973
3505597,219.50,608.50,-171.1195,-183.0391
3509503,-216.50,-940.50,-178.7227,-185.3137
3513409,-488.50,-1274.50,-183.3837,-192.4837
3517315,-227.50,31.50,-188.6319,-204.0297
3521221,208.50,1328.50,-195.1674,-227.1256
3525127,225.50,709.50,-200.8970,-247.9631
3529033,-212.50,-840.50,-208.7904,-264.3391
3532939,-538.50,-1391.50,-221.0787,-261.9924
3536845,-325.50,-197.50,-232.7048,-254.2125
3540751,80.50,1168.50,-245.0232,-268.1746
3544657,192.50,817.50,-260.2867,-297.7727
3548563,-185.50,-717.50,-264.4727,-318.6995
3552469,-559.50,-1476.50,-258.2610,-310.9717
3556375,-378.50,-461.50,-251.1594,-299.9936
3560281,65.50,944.50,-241.4487,-326.0358
3564187,245.50,902.50,-231.6433,-372.0460
3568093,-109.50,-559.50,-223.1073,-381.5964
3571999,-512.50,-1506.50,-219.0466,-345.1470
3575905,-418.50,-656.50,-219.4438,-310.9266
3579811,51.50,867.50,-214.2534,-311.4466
3583717,273.50,1070.50,-202.1507,-326.0906
3587623,-21.50,-326.50,-190.7041,-317.9503
3591529,-453.50,-1468.50,-184.2503,-289.7446
3595435,-431.50,-816.50,-182.3937,-272.9103
3599341,-16.50,720.50,-184.9461,-284.5038
3603247,251.50,1151.50,-193.5698,-308.1309
3607153,16.50,-137.50,-200.7875,-310.2189
3611059,-418.50,-1417.50,-196.8521,-288.6571
3614965,-453.50,-954.50,-183.9880,-265.4193
3618871,-36.50,585.50,-169.1226,-258.4661
3622777,256.50,1211.50,-163.7446,-271.8401
3626683,23.50,-5.50,-180.0139,-293.7667
3630589,-456.50,-1384.50,-212.4951,-310.9354
3634495,-572.50,-1173.50,-240.8586,-312.9628
3638401,-197.50,320.50,-252.9298,-317.1313
3642307,171.50,1166.50,-252.8778,-336.5337
3646213,30.50,144.50,-250.6145,-352.3726
3650119,-442.50,-1328.50,-253.7223,-354.7276
3654025,-639.50,-1353.50,-264.2718,-346.9380
3657931,-298.50,85.50,-275.6764,-347.7398
3661837,112.50,1119.50,-278.4116,-363.6352
3665743,47.50,313.50,-272.8116,-372.6471
3669649,-394.50,-1218.50,-265.0334,-364.6659
3673555,-623.50,-1460.50,-256.0166,-346.2562
3677461,-335.50,-102.50,-246.4715,-334.9791
3681367,113.50,1107.50,-237.0305,-336.4025
3685273,112.50,481.50,-227.2330,-339.4116
3689179,-312.50,-1037.50,-219.6741,-333.8637
3693085,-591.50,-1480.50,-212.2579,-306.5930
3696991,-336.50,-242.50,-198.9200,-274.3123
3700897,135.50,1102.50,-178.6194,-260.6389
3704803,208.50,708.50,-157.7466,-259.0533
3708709,-193.50,-821.50,-144.5072,-255.8547
3712615,-577.50,-1494.50,-146.4212,-239.4070
3716521,-418.50,-418.50,-165.0691,-222.7563
3720427,66.50,979.50,-180.9502,-230.0610
3724333,175.50,816.50,-182.7735,-256.7011
3728239,-187.50,-687.50,-183.0177,-276.3303
3732145,-584.50,-1563.50,-185.9478,-272.4831
3736051,-454.50,-661.50,-185.4307,-260.8716
3739957,-15.50,834.50,-181.2143,-263.4805
3743863,187.50,938.50,-179.8884,-273.0448
3747769,-132.50,-489.50,-179.8312,-269.6104
3751675,-550.50,-1562.50,-176.5557,-254.1557
3755581,-473.50,-860.50,-166.9505,-246.8507
3759487,-34.50,672.50,-150.8906,-258.8511
3763393,206.50,1009.50,-142.3614,-275.7303
3767299,-58.50,-296.50,-145.1000,-273.0742
3771205,-512.50,-1520.50,-149.2176,-250.5677
3775111,-516.50,-1005.50,-149.2360,-230.0456
3779017,-78.50,533.50,-140.5077,-227.0125
3782923,237.50,1095.50,-125.9294,-236.0112
3786829,39.50,-83.50,-111.4890,-234.9537
3790735,-448.50,-1423.50,-103.8560,-216.2938
3794641,-528.50,-1136.50,-107.4902,-195.3725
3798547,-150.50,385.50,-114.5791,-189.3594
3802453,225.50,1186.50,-117.4326,-191.3325
3806359,67.50,126.50,-113.7454,-184.7250
3810265,-399.50,-1321.50,-109.0962,-176.1612
3814171,-536.50,-1262.50,-105.3305,-171.3043
3818077,-164.50,207.50,-94.9570,-171.8698
3821983,241.50,1214.50,-79.3202,-171.1892
3825889,151.50,351.50,-66.8434,-155.8610
3829795,-297.50,-1170.50,-60.0986,-138.0753
3833701,-527.50,-1335.50,-57.7847,-128.1814
3837607,-221.50,46.50,-60.4955,-126.4839
3841513,191.50,1182.50,-67.4824,-132.7749
3845419,144.50,496.50,-79.6364,-141.5908
3849325,-305.50,-1048.50,-95.9180,-149.3503
3853231,-584.50,-1441.50,-108.4738,-148.1017
3857137,-328.50,-181.50,-113.2455,-144.4522
3861043,122.50,1090.50,-112.3438,-151.3591
3864949,195.50,624.50,-104.3624,-164.6410
3868855,-213.50,-909.50,-88.1838,-172.9849
3872761,-549.50,-1507.50,-74.1718,-164.0956
3876667,-350.50,-372.50,-70.1857,-146.5922
3880573,117.50,1023.50,-69.6097,-138.0705
3884479,192.50,805.50,-72.8661,-137.2827
3888385,-175.50,-710.50,-82.7459,-135.5422
3892291,-542.50,-1521.50,-86.7580,-127.0883
3896197,-419.50,-575.50,-83.4841,-120.9917
3900103,58.50,907.50,-79.9491,-127.1715
3904009,237.50,928.50,-73.7869,-134.6915
3907915,-93.50,-527.50,-65.2420,-132.9005
3911821,-512.50,-1536.50,-59.1124,-124.9626
3915727,-470.50,-775.50,-62.8441,-122.6850
3919633,-33.50,751.50,-78.0266,-132.7395
3923539,202.50,989.50,-94.3515,-147.1419
3927445,-100.50,-362.50,-104.3748,-153.6623
3931351,-525.50,-1544.50,-107.6727,-149.9215
3935257,-512.50,-975.50,-102.0693,-146.8868
3939163,-80.50,559.50,-90.8731,-153.9969
3943069,237.50,1063.50,-79.1636,-162.3790
3946975,21.50,-170.50,-63.3155,-156.4732
3950881,-436.50,-1473.50,-46.6880,-140.4373
3954787,-512.50,-1128.50,-39.7452,-129.4620
3958693,-106.50,413.50,-41.7440,-130.1487
3962599,239.50,1142.50,-44.3906,-130.1078
3966505,77.50,48.50,-42.1328,-117.4627
3970411,-400.50,-1370.50,-38.1608,-103.7710
3974317,-559.50,-1240.50,-42.9755,-97.5682
3978223,-195.50,257.50,-56.5253,-97.1583
3982129,185.50,1187.50,-68.2388,-93.7940
3986035,86.50,267.50,-71.9306,-80.2277
3989941,-364.50,-1246.50,-66.8970,-70.3113
3993847,-573.50,-1339.50,-59.3320,-70.6467
3997753,-245.50,80.50,-55.7588,-73.4530
4001659,185.50,1178.50,-52.4950,-72.3950
4005565,122.50,441.50,-49.9409,-66.4151
4009471,-335.50,-1108.50,-55.7313,-64.7255
4013377,-559.50,-1406.50,-59.7213,-62.4161
4017283,-286.50,-97.50,-49.5172,-53.3919
4021189,187.50,1147.50,-31.3216,-46.0211
4025095,176.50,597.50,-19.0078,-47.0790
4029001,-248.50,-941.50,-22.4911,-56.0092
4032907,-553.50,-1475.50,-30.7217,-56.6843
4036813,-349.50,-308.50,-33.2657,-49.7774
4040719,94.50,1034.50,-37.6289,-53.0350
4044625,219.50,753.50,-40.1033,-62.5910
4048531,-188.50,-753.50,-33.3706,-61.3927
4052437,-562.50,-1497.50,-29.7245,-44.0347
4056343,-424.50,-512.50,-37.9969,-31.9347
4060249,46.50,942.50,-48.6936,-40.7727
4064155,208.50,884.50,-51.4179,-54.2208
4068061,-137.50,-594.50,-46.0272,-58.5806
4071967,-540.50,-1536.50,-38.6981,-54.8448
4075873,-452.50,-730.50,-34.5197,-54.4862
4079779,11.50,797.50,-32.2458,-64.6713
4083685,231.50,986.50,-29.3183,-70.5630
4087591,-61.50,-400.50,-24.7748,-63.1937
4091497,-512.50,-1491.50,-21.2406,-46.6184
4095403,-474.50,-862.50,-21.0726,-29.3328
4099309,-42.50,671.50,-20.0143,-25.7403
4103215,240.50,1077.50,-18.6704,-34.6980
4107121,-5.50,-212.50,-16.9660,-43.2160
4111027,-480.50,-1460.50,-16.6351,-44.9522
4114933,-552.50,-1052.50,-26.6216,-42.2989
4118839,-111.50,486.50,-38.8655,-45.4964
4122745,241.50,1117.50,-35.1537,-52.7240
4126651,48.50,-15.50,-19.0592,-52.9573
4130557,-389.50,-1349.50,-2.6605,-39.6268
4134463,-512.50,-1151.50,11.0159,-15.4815
4138369,-172.50,336.50,10.6840,-3.1483
4142275,188.50,1168.50,-9.8245,-10.3393
4146181,112.50,193.50,-24.1022,-19.3391
4150087,-357.50,-1283.50,-13.5994,-24.4278
4153993,-574.50,-1325.50,-3.8174,-30.8228
4157899,-233.50,120.50,-11.7482,-39.9160
4161805,188.50,1170.50,-20.2400,-40.4218
4165711,131.50,379.50,-18.7378,-27.1628
4169617,-336.50,-1176.50,-16.0916,-21.3927
4173523,-566.50,-1420.50,-16.4925,-29.8169
4177429,-268.50,-74.50,-12.0256,-37.5105
4181335,177.50,1108.50,-1.8035,-39.2486
4185241,186.50,511.50,6.8657,-40.1339
4189147,-234.50,-1009.50,12.7639,-40.7117
4193053,-528.50,-1462.50,19.7453,-29.3530
4196959,-285.50,-216.50,28.8104,-6.7177
4200865,151.50,1100.50,34.0834,13.5266
4204771,212.50,727.50,27.9109,22.0754
4208677,-166.50,-804.50,19.3983,19.6615
4212583,-543.50,-1486.50,17.3806,18.4898
4216489,-368.50,-420.50,13.8885,19.8992
4220395,117.50,948.50,13.4928,9.2458
4224301,257.50,847.50,22.1927,-9.9663
4228207,-123.50,-648.50,27.6181,-15.8039
4232113,-562.50,-1544.50,15.7848,-10.6319
4236019,-460.50,-661.50,-10.1790,-12.9087
4239925,20.50,823.50,-26.9973,-24.8612
4243831,226.50,955.50,-24.5756,-31.2830
4247737,-92.50,-463.50,-15.9226,-22.3379
4251643,-537.50,-1536.50,-13.3031,-10.9836
4255549,-512.50,-863.50,-20.7632,-14.5495
4259455,-47.50,684.50,-29.3687,-29.6277
4263361,199.50,1023.50,-32.4308,-37.4640
4267267,-111.50,-303.50,-42.7330,-35.3623
4271173,-528.50,-1536.50,-58.0408,-36.5395
4275079,-569.50,-1071.50,-60.4773,-48.3716
4278985,-122.50,494.50,-52.3173,-63.4599
4282891,222.50,1053.50,-37.9120,-67.0304
4286797,-15.50,-143.50,-23.8792,-62.5332
4290703,-466.50,-1455.50,-20.5455,-56.4924
4294609,-572.50,-1205.50,-21.9838,-47.8064
4298515,-168.50,330.50,-22.0071,-44.1918
4302421,199.50,1130.50,-20.1044,-38.3637
4306327,58.50,93.50,-15.6178,-23.6020
4310233,-410.50,-1336.50,-9.9008,-12.4796
4314139,-578.50,-1302.50,-6.3757,-8.1595
4318045,-208.50,182.50,-4.1247,-6.9555
4321951,206.50,1189.50,1.9664,3.6327
4325857,137.50,353.50,12.4826,29.4011
4329763,-305.50,-1152.50,26.5084,51.9456
4333669,-527.50,-1327.50,41.7646,63.3095
4337575,-196.50,64.50,55.9000,69.6350
4341481,249.50,1229.50,70.0488,79.5226
4345387,218.50,561.50,78.4789,91.7658
4349293,-233.50,-994.50,74.8627,90.7304
4353199,-529.50,-1393.50,64.4099,81.5816
4357105,-300.50,-132.50,50.5486,76.8680
4361011,154.50,1126.50,34.5275,71.3750
4364917,191.50,662.50,20.9953,56.2431
4368823,-238.50,-908.50,9.6047,29.8572
4372729,-572.50,-1520.50,1.1376,7.4872
4376635,-374.50,-410.50,-0.5142,-1.2959
4380541,75.50,934.50,-0.2827,-12.8041
4384447,206.50,746.50,-3.0008,-32.1643
4388353,-178.50,-751.50,-3.7748,-39.6223
4392263,-574.50,-1568.50,-3.9644,-29.0207
4396169,-448.50,-620.50,-8.8487,-17.1216
4400075,-0.50,847.50,-17.6796,-16.1345
4403981,182.50,895.50,-28.5668,-18.4222
4407887,-141.50,-553.50,-33.6078,-14.0494
4411793,-547.50,-1561.50,-26.4326,-6.9142
4415699,-473.50,-800.50,-12.2723,-4.3292
4419605,-14.50,720.50,0.8076,-8.2429
4423511,263.50,1002.50,13.0600,-10.7617
4427417,16.50,-338.50,34.5333,-2.4988
4431323,-408.50,-1476.50,65.5960,16.2855
4435229,-415.50,-908.50,90.7764,38.7498
4439135,11.50,653.50,99.3052,55.7383
4443041,295.50,1175.50,91.8880,71.1170
4446947,48.50,-95.50,74.7783,83.3791
4450853,-417.50,-1392.50,56.9409,80.1545
4454759,-512.50,-1076.50,42.6523,66.9384
4458665,-97.50,447.50,32.8320,49.4248
4462571,237.50,1189.50,27.4845,39.9216
4466477,48.50,53.50,19.3292,41.1679
4470383,-427.50,-1322.50,5.4587,38.1503
4474289,-576.50,-1217.50,-7.3950,37.5937
4478195,-207.50,299.50,-14.6346,43.3410
4482101,186.50,1212.50,-16.3709,54.0285
4486007,91.50,267.50,-13.4026,61.1914
4489913,-360.50,-1221.50,-5.6080,52.1569
4493819,-572.50,-1349.50,2.9752,37.2987
4497725,-216.50,67.50,11.8666,25.0268
4501631,195.50,1161.50,22.5808,20.5297
4505537,151.50,414.50,26.1959,21.0271
4509443,-319.50,-1122.50,18.1016,13.3328
4513349,-566.50,-1466.50,8.3945,2.8186
4517255,-292.50,-148.50,8.1408,-2.5862
4521161,139.50,1087.50,10.9999,-2.0307
4525067,177.50,573.50,8.7046,0.6719
4528973,-239.50,-964.50,8.7626,0.6325
4532879,-566.50,-1516.50,13.0808,3.3580
4536785,-367.50,-329.50,12.1375,9.7654
4540691,89.50,989.50,3.7641,9.6668
4544597,194.50,733.50,-3.4359,1.5019
4548503,-202.50,-786.50,-4.2830,-0.2575
4552409,-556.50,-1564.50,-0.5103,5.1136
4556315,-400.50,-556.50,6.4616,3.3280
4560221,82.50,879.50,16.3710,-7.1728
4564127,213.50,874.50,21.5205,-11.7278
4568033,-141.50,-598.50,14.2027,-0.2288
4571939,-536.50,-1544.50,5.3206,16.0371
4575845,-434.50,-729.50,7.8248,22.2079
4579751,31.50,787.50,19.1924,17.1932
4583657,253.50,1007.50,29.2071,16.2282
4587563,-63.50,-386.50,30.8476,27.2830
4591469,-486.50,-1521.50,27.8731,35.3032
4595375,-491.50,-904.50,23.8384,30.2146
4599281,-52.50,611.50,15.4652,13.6479
4603187,251.50,1023.50,9.9816,-7.4941
4607093,-15.50,-252.50,13.0215,-21.6437
4610999,-451.50,-1502.50,17.9845,-23.1643
4614905,-512.50,-1104.50,22.1017,-18.0904
4618811,-94.50,422.50,22.9904,-20.6049
4622717,240.50,1110.50,21.0213,-22.2663
4626623,65.50,-44.50,22.9930,-10.7488
4630529,-399.50,-1392.50,30.4070,2.2945
4634435,-533.50,-1202.50,34.1709,14.7130
4638341,-106.50,339.50,36.8010,29.6483
4642247,256.50,1172.50,46.6346,44.6936
4646153,46.50,131.50,39.7438,41.0407
4650059,-424.50,-1348.50,3.7389,7.3250
4653965,-625.50,-1403.50,-31.9779,-28.8609
4657871,-288.50,43.50,-51.0599,-48.5867
4661777,115.50,1087.50,-59.9767,-50.2488
4665683,59.50,304.50,-62.9223,-39.1217
4669589,-397.50,-1209.50,-60.4230,-28.7803
4673495,-624.50,-1471.50,-53.1581,-21.0059
4677401,-313.50,-93.50,-40.4493,-10.9350
4681307,142.50,1107.50,-23.5163,5.4557
4685213,163.50,511.50,-6.0031,18.8790
4689119,-245.50,-1005.50,13.2298,22.1183
4693025,-569.50,-1506.50,28.6802,25.7663
4696931,-336.50,-284.50,29.1773,27.2478
4700837,112.50,997.50,19.2024,17.5467
4704743,193.50,655.50,10.9016,1.2372
4708649,-222.50,-872.50,8.2184,-7.1663
4712555,-592.50,-1583.50,4.3711,-4.9114
4716461,-445.50,-521.50,-9.0733,-5.7626
4720367,10.50,858.50,-29.1331,-19.0594
4724273,144.50,765.50,-45.9556,-36.4922
4728179,-224.50,-730.50,-54.1351,-40.7903
4732085,-598.50,-1628.50,-51.7663,-35.2352
4735991,-492.50,-763.50,-41.8760,-37.2226
4739897,-34.50,746.50,-34.6956,-47.2079
4743803,191.50,889.50,-30.8941,-46.6462
4747709,-144.50,-529.50,-25.6718,-31.1922
4751615,-577.50,-1593.50,-24.7323,-16.2236
4755521,-549.50,-910.50,-31.2055,-11.0510
4759427,-115.50,617.50,-42.1198,-16.7017
4763333,169.50,987.50,-50.1295,-22.0062
4767239,-105.50,-344.50,-48.2064,-19.0853
4771145,-541.50,-1538.50,-40.3767,-13.1196
4775051,-566.50,-1039.50,-31.1934,-1.3572
4778957,-111.50,491.50,-18.8654,10.1669
4782863,198.50,1086.50,-5.4054,15.6356
4786769,-34.50,-127.50,-2.1779,18.3262
4790675,-512.50,-1455.50,-13.2766,15.3054
4794581,-621.50,-1222.50,-29.4641,8.9780
4798487,-220.50,277.50,-40.9220,-4.9263
4802393,143.50,1081.50,-44.1163,-18.9785
4806299,-12.50,35.50,-43.5448,-20.7871
4810205,-492.50,-1402.50,-45.5745,-21.4590
4814111,-646.50,-1392.50,-49.0039,-27.3115
4818017,-302.50,63.50,-50.5805,-39.2140
4821923,75.50,1052.50,-57.2599,-47.9746
4825829,7.50,240.50,-67.9206,-38.8199
4829735,-448.50,-1264.50,-69.0996,-19.2547
4833641,-655.50,-1454.50,-58.7139,-3.6332
4837547,-326.50,-79.50,-41.4801,2.6014
4841453,112.50,1048.50,-22.9943,1.0880
4845359,83.50,387.50,-12.9664,-7.5579
4849265,-346.50,-1110.50,-11.4741,-15.0475
4853171,-638.50,-1571.50,-10.8256,-13.7638
4857077,-369.50,-287.50,-8.7081,-14.2298
4860983,54.50,951.50,-9.2358,-20.2722
4864889,112.50,540.50,-15.9808,-30.0401
4868795,-309.50,-974.50,-22.0195,-33.8124
4872701,-648.50,-1621.50,-23.9091,-25.8629
4876607,-450.50,-481.50,-24.8593,-16.8660
4880513,27.50,866.50,-22.0423,-14.9313
4884419,176.50,720.50,-9.7848,-17.4199
4888325,-213.50,-761.50,8.0998,-6.9775
4892231,-598.50,-1605.50,17.7470,13.2681
4896137,-458.50,-657.50,18.0702,22.6763
4900043,16.50,790.50,19.9578,17.8631
4903949,215.50,870.50,27.7287,12.1368
4907855,-161.50,-568.50,31.9669,19.0454
4911761,-624.50,-1636.50,15.9489,22.0360
4915667,-591.50,-899.50,-19.3863,1.9574
4919573,-108.50,635.50,-48.2267,-22.6411
4923479,154.50,961.50,-50.3296,-22.3340
4927385,-131.50,-390.50,-34.6012,1.0478
4931291,-576.50,-1548.50,-19.8197,22.8053
4935197,-577.50,-1001.50,-11.7291,34.7733
4939103,-163.50,511.50,-12.0079,34.1557
4943009,176.50,1049.50,-15.5758,26.9511
4946915,-68.50,-191.50,-11.6739,27.1338
4950821,-493.50,-1489.50,0.4596,29.1060
4954727,-584.50,-1188.50,15.4992,26.0075
4958633,-175.50,332.50,22.9458,15.3708
4962539,171.50,1081.50,19.8040,8.8412
4966445,27.50,-10.50,18.3352,14.2769
4970351,-431.50,-1387.50,27.8514,21.6642
4974257,-566.50,-1293.50,43.0654,31.7653
4978163,-197.50,181.50,53.9539,38.0641
4982069,208.50,1130.50,59.0434,41.8535
4985975,112.50,237.50,63.5961,54.2432
4989881,-335.50,-1241.50,71.9903,66.1549
4993787,-545.50,-1362.50,82.2131,73.4966
4997693,-208.50,54.50,90.1691,80.2201
5001599,240.50,1200.50,99.0578,96.7579
5005505,218.50,485.50,112.4879,122.5692
5009411,-224.50,-1039.50,126.3603,135.3569
5013317,-517.50,-1405.50,131.4053,132.7558
5017223,-244.50,-93.50,124.1819,127.0305
5021129,181.50,1153.50,110.4980,127.3930
5025035,215.50,635.50,95.1027,127.5346
5028941,-209.50,-888.50,84.9414,118.4703
5032847,-559.50,-1471.50,78.7819,111.1891
5036753,-351.50,-294.50,68.3042,109.9321
5040659,103.50,1023.50,56.2718,105.4595
5044565,214.50,768.50,48.7605,91.7848
5048471,-172.50,-721.50,49.0548,83.2928
5052377,-545.50,-1504.50,54.1386,90.1656
5056283,-393.50,-484.50,57.8877,100.4033
5060189,94.50,926.50,62.9484,101.7923
5064095,240.50,886.50,67.6462,87.7295
5068001,-122.50,-577.50,62.4828,68.5187
5071907,-522.50,-1572.50,52.9890,53.0488
5075813,-446.50,-777.50,49.2431,33.4756
5079719,7.50,720.50,47.3672,10.4540
5083625,238.50,941.50,43.2208,-3.0350
5087531,-94.50,-441.50,35.2096,-2.4049
5091437,-512.50,-1592.50,25.9532,-1.7394
5095343,-512.50,-991.50,22.5260,-11.8314
5099249,-105.50,511.50,15.3307,-31.8831
5103155,176.50,975.50,-3.4862,-49.5317
5107061,-100.50,-290.50,-24.4739,-50.0594
5110967,-596.50,-1600.50,-47.5320,-49.0739
5114873,-658.50,-1214.50,-73.1164,-63.3403
5118779,-310.50,266.50,-101.0496,-90.0979
5122685,-20.50,910.50,-141.6449,-121.7449
5126591,-238.50,-250.50,-188.1637,-149.4739
5130497,-768.50,-1664.50,-230.2826,-176.9940
5134403,-955.50,-1510.50,-276.6664,-203.9238
5138309,-591.50,-63.50,-323.9144,-230.1941
5142215,-240.50,701.50,-357.4809,-270.7204
5146121,-429.50,-270.50,-385.4154,-323.8085
5150027,-954.50,-1774.50,-424.5379,-368.7487
5153933,-1232.50,-1898.50,-478.6294,-405.1023
5157839,-911.50,-550.50,-535.5331,-453.3373
5161745,-545.50,458.50,-578.2478,-508.5297
5165651,-649.50,-296.50,-611.0102,-541.6627
5169557,-1080.50,-1792.50,-631.8499,-541.6873
5173463,-1290.50,-2047.50,-620.1713,-516.2438
5177369,-980.50,-810.50,-580.3609,-498.6814
5181275,-557.50,355.50,-543.8948,-517.1511
5185181,-559.50,-176.50,-530.8073,-542.6540
5189087,-954.50,-1700.50,-524.5280,-543.3113
5192993,-1252.50,-2047.50,-504.1334,-500.7417
5196899,-1012.50,-976.50,-478.0646,-440.1037
5200805,-611.50,303.50,-468.0316,-432.0730
5204711,-465.50,11.50,-467.8517,-459.0431
5208617,-855.50,-1496.50,-447.4054,-461.9497
5212523,-1216.50,-2047.50,-415.4189,-418.9073
5216429,-1002.50,-1125.50,-389.9304,-358.0200
5220335,-458.50,285.50,-350.7512,-342.4773
5224241,-288.50,215.50,-291.8186,-353.8199
5228147,-594.50,-1231.50,-231.9017,-344.1493
5232053,-947.50,-2047.50,-176.5363,-308.7477
5235959,-853.50,-1212.50,-133.7242,-264.5200
5239865,-368.50,297.50,-111.8363,-234.8966
5243771,-160.50,447.50,-100.4470,-212.2546
5247677,-462.50,-926.50,-89.8461,-186.4997
5251583,-892.50,-2014.50,-78.8250,-170.8206
5255489,-843.50,-1328.50,-68.7999,-168.9023
5259395,-362.50,224.50,-54.0785,-160.5105
5263301,-58.50,625.50,-27.2169,-129.0152
5267207,-278.50,-616.50,10.9562,-81.5229
5271113,-706.50,-1818.50,52.4980,-38.0398
5275019,-705.50,-1329.50,88.7007,-8.5870
5278925,-236.50,250.50,122.5321,20.1094
5282831,142.50,880.50,162.7508,64.5192
5286737,-78.50,-240.50,200.7075,117.1680
5290643,-512.50,-1552.50,222.1914,158.2014
5294549,-591.50,-1289.50,236.5193,184.3306
5298455,-145.50,225.50,259.5553,202.7976
5302361,235.50,1102.50,289.9270,232.4638
5306267,90.50,105.50,312.1142,278.5152
5310173,-372.50,-1315.50,319.0588,309.7744
5314079,-527.50,-1266.50,320.0468,321.5842
5317985,-173.50,197.50,321.4449,335.0917
5321891,243.50,1246.50,322.4906,364.2160
5325797,197.50,423.50,328.7452,403.5777
5329703,-250.50,-1073.50,344.5733,422.8024
5333609,-432.50,-1288.50,367.2206,416.9087
5337515,-161.50,45.50,385.3998,400.5823
5341421,286.50,1301.50,385.3779,402.2904
5345327,282.50,624.50,377.4318,429.2191
5349233,-164.50,-893.50,373.5270,437.4103
5353139,-418.50,-1321.50,375.1284,424.5235
5357045,-192.50,-82.50,379.7055,415.2987
5360951,257.50,1231.50,375.0437,416.5043
5364857,335.50,791.50,365.8954,420.6812
5368763,-81.50,-713.50,364.3078,412.5182
5372669,-447.50,-1361.50,360.2288,402.0865
5376575,-287.50,-261.50,340.7556,397.6034
5380481,145.50,1100.50,308.7188,390.4660
5384387,237.50,891.50,271.8734,370.2938
5388293,-159.50,-623.50,236.7955,336.0488
5392199,-589.50,-1481.50,203.9574,301.4180
5396105,-489.50,-593.50,169.0661,270.9558
5400011,-36.50,845.50,138.3206,238.6115
5403917,78.50,863.50,107.9886,203.1351
5407823,-324.50,-569.50,59.5735,169.5620
5411729,-722.50,-1641.50,8.2662,139.1693
5415635,-655.50,-883.50,-12.4023,113.1197
5419541,-212.50,643.50,-8.2474,103.8902
5423447,48.50,944.50,-1.3207,112.7562
5427353,-221.50,-346.50,7.5091,131.5982
5431263,-671.50,-1561.50,17.9316,147.2457
5435169,-670.50,-1007.50,23.8539,147.8156
5439075,-243.50,501.50,25.8428,140.0308
5442981,80.50,1070.50,28.3814,139.3377
5446887,-107.50,-115.50,41.9867,157.7079
5450793,-516.50,-1423.50,74.2320,181.1211
5454699,-558.50,-1077.50,117.5821,196.7045
5458605,-122.50,451.50,158.7689,210.9319
5462511,245.50,1296.50,189.8839,242.3275
5466417,131.50,198.50,215.9981,288.6318
5470323,-303.50,-1180.50,246.6481,313.4048
5474229,-430.50,-1096.50,276.3864,316.8430
5478135,-17.50,379.50,301.6025,315.3468
5482041,354.50,1480.50,321.2554,340.9368
5485947,246.50,486.50,323.6925,392.6171
5489853,-175.50,-1024.50,318.5868,396.9420
5493759,-360.50,-1163.50,326.8412,358.2424
5497665,-18.50,225.50,345.5376,328.8011
5501571,400.50,1478.50,360.2848,340.3356
5505477,349.50,661.50,360.6751,376.3318
5509383,-40.50,-862.50,357.7553,370.6031
5513289,-291.50,-1220.50,369.8841,339.4408
5517195,-42.50,70.50,382.6408,325.3701
5521101,380.50,1427.50,375.0637,338.8870
5525007,423.50,824.50,356.4514,358.2033
5528913,65.50,-690.50,354.8195,339.9272
5532819,-282.50,-1287.50,370.4430,309.6329
5536725,-82.50,-142.50,372.6209,293.0947
5540631,368.50,1267.50,357.6503,286.1398
5544537,474.50,1005.50,343.7171,289.6384
5548443,94.50,-512.50,337.7196,290.9530
5552349,-289.50,-1308.50,332.3342,286.6990
5556255,-143.50,-338.50,320.1002,276.1189
5560161,291.50,1159.50,303.8445,263.4088
5564067,474.50,1174.50,289.8013,266.3284
5567973,145.50,-296.50,286.8006,281.0342
5571879,-243.50,-1284.50,294.1479,287.5163
5575785,-162.50,-486.50,301.1246,279.7956
5579691,262.50,1054.50,298.1302,267.7142
5583597,505.50,1344.50,286.4807,273.1079
5587503,234.50,-97.50,282.6217,289.4605
5591409,-190.50,-1257.50,290.2289,282.3282
5595315,-146.50,-641.50,301.1955,259.7515
5599221,247.50,905.50,306.8174,245.6525
5603127,551.50,1481.50,300.4967,258.1126
5607033,336.50,113.50,297.2842,286.2757
5610939,-98.50,-1183.50,306.2770,279.9824
5614845,-189.50,-783.50,309.0963,251.2468
5618751,205.50,736.50,293.6492,231.7152
5622657,535.50,1581.50,272.1638,242.5908
5626563,353.50,295.50,257.5326,272.5306
5630469,-107.50,-1103.50,247.7436,257.1247
5634375,-253.50,-942.50,235.0339,216.3953
5638281,112.50,511.50,218.0259,186.4424
5642187,496.50,1559.50,205.6666,181.7570
5646093,365.50,464.50,199.6760,203.2075
5649999,-97.50,-1030.50,190.5620,191.8043
5653905,-276.50,-1092.50,179.2017,157.8692
5657811,48.50,306.50,173.1728,135.4195
5661717,457.50,1491.50,170.7635,131.6378
5665623,411.50,630.50,168.6391,145.0824
5669529,-46.50,-908.50,164.0338,136.7622
5673435,-316.50,-1210.50,150.7988,115.4383
5677341,-36.50,107.50,132.3431,101.6770
5681247,400.50,1424.50,120.5792,100.4397
5685153,415.50,752.50,116.9188,103.4742
5689059,-30.50,-770.50,111.0588,83.2351
5692965,-337.50,-1282.50,97.5244,68.7108
5696871,-129.50,-111.50,81.6015,69.2278
5700777,304.50,1255.50,66.0454,57.7506
5704683,400.50,909.50,53.5927,39.7845
5708589,-2.50,-613.50,48.1811,28.6944
5712495,-344.50,-1365.50,46.2829,30.5643
5716401,-224.50,-335.50,39.0705,29.3263
5720307,234.50,1104.50,22.8588,10.8882
5724213,368.50,971.50,6.2926,-19.5497
5728119,16.50,-512.50,-4.6148,-48.3387
5732025,-351.50,-1428.50,-6.4809,-54.7814
5735931,-288.50,-589.50,-4.2592,-49.0800
5739837,159.50,929.50,-10.9314,-57.1287
5743743,369.50,1093.50,-22.0286,-70.2138
5747649,71.50,-303.50,-26.6396,-67.8453
5751555,-344.50,-1423.50,-24.2778,-54.2607
5755461,-340.50,-773.50,-24.2839,-51.1068
5759367,101.50,765.50,-31.5014,-67.6726
5763273,379.50,1171.50,-36.0824,-86.4551
5767179,119.50,-138.50,-34.4679,-89.1399
5771085,-320.50,-1385.50,-33.6843,-80.3994
5774991,-367.50,-911.50,-36.1997,-68.2003
5778897,45.50,615.50,-40.0510,-63.5101
5782803,342.50,1279.50,-46.5820,-65.1098
5786709,135.50,73.50,-58.9441,-59.9680
5790615,-317.50,-1289.50,-72.1302,-56.4145
5794521,-431.50,-1066.50,-80.3163,-56.9174
5798427,-69.50,429.50,-87.5658,-65.3402
5802333,303.50,1303.50,-95.0856,-75.7542
5806239,173.50,246.50,-96.4974,-75.2195
5810145,-274.50,-1208.50,-91.7638,-77.6638
5814051,-440.50,-1194.50,-85.6742,-78.8697
5817957,-128.50,243.50,-85.1778,-77.7610
5821863,249.50,1301.50,-97.3872,-78.7512
5825769,181.50,442.50,-115.0635,-74.7751
5829675,-264.50,-1103.50,-125.3775,-79.9659
5833581,-516.50,-1327.50,-130.9422,-92.5145
5837487,-233.50,35.50,-139.5865,-100.9209
5841393,208.50,1221.50,-145.1482,-106.3232
5845299,186.50,563.50,-144.6130,-113.5577
5849205,-228.50,-985.50,-144.6697,-127.2888
5853111,-516.50,-1437.50,-144.0158,-134.1495
5857017,-282.50,-207.50,-141.8199,-135.4849
5860923,141.50,1118.50,-143.8435,-141.8352
5864829,236.50,699.50,-146.2902,-149.4639
5868735,-153.50,-836.50,-138.2589,-155.2932
5872641,-473.50,-1502.50,-122.4443,-151.6830
5876547,-298.50,-412.50,-108.7556,-145.3351
5880453,147.50,990.50,-102.4780,-151.4976
5884359,288.50,853.50,-101.4294,-161.4848
5888265,-58.50,-636.50,-96.6744,-155.6924
5892171,-463.50,-1494.50,-92.1629,-133.3477
5896077,-335.50,-604.50,-94.9141,-119.6136
5899983,95.50,887.50,-99.1722,-130.7258
5903889,282.50,972.50,-104.7313,-147.9957
5907795,-27.50,-460.50,-110.0199,-150.4100
5911701,-446.50,-1520.50,-111.1272,-142.1298
5915607,-405.50,-814.50,-112.9331,-141.5694
5919513,37.50,720.50,-115.2880,-156.3781
5923419,244.50,1020.50,-121.7008,-174.8010
5927325,-16.50,-296.50,-136.3177,-181.0399
5931231,-463.50,-1511.50,-149.3009,-172.7372
5935137,-492.50,-1007.50,-157.5126,-166.3270
5939043,-79.50,542.50,-163.9415,-173.5041
5942949,244.50,1102.50,-163.5087,-180.8630
5946855,21.50,-98.50,-156.0029,-173.4684
5950761,-399.50,-1433.50,-146.6462,-158.2483
5954667,-522.50,-1163.50,-141.3736,-151.7209
5958573,-131.50,370.50,-146.2933,-161.1655
5962479,214.50,1152.50,-153.9335,-168.9775
5966385,64.50,103.50,-156.0441,-159.2008
5970291,-366.50,-1342.50,-151.3259,-145.3034
5974197,-558.50,-1281.50,-147.0032,-140.4301
5978103,-184.50,195.50,-149.8930,-145.4417
5982009,188.50,1165.50,-151.3899,-150.0315
5985915,85.50,294.50,-153.6490,-143.8374
5989821,-365.50,-1228.50,-162.0669,-136.4866
5993727,-579.50,-1369.50,-169.2996,-132.1561
5997633,-255.50,16.50,-167.4978,-128.4739
6001539,213.50,1153.50,-148.1671,-127.0811
6005445,202.50,475.50,-114.7805,-124.5144
6009351,-240.50,-1060.50,-89.7617,-120.1809
6013257,-521.50,-1418.50,-85.9021,-108.3193
6017163,-255.50,-156.50,-91.0779,-94.4536
6021069,173.50,1138.50,-92.9330,-89.4166
6024975,214.50,656.50,-94.5570,-88.9289
6028881,-204.50,-897.50,-99.3477,-93.9038
6032787,-520.50,-1487.50,-103.6004,-97.1290
6036693,-327.50,-379.50,-103.8290,-98.6245
6040599,121.50,981.50,-102.1392,-113.9867
6044505,240.50,781.50,-100.2837,-131.6234
6048411,-160.50,-738.50,-100.6590,-131.2289
6052317,-548.50,-1540.50,-110.6537,-118.0734
6056223,-408.50,-578.50,-125.0134,-109.6532
6060129,70.50,879.50,-126.6214,-115.2999
6064035,260.50,896.50,-111.6790,-125.9067
6067941,-82.50,-553.50,-94.3579,-126.2047
6071847,-485.50,-1557.50,-86.6373,-117.7796
6075753,-431.50,-788.50,-88.2888,-116.2908
6079659,16.50,746.50,-94.1957,-125.0113
6083565,240.50,987.50,-100.3420,-131.1437
6087471,-68.50,-346.50,-108.8066,-123.9278
6091377,-469.50,-1519.50,-114.7678,-107.2318
6095283,-482.50,-939.50,-110.8180,-97.6695
6099189,-38.50,605.50,-103.4308,-100.9975
6103095,227.50,1086.50,-100.6889,-105.7376
6107001,-1.50,-160.50,-104.4377,-103.0392
6110907,-445.50,-1457.50,-107.6015,-96.8389
6114813,-531.50,-1108.50,-108.6837,-95.0608
6118719,-114.50,417.50,-110.9774,-103.3678
6122625,234.50,1156.50,-107.4926,-107.4223
6126531,74.50,41.50,-95.7719,-94.0153
6130437,-386.50,-1359.50,-83.5908,-80.4189
6134343,-527.50,-1236.50,-79.2505,-77.3212
6138249,-148.50,272.50,-80.0495,-80.5860
6142155,219.50,1216.50,-79.8874,-73.4075
6146061,115.50,288.50,-79.9611,-48.0653
6149967,-335.50,-1216.50,-78.7229,-29.9905
6153873,-538.50,-1313.50,-76.2219,-30.9039
6157779,-189.50,101.50,-71.7202,-41.0310
6161685,241.50,1223.50,-58.7037,-42.8533
6165591,215.50,465.50,-39.0908,-30.3254
6169497,-267.50,-1071.50,-28.5885,-23.7005
6173403,-540.50,-1373.50,-39.5627,-22.5759
6177309,-255.50,-76.50,-57.4460,-20.6803
6181215,229.50,1173.50,-55.7540,-21.9983
6185121,249.50,638.50,-34.6103,-21.8085
6189027,-168.50,-902.50,-16.0488,-21.1092
6192933,-473.50,-1436.50,-7.5564,-17.0726
6196839,-261.50,-250.50,-4.3797,-10.6275
6200745,145.50,1089.50,-13.1305,-10.8894
6204651,262.50,769.50,-31.3163,-21.4802
6208557,-122.50,-751.50,-37.3567,-35.5143
6212463,-478.50,-1485.50,-29.2847,-36.8931
6216369,-367.50,-488.50,-28.5526,-32.4030
6220275,74.50,923.50,-45.9449,-45.0517
6224181,237.50,850.50,-66.6946,-71.8552
6228087,-118.50,-637.50,-75.4130,-92.9668
6231993,-544.50,-1569.50,-80.5165,-99.2607
6235899,-442.50,-751.50,-88.5419,-100.4834
6239805,29.50,769.50,-87.3416,-107.2936
6243711,240.50,955.50,-76.8280,-109.7151
6247617,-82.50,-431.50,-73.4439,-99.2870
6251523,-514.50,-1570.50,-81.0594,-89.4024
6255429,-514.50,-949.50,-92.7398,-96.6518
6259335,-49.50,602.50,-99.4634,-115.0381
6263241,247.50,1007.50,-91.1906,-124.7974
6267147,-38.50,-271.50,-79.1736,-120.8379
6271053,-480.50,-1519.50,-79.9465,-110.1429
6274959,-557.50,-1103.50,-89.6342,-101.6379
6278865,-126.50,435.50,-99.3905,-103.8149
6282771,208.50,1059.50,-100.5363,-111.1123
6286677,-0.50,-74.50,-96.3202,-111.1865
6290583,-462.50,-1425.50,-96.7336,-100.0754
6294489,-548.50,-1237.50,-94.2985,-85.5570
6298395,-174.50,287.50,-83.5088,-79.9585
6302301,209.50,1131.50,-73.6922,-76.2078
6306207,107.50,166.50,-63.1154,-63.7688
6310113,-394.50,-1295.50,-53.8015,-49.5123
6314019,-560.50,-1328.50,-56.0201,-42.0620
6317925,-207.50,139.50,-58.1718,-40.8614
6321831,211.50,1196.50,-50.5960,-30.2571
6325737,188.50,426.50,-34.0507,-2.9321
6329643,-233.50,-1128.50,-5.8278,17.8098
6333549,-549.50,-1474.50,11.6609,1.1456
6337455,-270.50,-142.50,-5.3938,-51.8322
6341361,169.50,1049.50,-33.7321,-97.6273
6345267,182.50,450.50,-45.8001,-112.5144
6349173,-259.50,-1112.50,-45.0633,-116.5329
6353079,-591.50,-1577.50,-47.9786,-118.6142
6356985,-378.50,-333.50,-63.4024,-112.3252
6360891,112.50,977.50,-76.1020,-101.4689
6364797,205.50,630.50,-68.5238,-92.8327
6368703,-197.50,-897.50,-49.8895,-84.1474
6372609,-570.50,-1557.50,-40.4165,-67.9218
6376515,-377.50,-474.50,-40.7742,-46.6998
6380421,91.50,918.50,-37.4657,-36.7408
6384327,241.50,823.50,-29.7510,-38.1547
6388233,-121.50,-671.50,-23.0301,-32.9267
6392139,-512.50,-1536.50,-17.2535,-18.0570
6396045,-406.50,-651.50,-12.5985,-5.7160
6399951,48.50,836.50,-11.0812,-6.1064
6403857,251.50,951.50,-14.5445,-12.3114
6407763,-64.50,-485.50,-18.8018,-14.3962
6411669,-474.50,-1549.50,-16.0412,-15.7008
6415575,-456.50,-847.50,-9.6453,-18.5851
6419481,-24.50,699.50,-12.4422,-20.6645
6423387,277.50,1051.50,-18.0520,-16.3065
6427293,34.50,-292.50,-7.6491,-9.0471
6431199,-483.50,-1516.50,2.0366,-11.0164
6435105,-527.50,-1013.50,-14.4999,-17.8952
6439011,-86.50,511.50,-36.7249,-24.6866
6442917,240.50,1121.50,-40.9128,-25.5874
6446823,48.50,-86.50,-31.9556,-13.3216
6450729,-398.50,-1400.50,-16.7633,1.5831
6454635,-491.50,-1152.50,0.7222,10.4037
6458541,-79.50,374.50,17.0919,7.9437
6462447,258.50,1148.50,24.7380,0.7746
6466353,89.50,102.50,13.6112,-2.4023
6470263,-383.50,-1327.50,-8.0850,-4.8011
6474169,-553.50,-1300.50,-23.0541,-6.4271
6478075,-193.50,181.50,-26.3165,-9.5142
6481981,191.50,1152.50,-26.2278,-9.2804
6485887,137.50,297.50,-27.0539,-3.4432
6489793,-351.50,-1232.50,-26.8689,-4.2604
6493699,-591.50,-1432.50,-32.6931,-15.7529
6497605,-278.50,-22.50,-41.6506,-26.6140
6501511,149.50,1099.50,-45.0127,-26.8787
6505417,144.50,434.50,-45.0063,-25.8844
6509323,-303.50,-1105.50,-43.7228,-31.6017
6513229,-589.50,-1520.50,-42.0591,-35.9316
6517135,-364.50,-234.50,-44.5210,-35.5261
6521041,110.50,1040.50,-50.2620,-31.1326
6524947,128.50,613.50,-56.8872,-25.1949
6528853,-270.50,-927.50,-65.6226,-20.2939
6532759,-599.50,-1560.50,-66.6818,-16.3442
6536665,-382.50,-425.50,-53.3478,-15.5713
6540571,68.50,929.50,-36.8029,-21.8604
6544477,202.50,753.50,-28.8962,-31.4088
6548383,-164.50,-758.50,-24.2959,-30.9754
6552289,-554.50,-1576.50,-17.6640,-20.3186
6556195,-417.50,-618.50,-12.8344,-11.0751
6560101,43.50,837.50,-9.4026,-11.3990
6564007,221.50,890.50,-9.5995,-16.2997
6567913,-117.50,-559.50,-14.5021,-13.4016
6571819,-521.50,-1546.50,-16.5105,-1.7311
6575725,-447.50,-789.50,-9.3995,9.8187
6579631,14.50,752.50,3.6032,14.4265
6583537,256.50,1043.50,13.0461,21.3586
6587443,-22.50,-318.50,16.0432,35.7386
6591349,-452.50,-1473.50,19.8138,48.0383
6595255,-463.50,-942.50,26.5995,50.5684
6599161,-77.50,594.50,22.8744,38.0777
6603067,235.50,1117.50,4.6902,26.4177
6606973,29.50,-135.50,-4.9126,29.3133
6610879,-463.50,-1449.50,-2.2327,31.0398
6614785,-582.50,-1151.50,-12.7114,18.2988
6618691,-175.50,400.50,-36.8794,-3.2145
6622597,184.50,1168.50,-51.5090,-4.6376
6626503,21.50,48.50,-50.2881,16.8733
6630409,-433.50,-1359.50,-41.8225,27.5956
6634315,-600.50,-1262.50,-35.8755,22.6166
6638221,-239.50,242.50,-39.0281,14.5567
6642127,155.50,1157.50,-45.8482,13.0568
6646033,67.50,240.50,-46.8644,17.9888
6649939,-399.50,-1263.50,-42.2857,17.0656
6653845,-588.50,-1391.50,-34.9486,8.8303
6657751,-242.50,45.50,-20.1077,1.6643
6661657,173.50,1152.50,-2.1748,7.1733
6665563,166.50,434.50,9.8038,22.0278
6669469,-285.50,-1081.50,18.5683,33.7572
6673375,-542.50,-1432.50,25.8037,42.5860
6677281,-256.50,-98.50,34.6740,49.4062
6681187,194.50,1152.50,46.7070,58.7062
6685093,207.50,641.50,51.1316,68.4488
6688999,-194.50,-911.50,47.2720,68.5955
6692905,-513.50,-1465.50,48.2871,65.4880
6696811,-317.50,-268.50,51.9954,69.0503
6700717,121.50,1072.50,46.1570,74.8243
6704623,237.50,811.50,34.7386,75.1714
6708529,-160.50,-719.50,29.2002,74.0869
6712435,-512.50,-1500.50,30.9233,73.4972
6716341,-352.50,-475.50,39.2562,70.1893
6720247,110.50,962.50,50.6705,64.9067
6724153,239.50,944.50,50.7553,61.2368
6728059,-93.50,-529.50,38.2082,65.1876
6731965,-512.50,-1490.50,28.1147,72.7456
6735871,-431.50,-687.50,23.1397,70.5141
6739777,32.50,821.50,21.7100,54.5934
6743683,239.50,1021.50,21.2668,38.5525
6747589,-93.50,-385.50,10.6776,31.3218
6751495,-477.50,-1503.50,-0.2679,28.6040
6755401,-479.50,-894.50,4.6465,25.9363
6759307,-56.50,647.50,9.9407,17.7502
6763213,234.50,1110.50,5.2575,14.1444
6767119,-61.50,-197.50,-6.0749,21.3744
6771025,-522.50,-1448.50,-26.8861,25.7373
6774931,-533.50,-1034.50,-39.3523,28.4985
6778837,-81.50,505.50,-22.5310,30.7132
6782743,234.50,1178.50,6.1415,33.2758
6786649,70.50,16.50,23.5370,39.0436
6790555,-365.50,-1320.50,37.6726,45.4233
6794461,-464.50,-1145.50,57.7246,57.5272
6798367,-93.50,383.50,74.1054,68.3993
6802273,272.50,1289.50,76.5369,83.6664
6806179,142.50,254.50,68.8858,100.8193
6810085,-340.50,-1232.50,57.9758,90.7336
6813991,-512.50,-1301.50,47.2995,61.2689
6817897,-216.50,149.50,36.1877,35.8346
6821803,163.50,1205.50,15.0471,27.5727
6825709,115.50,397.50,-8.4904,32.1544
6829615,-347.50,-1142.50,-18.9299,28.1570
6833521,-575.50,-1408.50,-18.8265,18.4633
6837427,-271.50,-16.50,-10.8663,20.5892
6841333,208.50,1296.50,8.8810,56.2623
6845239,235.50,604.50,38.7932,100.3347
6849145,-313.50,-1062.50,45.6264,76.8103
6853051,-664.50,-1615.50,-0.6271,-10.1831
6856957,-431.50,-380.50,-63.2081,-88.4803
6860863,80.50,912.50,-86.5554,-128.2677
6864769,50.50,511.50,-84.8686,-153.8222
6868675,-398.50,-1052.50,-109.8780,-182.7706
6872581,-751.50,-1753.50,-152.2759,-200.0419
6876487,-618.50,-687.50,-182.1211,-202.2573
6880393,-152.50,686.50,-202.3443,-212.9791
6884299,29.50,598.50,-205.7946,-235.0476
6888205,-344.50,-877.50,-187.3767,-236.6682
6892111,-714.50,-1744.50,-163.2019,-206.7159
6896017,-584.50,-832.50,-140.4872,-167.8858
6899923,-116.50,666.50,-120.4841,-144.3938
6903829,128.50,816.50,-102.4793,-134.9544
6907735,-174.50,-588.50,-78.0097,-118.7370
6911641,-584.50,-1668.50,-49.6058,-95.0277
6915547,-532.50,-948.50,-26.7340,-76.7682
6919453,-52.50,594.50,-8.6920,-67.4976
6923359,208.50,961.50,6.4384,-62.8954
6927265,-62.50,-329.50,14.5271,-50.3210
6931171,-468.50,-1552.50,23.9454,-27.0975
6935077,-490.50,-1060.50,43.9339,-6.9222
6938983,-98.50,490.50,55.6219,-0.2140
6942889,223.50,1113.50,46.3408,4.7346
6946795,29.50,-79.50,37.1686,21.6014
6950701,-424.50,-1401.50,43.2160,43.1055
6954607,-519.50,-1167.50,54.9041,57.9792
6958513,-101.50,359.50,65.1462,55.3845
6962419,266.50,1201.50,75.6354,51.9087
6966325,144.50,144.50,88.1074,63.9287
6970231,-299.50,-1285.50,105.9453,74.4738
6974137,-483.50,-1263.50,120.8663,79.3330
6978043,-150.50,221.50,117.1986,80.5308
6981949,243.50,1280.50,98.6094,92.8175
6985855,155.50,389.50,80.8885,119.1507
6989761,-293.50,-1144.50,73.0562,125.0285
6993667,-532.50,-1370.50,72.3214,106.0504
6997573,-233.50,-13.50,69.2407,76.9812
7001479,185.50,1166.50,60.5357,53.0682
7005385,194.50,485.50,54.2881,43.6026
7009291,-254.50,-1048.50,56.6326,37.6014
7013197,-549.50,-1494.50,58.3986,34.2404
7017103,-309.50,-219.50,51.8542,31.2208
7021009,135.50,1067.50,41.0786,25.8260
7024915,218.50,635.50,36.6936,19.7339
7028821,-204.50,-910.50,42.9610,13.6467
7032727,-548.50,-1556.50,47.6586,13.2781
7036633,-346.50,-417.50,46.7210,17.2381
7040539,112.50,943.50,47.0910,14.5062
7044445,235.50,777.50,47.7562,2.8312
7048351,-143.50,-733.50,47.1167,-0.6727
7052257,-527.50,-1583.50,46.0130,7.5473
7056163,-394.50,-591.50,45.3299,18.9633
7060069,67.50,873.50,46.5115,29.4669
7063975,279.50,966.50,51.7056,38.0832
7067881,-49.50,-476.50,62.9219,54.6525
7071787,-468.50,-1536.50,73.4312,69.0844
7075693,-421.50,-780.50,74.5358,63.4012
7079599,16.50,747.50,65.6897,45.9540
7083505,267.50,1075.50,53.5169,39.0282
7087411,-27.50,-306.50,44.7954,48.8641
7091317,-478.50,-1514.50,37.9202,53.0582
7095223,-512.50,-946.50,27.4699,45.9942
7099129,-70.50,597.50,15.6891,39.2859
7103035,244.50,1166.50,12.2926,42.8037
7106941,-4.50,-101.50,14.2617,57.6536
7110847,-448.50,-1430.50,13.3980,62.6340
7114753,-524.50,-1122.50,14.8341,51.6641
7118659,-140.50,395.50,16.2988,30.6127
7122565,214.50,1143.50,10.9738,10.5933
7126471,48.50,48.50,5.1421,4.7485
7130377,-353.50,-1282.50,13.9802,20.8790
7134283,-480.50,-1172.50,43.7910,63.2179
7138189,-214.50,212.50,58.1139,82.4023
7142095,120.50,1090.50,20.7746,39.6523
7146001,10.50,145.50,-38.6540,-27.1299
7149907,-431.50,-1345.50,-72.9205,-74.8909
7153813,-706.50,-1546.50,-86.7124,-102.1370
7157719,-396.50,-173.50,-106.5902,-135.5489
7161625,-24.50,879.50,-133.2151,-179.2775
7165531,-76.50,169.50,-161.4754,-214.9501
7169437,-512.50,-1391.50,-183.3216,-236.3767
7173343,-801.50,-1777.50,-193.1419,-250.6630
7177249,-552.50,-463.50,-200.6591,-262.9148
7181155,-92.50,779.50,-204.7364,-265.9897
7185061,-34.50,285.50,-194.8776,-261.6607
7188967,-401.50,-1211.50,-168.0149,-250.0634
7192873,-687.50,-1756.50,-128.5451,-219.9760
7196779,-456.50,-562.50,-87.7334,-180.5760
7200685,-29.50,804.50,-61.8744,-150.0497
7204591,126.50,575.50,-50.2808,-129.5830
7208497,-252.50,-944.50,-34.9784,-111.6602
7212403,-626.50,-1716.50,-20.9910,-95.6621
7216309,-478.50,-675.50,-18.2034,-80.0516
7220215,-15.50,766.50,-16.5410,-64.1553
7224121,164.50,757.50,-9.4786,-54.0815
7228027,-166.50,-697.50,1.2074,-44.3153
7231933,-554.50,-1663.50,12.8255,-30.8868
7235839,-468.50,-821.50,24.4744,-18.3989
7239745,-6.50,703.50,36.9389,-6.7037
7243651,230.50,934.50,49.4004,6.8260
7247557,-29.50,-466.50,63.7697,19.5999
7251463,-472.50,-1631.50,78.1003,18.4853
7255369,-460.50,-976.50,83.4329,8.8943
7259275,-26.50,570.50,82.7219,9.7742
7263181,272.50,1050.50,85.0674,24.5768
7267087,32.50,-233.50,90.6418,45.8604
7270993,-413.50,-1523.50,94.1553,55.8372
7274899,-457.50,-1103.50,96.7971,53.7617
7278805,-77.50,447.50,98.5604,53.9344
7282711,265.50,1168.50,94.4567,68.5483
7286617,80.50,-15.50,88.8832,90.3002
7290523,-369.50,-1404.50,86.0754,91.9862
7294429,-513.50,-1231.50,82.6888,80.3363
7298335,-131.50,288.50,78.2262,73.4110
7302241,240.50,1189.50,76.8478,79.3223
7306147,106.50,183.50,74.1031,91.6221
7310053,-372.50,-1312.50,61.3049,85.5921
7313959,-563.50,-1369.50,43.0616,66.9305
7317865,-230.50,67.50,32.2852,52.1622
7321771,176.50,1150.50,31.4855,49.5462
7325677,144.50,339.50,36.0409,56.0025
7329583,-313.50,-1200.50,41.6594,51.5900
7333489,-574.50,-1460.50,40.0871,44.2315
7337395,-240.50,-82.50,41.1632,52.5733
7341301,165.50,1119.50,53.6501,70.2532
7345207,112.50,473.50,47.6942,68.0218
7349113,-349.50,-1116.50,7.8730,29.1979
7353019,-655.50,-1652.50,-36.2329,-19.7484
7356925,-389.50,-416.50,-51.8481,-51.4630
7360831,71.50,919.50,-36.1393,-60.4545
7364737,159.50,577.50,-12.7672,-56.6131
7368643,-244.50,-932.50,0.6120,-45.9481
7372549,-590.50,-1640.50,3.7118,-24.9837
7376455,-424.50,-559.50,2.8920,-4.2675
7380361,48.50,873.50,4.4839,5.3260
7384267,207.50,779.50,12.1937,7.5929
7388173,-144.50,-697.50,24.6753,14.9985
7392079,-527.50,-1601.50,36.7376,32.0554
7395985,-412.50,-703.50,46.6917,47.8974
7399891,81.50,816.50,60.9898,56.2762
7403797,307.50,976.50,83.4671,65.6040
7407703,-32.50,-425.50,100.1900,84.9784
7411609,-515.50,-1536.50,89.4117,103.2916
7415515,-425.50,-838.50,65.0627,105.9227
7419421,31.50,693.50,63.6174,96.2900
7423327,279.50,1085.50,76.3960,88.2435
7427233,13.50,-247.50,78.5559,90.2843
7431139,-430.50,-1493.50,74.7338,92.3490
7435045,-484.50,-1006.50,69.6252,90.0114
7438951,-72.50,510.50,58.1755,81.7745
7442857,238.50,1162.50,42.9518,74.7395
7446763,32.50,-48.50,32.2471,83.0587
7450669,-431.50,-1420.50,28.7133,89.0414
7454575,-531.50,-1173.50,28.5192,82.5841
7458481,-143.50,345.50,27.7993,71.2350
7462387,241.50,1213.50,28.8713,70.9166
7466293,102.50,159.50,36.0889,88.6094
7470199,-354.50,-1308.50,46.2116,96.8886
7474105,-526.50,-1289.50,52.4797,89.6814
7478011,-178.50,178.50,52.0563,79.9444
7481917,239.50,1232.50,50.0539,81.9629
7485823,144.50,357.50,49.7792,97.8198
7489729,-292.50,-1190.50,50.0097,98.5782
7493635,-539.50,-1409.50,50.9503,81.0427
7497541,-241.50,-30.50,47.4682,63.1945
7501447,186.50,1155.50,39.2367,55.5530
7505353,160.50,485.50,29.8931,55.1033
7509263,-288.50,-1082.50,18.9904,45.3346
7513169,-559.50,-1507.50,12.0862,33.9624
7517075,-303.50,-228.50,15.2262,34.3714
7520981,127.50,1103.50,19.4470,45.6056
7524887,189.50,658.50,15.8204,56.3857
7528793,-207.50,-875.50,13.9818,56.7634
7532699,-555.50,-1550.50,18.1460,54.8485
7536605,-376.50,-441.50,17.6952,48.5895
7540511,81.50,944.50,10.6175,30.8791
7544417,223.50,758.50,6.9670,8.4760
7548323,-147.50,-745.50,12.9372,-3.6869
7552229,-533.50,-1629.50,21.0065,-3.2158
7556135,-448.50,-689.50,16.5907,-7.3758
7560041,-27.50,783.50,-7.8073,-22.5569
7563947,131.50,800.50,-44.4094,-46.4411
7567853,-242.50,-682.50,-81.8940,-76.6503
7571759,-750.50,-1839.50,-127.5221,-120.6246
7575665,-736.50,-1105.50,-187.3154,-183.1024
7579571,-315.50,398.50,-241.7985,-240.8929
7583477,-176.50,624.50,-291.0102,-286.5315
7587383,-517.50,-765.50,-353.9022,-329.2446
7591289,-1000.50,-2018.50,-417.5872,-367.4274
7595195,-1074.50,-1536.50,-467.6264,-407.0968
7599101,-714.50,-41.50,-515.1351,-458.3950
7603007,-473.50,413.50,-568.2828,-518.0511
7606913,-776.50,-850.50,-624.9267,-570.9055
7610819,-1248.50,-2047.50,-674.7470,-578.6852
7614725,-1309.50,-1808.50,-696.7313,-539.2372
7618631,-936.50,-324.50,-691.5795,-526.6122
7622537,-559.50,368.50,-677.8540,-562.7320
7626443,-687.50,-686.50,-652.0770,-596.2471
7630349,-1140.50,-2047.50,-613.8072,-588.1592
7634255,-1263.50,-1945.50,-577.9660,-542.2897
7638161,-904.50,-517.50,-551.5365,-509.8941
7642067,-477.50,417.50,-529.4965,-513.8636
7645973,-553.50,-416.50,-500.5608,-512.0471
7649879,-986.50,-1929.50,-464.4432,-485.1126
7653785,-1167.50,-1999.50,-427.9206,-448.5901
7657691,-842.50,-612.50,-395.4944,-413.2654
7661597,-382.50,493.50,-366.7107,-391.5139
7665503,-363.50,-152.50,-330.2659,-373.5987
7669409,-738.50,-1690.50,-277.0256,-346.4704
7673315,-1009.50,-2030.50,-221.0113,-318.6971
7677221,-730.50,-713.50,-185.3665,-294.5852
7681127,-236.50,549.50,-161.4976,-270.8281
7685033,-164.50,105.50,-128.3265,-243.8618
7688939,-577.50,-1423.50,-92.2307,-213.5578
7692845,-880.50,-1967.50,-66.5631,-181.1110
7696751,-635.50,-799.50,-44.2432,-150.6363
7700657,-140.50,591.50,-13.0907,-126.3165
7704563,-16.50,402.50,22.3457,-97.1862
7708469,-368.50,-1046.50,54.1038,-47.5539
7712375,-721.50,-1807.50,81.8610,14.0552
7716281,-555.50,-794.50,105.2530,61.0500
7720187,-66.50,725.50,127.1223,93.4732
7724093,128.50,763.50,150.8796,133.8530
7727999,-169.50,-648.50,179.2827,185.9910
7731905,-548.50,-1635.50,213.2692,229.6703
7735811,-431.50,-825.50,247.9503,245.6880
7739717,7.50,759.50,273.6633,252.1151
7743623,257.50,1018.50,283.4481,279.0064
7747529,-14.50,-322.50,289.1265,320.8225
7751435,-420.50,-1485.50,303.5912,350.7328
7755341,-393.50,-890.50,323.6612,353.1885
7759247,70.50,706.50,344.3266,346.5080
7763153,403.50,1327.50,368.6766,381.9785
7767059,169.50,49.50,395.5246,461.0182
7770965,-272.50,-1254.50,413.1162,511.2267
7774871,-303.50,-826.50,422.3827,516.4744
7778777,133.50,720.50,435.5303,515.9274
7782683,483.50,1513.50,452.4033,536.5109
7786589,318.50,256.50,465.8925,559.1392
7790495,-98.50,-1108.50,480.2372,540.3541
7794401,-208.50,-925.50,500.4523,514.4947
7798307,155.50,511.50,514.2981,501.9603
7802213,511.50,1602.50,507.8415,510.2295
7806119,403.50,511.50,488.6964,547.1808
7810025,-74.50,-970.50,470.9877,547.7068
7813931,-260.50,-1040.50,456.1605,514.7186
7817837,85.50,368.50,447.5308,488.7047
7821743,511.50,1645.50,449.2195,500.4554
7825649,387.50,661.50,442.4041,533.9752
7829555,-82.50,-920.50,408.8866,496.5778
7833461,-356.50,-1204.50,364.8280,419.1003
7837367,-108.50,70.50,326.3397,369.9956
7841273,266.50,1403.50,285.0632,351.7032
7845179,208.50,688.50,229.4451,343.4831
7849085,-264.50,-938.50,164.5681,291.0878
7852991,-656.50,-1538.50,98.2755,204.4159
7856897,-540.50,-402.50,19.5975,119.9678
7860803,-162.50,848.50,-73.0136,32.3020
7864709,-140.50,462.50,-158.5791,-58.8228
7868615,-608.50,-1170.50,-226.9692,-141.2812
7872521,-996.50,-1958.50,-282.2796,-207.4288
7876427,-847.50,-929.50,-320.9533,-256.5871
7880333,-418.50,474.50,-342.5897,-295.4413
7884239,-298.50,374.50,-358.8987,-329.5411
7888145,-622.50,-1113.50,-366.3565,-346.0669
7892051,-998.50,-2029.50,-352.4362,-334.5115
7895957,-874.50,-1148.50,-324.5451,-310.0651
7899863,-381.50,421.50,-291.6239,-286.0931
7903769,-120.50,607.50,-250.4483,-255.7466
7907675,-378.50,-764.50,-198.6415,-212.8847
7911581,-782.50,-1835.50,-146.3646,-161.3561
7915487,-705.50,-1096.50,-104.4473,-107.3144
7919393,-218.50,511.50,-65.7235,-54.7127
7923299,109.50,928.50,-19.8262,-8.0258
7927205,-141.50,-349.50,26.9159,31.8541
7931111,-559.50,-1577.50,60.7883,68.4053
7935017,-566.50,-1058.50,84.5627,106.6300
7938923,-121.50,550.50,108.1475,148.1814
7942829,241.50,1177.50,135.3526,185.6264
7946735,82.50,66.50,169.6939,220.4389
7950641,-337.50,-1277.50,209.2095,261.9573
7954547,-414.50,-1036.50,245.8283,299.9780
7958453,-20.50,511.50,271.3926,317.1017
7962359,375.50,1456.50,286.6528,338.3181
7966265,277.50,315.50,304.6799,365.4808
7970171,-173.50,-1121.50,328.3027,357.3166
7974077,-320.50,-1088.50,347.4096,341.2640
7977983,79.50,410.50,367.1379,348.9624
7981889,464.50,1634.50,388.6022,396.8936
7985795,389.50,646.50,394.6891,464.0406
7989701,-47.50,-911.50,388.5589,465.3217
7993607,-266.50,-1134.50,386.5159,418.2249
7997513,34.50,240.50,388.8808,383.6840
8001419,487.50,1603.50,392.4935,392.3162
8005325,496.50,833.50,400.0307,430.7929
8009231,77.50,-725.50,410.6767,429.2739
8013137,-202.50,-1169.50,419.2953,402.3770
8017043,27.50,80.50,419.3213,387.2107
8020949,502.50,1594.50,413.3250,401.7132
8024855,560.50,1046.50,410.7263,438.9899
8028761,158.50,-530.50,409.9175,433.3825
8032667,-172.50,-1208.50,407.7240,396.6653
8036573,42.50,-80.50,409.8991,373.8649
8040479,477.50,1461.50,413.8655,377.1424
8044385,615.50,1247.50,409.4560,400.8965
8048291,240.50,-344.50,400.6167,401.6716
8052197,-145.50,-1229.50,391.8332,372.3191
8056103,-62.50,-277.50,375.1067,343.8387
8060009,397.50,1299.50,350.0784,333.1604
8063915,576.50,1393.50,328.0538,344.5444
8067821,234.50,-175.50,311.3084,349.2368
8071727,-198.50,-1248.50,293.2911,321.8597
8075633,-172.50,-527.50,270.1134,281.4086
8079539,262.50,1082.50,243.6250,249.7897
8083445,511.50,1457.50,221.7490,247.1480
8087351,263.50,-40.50,214.3324,254.9861
8091257,-207.50,-1268.50,215.9647,232.0271
8095163,-229.50,-742.50,208.7232,196.7701
8099069,161.50,821.50,188.6130,165.8667
8102975,461.50,1438.50,162.7293,146.3040
8106881,252.50,102.50,144.0634,142.9492
8110787,-239.50,-1270.50,133.0998,128.6632
8114693,-350.50,-943.50,113.8321,109.2349
8118599,64.50,611.50,92.2800,96.1543
8122505,411.50,1443.50,83.6056,90.1037
8126411,254.50,259.50,82.2083,88.9930
8130317,-222.50,-1188.50,77.6514,75.2122
8134223,-382.50,-1115.50,67.2421,62.5376
8138129,-31.50,375.50,54.6158,50.6797
8142035,381.50,1436.50,47.7529,41.3312
8145941,304.50,467.50,52.3665,50.1334
8149847,-166.50,-1087.50,60.2938,51.4568
8153753,-383.50,-1236.50,59.6863,42.3560
8157659,-80.50,181.50,52.1089,31.9158
8161565,421.50,1425.50,55.9049,29.4395
8165471,464.50,693.50,91.8966,48.7320
8169377,-73.50,-894.50,126.9522,65.8219
8173283,-456.50,-1317.50,98.6756,64.8613
8177189,-200.50,-18.50,23.9538,44.2438
8181095,238.50,1312.50,-32.3956,15.8802
8185001,272.50,784.50,-56.6223,-3.6205
8188907,-116.50,-772.50,-60.8966,-13.6475
8192813,-400.50,-1344.50,-41.4849,1.5226
8196719,-230.50,-160.50,-12.6867,33.0595
8200625,237.50,1304.50,-2.2699,54.5195
8204531,384.50,1076.50,-2.7788,70.1041
8208437,21.50,-472.50,7.2919,88.0445
8212343,-293.50,-1261.50,34.2801,112.5760
8216249,-132.50,-244.50,74.6905,137.2924
8220155,325.50,1343.50,108.0451,157.3820
8224061,556.50,1399.50,125.9880,190.0178
8227967,207.50,-181.50,139.8929,219.9974
8231873,-175.50,-1180.50,151.3519,219.7975
8235779,-122.50,-381.50,158.4018,203.2652
8239685,336.50,1253.50,158.7176,192.1151
8243591,585.50,1586.50,154.8401,211.7473
8247497,298.50,16.50,152.9229,236.2278
8251403,-156.50,-1149.50,149.4432,215.8861
8255309,-168.50,-541.50,139.3992,182.7621
8259215,271.50,1035.50,127.6322,160.5550
8263121,543.50,1669.50,116.2461,162.0404
8267027,302.50,173.50,100.5432,177.7605
8270933,-191.50,-1151.50,79.4194,149.7945
8274839,-272.50,-770.50,54.6833,104.0072
8278745,132.50,789.50,34.5945,73.5242
8282651,455.50,1601.50,20.5296,61.1384
8286557,287.50,304.50,7.5527,61.4189
8290463,-186.50,-1118.50,-1.5732,40.1798
8294369,-335.50,-989.50,-8.4439,14.8081
8298275,41.50,539.50,-14.9678,-5.2834
8302181,417.50,1591.50,-20.1403,-10.4429
8306087,309.50,496.50,-26.2443,7.0942
8309993,-175.50,-1025.50,-35.1964,4.3856
8313899,-368.50,-1104.50,-45.0477,-8.7588
8317805,-47.50,358.50,-50.3534,-15.4296
8321711,355.50,1573.50,-55.2929,-12.4668
8325617,324.50,679.50,-63.3263,-1.4945
8329523,-130.50,-898.50,-67.7731,-14.5479
8333429,-405.50,-1224.50,-70.7952,-33.8230
8337335,-120.50,131.50,-75.0111,-44.6213
8341241,305.50,1462.50,-78.9287,-52.2325
8345147,335.50,802.50,-85.1364,-59.7570
8349053,-72.50,-794.50,-87.1315,-83.1362
8352959,-393.50,-1322.50,-80.8927,-96.2613
8356865,-202.50,-107.50,-79.8030,-92.1542
8360771,241.50,1263.50,-92.2891,-104.8423
8364677,321.50,893.50,-111.2793,-140.0306
8368583,-104.50,-692.50,-131.7042,-173.7799
8372489,-483.50,-1448.50,-153.8824,-180.6129
8376395,-335.50,-400.50,-172.2728,-175.2867
8380301,144.50,1043.50,-178.3327,-194.6382
8384207,302.50,956.50,-173.0096,-235.2289
8388113,-42.50,-575.50,-164.6211,-259.7806
8392019,-447.50,-1488.50,-157.6621,-245.7589
8395925,-335.50,-639.50,-149.8782,-217.8678
8399831,107.50,928.50,-141.2734,-215.3617
8403737,309.50,1113.50,-142.4074,-226.6138
8407643,-20.50,-338.50,-157.3205,-221.9452
8411549,-448.50,-1452.50,-174.1556,-200.2144
8415455,-431.50,-793.50,-182.0372,-180.1017
8419361,-8.50,786.50,-185.5146,-184.7556
8423267,272.50,1211.50,-191.5839,-203.0913
8427173,14.50,-175.50,-196.1314,-213.2405
8431079,-458.50,-1456.50,-200.1290,-217.8326
8434985,-512.50,-1005.50,-208.4009,-218.9952
8438891,-78.50,590.50,-213.3275,-223.7626
8442797,251.50,1250.50,-208.7603,-229.3187
8446703,23.50,14.50,-206.8951,-226.9986
8450609,-410.50,-1382.50,-211.1077,-222.9447
8454515,-537.50,-1186.50,-209.5467,-221.0884
8458421,-193.50,355.50,-211.9614,-234.9719
8462327,167.50,1216.50,-229.6942,-259.2438
8466233,36.50,169.50,-248.0140,-270.3630
8470139,-444.50,-1326.50,-256.9731,-267.0329
8474045,-624.50,-1336.50,-261.4309,-255.4865
8477951,-271.50,153.50,-260.6074,-250.7444
8481857,142.50,1200.50,-252.5446,-257.9351
8485763,81.50,379.50,-242.4124,-259.2099
8489669,-376.50,-1214.50,-235.0046,-251.8211
8493575,-607.50,-1455.50,-229.6787,-246.1058
8497481,-312.50,-53.50,-223.0553,-247.1491
8501387,130.50,1150.50,-215.2929,-254.0326
8505293,149.50,531.50,-205.8446,-259.1928
8509199,-283.50,-1053.50,-193.7829,-254.2615
8513105,-559.50,-1494.50,-180.2871,-233.4521
8517011,-301.50,-216.50,-162.9425,-208.3737
8520917,163.50,1113.50,-142.9391,-200.6472
8524823,203.50,704.50,-133.0020,-211.5920
8528729,-207.50,-872.50,-139.5222,-221.6000
8532635,-532.50,-1551.50,-146.3217,-213.8670
8536541,-352.50,-424.50,-140.6741,-198.2000
8540447,112.50,946.50,-130.5102,-206.0212
8544353,240.50,799.50,-125.2660,-241.4330
8548263,-190.50,-708.50,-135.0728,-259.3446
8552169,-536.50,-1573.50,-153.9030,-234.7223
8556075,-405.50,-628.50,-154.2241,-198.3690
8559981,-0.50,848.50,-146.4202,-191.1068
8563887,174.50,923.50,-160.3391,-216.1814
8567793,-120.50,-516.50,-178.5238,-233.9636
8571699,-556.50,-1599.50,-178.9399,-223.5444
8575605,-522.50,-879.50,-176.5581,-212.2368
8579511,-61.50,693.50,-179.0320,-220.5994
8583417,180.50,1023.50,-179.2844,-232.8254
8587323,-81.50,-342.50,-176.7932,-231.3282
8591229,-534.50,-1568.50,-172.6792,-218.3904
8595135,-517.50,-1048.50,-164.3174,-206.3347
8599041,-76.50,575.50,-146.2593,-199.9372
8602947,254.50,1157.50,-122.4562,-186.0034
8606853,22.50,-97.50,-104.3773,-164.5614
8610759,-420.50,-1410.50,-96.2055,-143.5759
8614665,-488.50,-1119.50,-88.5989,-120.3813
8618571,-83.50,445.50,-75.6032,-109.5408
8622477,269.50,1262.50,-64.5774,-106.9156
8626383,126.50,141.50,-57.6971,-98.6010
8630289,-333.50,-1298.50,-50.2309,-93.3959
8634195,-517.50,-1231.50,-48.7681,-86.9700
8638101,-143.50,274.50,-56.6213,-83.3686
8642007,261.50,1280.50,-59.4636,-83.3771
8645913,166.50,346.50,-53.5859,-79.4174
8649819,-271.50,-1199.50,-44.9410,-83.0089
8653725,-512.50,-1370.50,-38.6224,-91.5140
8657631,-188.50,75.50,-39.5215,-96.0121
8661537,217.50,1241.50,-44.7596,-92.3375
8665443,186.50,511.50,-53.0358,-86.7721
8669349,-236.50,-1062.50,-57.9235,-91.3268
8673255,-539.50,-1444.50,-57.1955,-92.9879
8677161,-291.50,-116.50,-63.0528,-84.9949
8681067,134.50,1165.50,-77.5135,-79.6380
8684973,187.50,678.50,-90.7140,-84.5318
8688879,-229.50,-912.50,-94.2594,-95.1672
8692785,-566.50,-1522.50,-92.2938,-98.7900
8696691,-373.50,-335.50,-93.6929,-93.7375
8700597,119.50,1044.50,-91.7320,-93.4245
8704503,239.50,855.50,-77.8312,-96.9482
8708409,-153.50,-690.50,-63.0238,-84.9009
8712315,-523.50,-1503.50,-58.1938,-59.4738
8716221,-384.50,-512.50,-57.9364,-43.1618
8720127,83.50,991.50,-55.4865,-44.8724
8724033,272.50,1011.50,-49.1602,-50.6292
8727939,-79.50,-486.50,-42.2545,-46.7995
8731845,-460.50,-1497.50,-35.4827,-37.0221
8735751,-363.50,-688.50,-20.2613,-30.4075
8739657,83.50,879.50,-0.4380,-30.6359
8743563,329.50,1151.50,10.7812,-28.0997
8747469,37.50,-287.50,14.7790,-20.7138
8751375,-378.50,-1466.50,20.1014,-20.3243
8755281,-432.50,-870.50,19.7761,-25.3496
8759187,-0.50,691.50,2.7859,-35.8410
8763093,302.50,1201.50,-14.9550,-46.7670
8766999,94.50,-109.50,-13.3509,-47.2126
8770905,-310.50,-1386.50,10.6191,-38.6666
8774811,-489.50,-1085.50,25.8987,-33.5892
8778717,-177.50,409.50,-14.3542,-65.3303
8782623,137.50,1095.50,-92.1677,-127.3907
8786529,-36.50,-63.50,-149.9476,-175.0290
8790435,-553.50,-1499.50,-178.8991,-196.7923
8794341,-749.50,-1445.50,-209.6572,-214.9204
8798247,-411.50,82.50,-250.0030,-249.6347
8802153,-77.50,923.50,-288.4453,-290.6218
8806059,-221.50,-52.50,-325.1977,-327.2625
8809965,-687.50,-1579.50,-356.6896,-354.4633
8813871,-871.50,-1700.50,-368.8095,-368.4927
8817777,-558.50,-223.50,-360.8368,-375.4862
8821683,-116.50,861.50,-344.1403,-372.7060
8825589,-146.50,130.50,-323.6527,-358.7151
8829495,-569.50,-1422.50,-301.8256,-337.9724
8833401,-772.50,-1711.50,-273.2485,-310.4422
8837307,-452.50,-324.50,-228.2119,-277.4219
8841213,45.50,908.50,-170.5648,-248.5601
8845119,80.50,400.50,-117.3293,-229.9951
8849025,-360.50,-1159.50,-89.8014,-211.3804
8852931,-655.50,-1680.50,-86.6962,-184.4798
8856837,-399.50,-431.50,-79.7691,-154.2551
8860743,48.50,921.50,-59.7135,-132.0297
8864649,143.50,630.50,-44.2982,-123.4862
8868555,-257.50,-926.50,-40.8495,-117.5857
8872461,-623.50,-1676.50,-44.6094,-106.0887
8876367,-442.50,-591.50,-45.6510,-90.9158
8880273,33.50,866.50,-34.0591,-77.2767
8884179,208.50,835.50,-14.2072,-65.8255
8888085,-148.50,-675.50,2.9135,-48.7733
8891991,-545.50,-1614.50,11.1110,-29.0028
8895897,-444.50,-724.50,14.3818,-12.6342
8899803,35.50,816.50,22.8304,-0.8843
8903709,284.50,999.50,41.4393,7.2186
8907615,-62.50,-431.50,57.0489,16.2118
8911521,-483.50,-1551.50,55.3794,25.5615
8915427,-461.50,-866.50,47.8265,34.7365
8919333,-24.50,693.50,44.5335,39.9977
8923239,258.50,1136.50,43.0709,43.9626
8927145,16.50,-242.50,46.0732,47.5591
8931051,-443.50,-1517.50,52.2289,37.6434
8934957,-534.50,-1057.50,47.0815,24.8088
8938863,-93.50,511.50,30.8440,20.2494
8942769,238.50,1158.50,23.7006,20.7109
8946675,27.50,-57.50,25.0677,22.4967
8950581,-446.50,-1436.50,21.0815,19.4982
8954487,-559.50,-1237.50,13.5419,15.6661
8958393,-173.50,306.50,10.0153,7.9756
8962299,207.50,1181.50,11.5168,4.1957
8966205,79.50,128.50,15.9016,10.2678
8970111,-403.50,-1364.50,17.7293,8.0219
8974017,-585.50,-1403.50,12.9744,-4.3664
8977923,-221.50,107.50,10.5998,-16.0160
8981829,204.50,1165.50,19.3272,-12.2283
8985735,128.50,318.50,30.6650,3.0032
8989641,-345.50,-1252.50,31.2827,4.9087
8993547,-591.50,-1483.50,22.0035,-2.5444
8997453,-291.50,-73.50,14.2218,-1.9399
9001359,160.50,1144.50,14.9625,10.2781
9005265,157.50,503.50,20.5333,22.2506
9009171,-296.50,-1070.50,21.4081,22.1488
9013077,-606.50,-1538.50,14.0303,20.7888
9016983,-358.50,-244.50,5.9323,27.6474
9020889,102.50,1084.50,4.5352,37.7381
9024795,170.50,656.50,6.7716,36.2744
9028701,-239.50,-906.50,8.2838,21.7612
9032607,-612.50,-1603.50,5.8712,13.5258
9036513,-404.50,-473.50,2.5031,14.6867
9040419,77.50,940.50,9.6182,12.8947
9044325,209.50,811.50,22.3110,6.5767
9048231,-164.50,-735.50,28.3449,5.9886
9052137,-552.50,-1643.50,29.9970,7.9690
9056043,-422.50,-683.50,34.5993,6.4262
9059949,18.50,849.50,38.4733,8.6796
9063855,240.50,974.50,36.4922,21.4051
9067761,-82.50,-512.50,38.1092,39.6676
9071667,-512.50,-1585.50,44.9763,49.2212
9075573,-417.50,-847.50,56.6833,48.1221
9079479,16.50,731.50,73.5583,43.5617
9083385,276.50,1107.50,80.4921,49.2461
9087291,19.50,-277.50,79.7751,68.5595
9091197,-399.50,-1508.50,89.6554,81.7651
9095103,-424.50,-968.50,107.9587,85.8884
9099009,14.50,592.50,120.3967,84.0730
9102915,349.50,1210.50,127.3718,83.6029
9106821,134.50,-50.50,135.9446,95.4929
9110727,-338.50,-1425.50,141.4193,102.2788
9114633,-446.50,-1156.50,136.5617,92.1264
9118539,-64.50,400.50,121.7074,70.7187
9122445,272.50,1232.50,100.3146,60.0830
9126351,117.50,114.50,79.3933,68.7937
9130257,-348.50,-1341.50,68.4586,72.9629
9134163,-512.50,-1295.50,66.5942,69.2605
9138069,-143.50,201.50,67.5622,59.1794
9141975,241.50,1201.50,67.1716,47.8975
9145881,144.50,293.50,60.8981,46.2793
9149787,-304.50,-1258.50,54.2436,43.7502
9153693,-527.50,-1486.50,54.5349,28.6860
9157599,-239.50,-15.50,53.2335,8.0114
9161505,211.50,1169.50,46.8266,8.6872
9165411,182.50,431.50,44.3444,22.1322
9169317,-274.50,-1145.50,42.9713,17.2570
9173223,-569.50,-1549.50,35.2372,6.7968
9177129,-306.50,-209.50,25.2227,8.0197
9181035,130.50,1105.50,17.6713,19.7767
9184941,187.50,613.50,12.4750,28.7198
9188847,-236.50,-938.50,11.2713,29.1684
9192753,-573.50,-1565.50,11.7917,36.5850
9196659,-420.50,-399.50,3.0360,45.8956
9200565,45.50,947.50,-16.9922,33.3367
9204471,113.50,656.50,-40.5652,-11.9588
9208377,-271.50,-902.50,-63.9101,-66.0643
9212283,-741.50,-1778.50,-93.3837,-100.5682
9216189,-687.50,-829.50,-146.3787,-129.0265
9220095,-292.50,591.50,-219.7102,-175.6669
9224001,-204.50,557.50,-297.5330,-237.8970
9227907,-576.50,-972.50,-368.5982,-292.6550
9231813,-1133.50,-2047.50,-435.2550,-331.6084
9235719,-1130.50,-1360.50,-513.0076,-380.0242
9239625,-736.50,183.50,-588.4912,-446.5122
9243531,-479.50,425.50,-634.7116,-495.3031
9247437,-783.50,-978.50,-645.1357,-507.5141
9251343,-1230.50,-2047.50,-636.2096,-479.4740
9255249,-1228.50,-1565.50,-622.7894,-434.9509
9259155,-753.50,15.50,-600.4917,-430.0737
9263061,-446.50,496.50,-568.9904,-451.7177
9266967,-650.50,-746.50,-536.9890,-453.9826
9270873,-1069.50,-2024.50,-501.7649,-427.2111
9274779,-1127.50,-1631.50,-460.7975,-381.7409
9278685,-664.50,-10.50,-417.7374,-334.3914
9282591,-256.50,750.50,-367.1290,-284.2427
9286497,-361.50,-310.50,-305.2369,-224.7160
9290403,-780.50,-1676.50,-238.4046,-158.9146
9294309,-891.50,-1504.50,-178.4225,-94.0942
9298215,-447.50,81.50,-125.3965,-38.8815
9302121,-9.50,1043.50,-69.9079,12.2268
9306027,-113.50,118.50,-22.5587,60.9331
9309933,-559.50,-1381.50,3.8832,94.3473
9313839,-724.50,-1466.50,23.6566,112.9942
9317745,-382.50,35.50,49.9067,129.9172
9321651,80.50,1205.50,78.4325,164.9485
9325557,51.50,432.50,104.2464,209.7456
9329463,-370.50,-1134.50,126.5012,228.8221
9333369,-623.50,-1461.50,147.4603,224.8471
9337275,-300.50,-96.50,171.6682,220.2825
9341181,205.50,1202.50,206.7988,229.5370
9345087,243.50,624.50,246.4905,244.6123
9348993,-200.50,-913.50,268.5492,248.4503
9352899,-518.50,-1464.50,268.5862,254.4341
9356805,-240.50,-224.50,271.4781,267.6655
9360711,259.50,1194.50,296.6014,285.2451
9364617,336.50,848.50,323.8687,298.8621
9368523,-70.50,-698.50,328.5164,294.9095
9372429,-431.50,-1487.50,319.7479,284.0586
9376335,-296.50,-420.50,310.1553,274.5285
9380241,176.50,1033.50,298.1898,263.9111
9384147,322.50,949.50,284.1692,247.6369
9388053,-32.50,-562.50,272.0796,229.4463
9391959,-446.50,-1512.50,265.4269,222.3938
9395865,-367.50,-633.50,260.3084,226.6088
9399771,94.50,919.50,251.6264,232.8760
9403677,311.50,1118.50,240.4925,240.4024
9407583,26.50,-337.50,234.7691,247.5259
9411489,-431.50,-1490.50,237.0633,242.4804
9415395,-398.50,-804.50,238.5282,230.2363
9419301,41.50,742.50,236.4708,219.1281
9423207,293.50,1168.50,225.9253,207.1662
9427113,29.50,-175.50,204.8318,198.0505
9431019,-468.50,-1505.50,180.4092,182.3379
9434925,-550.50,-1078.50,151.4982,152.8782
9438831,-152.50,450.50,118.5076,114.9641
9442737,141.50,1054.50,84.2901,72.1566
9446643,-121.50,-197.50,42.5422,25.9885
9450549,-649.50,-1624.50,-10.6996,-22.3210
9454455,-783.50,-1442.50,-61.9900,-62.0717
9458361,-512.50,35.50,-111.7649,-100.3947
9462267,-235.50,800.50,-185.7735,-155.5563
9466173,-380.50,-250.50,-268.8638,-219.2027
9470079,-856.50,-1762.50,-316.6878,-268.3347
9473985,-1083.50,-1796.50,-332.3502,-292.4709
9477891,-771.50,-318.50,-347.4356,-302.1154
9481797,-342.50,725.50,-363.3744,-303.0602
9485703,-396.50,-60.50,-363.1221,-288.8379
9489609,-800.50,-1606.50,-340.2782,-263.2352
9493515,-1055.50,-1839.50,-305.4316,-236.9083
9497421,-719.50,-432.50,-274.0942,-215.1667
9501327,-229.50,777.50,-239.7246,-196.5159
9505233,-221.50,176.50,-200.8708,-180.2058
9509139,-601.50,-1359.50,-165.7118,-161.7252
9513045,-857.50,-1781.50,-124.8326,-126.7288
9516951,-554.50,-479.50,-72.0645,-77.7167
9520857,-62.50,896.50,-15.4831,-29.8784
9524763,27.50,555.50,29.6161,12.9015
9528669,-288.50,-920.50,69.1792,62.5854
9532575,-612.50,-1585.50,119.1989,125.0880
9536481,-380.50,-413.50,170.6377,183.3375
9540387,142.50,1055.50,219.2808,228.2051
9544293,316.50,947.50,267.0280,262.6086
9548199,-5.50,-512.50,309.4541,298.3198
9552105,-367.50,-1409.50,346.6571,338.3974
9556011,-244.50,-444.50,374.6763,365.8222
9559917,256.50,1146.50,393.8277,389.0994
9563823,478.50,1296.50,411.9221,428.7687
9567729,157.50,-216.50,426.5947,462.7175
9571635,-233.50,-1295.50,436.8033,460.8141
9575541,-161.50,-534.50,451.7347,443.6070
9579447,304.50,1078.50,470.8349,444.0034
9583353,578.50,1532.50,484.6072,480.0063
9587263,334.50,48.50,494.0662,521.5266
9591169,-92.50,-1166.50,506.4546,515.2469
9595075,-140.50,-623.50,514.0698,489.9368
9598981,310.50,953.50,510.0264,480.3776
9602887,640.50,1754.50,506.5514,512.2583
9606793,418.50,277.50,506.7521,561.7702
9610699,-28.50,-1073.50,504.4424,538.3703
9614605,-111.50,-754.50,503.5095,482.7970
9618511,309.50,802.50,508.2236,460.7419
9622417,675.50,1932.50,515.1382,507.8337
9626323,511.50,504.50,514.6733,584.3894
9630229,73.50,-928.50,508.5648,559.1347
9634135,-88.50,-879.50,506.8782,483.5193
9638041,247.50,624.50,501.8222,443.0347
9641947,672.50,1963.50,489.6455,475.5212
9645853,572.50,720.50,479.9368,547.6992
9649759,101.50,-844.50,469.0766,516.8075
9653665,-145.50,-1024.50,449.9900,425.8296
9657571,161.50,387.50,426.4041,371.6228
9661477,589.50,1814.50,406.4876,380.5267
9665383,574.50,848.50,393.6926,420.5144
9669289,144.50,-726.50,388.5285,392.9532
9673195,-149.50,-1120.50,386.9462,340.4174
9677101,93.50,182.50,378.7139,321.2559
9681007,511.50,1687.50,357.7660,332.7179
9684913,589.50,983.50,333.9453,347.7669
9688819,177.50,-601.50,324.7235,307.1777
9692725,-175.50,-1229.50,323.4003,258.9679
9696631,35.50,-62.50,317.6818,244.2504
9700537,474.50,1424.50,309.0330,235.2407
9704443,597.50,1121.50,296.4370,220.4517
9708349,177.50,-449.50,278.0372,198.5343
9712255,-207.50,-1308.50,253.7885,187.2541
9716161,-88.50,-310.50,230.4901,181.7016
9720067,347.50,1226.50,209.9950,162.4333
9723973,511.50,1226.50,185.8619,137.4889
9727879,172.50,-302.50,162.8787,121.8971
9731785,-280.50,-1382.50,143.2602,114.5103
9735691,-238.50,-576.50,118.5854,99.3992
9739597,235.50,995.50,96.8370,69.3252
9743503,451.50,1271.50,86.0187,39.6938
9747409,147.50,-175.50,73.7836,28.3677
9751315,-297.50,-1394.50,57.6148,30.1583
9755221,-318.50,-778.50,43.7579,33.1433
9759127,83.50,784.50,26.7427,21.1445
9763033,379.50,1328.50,4.3227,-3.5144
9766939,160.50,-17.50,-10.2396,-15.9316
9770845,-303.50,-1375.50,-11.4105,-19.4243
9774751,-371.50,-989.50,-8.4822,-21.2656
9778657,19.50,576.50,-8.9340,-30.4706
9782563,357.50,1363.50,-16.6706,-44.6623
9786469,146.50,159.50,-34.5233,-46.5379
9790375,-330.50,-1288.50,-60.2452,-44.8736
9794281,-445.50,-1152.50,-77.2522,-41.8350
9798187,-32.50,390.50,-67.8800,-44.9063
9802093,337.50,1377.50,-44.5704,-52.9396
9805999,179.50,308.50,-41.9505,-60.3832
9809905,-287.50,-1208.50,-65.8086,-78.1186
9813811,-494.50,-1303.50,-89.7438,-85.3784
9817717,-172.50,122.50,-101.3414,-90.1913
9821623,286.50,1262.50,-99.5171,-113.5779
9825529,163.50,451.50,-97.9466,-137.2143
9829435,-271.50,-1135.50,-114.3481,-151.1060
9833341,-512.50,-1442.50,-127.2452,-145.9689
9837247,-209.50,-95.50,-117.2969,-133.6282
9841153,259.50,1202.50,-94.2216,-135.3652
9845059,259.50,611.50,-75.9860,-146.7776
9848965,-154.50,-957.50,-71.4013,-154.1956
9852871,-482.50,-1509.50,-72.8448,-140.2727
9856777,-272.50,-301.50,-78.8225,-124.0258
9860683,183.50,1089.50,-89.4714,-134.0064
9864589,273.50,757.50,-97.9337,-159.2891
9868495,-130.50,-785.50,-101.3934,-169.6971
9872401,-480.50,-1540.50,-100.2684,-146.6757
9876307,-314.50,-463.50,-94.5555,-113.4751
9880213,155.50,1015.50,-87.1050,-103.6583
9884119,291.50,959.50,-85.3829,-114.0966
9888025,-66.50,-530.50,-91.2106,-111.6915
9891931,-493.50,-1505.50,-100.8634,-84.4039
9895837,-412.50,-669.50,-114.9713,-68.0268
9899743,61.50,881.50,-126.8901,-87.6276
9903649,301.50,1056.50,-124.6727,-119.3231
9907555,-6.50,-380.50,-110.4433,-131.4704
9911461,-460.50,-1549.50,-100.4959,-124.4261
9915367,-436.50,-869.50,-103.6863,-117.6168
9919273,-5.50,698.50,-113.5807,-124.6894
9923179,258.50,1117.50,-126.0724,-142.8956
9927085,-2.50,-213.50,-137.9840,-153.0525
9930991,-432.50,-1518.50,-139.5802,-148.4394
9934897,-512.50,-1054.50,-134.9645,-138.6018
9938803,-77.50,511.50,-136.8127,-138.2137
9942709,271.50,1194.50,-136.6613,-146.2444
9946615,50.50,-34.50,-130.8785,-148.1805
9950521,-428.50,-1453.50,-133.1436,-148.9465
9954427,-539.50,-1258.50,-141.9981,-153.7701
9958333,-140.50,288.50,-145.0045,-167.5434
9962239,241.50,1152.50,-139.4614,-186.3586
9966145,121.50,143.50,-129.0319,-191.4150
9970051,-357.50,-1369.50,-119.2031,-181.5038
9973957,-527.50,-1368.50,-114.4057,-164.7244
9977863,-178.50,106.50,-111.4402,-154.7729
9981769,229.50,1161.50,-109.2456,-159.6967
9985675,150.50,332.50,-111.6090,-166.6172
9989581,-301.50,-1227.50,-115.6351,-164.7921
9993487,-535.50,-1455.50,-114.2816,-149.6096
9997393,-241.50,-57.50,-108.9224,-130.5345
10001299,239.50,1218.50,-99.3327,-112.9871
10005205,257.50,563.50,-79.4578,-95.8164
10009111,-154.50,-1004.50,-52.9926,-87.9100
10013017,-431.50,-1440.50,-26.3783,-72.0249
10016923,-173.50,-170.50,-3.0192,-44.1534
10020829,277.50,1227.50,11.0603,-22.6306
10024735,380.50,798.50,18.3789,-12.9064
10028641,-68.50,-772.50,22.3442,-15.7898
10032547,-448.50,-1471.50,10.7691,-15.8668
10036453,-271.50,-378.50,-13.5955,-14.8154
10040359,189.50,1081.50,-32.0987,-27.4018
10044265,309.50,919.50,-43.4213,-45.5231
10048171,-67.50,-598.50,-52.9495,-52.1535
10052077,-481.50,-1506.50,-62.0356,-40.4285
10055983,-383.50,-618.50,-74.4719,-35.5355
10059889,80.50,917.50,-88.3665,-56.9586
10063795,266.50,1010.50,-99.5198,-82.8159
10067701,-68.50,-463.50,-108.7387,-92.6645
10071607,-514.50,-1561.50,-117.6232,-90.4662
10075513,-436.50,-788.50,-121.1678,-82.2329
10079419,35.50,821.50,-110.1939,-66.6222
10083325,194.50,1037.50,-109.3154,-68.4512
10087231,-211.50,-446.50,-162.1543,-124.9549
10091137,-810.50,-1803.50,-271.4718,-225.5313
10095043,-914.50,-1373.50,-399.7262,-334.5364
10098949,-620.50,82.50,-518.2100,-445.3301
10102855,-437.50,471.50,-633.7547,-573.3449
10106761,-763.50,-847.50,-748.5802,-706.6211
10110667,-1283.50,-2047.50,-841.3039,-767.1752
10114573,-1502.50,-1961.50,-913.1754,-751.6651
10118479,-1254.50,-603.50,-1000.2234,-800.8901
10122385,-960.50,56.50,-1105.8110,-948.6137
10126291,-1124.50,-1058.50,-1181.0940,-1086.1011
10130197,-1644.50,-2047.50,-1206.8210,-1070.3718
10134103,-1820.50,-2047.50,-1211.1085,-880.9452
10138009,-1474.50,-958.50,-1210.6156,-784.1890
10141915,-1002.50,-108.50,-1191.8081,-926.4816
10145821,-1088.50,-986.50,-1146.3114,-1113.0350
10149727,-1538.50,-2047.50,-1096.1044,-1115.6672
10153633,-1724.50,-2047.50,-1052.9945,-892.5748
10157539,-1402.50,-1169.50,-1011.1182,-719.8703
10161445,-923.50,-128.50,-969.0829,-815.4272
10165351,-825.50,-764.50,-907.5061,-989.5113
10169257,-1256.50,-2047.50,-821.7018,-1015.3626
10173163,-1484.50,-2047.50,-742.3946,-840.6529
10177069,-1209.50,-1232.50,-683.1497,-642.8798
10180975,-688.50,-47.50,-633.0108,-651.5500
10184881,-628.50,-480.50,-584.2247,-766.8962
10188787,-1043.50,-2029.50,-544.9925,-828.2173
10192693,-1321.50,-2047.50,-511.7666,-753.8239
10196599,-1024.50,-1315.50,-457.2381,-581.2586
10200505,-558.50,29.50,-386.0973,-521.8624
10204411,-419.50,-165.50,-333.9298,-560.0818
10208317,-821.50,-1733.50,-309.5552,-585.8154
10212223,-1213.50,-2047.50,-303.4128,-544.7303
10216129,-1054.50,-1416.50,-301.8223,-437.4647
10220035,-527.50,58.50,-282.4331,-397.8457
10223941,-296.50,83.50,-237.2054,-405.3803
10227847,-574.50,-1337.50,-174.8034,-387.0645
10231753,-928.50,-2047.50,-103.6576,-339.4495
10235659,-810.50,-1487.50,-33.3729,-282.6253
10239565,-320.50,132.50,23.7301,-259.1046
10243471,-69.50,410.50,59.7744,-212.3458
10247377,-296.50,-881.50,87.1733,-130.3261
10251283,-706.50,-1999.50,126.0528,-84.4236
10255189,-606.50,-1380.50,181.8606,-77.5348
10259095,-116.50,263.50,250.5272,-40.9940
10263001,279.50,802.50,323.0810,66.8031
10266907,110.50,-377.50,397.9502,189.0538
10270813,-303.50,-1646.50,468.8498,247.1158
10274719,-367.50,-1226.50,517.3314,247.4376
10278625,63.50,398.50,537.5053,271.0271
10282531,427.50,1094.50,542.4307,353.8491
10286437,275.50,18.50,547.6527,435.4064
10290343,-148.50,-1340.50,563.2859,459.2236
10294249,-246.50,-1151.50,592.2511,447.7605
10298155,158.50,374.50,625.4086,456.5984
10302061,561.50,1419.50,649.7338,530.7418
10305967,467.50,416.50,661.4057,633.1029
10309873,25.50,-1128.50,668.4922,648.0256
10313779,-163.50,-1201.50,677.0830,572.1769
10317685,169.50,221.50,682.6753,509.6858
10321591,608.50,1511.50,682.5794,545.8735
10325497,548.50,715.50,677.1261,658.4079
10329403,91.50,-847.50,664.3003,711.7986
10333309,-161.50,-1196.50,650.0697,664.6576
10337215,93.50,141.50,637.2355,600.4015
10341121,497.50,1462.50,613.1301,599.4540
10345027,511.50,839.50,576.2323,642.6764
10348933,80.50,-744.50,544.9150,635.3945
10352839,-235.50,-1302.50,528.5409,569.7131
10356745,-32.50,-97.50,517.8192,511.6211
10360651,426.50,1359.50,504.0324,516.3786
10364557,470.50,983.50,482.0425,565.3791
10368463,79.50,-594.50,453.2311,571.2717
10372369,-296.50,-1356.50,430.0782,517.8320
10376275,-134.50,-287.50,416.3294,467.4426
10380181,335.50,1226.50,409.0708,470.4416
10384087,509.50,1151.50,408.4916,515.0903
10387993,133.50,-378.50,408.9585,537.7760
10391899,-285.50,-1340.50,399.6265,508.5982
10395805,-192.50,-522.50,381.9216,454.3991
10399711,279.50,1065.50,369.3318,423.6521
10403617,453.50,1243.50,357.8972,441.4985
10407523,111.50,-228.50,332.0559,461.5850
10411429,-366.50,-1397.50,292.5614,430.0187
10415335,-412.50,-797.50,242.2618,359.6262
10419241,-16.50,722.50,181.4208,291.4792
10423147,199.50,1090.50,117.8175,247.1364
10427053,-191.50,-335.50,43.8853,201.8782
10430959,-691.50,-1726.50,-44.1424,112.0115
10434865,-762.50,-1407.50,-116.6592,-17.1700
10438771,-320.50,127.50,-149.8449,-133.3736
10442677,-165.50,682.50,-178.7786,-201.5146
10446583,-453.50,-591.50,-253.6740,-252.5288
10450489,-1009.50,-2045.50,-355.5346,-325.8205
10454395,-1176.50,-1880.50,-443.7647,-404.7610
10458301,-805.50,-344.50,-503.8189,-454.7637
10462207,-486.50,437.50,-538.8339,-470.2414
10466113,-659.50,-557.50,-565.0136,-473.1436
10470019,-1091.50,-2031.50,-576.6580,-475.0303
10473925,-1212.50,-1967.50,-554.2917,-459.1342
10477831,-894.50,-565.50,-516.3363,-429.8485
10481737,-512.50,452.50,-502.0053,-416.9777
10485643,-564.50,-271.50,-505.6864,-402.9988
10489549,-975.50,-1856.50,-491.5947,-375.4375
10493455,-1172.50,-2033.50,-451.2441,-354.1972
10497361,-890.50,-626.50,-411.1470,-325.4259
10501267,-460.50,574.50,-394.2618,-280.9466
10505173,-412.50,46.50,-382.9884,-230.6036
10509079,-844.50,-1552.50,-355.5337,-189.8599
10512985,-1116.50,-2009.50,-324.0691,-177.0362
10516891,-852.50,-745.50,-299.2525,-176.6776
10520797,-394.50,591.50,-278.4366,-164.3223
10524703,-296.50,282.50,-256.7261,-132.3886
10528609,-640.50,-1248.50,-220.6313,-87.0202
10532515,-1025.50,-1964.50,-181.5601,-55.4687
10536421,-836.50,-880.50,-168.5719,-55.4119
10540327,-301.50,590.50,-160.3942,-61.0079
10544233,-127.50,511.50,-123.2082,-37.8269
10548139,-459.50,-963.50,-68.5896,10.7980
10552045,-910.50,-1866.50,-34.5842,52.0230
10555951,-741.50,-963.50,-32.3483,62.7816
10559857,-236.50,603.50,-23.5421,63.8518
10563763,-49.50,720.50,2.6069,84.7763
10567669,-357.50,-730.50,23.3173,110.5208
10571575,-725.50,-1774.50,44.9702,122.4486
10575481,-648.50,-981.50,78.8911,140.9868
10579387,-160.50,670.50,116.3045,192.5018
10583293,86.50,1056.50,143.6260,269.8215
10587199,-113.50,-271.50,166.1855,335.7967
10591105,-493.50,-1476.50,207.6378,368.2261
10595011,-457.50,-930.50,267.3041,383.2371
10598917,-56.50,665.50,312.4402,400.9622
10602823,304.50,1332.50,329.9603,437.2772
10606729,177.50,110.50,355.4808,488.2967
10610635,-221.50,-1177.50,411.4946,527.7984
10614541,-307.50,-910.50,466.9517,550.7582
10618447,178.50,779.50,505.4710,578.1346
10622353,636.50,2022.50,556.5546,703.1975
10626263,493.50,624.50,621.0902,878.3684
10630169,125.50,-773.50,675.5014,910.6572
10634075,36.50,-672.50,728.4137,856.7032
10637981,397.50,875.50,775.5828,846.3530
10641887,833.50,2047.50,800.1770,894.7150
10645793,784.50,1112.50,815.6430,972.6041
10649699,354.50,-399.50,834.4607,1010.0690
10653605,171.50,-556.50,852.8705,1009.5957
10657511,507.50,881.50,868.8395,1006.9268
10661417,965.50,2047.50,883.2340,1002.4743
10665323,941.50,1367.50,892.4066,991.1866
10669229,453.50,-282.50,881.3983,960.4748
10673135,172.50,-693.50,846.6075,913.4676
10677041,368.50,627.50,799.9847,876.4992
10680947,817.50,2047.50,751.0757,877.2833
10684853,853.50,1521.50,713.7652,899.5557
10688759,395.50,-248.50,685.5092,863.0260
10692665,-6.50,-901.50,642.5795,756.0626
10696571,129.50,189.50,576.0835,650.6580
10700477,483.50,1778.50,491.6695,603.2763
10704383,550.50,1347.50,400.1905,592.1951
10708289,29.50,-369.50,306.9276,517.8902
10712195,-412.50,-1317.50,206.7047,375.7442
10716101,-362.50,-420.50,109.6294,236.9795
10720007,11.50,1011.50,22.4106,118.4632
10723913,78.50,975.50,-67.1672,18.3717
10727819,-367.50,-585.50,-166.0173,-56.9799
10731725,-754.50,-1647.50,-248.6376,-104.6331
10735631,-719.50,-901.50,-286.3488,-137.5958
10739537,-254.50,656.50,-293.0251,-174.6752
10743443,-6.50,966.50,-286.1704,-201.5445
10747349,-270.50,-409.50,-267.5991,-191.3888
10751255,-655.50,-1550.50,-236.2830,-146.6981
10755161,-639.50,-944.50,-197.4957,-90.9306
10759067,-164.50,667.50,-162.1741,-54.0967
10762973,186.50,1283.50,-124.8354,-25.4172
10766879,61.50,-0.50,-66.5606,19.9541
10770785,-396.50,-1326.50,3.3549,60.8827
10774691,-512.50,-950.50,37.3895,83.8680
10778597,6.50,629.50,42.3155,91.0899
10782503,371.50,1490.50,69.1945,105.3962
10786409,266.50,284.50,117.4052,137.8507
10790315,-152.50,-1129.50,169.1816,154.5562
10794221,-270.50,-1007.50,214.1513,158.8159
10798127,106.50,566.50,239.9306,165.1829
10802033,511.50,1772.50,249.4415,214.1649
10805939,422.50,609.50,255.1800,292.4898
10809845,-47.50,-888.50,259.8338,302.0872
10813751,-216.50,-991.50,262.9403,272.0581
10817657,107.50,432.50,269.3895,252.7617
10821563,537.50,1842.50,275.1354,272.7508
10825469,511.50,858.50,277.9879,327.7479
10829375,105.50,-685.50,287.3370,326.6181
10833281,-148.50,-1010.50,305.0049,297.3253
10837187,114.50,321.50,316.0885,289.4015
10841093,544.50,1951.50,309.9053,330.7045
10844999,589.50,1127.50,296.4088,404.1781
10848905,149.50,-482.50,286.4546,389.9711
10852811,-197.50,-1048.50,271.6114,323.2759
10856717,-0.50,142.50,245.5951,285.6585
10860623,453.50,1709.50,219.6322,280.5906
10864529,536.50,1233.50,201.1219,286.7728
10868435,133.50,-388.50,186.0198,248.6000
10872341,-242.50,-1181.50,170.3834,193.7251
10876247,-89.50,-152.50,156.1585,161.7850
10880153,349.50,1385.50,143.6503,135.6527
10884059,511.50,1329.50,129.6907,116.6397
10887965,155.50,-277.50,117.4839,102.1989
10891871,-246.50,-1267.50,109.7491,84.3978
10895777,-182.50,-431.50,101.1531,63.8049
10899683,249.50,1134.50,84.9622,30.9775
10903589,465.50,1377.50,63.2829,1.8966
10907495,157.50,-169.50,45.6512,-9.5001
10911401,-268.50,-1317.50,36.6975,-19.8864
10915307,-272.50,-684.50,30.9556,-31.5614
10919213,143.50,848.50,18.4225,-63.7203
10923119,402.50,1326.50,-2.9445,-114.7604
10927025,139.50,-74.50,-26.3528,-146.0971
10930931,-332.50,-1369.50,-47.6357,-154.0054
10934837,-378.50,-964.50,-64.0904,-152.9765
10938743,29.50,583.50,-71.7318,-172.9226
10942649,354.50,1275.50,-74.4750,-215.0735
10946555,165.50,41.50,-77.3486,-242.9211
10950461,-324.50,-1348.50,-84.3774,-243.6642
10954367,-441.50,-1184.50,-97.5967,-227.7980
10958273,-73.50,340.50,-109.8097,-234.0029
10962179,304.50,1246.50,-116.6113,-266.1041
10966085,167.50,208.50,-120.1840,-285.2720
10969991,-307.50,-1263.50,-125.7894,-276.5105
10973897,-512.50,-1321.50,-137.9058,-248.4765
10977803,-175.50,157.50,-152.4995,-237.2501
10981709,230.50,1266.50,-161.8164,-248.3298
10985615,174.50,429.50,-164.2042,-252.2786
10989521,-265.50,-1109.50,-160.4257,-240.5039
10993427,-512.50,-1401.50,-153.1792,-216.9661
10997333,-239.50,-28.50,-150.7447,-208.8231
11001239,195.50,1179.50,-155.7681,-231.6974
11005145,210.50,557.50,-160.3406,-265.3593
11009051,-226.50,-1030.50,-160.2141,-284.3177
11012957,-549.50,-1553.50,-163.0855,-280.2577
11016863,-312.50,-299.50,-171.3342,-276.8968
11020769,199.50,1053.50,-166.3992,-291.0232
11024675,305.50,693.50,-136.5410,-308.7308
11028581,-184.50,-911.50,-116.2369,-314.0669
11032487,-580.50,-1660.50,-141.9453,-311.1449
11036393,-379.50,-542.50,-183.0008,-313.0454
11040299,115.50,907.50,-191.3341,-323.9032
11044205,240.50,797.50,-175.4029,-336.9640
11048111,-126.50,-736.50,-165.3791,-334.5909
11052017,-541.50,-1679.50,-167.1995,-316.4681
11055923,-450.50,-804.50,-177.3067,-313.2431
11059829,-5.50,714.50,-192.9660,-342.6279
11063735,221.50,843.50,-204.8187,-379.2432
11067641,-106.50,-623.50,-204.7708,-390.2410
11071547,-550.50,-1707.50,-201.1707,-372.4895
11075453,-512.50,-998.50,-202.7181,-347.4442
11079359,-72.50,563.50,-206.8283,-343.4474
11083265,159.50,934.50,-217.5665,-358.6622
11087171,-64.50,-416.50,-227.6187,-363.2382
11091077,-520.50,-1666.50,-220.1434,-346.9073
11094983,-557.50,-1184.50,-206.3429,-327.5650
11098889,-140.50,366.50,-202.5684,-332.6314
11102795,179.50,947.50,-206.6058,-361.6446
11106701,-41.50,-262.50,-212.2998,-381.2452
11110607,-495.50,-1604.50,-214.7898,-367.8879
11114513,-591.50,-1357.50,-210.4011,-335.5038
11118419,-201.50,191.50,-203.0208,-323.2065
11122325,144.50,964.50,-202.7415,-340.8771
11126231,7.50,-81.50,-208.8076,-361.8129
11130137,-457.50,-1551.50,-210.1546,-362.3899
11134043,-627.50,-1515.50,-205.9329,-344.2255
11137949,-298.50,-26.50,-206.3431,-333.0129
11141855,103.50,959.50,-214.8151,-340.5433
11145761,17.50,112.50,-223.4532,-348.2418
11149667,-435.50,-1435.50,-225.6857,-340.3879
11153573,-649.50,-1637.50,-219.4048,-323.5913
11157479,-335.50,-192.50,-205.9624,-309.4382
11161385,111.50,965.50,-190.3711,-299.7895
11165291,112.50,319.50,-174.9417,-293.2195
11169197,-319.50,-1236.50,-159.9702,-280.5718
11173103,-591.50,-1652.50,-145.7333,-254.7816
11177009,-335.50,-342.50,-132.5760,-229.6500
11180915,97.50,925.50,-126.3797,-224.3320
11184821,153.50,469.50,-130.4621,-242.9721
11188727,-257.50,-1096.50,-135.3736,-262.3194
11192633,-594.50,-1745.50,-134.5781,-260.2349
11196539,-456.50,-590.50,-139.9485,-248.3056
11200445,30.50,786.50,-154.7165,-250.0639
11204351,149.50,611.50,-161.2839,-264.6818
11208257,-226.50,-921.50,-157.1983,-265.3751
11212163,-614.50,-1756.50,-153.0138,-243.5840
11216069,-453.50,-777.50,-145.9163,-219.0689
11219975,-15.50,697.50,-134.6020,-213.2658
11223881,192.50,735.50,-127.5201,-226.7983
11227787,-182.50,-724.50,-128.7289,-233.9306
11231693,-575.50,-1786.50,-135.3207,-225.6259
11235599,-512.50,-1012.50,-135.4603,-221.3371
11239505,-50.50,550.50,-126.0232,-227.3431
11243411,223.50,857.50,-111.6389,-227.5812
11247317,-61.50,-515.50,-94.3137,-210.7066
11251223,-495.50,-1717.50,-80.7736,-187.2763
11255129,-512.50,-1161.50,-74.5164,-174.4258
11259035,-98.50,400.50,-77.4079,-180.0668
11262941,195.50,905.50,-88.7193,-195.7745
11266847,-32.50,-350.50,-99.4299,-204.2221
11270753,-479.50,-1651.50,-101.0910,-194.8489
11274659,-580.50,-1327.50,-98.5424,-174.5953
11278565,-180.50,226.50,-101.8153,-167.7549
11282471,162.50,949.50,-109.1752,-176.9544
11286377,-8.50,-172.50,-115.2907,-187.0083
11290283,-452.50,-1593.50,-115.2939,-189.8836
11294189,-600.50,-1507.50,-107.3633,-184.9224
11298095,-252.50,-3.50,-102.2230,-187.9130
11302001,140.50,943.50,-105.5785,-196.7582
11305907,59.50,35.50,-106.1290,-191.5380
11309813,-399.50,-1488.50,-97.6644,-175.9145
11313719,-612.50,-1628.50,-89.2626,-165.7743
11317625,-292.50,-190.50,-86.4104,-168.5576
11321531,125.50,935.50,-86.3878,-172.5996
11325437,119.50,252.50,-82.9197,-159.8852
11329343,-298.50,-1310.50,-67.7371,-133.6141
11333249,-623.50,-1740.50,-55.5864,-123.2817
11337155,-369.50,-436.50,-67.3421,-149.5909
11341061,39.50,805.50,-93.9057,-189.7447
11344967,74.50,307.50,-118.8943,-214.6781
11348873,-350.50,-1249.50,-133.3112,-216.5793
11352779,-687.50,-1829.50,-138.9245,-200.7539
11356685,-471.50,-623.50,-141.0819,-182.3475
11360591,-37.50,718.50,-141.6813,-176.4095
11364497,80.50,457.50,-143.5486,-185.9763
11368403,-302.50,-1071.50,-141.7110,-190.4576
11372309,-692.50,-1864.50,-138.9694,-177.9878
11376215,-552.50,-831.50,-143.1971,-163.1833
11380121,-93.50,599.50,-148.3557,-162.4998
11384027,86.50,561.50,-147.4045,-179.0117
11387933,-255.50,-938.50,-140.5308,-195.3053
11391839,-680.50,-1934.50,-135.7695,-201.1805
11395745,-594.50,-1116.50,-136.8605,-206.7442
11399651,-152.50,421.50,-137.7387,-216.3154
11403557,67.50,625.50,-140.0013,-222.3290
11407463,-214.50,-765.50,-142.6778,-217.2834
11411369,-650.50,-1909.50,-139.2516,-202.1618
11415275,-660.50,-1277.50,-136.0584,-186.4951
11419181,-195.50,294.50,-134.0253,-177.9710
11423087,107.50,731.50,-122.3753,-174.1409
11426993,-144.50,-560.50,-106.9595,-169.9156
11430899,-582.50,-1854.50,-98.0347,-165.0854
11434805,-648.50,-1452.50,-92.3232,-161.8007
11438711,-246.50,107.50,-89.6707,-163.6907
11442617,95.50,768.50,-90.6993,-167.1917
11446523,-76.50,-377.50,-89.1061,-165.2320
11450429,-527.50,-1759.50,-81.2573,-155.2623
11454335,-643.50,-1601.50,-68.8215,-141.8151
11458241,-271.50,-82.50,-56.6467,-140.1552
11462147,112.50,777.50,-49.3749,-148.8336
11466053,-2.50,-200.50,-45.8968,-154.0833
11469959,-413.50,-1684.50,-35.4151,-152.5823
11473865,-609.50,-1746.50,-13.9114,-146.2353
11477771,-293.50,-287.50,0.8807,-143.1903
11481677,108.50,754.50,-1.7846,-144.6951
11485583,67.50,-5.50,-10.2930,-141.9752
11489489,-387.50,-1550.50,-14.2781,-131.7166
11493395,-616.50,-1828.50,-11.7680,-118.3121
11497301,-346.50,-460.50,-4.1214,-107.8321
11501207,93.50,747.50,1.8544,-100.6269
11505113,101.50,190.50,2.0246,-93.8005
11509019,-318.50,-1379.50,-0.5765,-86.4844
11512925,-605.50,-1895.50,1.4918,-80.8482
11516831,-369.50,-661.50,12.7035,-79.8948
11520737,81.50,656.50,26.3390,-84.2330
11524643,163.50,338.50,33.3623,-88.6256
11528549,-253.50,-1212.50,30.1825,-83.2632
11532455,-607.50,-1950.50,19.3634,-73.2645
11536361,-463.50,-862.50,7.1250,-69.3382
11540267,-15.50,551.50,-4.5145,-72.2251
11544173,124.50,451.50,-15.2685,-80.3588
11548079,-239.50,-1045.50,-23.5015,-82.3716
11551985,-608.50,-1965.50,-24.8198,-73.0309
11555891,-521.50,-1069.50,-18.5155,-63.5145
11559797,-64.50,438.50,-12.9770,-61.1416
11563703,151.50,583.50,-10.0234,-61.1179
11567609,-150.50,-832.50,-4.8505,-52.6591
11571515,-554.50,-1958.50,4.8281,-42.2080
11575421,-513.50,-1238.50,18.4707,-39.7596
11579327,-73.50,326.50,30.9615,-35.8576
11583233,193.50,688.50,37.2363,-27.3655
11587139,-74.50,-621.50,36.7437,-17.8427
11591045,-512.50,-1886.50,32.9817,-10.0333
11594951,-572.50,-1406.50,27.3423,-9.2269
11598857,-181.50,165.50,14.5678,-12.0769
11602763,134.50,731.50,-2.9978,-15.1254
11606669,-50.50,-442.50,-11.6203,-17.5000
11610575,-494.50,-1811.50,-5.7301,-14.0636
11614481,-622.50,-1573.50,1.7753,-8.7945
11618387,-246.50,-8.50,-1.6780,-6.9397
11622293,118.50,802.50,-9.8536,0.8402
11626199,-7.50,-226.50,-11.5800,14.6675
11630105,-461.50,-1679.50,-6.2574,25.6039
11634011,-662.50,-1664.50,-5.3128,33.5977
11637917,-297.50,-198.50,-10.9835,33.1657
11641823,124.50,800.50,-6.8611,25.9261
11645729,43.50,-18.50,6.4439,27.3847
11649635,-402.50,-1572.50,13.5917,35.1657
11653541,-649.50,-1786.50,11.7457,36.1483
11657447,-353.50,-396.50,5.7746,30.3462
11661353,100.50,796.50,6.0155,31.1407
11665263,135.50,210.50,22.5287,52.3073
11669169,-303.50,-1407.50,46.8863,75.9643
11673075,-637.50,-1898.50,53.2049,67.1791
11676981,-362.50,-623.50,41.9517,32.8013
11680887,112.50,721.50,43.6976,14.9399
11684793,175.50,273.50,60.4781,20.2440
11688699,-251.50,-1268.50,68.4526,24.9760
11692605,-586.50,-1913.50,62.8875,32.1402
11696511,-408.50,-765.50,56.7193,48.6149
11700417,38.50,627.50,52.9321,61.1982
11704323,166.50,475.50,46.5312,63.8129
11708229,-185.50,-1044.50,43.2341,68.9132
11712135,-568.50,-1901.50,48.4826,80.8249
11716041,-428.50,-952.50,59.3692,89.2812
11719947,16.50,546.50,70.1937,89.8066
11723853,184.50,603.50,68.6221,86.2810
11727759,-125.50,-840.50,56.7911,86.8604
11731665,-564.50,-1906.50,47.8102,91.0480
11735571,-512.50,-1152.50,40.9159,88.8692
11739477,-72.50,382.50,35.2669,78.5276
11743383,191.50,688.50,33.7167,68.8536
11747289,-107.50,-657.50,32.5703,70.7548
11751195,-524.50,-1873.50,30.3139,80.3333
11755101,-523.50,-1312.50,36.5996,87.2190
11759007,-93.50,240.50,51.5425,88.8240
11762913,179.50,761.50,57.1100,84.8134
11766819,-15.50,-440.50,50.5195,85.6294
11770725,-462.50,-1789.50,49.5950,95.7945
11774631,-561.50,-1469.50,54.4184,102.6857
11778537,-168.50,77.50,53.1626,100.1226
11782443,199.50,800.50,50.7322,92.1812
11786349,60.50,-271.50,57.2846,84.7228
11790255,-408.50,-1711.50,68.1098,82.1985
11794161,-542.50,-1609.50,74.8499,86.1251
11798067,-164.50,-111.50,83.4102,91.1030
11801973,250.50,818.50,99.5875,91.6454
11805879,156.50,-47.50,116.3852,94.7832
11809785,-308.50,-1582.50,122.8047,102.5200
11813691,-514.50,-1728.50,119.6662,104.0430
11817597,-190.50,-305.50,118.5998,97.7143
11821503,219.50,806.50,120.5132,92.8418
11825409,187.50,101.50,117.0363,91.3161
11829315,-298.50,-1449.50,102.3060,89.5137
11833221,-560.50,-1813.50,80.3086,90.8289
11837127,-303.50,-525.50,66.0468,90.6217
11841033,130.50,733.50,60.7255,82.4649
11844939,175.50,240.50,56.4662,71.8411
11848845,-242.50,-1309.50,54.6040,65.3396
11852751,-604.50,-1886.50,48.8590,69.5090
11856657,-392.50,-716.50,34.8311,79.4601
11860563,64.50,666.50,24.8301,84.9842
11864469,175.50,411.50,23.6267,85.3856
11868375,-182.50,-1116.50,30.2538,85.2553
11872281,-527.50,-1904.50,47.7578,90.1661
11876187,-386.50,-896.50,68.4717,97.3626
11880093,65.50,589.50,78.8196,102.9103
11883999,227.50,586.50,75.1735,110.4763
11887905,-117.50,-882.50,65.2494,122.1927
11891811,-516.50,-1863.50,58.8571,134.4167
11895717,-424.50,-1077.50,61.7202,136.0096
11899623,13.50,480.50,69.0169,126.3762
11903529,236.50,699.50,68.7331,122.1236
11907435,-52.50,-670.50,62.1657,129.5125
11911341,-472.50,-1842.50,60.6251,138.6424
11915247,-463.50,-1199.50,65.8359,143.9699
11919153,-45.50,372.50,68.5787,151.6899
11923059,236.50,824.50,62.7553,161.7313
11926965,-15.50,-421.50,52.3167,172.3885
11930871,-442.50,-1728.50,46.3852,183.0254
11934777,-512.50,-1338.50,48.6788,185.6745
11938683,-109.50,203.50,50.7567,177.0553
11942589,237.50,864.50,50.1967,162.9198
11946495,66.50,-228.50,53.7557,157.2875
11950401,-398.50,-1618.50,58.9337,168.9890
11954307,-518.50,-1444.50,60.5552,188.6682
11958213,-156.50,66.50,59.4659,199.6906
11962119,224.50,938.50,56.7316,198.7426
11966025,132.50,-8.50,58.4155,195.4399
11969931,-334.50,-1514.50,65.9391,191.7574
11973837,-542.50,-1584.50,66.6026,184.6459
11977743,-218.50,-129.50,57.0148,177.2104
11981649,208.50,945.50,49.8212,178.0861
11985555,142.50,194.50,48.7888,188.9680
11989461,-303.50,-1372.50,45.8013,195.1077
11993367,-552.50,-1660.50,41.3966,190.0563
11997273,-239.50,-282.50,45.9668,188.3338
12001179,240.50,979.50,68.0554,205.6976
12005085,198.50,410.50,88.0981,231.3767
12008991,-297.50,-1192.50,69.2886,233.9798
12012897,-625.50,-1707.50,18.1756,213.5714
12016803,-382.50,-474.50,-21.3978,197.8597
12020709,83.50,895.50,-28.1795,199.9286
12024615,176.50,561.50,-15.7407,210.1826
12028521,-223.50,-974.50,-2.2158,216.5104
12032427,-562.50,-1711.50,7.5210,220.0919
12036333,-416.50,-666.50,12.2687,217.2514
12040239,29.50,754.50,6.1649,200.3465
12044145,180.50,654.50,-6.9221,175.1545
12048051,-161.50,-828.50,-11.6059,159.3307
12051957,-552.50,-1753.50,-3.6133,161.6679
12055863,-438.50,-880.50,8.8006,168.1121
12059769,-6.50,674.50,15.2247,172.0077
12063675,206.50,816.50,10.0232,180.1679
12067581,-92.50,-594.50,4.4968,189.6618
12071487,-531.50,-1727.50,5.7375,191.3202
12075393,-512.50,-1056.50,3.5263,179.4883
12079299,-78.50,496.50,-5.5128,160.7353
12083205,174.50,853.50,-17.6125,143.4875
12087111,-114.50,-452.50,-33.7206,130.9973
12091017,-548.50,-1725.50,-49.2465,123.7865
12094923,-583.50,-1256.50,-53.6970,117.6929
12098829,-166.50,305.50,-49.7791,111.6302
12102735,155.50,899.50,-46.5122,106.3112
12106641,-31.50,-271.50,-42.3657,102.7810
12110547,-473.50,-1648.50,-31.9145,102.2636
12114453,-591.50,-1402.50,-20.8787,104.3589
12118359,-213.50,127.50,-19.9789,104.8947
12122265,144.50,934.50,-27.8739,101.2558
12126171,30.50,-64.50,-31.7519,99.2746
12130077,-433.50,-1554.50,-25.3468,98.8596
12133983,-608.50,-1536.50,-18.7223,95.9290
12137889,-249.50,-73.50,-16.0679,90.6448
12141795,135.50,931.50,-14.7514,84.6876
12145701,51.50,138.50,-19.6936,87.1659
12149607,-382.50,-1430.50,-25.8769,94.0537
12153513,-629.50,-1647.50,-26.3416,91.2232
12157419,-340.50,-280.50,-28.5021,80.3408
12161325,99.50,893.50,-32.6248,69.7961
12165231,101.50,271.50,-30.7279,64.4460
12169137,-314.50,-1310.50,-21.3389,59.1349
12173043,-605.50,-1745.50,-9.7352,52.8617
12176949,-378.50,-467.50,-5.7282,54.2591
12180855,69.50,848.50,-11.0802,63.4924
12184761,133.50,454.50,-16.9959,72.8047
12188667,-281.50,-1106.50,-19.9969,76.8508
12192573,-616.50,-1773.50,-22.3490,76.9755
12196479,-431.50,-646.50,-22.5770,76.8927
12200385,45.50,752.50,-16.7631,75.2092
12204291,153.50,595.50,-9.6856,69.4097
12208197,-200.50,-887.50,-7.7115,71.8699
12212103,-560.50,-1764.50,-2.4437,87.4079
12216009,-436.50,-842.50,10.3710,94.5976
12219915,26.50,675.50,22.6103,88.2355
12223821,176.50,735.50,22.8269,82.7103
12227727,-175.50,-713.50,3.8991,80.4910
12231633,-609.50,-1778.50,-24.4957,77.1320
12235539,-546.50,-1043.50,-45.0570,68.7095
12239445,-92.50,535.50,-48.6808,61.7444
12243351,145.50,830.50,-43.3898,64.5588
12247257,-119.50,-512.50,-39.0466,70.6506
12251163,-559.50,-1728.50,-34.5435,73.6290
12255069,-577.50,-1209.50,-31.6194,70.0597
12258975,-142.50,371.50,-30.8997,61.7771
12262881,198.50,903.50,-22.4218,58.7322
12266787,18.50,-304.50,3.2575,63.8577
12270693,-434.50,-1636.50,35.9219,73.4872
12274599,-527.50,-1329.50,53.6389,82.0698
12278505,-125.50,249.50,53.7255,88.0473
12282411,226.50,1015.50,49.5523,100.0203
12286317,70.50,-44.50,48.0814,117.3405
12290223,-404.50,-1505.50,46.3317,125.7001
12294129,-554.50,-1439.50,40.8953,119.0792
12298035,-216.50,50.50,32.1206,102.7227
12301941,169.50,996.50,20.4139,87.8291
12305847,78.50,128.50,10.8309,84.5976
12309753,-362.50,-1407.50,10.4200,87.7765
12313659,-612.50,-1536.50,11.2363,90.4187
12317565,-303.50,-126.50,1.4221,93.2292
12321471,140.50,1008.50,-7.4851,96.2207
12325377,91.50,333.50,-7.5466,101.8785
12329283,-335.50,-1240.50,-7.5504,105.5609
12333189,-604.50,-1592.50,-6.1785,106.5748
12337095,-350.50,-303.50,-2.9088,109.0458
12341001,72.50,975.50,-6.0323,109.0857
12344907,94.50,479.50,-19.5064,103.2340
12348813,-303.50,-1071.50,-32.8769,92.7746
12352719,-618.50,-1653.50,-32.8788,90.4389
12356625,-426.50,-512.50,-25.6828,94.3205
12360531,38.50,867.50,-21.2735,88.4522
12364437,158.50,659.50,-16.1650,81.4167
12368343,-212.50,-865.50,-6.5075,88.2914
12372249,-569.50,-1641.50,5.1489,106.8255
12376155,-420.50,-633.50,16.3685,127.5291
12380061,-13.50,775.50,17.2305,129.3102
12383967,137.50,743.50,-2.6053,98.4084
12387873,-186.50,-744.50,-25.6617,57.9355
12391779,-600.50,-1756.50,-33.7868,30.3791
12395685,-561.50,-959.50,-39.9335,12.3921
12399591,-109.50,608.50,-52.8743,4.8328
12403497,143.50,831.50,-57.9858,11.4574
12407403,-174.50,-525.50,-53.9599,25.1897
12411309,-584.50,-1690.50,-52.3561,38.8274
12415215,-575.50,-1098.50,-48.9440,43.3036
12419121,-143.50,487.50,-41.3893,39.9923
12423027,119.50,951.50,-39.8015,42.5803
12426933,-108.50,-299.50,-46.0401,52.7631
12430839,-559.50,-1627.50,-50.8461,58.3204
12434745,-604.50,-1258.50,-48.5807,49.2187
12438651,-207.50,310.50,-41.5381,34.0727
12442557,134.50,1007.50,-35.4879,31.1267
12446463,-21.50,-113.50,-28.2152,40.4471
12450369,-530.50,-1548.50,-25.7197,43.9439
12454275,-672.50,-1415.50,-41.9310,32.4956
12458181,-310.50,107.50,-64.8034,14.6615
12462087,80.50,998.50,-75.0044,5.7406
12465993,-73.50,59.50,-78.2499,9.4248
12469899,-545.50,-1455.50,-90.6840,12.9176
12473805,-752.50,-1548.50,-109.8284,6.7772
12477711,-529.50,-244.50,-140.3902,-28.9687
12481617,-216.50,693.50,-203.5337,-117.4358
12485523,-349.50,-107.50,-292.2343,-229.9043
12489429,-889.50,-1749.50,-383.9382,-325.0075
12493335,-1270.50,-2047.50,-478.1847,-389.0017
12497241,-1156.50,-965.50,-589.6434,-455.4040
12501147,-781.50,187.50,-707.0362,-567.0367
12505053,-868.50,-447.50,-802.6711,-686.5334
12508959,-1349.50,-2047.50,-875.8011,-771.6292
12512865,-1676.50,-2047.50,-926.0775,-728.6453
12516771,-1449.50,-1348.50,-941.9621,-597.4884
12520677,-1036.50,-143.50,-934.4298,-629.7604
12524583,-928.50,-494.50,-922.1238,-796.2516
12528489,-1292.50,-2047.50,-899.8891,-907.3728
12532395,-1610.50,-2047.50,-861.2479,-821.1847
12536301,-1438.50,-1581.50,-816.1994,-607.3845
12540207,-976.50,-264.50,-777.0782,-588.1886
12544113,-821.50,-349.50,-748.7813,-733.8828
12548019,-1126.50,-1852.50,-721.0912,-825.5837
12551925,-1454.50,-2047.50,-676.4644,-738.1087
12555831,-1270.50,-1666.50,-606.4767,-525.0965
12559737,-783.50,-210.50,-522.6355,-463.1158
12563643,-605.50,-63.50,-460.9970,-535.6368
12567549,-876.50,-1519.50,-435.7212,-585.1698
12571455,-1280.50,-2047.50,-419.5245,-536.3816
12575361,-1198.50,-1717.50,-391.4274,-399.9562
12579267,-682.50,-199.50,-340.7469,-348.5253
12583173,-367.50,174.50,-269.1703,-372.3171
12587079,-606.50,-1101.50,-202.2650,-372.2103
12590985,-1040.50,-2047.50,-161.2561,-331.6688
12594891,-1049.50,-1746.50,-140.3372,-265.9850
12598797,-562.50,-161.50,-112.4858,-230.0666
12602703,-174.50,455.50,-58.4121,-192.0547
12606609,-290.50,-591.50,17.3399,-118.9412
12610515,-682.50,-1888.50,99.0424,-55.6691
12614421,-729.50,-1648.50,172.0452,-31.5658
12618327,-290.50,-19.50,232.5990,-2.3794
12622233,138.50,832.50,288.1466,90.2630
12626139,73.50,-94.50,347.3164,207.4842
12630045,-347.50,-1540.50,406.4988,266.2400
12633951,-477.50,-1507.50,453.4778,255.3230
12637857,-105.50,6.50,486.8571,247.4237
12641763,321.50,1093.50,512.0510,311.2006
12645669,327.50,339.50,541.0809,422.0293
12649575,-96.50,-1199.50,580.9657,485.0106
12653481,-317.50,-1406.50,613.8612,465.2260
12657387,-16.50,-15.50,626.6317,432.4536
12661293,431.50,1265.50,628.7491,468.4136
12665199,425.50,638.50,628.6978,556.6144
12669105,16.50,-948.50,627.9740,592.1259
12673011,-284.50,-1373.50,625.8959,547.9179
12676917,-38.50,-117.50,619.4186,501.6092
12680823,430.50,1283.50,614.7100,521.0151
12684729,500.50,861.50,617.0949,588.2585
12688635,98.50,-704.50,618.9314,614.8282
12692541,-256.50,-1392.50,611.8245,570.3190
12696447,-114.50,-297.50,590.1703,509.0374
12700353,346.50,1143.50,560.3343,490.3986
12704263,463.50,1021.50,536.3329,523.2852
12708169,117.50,-512.50,523.5441,553.8327
12712075,-244.50,-1405.50,523.8665,532.7354
12715981,-127.50,-480.50,531.4854,481.7386
12719887,286.50,1023.50,528.0084,457.3259
12723793,479.50,1200.50,506.5209,487.6948
12727699,144.50,-325.50,481.2731,528.6348
12731605,-271.50,-1422.50,461.7651,504.0612
12735511,-255.50,-698.50,442.8563,431.4894
12739417,179.50,880.50,420.3495,391.7817
12743323,399.50,1219.50,395.3934,411.1501
12747229,147.50,-239.50,373.8221,426.4295
12751135,-326.50,-1433.50,357.7359,382.6090
12755041,-367.50,-925.50,336.6010,321.6686
12758947,18.50,642.50,306.5565,294.0206
12762853,272.50,1221.50,268.7020,307.6998
12766759,53.50,-84.50,228.2024,324.0712
12770665,-447.50,-1480.50,192.7761,285.2277
12774571,-591.50,-1327.50,152.6332,188.1535
12778477,-277.50,208.50,97.5547,81.5460
12782383,-27.50,903.50,24.8339,16.4708
12786289,-220.50,-239.50,-55.6718,-24.2890
12790195,-798.50,-1802.50,-134.5447,-96.3883
12794101,-1042.50,-1828.50,-222.1258,-204.7104
12798007,-692.50,-381.50,-300.8563,-306.5119
12801913,-398.50,490.50,-352.2227,-371.8377
12805819,-591.50,-398.50,-408.3870,-410.4577
12809725,-1106.50,-2047.50,-484.3298,-456.6471
12813631,-1321.50,-2047.50,-546.9088,-495.8756
12817537,-980.50,-781.50,-564.2191,-496.6834
12821443,-562.50,321.50,-543.4080,-501.3862
12825349,-536.50,-277.50,-508.5011,-508.3500
12829255,-959.50,-1865.50,-468.4176,-491.6771
12833161,-1232.50,-2047.50,-435.3521,-448.4134
12837067,-1024.50,-942.50,-426.9670,-396.3357
12840973,-512.50,367.50,-428.7137,-388.9370
12844879,-412.50,-13.50,-401.6529,-387.7907
12848785,-792.50,-1599.50,-346.2252,-358.4742
12852691,-1056.50,-2047.50,-287.3843,-318.4722
12856597,-836.50,-950.50,-233.7417,-266.1500
12860503,-359.50,411.50,-191.6360,-233.9418
12864409,-238.50,266.50,-164.0680,-218.5286
12868315,-626.50,-1271.50,-150.1240,-192.0493
12872221,-1013.50,-2047.50,-150.5625,-171.1709
12876127,-932.50,-1120.50,-167.5589,-169.6132
12880033,-384.50,345.50,-178.9306,-181.6354
12883939,-113.50,437.50,-141.7546,-175.0164
12887845,-482.50,-976.50,-76.3309,-129.6916
12891751,-859.50,-1948.50,-36.5770,-77.3048
12895657,-720.50,-1149.50,-9.6419,-46.0464
12899563,-296.50,450.50,22.7853,-18.6908
12903469,-14.50,781.50,44.9921,37.1166
12907375,-226.50,-580.50,72.4578,106.5342
12911281,-619.50,-1688.50,122.2122,151.9897
12915187,-589.50,-1040.50,175.0934,184.2524
12919093,-95.50,591.50,220.5043,233.9436
12922999,263.50,1172.50,268.8576,312.3077
12926905,71.50,-91.50,321.0397,391.4141
12930811,-313.50,-1359.50,371.2000,428.3924
12934717,-339.50,-955.50,420.4883,436.8855
12938623,86.50,643.50,462.5489,455.2056
12942529,443.50,1518.50,487.4160,516.9064
12946435,330.50,291.50,504.6724,593.5917
12950341,-105.50,-1091.50,528.6752,607.3201
12954247,-207.50,-968.50,555.4342,575.3036
12958153,162.50,556.50,575.2364,550.4576
12962059,543.50,1707.50,581.0533,585.2880
12965965,460.50,622.50,577.3333,667.3891
12969871,-9.50,-896.50,572.4517,682.9603
12973777,-244.50,-1039.50,557.4066,624.4285
12977683,85.50,410.50,531.8348,564.3594
12981589,459.50,1717.50,505.6444,571.1942
12985495,431.50,739.50,480.3318,618.3334
12989401,-21.50,-859.50,461.4472,583.8013
12993307,-330.50,-1253.50,441.4440,482.5842
12997213,-141.50,67.50,398.5191,396.4700
13001119,227.50,1264.50,329.1841,340.4516
13005025,171.50,606.50,246.2511,283.7546
13008931,-342.50,-1071.50,157.0485,191.9362
13012837,-708.50,-1701.50,69.5848,82.8127
13016743,-581.50,-565.50,-7.2476,-14.0739
13020649,-293.50,695.50,-93.8703,-100.9318
13024555,-260.50,356.50,-201.7712,-182.8006
13028461,-655.50,-1250.50,-288.9649,-247.4639
13032367,-1071.50,-2047.50,-333.9716,-291.1868
13036273,-892.50,-975.50,-352.9807,-314.5308
13040179,-420.50,464.50,-346.1241,-319.1048
13044085,-249.50,455.50,-320.7200,-311.1003
13047991,-591.50,-1029.50,-296.6745,-286.0193
13051897,-940.50,-1960.50,-274.8293,-250.3092
13055803,-866.50,-1103.50,-251.3898,-222.9705
13059709,-466.50,439.50,-244.0428,-211.6373
13063615,-212.50,638.50,-253.2967,-204.9602
13067521,-466.50,-792.50,-245.6191,-193.8450
13071427,-924.50,-1887.50,-222.5368,-180.1111
13075333,-874.50,-1230.50,-208.4713,-163.7222
13079239,-449.50,350.50,-198.4772,-150.7769
13083145,-175.50,784.50,-189.5227,-139.3433
13087051,-443.50,-557.50,-189.5928,-129.0967
13090957,-841.50,-1784.50,-190.2618,-122.8308
13094863,-869.50,-1356.50,-174.5684,-111.4625
13098769,-437.50,257.50,-144.8557,-96.0696
13102675,-128.50,925.50,-119.8416,-72.6212
13106581,-271.50,-215.50,-103.7481,-38.3765
13110487,-639.50,-1551.50,-73.2180,0.4056
13114393,-799.50,-1365.50,-32.6480,34.4862
13118299,-414.50,191.50,-15.5488,47.3643
13122205,6.50,1135.50,-7.2670,63.7521
13126111,-44.50,157.50,26.8929,109.6897
13130017,-463.50,-1290.50,80.9538,159.1807
13133923,-609.50,-1312.50,129.1615,191.3241
13137829,-248.50,234.50,164.6953,214.2157
13141735,205.50,1481.50,198.4253,275.3755
13145641,214.50,631.50,241.2049,375.4440
13149547,-159.50,-892.50,295.1604,436.3329
13153453,-367.50,-1109.50,349.1022,452.3395
13157359,-49.50,333.50,391.3666,470.7932
13161265,447.50,1995.50,429.6455,572.3030
13165171,554.50,1195.50,482.5061,742.3926
13169077,174.50,-366.50,546.5141,815.2488
13172983,-45.50,-766.50,604.2458,800.6898
13176889,251.50,566.50,658.9999,813.5430
13180795,742.50,2047.50,714.7280,869.3618
13184701,878.50,1824.50,762.9147,962.2248
13188607,511.50,94.50,798.7525,1035.1740
13192513,249.50,-526.50,828.6673,1037.2489
13196419,463.50,592.50,866.1886,1018.5702
13200325,971.50,2047.50,909.9926,1007.2414
13204231,1213.50,2047.50,959.2235,1008.0410
13208137,811.50,342.50,999.6417,1013.4945
13212043,432.50,-512.50,1000.2190,986.4828
13215949,537.50,435.50,974.0984,956.6694
13219855,1010.50,2047.50,954.2903,956.5805
13223761,1235.50,2047.50,948.8856,952.0981
13227667,837.50,483.50,934.0983,897.2794
13231573,384.50,-575.50,884.3006,819.8099
13235479,371.50,138.50,815.4192,775.3407
13239385,775.50,2047.50,750.6714,804.2933
13243291,1040.50,2047.50,700.3900,856.4088
13247197,729.50,550.50,663.1999,785.8365
13251103,231.50,-651.50,619.0423,643.7276
13255009,160.50,-146.50,561.6874,569.5960
13258915,575.50,1616.50,510.0057,571.5556
13262821,873.50,2047.50,475.7082,595.9705
13266727,646.50,705.50,449.4949,565.2028
13270633,195.50,-612.50,425.6703,499.5562
13274539,37.50,-366.50,400.5171,464.5854
13278445,414.50,1211.50,366.2684,435.9479
13282351,755.50,2047.50,330.3833,406.5361
13286257,603.50,819.50,301.0965,381.6275
13290163,119.50,-634.50,275.7685,342.2274
13294069,-84.50,-618.50,247.1781,305.2031
13297975,261.50,869.50,216.1915,263.3052
13301881,624.50,2047.50,188.2966,240.7254
13305787,511.50,958.50,156.1154,254.9020
13309693,61.50,-620.50,122.1280,234.6095
13313599,-175.50,-824.50,100.1890,180.9220
13317505,103.50,578.50,86.5238,127.2162
13321411,489.50,2047.50,65.5210,123.5528
13325317,469.50,1091.50,34.7027,172.7287
13329223,47.50,-536.50,11.0582,160.0187
13333129,-246.50,-980.50,2.7996,91.6847
13337035,-15.50,316.50,-2.5592,31.1577
13340941,391.50,1946.50,-18.2603,29.4904
13344847,460.50,1191.50,-40.9512,77.8436
13348753,16.50,-452.50,-60.8826,56.9109
13352659,-332.50,-1128.50,-81.7958,-18.1939
13356565,-170.50,22.50,-105.3579,-79.6636
13360471,258.50,1519.50,-128.8273,-124.6537
13364377,399.50,1243.50,-146.9605,-146.7680
13368283,14.50,-364.50,-153.6766,-156.3414
13372189,-374.50,-1242.50,-158.0065,-162.2991
13376095,-264.50,-251.50,-167.4602,-177.2637
13380001,193.50,1266.50,-176.5478,-214.3035
13383907,353.50,1338.50,-184.9397,-246.1393
13387813,15.50,-248.50,-198.2157,-248.1472
13391719,-405.50,-1313.50,-213.1913,-243.6682
13395625,-367.50,-528.50,-225.9072,-257.5180
13399531,67.50,1037.50,-237.6166,-295.9922
13403437,317.50,1377.50,-246.0689,-329.3681
13407343,48.50,-98.50,-246.7455,-324.9401
13411249,-376.50,-1315.50,-239.4112,-305.6375
13415155,-398.50,-737.50,-230.9064,-299.9944
13419061,15.50,835.50,-229.5866,-324.1611
13422967,308.50,1454.50,-235.9624,-350.6207
13426873,98.50,63.50,-241.5285,-343.8820
13430779,-332.50,-1276.50,-236.9579,-330.6938
13434685,-432.50,-933.50,-227.4500,-328.1747
13438591,-61.50,632.50,-229.0746,-347.2188
13442497,269.50,1490.50,-244.3037,-367.0075
13446403,135.50,245.50,-256.3468,-356.4759
13450309,-237.50,-1135.50,-239.9069,-333.8678
13454215,-472.50,-1089.50,-211.4168,-313.2880
13458121,-197.50,389.50,-226.9234,-336.0819
13462027,205.50,1472.50,-276.9800,-381.2676
13465933,129.50,425.50,-303.9897,-384.3905
13469839,-319.50,-1074.50,-299.9334,-365.1161
13473745,-524.50,-1213.50,-288.2997,-343.5509
13477651,-208.50,231.50,-276.9939,-341.7009
13481557,185.50,1452.50,-269.3672,-355.5707
13485463,142.50,592.50,-274.3571,-360.0397
13489369,-264.50,-986.50,-283.7636,-369.4174
13493275,-538.50,-1345.50,-283.1207,-373.2101
13497181,-267.50,4.50,-274.1030,-373.6239
13501087,173.50,1357.50,-260.9123,-378.6697
13504993,192.50,747.50,-252.6666,-380.5652
13508899,-221.50,-818.50,-257.6606,-382.0255
13512805,-532.50,-1396.50,-266.0606,-366.5673
13516711,-304.50,-168.50,-261.7913,-346.0672
13520617,130.50,1262.50,-246.0207,-344.0616
13524523,242.50,976.50,-234.2910,-346.9759
13528429,-156.50,-591.50,-233.7680,-334.7944
13532335,-530.50,-1410.50,-243.7560,-309.8172
13536241,-366.50,-361.50,-251.5888,-300.2316
13540147,81.50,1112.50,-245.0744,-322.0711
13544053,231.50,1086.50,-237.1290,-353.6428
13547959,-133.50,-453.50,-243.5951,-361.3420
13551865,-517.50,-1461.50,-257.4082,-346.6498
13555771,-431.50,-611.50,-260.2966,-339.5591
13559677,13.50,946.50,-250.4281,-356.0731
13563583,254.50,1209.50,-237.5088,-371.4544
13567489,-56.50,-257.50,-229.0839,-357.1804
13571395,-468.50,-1436.50,-227.9243,-332.0477
13575301,-470.50,-776.50,-228.6166,-320.1653
13579207,-48.50,787.50,-229.6541,-331.0234
13583113,197.50,1296.50,-237.4053,-348.6340
13587019,-46.50,-90.50,-252.9519,-346.9476
13590925,-464.50,-1404.50,-261.7061,-339.0519
13594831,-558.50,-969.50,-260.4518,-334.3261
13598737,-152.50,601.50,-262.8580,-339.4632
13602643,180.50,1398.50,-265.4995,-339.2912
13606549,-10.50,112.50,-263.8609,-317.0349
13610455,-447.50,-1295.50,-261.5005,-304.3721
13614361,-588.50,-1118.50,-259.1099,-303.1507
13618267,-196.50,415.50,-255.3426,-313.1218
13622173,169.50,1391.50,-246.5169,-324.9748
13626079,56.50,290.50,-237.0568,-319.4443
13629985,-367.50,-1199.50,-227.2702,-315.2625
13633891,-586.50,-1254.50,-218.5960,-308.5715
13637797,-258.50,230.50,-219.9418,-304.9837
13641703,144.50,1391.50,-224.5648,-303.4947
13645609,73.50,499.50,-227.8308,-291.8769
13649515,-378.50,-1071.50,-235.7950,-289.7908
13653421,-628.50,-1359.50,-245.8716,-290.3488
13657327,-333.50,21.50,-247.7679,-291.7620
13661233,96.50,1315.50,-238.2298,-297.0028
13665139,117.50,646.50,-225.8636,-299.7656
13669045,-303.50,-933.50,-217.1451,-305.8376
13672951,-605.50,-1458.50,-212.9864,-302.3439
13676857,-388.50,-184.50,-212.4426,-293.9418
13680763,43.50,1217.50,-214.6500,-291.9999
13684669,154.50,816.50,-213.8243,-293.5632
13688575,-219.50,-751.50,-200.5144,-293.6985
13692481,-561.50,-1470.50,-180.7048,-276.7215
13696387,-394.50,-355.50,-165.8219,-253.0169
13700293,51.50,1110.50,-157.5727,-248.2024
13704199,205.50,993.50,-153.5267,-259.1707
13708105,-155.50,-549.50,-151.2942,-261.7198
13712011,-589.50,-1490.50,-159.2900,-247.6345
13715917,-512.50,-603.50,-183.0689,-241.6420
13719823,-65.50,933.50,-206.1066,-263.1154
13723729,145.50,1089.50,-214.0689,-288.1484
13727635,-170.50,-388.50,-212.1865,-286.4670
13731541,-585.50,-1516.50,-209.4588,-268.2959
13735447,-555.50,-798.50,-206.4439,-257.5995
13739353,-120.50,775.50,-201.7188,-265.1878
13743263,160.50,1211.50,-194.4566,-272.7188
13747169,-81.50,-153.50,-182.2000,-252.9515
13751075,-536.50,-1480.50,-170.9544,-229.4997
13754981,-614.50,-990.50,-174.9161,-233.3613
13758887,-194.50,592.50,-190.9611,-257.3535
13762793,134.50,1220.50,-198.1836,-278.3889
13766699,-73.50,-38.50,-193.5848,-282.5702
13770605,-543.50,-1424.50,-192.4597,-276.1939
13774511,-635.50,-1167.50,-195.7180,-265.1933
13778417,-228.50,388.50,-188.5498,-264.4622
13782323,134.50,1270.50,-170.2804,-269.0209
13786229,-14.50,167.50,-157.8949,-259.9210
13790135,-466.50,-1320.50,-157.1018,-249.1756
13794041,-649.50,-1272.50,-160.3920,-236.6429
13797947,-289.50,247.50,-160.5457,-222.3184
13801853,143.50,1349.50,-148.1686,-203.8784
13805759,80.50,422.50,-124.4257,-177.8380
13809665,-388.50,-1153.50,-107.9203,-168.8421
13813571,-623.50,-1344.50,-108.1427,-170.4721
13817477,-330.50,84.50,-114.4084,-166.9690
13821383,121.50,1344.50,-113.2282,-155.1479
13825289,98.50,589.50,-105.9725,-143.8499
13829195,-368.50,-994.50,-109.2452,-153.1654
13833101,-664.50,-1452.50,-126.3865,-164.3069
13837007,-393.50,-141.50,-135.9902,-167.6779
13840913,65.50,1243.50,-125.4540,-165.8854
13844819,155.50,757.50,-103.8821,-159.1058
13848725,-271.50,-814.50,-85.6698,-156.3850
13852631,-623.50,-1487.50,-82.5316,-147.1924
13856537,-441.50,-328.50,-90.2636,-136.8523
13860443,22.50,1107.50,-95.0809,-141.9163
13864349,184.50,905.50,-88.5660,-157.0027
13868255,-200.50,-662.50,-73.7468,-165.7394
13872161,-626.50,-1554.50,-71.2696,-162.6819
13876067,-512.50,-562.50,-87.8077,-159.5360
13879973,-19.50,977.50,-98.3217,-161.7427
13883879,192.50,1039.50,-86.8048,-162.5598
13887785,-136.50,-447.50,-66.7098,-152.1565
13891691,-571.50,-1513.50,-56.3041,-131.9007
13895597,-522.50,-736.50,-57.9411,-118.6371
13899503,-61.50,848.50,-60.4725,-122.7574
13903409,203.50,1168.50,-56.4471,-129.8931
13907315,-60.50,-258.50,-46.6019,-126.0113
13911221,-522.50,-1494.50,-37.4487,-120.4005
13915127,-526.50,-911.50,-33.2073,-117.6567
13919033,-102.50,658.50,-29.9834,-122.5130
13922939,193.50,1223.50,-30.9277,-133.7484
13926845,-37.50,-79.50,-39.8078,-135.5470
13930751,-481.50,-1453.50,-46.4533,-133.0771
13934657,-572.50,-1105.50,-43.1897,-132.2076
13938563,-174.50,454.50,-37.2697,-137.5198
13942469,173.50,1294.50,-37.0324,-138.9255
13946375,19.50,111.50,-40.6021,-123.8874
13950281,-412.50,-1342.50,-36.2290,-114.4122
13954187,-577.50,-1208.50,-21.9276,-105.8565
13958093,-232.50,295.50,-14.7467,-96.8181
13961999,144.50,1330.50,-23.3985,-92.8809
13965905,45.50,346.50,-39.2498,-80.9286
13969811,-418.50,-1231.50,-51.4617,-79.4245
13973717,-644.50,-1375.50,-57.8425,-93.7485
13977623,-339.50,80.50,-62.5826,-109.8390
13981529,83.50,1283.50,-67.3569,-112.6533
13985435,79.50,509.50,-67.1162,-98.6164
13989341,-350.50,-1085.50,-56.4863,-91.0665
13993247,-608.50,-1441.50,-38.8852,-87.5410
13997153,-335.50,-79.50,-20.2626,-78.6231
14001059,117.50,1271.50,-4.7261,-63.4465
14004965,151.50,686.50,2.5436,-51.7216
14008871,-246.50,-897.50,4.6113,-58.6732
14012777,-589.50,-1501.50,7.1908,-64.1356
14016683,-405.50,-292.50,3.9924,-62.0411
14020589,46.50,1131.50,-6.8715,-65.2314
14024495,144.50,821.50,-18.8052,-75.6603
14028401,-244.50,-724.50,-28.6378,-83.6335
14032307,-592.50,-1546.50,-30.4129,-74.1228
14036213,-443.50,-512.50,-19.4465,-63.3610
14040119,35.50,1008.50,-1.3103,-67.0134
14044025,202.50,961.50,13.5038,-76.6257
14047931,-202.50,-544.50,8.3980,-79.8962
14051837,-578.50,-1576.50,-13.2979,-73.3105
14055743,-512.50,-750.50,-24.1387,-74.9985
14059649,-79.50,842.50,-25.0709,-90.0928
14063555,167.50,1067.50,-28.3930,-98.1482
14067461,-128.50,-384.50,-28.2676,-93.3202
14071367,-573.50,-1584.50,-26.1064,-89.2345
14075273,-570.50,-937.50,-27.8086,-91.7247
14079179,-114.50,671.50,-27.2736,-96.4889
14083085,189.50,1163.50,-17.4182,-93.6380
14086991,-66.50,-175.50,-6.3072,-79.6267
14090897,-512.50,-1509.50,-3.0165,-68.8951
14094803,-600.50,-1080.50,-6.6835,-64.6639
14098709,-207.50,503.50,-18.1796,-65.4858
14102615,138.50,1248.50,-31.7764,-63.9620
14106521,-44.50,48.50,-37.5244,-49.1486
14110427,-512.50,-1373.50,-37.7339,-32.9407
14114333,-632.50,-1205.50,-35.8570,-21.6939
14118239,-239.50,330.50,-27.6965,-24.5379
14122145,150.50,1323.50,-13.6324,-27.3323
14126051,66.50,269.50,3.4086,-10.0911
14129957,-404.50,-1280.50,20.2861,-3.6871
14133863,-586.50,-1340.50,30.7599,-14.4399
14137769,-271.50,121.50,33.6871,-29.4208
14141675,128.50,1293.50,27.5604,-35.2334
14145581,79.50,430.50,15.2928,-23.8227
14149487,-365.50,-1184.50,7.9335,-26.5244
14153393,-623.50,-1471.50,8.0526,-42.5687
14157299,-386.50,-89.50,3.2774,-51.3812
14161205,75.50,1197.50,-9.3942,-51.7803
14165111,80.50,573.50,-17.2834,-48.9796
14169017,-346.50,-1040.50,-19.8874,-54.8980
14172923,-629.50,-1566.50,-16.7647,-60.3912
14176829,-376.50,-302.50,0.5274,-58.5272
14180735,47.50,1103.50,19.5815,-54.6630
14184641,118.50,725.50,18.6267,-53.4352
14188547,-262.50,-848.50,6.6488,-54.8409
14192453,-618.50,-1584.50,3.4355,-44.7445
14196359,-456.50,-479.50,7.2553,-27.5550
14200265,-1.50,1014.50,10.1630,-19.6810
14204171,143.50,913.50,9.0012,-19.6448
14208077,-207.50,-603.50,6.5253,-12.1839
14211983,-590.50,-1574.50,8.9963,5.8211
14215889,-512.50,-694.50,13.0918,9.3721
14219795,-40.50,869.50,14.2387,-10.4771
14223701,170.50,1006.50,16.8203,-31.3800
14227607,-144.50,-448.50,19.7959,-35.4802
14231513,-580.50,-1585.50,17.8059,-24.6556
14235419,-548.50,-876.50,12.8249,-14.0221
14239325,-116.50,735.50,9.0964,-11.8079
14243231,165.50,1134.50,7.9989,-10.0225
14247137,-70.50,-228.50,14.3970,-1.7151
14251043,-512.50,-1536.50,28.4612,4.5540
14254949,-589.50,-1050.50,34.2129,1.6923
14258855,-166.50,581.50,24.6285,-2.7294
14262761,201.50,1258.50,21.9269,9.8330
14266667,14.50,-42.50,39.9831,29.1877
14270573,-475.50,-1462.50,56.1473,22.9235
14274479,-590.50,-1202.50,52.1210,5.2952
14278385,-208.50,369.50,39.9917,-4.6415
14282291,144.50,1264.50,30.0160,-2.5326
14286197,33.50,171.50,24.7102,13.1548
14290103,-438.50,-1332.50,27.0662,22.8157
14294009,-592.50,-1301.50,33.8553,28.2257
14297915,-249.50,199.50,43.2050,31.7283
14301821,143.50,1295.50,48.5723,34.5688
14305727,69.50,403.50,43.8860,47.5375
14309633,-367.50,-1192.50,38.4669,53.4941
14313539,-581.50,-1397.50,44.4473,50.6006
14317445,-303.50,5.50,56.3284,46.8281
14321351,123.50,1263.50,59.1254,44.3843
14325257,121.50,565.50,53.3141,47.3017
14329163,-291.50,-1042.50,51.4211,43.6035
14333069,-608.50,-1488.50,53.6703,40.3377
14336975,-378.50,-220.50,48.7967,38.3370
14340881,59.50,1154.50,37.1004,27.6260
14344787,117.50,709.50,25.0995,17.9774
14348693,-298.50,-888.50,14.2849,13.7246
14352599,-626.50,-1563.50,8.0964,18.5381
14356505,-424.50,-405.50,13.8238,28.2386
14360411,49.50,1057.50,31.5309,31.4126
14364317,187.50,875.50,50.2280,28.4346
14368223,-184.50,-698.50,60.5864,26.0054
14372129,-566.50,-1560.50,62.2379,33.2136
14376035,-462.50,-579.50,58.6974,48.7895
14379941,-5.50,966.50,52.9550,58.3277
14383847,180.50,1041.50,47.0406,59.3594
14387753,-138.50,-460.50,42.8203,62.3852
14391659,-568.50,-1571.50,40.0430,63.8404
14395565,-512.50,-808.50,37.2826,52.2591
14399471,-40.50,801.50,41.3058,34.7286
14403377,208.50,1118.50,52.9945,27.8467
14407283,-66.50,-245.50,60.6663,40.0774
14411189,-521.50,-1519.50,58.9962,60.0660
14415095,-518.50,-945.50,55.5048,68.7327
14419001,-72.50,671.50,62.2948,67.1826
14422907,228.50,1233.50,75.2860,67.2171
14426813,30.50,-74.50,84.7203,67.7246
14430719,-416.50,-1465.50,94.0613,58.6316
14434625,-512.50,-1126.50,101.6838,47.7328
14438531,-84.50,487.50,106.8591,46.2357
14442437,239.50,1338.50,110.7885,64.9002
14446343,80.50,173.50,105.5046,96.6076
14450249,-402.50,-1337.50,91.9942,103.6005
14454155,-564.50,-1268.50,76.3318,83.4233
14458061,-201.50,295.50,64.1181,61.1707
14461967,166.50,1330.50,55.6657,60.5728
14465873,64.50,343.50,43.7783,76.5993
14469779,-412.50,-1232.50,28.5598,75.0300
14473685,-621.50,-1371.50,15.8694,63.0127
14477591,-302.50,79.50,11.7692,55.7556
14481497,112.50,1276.50,13.3619,53.2318
14485403,89.50,511.50,13.3985,54.9824
14489309,-341.50,-1103.50,14.9353,48.2280
14493215,-621.50,-1460.50,19.2615,43.9015
14497121,-345.50,-137.50,23.1897,47.2485
14501027,87.50,1211.50,25.9027,47.1204
14504933,139.50,679.50,26.3499,45.6146
14508839,-258.50,-934.50,30.8672,40.3438
14512745,-604.50,-1536.50,38.1947,39.2708
14516651,-399.50,-332.50,37.7227,44.5352
14520557,62.50,1102.50,33.9194,43.8805
14524463,171.50,825.50,33.5743,35.3609
14528369,-239.50,-760.50,30.5030,26.3254
14532275,-625.50,-1592.50,17.8034,25.7099
14536181,-461.50,-575.50,6.2130,24.7591
14540087,15.50,955.50,10.9498,13.5088
14543993,190.50,944.50,25.3465,2.3015
14547899,-133.50,-576.50,38.6907,2.8510
14551805,-569.50,-1609.50,45.5390,12.3532
14555711,-512.50,-774.50,37.7866,16.5943
14559617,-48.50,823.50,23.5999,10.8958
14563523,187.50,1069.50,17.7519,7.4108
14567429,-129.50,-372.50,15.6551,13.5104
14571335,-554.50,-1568.50,11.1386,23.0208
14575241,-543.50,-930.50,10.9747,30.1701
14579147,-113.50,690.50,14.8418,32.6471
14583053,175.50,1186.50,14.9178,35.5038
14586959,-54.50,-150.50,13.8303,42.7376
14590865,-512.50,-1498.50,16.2057,45.6676
14594771,-574.50,-1106.50,18.9835,41.2506
14598677,-184.50,493.50,16.7861,29.6653
14602583,157.50,1209.50,8.6620,17.9524
14606489,-22.50,16.50,1.6934,13.7805
14610395,-485.50,-1453.50,0.0519,8.6266
14614301,-621.50,-1281.50,0.1046,2.8683
14618207,-255.50,303.50,-2.1519,2.0943
14622113,48.50,1085.50,-19.5795,-15.9548
14626019,-220.50,-15.50,-80.5585,-82.9938
14629925,-729.50,-1622.50,-179.7597,-180.1804
14633831,-1052.50,-1759.50,-280.8253,-263.3498
14637737,-844.50,-418.50,-382.9441,-344.5298
14641643,-516.50,545.50,-489.3462,-455.2074
14645549,-674.50,-272.50,-586.4603,-566.4409
14649455,-1234.50,-1940.50,-677.3496,-637.8783
14653361,-1607.50,-2047.50,-771.7156,-638.5699
14657267,-1455.50,-1072.50,-873.4279,-632.0123
14661173,-1043.50,54.50,-965.1811,-748.0061
14665079,-1030.50,-549.50,-1013.7869,-917.5017
14668985,-1458.50,-2047.50,-1015.2312,-987.1283
14672891,-1807.50,-2047.50,-1000.3275,-860.1442
14676797,-1584.50,-1368.50,-991.5079,-669.8919
14680703,-1039.50,-79.50,-968.3628,-698.8135
14684609,-916.50,-401.50,-911.0088,-858.3768
14688515,-1309.50,-2009.50,-847.1048,-939.9476
14692421,-1674.50,-2047.50,-806.5579,-836.8477
14696327,-1471.50,-1498.50,-779.8604,-622.3990
14700233,-943.50,-136.50,-738.9486,-593.8620
14704139,-738.50,-234.50,-677.2548,-723.1312
14708045,-1087.50,-1773.50,-615.5360,-802.9574
14711951,-1469.50,-2047.50,-570.6007,-717.5212
14715857,-1362.50,-1646.50,-538.9060,-527.8938
14719763,-879.50,-175.50,-511.3113,-496.4214
14723669,-619.50,-54.50,-480.5059,-593.6145
14727575,-846.50,-1487.50,-432.4427,-647.7691
14731481,-1235.50,-2047.50,-363.3982,-576.0544
14735387,-1228.50,-1703.50,-302.5950,-417.9010
14739293,-770.50,-188.50,-273.6002,-371.2318
14743199,-451.50,179.50,-257.9015,-418.9071
14747105,-691.50,-1152.50,-233.8566,-441.2392
14751011,-1135.50,-2047.50,-206.1253,-399.0794
14754917,-1133.50,-1776.50,-176.5551,-310.8903
14758823,-711.50,-229.50,-142.7207,-278.1593
14762729,-340.50,372.50,-111.6735,-282.0779
14766635,-490.50,-783.50,-78.5859,-260.2258
14770541,-957.50,-2047.50,-43.0463,-230.7813
14774447,-1038.50,-1865.50,-14.5686,-215.5167
14778353,-634.50,-303.50,11.0408,-212.2137
14782262,-194.50,541.50,43.1194,-176.6297
14786168,-294.50,-410.50,84.7999,-101.5282
14790074,-761.50,-1908.50,122.1438,-53.9670
14793980,-944.50,-1921.50,140.2626,-73.8502
14797886,-624.50,-412.50,139.9936,-107.4780
14801792,-202.50,598.50,130.1018,-86.0347
14805698,-228.50,-163.50,129.0073,-19.3890
14809604,-641.50,-1756.50,151.0322,21.1466
14813510,-921.50,-1944.50,179.0485,1.3946
14817416,-640.50,-527.50,185.2311,-19.8473
14821322,-207.50,656.50,172.8730,12.2997
14825228,-193.50,54.50,160.6125,73.4201
14829134,-622.50,-1594.50,157.4200,93.1808
14833040,-833.50,-1989.50,176.9084,53.7391
14836946,-564.50,-622.50,226.1584,37.6515
14840852,-158.50,681.50,267.1011,93.2461
14844758,-111.50,288.50,262.1064,165.6183
14848664,-521.50,-1347.50,231.2159,184.8920
14852570,-839.50,-2009.50,213.6691,140.1115
14856476,-618.50,-846.50,227.0077,94.5069
14860382,-124.50,593.50,263.0292,105.4003
14864288,-12.50,490.50,292.5469,164.5330
14868194,-393.50,-1066.50,294.4484,219.9334
14872100,-783.50,-1985.50,279.6663,217.0014
14876006,-689.50,-1050.50,264.3480,166.6288
14879912,-209.50,511.50,254.7318,141.1844
14883818,-12.50,623.50,254.1600,177.8345
14887724,-239.50,-858.50,272.9602,229.6436
14891630,-655.50,-1905.50,314.7821,240.6448
14895536,-650.50,-1189.50,343.2980,215.8415
14899442,-207.50,434.50,335.6066,201.9100
14903348,42.50,752.50,313.8950,230.6805
14907254,-216.50,-619.50,299.1218,269.4207
14911160,-638.50,-1869.50,299.1658,268.4558
14915066,-591.50,-1300.50,321.6217,239.3694
14918972,-214.50,355.50,352.0823,240.2416
14922878,101.50,883.50,358.8941,287.0552
14926784,-111.50,-365.50,347.1239,327.6164
14930690,-522.50,-1727.50,344.4479,324.7101
14934596,-575.50,-1396.50,363.5524,299.0896
14938502,-268.50,205.50,377.9879,292.0113
14942408,53.50,974.50,352.4769,319.3675
14946314,-101.50,-114.50,307.7465,353.3642
14950220,-549.50,-1567.50,280.6188,360.5373
14954126,-702.50,-1492.50,274.7106,343.9643
14958032,-287.50,87.50,287.8494,336.5452
14961938,99.50,1055.50,315.7411,363.8008
14965844,20.50,164.50,336.7029,404.0123
14969750,-393.50,-1436.50,347.2053,409.0258
14973656,-620.50,-1558.50,356.3055,375.7294
14977562,-328.50,-96.50,355.7630,352.5257
14981468,103.50,1104.50,346.6950,374.7933
14985374,95.50,397.50,343.0145,423.0817
14989280,-330.50,-1208.50,347.0299,444.0950
14993186,-600.50,-1583.50,351.4907,425.4436
14997092,-331.50,-240.50,354.8780,404.0717
15000998,92.50,1095.50,356.4708,412.3702
15004904,158.50,625.50,354.1795,446.1811
15008810,-272.50,-1010.50,349.1405,462.2597
15012716,-591.50,-1611.50,339.8595,441.1231
15016622,-372.50,-378.50,334.4907,420.3350
15020528,74.50,1008.50,338.9508,424.9979
15024434,217.50,783.50,347.0901,437.8685
15028340,-244.50,-824.50,342.4336,437.2969
15032246,-610.50,-1668.50,311.9108,411.1322
15036152,-476.50,-611.50,279.8967,379.6105
15040058,-8.50,903.50,269.1217,375.6091
15043964,158.50,944.50,270.2712,399.4515
15047870,-207.50,-602.50,265.1296,423.0215
15051776,-606.50,-1645.50,249.8174,413.7474
15055682,-554.50,-844.50,234.5662,374.6985
15059588,-93.50,775.50,224.7493,346.5344
15063494,112.50,1040.50,216.8563,357.9432
15067400,-149.50,-437.50,209.4931,378.1669
15071306,-529.50,-1615.50,218.0186,367.4093
15075212,-512.50,-943.50,245.9001,351.7433
15079118,-61.50,738.50,273.6447,374.0295
15083024,272.50,1339.50,296.9323,446.4199
15086930,95.50,-9.50,328.4179,528.1863
15090836,-284.50,-1270.50,374.4570,567.4907
15094742,-253.50,-815.50,436.1378,588.3445
15098648,160.50,857.50,500.0679,628.1183
15102554,501.50,1947.50,537.1190,740.0927
15106460,409.50,479.50,555.1658,877.0107
15110366,-15.50,-907.50,583.3247,888.9345
15114272,-100.50,-736.50,617.7627,827.9051
15118178,358.50,893.50,658.0731,807.0391
15122084,783.50,2047.50,711.6861,861.6230
15125990,682.50,894.50,757.4535,949.1203
15129896,218.50,-626.50,771.6915,961.7573
15133802,27.50,-696.50,758.5314,921.9625
15137708,346.50,831.50,736.7247,898.3173
15141614,795.50,2047.50,723.4198,910.7948
15145520,768.50,1231.50,726.7139,947.8276
15149426,335.50,-411.50,736.4545,955.1453
15153332,80.50,-718.50,737.7447,925.4802
15157238,337.50,692.50,725.1789,896.3932
15161144,810.50,2047.50,709.1344,894.1122
15165050,828.50,1467.50,702.4820,914.0720
15168956,355.50,-260.50,689.2250,905.3976
15172862,38.50,-783.50,655.3863,856.3522
15176768,287.50,471.50,624.8967,812.9393
15180674,710.50,2047.50,610.8440,816.0187
15184580,816.50,1729.50,599.1093,868.8275
15188486,401.50,-94.50,584.6451,881.8523
15192392,48.50,-865.50,567.3801,804.1758
15196298,218.50,221.50,552.2387,715.4946
15200204,636.50,2047.50,537.5413,716.1483
15204110,759.50,1934.50,508.5554,812.8215
15208016,368.50,45.50,465.9962,842.1656
15211922,-36.50,-938.50,423.3812,724.8633
15215828,19.50,-89.50,386.4653,587.1664
15219734,432.50,1697.50,348.1210,530.8301
15223640,645.50,2047.50,309.5353,590.9242
15227546,335.50,157.50,284.1053,651.4284
15231452,-104.50,-1039.50,269.9067,569.4083
15235358,-97.50,-385.50,253.5852,432.1212
15239264,338.50,1343.50,233.6922,353.8997
15243170,618.50,2047.50,219.2265,384.3245
15247076,329.50,304.50,207.7280,455.5342
15250982,-106.50,-1009.50,191.7691,425.8329
15254888,-198.50,-584.50,170.4725,342.2709
15258794,225.50,1086.50,145.0575,281.6770
15262700,557.50,2047.50,128.2283,288.4745
15266606,367.50,485.50,125.9996,340.5613
15270512,-95.50,-902.50,127.1701,330.3339
15274418,-213.50,-730.50,122.6538,289.3860
15278324,129.50,863.50,106.8786,249.2539
15282230,485.50,2047.50,79.9195,239.3082
15286136,351.50,576.50,54.5894,252.8168
15290042,-143.50,-944.50,34.8545,190.9790
15293948,-342.50,-952.50,10.6169,120.2064
15297854,-30.50,577.50,-18.6855,95.6225
15301760,352.50,1931.50,-47.7901,106.6611
15305666,298.50,709.50,-69.0449,124.6268
15309572,-154.50,-921.50,-76.4245,65.5217
15313478,-430.50,-1214.50,-82.9739,-13.7346
15317384,-154.50,208.50,-101.5068,-61.5460
15321290,174.50,1513.50,-138.6329,-107.2521
15325196,143.50,662.50,-197.0949,-166.6602
15329102,-328.50,-1006.50,-256.0667,-242.6087
15333008,-696.50,-1581.50,-307.2968,-295.1553
15336914,-573.50,-334.50,-371.5546,-341.9107
15340820,-226.50,890.50,-458.5030,-446.6536
15344726,-218.50,400.50,-550.3246,-596.8526
15348632,-716.50,-1314.50,-631.1277,-712.5876
15352538,-1071.50,-2047.50,-695.9231,-750.2075
15356444,-1074.50,-1053.50,-757.9076,-774.4549
15360350,-696.50,257.50,-842.8443,-883.8706
15364256,-573.50,111.50,-923.2677,-1042.5271
15368162,-952.50,-1439.50,-960.3121,-1112.2584
15372068,-1333.50,-2047.50,-963.3193,-1012.5184
15375974,-1181.50,-1333.50,-943.2423,-853.5496
15379880,-666.50,230.50,-895.2076,-831.2683
15383786,-490.50,386.50,-838.1113,-900.4912
15387692,-783.50,-1106.50,-801.5938,-909.8635
15391598,-1167.50,-2047.50,-777.3062,-827.8347
15395504,-1161.50,-1424.50,-756.6466,-726.9913
15399410,-689.50,210.50,-743.6698,-709.4798
15403316,-404.50,511.50,-722.6428,-754.9070
15407222,-658.50,-864.50,-689.4652,-781.1189
15411128,-1071.50,-2047.50,-656.7054,-746.3335
15415034,-1068.50,-1552.50,-624.7155,-678.5185
15418940,-639.50,66.50,-591.5519,-652.3450
15422846,-273.50,659.50,-555.2247,-667.9261
15426752,-388.50,-512.50,-500.3830,-656.5196
15430658,-847.50,-1848.50,-434.6921,-584.4908
15434564,-1039.50,-1563.50,-409.5970,-498.0907
15438470,-623.50,55.50,-432.7639,-459.7226
15442376,-245.50,833.50,-447.5390,-466.5322
15446282,-390.50,-249.50,-434.8225,-477.2529
15450188,-782.50,-1689.50,-407.8537,-455.8860
15454094,-897.50,-1618.50,-363.0159,-403.1564
15458000,-543.50,-36.50,-311.6200,-359.8000
15461906,-136.50,979.50,-275.8389,-339.4230
15465812,-190.50,83.50,-254.6981,-323.4572
15469718,-612.50,-1444.50,-234.5567,-294.4271
15473624,-798.50,-1576.50,-207.5620,-245.0584
15477530,-457.50,-48.50,-170.8123,-190.3030
15481436,25.50,1200.50,-123.3259,-137.6433
15485342,48.50,470.50,-70.8705,-93.3169
15489248,-319.50,-1156.50,-20.1987,-74.6168
15493154,-565.50,-1471.50,28.1259,-57.1114
15497060,-262.50,-15.50,74.6321,-3.5808
15500966,182.50,1434.50,114.8440,84.0741
15504872,310.50,885.50,148.4692,159.7863
15508778,-46.50,-687.50,188.6408,189.0632
15512684,-349.50,-1322.50,232.7329,201.5581
15516590,-98.50,-79.50,272.8214,216.0615
15520496,379.50,1472.50,313.2418,238.8071
15524402,511.50,1198.50,344.9042,271.4823
15528308,82.50,-450.50,347.8244,280.6707
15532214,-276.50,-1307.50,323.0591,261.8142
15536120,-143.50,-265.50,301.0667,240.2481
15540026,278.50,1325.50,290.8525,230.0703
15543932,449.50,1302.50,275.8798,228.8031
15547838,80.50,-316.50,251.3216,213.9077
15551744,-372.50,-1407.50,215.5701,174.9063
15555650,-380.50,-623.50,165.5098,122.2933
15559556,13.50,933.50,105.7188,59.1376
15563462,162.50,1165.50,39.5394,-3.6965
15567368,-191.50,-421.50,-35.4325,-62.4278
15571274,-673.50,-1732.50,-109.7999,-136.4703
15575180,-667.50,-1157.50,-160.0548,-218.4457
15579086,-322.50,420.50,-187.3786,-291.3329
15582992,-84.50,848.50,-223.1049,-358.0165
15586898,-345.50,-441.50,-271.2024,-401.2345
15590804,-826.50,-1844.50,-312.7035,-404.8973
15594710,-926.50,-1461.50,-343.5736,-395.4562
15598616,-494.50,176.50,-357.2031,-396.5072
15602522,-121.50,915.50,-341.8540,-398.4370
15606428,-274.50,-209.50,-307.7123,-381.9535
15610334,-745.50,-1661.50,-281.0715,-341.2635
15614240,-895.50,-1516.50,-275.2725,-296.7878
15618146,-512.50,95.50,-277.6985,-272.8007
15622052,-106.50,1035.50,-268.5027,-264.4839
15625958,-191.50,75.50,-245.9589,-253.5242
15629864,-642.50,-1456.50,-222.2323,-228.0313
15633770,-844.50,-1570.50,-207.1876,-196.2305
15637676,-481.50,-14.50,-193.5490,-176.7573
15641582,-65.50,1151.50,-172.4548,-157.9698
15645488,-112.50,390.50,-156.3631,-127.8185
15649394,-522.50,-1176.50,-147.8957,-90.1782
15653300,-724.50,-1483.50,-126.0031,-45.0767
15657206,-410.50,-36.50,-82.4450,-2.9380
15661112,71.50,1345.50,-30.7794,40.4735
15665018,112.50,746.50,12.5056,83.2405
15668924,-228.50,-770.50,50.0029,118.8139
15672830,-480.50,-1260.50,99.0644,177.8989
15676736,-233.50,41.50,154.8388,252.3402
15680642,277.50,1651.50,204.0153,329.1158
15684548,431.50,1257.50,252.1239,404.1980
15688454,127.50,-308.50,308.9412,440.8630
15692360,-184.50,-997.50,371.3107,466.6907
15696266,65.50,190.50,433.8329,523.9684
15700172,571.50,2047.50,498.3062,637.7653
15704078,730.50,2029.50,547.8095,808.2444
15707984,399.50,161.50,566.8209,893.9881
15711890,48.50,-761.50,573.6583,825.5885
15715796,167.50,179.50,588.6513,742.5568
15719702,656.50,2047.50,611.8795,758.8215
15723608,918.50,2047.50,639.3086,828.8177
15727514,637.50,447.50,666.8849,824.5561
15731420,221.50,-662.50,684.5193,757.6334
15735326,263.50,49.50,689.5710,724.3184
15739232,719.50,2047.50,691.4030,772.0220
15743138,967.50,2047.50,688.3286,830.4224
15747044,695.50,633.50,669.1526,760.4490
15750950,273.50,-630.50,643.9367,648.6702
15754856,214.50,-149.50,627.6858,618.2559
15758762,605.50,1645.50,611.4367,638.1759
15762668,909.50,2047.50,585.5504,638.0979
15766574,688.50,738.50,553.0965,561.3227
15770480,208.50,-636.50,517.4014,479.8206
15774386,83.50,-417.50,482.4386,463.5709
15778292,435.50,1193.50,450.7078,453.8572
15782198,816.50,2047.50,425.4594,419.5751
15786104,656.50,887.50,407.9617,380.6557
15790010,189.50,-620.50,389.1882,352.8228
15793916,13.50,-639.50,368.4865,344.6419
15797822,311.50,866.50,346.7532,320.0054
15801728,730.50,2047.50,323.0796,285.8290
15805634,650.50,1046.50,306.0677,278.0154
15809540,191.50,-556.50,293.0992,269.3728
15813446,-45.50,-813.50,278.5286,252.2928
15817352,227.50,620.50,263.5717,224.0005
15821258,641.50,2047.50,245.6205,211.1552
15825164,617.50,1231.50,222.4772,234.4243
15829070,191.50,-437.50,199.2653,231.6966
15832976,-101.50,-957.50,184.1327,193.6746
15836882,122.50,322.50,174.7970,139.0952
15840788,541.50,2047.50,160.6713,128.2240
15844694,597.50,1350.50,138.6975,179.7745
15848600,177.50,-361.50,115.1512,169.8828
15852506,-180.50,-1103.50,92.6123,94.1722
15856412,-30.50,42.50,68.6784,24.8102
15860318,402.50,1675.50,42.9566,-13.2047
15864224,509.50,1391.50,16.4657,-15.4512
15868130,144.50,-293.50,-6.3492,-28.9861
15872036,-256.50,-1231.50,-22.6832,-62.8637
15875942,-164.50,-271.50,-38.6685,-99.4806
15879848,256.50,1341.50,-60.0751,-142.1432
15883754,432.50,1451.50,-85.7904,-167.1897
15887660,121.50,-175.50,-105.7990,-165.3568
15891566,-283.50,-1327.50,-110.8531,-168.8766
15895472,-256.50,-554.50,-109.2406,-193.5178
15899378,192.50,1083.50,-110.7260,-233.7545
15903284,449.50,1561.50,-111.1174,-246.8963
15907190,162.50,-13.50,-111.4124,-216.0367
15911096,-239.50,-1244.50,-111.8380,-190.2215
15915002,-266.50,-648.50,-105.4328,-172.4497
15918908,126.50,921.50,-102.4790,-176.0223
15922814,359.50,1549.50,-123.2797,-214.7845
15926720,144.50,142.50,-163.2153,-247.7641
15930626,-248.50,-1210.50,-183.9825,-255.0036
15934532,-341.50,-895.50,-170.4964,-236.4831
15938438,46.50,679.50,-151.4728,-236.9670
15942344,380.50,1710.50,-145.8721,-242.5294
15946250,235.50,355.50,-148.9456,-216.3992
15950156,-240.50,-1138.50,-155.8967,-215.0708
15954062,-400.50,-1071.50,-168.5870,-232.8572
15957968,-65.50,459.50,-183.5694,-256.5644
15961874,353.50,1686.50,-188.3421,-267.1094
15965780,255.50,586.50,-179.2924,-234.4096
15969686,-195.50,-988.50,-171.4476,-212.0144
15973592,-399.50,-1154.50,-171.1299,-205.8019
15977498,-100.50,307.50,-171.1912,-210.5968
15981404,315.50,1717.50,-170.4565,-208.5708
15985310,304.50,767.50,-167.8887,-185.6996
15989216,-127.50,-858.50,-162.4777,-196.8354
15993122,-395.50,-1268.50,-158.2993,-218.3871
15997028,-159.50,65.50,-159.3523,-231.2321
16000934,272.50,1499.50,-165.5737,-252.8420
16004840,304.50,914.50,-173.7668,-266.9265
16008746,-122.50,-727.50,-184.3133,-273.2112
16012652,-469.50,-1393.50,-201.0773,-267.3034
16016558,-299.50,-177.50,-223.4791,-266.6277
16020464,143.50,1335.50,-243.6257,-285.8334
16024370,260.50,1019.50,-252.3925,-309.2913
16028276,-96.50,-589.50,-247.0093,-321.8410
16032182,-476.50,-1460.50,-236.8587,-309.3391
16036088,-356.50,-422.50,-235.4340,-295.8540
16039994,80.50,1131.50,-243.0738,-313.8607
16043900,257.50,1139.50,-250.9174,-345.2731
16047806,-58.50,-399.50,-250.3500,-347.3606
16051712,-438.50,-1462.50,-238.0930,-313.2308
16055618,-366.50,-620.50,-220.0431,-284.1558
16059524,65.50,983.50,-206.8111,-294.3051
16063430,320.50,1305.50,-199.5401,-316.7933
16067336,80.50,-173.50,-184.1414,-305.1419
16071242,-366.50,-1403.50,-162.5731,-268.5577
16075148,-370.50,-772.50,-154.0465,-241.7387
16079054,65.50,850.50,-154.4603,-247.6188
16082960,363.50,1435.50,-149.0186,-265.0849
16086866,131.50,19.50,-140.3702,-260.2416
16090772,-309.50,-1346.50,-136.1012,-247.6626
16094678,-388.50,-958.50,-136.9085,-239.5097
16098584,-15.50,629.50,-143.6185,-253.0082
16102490,304.50,1504.50,-157.2151,-270.7989
16106396,144.50,194.50,-169.7744,-260.2731
16110302,-309.50,-1282.50,-173.8092,-252.8620
16114208,-458.50,-1150.50,-175.0818,-255.4582
16118114,-154.50,400.50,-187.7769,-272.7651
16122020,215.50,1459.50,-213.4834,-294.9231
16125926,125.50,347.50,-231.4859,-294.7607
16129832,-300.50,-1218.50,-227.7427,-294.6343
16133738,-538.50,-1309.50,-218.6303,-292.2700
16137644,-271.50,160.50,-229.9555,-295.7708
16141550,131.50,1365.50,-257.3460,-315.3823
16145456,113.50,502.50,-273.1090,-327.0727
16149362,-303.50,-1076.50,-266.5672,-322.8514
16153268,-552.50,-1404.50,-249.2159,-294.5836
16157174,-296.50,-37.50,-234.5555,-273.0153
16161080,94.50,1306.50,-233.2822,-283.8078
16164986,146.50,659.50,-242.6658,-306.0460
16168892,-265.50,-962.50,-246.3709,-323.3814
16172798,-573.50,-1521.50,-243.1542,-315.0348
16176704,-362.50,-276.50,-238.0771,-298.0699
16180610,96.50,1135.50,-227.1573,-309.5730
16184516,197.50,797.50,-211.4375,-338.6710
16188422,-196.50,-790.50,-201.8617,-345.7318
16192328,-557.50,-1597.50,-205.1602,-318.8381
16196234,-401.50,-489.50,-210.7658,-293.7687
16200140,48.50,1023.50,-206.6594,-297.0869
16204046,208.50,949.50,-196.9272,-316.1939
16207952,-134.50,-606.50,-190.4366,-319.3512
16211858,-542.50,-1613.50,-191.9078,-297.5603
16215764,-424.50,-724.50,-192.8516,-281.8100
16219670,-12.50,866.50,-185.5965,-294.0577
16223576,203.50,1050.50,-182.5030,-316.2007
16227482,-95.50,-420.50,-186.8600,-316.3497
16231388,-525.50,-1601.50,-192.6389,-291.5127
16235294,-515.50,-893.50,-199.0019,-266.2474
16239200,-90.50,720.50,-202.2978,-262.4489
16243106,221.50,1169.50,-194.4282,-273.4523
16247012,-31.50,-193.50,-176.5514,-269.5258
16250918,-484.50,-1519.50,-167.0830,-245.2293
16254824,-543.50,-1048.50,-172.2521,-220.7724
16258730,-113.50,565.50,-174.7519,-217.3929
16262636,194.50,1241.50,-166.9680,-231.3647
16266542,-9.50,-12.50,-164.2291,-239.3599
16270448,-461.50,-1429.50,-172.5635,-231.1343
16274354,-597.50,-1220.50,-183.3300,-211.5447
16278262,-223.50,352.50,-191.0015,-209.2953
16282168,137.50,1292.50,-192.7204,-220.9634
16286074,-4.50,192.50,-193.8891,-217.9175
16289980,-417.50,-1345.50,-193.3648,-209.7445
16293886,-628.50,-1371.50,-187.1126,-203.2020
16297792,-292.50,144.50,-184.3772,-206.3453
16301698,106.50,1297.50,-184.1863,-210.5225
16305604,62.50,381.50,-179.1177,-199.4667
16309510,-367.50,-1242.50,-168.6998,-196.2806
16313416,-600.50,-1486.50,-156.0120,-199.7213
16317322,-320.50,-42.50,-145.4703,-196.9278
16321228,88.50,1255.50,-141.3832,-187.4337
16325134,94.50,577.50,-145.0733,-173.4355
16329040,-303.50,-1040.50,-146.3568,-164.9430
16332946,-580.50,-1521.50,-135.6135,-151.2972
16336852,-335.50,-232.50,-115.7931,-138.2977
16340758,91.50,1168.50,-98.0546,-142.3026
16344664,169.50,742.50,-91.1684,-153.9205
16348570,-264.50,-850.50,-97.8037,-155.3783
16352476,-586.50,-1560.50,-112.5295,-133.9813
16356382,-404.50,-422.50,-116.7659,-111.0272
16360288,50.50,1056.50,-104.8227,-114.1801
16364194,177.50,885.50,-92.1744,-136.1035
16368100,-172.50,-676.50,-87.2422,-147.9928
16372006,-545.50,-1615.50,-84.7548,-136.3264
16375912,-442.50,-666.50,-80.9534,-125.3612
16379818,16.50,894.50,-75.2761,-136.2058
16383724,218.50,1004.50,-66.4309,-153.9832
16387630,-73.50,-472.50,-54.4138,-149.5232
16391536,-512.50,-1613.50,-46.1612,-124.6574
16395442,-446.50,-837.50,-45.2352,-107.0841
16399348,-39.50,778.50,-45.5232,-105.9200
16403254,192.50,1130.50,-52.7255,-111.1577
16407160,-50.50,-245.50,-64.1745,-104.5404
16411066,-465.50,-1554.50,-62.5107,-86.3267
16414972,-484.50,-982.50,-48.3072,-72.2968
16418878,-91.50,646.50,-37.3158,-65.4773
16422784,219.50,1253.50,-36.6506,-61.0770
16426690,33.50,-60.50,-35.2887,-58.0162
16430596,-428.50,-1473.50,-29.6906,-61.8728
16434502,-514.50,-1178.50,-28.1634,-67.9711
16438408,-158.50,411.50,-32.2085,-78.6107
16442314,202.50,1279.50,-38.3513,-86.0642
16446220,96.50,138.50,-33.7315,-75.3170
16450126,-367.50,-1364.50,-17.7672,-61.9516
16454032,-527.50,-1306.50,-9.4161,-52.7374
16457938,-206.50,235.50,-14.1612,-52.3596
16461844,176.50,1293.50,-24.8375,-56.2241
16465750,93.50,352.50,-34.0529,-49.1387
16469656,-364.50,-1233.50,-41.1803,-41.0206
16473562,-594.50,-1407.50,-50.7547,-34.0143
16477468,-300.50,31.50,-59.8814,-33.3133
16481374,124.50,1279.50,-61.6267,-37.7190
16485280,110.50,511.50,-56.5279,-37.7873
16489186,-312.50,-1089.50,-50.8832,-41.8986
16493092,-592.50,-1490.50,-48.3340,-36.6709
16496998,-329.50,-170.50,-44.9901,-25.7186
16500904,96.50,1229.50,-37.9004,-21.9017
16504810,130.50,687.50,-36.4915,-20.9697
16508716,-260.50,-929.50,-42.4783,-29.7578
16512622,-585.50,-1562.50,-45.3291,-32.3526
16516528,-324.50,-368.50,-31.1725,-23.5822
16520434,58.50,1104.50,-7.4044,-20.4582
16524340,175.50,859.50,-4.4516,-23.2537
16528246,-191.50,-717.50,-16.6058,-21.7295
16532152,-539.50,-1545.50,-20.1294,-2.5433
16536058,-401.50,-512.50,-11.8258,26.0147
16539964,13.50,983.50,-3.9779,31.9821
16543870,160.50,961.50,-12.8414,2.4513
16547776,-173.50,-559.50,-33.7074,-31.3171
16551682,-591.50,-1612.50,-53.1230,-38.2881
16555588,-514.50,-789.50,-64.6337,-30.4056
16559494,-58.50,822.50,-60.8587,-28.4709
16563400,193.50,1122.50,-42.4388,-24.5162
16567306,-79.50,-308.50,-21.0264,-4.8627
16571212,-512.50,-1561.50,-8.8169,14.8313
16575118,-512.50,-950.50,-8.1148,16.0923
16579024,-85.50,660.50,-8.9202,1.8804
16582930,219.50,1201.50,-2.4264,-9.6239
16586836,-4.50,-123.50,9.6877,-3.4952
16590742,-436.50,-1498.50,20.3416,7.9313
16594648,-516.50,-1119.50,25.0550,12.0943
16598554,-116.50,491.50,24.9185,7.4015
16602460,240.50,1294.50,28.8483,9.2055
16606366,75.50,105.50,40.2354,29.0867
16610272,-351.50,-1379.50,53.2770,43.5584
16614178,-523.50,-1235.50,58.8091,45.7588
16618084,-186.50,325.50,47.0947,41.3549
16621990,165.50,1335.50,23.5736,41.4035
16625896,53.50,318.50,1.2715,54.9765
16629802,-404.50,-1270.50,-14.6352,57.7961
16633708,-594.50,-1374.50,-22.8910,46.0231
16637614,-258.50,113.50,-19.1636,32.9943
16641520,154.50,1310.50,-4.3319,31.4828
16645426,123.50,499.50,10.8841,45.2629
16649332,-288.50,-1120.50,23.2725,51.2131
16653238,-554.50,-1425.50,32.9371,54.7979
16657144,-297.50,-56.50,34.2040,64.7728
16661050,146.50,1288.50,31.8414,73.0319
16664956,164.50,676.50,32.7982,75.6652
16668862,-249.50,-938.50,32.4662,65.9181
16672768,-539.50,-1492.50,32.0836,63.1940
16676674,-340.50,-261.50,35.5677,71.1560
16680580,102.50,1165.50,37.9983,68.8747
16684486,208.50,834.50,39.6767,56.7962
16688392,-194.50,-754.50,40.6616,48.9325
16692298,-542.50,-1551.50,35.9330,55.6668
16696204,-417.50,-512.50,26.9323,57.6553
16700110,16.50,1019.50,14.8079,39.4288
16704016,155.50,937.50,-0.1283,18.1048
16707922,-170.50,-613.50,-10.5704,8.0257
16711828,-559.50,-1605.50,-10.5564,11.6931
16715734,-456.50,-751.50,-2.2562,13.8950
16719640,-18.50,848.50,9.2298,0.9007
16723546,213.50,1051.50,19.5184,-9.8867
16727452,-98.50,-410.50,25.1547,-2.3914
16731358,-526.50,-1583.50,21.4504,14.6264
16735264,-481.50,-911.50,16.4105,25.4029
16739170,-41.50,717.50,24.4040,23.5874
16743076,208.50,1183.50,35.7354,23.2366
16746982,-26.50,-178.50,37.3204,36.0639
16750888,-443.50,-1508.50,38.8126,49.2271
16754794,-486.50,-1058.50,47.8629,53.3557
16758700,-91.50,545.50,55.8677,46.0114
16762606,227.50,1256.50,56.6158,38.3172
16766512,45.50,16.50,54.9255,43.4303
16770418,-408.50,-1427.50,54.0010,48.2932
16774324,-520.50,-1230.50,51.7259,46.3931
16778230,-146.50,361.50,50.1345,38.4590
16782136,198.50,1288.50,48.7097,36.4013
16786042,85.50,227.50,45.7458,48.2888
16789948,-367.50,-1326.50,44.7623,53.4047
16793854,-559.50,-1332.50,41.7544,52.1792
16797760,-218.50,178.50,35.6655,53.0416
16801666,195.50,1311.50,37.4500,58.9402
16805572,163.50,431.50,52.4327,70.6344
16809478,-292.50,-1197.50,69.4580,66.9172
16813384,-527.50,-1438.50,74.0091,54.5623
16817290,-241.50,-8.50,70.5472,54.3190
16821196,189.50,1280.50,70.4775,66.1769
16825102,208.50,626.50,76.2224,79.9586
16829008,-212.50,-1000.50,84.3006,81.0996
16832914,-493.50,-1501.50,90.3038,78.0167
16836820,-271.50,-237.50,93.3304,72.4658
16840726,123.50,1136.50,85.6977,53.7265
16844632,188.50,726.50,63.5709,28.4872
16848538,-195.50,-873.50,44.4642,12.3414
16852444,-529.50,-1572.50,40.3244,20.4949
16856350,-377.50,-437.50,41.4064,41.8712
16860256,100.50,1066.50,43.7104,53.6043
16864162,249.50,923.50,55.0295,54.7888
16868068,-129.50,-666.50,66.1590,52.2609
16871974,-512.50,-1583.50,62.6999,52.5972
16875880,-404.50,-677.50,52.7757,49.8731
16879786,29.50,917.50,46.5017,35.5390
16883692,211.50,1041.50,39.5471,27.5055
16887598,-85.50,-468.50,32.7013,35.0046
16891504,-522.50,-1587.50,28.2754,44.5554
16895410,-512.50,-862.50,15.7054,45.0241
16899316,-50.50,768.50,0.8377,35.2810
16903222,185.50,1130.50,-2.4505,28.6125
16907128,-80.50,-277.50,-2.9924,30.7192
16911034,-512.50,-1551.50,-6.7188,34.4737
16914940,-528.50,-1039.50,-6.8194,36.1921
16918846,-111.50,583.50,-0.8010,30.0347
16922752,223.50,1193.50,11.0589,22.2678
16926658,-9.50,-73.50,22.1457,24.1609
16930564,-432.50,-1453.50,25.4428,34.6991
16934470,-532.50,-1166.50,27.1074,51.1778
16938376,-165.50,431.50,26.4635,59.2821
16942282,194.50,1290.50,20.9861,61.6750
16946188,71.50,149.50,22.1627,67.6668
16950094,-392.50,-1344.50,30.3896,66.3542
16954000,-542.50,-1284.50,34.7930,67.0010
16957906,-195.50,247.50,36.3076,70.2570
16961812,223.50,1317.50,43.5864,73.8370
16965718,126.50,387.50,54.6674,85.7346
16969624,-326.50,-1222.50,56.9139,87.4154
16973530,-524.50,-1396.50,53.4349,78.1481
16977436,-218.50,55.50,57.5268,72.3861
16981342,179.50,1264.50,62.6871,70.6439
16985248,161.50,538.50,58.2987,67.8481
16989154,-267.50,-1084.50,50.4776,57.5309
16993060,-556.50,-1509.50,44.0654,49.9590
16996966,-318.50,-175.50,35.5867,48.1194
17000872,124.50,1187.50,27.9094,47.2981
17004778,173.50,715.50,25.5583,49.4132
17008684,-233.50,-914.50,25.8073,49.8771
17012590,-548.50,-1562.50,26.7776,50.9118
17016496,-355.50,-378.50,30.4733,52.6668
17020402,55.50,1072.50,29.2055,47.1758
17024308,175.50,866.50,16.9825,38.6480
17028214,-191.50,-719.50,6.7033,39.3826
17032120,-565.50,-1580.50,4.3175,50.9113
17036026,-457.50,-590.50,0.1287,57.6259
17039932,14.50,966.50,-4.4980,49.9978
17043838,210.50,996.50,2.1376,40.0830
17047744,-130.50,-526.50,14.6137,39.3283
17051650,-527.50,-1588.50,19.5155,45.8928
17055556,-463.50,-809.50,19.5081,45.5909
17059462,-15.50,814.50,21.8668,32.5256
17063368,214.50,1078.50,25.0931,20.9914
17067274,-51.50,-366.50,27.4283,15.2259
17071180,-486.50,-1583.50,30.1520,12.9559
17075086,-514.50,-988.50,27.2284,16.5272
17078992,-78.50,644.50,19.0408,19.2903
17082898,219.50,1187.50,17.4357,23.3987
17086804,14.50,-137.50,25.9524,32.6185
17090710,-424.50,-1485.50,39.2943,40.2749
17094616,-528.50,-1140.50,44.6115,45.0947
17098522,-137.50,474.50,35.1071,40.9449
17102428,192.50,1268.50,21.2974,39.5800
17106334,31.50,78.50,12.4354,50.1666
17110240,-420.50,-1388.50,9.6124,54.4605
17114146,-574.50,-1263.50,7.7840,54.8037
17118052,-198.50,283.50,5.9709,51.0857
17121958,186.50,1296.50,10.4895,48.2157
17125864,94.50,300.50,19.4846,58.6766
17129770,-367.50,-1274.50,24.5430,63.2518
17133676,-560.50,-1374.50,23.6271,59.7102
17137582,-230.50,113.50,25.5917,58.9252
17141488,171.50,1307.50,32.2047,66.7098
17145394,125.50,511.50,32.7407,81.7892
17149300,-306.50,-1121.50,26.8276,81.6613
17153206,-566.50,-1455.50,22.7568,71.6574
17157112,-298.50,-79.50,22.8520,68.5743
17161018,157.50,1249.50,28.7756,72.0776
17164924,189.50,688.50,39.8396,77.5551
17168830,-208.50,-920.50,50.8489,78.9739
17172736,-513.50,-1482.50,60.6074,87.1155
17176642,-303.50,-246.50,68.2783,101.0684
17180548,159.50,1178.50,74.4782,104.5877
17184454,274.50,880.50,83.9321,98.6650
17188360,-118.50,-738.50,93.6247,91.4427
17192266,-468.50,-1519.50,96.7407,90.7003
17196172,-315.50,-460.50,97.2610,94.5989
17200078,118.50,1059.50,96.6891,90.8435
17203984,260.50,1003.50,87.4048,79.6938
17207890,-72.50,-546.50,74.1542,72.3705
17211796,-473.50,-1551.50,67.3573,72.8076
17215702,-415.50,-696.50,61.1644,69.9756
17219608,29.50,912.50,49.9246,58.5932
17223514,241.50,1148.50,39.3709,57.7795
17227420,-65.50,-338.50,30.8568,72.4100
17231326,-459.50,-1508.50,27.7318,83.6332
17235232,-443.50,-868.50,35.1486,82.2675
17239138,-37.50,749.50,40.9053,67.0763
17243044,206.50,1221.50,29.6924,53.8980
17246950,-42.50,-164.50,7.1327,53.1433
17250856,-450.50,-1485.50,-4.7647,51.2335
17254762,-530.50,-1045.50,-2.0514,48.4827
17258668,-144.50,574.50,-5.0655,45.8560
17262574,238.50,1269.50,-7.2568,44.0804
17266480,48.50,17.50,8.3697,42.2901
17270386,-416.50,-1407.50,22.2070,34.1016
17274292,-548.50,-1238.50,17.4180,26.6459
17278198,-174.50,341.50,5.5464,14.2168
17282104,192.50,1265.50,-0.4307,3.4724
17286010,91.50,209.50,2.7424,6.2916
17289916,-362.50,-1316.50,11.3617,9.7951
17293822,-564.50,-1352.50,13.8265,14.4785
17297728,-224.50,175.50,8.3361,20.2537
17301634,187.50,1297.50,7.5551,29.0892
17305540,122.50,436.50,11.7233,41.2883
17309446,-313.50,-1167.50,12.9064,41.1060
17313352,-548.50,-1444.50,13.5095,34.6433
17317258,-271.50,-37.50,16.3364,28.6569
17321164,138.50,1246.50,15.4031,25.2045
17325070,161.50,598.50,9.8925,25.9196
17328976,-249.50,-1041.50,9.5021,17.2873
17332882,-527.50,-1541.50,18.2255,6.5830
17336788,-296.50,-246.50,31.3327,5.9026
17340694,157.50,1167.50,43.6391,12.6736
17344600,241.50,789.50,53.1305,22.9231
17348506,-162.50,-825.50,57.1684,30.4536
17352412,-512.50,-1546.50,52.4919,38.1942
17356318,-349.50,-404.50,43.7319,48.3501
17360224,80.50,1072.50,34.7738,51.2546
17364130,239.50,951.50,27.5108,44.0713
17368036,-132.50,-621.50,24.7995,39.4354
17371942,-527.50,-1550.50,19.7192,45.2291
17375848,-442.50,-636.50,7.8028,48.7633
17379754,10.50,921.50,-3.5340,34.8930
17383660,198.50,1066.50,-10.2346,17.5618
17387566,-106.50,-449.50,-14.6781,14.8597
17391472,-529.50,-1582.50,-17.7545,16.6823
17395378,-512.50,-847.50,-23.1401,13.1463
17399284,-74.50,763.50,-31.3722,4.7338
17403190,186.50,1151.50,-35.8491,-0.5982
17407096,-72.50,-272.50,-35.5745,0.4492
17411002,-495.50,-1555.50,-31.9305,-2.6090
17414908,-559.50,-1050.50,-30.2995,-9.5783
17418814,-143.50,574.50,-36.7677,-18.2860
17422720,161.50,1197.50,-44.9442,-23.0013
17426626,-30.50,-90.50,-47.8270,-21.3858
17430532,-463.50,-1461.50,-42.8693,-18.2177
17434438,-573.50,-1205.50,-34.0719,-9.8287
17438344,-165.50,417.50,-25.7371,-5.0176
17442250,177.50,1291.50,-17.1959,4.2002
17446156,34.50,162.50,-14.5999,22.3876
17450062,-416.50,-1341.50,-18.2103,27.7560
17453968,-586.50,-1327.50,-22.0228,21.8600
17457874,-232.50,222.50,-22.8125,10.5953
17461780,181.50,1296.50,-15.3387,8.1292
17465686,122.50,368.50,0.7256,20.8973
17469592,-286.50,-1218.50,22.5465,25.8227
17473498,-532.50,-1432.50,41.7242,20.8919
17477404,-268.50,53.50,41.2122,17.8762
17481310,169.50,1285.50,26.1712,27.1486
17485216,206.50,563.50,25.6277,40.0244
17489122,-253.50,-1057.50,39.7889,36.9482
17493028,-521.50,-1487.50,45.7439,31.1905
17496934,-306.50,-162.50,41.0842,30.5222
17500840,111.50,1200.50,28.0230,28.0550
17504746,198.50,750.50,14.4126,27.5716
17508652,-188.50,-819.50,16.3619,39.3188
17512558,-536.50,-1508.50,25.8213,63.3215
17516464,-440.50,-466.50,13.7059,52.3594
17520370,-104.50,889.50,-42.5304,-30.3708
17524276,-15.50,676.50,-126.5666,-135.3730
17528182,-473.50,-988.50,-206.2293,-206.6814
17532088,-941.50,-1951.50,-283.8049,-259.0781
17535994,-893.50,-1053.50,-364.0357,-326.2551
17539900,-526.50,389.50,-436.5782,-415.7427
17543806,-417.50,367.50,-503.7410,-510.7203
17547712,-784.50,-1216.50,-566.7853,-587.2245
17551618,-1264.50,-2047.50,-622.0145,-592.8684
17555524,-1292.50,-1570.50,-676.3983,-557.9628
17559430,-890.50,-47.50,-728.3193,-612.7532
17563336,-630.50,187.50,-757.3776,-729.8396
17567242,-910.50,-1227.50,-756.7879,-801.8209
17571148,-1343.50,-2047.50,-743.8791,-748.5940
17575054,-1374.50,-1765.50,-732.2674,-611.3879
17578960,-970.50,-288.50,-724.4978,-593.5039
17582866,-674.50,154.50,-719.3903,-707.3427
17586772,-912.50,-1141.50,-717.2720,-811.3084
17590678,-1321.50,-2047.50,-712.1376,-782.1624
17594584,-1388.50,-1935.50,-690.1309,-633.6124
17598490,-1008.50,-493.50,-658.4727,-578.4089
17602396,-653.50,194.50,-633.7590,-658.4041
17606302,-764.50,-906.50,-609.5424,-735.7090
17610208,-1156.50,-2047.50,-569.5110,-709.6305
17614114,-1295.50,-2001.50,-518.4467,-585.0541
17618020,-940.50,-575.50,-477.2814,-503.3516
17621926,-526.50,366.50,-448.1807,-511.0759
17625832,-561.50,-524.50,-413.8688,-523.7328
17629738,-938.50,-2024.50,-362.7276,-510.3856
17633644,-1080.50,-2033.50,-295.9578,-472.0213
17637550,-731.50,-562.50,-223.8982,-404.2108
17641456,-265.50,590.50,-157.1470,-325.3582
17645362,-243.50,-53.50,-98.8102,-249.2562
17649268,-629.50,-1630.50,-48.7916,-191.5385
17653174,-836.50,-1956.50,-2.2970,-168.0244
17657080,-537.50,-529.50,48.3439,-145.5118
17660986,-64.50,762.50,101.0373,-88.5385
17664892,23.50,303.50,149.3398,-18.0770
17668798,-352.50,-1242.50,190.1747,34.3767
17672704,-604.50,-1775.50,227.6079,67.4055
17676610,-367.50,-483.50,270.7039,106.0440
17680516,95.50,944.50,313.7404,169.7112
17684422,233.50,730.50,345.7146,242.5260
17688328,-81.50,-833.50,374.2900,293.9488
17692234,-396.50,-1584.50,410.0189,313.1701
17696140,-207.50,-463.50,452.1721,331.2221
17700046,259.50,1086.50,493.9118,382.1503
17703952,450.50,1109.50,524.9869,455.3981
17707858,128.50,-436.50,541.2554,507.1838
17711764,-239.50,-1457.50,548.4582,502.0743
17715670,-182.50,-591.50,550.5017,463.0006
17719576,279.50,1047.50,549.5275,453.0261
17723482,543.50,1344.50,556.7716,503.5791
17727388,265.50,-180.50,573.1431,559.8590
17731294,-158.50,-1339.50,581.5042,553.9674
17735200,-170.50,-689.50,573.3282,514.7123
17739106,243.50,927.50,555.3333,496.6122
17743012,546.50,1525.50,541.5597,530.0397
17746918,289.50,43.50,533.9507,577.9053
17750824,-112.50,-1272.50,527.0837,557.6528
17754730,-196.50,-844.50,523.0410,499.6714
17758636,202.50,759.50,517.3662,470.3060
17762542,533.50,1655.50,509.1405,506.1956
17766448,379.50,302.50,504.8542,575.3460
17770354,-83.50,-1139.50,501.3091,573.2415
17774263,-243.50,-959.50,486.2713,516.4943
17778169,96.50,564.50,457.7487,470.3723
17782075,448.50,1697.50,426.9338,480.0848
17785981,330.50,503.50,400.7981,534.7095
17789887,-116.50,-1040.50,381.1213,529.0475
17793793,-316.50,-1126.50,366.9399,466.2336
17797699,-18.50,345.50,353.2386,410.6483
17801605,376.50,1584.50,337.2087,401.0123
17805511,317.50,677.50,319.8256,434.2831
17809417,-98.50,-911.50,305.6479,440.0220
17813323,-352.50,-1230.50,299.0364,411.0230
17817229,-104.50,162.50,292.8455,380.5839
17821135,299.50,1520.50,278.0710,376.6272
17825041,327.50,769.50,259.5110,383.5699
17828947,-47.50,-826.50,252.9972,349.0570
17832853,-338.50,-1365.50,263.2140,303.2774
17836759,-213.50,-108.50,261.5123,279.2509
17840665,86.50,1210.50,207.5280,253.2428
17844571,176.50,774.50,118.3107,202.3219
17848477,-218.50,-841.50,54.0653,137.4083
17852383,-598.50,-1615.50,23.2133,90.3854
17856289,-431.50,-486.50,6.5751,68.2594
17860195,-25.50,963.50,0.3203,57.2620
17864101,105.50,839.50,-8.8416,41.6488
17868007,-226.50,-681.50,-23.6121,31.3919
17871913,-624.50,-1644.50,-35.8206,38.1363
17875819,-527.50,-751.50,-43.6476,38.2487
17879725,-68.50,821.50,-38.9614,21.7934
17883631,123.50,1004.50,-25.3786,16.7337
17887537,-143.50,-493.50,-15.7812,32.7753
17891443,-517.50,-1634.50,-3.3584,43.4393
17895349,-481.50,-868.50,17.8460,46.0046
17899255,-48.50,766.50,39.6721,60.5866
17903161,226.50,1171.50,56.9687,87.0786
17907067,-22.50,-197.50,66.6642,112.7216
17910973,-444.50,-1465.50,66.8392,129.3486
17914879,-485.50,-978.50,63.4907,136.4934
17918785,-68.50,595.50,65.9561,125.9815
17922691,234.50,1267.50,74.1625,110.2202
17926597,13.50,-32.50,72.7221,105.9264
17930503,-401.50,-1389.50,59.5984,103.2511
17934409,-512.50,-1140.50,51.8214,107.2937
17938315,-121.50,421.50,55.8450,107.4257
17942221,238.50,1285.50,68.6006,98.3076
17946127,131.50,196.50,84.4054,96.6062
17950033,-308.50,-1256.50,96.5908,103.8049
17953939,-480.50,-1212.50,100.0188,125.7893
17957845,-117.50,319.50,102.2559,150.0615
17961751,286.50,1489.50,116.0825,183.4345
17965657,202.50,495.50,130.2428,223.2929
17969563,-224.50,-1092.50,130.2109,217.1799
17973469,-432.50,-1307.50,126.2611,180.9260
17977375,-148.50,95.50,129.3075,151.9378
17981281,242.50,1408.50,130.5292,146.0766
17985187,238.50,679.50,121.7115,166.5766
17989093,-170.50,-896.50,111.2277,178.9360
17992999,-485.50,-1357.50,100.5612,180.7368
17996905,-254.50,-47.50,84.3221,178.3682
18000811,193.50,1327.50,74.4026,172.1142
18004717,240.50,821.50,74.9122,161.0307
18008623,-162.50,-805.50,71.0208,131.7174
18012529,-468.50,-1508.50,63.1709,97.4831
18016435,-332.50,-278.50,56.8349,82.8742
18020341,114.50,1146.50,47.1906,87.5239
18024247,231.50,977.50,37.7583,90.8709
18028153,-129.50,-584.50,30.7984,94.9655
18032059,-466.50,-1471.50,28.8512,107.2012
18035965,-352.50,-464.50,37.3130,116.6317
18039871,99.50,1072.50,50.1766,117.5203
18043777,275.50,1140.50,58.3949,113.0248
18047683,-45.50,-394.50,56.6943,108.4920
18051589,-430.50,-1513.50,50.2163,95.3727
18055495,-396.50,-720.50,46.2069,70.2623
18059401,42.50,863.50,44.2377,45.8133
18063307,267.50,1226.50,42.2858,39.1020
18067213,-8.50,-217.50,35.1940,53.5142
18071119,-389.50,-1455.50,30.5152,64.8176
18075025,-384.50,-888.50,42.9935,63.2151
18078931,-15.50,707.50,57.2459,51.2875
18082837,289.50,1329.50,54.8398,45.8802
18086743,95.50,-32.50,50.5062,55.5061
18090649,-335.50,-1395.50,55.1718,52.9451
18094555,-427.50,-1076.50,58.4852,39.4708
18098461,-47.50,511.50,55.3341,22.9418
18102367,299.50,1367.50,53.0546,18.6327
18106273,143.50,180.50,54.6327,36.3062
18110179,-328.50,-1254.50,48.9699,50.3784
18114085,-463.50,-1183.50,33.6307,58.3945
18117991,-133.50,329.50,21.2309,49.7318
18121897,196.50,1358.50,7.6937,29.6040
18125803,130.50,326.50,-10.1795,16.0571
18129709,-340.50,-1246.50,-23.4027,-9.8036
18133615,-606.50,-1365.50,-46.1140,-32.9187
18137521,-272.50,93.50,-76.2234,-37.1452
18141427,101.50,1296.50,-90.2943,-31.1842
18145333,94.50,463.50,-92.1795,-30.6648
18149239,-376.50,-1137.50,-97.3509,-54.7415
18153145,-638.50,-1564.50,-113.0466,-86.3112
18157051,-464.50,-285.50,-140.4238,-126.4541
18160957,-146.50,976.50,-192.7594,-187.2517
18164863,-206.50,369.50,-277.5800,-257.0259
18168769,-650.50,-1294.50,-368.4294,-327.1739
18172675,-990.50,-1968.50,-433.7503,-386.3960
18176581,-957.50,-906.50,-490.2735,-454.8596
18180487,-625.50,389.50,-575.6654,-562.9910
18184393,-552.50,98.50,-667.5934,-677.5044
18188299,-920.50,-1551.50,-719.7902,-748.7944
18192205,-1247.50,-2047.50,-724.9948,-722.0887
18196111,-1167.50,-1326.50,-711.0947,-640.8172
18200017,-686.50,144.50,-697.8667,-659.0254
18203923,-461.50,139.50,-666.4215,-744.8982
18207829,-805.50,-1328.50,-620.3436,-769.9592
18211735,-1168.50,-2047.50,-589.8884,-686.3128
18215641,-1087.50,-1458.50,-570.8828,-566.8051
18219547,-638.50,143.50,-546.9330,-546.3737
18223453,-398.50,381.50,-517.5238,-581.4658
18227359,-633.50,-1000.50,-484.3354,-577.1384
18231265,-1053.50,-2047.50,-452.7733,-522.6843
18235171,-988.50,-1493.50,-423.4021,-453.2956
18239077,-539.50,97.50,-382.1349,-427.2168
18242983,-241.50,561.50,-333.0726,-432.3153
18246889,-494.50,-676.50,-301.5732,-419.4725
18250795,-885.50,-1987.50,-290.8122,-384.1733
18254701,-958.50,-1577.50,-282.3553,-352.1429
18258607,-567.50,-15.50,-272.5565,-339.7904
18262513,-184.50,679.50,-254.6319,-337.6242
18266419,-352.50,-416.50,-222.2249,-321.3033
18270325,-780.50,-1834.50,-194.0689,-287.2803
18274231,-910.50,-1697.50,-180.7462,-262.9196
18278137,-544.50,-64.50,-173.8660,-248.6594
18282043,-160.50,866.50,-162.2748,-210.2870
18285949,-246.50,-72.50,-142.2318,-151.9657
18289855,-664.50,-1581.50,-118.6171,-106.9228
18293761,-820.50,-1645.50,-93.7092,-85.2561
18297667,-466.50,-150.50,-62.5826,-76.4771
18301573,-37.50,973.50,-23.8139,-58.5682
18305479,-25.50,278.50,19.2311,-14.3839
18309385,-378.50,-1229.50,70.3432,50.6726
18313291,-590.50,-1518.50,126.7562,112.0611
18317197,-297.50,-112.50,173.6438,151.4373
18321103,165.50,1204.50,209.6942,186.9412
18325009,176.50,627.50,236.1892,227.2073
18328915,-197.50,-929.50,249.4908,250.9588
18332821,-447.50,-1493.50,264.0240,254.8176
18336727,-176.50,-175.50,296.6840,257.0591
18340633,288.50,1413.50,342.5784,311.8813
18344539,419.50,1081.50,386.6193,422.6122
18348445,129.50,-525.50,432.0460,496.1825
18352351,-209.50,-1287.50,478.5605,496.9366
18356257,-47.50,-169.50,505.0916,475.0463
18360163,412.50,1439.50,512.9018,488.1919
18364069,570.50,1315.50,518.1186,535.6538
18367975,239.50,-286.50,522.0368,551.2442
18371881,-143.50,-1263.50,519.7183,514.4678
18375787,-48.50,-320.50,512.0107,475.4500
18379693,336.50,1365.50,497.1489,486.3903
18383599,537.50,1596.50,470.6867,554.5866
18387505,234.50,-62.50,442.9893,597.2972
18391411,-236.50,-1280.50,412.8874,536.8432
18395317,-255.50,-615.50,367.1233,427.1059
18399223,61.50,880.50,304.0286,331.3968
18403129,243.50,1230.50,223.6371,246.0327
18407035,-74.50,-237.50,135.4043,165.2632
18410941,-614.50,-1618.50,44.8104,81.0972
18414847,-704.50,-1204.50,-45.4252,-3.2153
18418753,-382.50,320.50,-121.0366,-81.7984
18422659,-114.50,876.50,-179.6568,-159.7305
18426565,-335.50,-425.50,-224.8766,-235.7511
18430471,-782.50,-1868.50,-255.2750,-300.3213
18434377,-857.50,-1609.50,-264.1662,-332.6680
18438283,-512.50,16.50,-253.8271,-325.6693
18442189,-174.50,847.50,-245.5483,-299.5548
18446095,-252.50,-175.50,-239.0121,-275.4067
18450001,-708.50,-1704.50,-224.0522,-258.5699
18453907,-869.50,-1725.50,-212.8905,-253.1897
18457813,-532.50,-200.50,-206.3367,-262.1347
18461719,-138.50,863.50,-194.8049,-267.2858
18465625,-182.50,48.50,-178.6612,-249.9248
18469531,-585.50,-1561.50,-158.4134,-223.3564
18473437,-809.50,-1761.50,-137.7500,-204.3509
18477343,-539.50,-314.50,-125.5056,-187.1399
18481249,-147.50,905.50,-125.7821,-168.5752
18485155,-84.50,272.50,-123.3962,-153.6510
18489061,-513.50,-1310.50,-106.7622,-138.6559
18492967,-756.50,-1760.50,-87.9628,-115.2697
18496873,-492.50,-447.50,-64.7832,-91.2497
18500779,-124.50,923.50,-44.7029,-75.1581
18504685,-101.50,511.50,-56.8805,-64.7738
18508591,-430.50,-1034.50,-81.5324,-48.9726
18512497,-712.50,-1638.50,-74.5153,-4.7712
18516403,-512.50,-398.50,-37.5316,70.3460
18520309,-17.50,1099.50,10.2510,148.1958
18524215,182.50,973.50,68.2139,204.7070
18528121,-142.50,-559.50,128.2651,244.2255
18532027,-512.50,-1426.50,165.2813,278.4597
18535933,-307.50,-432.50,187.7375,305.4976
18539839,183.50,1187.50,231.3009,330.9658
18543745,375.50,1358.50,284.9364,376.9492
18547651,110.50,-165.50,321.0442,433.5534
18551557,-217.50,-1235.50,351.9726,463.2868
18555463,-111.50,-447.50,395.6688,467.4365
18559369,333.50,1219.50,442.9553,474.9695
18563275,606.50,1759.50,477.8434,531.2163
18567181,359.50,134.50,498.9661,601.3195
18571087,-57.50,-1136.50,507.2662,582.6993
18574993,-62.50,-564.50,505.0149,514.2977
18578899,362.50,1051.50,503.6496,475.6613
18582805,674.50,1925.50,510.6268,511.8272
18586711,455.50,311.50,517.9060,579.0032
18590617,41.50,-1027.50,516.9720,552.5627
18594523,-68.50,-686.50,507.5648,488.4429
18598429,311.50,895.50,490.5827,463.3963
18602335,657.50,2047.50,476.0615,505.1597
18606241,507.50,571.50,470.1710,580.6453
18610147,64.50,-926.50,464.5684,551.9311
18614053,-101.50,-838.50,450.9792,466.4546
18617959,222.50,671.50,428.5008,415.2002
18621865,607.50,2047.50,407.2804,437.1366
18625771,511.50,788.50,395.0504,511.1424
18629677,105.50,-785.50,390.7107,500.2543
18633583,-120.50,-947.50,389.1507,433.9610
18637489,147.50,481.50,376.9917,390.1661
18641395,533.50,2003.50,351.0150,402.7302
18645301,511.50,926.50,325.0026,449.3743
18649207,90.50,-698.50,308.1705,409.5380
18653113,-186.50,-1103.50,295.5619,330.3559
18657019,51.50,222.50,280.7714,288.5814
18660925,462.50,1817.50,265.3181,293.3628
18664831,496.50,1057.50,250.2667,322.0702
18668737,110.50,-559.50,237.8056,294.0527
18672643,-210.50,-1194.50,229.0953,249.4307
18676549,-33.50,-16.50,218.7119,229.4841
18680455,350.50,1506.50,198.3846,205.3307
18684361,438.50,1159.50,165.8614,174.9615
18688267,90.50,-428.50,137.5948,146.0789
18692173,-301.50,-1281.50,120.2254,143.7286
18696079,-173.50,-293.50,102.3328,146.8039
18699985,267.50,1265.50,89.1664,114.1908
18703891,422.50,1232.50,84.8406,64.4727
18707797,74.50,-335.50,76.0342,31.4942
18711703,-380.50,-1417.50,47.4856,21.9712
18715609,-233.50,-616.50,18.0160,9.1206
18719515,155.50,1002.50,16.0726,-27.8522
18723421,426.50,1339.50,28.5140,-53.0945
18727327,209.50,-126.50,53.1631,-31.8132
18731233,-248.50,-1314.50,81.8982,14.9831
18735139,-306.50,-767.50,75.2329,41.1019
18739045,97.50,847.50,36.1935,11.3188
18742951,391.50,1484.50,5.7208,-24.4738
18746857,206.50,106.50,5.4619,-6.6480
18750763,-226.50,-1249.50,23.9225,29.4354
18754669,-271.50,-818.50,41.3956,57.4952
18758575,151.50,822.50,59.5465,75.5083
18762481,499.50,1817.50,84.3695,116.9362
18766387,423.50,439.50,119.1291,184.2352
18770293,-8.50,-996.50,162.6051,202.4315
18774199,-155.50,-858.50,189.4590,188.6838
18778105,215.50,691.50,192.0049,169.6929
18782011,635.50,2047.50,198.4922,196.9975
18785917,546.50,725.50,220.0610,279.4526
18789823,64.50,-849.50,230.2288,280.3424
18793729,-102.50,-946.50,218.4826,220.3838
18797635,261.50,511.50,217.9710,174.8691
18801541,669.50,2047.50,241.1879,189.1376
18805447,625.50,978.50,259.5844,266.0121
18809353,240.50,-620.50,265.3262,284.0231
18813263,27.50,-923.50,278.8617,262.1380
18817169,303.50,442.50,302.7029,256.7753
18821075,761.50,2047.50,325.5325,278.1115
18824981,752.50,1281.50,335.7057,328.5339
18828887,327.50,-376.50,321.4304,331.2244
18832793,45.50,-907.50,297.0482,308.7259
18836699,226.50,335.50,280.7376,307.0904
18840605,656.50,2047.50,265.9590,331.5388
18844511,733.50,1591.50,247.9751,383.5444
18848417,302.50,-169.50,222.2854,382.8112
18852323,-42.50,-936.50,187.7840,329.2300
18856229,67.50,102.50,155.4667,284.2911
18860135,463.50,1929.50,121.9601,279.1424
18864041,598.50,1661.50,83.3704,307.9421
18867947,231.50,-86.50,48.9318,275.2614
18871853,-187.50,-1071.50,17.7336,188.1492
18875759,-120.50,-224.50,-13.7768,126.5173
18879665,285.50,1456.50,-42.5425,82.9354
18883571,455.50,1694.50,-72.3891,63.3770
18887477,160.50,24.50,-102.3323,60.2680
18891383,-240.50,-1170.50,-118.7156,37.3399
18895289,-225.50,-512.50,-119.9228,3.8079
18899195,189.50,1103.50,-118.4463,-46.4399
18903101,459.50,1669.50,-119.4459,-91.8781
18907007,206.50,99.50,-121.6477,-103.3534
18910913,-239.50,-1209.50,-128.5882,-111.7324
18914819,-264.50,-751.50,-136.3652,-114.7370
18918725,131.50,875.50,-135.6177,-126.9727
18922631,432.50,1770.50,-132.9038,-133.8406
18926537,250.50,351.50,-135.3530,-103.5323
18930443,-197.50,-1074.50,-139.3415,-82.9485
18934349,-305.50,-859.50,-143.0974,-73.3047
18938255,48.50,693.50,-147.3968,-86.0684
18942161,421.50,1798.50,-149.6458,-111.3102
18946067,286.50,491.50,-147.4665,-116.2827
18949973,-179.50,-1044.50,-149.9888,-140.1600
18953879,-351.50,-1057.50,-161.6616,-157.3227
18957785,-47.50,421.50,-175.2560,-167.5110
18961691,346.50,1702.50,-186.5849,-186.7415
18965597,293.50,655.50,-190.3154,-190.2838
18969503,-178.50,-978.50,-192.1425,-207.1619
18973409,-413.50,-1212.50,-203.7725,-217.0400
18977315,-132.50,181.50,-216.4911,-215.5264
18981221,274.50,1535.50,-221.8256,-235.3506
18985127,284.50,774.50,-223.0904,-263.7099
18989033,-140.50,-862.50,-222.4451,-287.3679
18992939,-440.50,-1349.50,-225.0790,-278.5795
18996845,-228.50,-79.50,-234.4508,-261.0375
19000751,180.50,1335.50,-249.0409,-286.2457
19004657,234.50,881.50,-266.7159,-335.9236
19008563,-145.50,-738.50,-279.1035,-361.4615
19012469,-482.50,-1444.50,-280.7288,-334.4564
19016375,-319.50,-302.50,-278.3200,-294.1435
19020281,133.50,1200.50,-275.0190,-298.5274
19024187,272.50,1013.50,-267.4892,-340.4954
19028093,-76.50,-548.50,-257.3726,-363.6953
19031999,-398.50,-1449.50,-241.2243,-328.9681
19035905,-308.50,-522.50,-218.8205,-280.9983
19039811,47.50,1010.50,-219.0544,-294.3054
19043717,190.50,1055.50,-259.8598,-365.2826
19047623,-136.50,-434.50,-312.4221,-419.0807
19051529,-562.50,-1560.50,-348.5820,-408.6322
19055435,-540.50,-851.50,-369.7439,-380.8799
19059341,-100.50,749.50,-378.5256,-400.6761
19063247,176.50,1093.50,-368.1251,-453.0835
19067153,-81.50,-281.50,-344.2976,-474.4387
19071059,-524.50,-1552.50,-328.5663,-439.8718
19074965,-527.50,-1034.50,-325.3839,-392.4399
19078871,-104.50,581.50,-317.4020,-387.6858
19082777,195.50,1179.50,-301.1772,-419.4020
19086683,-8.50,-76.50,-287.6889,-434.4637
19090589,-443.50,-1453.50,-280.2567,-404.4204
19094495,-540.50,-1183.50,-277.1535,-357.0147
19098401,-143.50,414.50,-273.5915,-346.5207
19102307,221.50,1261.50,-260.8815,-369.1480
19106213,75.50,135.50,-241.8522,-379.3378
19110119,-385.50,-1359.50,-231.5565,-363.0605
19114025,-564.50,-1298.50,-238.4692,-330.1019
19117931,-226.50,235.50,-254.3678,-314.3123
19121837,155.50,1279.50,-264.1928,-327.2487
19125743,95.50,349.50,-260.3338,-337.6488
19129649,-352.50,-1244.50,-247.9727,-330.9626
19133555,-596.50,-1400.50,-244.3149,-307.9725
19137461,-292.50,55.50,-252.5382,-287.5273
19141367,119.50,1291.50,-257.0153,-284.2358
19145273,127.50,549.50,-249.7059,-286.4081
19149179,-296.50,-1096.50,-234.5856,-289.5908
19153085,-574.50,-1481.50,-223.1005,-281.4571
19156991,-364.50,-157.50,-225.6014,-266.6581
19160897,87.50,1187.50,-235.4248,-271.7469
19164803,139.50,702.50,-236.4561,-289.8651
19168709,-265.50,-914.50,-230.1632,-293.8392
19172615,-591.50,-1551.50,-227.0435,-271.8749
19176521,-383.50,-367.50,-222.9980,-248.8960
19180427,64.50,1085.50,-211.0101,-253.7400
19184333,176.50,851.50,-198.2025,-275.1190
19188239,-193.50,-740.50,-192.7811,-282.4480
19192145,-557.50,-1585.50,-192.5031,-262.4094
19196051,-431.50,-576.50,-191.8850,-237.7906
19199957,37.50,969.50,-184.5633,-237.7185
19203863,225.50,1009.50,-168.4129,-251.0161
19207769,-111.50,-512.50,-153.7004,-245.9408
19211675,-512.50,-1570.50,-149.8104,-219.5772
19215581,-431.50,-761.50,-148.2717,-199.2095
19219487,15.50,855.50,-138.1149,-202.2869
19223393,243.50,1123.50,-125.7712,-215.0828
19227299,-38.50,-309.50,-121.1882,-215.8154
19231205,-461.50,-1539.50,-121.9435,-200.5714
19235111,-450.50,-944.50,-119.2850,-185.6478
19239017,-15.50,688.50,-108.0162,-187.9253
19242923,261.50,1237.50,-95.2011,-193.8693
19246829,26.50,-86.50,-92.1444,-183.0631
19250735,-462.50,-1489.50,-104.7650,-169.2342
19254641,-549.50,-1150.50,-130.9212,-173.8166
19258547,-143.50,446.50,-152.0708,-201.5931
19262453,171.50,1203.50,-158.4290,-232.4333
19266359,-0.50,53.50,-161.3108,-238.8782
19270265,-433.50,-1408.50,-161.6508,-219.1505
19274171,-585.50,-1292.50,-157.0986,-192.0149
19278077,-202.50,293.50,-151.3067,-180.9890
19281983,174.50,1274.50,-141.8067,-179.8444
19285889,84.50,291.50,-129.4398,-170.9335
19289795,-341.50,-1282.50,-114.5389,-160.2930
19293701,-552.50,-1390.50,-100.3029,-151.5634
19297607,-239.50,97.50,-95.6239,-149.6141
19301513,182.50,1266.50,-95.2745,-152.4056
19305419,144.50,464.50,-90.5102,-152.0602
19309325,-310.50,-1152.50,-87.6410,-153.7102
19313231,-579.50,-1470.50,-94.4889,-147.0409
19317137,-302.50,-101.50,-102.9866,-133.2314
19321043,165.50,1217.50,-96.8334,-128.5070
19324949,187.50,646.50,-77.7382,-131.2121
19328855,-261.50,-968.50,-69.2831,-133.5985
19332761,-559.50,-1511.50,-77.7722,-119.4923
19336667,-342.50,-299.50,-83.5488,-99.1660
19340573,112.50,1123.50,-78.2739,-101.0650
19344479,216.50,822.50,-68.0455,-115.4590
19348385,-159.50,-778.50,-56.2890,-118.1174
19352291,-525.50,-1554.50,-47.6968,-101.8293
19356197,-383.50,-480.50,-47.6077,-81.0992
19360103,77.50,1023.50,-51.0721,-78.0874
19364009,235.50,974.50,-50.6999,-90.1193
19367915,-89.50,-581.50,-44.1246,-95.3237
19371821,-477.50,-1568.50,-31.7001,-85.6726
19375727,-395.50,-705.50,-20.4415,-76.2996
19379633,48.50,895.50,-16.2655,-80.5307
19383539,241.50,1123.50,-21.3795,-82.3161
19387445,-53.50,-368.50,-32.8261,-69.6768
19391351,-452.50,-1553.50,-36.2736,-59.3200
19395257,-462.50,-879.50,-31.2748,-59.4118
19399163,-56.50,747.50,-36.2394,-65.2820
19403069,218.50,1223.50,-51.4329,-64.5321
19406975,17.50,-149.50,-54.0490,-50.3797
19410881,-448.50,-1481.50,-40.9537,-38.4396
19414787,-512.50,-1041.50,-35.9453,-36.5737
19418693,-121.50,576.50,-45.5516,-43.8791
19422599,185.50,1271.50,-59.9440,-50.9459
19426505,33.50,33.50,-67.1788,-49.4359
19430411,-404.50,-1400.50,-57.2283,-46.4430
19434317,-548.50,-1227.50,-44.4375,-46.1917
19438223,-190.50,368.50,-46.8291,-55.6948
19442129,183.50,1267.50,-56.1117,-65.9837
19446035,59.50,218.50,-59.5259,-65.7089
19449941,-399.50,-1324.50,-60.1543,-63.6358
19453847,-574.50,-1368.50,-61.5344,-62.3124
19457753,-242.50,157.50,-59.2801,-64.7509
19461659,143.50,1261.50,-55.9030,-65.8518
19465565,89.50,406.50,-57.2088,-60.4910
19469471,-335.50,-1205.50,-57.1958,-59.8646
19473377,-592.50,-1476.50,-53.7569,-61.8109
19477283,-309.50,-58.50,-53.0561,-63.1572
19481189,118.50,1232.50,-52.6848,-60.2705
19485095,142.50,594.50,-47.7455,-49.6741
19489001,-272.50,-1010.50,-38.7600,-39.8867
19492907,-554.50,-1486.50,-28.4462,-22.5246
19496813,-294.50,-202.50,-12.9930,-0.4060
19500719,112.50,1154.50,2.6401,2.2594
19504625,183.50,757.50,2.2185,-17.1618
19508531,-197.50,-860.50,-6.5132,-37.6092
19512437,-544.50,-1579.50,-9.3772,-40.5161
19516343,-397.50,-460.50,-12.0955,-34.4552
19520249,55.50,999.50,-17.8807,-41.8112
19524155,187.50,885.50,-21.7700,-59.0504
19528061,-176.50,-686.50,-25.1567,-62.9323
19531967,-559.50,-1603.50,-30.6443,-48.8803
19535873,-466.50,-689.50,-36.2068,-37.2421
19539779,-24.50,881.50,-40.4123,-44.2651
19543685,209.50,1040.50,-37.0641,-50.2850
19547591,-54.50,-460.50,-15.4720,-35.2509
19551497,-474.50,-1568.50,15.0385,-13.0041
19555403,-436.50,-829.50,32.6106,1.4426
19559309,-16.50,787.50,34.3762,4.2471
19563215,241.50,1203.50,28.8254,10.0852
19567121,-12.50,-218.50,23.8402,28.0349
19571027,-447.50,-1508.50,22.7929,36.8323
19574933,-484.50,-1007.50,22.6525,28.9328
19578839,-104.50,607.50,17.1771,12.0824
19582745,195.50,1231.50,3.2916,0.1945
19586651,22.50,-62.50,-6.0970,-0.7585
19590557,-448.50,-1448.50,-5.1371,-0.7828
19594463,-586.50,-1197.50,-12.8788,-0.8154
19598369,-191.50,404.50,-30.1161,-7.9194
19602275,172.50,1268.50,-35.1910,-11.7640
19606181,48.50,158.50,-25.1609,0.2781
19610087,-384.50,-1349.50,-9.7447,10.3597
19613993,-562.50,-1325.50,2.0679,11.7898
19617899,-226.50,226.50,4.1076,6.5360
19621805,179.50,1283.50,3.5257,6.6037
19625711,99.50,381.50,6.4904,20.4497
19629617,-309.50,-1201.50,13.3723,32.8257
19633523,-544.50,-1405.50,24.2752,38.4764
19637429,-241.50,66.50,33.4637,40.9274
19641335,167.50,1312.50,37.9057,51.4636
19645241,150.50,587.50,35.6723,67.5023
19649147,-277.50,-1025.50,27.4938,69.0427
19653053,-550.50,-1482.50,21.3796,61.9424
19656959,-284.50,-140.50,26.3467,54.3574
19660865,149.50,1232.50,41.0238,52.3045
19664771,202.50,752.50,50.9422,56.1450
19668677,-205.50,-858.50,49.2284,55.7697
19672583,-514.50,-1520.50,45.0376,58.2228
19676489,-358.50,-345.50,43.6138,62.0005
19680395,106.50,1099.50,42.2173,54.3954
19684301,240.50,902.50,46.0504,40.8131
19688207,-130.50,-681.50,54.1119,37.3829
19692113,-523.50,-1545.50,53.1909,48.2200
19696019,-397.50,-556.50,43.4165,58.2457
19699925,69.50,1006.50,40.8769,56.6087
19703831,271.50,1075.50,52.3877,56.7539
19707737,-76.50,-466.50,63.5394,66.6978
19711643,-483.50,-1537.50,60.9327,73.6947
19715549,-430.50,-756.50,52.1879,68.6737
19719455,-0.50,850.50,46.4596,53.1542
19723361,251.50,1195.50,43.7060,48.5831
19727267,-20.50,-271.50,44.8404,62.7444
19731173,-458.50,-1489.50,46.6287,73.1784
19735079,-478.50,-926.50,44.0658,73.1613
19738985,-48.50,685.50,41.0329,61.4067
19742891,269.50,1265.50,45.9329,51.5994
19746797,46.50,-88.50,56.7681,54.8573
19750703,-401.50,-1453.50,62.9538,52.6155
19754609,-518.50,-1121.50,56.6490,44.0933
19758515,-111.50,487.50,42.5535,32.3254
19762421,220.50,1321.50,33.4103,32.5980
19766327,66.50,115.50,30.0823,50.1623
19770233,-354.50,-1369.50,34.4168,52.7845
19774139,-527.50,-1268.50,44.2440,41.5696
19778045,-173.50,304.50,45.4708,31.4058
19781951,221.50,1307.50,41.8597,31.2855
19785857,114.50,311.50,40.7982,40.4963
19789763,-320.50,-1262.50,40.0104,38.8318
19793669,-533.50,-1397.50,40.9401,30.0677
19797575,-228.50,102.50,41.9313,24.6302
19801481,171.50,1306.50,38.3201,32.3705
19805387,155.50,511.50,32.5469,49.3100
19809293,-256.50,-1102.50,34.7737,51.5273
19813199,-540.50,-1474.50,42.8155,45.3514
19817105,-250.50,-101.50,49.7475,40.3764
19821011,161.50,1229.50,56.3382,37.5218
19824917,193.50,683.50,54.8413,38.5084
19828823,-226.50,-942.50,44.2317,36.8363
19832729,-530.50,-1544.50,35.8693,36.4877
19836635,-304.50,-295.50,40.0902,39.5246
19840541,123.50,1126.50,51.8188,39.7850
19844447,223.50,848.50,54.5835,35.4328
19848353,-143.50,-744.50,50.9004,35.4274
19852263,-494.50,-1556.50,52.3554,46.5138
19856169,-373.50,-476.50,54.9720,59.7597
19860075,75.50,1023.50,51.4669,61.4720
19863981,227.50,1007.50,43.6718,51.7844
19867887,-108.50,-559.50,35.6102,45.6317
19871793,-492.50,-1562.50,32.5143,47.6847
19875699,-440.50,-703.50,32.3456,50.2586
19879605,13.50,893.50,29.6217,46.0505
19883511,227.50,1125.50,27.0000,41.8400
19887417,-60.50,-370.50,24.8009,42.8382
19891323,-470.50,-1554.50,24.7130,40.6220
19895229,-457.50,-914.50,29.9897,34.2543
19899135,-42.50,713.50,35.0345,23.8126
19903041,241.50,1233.50,35.1783,24.4928
19906947,16.50,-152.50,35.9271,42.7775
19910853,-415.50,-1470.50,41.7320,55.2710
19914759,-464.50,-1064.50,50.1583,56.5519
19918665,-85.50,550.50,54.4854,46.8111
19922571,246.50,1301.50,50.8970,41.3460
19926477,77.50,57.50,47.5014,52.1043
19930383,-384.50,-1372.50,47.0541,59.6066
19934289,-512.50,-1220.50,42.8591,59.2989
19938195,-174.50,362.50,32.5330,47.7632
19942101,184.50,1343.50,17.2661,43.2775
19946007,79.50,244.50,5.4216,54.6738
19949913,-385.50,-1295.50,0.5646,50.0116
19953819,-556.50,-1348.50,-1.7569,37.9120
19957725,-234.50,142.50,0.4651,29.0625
19961631,161.50,1301.50,4.6482,24.9535
19965537,126.50,446.50,7.4594,33.8849
19969443,-312.50,-1176.50,11.4313,35.1355
19973349,-574.50,-1455.50,11.1872,28.4640
19977255,-301.50,-33.50,4.1350,28.4148
19981161,144.50,1259.50,1.5953,35.8603
19985067,158.50,638.50,8.1682,44.8580
19988973,-272.50,-1000.50,12.0526,43.5833
19992879,-570.50,-1536.50,7.3147,36.7169
19996785,-354.50,-236.50,1.5026,32.9902
20000691,96.50,1139.50,0.8685,28.9659
20004597,191.50,775.50,6.6144,18.8454
20008503,-191.50,-835.50,16.1056,10.6448
20012409,-526.50,-1583.50,25.1354,15.1123
20016315,-368.50,-441.50,32.1628,26.1165
20020221,80.50,1023.50,36.2571,27.8545
20024127,229.50,942.50,37.5899,18.5644
20028033,-114.50,-623.50,38.9396,19.3099
20031939,-490.50,-1592.50,42.5420,31.1762
20035845,-377.50,-657.50,50.5134,35.4527
20039751,69.50,905.50,62.0733,26.9897
20043657,274.50,1078.50,70.0793,18.8465
20047563,-36.50,-426.50,70.2027,24.9624
20051469,-464.50,-1589.50,63.2310,32.0607
20055375,-426.50,-879.50,54.6046,24.0114
20059281,-44.50,737.50,43.7753,5.5418
20063187,199.50,1145.50,21.8817,-5.8395
20067093,-74.50,-302.50,-5.2858,-9.7083
20070999,-512.50,-1582.50,-25.6894,-20.0872
20074905,-541.50,-1073.50,-34.0985,-25.5921
20078811,-166.50,556.50,-37.0397,-22.6456
20082717,172.50,1229.50,-40.9229,-12.5056
20086623,-42.50,-64.50,-41.0574,3.7635
20090529,-469.50,-1442.50,-38.2651,14.0350
20094435,-562.50,-1199.50,-31.6988,23.3257
20098341,-167.50,396.50,-18.8400,23.7630
20102247,197.50,1315.50,-3.1850,25.4871
20106153,65.50,176.50,9.9481,41.7158
20110059,-389.50,-1328.50,15.6059,47.6012
20113965,-559.50,-1321.50,13.3502,44.2103
20117871,-208.50,208.50,10.5689,35.7716
20121777,184.50,1319.50,13.7750,32.7280
20125683,112.50,395.50,18.9047,46.8825
20129589,-321.50,-1199.50,22.4909,53.6947
20133495,-528.50,-1423.50,28.6480,49.6615
20137401,-252.50,37.50,35.7988,45.5982
20141307,176.50,1309.50,38.0989,52.0768
20145213,155.50,578.50,36.1867,64.3856
20149119,-271.50,-1049.50,30.9469,58.0619
20153025,-553.50,-1506.50,24.5582,45.2830
20156931,-298.50,-174.50,23.5547,40.5426
20160837,144.50,1196.50,30.5393,38.9551
20164743,181.50,711.50,35.4909,31.6398
20168649,-234.50,-895.50,27.6286,17.0781
20172555,-554.50,-1588.50,14.4349,12.2780
20176461,-393.50,-413.50,5.3677,13.7539
20180367,44.50,1010.50,-3.3574,0.7233
20184273,183.50,833.50,-9.4393,-24.9233
20188179,-169.50,-764.50,-4.5794,-39.5375
20192085,-571.50,-1663.50,0.8421,-37.5581
20195991,-434.50,-662.50,-2.7053,-33.5925
20199897,15.50,887.50,-3.8651,-36.1597
20203803,195.50,983.50,-0.2105,-37.6156
20207709,-123.50,-540.50,1.5502,-25.2036
20211615,-515.50,-1628.50,4.2077,-8.1206
20215521,-456.50,-831.50,10.8285,-0.3206
20219427,-15.50,782.50,18.5908,-2.1342
20223333,240.50,1137.50,25.8373,0.9076
20227239,-32.50,-305.50,33.0669,17.4819
20231145,-470.50,-1565.50,36.0148,29.3493
20235051,-485.50,-987.50,32.4656,28.9249
20238957,-69.50,629.50,27.3972,21.0882
20242863,240.50,1215.50,26.6211,15.6804
20246769,35.50,-122.50,33.4684,18.5715
20250675,-400.50,-1496.50,45.0963,18.1138
20254581,-482.50,-1155.50,54.1912,17.8165
20258487,-100.50,449.50,55.9348,16.7981
20262393,209.50,1296.50,46.5077,21.4014
20266299,66.50,103.50,31.0549,37.5847
20270205,-380.50,-1369.50,24.1427,43.8657
20274111,-546.50,-1292.50,22.8983,41.7027
20278017,-192.50,269.50,17.3203,33.7857
20281923,210.50,1309.50,15.6961,30.6129
20285829,119.50,308.50,24.0339,40.3184
20289735,-308.50,-1268.50,35.8379,39.0925
20293641,-532.50,-1425.50,43.2091,28.5524
20297547,-233.50,65.50,40.3105,19.2334
20301453,189.50,1315.50,33.6206,26.5602
20305359,171.50,506.50,34.1641,48.7472
20309265,-282.50,-1116.50,36.3683,50.1024
20313171,-541.50,-1502.50,31.8188,37.7317
20317077,-293.50,-125.50,25.6039,30.9862
20320983,135.50,1232.50,21.0488,33.0028
20324889,181.50,665.50,17.9478,36.5640
20328795,-249.50,-969.50,14.5196,25.6712
20332701,-572.50,-1583.50,5.4892,13.9357
20336607,-345.50,-342.50,-0.0345,12.8667
20340513,117.50,1081.50,10.1344,10.7208
20344419,259.50,820.50,32.8674,2.3447
20348325,-113.50,-768.50,58.2724,1.7394
20352231,-512.50,-1603.50,67.9703,15.6266
20356137,-399.50,-534.50,51.6098,28.6674
20360043,75.50,1015.50,30.4248,33.3291
20363949,238.50,1015.50,24.7584,37.4867
20367855,-111.50,-533.50,25.0499,48.2240
20371761,-512.50,-1583.50,20.4682,58.0419
20375667,-463.50,-735.50,11.6915,53.7918
20379573,-15.50,852.50,1.2324,34.9756
20383479,225.50,1136.50,-3.4624,23.0154
20387385,-79.50,-341.50,-2.6746,33.8298
20391291,-512.50,-1578.50,-5.6393,43.7478
20395197,-514.50,-917.50,-12.4369,38.1446
20399103,-75.50,702.50,-15.9071,27.8147
20403009,191.50,1232.50,-16.6692,26.5911
20406915,-34.50,-144.50,-19.3319,38.5433
20410821,-472.50,-1502.50,-19.1533,44.0165
20414727,-545.50,-1081.50,-15.6072,40.5364
20418633,-170.50,533.50,-19.4960,34.3422
20422539,193.50,1291.50,-27.4376,32.3964
20426445,16.50,39.50,-25.6863,36.9154
20430351,-416.50,-1410.50,-15.2586,32.8766
20434257,-544.50,-1232.50,-2.9387,30.3340
20438163,-163.50,358.50,8.5090,33.0869
20442069,211.50,1366.50,17.5392,45.9902
20445975,101.50,277.50,22.2372,67.7841
20449881,-357.50,-1273.50,21.7011,67.7743
20453787,-553.50,-1344.50,17.5417,56.2209
20457693,-240.50,173.50,11.5518,49.4175
20461599,182.50,1383.50,7.8386,58.6740
20465505,147.50,496.50,11.6616,82.0931
20469411,-290.50,-1117.50,20.5007,83.3958
20473317,-553.50,-1437.50,25.0917,69.2955
20477223,-296.50,-29.50,20.0084,57.1545
20481129,142.50,1313.50,10.4695,54.9052
20485035,166.50,645.50,5.7156,59.2016
20488941,-245.50,-975.50,7.5685,48.2196
20492847,-559.50,-1536.50,10.8313,35.7342
20496753,-330.50,-252.50,13.0879,30.4025
20500659,99.50,1162.50,14.0061,23.5762
20504565,175.50,780.50,7.9474,11.7910
20508471,-225.50,-830.50,-4.9252,-1.6692
20512377,-582.50,-1601.50,-17.4843,-2.6497
20516283,-399.50,-469.50,-20.3762,4.9643
20520189,69.50,1019.50,-7.8411,4.0003
20524095,176.50,914.50,1.9901,-10.7623
20528001,-189.50,-640.50,-9.8384,-20.3927
20531907,-577.50,-1630.50,-29.7194,-13.6569
20535813,-472.50,-701.50,-37.3458,-8.1967
20539719,-9.50,883.50,-30.3086,-14.4116
20543625,233.50,1071.50,-13.0163,-18.8319
20547531,-82.50,-443.50,6.2963,-10.3839
20551437,-518.50,-1602.50,13.1992,-0.8994
20555343,-476.50,-911.50,8.9855,-3.9702
20559249,-61.50,709.50,4.1981,-22.0389
20563155,214.50,1145.50,-1.2319,-36.7751
20567061,-47.50,-244.50,-5.5590,-29.8666
20570967,-481.50,-1581.50,-6.0959,-18.9386
20574873,-512.50,-1080.50,-1.9842,-18.6697
20578779,-79.50,541.50,8.2894,-25.8618
20582685,225.50,1233.50,18.4570,-27.5363
20586591,39.50,-40.50,21.9447,-15.3861
20590497,-418.50,-1458.50,22.5157,-3.3526
20594403,-537.50,-1206.50,20.5522,6.2377
20598309,-156.50,383.50,14.4069,8.1325
20602215,208.50,1313.50,9.3562,9.1247
20606121,77.50,186.50,8.8304,21.0536
20610027,-362.50,-1356.50,13.9190,21.4418
20613933,-526.50,-1345.50,23.9167,12.3003
20617839,-194.50,195.50,31.7110,5.7339
20621745,208.50,1344.50,32.5075,13.8358
20625651,162.50,428.50,34.5228,41.2333
20629557,-298.50,-1176.50,41.1946,56.4155
20633463,-527.50,-1405.50,43.8380,56.8283
20637369,-239.50,48.50,41.5689,56.0287
20641275,197.50,1339.50,40.2271,62.1183
20645181,231.50,604.50,47.8815,69.6493
20649087,-246.50,-1033.50,57.2616,56.1297
20652993,-548.50,-1509.50,48.0623,37.9467
20656899,-285.50,-188.50,32.6467,29.5651
20660805,151.50,1214.50,30.4331,25.8449
20664711,240.50,731.50,36.4537,19.6166
20668617,-162.50,-868.50,45.8969,7.6717
20672523,-495.50,-1582.50,54.6380,6.9532
20676429,-314.50,-402.50,59.5817,12.9525
20680335,144.50,1086.50,62.2609,11.6680
20684241,264.50,880.50,61.1762,1.4530
20688147,-88.50,-700.50,58.3352,-9.9938
20692053,-486.50,-1627.50,56.6904,-10.7507
20695959,-372.50,-649.50,52.5910,-11.5549
20699865,112.50,935.50,52.2789,-20.8746
20703771,277.50,1019.50,57.1189,-26.4170
20707677,-42.50,-524.50,54.9526,-23.4889
20711583,-463.50,-1648.50,47.8757,-23.2123
20715489,-406.50,-873.50,44.1089,-33.0961
20719395,34.50,764.50,44.2883,-46.9308
20723301,277.50,1107.50,43.0508,-50.4853
20727207,-9.50,-318.50,35.8420,-39.2720
20731113,-445.50,-1593.50,26.6386,-26.0072
20735019,-457.50,-1009.50,22.8378,-17.0356
20738925,-48.50,624.50,22.5532,-13.2656
20742831,245.50,1237.50,16.9356,-8.4692
20746737,48.50,-85.50,10.9023,4.0196
20750643,-404.50,-1486.50,13.8469,11.6201
20754549,-512.50,-1163.50,16.3156,11.9577
20758455,-90.50,439.50,14.1887,3.9566
20762361,261.50,1303.50,17.8707,-0.6067
20766267,87.50,135.50,21.6077,13.1479
20770173,-367.50,-1370.50,17.3546,24.2243
20774079,-483.50,-1292.50,18.1712,25.9396
20777985,-174.50,282.50,23.6262,22.6643
20781891,231.50,1355.50,18.7171,28.0237
20785797,154.50,359.50,14.3421,46.4431
20789703,-298.50,-1252.50,20.2740,46.4479
20793609,-512.50,-1394.50,26.3616,33.0574
20797515,-192.50,89.50,29.5028,26.9203
20801421,191.50,1359.50,26.8156,37.5769
20805327,167.50,562.50,14.0063,59.3614
20809233,-264.50,-1082.50,2.5939,59.4803
20813139,-533.50,-1474.50,1.0936,46.0503
20817045,-271.50,-121.50,4.5565,36.7967
20820951,155.50,1237.50,6.2244,27.7512
20824857,199.50,679.50,2.8779,15.3129
20828763,-206.50,-960.50,0.2549,-4.3937
20832669,-540.50,-1600.50,-0.1108,-17.1286
20836575,-371.50,-385.50,-8.0623,-22.4414
20840481,55.50,1045.50,-28.2362,-37.3503
20844387,158.50,789.50,-51.2502,-59.9343
20848293,-220.50,-804.50,-64.9020,-69.0574
20852199,-575.50,-1665.50,-66.2101,-58.1331
20856105,-431.50,-617.50,-58.8792,-48.9901
20860011,22.50,927.50,-49.2554,-54.7076
20863917,177.50,909.50,-45.9880,-68.9787
20867823,-152.50,-627.50,-49.7342,-76.5541
20871729,-573.50,-1698.50,-55.6120,-72.4214
20875635,-512.50,-847.50,-64.8098,-71.4122
20879541,-46.50,786.50,-70.9702,-76.2134
20883447,189.50,1040.50,-65.6019,-74.8823
20887353,-85.50,-405.50,-53.3681,-62.5482
20891263,-512.50,-1654.50,-41.4659,-49.2943
20895169,-483.50,-1008.50,-30.1296,-46.6282
20899075,-95.50,639.50,-24.0549,-50.6404
20902981,206.50,1156.50,-29.3384,-48.9157
20906887,-8.50,-193.50,-31.3624,-37.8364
20910793,-444.50,-1564.50,-20.4516,-28.4268
20914699,-520.50,-1135.50,-9.7138,-21.0364
20918605,-121.50,490.50,-8.5460,-14.5824
20922511,214.50,1254.50,-12.0811,-8.5525
20926417,70.50,35.50,-9.0110,0.7473
20930323,-394.50,-1436.50,1.3925,4.8399
20934229,-512.50,-1273.50,9.2108,7.2295
20938135,-120.50,303.50,18.0112,5.5534
20942041,266.50,1317.50,34.0278,7.3173
20945947,139.50,262.50,45.7497,23.0521
20949853,-317.50,-1327.50,43.6411,25.5293
20953759,-524.50,-1390.50,32.8182,15.8256
20957665,-222.50,112.50,18.3081,9.8328
20961571,198.50,1360.50,5.4427,21.6920
20965477,171.50,494.50,4.6312,53.7152
20969383,-283.50,-1156.50,12.0849,62.6205
20973289,-559.50,-1505.50,10.5449,41.6741
20977195,-286.50,-114.50,-1.5295,12.9900
20981101,135.50,1209.50,-12.9840,-9.3593
20985007,141.50,596.50,-23.5021,-18.5708
20988913,-273.50,-1052.50,-33.6423,-26.6672
20992819,-591.50,-1598.50,-39.6735,-28.4361
20996725,-364.50,-319.50,-41.3369,-20.7077
21000631,93.50,1108.50,-36.9222,-16.9462
21004537,176.50,759.50,-30.1205,-22.3231
21008443,-184.50,-854.50,-23.0037,-27.7619
21012349,-525.50,-1642.50,-9.9184,-21.9895
21016255,-380.50,-532.50,2.8849,-14.4133
21020161,62.50,986.50,4.3694,-18.3187
21024067,195.50,897.50,-5.9774,-30.7545
21027973,-154.50,-636.50,-20.3684,-31.6002
21031879,-537.50,-1622.50,-27.9610,-9.6803
21035785,-432.50,-706.50,-23.9245,12.2698
21039691,13.50,913.50,-13.8432,18.4292
21043597,223.50,1090.50,-7.6976,20.3323
21047503,-64.50,-393.50,-5.1011,29.0369
21051409,-512.50,-1589.50,-4.8383,38.3726
21055315,-464.50,-885.50,-8.0386,36.5433
21059221,-66.50,773.50,-12.2053,28.4992
21063127,229.50,1211.50,-16.9820,30.1272
21067033,-9.50,-189.50,-13.6101,40.8270
21070939,-441.50,-1539.50,-0.8681,42.7867
21074845,-463.50,-1041.50,13.5653,36.4973
21078751,-49.50,611.50,28.0039,34.3152
21082657,242.50,1310.50,33.1675,43.9540
21086563,58.50,25.50,25.7408,58.7997
21090469,-365.50,-1425.50,23.1604,59.5927
21094375,-512.50,-1203.50,26.8087,50.3468
21098281,-130.50,403.50,21.8369,36.8699
21102187,251.50,1354.50,17.3284,34.4902
21106093,124.50,222.50,23.8026,48.8589
21109999,-337.50,-1333.50,30.4866,48.4162
21113905,-514.50,-1330.50,28.8191,37.7761
21117811,-178.50,199.50,23.5817,30.0140
21121717,233.50,1360.50,22.8889,32.5455
21125623,155.50,430.50,25.6324,49.1430
21129529,-288.50,-1220.50,24.7668,46.1367
21133435,-536.50,-1441.50,18.8625,28.3323
21137341,-236.50,5.50,13.0410,22.2693
21141247,203.50,1318.50,15.1221,31.0996
21145153,198.50,594.50,22.7044,42.1241
21149059,-208.50,-1042.50,29.4482,34.0536
21152965,-480.50,-1486.50,39.3359,30.6325
21156871,-233.50,-175.50,53.7972,45.0059
21160777,191.50,1279.50,63.1268,60.6276
21164683,233.50,795.50,56.2626,68.3048
21168589,-163.50,-847.50,38.9351,56.2564
21172495,-516.50,-1551.50,24.1753,43.3057
21176401,-338.50,-396.50,14.5709,41.0487
21180307,131.50,1097.50,13.6342,31.9373
21184213,253.50,911.50,20.0762,13.1692
21188119,-121.50,-677.50,21.7379,-0.0339
21192025,-512.50,-1588.50,13.6403,6.4844
21195931,-392.50,-612.50,3.6219,20.2299
21199837,65.50,992.50,1.2881,23.5497
21203743,251.50,1088.50,4.2971,23.7837
21207649,-45.50,-438.50,9.0555,31.4257
21211555,-475.50,-1583.50,14.5860,38.5664
21215461,-429.50,-798.50,13.9636,34.6925
21219367,16.50,854.50,9.9954,26.4635
21223273,289.50,1215.50,13.0225,28.3609
21227179,6.50,-236.50,21.0059,38.8232
21231085,-460.50,-1519.50,18.6704,43.8593
21234991,-480.50,-970.50,3.4704,41.4075
21238897,-46.50,678.50,-6.7437,32.5578
21242803,265.50,1298.50,-3.6863,28.0415
21246709,61.50,-47.50,5.7790,32.4076
21250615,-385.50,-1464.50,15.5260,28.4723
21254521,-474.50,-1155.50,22.0575,19.0630
21258427,-82.50,464.50,24.1475,7.3735
21262333,259.50,1317.50,21.8284,0.1909
21266239,112.50,145.50,17.2048,5.2674
21270145,-341.50,-1362.50,15.5925,8.4327
21274051,-486.50,-1254.50,18.7525,17.4074
21277957,-90.50,362.50,30.9354,40.2320
21281863,282.50,1409.50,49.0353,69.1288
21285769,149.50,336.50,49.5284,74.2210
21289675,-335.50,-1329.50,22.7914,23.1045
21293581,-589.50,-1472.50,-16.5657,-40.2150
21297487,-278.50,-18.50,-50.5468,-73.3851
21301393,106.50,1149.50,-72.4937,-96.7507
21305299,79.50,381.50,-88.9429,-125.1081
21309205,-354.50,-1276.50,-98.2971,-151.7880
21313111,-627.50,-1668.50,-97.8659,-161.6362
21317017,-399.50,-325.50,-99.1748,-162.2817
21320923,90.50,1040.50,-100.8909,-169.8348
21324829,149.50,551.50,-87.1797,-172.9611
21328735,-237.50,-1092.50,-61.1135,-162.9392
21332641,-580.50,-1704.50,-40.7695,-141.4296
21336547,-394.50,-473.50,-38.3006,-118.5897
21340453,85.50,1008.50,-43.4322,-107.1745
21344359,195.50,800.50,-40.4765,-97.2035
21348265,-154.50,-797.50,-29.0874,-71.7602
21352171,-512.50,-1647.50,-11.5936,-37.3449
21356077,-373.50,-626.50,5.4398,-20.4138
21359983,80.50,942.50,14.4178,-30.5651
21363889,261.50,948.50,16.2582,-46.0374
21367795,-79.50,-623.50,15.6704,-50.3599
21371701,-473.50,-1675.50,16.3629,-46.5516
21375607,-402.50,-818.50,20.4009,-40.5862
21379513,47.50,827.50,25.6698,-35.2416
21383419,298.50,1102.50,31.0132,-25.6213
21387325,35.50,-363.50,41.8623,-9.1143
21391231,-402.50,-1610.50,56.1065,3.2914
21395137,-421.50,-976.50,60.1280,4.0386
21399043,-9.50,673.50,48.8588,-3.6734
21402949,275.50,1179.50,31.4078,-11.1230
21406855,49.50,-168.50,19.6989,-11.2628
21410761,-395.50,-1548.50,18.3088,-7.5838
21414667,-448.50,-1138.50,24.7739,-2.5336
21418573,-63.50,510.50,31.6924,1.3336
21422479,273.50,1325.50,30.6208,15.8247
21426385,111.50,57.50,26.2027,38.5082
21430291,-358.50,-1446.50,24.0398,35.4680
21434197,-512.50,-1310.50,17.1436,12.7298
21438103,-143.50,279.50,5.7695,-10.7888
21442009,240.50,1264.50,-0.1824,-24.1625
21445915,141.50,242.50,1.9454,-18.7649
21449821,-340.50,-1365.50,2.8348,-14.7517
21453727,-538.50,-1454.50,-4.9415,-20.4736
21457633,-239.50,71.50,-17.2190,-28.5401
21461539,159.50,1254.50,-31.6604,-28.4003
21465445,144.50,422.50,-41.1648,-18.9559
21469351,-284.50,-1220.50,-34.9839,-18.0427
21473257,-488.50,-1485.50,-12.1643,-11.4709
21477163,-284.50,-60.50,8.0998,14.9801
21481069,93.50,1232.50,-7.6170,35.2416
21484975,90.50,605.50,-54.8243,26.8365
21488881,-304.50,-1026.50,-92.4650,2.5088
21492787,-623.50,-1566.50,-102.1221,-1.6997
21496693,-404.50,-300.50,-97.3896,11.8871
21500599,19.50,1114.50,-94.0222,12.0400
21504505,112.50,787.50,-97.5446,-1.7808
21508411,-283.50,-852.50,-104.3341,-10.4612
21512317,-624.50,-1619.50,-108.3264,-4.4050
21516223,-437.50,-492.50,-100.3358,10.5565
21520129,21.50,1040.50,-78.2788,20.5962
21524035,161.50,954.50,-60.1960,19.6733
21527941,-176.50,-624.50,-56.0954,17.4425
21531847,-546.50,-1612.50,-53.5937,23.1340
21535753,-471.50,-725.50,-47.2031,24.7710
21539659,-41.50,922.50,-46.9688,16.4142
21543565,193.50,1122.50,-50.7334,20.2412
21547471,-101.50,-404.50,-46.7071,37.6412
21551377,-546.50,-1615.50,-42.6855,40.9898
21555283,-526.50,-900.50,-49.2891,26.4684
21559189,-60.50,754.50,-51.5882,12.3521
21563095,203.50,1211.50,-39.9462,13.5473
21567001,-68.50,-222.50,-32.8979,24.2536
21570907,-526.50,-1554.50,-43.1361,24.5008
21574813,-571.50,-1081.50,-59.5249,17.1632
21578719,-100.50,582.50,-57.8457,10.9542
21582625,214.50,1291.50,-33.0513,16.3901
21586531,48.50,22.50,-7.0528,35.8844
21590437,-398.50,-1422.50,10.6035,50.4300
21594343,-516.50,-1215.50,19.7777,53.4149
21598249,-106.50,415.50,25.0924,44.0761
21602155,237.50,1379.50,32.0134,45.7684
21606061,93.50,255.50,30.3633,68.2543
21609967,-353.50,-1300.50,21.0285,77.1588
21613873,-525.50,-1325.50,16.7770,69.8349
21617779,-187.50,240.50,18.4842,59.5433
21621685,235.50,1391.50,24.6109,62.5248
21625591,183.50,475.50,37.1814,81.1925
21629497,-260.50,-1173.50,51.0172,82.6377
21633403,-528.50,-1426.50,52.9078,67.7315
21637309,-237.50,19.50,40.4000,53.5323
21641215,208.50,1295.50,31.0981,43.1578
21645121,191.50,592.50,31.1679,32.8638
21649027,-266.50,-1065.50,24.5626,14.1583
21652933,-527.50,-1547.50,13.0775,2.8956
21656839,-302.50,-213.50,11.7603,6.0283
21660745,141.50,1200.50,14.6149,11.1348
21664651,221.50,749.50,15.5085,8.3003
21668557,-157.50,-916.50,22.4767,-7.5405
21672463,-527.50,-1647.50,30.3549,-23.7151
21676369,-348.50,-512.50,27.3365,-39.0048
21680275,61.50,986.50,13.0064,-64.0258
21684181,164.50,816.50,-13.4593,-90.0274
21688087,-207.50,-799.50,-43.4534,-103.2589
21691993,-524.50,-1708.50,-50.8153,-98.0001
21695899,-401.50,-736.50,-26.6113,-84.3639
21699805,16.50,879.50,-2.7162,-78.1704
21703711,208.50,959.50,-3.7217,-78.1553
21707617,-79.50,-594.50,-9.6122,-80.6071
21711523,-463.50,-1712.50,1.8716,-82.9981
21715429,-440.50,-968.50,18.7866,-87.1496
21719335,-46.50,683.50,15.0787,-100.5303
21723241,241.50,1040.50,-1.8911,-110.4068
21727147,38.50,-371.50,5.7557,-101.0833
21731053,-416.50,-1689.50,36.3655,-84.8888
21734959,-492.50,-1200.50,44.7039,-90.9323
21738865,-101.50,449.50,18.0240,-125.8099
21742771,207.50,1079.50,-13.0131,-151.5482
21746677,67.50,-213.50,-15.4581,-142.6083
21750583,-313.50,-1617.50,22.4117,-117.1633
21754489,-412.50,-1332.50,73.7644,-97.3150
21758395,-92.50,315.50,92.1790,-95.0065
21762301,213.50,1152.50,63.7285,-97.0334
21766207,113.50,32.50,26.9167,-87.0187
21770113,-266.50,-1471.50,28.9966,-68.4582
21774019,-412.50,-1396.50,66.1817,-44.2723
21777925,-145.50,206.50,88.1595,-23.4400
21781831,166.50,1325.50,60.2784,5.0129
21785737,119.50,406.50,11.1187,53.7838
21789643,-213.50,-1213.50,3.6464,92.5688
21793549,-392.50,-1395.50,51.2484,104.0143
21797455,-204.50,135.50,89.6531,105.5488
21801361,114.50,1477.50,61.2161,134.6357
21805267,113.50,680.50,-3.6466,184.7608
21809173,-218.50,-1009.50,-31.9373,193.0755
21813079,-424.50,-1450.50,0.4577,160.5948
21816985,-254.50,-84.50,45.1184,127.7325
21820891,79.50,1316.50,40.9909,112.2285
21824797,129.50,752.50,-5.5264,103.9864
21828703,-161.50,-926.50,-30.3262,77.8598
21832609,-412.50,-1583.50,0.4320,49.8701
21836515,-281.50,-356.50,46.6340,38.9042
21840421,52.50,1136.50,49.2583,35.9796
21844327,166.50,915.50,9.8300,37.0747
21848233,-93.50,-702.50,-12.4536,46.4379
21852139,-390.50,-1574.50,14.0622,63.1887
21856045,-330.50,-521.50,49.9688,76.2420
21859951,7.50,1111.50,44.2827,86.6730
21863857,144.50,1160.50,-0.6210,108.1074
21867763,-79.50,-452.50,-34.2970,128.4901
21871669,-367.50,-1515.50,-15.2406,130.5407
21875575,-334.50,-673.50,34.6537,124.7255
21879481,16.50,935.50,59.8744,112.2192
21883387,122.50,1187.50,30.8309,86.9466
21887293,-132.50,-361.50,-35.3179,51.5798
21891199,-427.50,-1624.50,-74.8644,10.5042
21895105,-463.50,-1066.50,-61.9309,-29.7551
21899011,-191.50,571.50,-55.8764,-74.1929
21902917,29.50,1082.50,-94.4111,-114.1830
21906823,-113.50,-316.50,-134.3086,-139.8524
21910729,-445.50,-1741.50,-128.9206,-164.3140
21914635,-518.50,-1397.50,-93.3302,-192.9023
21918541,-248.50,258.50,-77.6584,-222.3330
21922447,27.50,988.50,-99.3984,-244.3548
21926353,-63.50,-175.50,-121.7990,-249.9406
21930263,-376.50,-1642.50,-105.6684,-231.8194
21934169,-538.50,-1457.50,-68.2214,-189.1750
21938075,-224.50,182.50,-48.7032,-142.6485
21941981,150.50,1188.50,-36.6199,-104.5396
21945887,130.50,213.50,-4.3216,-69.2025
21949793,-193.50,-1352.50,45.8164,-35.7048
21953699,-348.50,-1454.50,95.3120,-6.8430
21957605,-111.50,78.50,123.7135,7.2232
21961511,226.50,1278.50,123.8166,13.8603
21965417,192.50,471.50,107.5602,26.2189
21969323,-207.50,-1184.50,83.9366,32.0846
21973229,-429.50,-1519.50,58.3628,32.3597
21977135,-212.50,-104.50,44.3451,33.5690
21981041,161.50,1214.50,45.7016,31.3037
21984947,171.50,660.50,48.3091,28.3466
21988853,-180.50,-1006.50,39.9411,28.8200
21992759,-463.50,-1569.50,24.1252,36.6444
21996665,-303.50,-292.50,9.4096,47.9280
22000571,84.50,1131.50,2.7179,47.6049
22004477,194.50,814.50,8.5228,33.0626
22008383,-114.50,-818.50,22.2717,22.5519
22012289,-445.50,-1611.50,29.1872,29.2990
22016195,-328.50,-491.50,23.0173,44.6388
22020101,49.50,999.50,15.4016,44.4974
22024007,205.50,950.50,14.7089,22.8855
22027913,-75.50,-616.50,19.1000,11.0390
22031819,-416.50,-1608.50,22.3868,25.6236
22035725,-372.50,-719.50,19.3029,42.9222
22039631,11.50,873.50,13.8027,37.2648
22043537,195.50,1066.50,11.0203,16.3048
22047443,-56.50,-426.50,6.5068,6.2278
22051349,-430.50,-1574.50,-3.6043,18.6010
22055255,-427.50,-908.50,-14.4463,38.9911
22059161,-58.50,691.50,-17.8410,33.2912
22063067,188.50,1127.50,-12.5460,1.4563
22066973,-26.50,-234.50,-8.6699,-17.9547
22070879,-396.50,-1487.50,-12.2503,1.6675
22074785,-453.50,-982.50,-16.7100,56.8385
22078691,-142.50,578.50,-22.1917,93.5635
22082597,83.50,960.50,-42.0536,29.8211
22086503,-79.50,-383.50,-76.6866,-136.9445
22090409,-415.50,-1536.50,-97.8458,-244.1852
22094315,-456.50,-996.50,-78.2065,-132.2816
22098221,-142.50,545.50,-31.6616,88.4255
22102127,66.50,1037.50,-13.4140,149.1155
22106033,-64.50,-179.50,-51.1884,-18.8733
22109939,-354.50,-1471.50,-89.1522,-190.4275
22113845,-418.50,-1161.50,-64.2161,-144.5349
22117751,-175.50,401.50,-3.4872,51.9042
22121657,106.50,1169.50,22.1306,157.8336
22125563,19.50,67.50,-3.8023,59.3557
22129469,-340.50,-1370.50,-44.3467,-103.3179
22133375,-447.50,-1232.50,-52.7232,-103.1161
22137281,-219.50,263.50,-19.8821,67.0496
22141187,71.50,1162.50,4.6338,177.6968
22145093,9.50,205.50,-17.8027,76.0864
22148999,-305.50,-1263.50,-60.3361,-108.0453
22152905,-440.50,-1309.50,-63.6478,-124.0752
22156811,-220.50,127.50,-14.5532,56.5190
22160717,50.50,1147.50,25.5911,195.4158
22164623,16.50,389.50,1.3669,112.9444
22168529,-274.50,-1118.50,-56.1592,-74.5951
22172435,-447.50,-1362.50,-71.5747,-110.8743
22176341,-262.50,10.50,-27.1769,62.4273
22180247,50.50,1169.50,21.3738,228.8643
22184153,42.50,575.50,14.9870,178.3019
22188059,-258.50,-993.50,-39.9280,-20.2516
22191965,-442.50,-1459.50,-70.8923,-111.9249
22195871,-287.50,-216.50,-34.9695,9.0956
22199777,31.50,1061.50,20.5926,164.8315
22203683,80.50,645.50,28.1149,130.4084
22207589,-230.50,-906.50,-20.1986,-65.2284
22211495,-449.50,-1551.50,-63.6809,-175.5074
22215401,-332.50,-420.50,-46.8029,-64.6631
22219307,-48.50,963.50,-4.0246,113.6279
22223213,67.50,762.50,-2.1520,119.9181
22227119,-205.50,-756.50,-44.3004,-53.9158
22231025,-428.50,-1606.50,-74.8750,-181.7874
22234931,-373.50,-656.50,-50.8412,-109.5976
22238837,-79.50,803.50,-6.7777,49.1163
22242743,62.50,810.50,-1.7415,67.5703
22246649,-168.50,-632.50,-40.4962,-90.0742
22250555,-422.50,-1614.50,-73.6665,-217.3202
22254461,-384.50,-868.50,-53.8588,-152.5973
22258367,-109.50,670.50,-5.9976,10.1771
22262273,53.50,962.50,5.2893,68.4011
22266179,-108.50,-432.50,-29.0192,-40.1872
22270085,-377.50,-1602.50,-55.2207,-171.5548
22273991,-394.50,-1060.50,-34.1165,-156.0453
22277897,-136.50,511.50,8.1067,-23.8677
22281803,52.50,1051.50,16.8496,53.0482
22285709,-102.50,-205.50,-22.1107,-13.0316
22289615,-367.50,-1544.50,-61.9394,-129.4468
22293521,-413.50,-1203.50,-50.8524,-138.0902
22297427,-162.50,368.50,-3.4307,-24.8589
22301333,57.50,1127.50,21.4541,67.4187
22305239,-19.50,-19.50,3.3125,23.6064
22309145,-324.50,-1433.50,-23.3682,-95.3824
22313051,-431.50,-1313.50,-23.8729,-120.5435
22316957,-200.50,210.50,0.7378,-16.0577
22320863,80.50,1130.50,23.3189,78.3995
22324769,-26.50,192.50,13.1093,43.7287
22328675,-291.50,-1305.50,-21.2018,-67.9499
22332581,-405.50,-1407.50,-25.4749,-100.5075
22336487,-202.50,64.50,13.7347,-4.7308
22340393,34.50,1136.50,42.4728,99.1719
22344299,19.50,401.50,23.7224,81.1616
22348205,-256.50,-1167.50,-13.6638,-28.6004
22352111,-389.50,-1496.50,-17.5005,-83.1670
22356017,-242.50,-144.50,18.0855,-15.6143
22359923,17.50,1117.50,43.7129,84.3667
22363829,46.50,602.50,27.9598,93.4253
22367735,-216.50,-973.50,-4.7648,11.6817
22371641,-404.50,-1539.50,-14.6689,-42.8853
22375547,-235.50,-300.50,15.4368,8.3047
22379453,49.50,1085.50,59.2742,106.0858
22383359,64.50,746.50,64.2952,122.2713
22387265,-166.50,-790.50,26.5156,35.5923
22391171,-348.50,-1541.50,7.0577,-28.8220
22395077,-250.50,-464.50,37.1899,19.0058
22398983,11.50,973.50,73.6242,113.6292
22402889,86.50,913.50,67.8756,131.3339
22406795,-136.50,-602.50,27.8227,55.1108
22410701,-385.50,-1544.50,-2.3691,-12.8674
22414607,-341.50,-676.50,-0.5445,11.6995
22418513,-58.50,848.50,15.5208,89.1042
22422419,103.50,1040.50,22.4211,117.1024
22426325,-93.50,-402.50,15.5313,64.3449
22430231,-377.50,-1508.50,3.5637,2.8164
22434137,-370.50,-864.50,0.8340,14.0327
22438043,-79.50,710.50,12.4300,78.0195
22441949,113.50,1159.50,25.6030,115.0368
22445855,-42.50,-183.50,26.6850,85.4294
22449761,-335.50,-1473.50,18.9779,24.8019
22453667,-386.50,-1028.50,15.0812,12.3395
22457573,-132.50,511.50,16.8842,55.0844
22461479,66.50,1200.50,12.5837,85.4890
22465385,-60.50,-15.50,-5.9557,60.5797
22469291,-344.50,-1436.50,-25.5982,-1.5170
22473197,-408.50,-1216.50,-24.6801,-27.8269
22477103,-180.50,347.50,-6.4504,13.5162
22481009,82.50,1232.50,8.4326,67.6638
22484915,21.50,176.50,14.3730,65.9104
22488821,-276.50,-1295.50,15.7568,13.0955
22492727,-406.50,-1304.50,16.2071,-6.4413
22496633,-197.50,194.50,19.2605,40.0215
22500539,79.50,1226.50,23.8720,91.4723
22504445,46.50,365.50,24.5524,79.6266
22508351,-273.50,-1164.50,14.0970,17.4296
22512257,-420.50,-1420.50,0.0014,-11.9293
22516163,-218.50,-34.50,3.6708,18.9547
22520069,65.50,1158.50,22.3213,57.5238
22523975,69.50,547.50,31.3592,50.5454
22527881,-221.50,-1008.50,22.1517,8.2745
22531787,-434.50,-1501.50,5.7342,-10.9213
22535693,-292.50,-255.50,-4.6871,11.2087
22539599,19.50,1088.50,-3.4905,40.3485
22543505,81.50,720.50,4.1550,40.0812
22547411,-225.50,-849.50,0.5613,9.8714
22551317,-459.50,-1560.50,-19.7726,-12.4150
22555223,-367.50,-451.50,-37.6286,0.2610
22559129,-54.50,965.50,-41.7867,25.1667
22563035,57.50,831.50,-36.5895,19.7235
22566941,-182.50,-719.50,-30.8222,-19.3650
22570847,-454.50,-1602.50,-31.8992,-50.4744
22574753,-397.50,-646.50,-36.8964,-34.4724
22578659,-82.50,865.50,-36.7664,10.0433
22582565,80.50,997.50,-27.4403,33.0444
22586471,-109.50,-454.50,-13.1879,24.9971
22590377,-376.50,-1509.50,1.4003,16.9905
22594283,-384.50,-805.50,10.9169,32.5616
22598189,-98.50,750.50,9.5944,54.0727
22602095,82.50,1135.50,1.9225,61.0282
22606001,-101.50,-242.50,-7.7179,52.0051
22609907,-392.50,-1471.50,-17.8046,34.5112
22613813,-410.50,-981.50,-19.3944,31.1818
22617719,-160.50,556.50,-14.6901,36.5978
22621625,47.50,1150.50,-17.8482,28.8790
22625531,-111.50,-88.50,-33.1277,7.8176
22629437,-429.50,-1471.50,-55.7111,-19.5460
22633343,-532.50,-1226.50,-78.6051,-38.2700
22637249,-265.50,313.50,-93.0735,-45.1877
22641155,-15.50,1115.50,-93.0458,-49.4346
22645061,-111.50,27.50,-87.1937,-62.7576
22648967,-431.50,-1435.50,-88.9303,-87.7484
22652873,-554.50,-1405.50,-97.2566,-100.3802
22656779,-345.50,121.50,-105.6922,-88.6502
22660685,-79.50,1124.50,-113.1827,-64.5489
22664591,-92.50,243.50,-113.7659,-51.9070
22668497,-384.50,-1283.50,-101.9150,-59.8803
22672403,-521.50,-1476.50,-83.3824,-63.7964
22676309,-321.50,-48.50,-63.8580,-50.3275
22680215,-46.50,1074.50,-51.0382,-37.8090
22684121,-44.50,410.50,-50.6394,-47.8809
22688027,-325.50,-1142.50,-54.8018,-68.6340
22691933,-512.50,-1577.50,-53.8636,-73.4472
22695839,-376.50,-268.50,-50.6163,-62.1212
22699745,-83.50,1023.50,-53.1037,-48.4645
22703651,-16.50,587.50,-55.9537,-47.0467
22707557,-249.50,-972.50,-45.8433,-55.9135
22711463,-512.50,-1626.50,-31.2132,-58.6817
22715369,-362.50,-456.50,-24.5000,-49.6839
22719275,-52.50,961.50,-15.0790,-33.7417
22723181,30.50,773.50,-4.0848,-22.9265
22727087,-223.50,-762.50,-4.3768,-21.0524
22730993,-512.50,-1617.50,-18.0115,-20.2911
22734899,-458.50,-632.50,-40.3613,-15.1012
22738805,-154.50,841.50,-59.0512,-11.1362
22742711,-15.50,893.50,-65.0895,-17.2527
22746617,-242.50,-608.50,-64.6307,-30.3194
22750523,-522.50,-1636.50,-66.7020,-42.2136
22754429,-489.50,-886.50,-68.2901,-49.0419
22758335,-217.50,624.50,-68.7870,-62.8990
22762241,-53.50,919.50,-75.5538,-85.9532
22766147,-223.50,-462.50,-83.9116,-99.5016
22770053,-556.50,-1649.50,-91.4423,-98.8158
22773959,-559.50,-1089.50,-101.2103,-90.3375
22777865,-276.50,470.50,-103.6492,-85.3474
22781771,-47.50,1023.50,-94.4262,-82.3934
22785677,-175.50,-207.50,-78.7753,-67.0568
22789583,-463.50,-1549.50,-61.3871,-47.8058
22793489,-522.50,-1210.50,-46.0205,-38.0557
22797395,-246.50,358.50,-33.0353,-34.9042
22801301,-2.50,1136.50,-21.4596,-24.2956
22805207,-127.50,21.50,-17.8941,-5.3923
22809113,-414.50,-1402.50,-22.9041,5.6156
22813019,-527.50,-1296.50,-24.5839,11.4452
22816925,-265.50,242.50,-17.6402,20.2595
22820831,-0.50,1231.50,-4.5923,40.9395
22824737,-37.50,274.50,9.0232,65.9584
22828643,-324.50,-1231.50,22.5764,71.2443
22832549,-469.50,-1381.50,35.9856,63.3868
22836455,-244.50,76.50,47.8129,56.7903
22840361,21.50,1169.50,56.0934,54.2062
22844267,6.50,449.50,54.6073,50.2010
22848173,-272.50,-1104.50,49.4607,43.9970
22852079,-469.50,-1504.50,48.4317,38.0126
22855985,-313.50,-172.50,45.2964,25.5620
22859891,-16.50,1110.50,38.1460,17.3826
22863797,7.50,592.50,31.2137,18.5298
22867703,-280.50,-966.50,23.2742,18.2992
22871609,-522.50,-1595.50,10.6901,13.1455
22875515,-367.50,-399.50,0.6910,0.0062
22879421,-74.50,976.50,1.6241,-13.7827
22883327,-14.50,697.50,2.0319,-24.3685
22887233,-267.50,-847.50,-5.5734,-33.0979
22891139,-517.50,-1657.50,-12.5694,-36.5416
22895045,-436.50,-637.50,-15.7304,-40.0118
22898951,-138.50,833.50,-18.7851,-47.1307
22902857,-15.50,816.50,-22.1865,-53.2537
22906763,-245.50,-685.50,-23.9261,-53.9893
22910669,-512.50,-1664.50,-23.9316,-50.3778
22914575,-434.50,-821.50,-16.3558,-44.3746
22918481,-134.50,689.50,0.8153,-44.0369
22922387,34.50,918.50,16.3125,-52.2354
22926293,-159.50,-476.50,24.2688,-52.9215
22930199,-446.50,-1635.50,27.0088,-43.3311
22934105,-450.50,-1024.50,27.0382,-38.9068
22938011,-171.50,565.50,24.6535,-42.3609
22941917,45.50,1055.50,23.5468,-35.1777
22945823,-94.50,-239.50,31.5336,-12.3804
22949729,-388.50,-1551.50,45.8237,2.9851
22953635,-433.50,-1151.50,57.0326,1.4126
22957541,-154.50,421.50,63.5100,-6.7621
22961447,89.50,1146.50,70.4960,-2.3735
22965353,16.50,-46.50,85.7838,13.5745
22969263,-296.50,-1482.50,106.8312,11.3629
22973169,-436.50,-1300.50,110.9404,-5.4536
22977075,-202.50,236.50,89.7280,-14.9031
22980981,51.50,1141.50,65.1738,-10.7862
22984887,-20.50,135.50,52.3043,-1.3435
22988793,-338.50,-1378.50,46.1117,-4.8307
22992699,-512.50,-1455.50,34.2597,-19.0746
22996605,-286.50,17.50,17.0296,-32.5293
23000511,16.50,1061.50,12.2608,-41.5193
23004417,-24.50,290.50,19.7611,-46.5181
23008323,-316.50,-1256.50,23.3749,-45.7657
23012229,-512.50,-1551.50,19.6320,-38.1182
23016135,-321.50,-161.50,13.8674,-28.8248
23020041,-25.50,1090.50,12.4422,-13.8580
23023947,11.50,499.50,16.7618,1.7033
23027853,-226.50,-1046.50,31.2405,8.2767
23031759,-381.50,-1521.50,64.7078,23.4639
23035665,-294.50,-286.50,97.2113,49.5084
23039571,-57.50,1034.50,88.4078,59.6186
23043477,-0.50,666.50,43.7643,42.3697
23047383,-287.50,-890.50,1.7340,16.5488
23051289,-574.50,-1635.50,-30.8668,2.6267
23055195,-430.50,-515.50,-51.4839,3.4737
23059101,-152.50,960.50,-50.9768,19.3225
23063007,-38.50,845.50,-45.5531,37.9394
23066913,-305.50,-672.50,-50.6577,44.7798
23070819,-561.50,-1599.50,-63.1155,44.7617
23074725,-473.50,-658.50,-65.0143,50.2497
23078631,-180.50,879.50,-51.1009,65.6815
23082537,-3.50,1050.50,-34.8410,86.3641
23086443,-178.50,-375.50,-15.9589,110.8584
23090349,-421.50,-1455.50,11.4470,136.3607
23094255,-430.50,-740.50,37.2547,157.5889
23098161,-108.50,809.50,51.2643,166.0487
23102067,139.50,1279.50,70.7575,175.2242
23105973,7.50,-110.50,108.5024,198.1367
23109879,-329.50,-1359.50,137.9687,207.5728
23113785,-349.50,-863.50,140.1385,202.5655
23117691,-79.50,703.50,132.7744,198.4339
23121597,159.50,1462.50,131.3420,218.3129
23125503,29.50,139.50,134.2516,258.8197
23129409,-283.50,-1263.50,134.1703,257.2759
23133315,-367.50,-977.50,128.9038,225.8950
23137221,-111.50,571.50,124.2988,212.5581
23141127,144.50,1583.50,123.6911,242.8154
23145033,59.50,349.50,124.3106,290.8733
23148939,-250.50,-1125.50,122.2551,277.6491
23152845,-357.50,-1071.50,121.2635,236.9160
23156751,-166.50,395.50,120.4094,221.9180
23160657,133.50,1521.50,115.5872,229.7359
23164563,91.50,511.50,113.8483,239.9532
23168469,-217.50,-1024.50,113.3931,211.8441
23172375,-366.50,-1242.50,111.2231,174.6521
23176281,-175.50,179.50,113.4207,161.2888
23180187,122.50,1391.50,118.1428,163.2047
23184093,97.50,617.50,115.4173,153.6434
23187999,-216.50,-952.50,97.1354,112.7345
23191905,-425.50,-1407.50,71.3021,77.7470
23195811,-264.50,-130.50,54.8910,62.4904
23199717,16.50,1212.50,48.3971,51.6829
23203623,42.50,717.50,37.1273,37.0580
23207529,-224.50,-853.50,20.0019,13.5934
23211435,-446.50,-1550.50,11.1449,-4.5550
23215341,-369.50,-383.50,7.7651,-14.2516
23219247,-70.50,1066.50,-3.7993,-16.9511
23223153,31.50,819.50,-16.9858,-22.3125
23227059,-220.50,-714.50,-22.2280,-38.1168
23230965,-468.50,-1595.50,-22.0484,-46.5156
23234871,-379.50,-614.50,-15.0078,-46.1039
23238777,-71.50,886.50,-2.0669,-50.9032
23242683,66.50,931.50,7.8796,-63.7185
23246589,-134.50,-552.50,13.2776,-73.4414
23250495,-399.50,-1592.50,20.6510,-69.4361
23254401,-362.50,-837.50,32.2768,-61.9278
23258307,-47.50,703.50,46.2458,-72.0370
23262213,158.50,995.50,63.9980,-96.1137
23266119,-29.50,-368.50,81.5070,-106.2279
23270025,-305.50,-1586.50,91.5265,-95.0046
23273931,-266.50,-1007.50,106.9721,-78.6073
23277837,29.50,573.50,136.9052,-70.7449
23281743,176.50,1123.50,152.0429,-68.6057
23285649,7.50,-130.50,129.4482,-59.5166
23289555,-305.50,-1517.50,92.0218,-52.0586
23293461,-376.50,-1194.50,66.2813,-60.7636
23297367,-107.50,354.50,55.4392,-83.1940
23301273,139.50,1216.50,56.0557,-87.5412
23305179,53.50,130.50,64.6916,-47.0288
23309085,-258.50,-1345.50,74.6308,-0.3646
23312991,-380.50,-1297.50,75.5676,7.7175
23316897,-144.50,166.50,66.3530,-28.5628
23320803,161.50,1250.50,63.8425,-59.8793
23324709,146.50,368.50,83.8405,-30.0353
23328615,-197.50,-1156.50,108.3441,28.4212
23332521,-399.50,-1434.50,101.4409,43.6085
23336427,-191.50,-111.50,67.9909,-22.5465
23340333,174.50,1110.50,55.3115,-110.8743
23344239,240.50,667.50,92.5206,-93.2314
23348145,-48.50,-814.50,152.4802,50.3197
23352051,-361.50,-1536.50,170.6006,145.3337
23355957,-268.50,-558.50,116.0730,17.4760
23359863,106.50,876.50,48.7399,-214.8968
23363769,279.50,874.50,53.4548,-247.8051
23367675,29.50,-589.50,126.2748,-27.0448
23371581,-320.50,-1620.50,174.8409,146.7086
23375487,-302.50,-815.50,135.7408,29.8561
23379393,73.50,779.50,61.5469,-215.6215
23383299,299.50,1050.50,50.9826,-248.0418
23387205,58.50,-367.50,110.3868,-20.2406
23391111,-321.50,-1620.50,149.0400,159.3192
23395017,-338.50,-1002.50,110.4218,53.2538
23398923,16.50,615.50,42.9523,-189.6423
23402829,286.50,1144.50,30.0731,-246.8435
23406735,96.50,-154.50,82.2259,-45.9417
23410641,-320.50,-1582.50,119.8513,138.0046
23414547,-397.50,-1229.50,82.1952,52.7276
23418453,-60.50,385.50,11.8210,-193.1015
23422359,269.50,1178.50,-4.9423,-281.1671
23426265,123.50,25.50,47.5335,-104.8310
23430171,-281.50,-1471.50,94.0290,95.7695
23434077,-443.50,-1365.50,68.4494,65.8857
23437983,-140.50,241.50,-3.0466,-135.8673
23441889,197.50,1228.50,-38.9287,-227.2804
23445795,109.50,229.50,-10.0606,-88.1027
23449701,-333.50,-1445.50,20.5980,73.0455
23453607,-526.50,-1609.50,-10.4395,15.4792
23457513,-152.50,-94.50,-60.1025,-210.2614
23461419,138.50,1099.50,-60.2878,-334.0401
23465325,61.50,291.50,-35.4112,-227.1497
23469231,-270.50,-1359.50,-22.1295,-60.1675
23473137,-434.50,-1694.50,-16.6623,-48.2077
23477043,-201.50,-274.50,-15.9904,-187.2215
23480949,189.50,1118.50,-7.8621,-271.8188
23484855,304.50,586.50,40.0122,-160.7090
23488761,-79.50,-1070.50,111.2090,25.4099
23492667,-377.50,-1679.50,130.2332,71.6197
23496573,-143.50,-417.50,93.6408,-56.0089
23500479,293.50,1080.50,81.7693,-171.7611
23504385,320.50,739.50,115.8965,-121.6386
23508291,33.50,-944.50,151.9700,7.2879
23512197,-318.50,-1798.50,156.4014,26.0431
23516103,-227.50,-736.50,114.1269,-110.9277
23520009,211.50,836.50,66.8659,-252.3487
23523915,373.50,772.50,76.1730,-241.2721
23527821,41.50,-836.50,118.4857,-121.9143
23531727,-354.50,-1908.50,120.8298,-74.4238
23535633,-301.50,-1032.50,66.9187,-178.4390
23539539,110.50,657.50,13.8549,-303.8385
23543445,329.50,865.50,14.4483,-286.6272
23547351,37.50,-650.50,49.2221,-156.8933
23551257,-367.50,-1935.50,56.5997,-92.5409
23555163,-351.50,-1295.50,20.8685,-187.6837
23559069,37.50,394.50,-15.1844,-331.5256
23562975,322.50,863.50,-9.9956,-354.0651
23566881,129.50,-512.50,34.3478,-247.1816
23570787,-303.50,-1932.50,66.9212,-164.8096
23574693,-349.50,-1516.50,51.2088,-218.9995
23578599,45.50,160.50,22.5988,-339.1622
23582505,331.50,889.50,25.3775,-369.0978
23586411,176.50,-315.50,51.9294,-271.0673
23590317,-234.50,-1849.50,70.2258,-173.6494
23594223,-360.50,-1659.50,58.1421,-194.9356
23598129,-30.50,16.50,26.9707,-284.5874
23602035,319.50,964.50,14.0398,-301.9276
23605941,225.50,-62.50,34.3054,-208.5159
23609847,-212.50,-1727.50,55.2374,-119.9312
23613753,-404.50,-1777.50,39.2782,-144.8819
23617659,-120.50,-176.50,-2.2438,-235.7144
23621565,243.50,978.50,-28.8632,-261.7463
23625471,204.50,150.50,-23.4626,-182.1328
23629377,-207.50,-1583.50,-7.9025,-98.7646
23633283,-447.50,-1904.50,-14.4514,-120.1005
23637189,-207.50,-400.50,-43.2174,-211.2242
23641095,190.50,987.50,-63.0828,-238.2101
23645001,209.50,433.50,-55.0421,-141.0493
23648907,-154.50,-1260.50,-32.9110,-10.9554
23652813,-441.50,-1825.50,-24.2360,28.2897
23656719,-249.50,-545.50,-38.9195,-39.0260
23660625,192.50,929.50,-49.5685,-111.8332
23664531,256.50,579.50,-33.8603,-95.8190
23668437,-109.50,-1120.50,-14.6429,-27.3055
23672343,-444.50,-1921.50,-20.0969,-9.7625
23676249,-303.50,-730.50,-46.2833,-60.9860
23680155,123.50,875.50,-64.3990,-95.7093
23684061,262.50,759.50,-55.8938,-54.8834
23687967,-56.50,-896.50,-34.8501,14.2117
23691873,-417.50,-1910.50,-26.9366,29.5352
23695779,-335.50,-960.50,-39.3118,-26.0704
23699685,71.50,757.50,-54.8838,-76.9825
23703591,308.50,993.50,-48.5355,-33.7253
23707497,53.50,-634.50,-15.1059,66.1045
23711403,-399.50,-1956.50,4.8736,82.2794
23715309,-409.50,-1248.50,-24.5226,-23.8065
23719215,-5.50,496.50,-70.9438,-134.3474
23723121,259.50,924.50,-85.5375,-141.9119
23727027,53.50,-518.50,-64.8765,-72.7550
23730933,-355.50,-1957.50,-39.4241,-35.1872
23734839,-369.50,-1432.50,-29.6805,-77.4801
23738745,22.50,329.50,-24.0302,-130.3272
23742651,282.50,1014.50,-16.1249,-113.7883
23746557,122.50,-270.50,-12.4172,-41.3611
23750463,-281.50,-1807.50,-9.0995,7.3799
23754369,-394.50,-1550.50,-9.8943,-12.8211
23758275,-50.50,176.50,-19.2096,-57.9377
23762181,263.50,1123.50,-28.0960,-48.8685
23766087,147.50,16.50,-30.8212,22.2279
23769993,-256.50,-1644.50,-28.3908,75.1821
23773899,-396.50,-1638.50,-24.0223,56.6026
23777805,-88.50,-10.50,-19.5979,4.2390
23781711,253.50,1152.50,-17.8884,-6.5098
23785617,181.50,267.50,-21.7443,49.1209
23789523,-206.50,-1471.50,-25.9857,103.9964
23793429,-393.50,-1716.50,-23.1358,95.5922
23797335,-140.50,-182.50,-16.7136,51.1810
23801241,249.50,1152.50,-12.9481,38.6606
23805147,272.50,482.50,-4.5083,80.8955
23809053,-116.50,-1232.50,10.3440,132.4101
23812959,-338.50,-1726.50,23.4957,146.4643
23816865,-126.50,-303.50,34.3270,130.1061
23820771,272.50,1187.50,41.2312,131.7405
23824677,320.50,720.50,42.6273,167.5562
23828583,-4.50,-998.50,46.4295,197.4795
23832489,-276.50,-1732.50,61.2267,194.9073
23836395,-127.50,-514.50,77.5414,166.8506
23840301,255.50,983.50,78.3161,129.3621
23844207,336.50,831.50,61.5840,107.5715
23848113,-2.50,-838.50,37.1308,117.5823
23852019,-369.50,-1806.50,11.4558,130.4072
23855925,-271.50,-793.50,-13.9930,112.4574
23859831,130.50,871.50,-31.2468,83.3443
23863737,306.50,944.50,-34.0118,79.8068
23867643,27.50,-703.50,-26.0510,90.3699
23871549,-348.50,-1905.50,-18.6487,72.9153
23875455,-333.50,-1120.50,-25.4388,19.1602
23879361,46.50,641.50,-45.8299,-26.0801
23883267,262.50,988.50,-64.6755,-18.7518
23887173,16.50,-492.50,-73.1786,22.9388
23891079,-380.50,-1823.50,-76.7824,52.4737
23894985,-397.50,-1258.50,-82.0685,48.1108
23898891,-14.50,496.50,-85.4893,27.2030
23902797,255.50,1105.50,-82.4194,29.6066
23906703,67.50,-272.50,-75.5673,54.5550
23910609,-334.50,-1754.50,-70.0464,64.7494
23914515,-433.50,-1433.50,-72.8790,47.9387
23918421,-110.50,294.50,-88.4994,23.1119
23922327,209.50,1154.50,-106.1915,23.7090
23926233,146.50,-29.50,-99.3632,53.9909
23930139,-258.50,-1615.50,-64.8298,79.5078
23934045,-460.50,-1589.50,-47.0135,72.3554
23937951,-156.50,55.50,-68.4677,33.7725
23941857,208.50,1139.50,-93.5623,8.2068
23945763,129.50,185.50,-96.9849,27.6640
23949669,-269.50,-1514.50,-90.4985,58.1071
23953575,-437.50,-1680.50,-82.3546,62.6056
23957481,-170.50,-97.50,-71.4120,51.6242
23961387,206.50,1173.50,-62.7953,56.4654
23965293,177.50,386.50,-60.7487,77.4077
23969199,-239.50,-1378.50,-69.2498,79.0266
23973105,-457.50,-1777.50,-82.3967,56.5680
23977011,-232.50,-364.50,-84.5643,33.1771
23980917,138.50,1036.50,-81.3460,17.5726
23984823,176.50,511.50,-85.1360,13.1350
23988729,-148.50,-1217.50,-84.5898,15.3378
23992635,-399.50,-1862.50,-64.8408,18.2339
23996541,-260.50,-595.50,-41.9050,17.2194
24000447,127.50,914.50,-40.4367,6.4708
24004353,203.50,688.50,-56.5950,0.1864
24008263,-105.50,-1007.50,-70.2978,12.5034
24012169,-438.50,-1889.50,-71.8366,29.0455
24016075,-326.50,-786.50,-70.0920,34.5945
24019981,19.50,857.50,-79.9231,34.9380
24023887,161.50,854.50,-104.2941,40.5994
24027793,-104.50,-773.50,-121.9357,50.7019
24031699,-463.50,-1873.50,-119.3023,56.8614
24035605,-412.50,-1039.50,-112.3922,44.6793
24039511,-38.50,684.50,-113.8390,17.9315
24043417,137.50,947.50,-125.2318,7.7009
24047323,-104.50,-590.50,-140.2530,17.7856
24051229,-444.50,-1864.50,-141.3931,27.1387
24055135,-445.50,-1224.50,-125.5812,25.3306
24059041,-80.50,545.50,-111.1714,19.8094
24062947,165.50,1037.50,-108.0440,25.1819
24066853,-35.50,-370.50,-110.4077,32.9475
24070759,-352.50,-1764.50,-100.4239,38.6589
24074665,-351.50,-1288.50,-61.2802,59.9909
24078571,-160.50,343.50,-36.4344,77.2981
24082477,5.50,992.50,-91.7022,45.4403
24086383,-174.50,-270.50,-195.9185,-22.9893
24090289,-578.50,-1816.50,-272.0577,-74.7085
24094195,-767.50,-1727.50,-313.5191,-103.7385
24098101,-512.50,-100.50,-354.8656,-144.0115
24102007,-217.50,814.50,-398.5984,-195.4450
24105913,-341.50,-221.50,-429.9060,-231.7767
24109819,-729.50,-1877.50,-447.6408,-244.1083
24113725,-908.50,-1972.50,-455.7574,-245.6459
24117631,-623.50,-389.50,-455.2803,-251.0671
24121537,-267.50,758.50,-443.8510,-258.8935
24125443,-245.50,-8.50,-416.4278,-252.7069
24129349,-580.50,-1744.50,-371.4875,-231.8593
24133255,-766.50,-2041.50,-322.3792,-214.8909
24137161,-532.50,-527.50,-285.2693,-196.9452
24141067,-170.50,848.50,-265.3690,-164.8659
24144973,-95.50,282.50,-249.5396,-124.0329
24148879,-445.50,-1456.50,-224.0587,-93.0005
24152785,-676.50,-2004.50,-196.9097,-79.0166
24156691,-490.50,-669.50,-174.6033,-70.6593
24160597,-88.50,799.50,-154.3327,-66.1917
24164503,-6.50,500.50,-135.0260,-59.8712
24168409,-322.50,-1209.50,-119.1855,-42.3140
24172315,-608.50,-1981.50,-107.1316,-19.9482
24176221,-474.50,-813.50,-96.0851,1.3940
24180127,-60.50,775.50,-81.2965,15.4738
24184033,80.50,734.50,-60.1322,27.3906
24187939,-229.50,-938.50,-44.2697,44.5742
24191845,-564.50,-1976.50,-43.7101,51.0364
24195751,-460.50,-1053.50,-45.2250,36.0769
24199657,-16.50,653.50,-25.0069,16.5959
24203563,179.50,848.50,16.0891,19.2651
24207469,-96.50,-717.50,46.8298,40.4090
24211375,-463.50,-1935.50,49.4525,55.5848
24215281,-431.50,-1228.50,40.2066,53.5107
24219187,-47.50,541.50,39.8492,46.6724
24223093,181.50,960.50,48.4066,55.1398
24226999,-47.50,-486.50,52.7352,68.6280
24230905,-433.50,-1882.50,46.7643,69.8772
24234811,-514.50,-1401.50,29.8674,59.6329
24238717,-116.50,343.50,14.0990,48.0645
24242623,196.50,1019.50,24.2604,48.8924
24246529,6.50,-278.50,49.6347,57.2426
24250435,-399.50,-1787.50,56.6877,61.5518
24254341,-512.50,-1556.50,42.6350,61.0109
24258247,-143.50,163.50,32.3097,58.6040
24262153,208.50,1091.50,47.3554,67.5961
24266059,91.50,-40.50,76.1647,83.7702
24269965,-399.50,-1644.50,77.0647,89.7243
24273871,-589.50,-1665.50,32.5255,88.7214
24277777,-255.50,-30.50,-13.1661,84.7955
24281683,133.50,1104.50,-14.7015,86.7095
24285589,101.50,214.50,17.5535,100.8682
24289495,-351.50,-1488.50,40.0917,112.7199
24293401,-601.50,-1725.50,23.2275,117.1271
24297307,-340.50,-185.50,-12.5553,123.7987
24301213,77.50,1136.50,-26.0654,139.0156
24305119,83.50,418.50,-11.4441,150.0485
24309025,-312.50,-1289.50,4.2842,143.3965
24312931,-572.50,-1773.50,5.7350,138.2246
24316837,-323.50,-381.50,8.4872,145.8618
24320743,85.50,1066.50,25.8764,153.9267
24324649,163.50,631.50,47.5365,155.4719
24328555,-207.50,-1090.50,60.0360,150.8466
24332461,-527.50,-1807.50,57.8281,149.6057
24336367,-352.50,-600.50,50.1086,153.4908
24340273,87.50,939.50,55.9330,147.4584
24344179,208.50,762.50,74.3195,129.4645
24348085,-114.50,-911.50,88.4970,115.1219
24351991,-480.50,-1855.50,89.4428,114.3347
24355897,-381.50,-828.50,79.8227,121.4436
24359803,59.50,848.50,76.0548,128.4329
24363709,246.50,974.50,87.9290,142.5410
24367615,-53.50,-623.50,100.8770,165.4999
24371521,-450.50,-1744.50,98.7784,188.0534
24375427,-428.50,-938.50,82.4521,205.5617
24379333,-10.50,754.50,67.6983,208.0236
24383239,225.50,1128.50,66.6756,201.5988
24387145,-46.50,-383.50,68.2299,200.3138
24391051,-458.50,-1735.50,57.8529,193.6987
24394957,-472.50,-1185.50,43.9382,173.6013
24398863,-111.50,511.50,35.7692,143.3757
24402769,165.50,1179.50,28.1496,127.0285
24406675,-58.50,-190.50,15.9733,139.9062
24410581,-474.50,-1648.50,-0.3765,156.3550
24414487,-558.50,-1344.50,-13.0991,159.6222
24418393,-180.50,368.50,-13.3388,150.9229
24422299,144.50,1238.50,-2.4685,147.5771
24426205,-11.50,32.50,5.6288,155.2133
24430111,-474.50,-1549.50,-4.8625,154.6242
24434017,-618.50,-1489.50,-30.3227,146.4903
24437923,-271.50,156.50,-45.5216,135.3830
24441829,107.50,1210.50,-36.5142,125.8439
24445735,23.50,240.50,-17.5505,124.0487
24449641,-329.50,-1397.50,3.8779,129.9675
24453547,-478.50,-1552.50,39.6394,147.6236
24457453,-314.50,-18.50,61.4239,163.0076
24461359,47.50,1239.50,31.5113,164.4901
24465265,62.50,481.50,-10.1055,161.8883
24469171,-293.50,-1210.50,-12.1152,161.0143
24473077,-518.50,-1583.50,18.1089,174.0536
24476983,-304.50,-96.50,47.1656,209.5101
24480889,125.50,1396.50,61.3767,265.1301
24484795,159.50,771.50,69.0287,305.5937
24488701,-252.50,-963.50,64.5255,287.0990
24492607,-541.50,-1636.50,45.4954,241.9431
24496513,-304.50,-361.50,41.1291,213.0284
24500419,65.50,1136.50,57.4833,193.8207
24504325,194.50,897.50,68.3402,177.4399
24508231,-168.50,-818.50,69.2690,168.0941
24512137,-542.50,-1725.50,57.9552,159.6404
24516043,-371.50,-633.50,42.8353,145.9525
24519949,61.50,976.50,50.3755,129.0507
24523855,244.50,1021.50,76.1602,119.2359
24527761,-64.50,-620.50,98.6734,125.1681
24531667,-486.50,-1716.50,99.0260,133.8186
24535573,-431.50,-825.50,74.5809,135.6070
24539479,-9.50,886.50,52.1846,135.5902
24543385,221.50,1162.50,50.6787,140.1074
24547291,-41.50,-429.50,61.3387,138.4965
24551197,-449.50,-1708.50,67.5998,118.6218
24555103,-445.50,-1043.50,65.1947,99.0719
24559009,-41.50,682.50,63.7005,91.6123
24562915,238.50,1285.50,69.2452,103.7555
24566821,27.50,-153.50,78.0791,133.5371
24570727,-393.50,-1599.50,82.4958,146.3604
24574633,-466.50,-1234.50,78.4747,128.7594
24578539,-79.50,452.50,73.2975,89.8834
24582445,240.50,1280.50,76.1458,61.3282
24586351,35.50,-26.50,75.5081,58.6936
24590257,-424.50,-1587.50,53.3427,50.4750
24594163,-551.50,-1471.50,20.2715,28.6837
24598069,-200.50,210.50,1.7759,3.6878
24601975,176.50,1217.50,6.4882,-9.3386
24605881,48.50,163.50,18.7394,-4.8637
24609787,-424.50,-1488.50,11.4301,0.1975
24613693,-592.50,-1621.50,-13.5261,-3.6685
24617599,-270.50,-70.50,-25.1867,-26.3699
24621505,102.50,1085.50,-18.5671,-65.2138
24625411,73.50,229.50,-10.6076,-103.6380
24629317,-356.50,-1517.50,-7.6156,-137.5790
24633223,-619.50,-1873.50,-14.6879,-163.7186
24637129,-370.50,-367.50,-30.8992,-172.9815
24641035,21.50,960.50,-46.5859,-169.8346
24644941,61.50,388.50,-54.3749,-167.9363
24648847,-342.50,-1310.50,-52.6055,-160.9324
24652753,-639.50,-1889.50,-50.7041,-139.2978
24656659,-432.50,-538.50,-52.8087,-114.4832
24660565,-5.50,952.50,-52.3491,-99.0417
24664471,94.50,641.50,-45.9960,-91.0989
24668377,-268.50,-1050.50,-35.5938,-78.9507
24672283,-593.50,-1877.50,-25.8513,-61.7169
24676189,-447.50,-733.50,-18.9199,-53.4067
24680095,-13.50,843.50,-13.6103,-63.0060
24684001,170.50,803.50,-2.9742,-76.3967
24687907,-136.50,-822.50,19.2701,-68.7303
24691813,-527.50,-1848.50,39.1451,-42.1569
24695719,-449.50,-912.50,40.9638,-22.1969
24699625,-14.50,784.50,34.9602,-18.9628
24703531,183.50,1008.50,33.3418,-13.4176
24707437,-156.50,-558.50,24.0873,4.4537
24711343,-574.50,-1755.50,-2.9758,24.4337
24715249,-524.50,-1039.50,-25.6589,39.8928
24719155,-47.50,663.50,-13.9099,40.6220
24723061,180.50,1142.50,19.2042,34.6067
24726967,-88.50,-344.50,30.6952,33.3204
24730873,-434.50,-1666.50,27.5353,36.0776
24734779,-437.50,-1148.50,48.9831,57.9689
24738685,-188.50,450.50,62.0381,67.9041
24742591,33.50,1119.50,10.6965,28.5838
24746497,-175.50,-229.50,-72.9127,-29.7528
24750403,-626.50,-1769.50,-131.7974,-79.7345
24754309,-736.50,-1581.50,-159.2243,-119.2745
24758215,-424.50,65.50,-174.6442,-157.3819
24762121,-140.50,947.50,-199.6458,-195.2295
24766027,-242.50,-188.50,-228.1675,-225.8590
24769933,-665.50,-1829.50,-236.3684,-251.7972
24773839,-892.50,-1860.50,-239.2777,-271.6677
24777745,-558.50,-186.50,-255.4104,-274.8932
24781651,-175.50,946.50,-263.1012,-252.0077
24785557,-216.50,75.50,-249.8324,-216.8094
24789463,-577.50,-1617.50,-219.6060,-191.0245
24793369,-800.50,-1878.50,-182.5949,-178.2957
24797275,-494.50,-333.50,-153.2735,-169.3211
24801181,-72.50,970.50,-127.4529,-154.8772
24805087,-78.50,327.50,-104.3437,-136.8428
24808993,-457.50,-1368.50,-90.2411,-117.1300
24812899,-731.50,-1886.50,-81.5057,-97.0976
24816805,-512.50,-533.50,-76.9424,-90.8922
24820711,-64.50,896.50,-70.0291,-104.3320
24824617,20.50,511.50,-50.9722,-117.4822
24828523,-317.50,-1162.50,-22.1352,-107.1171
24832429,-622.50,-1890.50,7.1956,-74.9544
24836335,-446.50,-666.50,28.7530,-42.7060
24840241,-5.50,880.50,43.8703,-27.7670
24844147,119.50,767.50,56.2059,-23.2753
24848053,-238.50,-879.50,59.9814,-7.9303
24851959,-617.50,-1845.50,49.1582,15.4911
24855865,-538.50,-845.50,27.0491,26.7231
24859771,-106.50,775.50,7.2106,16.6138
24863677,95.50,903.50,4.0108,-0.2685
24867583,-207.50,-697.50,14.1442,-4.8517
24871489,-594.50,-1876.50,22.3628,-4.9325
24875395,-527.50,-1088.50,28.4052,-11.9080
24879301,-79.50,637.50,44.7234,-18.4280
24883207,199.50,1043.50,75.0619,-7.1166
24887113,-82.50,-463.50,102.0852,15.8780
24891019,-512.50,-1800.50,103.5260,24.2977
24894925,-548.50,-1235.50,84.4071,19.8660
24898831,-142.50,489.50,67.2782,15.8683
24902737,158.50,1121.50,64.7206,19.6766
24906643,-47.50,-250.50,71.1662,25.9942
24910549,-441.50,-1711.50,80.2028,23.1401
24914455,-528.50,-1409.50,92.6403,18.3843
24918361,-165.50,288.50,100.9249,13.2195
24922267,148.50,1219.50,97.3143,22.3198
24926173,-15.50,16.50,82.4922,51.2644
