ts_us,raw_ch0,raw_ch1,filt_ch0,filt_ch1
111266,-237.50,-255.50,-38.2449,-41.1943
115172,-123.50,-261.50,-118.4757,-148.5211
119078,-189.50,-196.50,-165.2527,-229.6282
122984,-358.50,-171.50,-204.6630,-226.5540
126890,-399.50,-201.50,-287.9488,-194.1637
130796,-244.50,-251.50,-335.4034,-187.0758
134702,-100.50,-281.50,-271.2042,-208.7216
138608,-136.50,-252.50,-158.7398,-230.9410
142514,-308.50,-206.50,-126.1545,-228.3189
146420,-382.50,-188.50,-200.3349,-202.1741
150326,-270.50,-236.50,-275.3150,-179.2271
154232,-111.50,-239.50,-250.9247,-176.3076
158138,-154.50,-211.50,-164.0107,-177.7538
162044,-335.50,-188.50,-137.6962,-169.1310
165950,-416.50,-189.50,-208.4901,-157.2379
169856,-314.50,-255.50,-281.3461,-157.9119
173762,-175.50,-269.50,-267.4060,-175.2570
177668,-174.50,-225.50,-193.5904,-185.3720
181574,-345.50,-189.50,-160.0868,-171.3724
185480,-446.50,-192.50,-211.4961,-149.2434
189386,-367.50,-254.50,-279.0409,-143.9896
193292,-207.50,-246.50,-274.9468,-154.7799
197198,-168.50,-213.50,-203.8252,-155.4296
201104,-304.50,-145.50,-150.8125,-132.8274
205010,-413.50,-141.50,-171.0779,-99.7764
208916,-345.50,-213.50,-219.1026,-85.6712
212822,-153.50,-276.50,-210.3683,-107.4282
216728,-86.50,-265.50,-133.2823,-143.3727
220634,-220.50,-210.50,-68.5226,-158.6876
224540,-377.50,-200.50,-85.1758,-147.4845
228446,-342.50,-258.50,-149.2960,-136.4766
232352,-158.50,-271.50,-168.5034,-140.1266
236259,-84.50,-246.50,-115.4158,-141.5856
240165,-196.50,-162.50,-59.4117,-123.1096
244071,-360.50,-150.50,-68.0353,-90.2027
247977,-334.50,-197.50,-119.7906,-69.6291
251883,-148.50,-223.50,-133.9157,-71.4958
255789,-46.50,-207.50,-80.6743,-76.9953
259695,-137.50,-137.50,-19.5117,-68.1800
263601,-303.50,-106.50,-15.7147,-44.2987
267507,-306.50,-159.50,-58.5921,-26.0183
271413,-146.50,-203.50,-80.0730,-29.8094
275319,-30.50,-182.50,-46.3147,-40.6068
279225,-92.50,-120.50,3.7529,-35.7230
283131,-246.50,-110.50,16.1799,-19.2889
287037,-289.50,-133.50,-13.2880,-9.8562
290943,-138.50,-177.50,-36.0022,-11.3204
294849,-15.50,-175.50,-14.4918,-15.9555
298755,-63.50,-171.50,25.4582,-22.4366
302661,-237.50,-150.50,32.3994,-33.8399
306567,-274.50,-144.50,1.7794,-39.9920
310473,-160.50,-207.50,-21.0358,-37.5002
314379,-12.50,-242.50,-4.9872,-43.5211
318285,-31.50,-180.50,33.0187,-54.2758
322191,-220.50,-128.50,45.4887,-47.8994
326097,-284.50,-121.50,15.4750,-25.5950
330003,-168.50,-168.50,-12.1693,-5.9754
333909,-10.50,-174.50,1.7674,2.1041
337815,-10.50,-143.50,40.9036,5.0253
341721,-178.50,-112.50,59.1275,7.4544
345627,-278.50,-128.50,36.9326,6.3016
349533,-188.50,-185.50,6.7328,-1.5842
353439,-15.50,-180.50,9.5591,-8.9532
357345,-0.50,-134.50,41.6063,-1.9797
361251,-177.50,-108.50,56.6975,13.3415
365157,-300.50,-130.50,29.5607,17.2767
369063,-210.50,-190.50,-4.3543,4.3791
372969,-45.50,-207.50,-2.1635,-12.6820
376875,-22.50,-173.50,25.4175,-18.2295
380781,-161.50,-111.50,38.2140,-8.1066
384687,-320.50,-120.50,17.2461,7.0044
388593,-288.50,-201.50,-21.2164,6.4292
392499,-128.50,-217.50,-42.0125,-10.8375
396405,-63.50,-175.50,-32.0491,-18.9179
400311,-178.50,-133.50,-14.8394,-9.5175
404217,-328.50,-159.50,-16.5404,-3.6405
408123,-302.50,-196.50,-33.0034,-12.4851
412029,-111.50,-228.50,-32.9530,-23.1818
415935,-15.50,-183.50,-2.5448,-21.7525
419841,-142.50,-122.50,25.9389,-5.6031
423747,-315.50,-121.50,17.9443,12.5973
427653,-328.50,-169.50,-15.4951,17.1853
431559,-173.50,-223.50,-37.7593,7.4329
435465,-69.50,-237.50,-32.5363,-10.8419
439371,-143.50,-178.50,-15.5967,-27.2196
443277,-319.50,-145.50,-12.0325,-28.1725
447183,-322.50,-149.50,-22.9922,-12.2161
451089,-172.50,-205.50,-24.1515,6.4997
454995,-44.50,-212.50,-5.8593,11.4033
458901,-86.50,-160.50,18.3942,5.8085
462807,-270.50,-144.50,28.4081,1.7922
466713,-325.50,-178.50,15.2668,-1.6089
470619,-181.50,-240.50,0.8844,-9.1768
474525,-37.50,-248.50,8.1731,-20.0533
478431,-73.50,-175.50,27.5163,-23.0610
482337,-256.50,-144.50,33.2474,-12.1488
486243,-339.50,-164.50,16.5682,0.3797
490149,-207.50,-238.50,-0.5321,1.3733
494055,-58.50,-239.50,3.4908,-7.4980
497961,-81.50,-182.50,17.6598,-10.7580
501867,-254.50,-142.50,19.0070,-2.6242
505773,-335.50,-146.50,6.5547,8.7328
509679,-240.50,-208.50,-2.2658,15.9186
513585,-82.50,-222.50,1.4334,15.8236
517491,-68.50,-177.50,12.4641,14.5935
521397,-214.50,-165.50,20.9471,12.4032
525303,-306.50,-185.50,23.8264,1.6499
529209,-268.50,-259.50,20.9914,-15.6800
533115,-97.50,-274.50,14.0474,-30.9855
537021,-60.50,-255.50,14.1329,-38.8180
540927,-197.50,-191.50,20.0563,-39.0828
544833,-322.50,-143.50,20.6821,-24.1055
548739,-253.50,-191.50,20.0069,4.7323
552645,-116.50,-287.50,23.1054,14.9565
556551,-79.50,-271.50,21.1433,-8.5425
560457,-175.50,-184.50,15.4386,-30.5709
564363,-318.50,-169.50,15.1160,-24.8455
568269,-273.50,-196.50,18.6223,-4.9936
572175,-101.50,-226.50,28.3857,13.7898
576081,-18.50,-214.50,45.2146,25.3862
579987,-131.50,-148.50,57.4434,30.0360
583893,-289.50,-143.50,55.4033,32.1852
587799,-289.50,-216.50,43.2030,25.6918
591705,-134.50,-261.50,33.8962,9.2786
595611,-36.50,-238.50,34.5338,-1.3696
599517,-123.50,-147.50,39.8146,7.0063
603423,-282.50,-129.50,40.9842,28.0160
607329,-268.50,-155.50,42.0339,44.3985
611235,-108.50,-186.50,54.4825,54.8498
615141,33.50,-176.50,78.2730,65.6696
619047,-51.50,-132.50,99.0548,72.4750
622953,-238.50,-129.50,98.2837,67.5194
626859,-287.50,-168.50,77.4194,51.9973
630765,-174.50,-246.50,54.4734,33.3660
634671,-36.50,-261.50,40.9965,14.4181
638577,-127.50,-236.50,31.9817,-4.2165
642483,-309.50,-211.50,12.6967,-21.4706
646389,-368.50,-224.50,-10.8860,-31.4737
650295,-239.50,-274.50,-20.4774,-29.6965
654201,-79.50,-259.50,-12.4737,-18.8373
658107,-95.50,-196.50,4.3906,-0.8485
662013,-250.50,-152.50,18.3722,17.9383
665919,-305.50,-144.50,28.8088,33.2354
669825,-210.50,-186.50,39.6844,48.7352
673731,-36.50,-227.50,49.7171,57.7861
677637,-21.50,-209.50,62.2457,49.6803
681543,-175.50,-164.50,75.1194,32.2834
685449,-260.50,-168.50,83.0575,21.9785
689355,-172.50,-228.50,89.8882,20.5466
693261,-15.50,-247.50,96.0199,21.2794
697167,16.50,-216.50,99.8259,22.6561
701073,-143.50,-143.50,99.7820,27.8418
704979,-269.50,-148.50,92.2242,37.5521
708885,-224.50,-220.50,79.1903,40.8677
712791,-42.50,-271.50,70.1751,29.7474
716697,-2.50,-250.50,71.0258,12.4748
720603,-138.50,-214.50,73.2432,-2.1214
724509,-285.50,-239.50,68.3878,-17.6095
728415,-257.50,-287.50,57.7672,-35.4207
732321,-69.50,-308.50,51.5243,-43.3379
736227,-32.50,-278.50,51.9634,-35.8121
740133,-154.50,-212.50,45.8747,-21.3593
744039,-318.50,-196.50,31.7784,-8.0786
747945,-303.50,-239.50,18.3532,0.0470
751851,-122.50,-312.50,14.7127,-1.9380
755757,-21.50,-308.50,24.8737,-15.6641
759663,-127.50,-227.50,37.2042,-25.9782
763569,-320.50,-212.50,34.8672,-21.7495
767475,-341.50,-262.50,15.6323,-15.8785
771381,-186.50,-308.50,-3.9579,-16.7585
775287,-79.50,-304.50,-12.1621,-18.8938
779193,-137.50,-242.50,-9.6601,-18.3175
783099,-303.50,-239.50,-0.5721,-18.9210
787005,-335.50,-239.50,6.9157,-20.0849
790911,-188.50,-283.50,10.2054,-11.3881
794817,-49.50,-278.50,14.3584,3.4216
798723,-77.50,-222.50,24.8994,14.1628
802629,-267.50,-197.50,36.3736,18.3800
806535,-306.50,-209.50,39.7702,18.9585
810441,-164.50,-253.50,43.5631,23.5989
814347,-2.50,-269.50,55.5879,30.4413
818253,-26.50,-209.50,70.6483,34.5698
822159,-206.50,-178.50,78.7612,37.2171
826065,-288.50,-174.50,75.4040,41.0339
829971,-157.50,-166.50,71.5124,58.9732
833877,64.50,-124.50,86.5767,101.2125
837783,-17.50,-204.50,107.4050,128.8751
841689,-270.50,-236.50,85.9355,91.9299
845595,-345.50,-229.50,31.8082,24.8188
849501,-239.50,-313.50,2.4820,-16.0517
853407,-127.50,-392.50,-3.6233,-42.9375
857313,-143.50,-384.50,-22.0593,-77.1753
861219,-271.50,-330.50,-44.1229,-103.5845
865125,-410.50,-342.50,-49.9457,-110.4234
869031,-360.50,-404.50,-53.9203,-111.2643
872937,-184.50,-407.50,-65.0314,-111.9738
876843,-146.50,-373.50,-71.5373,-103.5005
880749,-278.50,-317.50,-68.7695,-88.1144
884655,-424.50,-297.50,-62.6861,-72.3695
888561,-370.50,-332.50,-60.0553,-57.6489
892467,-175.50,-342.50,-55.9580,-43.1135
896373,-122.50,-304.50,-46.7535,-25.4780
900279,-252.50,-241.50,-41.3719,-5.4855
904185,-396.50,-239.50,-40.6188,9.3966
908091,-373.50,-287.50,-39.5020,12.1351
911997,-221.50,-342.50,-41.6252,3.6540
915903,-121.50,-319.50,-46.1353,-6.8488
919809,-218.50,-245.50,-43.0605,-5.8146
923715,-372.50,-222.50,-31.7617,8.6690
927621,-362.50,-253.50,-19.9417,23.8946
931527,-202.50,-284.50,-11.8715,34.0366
935433,-97.50,-267.50,-8.9057,42.6608
939339,-160.50,-214.50,-4.9628,50.9680
943245,-335.50,-204.50,4.0226,54.5801
947151,-380.50,-225.50,6.4810,52.8604
951057,-210.50,-268.50,1.0182,52.7607
954963,-79.50,-244.50,1.5843,59.1356
958869,-133.50,-204.50,10.2044,69.2302
962775,-313.50,-178.50,18.2905,74.4575
966681,-351.50,-214.50,21.8687,71.4749
970587,-248.50,-285.50,18.7689,60.9158
974493,-97.50,-287.50,8.4580,46.5109
978399,-109.50,-255.50,5.9048,35.8554
982305,-287.50,-228.50,16.7115,28.6280
986211,-370.50,-233.50,23.8245,25.5113
990117,-266.50,-307.50,18.6271,25.3926
994023,-100.50,-322.50,9.7454,19.8398
997929,-111.50,-261.50,7.9707,15.3569
1001835,-284.50,-239.50,10.8154,17.8796
1005741,-384.50,-250.50,10.4241,18.6728
1009647,-281.50,-312.50,8.1036,14.9964
1013553,-111.50,-325.50,8.7092,10.4793
1017459,-82.50,-274.50,15.1202,11.3240
1021365,-229.50,-220.50,27.1291,20.4457
1025271,-340.50,-240.50,39.6085,29.2770
1029177,-271.50,-285.50,46.0025,30.8028
1033083,-91.50,-285.50,46.5328,33.4858
1036989,-53.50,-226.50,47.4792,47.9339
1040895,-189.50,-172.50,51.2185,69.0343
1044801,-326.50,-175.50,55.4609,83.7382
1048707,-285.50,-240.50,55.1708,85.0455
1052613,-108.50,-260.50,50.1892,78.2548
1056519,-45.50,-249.50,47.4594,71.5928
1060425,-161.50,-185.50,50.4771,67.3770
1064331,-317.50,-170.50,55.8475,69.8256
1068237,-269.50,-201.50,60.7942,79.9435
1072143,-95.50,-206.50,68.0395,96.2054
1076049,-45.50,-217.50,69.7969,109.6300
1079955,-170.50,-181.50,56.2053,104.8750
1083861,-325.50,-168.50,38.8885,88.9386
1087767,-333.50,-226.50,29.2096,75.6782
1091673,-178.50,-260.50,22.5916,66.6556
1095579,-78.50,-250.50,15.7815,62.7042
1099485,-166.50,-228.50,11.7635,57.5192
1103391,-325.50,-239.50,13.0386,40.9056
1107297,-333.50,-271.50,19.6098,19.2654
1111203,-178.50,-310.50,28.3586,8.0364
1115109,-62.50,-289.50,33.3907,10.7222
1119015,-120.50,-207.50,34.5567,25.6343
1122921,-303.50,-184.50,34.7473,46.8903
1126827,-339.50,-222.50,33.2701,59.4797
1130733,-212.50,-280.50,30.5752,57.1583
1134639,-80.50,-273.50,25.4488,48.7060
1138545,-133.50,-226.50,18.0713,44.2454
1142451,-323.50,-205.50,8.7336,42.9509
1146357,-373.50,-214.50,0.4265,43.0141
1150263,-264.50,-281.50,-2.0528,44.3868
1154169,-113.50,-304.50,-3.5435,38.8127
1158075,-121.50,-269.50,-3.5821,25.2328
1161981,-287.50,-228.50,1.8492,14.1672
1165887,-367.50,-242.50,8.9500,12.1770
1169793,-265.50,-282.50,14.2998,17.6971
1173699,-102.50,-300.50,16.6026,24.5931
1177605,-84.50,-267.50,19.5716,26.4846
1181511,-248.50,-239.50,25.2658,21.2398
1185417,-356.50,-271.50,28.6802,9.4804
1189323,-280.50,-310.50,27.5535,-2.7364
1193229,-105.50,-305.50,25.0079,-2.5220
1197135,-77.50,-252.50,25.0696,13.3956
1201041,-224.50,-188.50,27.0199,35.6964
1204947,-349.50,-203.50,28.7694,52.7580
1208853,-289.50,-246.50,30.0676,58.3866
1212759,-104.50,-293.50,32.7345,54.1226
1216665,-68.50,-294.50,35.7989,38.8941
1220571,-190.50,-232.50,35.8405,20.0917
1224477,-329.50,-238.50,37.0541,11.8460
1228383,-289.50,-266.50,41.1118,14.4115
1232289,-122.50,-274.50,43.7790,26.2437
1236195,-56.50,-255.50,42.3962,42.3498
1240101,-153.50,-200.50,40.9495,52.1691
1244007,-306.50,-204.50,45.6378,53.3806
1247913,-290.50,-241.50,52.3059,49.4378
1251819,-106.50,-293.50,58.9851,43.6795
1255725,-28.50,-280.50,64.9924,36.2084
1259631,-133.50,-192.50,62.5811,35.9039
1263537,-320.50,-178.50,50.2963,49.2229
1267443,-336.50,-224.50,33.8144,60.8500
1271349,-175.50,-262.50,22.3759,61.8715
1275259,-40.50,-243.50,23.4849,61.1110
1279165,-116.50,-160.50,33.7387,68.9638
1283071,123.50,67.50,109.5871,118.7533
1286977,258.50,111.50,309.1944,228.2688
1290883,595.50,126.50,552.4081,344.2978
1294789,185.50,-142.50,641.5563,370.7474
1298695,613.50,139.50,570.7437,318.8004
1302601,-114.50,-93.50,485.7291,270.1089
1306507,320.50,83.50,416.8022,232.3457
1310413,-141.50,-246.50,357.5393,194.0595
1314319,471.50,-15.50,302.3834,161.7895
1318225,16.50,-125.50,278.0190,161.2319
1322131,209.50,69.50,272.6325,179.9721
1326037,-324.50,-128.50,237.9411,181.6030
1329943,713.50,212.50,271.9436,206.2697
1333849,90.50,-143.50,397.0256,262.0749
1337755,-202.50,-232.50,310.8456,218.3022
1341661,-68.50,-0.50,69.9101,115.0053
1345567,-352.50,-129.50,-28.5291,85.6657
1349473,-332.50,-221.50,-73.0884,69.6830
1353379,-173.50,-268.50,-137.6529,28.5121
1357285,208.50,-60.50,-101.0697,28.9587
1361191,-278.50,-175.50,12.1608,67.6606
1365097,-492.50,-205.50,-3.6015,55.4364
1369003,-434.50,-271.50,-138.1605,-2.6681
1372909,-246.50,-297.50,-229.7509,-41.2370
1376815,-190.50,-269.50,-236.2616,-48.4044
1380721,-303.50,-190.50,-196.3193,-36.8216
1384627,-453.50,-181.50,-161.0046,-19.7618
1388533,-425.50,-235.50,-159.3664,-9.9472
1392439,-240.50,-269.50,-176.2639,-9.5122
1396345,-160.50,-260.50,-176.5306,-11.8545
1400251,46.50,-60.50,-102.4736,8.4369
1404157,-352.50,-180.50,10.0097,42.9924
1408063,-211.50,-142.50,41.8643,49.1515
1411969,-223.50,-271.50,1.0697,36.1123
1415875,-173.50,-288.50,-69.8489,8.9681
1419781,-275.50,-232.50,-136.8643,-27.1569
1423687,-96.50,-30.50,-108.6601,-17.4624
1427593,-273.50,-159.50,-1.5320,38.1468
1431499,-241.50,-270.50,26.7429,56.1240
1435405,-193.50,-289.50,-52.4565,17.9417
1439311,-290.50,-244.50,-136.3544,-24.5618
1443217,-463.50,-230.50,-184.9554,-52.3397
1447123,-490.50,-252.50,-208.5304,-67.7447
1451029,-358.50,-304.50,-214.9871,-68.4957
1454935,-140.50,-268.50,-190.2985,-51.8580
1458841,247.50,-69.50,-62.4318,-1.9931
1462747,-294.50,-197.50,98.9745,46.6979
1466653,-389.50,-236.50,91.8445,26.0567
1470559,-352.50,-332.50,-37.4338,-32.8690
1474465,-242.50,-334.50,-139.7761,-70.7491
1478371,-255.50,-255.50,-186.5244,-76.8452
1482277,183.50,22.50,-95.4522,-25.0582
1486183,-324.50,-188.50,87.2744,52.4141
1490089,-324.50,-320.50,109.6169,48.9438
1493995,-206.50,-307.50,-15.5516,-14.4869
1497901,-212.50,-242.50,-111.7172,-45.8554
1501807,-364.50,-174.50,-155.5803,-41.5697
1505713,-463.50,-205.50,-172.0314,-31.8102
1509619,-366.50,-293.50,-163.8642,-31.3699
1513525,-196.50,-336.50,-130.9464,-39.9405
1517431,-164.50,-301.50,-97.2351,-53.4889
1521337,-335.50,-248.50,-94.4568,-70.3618
1525243,-436.50,-254.50,-118.4003,-84.4037
1529149,-358.50,-271.50,-126.8549,-79.5044
1533055,-149.50,-290.50,-95.3087,-49.5996
1536961,-125.50,-271.50,-51.6454,-21.5471
1540867,-264.50,-207.50,-41.6786,-18.9812
1544773,-431.50,-212.50,-69.6313,-31.4117
1548679,-384.50,-271.50,-99.0056,-40.4389
1552585,-207.50,-301.50,-97.6828,-37.2923
1556491,-150.50,-290.50,-76.6349,-29.6727
1560397,-257.50,-239.50,-69.0446,-34.3921
1564303,-420.50,-225.50,-81.4809,-48.9039
1568209,-397.50,-252.50,-94.6548,-52.5596
1572115,-246.50,-290.50,-90.9687,-36.5156
1576021,-166.50,-285.50,-79.3398,-18.6536
1579927,-266.50,-228.50,-80.3045,-17.9382
1583833,-430.50,-258.50,-96.0751,-37.3247
1587739,-404.50,-314.50,-104.9631,-67.5166
1591645,-283.50,-378.50,-93.5844,-89.3342
1595551,-162.50,-351.50,-78.0794,-93.9575
1599457,-254.50,-270.50,-75.0090,-85.6249
1603363,-441.50,-280.50,-91.2876,-79.5950
1607269,-447.50,-260.50,-111.4137,-77.1456
1611175,-271.50,-319.50,-102.7564,-60.0158
1615081,-172.50,-344.50,-73.1018,-43.5215
1618987,-280.50,-337.50,-68.4398,-56.6243
1622893,-512.50,-335.50,-110.4180,-96.2200
1626799,-563.50,-399.50,-168.2778,-139.5247
1630705,-461.50,-493.50,-200.7283,-173.0578
1634611,-282.50,-524.50,-199.2122,-199.1177
1638517,-335.50,-513.50,-182.1375,-225.3224
1642423,-168.50,-340.50,-121.2981,-230.3091
1646329,-512.50,-513.50,-33.8248,-214.6120
1650235,203.50,-360.50,69.1050,-193.2851
1654141,-204.50,-614.50,175.7539,-173.6088
1658047,-421.50,-623.50,95.5096,-217.5698
1661953,-660.50,-575.50,-146.1807,-302.6793
1665859,-789.50,-577.50,-331.0492,-345.7585
1669765,-699.50,-672.50,-408.5208,-350.0883
1673671,-526.50,-682.50,-410.8205,-344.9107
1677577,-512.50,-624.50,-378.3808,-332.5119
1681483,-665.50,-580.50,-347.0078,-315.8953
1685389,-784.50,-586.50,-336.8262,-308.0562
1689295,-714.50,-656.50,-343.9234,-308.6943
1693201,-197.50,-539.50,-291.8301,-285.3195
1697107,-400.50,-588.50,-177.0409,-233.5905
1701013,-629.50,-591.50,-152.1077,-219.5369
1704919,-778.50,-597.50,-230.2163,-254.8200
1708825,-708.50,-625.50,-297.4863,-282.4073
1712731,-493.50,-605.50,-310.1594,-270.4405
1716637,-399.50,-542.50,-274.8707,-225.5990
1720543,-512.50,-468.50,-220.4602,-175.5275
1724449,-622.50,-466.50,-172.8896,-143.3012
1728355,-558.50,-460.50,-138.5419,-124.1229
1732261,-365.50,-478.50,-113.1499,-98.4965
1736167,-240.50,-395.50,-85.1407,-60.6252
1740073,-320.50,-350.50,-44.3433,-21.0934
1743979,-207.50,-196.50,40.4703,24.0524
1747885,-365.50,-288.50,143.2958,76.9290
1751791,-242.50,-334.50,159.0681,102.2852
1755697,-143.50,-303.50,105.0320,99.3206
1759603,-223.50,-245.50,71.5697,98.7335
1763509,-383.50,-223.50,70.2524,102.1704
1767415,-389.50,-222.50,77.6213,109.5440
1771321,-220.50,-269.50,85.5780,125.2256
1775227,-64.50,-246.50,103.6249,142.2605
1779133,-106.50,-139.50,135.4599,163.1025
1783039,-273.50,-120.50,164.9336,188.3180
1786945,-296.50,-153.50,177.7322,200.4116
1790851,-154.50,-206.50,180.6670,197.7383
1794757,-16.50,-205.50,183.6024,193.0146
1798663,-47.50,-143.50,190.7879,192.6101
1802569,-232.50,-111.50,196.9852,194.6933
1806475,-289.50,-116.50,193.0722,197.2842
1810381,-165.50,-174.50,184.9574,202.1193
1814287,-9.50,-169.50,182.8723,207.8652
1818193,-34.50,-137.50,187.1804,210.4661
1822099,-192.50,-84.50,191.8387,207.6628
1826005,-268.50,-76.50,193.7705,208.3691
1829911,-146.50,-125.50,196.7697,218.5690
1833817,10.50,-131.50,203.0041,230.5785
1837723,19.50,-89.50,210.0437,238.3140
1841629,-128.50,-48.50,216.5855,238.6822
1845535,-239.50,-84.50,219.2794,228.1409
1849441,112.50,-14.50,258.5587,230.5702
1853347,269.50,-26.50,361.0881,270.3049
1857253,81.50,-59.50,412.9423,302.0947
1861159,-118.50,-53.50,340.0955,281.1484
1865065,-248.50,-83.50,235.1509,230.9928
1868971,-189.50,-136.50,174.3740,188.2771
1872877,12.50,-146.50,157.1015,169.4719
1876783,51.50,-142.50,167.9265,167.8535
1880689,-77.50,-41.50,187.2594,174.2604
1884595,-226.50,-52.50,198.1322,188.1799
1888501,-160.50,-118.50,196.0580,192.1970
1892407,-13.50,-137.50,185.6408,181.5204
1896313,48.50,-115.50,172.3906,174.3044
1900219,-79.50,-31.50,164.2881,179.4045
1904125,-232.50,-25.50,162.3721,192.5390
1908031,-209.50,-89.50,157.8374,196.5802
1911937,-31.50,-140.50,150.5209,183.5284
1915843,47.50,-92.50,146.7003,171.4331
1919749,-69.50,-57.50,145.4215,171.7954
1923655,-233.50,-80.50,142.2024,165.8210
1927561,-228.50,-129.50,136.1196,142.8535
1931467,-82.50,-188.50,126.5662,117.4167
1935373,16.50,-204.50,114.1626,95.8322
1939279,-56.50,-132.50,107.9912,80.4996
1943185,-234.50,-130.50,110.8071,74.8300
1947091,-300.50,-178.50,103.7587,68.1657
1950997,-160.50,-240.50,77.6897,54.4924
1954903,-36.50,-246.50,51.9149,39.2042
1958809,-80.50,-171.50,45.6192,31.8018
1962715,-248.50,-154.50,56.4503,34.8780
1966621,-306.50,-158.50,65.6452,41.4027
1970527,-199.50,-205.50,58.0425,50.5497
1974433,-24.50,-208.50,44.3518,59.0760
1978339,-47.50,-142.50,48.0277,64.9846
1982245,-211.50,-102.50,66.0716,72.2565
1986151,-269.50,-111.50,81.4963,80.3047
1990057,-158.50,-153.50,88.2200,88.8204
1993963,9.50,-132.50,88.5625,101.6144
1997869,-0.50,-72.50,90.8950,120.5354
2001775,-180.50,-21.50,93.7335,138.6994
2005681,-245.50,-24.50,94.6096,150.6947
2009587,-162.50,-96.50,96.7314,154.1802
2013493,11.50,-125.50,96.4925,145.6476
2017399,25.50,-116.50,96.5753,126.7313
2021305,-150.50,-81.50,96.7316,102.8076
2025211,-286.50,-111.50,86.8083,79.9285
2029117,-223.50,-190.50,66.5692,57.8407
2033023,-41.50,-222.50,49.0760,36.2708
2036929,-36.50,-224.50,39.8714,16.2265
2040835,-188.50,-175.50,30.1834,-3.5581
2044741,-330.50,-182.50,18.4670,-17.5903
2048647,-303.50,-252.50,4.2962,-26.7595
2052553,-127.50,-276.50,-12.5262,-35.0060
2056459,-68.50,-272.50,-22.0774,-41.6171
2060365,-192.50,-204.50,-20.9623,-46.9025
2064271,-17.50,-33.50,37.4389,-19.9690
2068177,-209.50,-165.50,137.6034,37.5898
2072083,-98.50,-236.50,147.5740,56.1884
2075989,-32.50,-238.50,74.7289,26.8578
2079895,-150.50,-189.50,18.3898,-5.7841
2083801,-306.50,-220.50,-5.0243,-32.2427
2087707,-305.50,-252.50,-12.1634,-56.6824
2091613,-127.50,-292.50,-9.5170,-67.4751
2095519,-28.50,-260.50,2.4538,-58.9130
2099425,-113.50,-196.50,13.9293,-41.2156
2103331,-296.50,-140.50,13.1503,-22.2071
2107237,-309.50,-157.50,1.2091,-1.7600
2111143,-152.50,-192.50,-6.2163,19.1964
2115049,-8.50,-225.50,2.4515,29.2993
2118955,-69.50,-169.50,21.3088,21.9480
2122861,-249.50,-214.50,32.3307,-2.6195
2126767,-288.50,-266.50,28.2918,-44.3935
2130673,-138.50,-307.50,23.7032,-80.2192
2134579,-17.50,-285.50,26.0930,-85.1846
2138485,-72.50,-238.50,25.5053,-68.8271
2142391,-252.50,-197.50,15.8265,-54.0851
2146297,-350.50,-207.50,-3.2267,-46.2334
2150203,-254.50,-253.50,-29.6481,-38.5029
2154109,-111.50,-269.50,-53.0633,-31.6736
2158015,-124.50,-223.50,-62.8231,-29.3559
2161921,-276.50,-217.50,-59.5174,-35.8122
2165827,-362.50,-248.50,-51.8424,-53.9541
2169733,-274.50,-295.50,-48.6884,-71.8963
2173639,-88.50,-280.50,-46.7257,-72.1560
2177545,-17.50,-189.50,-26.5394,-47.6680
2181451,-176.50,-133.50,9.6716,-10.1938
2185357,-357.50,-204.50,20.9102,6.9064
2189263,-301.50,-271.50,-9.7509,-11.9574
2193169,-111.50,-257.50,-43.2466,-33.9912
2197075,-57.50,-189.50,-45.9654,-27.3436
2200981,-192.50,-72.50,-28.1435,7.4623
2204887,-329.50,-95.50,-13.8220,49.1622
2208793,-229.50,-170.50,-3.5649,66.6589
2212699,-40.50,-222.50,16.7087,53.8247
2216605,-2.50,-212.50,36.8200,27.3779
2220511,-156.50,-136.50,35.5331,6.1135
2224417,-293.50,-88.50,19.3069,9.9619
2228323,-266.50,-93.50,7.5825,43.0495
2232229,-92.50,-132.50,5.1176,83.3399
2236135,-4.50,-118.50,9.1592,103.0494
2240041,-140.50,-125.50,11.7784,89.1203
2243947,-300.50,-190.50,4.9354,40.3443
2247853,-285.50,-226.50,-3.7707,-17.8237
2251759,-136.50,-251.50,-7.8016,-45.2641
2255665,-40.50,-237.50,-12.0797,-41.1066
2259571,-122.50,-154.50,-15.2425,-26.9537
2263477,-302.50,-125.50,-15.7101,-9.2446
2267383,-316.50,-171.50,-18.4644,5.4595
2271289,-173.50,-207.50,-23.3096,11.7852
2275195,-42.50,-196.50,-26.1032,14.1655
2279101,-100.50,-139.50,-22.0530,15.4662
2283007,-285.50,-109.50,-15.6870,16.9855
2286913,-317.50,-128.50,-14.8861,22.4110
2290819,-165.50,-190.50,-13.4373,29.3749
2294725,-30.50,-207.50,-7.6226,26.9482
2298631,-63.50,-169.50,-0.9423,12.5377
2302537,-241.50,-127.50,4.5913,-1.5297
2306443,-296.50,-133.50,7.2571,-1.6297
2310349,-180.50,-204.50,7.7732,7.2764
2314259,-17.50,-195.50,8.0917,12.0723
2318165,-41.50,-141.50,10.6018,15.3587
2322071,-216.50,-102.50,12.1556,20.0046
2325977,-308.50,-116.50,8.5262,23.4608
2329883,-202.50,-174.50,3.0595,25.7634
2333789,-38.50,-194.50,0.2287,24.7995
2337695,-33.50,-149.50,1.1831,20.8058
2341601,-207.50,-136.50,1.4831,12.3845
2345507,-303.50,-158.50,-0.7180,-3.2629
2349413,-261.50,-214.50,-7.5556,-18.2161
2353319,-90.50,-232.50,-22.7989,-24.5702
2357225,-70.50,-192.50,-36.7501,-24.1130
2361131,-217.50,-117.50,-42.2490,-17.3053
2365037,-334.50,-126.50,-40.9363,-5.0013
2368943,-266.50,-158.50,-34.3810,7.3255
2372849,-100.50,-193.50,-28.1845,16.5251
2376755,-58.50,-184.50,-27.8609,15.6791
2380661,-208.50,-127.50,-34.8401,4.6725
2384567,-46.50,-24.50,4.8457,13.0738
2388473,-239.50,-220.50,85.8990,29.5075
2392379,-153.50,-284.50,80.5520,0.2362
2396285,-100.50,-277.50,-6.0855,-54.7724
2400191,-224.50,-209.50,-72.0393,-86.7570
2404097,-388.50,-178.50,-100.3416,-88.8765
2408003,-376.50,-190.50,-110.6475,-69.1062
2411909,-204.50,-200.50,-109.1698,-36.0443
2415815,-92.50,-191.50,-94.1161,-4.8953
2419721,-173.50,-160.50,-72.7245,3.9758
2423627,-367.50,-228.50,-63.9618,-23.0718
2427533,-399.50,-271.50,-79.1727,-73.7605
2431439,-206.50,-271.50,-94.2255,-102.0140
2435345,-77.50,-268.50,-82.4167,-91.2381
2439251,-143.50,-189.50,-57.0293,-69.0426
2443157,-322.50,-162.50,-43.7977,-51.2834
2447063,-360.50,-184.50,-47.6154,-38.7585
2450969,-195.50,-237.50,-51.0374,-30.8950
2454875,-58.50,-223.50,-40.7703,-26.0175
2458781,-111.50,-178.50,-26.9317,-23.0907
2462687,-276.50,-128.50,-21.4538,-20.0483
2466593,-329.50,-165.50,-21.6635,-15.3055
2470499,-205.50,-222.50,-20.9770,-13.3575
2474405,-59.50,-229.50,-18.3004,-16.2145
2478311,-89.50,-164.50,-15.8066,-17.0048
2482217,-270.50,-128.50,-18.6245,-12.5238
2486123,-354.50,-130.50,-28.3497,-4.7654
2490029,-233.50,-170.50,-34.8077,7.4334
2493935,-62.50,-154.50,-28.7017,25.2445
2497841,-49.50,-132.50,-12.7619,39.9279
2501747,-217.50,-102.50,1.0537,38.4078
2505653,-329.50,-130.50,2.1715,23.7349
2509559,-246.50,-190.50,-6.2867,8.3761
2513465,-89.50,-204.50,-15.0111,-0.5363
2517371,-75.50,-196.50,-21.3146,-6.9464
2521277,-229.50,-130.50,-27.0397,-15.0155
2525183,-357.50,-130.50,-33.3231,-15.4383
2529089,-292.50,-201.50,-39.0253,-11.2209
2532995,-111.50,-217.50,-39.4197,-12.0687
2536901,-64.50,-233.50,-32.7655,-21.1295
2540807,-197.50,-165.50,-25.3124,-37.3476
2544713,-318.50,-154.50,-19.0015,-44.5499
2548619,-288.50,-196.50,-13.7988,-37.2840
2552525,-111.50,-223.50,-12.1188,-26.3757
2556431,-45.50,-229.50,-10.9482,-23.3933
2560337,-154.50,-158.50,-7.8171,-29.9096
2564243,-306.50,-160.50,-3.9610,-34.7263
2568149,-277.50,-197.50,-0.3074,-35.3025
2572055,-112.50,-246.50,4.1628,-35.2201
2575961,-43.50,-241.50,5.0856,-38.4145
2579867,-152.50,-176.50,-3.0370,-43.3314
2583773,-319.50,-159.50,-15.1899,-43.0931
2587679,-344.50,-209.50,-27.6791,-41.5455
2591585,-188.50,-261.50,-39.6166,-44.9125
2595491,-64.50,-275.50,-43.4625,-54.3187
2599397,-143.50,-225.50,-37.1848,-67.4706
2603303,-323.50,-250.50,-32.1845,-85.0051
2607209,-361.50,-284.50,-36.6707,-107.8322
2611115,-206.50,-323.50,-43.2118,-121.8763
2615021,-60.50,-290.50,-40.1885,-115.1737
2618927,-116.50,-216.50,-28.6934,-91.9440
2622833,-303.50,-194.50,-22.2362,-68.2879
2626739,-357.50,-224.50,-26.6874,-58.3396
2630645,-229.50,-288.50,-33.5583,-60.8270
2634551,-88.50,-288.50,-37.3967,-67.5991
2638457,-111.50,-216.50,-37.1925,-67.4317
2642363,-280.50,-166.50,-32.8672,-54.7474
2646269,-368.50,-200.50,-30.6011,-40.4675
2650175,-260.50,-245.50,-34.4992,-34.3403
2654081,-95.50,-240.50,-38.7428,-29.8517
2657987,-86.50,-176.50,-34.6992,-19.0262
2661893,-269.50,-147.50,-27.2563,-7.7155
2665799,-356.50,-165.50,-25.5843,-4.9855
2669705,-254.50,-228.50,-23.7441,-9.1328
2673611,-66.50,-254.50,-14.2372,-16.1008
2677517,-53.50,-207.50,-0.8286,-22.4560
2681423,-223.50,-156.50,4.6830,-23.4406
2685329,-332.50,-140.50,0.8684,-15.6719
2689235,-273.50,-234.50,-3.8130,-7.9191
2693141,-92.50,-288.50,-6.7411,-18.4931
2697047,-52.50,-256.50,-6.1067,-42.2456
2700953,-211.50,-202.50,-6.1540,-58.4612
2704859,-49.50,-62.50,37.2009,-38.6824
2708765,-216.50,-212.50,119.3621,6.6276
2712671,-119.50,-253.50,119.2750,17.7929
2716577,-97.50,-224.50,36.6045,-2.6185
2720483,-225.50,-176.50,-33.5697,-18.1428
2724389,-370.50,-206.50,-64.4802,-32.5047
2728295,-338.50,-268.50,-68.1645,-53.7011
2732201,-172.50,-303.50,-59.2872,-69.8849
2736107,-107.50,-280.50,-50.1551,-71.4429
2740013,-225.50,-208.50,-52.1226,-63.9994
2743919,-384.50,-189.50,-64.4080,-54.5614
2747825,-386.50,-233.50,-77.2294,-47.4659
2751731,-207.50,-271.50,-79.1195,-41.6608
2755637,-108.50,-266.50,-67.3693,-36.3662
2759543,-203.50,-191.50,-56.6119,-32.7018
2763449,-351.50,-185.50,-54.9862,-31.1601
2767355,-372.50,-236.50,-55.2616,-36.2990
2771261,-219.50,-281.50,-52.2391,-43.6907
2775167,-90.50,-260.50,-44.1143,-42.0383
2779073,-122.50,-166.50,-28.3941,-26.7929
2782979,-280.50,-145.50,-8.4942,-6.3458
2786885,-369.50,-207.50,-2.7391,-0.5165
2790791,-255.50,-281.50,-20.7007,-14.3588
2794697,-143.50,-313.50,-46.8306,-37.3107
2798603,-148.50,-239.50,-60.0580,-56.5049
2802509,-304.50,-226.50,-52.8162,-65.6619
2806415,-354.50,-242.50,-36.2239,-69.7190
2810321,-210.50,-273.50,-16.5907,-63.8104
2814227,-60.50,-238.50,5.5709,-39.2456
2818133,-88.50,-193.50,18.8779,-8.3814
2822039,-271.50,-173.50,13.5415,3.7924
2825945,-335.50,-240.50,0.2206,-12.8147
2829851,-216.50,-320.50,1.0893,-45.8334
2833757,-42.50,-318.50,19.3696,-70.4881
2837663,-20.50,-256.50,42.3975,-71.5750
2841569,-213.50,-207.50,52.2571,-59.2162
2845475,-332.50,-195.50,38.5097,-44.5386
2849381,-272.50,-268.50,14.4570,-30.7253
2853287,-111.50,-272.50,-3.6641,-21.8334
2857193,-94.50,-239.50,-13.2398,-17.2105
2861099,-260.50,-201.50,-22.7521,-19.6531
2865005,-378.50,-188.50,-34.9726,-25.1666
2868911,-308.50,-237.50,-38.9849,-21.0147
2872817,-120.50,-270.50,-28.6814,-10.7345
2876723,-64.50,-254.50,-11.0549,-8.2818
2880629,-188.50,-180.50,2.4812,-13.2867
2884535,-352.50,-172.50,4.1693,-12.8559
2888441,-320.50,-210.50,-5.5443,-3.4013
2892347,-138.50,-276.50,-12.9117,4.1647
2896253,-58.50,-264.50,-8.2943,-2.3097
2900159,-173.50,-184.50,-0.0056,-13.5953
2904065,-326.50,-182.50,3.4586,-15.5087
2907971,-313.50,-227.50,3.4567,-12.7204
2911877,-129.50,-249.50,7.4980,-6.0934
2915783,-42.50,-228.50,16.4604,6.3959
2919689,-124.50,-175.50,23.1089,15.1163
2923595,-300.50,-168.50,24.6340,13.0538
2927501,-305.50,-188.50,22.3824,8.9767
2931407,-150.50,-241.50,21.5473,13.0631
2935313,-56.50,-250.50,20.2123,16.0175
2939219,-110.50,-222.50,16.0381,4.6983
2943125,-292.50,-156.50,14.1422,-8.7028
2947031,-330.50,-196.50,11.6562,-6.0674
2950937,-188.50,-250.50,8.1541,3.7664
2954843,-66.50,-271.50,5.6762,4.6059
2958749,-142.50,-214.50,-2.0794,-3.6258
2962655,-335.50,-189.50,-19.8491,-12.7016
2966561,-425.50,-254.50,-45.0440,-24.8200
2970467,-292.50,-304.50,-67.1485,-41.4670
2974373,-156.50,-370.50,-77.3024,-60.4676
2978279,-228.50,-404.50,-86.7956,-98.3794
2982185,-525.50,-424.50,-126.3886,-161.3107
2986091,-606.50,-484.50,-193.9745,-226.3036
2989997,-549.50,-584.50,-249.6073,-276.0753
2993903,-442.50,-614.50,-289.0841,-309.4557
2997809,-512.50,-624.50,-332.3551,-334.0156
3001715,-706.50,-622.50,-378.3367,-363.4018
3005621,-864.50,-660.50,-419.2608,-397.0475
3009527,-804.50,-763.50,-455.2197,-427.7239
3013433,-683.50,-827.50,-488.0591,-459.0132
3017339,-705.50,-847.50,-519.5697,-494.8769
3021245,-901.50,-815.50,-551.2517,-530.2626
3025151,-749.50,-738.50,-530.6967,-537.3092
3029057,-874.50,-879.50,-456.1751,-518.0112
3032963,-782.50,-975.50,-446.4977,-525.8464
3036869,-739.50,-959.50,-506.2576,-564.6190
3040775,-873.50,-879.50,-544.3375,-587.3539
3044681,-1001.50,-877.50,-545.1655,-579.5555
3048587,-953.50,-940.50,-530.6468,-563.4289
3052493,-783.50,-962.50,-513.0411,-550.2900
3056399,-693.50,-918.50,-490.5263,-530.2802
3060305,-789.50,-862.50,-460.3146,-504.7555
3064211,-909.50,-854.50,-427.4576,-487.1158
3068117,-858.50,-894.50,-395.4638,-478.3646
3072023,-664.50,-848.50,-360.3806,-454.1751
3075929,-572.50,-815.50,-323.6353,-401.5111
3079835,-662.50,-778.50,-294.7320,-354.3348
3083741,-845.50,-783.50,-282.5941,-342.3840
3087647,-860.50,-844.50,-289.2854,-355.5748
3091553,-672.50,-867.50,-294.9856,-366.4338
3095459,-540.50,-841.50,-277.2373,-356.3839
3099365,-626.50,-780.50,-246.8486,-332.6765
3103271,-797.50,-755.50,-228.4657,-311.8292
3107177,-812.50,-809.50,-223.8146,-302.2552
3111083,-654.50,-853.50,-217.3416,-301.0818
3114989,-532.50,-842.50,-204.2702,-296.9611
3118895,-524.50,-750.50,-180.8586,-280.1578
3122801,-687.50,-710.50,-144.7116,-251.7849
3126707,-704.50,-708.50,-110.3835,-220.7412
3130613,-522.50,-756.50,-77.3448,-192.1399
3134519,-348.50,-724.50,-35.5311,-165.7786
3138425,-393.50,-655.50,1.6729,-138.1111
3142331,-557.50,-586.50,18.0585,-108.5360
3146237,-623.50,-601.50,19.8898,-80.6799
3150143,-492.50,-623.50,22.9567,-55.1291
3154049,-313.50,-655.50,36.1866,-35.1864
3157955,-278.50,-605.50,63.9856,-28.0877
3161861,-424.50,-541.50,100.3952,-25.4562
3165767,-525.50,-548.50,126.2590,-15.0131
3169673,-434.50,-622.50,131.8465,-4.5826
3173579,-271.50,-639.50,127.0302,-2.8712
3177485,-284.50,-622.50,119.2825,-7.8618
3181391,-428.50,-545.50,109.7580,-12.0852
3185297,-528.50,-512.50,107.0812,-0.0251
3189203,-437.50,-552.50,116.0864,29.3549
3193109,-228.50,-588.50,136.2568,54.9455
3197015,-180.50,-546.50,164.4691,65.9141
3200921,-356.50,-463.50,180.8794,73.9915
3204827,-512.50,-447.50,169.7598,89.7751
3208733,-438.50,-494.50,149.0088,107.1690
3212639,-224.50,-477.50,149.4258,126.9395
3216545,-143.50,-438.50,175.0827,155.5219
3220451,-232.50,-384.50,209.3239,179.5221
3224357,-315.50,-357.50,248.9357,190.1312
3228263,-218.50,-352.50,300.3415,204.1771
3232169,-96.50,-362.50,342.4718,234.4327
3236075,11.50,-330.50,352.2570,268.4062
3239981,-79.50,-239.50,350.8197,294.6586
3243887,-216.50,-203.50,359.2236,317.0170
3247793,-218.50,-223.50,368.7375,336.9978
3251699,-32.50,-244.50,373.3924,355.2455
3255605,86.50,-194.50,381.0440,376.8976
3259511,54.50,-114.50,400.8363,403.2382
3263417,-143.50,-80.50,422.6778,426.1129
3267323,-130.50,-99.50,429.6752,439.6636
3271229,51.50,-152.50,434.9286,445.5488
3275135,208.50,-126.50,453.8194,447.7805
3279041,170.50,-18.50,480.4777,459.6410
3282947,-5.50,58.50,500.8213,490.4608
3286853,-12.50,39.50,509.8943,526.0199
3290759,112.50,-18.50,514.2332,545.1131
3294665,263.50,21.50,513.1546,551.3582
3298571,214.50,107.50,507.6170,564.9691
3302477,31.50,146.50,497.9633,583.3998
3306383,-21.50,129.50,485.6956,591.3612
3310289,128.50,36.50,482.8399,583.1689
3314195,279.50,32.50,489.8224,562.5830
3318101,263.50,112.50,494.0975,549.0411
3322007,81.50,155.50,488.8052,550.5391
3325913,-6.50,146.50,475.6482,553.7872
3329819,81.50,78.50,459.2451,551.2809
3333725,233.50,64.50,440.6522,543.8730
3337631,240.50,106.50,423.5603,534.5964
3341537,43.50,133.50,406.8903,520.5467
3345443,142.50,185.50,419.2683,510.5598
3349349,-1.50,-21.50,449.0308,495.0751
3353259,87.50,-60.50,403.7310,443.9233
3357165,33.50,-125.50,293.1790,370.0420
3361071,-142.50,-102.50,195.2535,294.3286
3364977,-260.50,-110.50,138.4417,234.8932
3368883,-319.50,-221.50,101.4389,198.8412
3372789,-302.50,-370.50,29.8837,153.2120
3376695,-277.50,-360.50,-71.0974,86.6353
3380601,-453.50,-361.50,-149.4727,23.8046
3384507,-612.50,-398.50,-195.5042,-29.3165
3388413,-653.50,-536.50,-232.9448,-84.8528
3392319,-488.50,-559.50,-268.6563,-133.6489
3396225,-400.50,-527.50,-282.4755,-150.5608
3400131,-516.50,-434.50,-273.0676,-136.2573
3404037,-684.50,-448.50,-266.8468,-118.1396
3407943,-673.50,-482.50,-272.5493,-112.7327
3411849,-431.50,-470.50,-262.5248,-100.4527
3415755,-385.50,-474.50,-229.9382,-72.6883
3419661,-479.50,-399.50,-212.3744,-53.9527
3423567,-687.50,-407.50,-225.1987,-54.2223
3427473,-653.50,-408.50,-244.6066,-59.1106
3431379,-448.50,-416.50,-234.1250,-43.7108
3435285,-335.50,-405.50,-194.4713,-10.4989
3439191,-385.50,-349.50,-158.3183,12.3252
3443097,-550.50,-310.50,-137.4308,18.2082
3447003,-556.50,-303.50,-125.0914,25.8884
3450909,-416.50,-342.50,-112.7621,47.3853
3454815,-252.50,-299.50,-96.0554,77.0673
3458721,-303.50,-212.50,-75.4508,110.2255
3462627,-442.50,-155.50,-56.1141,141.5948
3466533,-454.50,-136.50,-33.7839,169.7734
3470439,-314.50,-151.50,-4.2357,202.9359
3474345,-122.50,-142.50,28.1119,237.7188
3478251,-111.50,-29.50,65.6536,269.9701
3482157,-241.50,20.50,105.7823,301.4091
3486063,-280.50,48.50,141.9377,328.7224
3489969,-152.50,32.50,172.9058,357.6040
3493875,64.50,57.50,204.1286,392.3681
3497781,117.50,163.50,246.8851,431.0550
3501687,-5.50,221.50,296.1340,467.7274
3505593,-110.50,218.50,329.9509,488.8900
3509499,-0.50,167.50,341.5644,493.4450
3513405,219.50,179.50,353.1808,495.5557
3517311,237.50,190.50,375.7084,497.3475
3521217,77.50,240.50,387.8138,487.0595
3525123,-9.50,264.50,385.9316,474.5768
3529029,97.50,225.50,393.1300,476.6661
3532935,250.50,190.50,408.9728,484.1106
3536841,289.50,186.50,412.6760,476.6045
3540747,154.50,258.50,403.1761,454.7724
3544653,41.50,244.50,395.6330,435.5412
3548559,87.50,165.50,395.7492,416.6347
3552465,276.50,165.50,399.6591,399.1725
3556371,337.50,179.50,403.8138,394.2405
3560277,234.50,262.50,405.8144,396.5115
3564183,73.50,272.50,403.9653,400.1696
3568089,73.50,247.50,391.9499,404.2255
3571995,259.50,208.50,374.8190,408.2677
3575901,374.50,209.50,371.6736,406.1783
3579807,325.50,274.50,390.3416,394.7603
3583713,137.50,288.50,413.1779,382.5245
3587619,123.50,258.50,413.5483,374.5554
3591525,279.50,213.50,395.4869,371.1125
3595431,371.50,208.50,375.8753,366.0478
3599337,262.50,271.50,353.2733,355.4672
3603243,75.50,272.50,324.3060,341.3610
3607149,39.50,207.50,295.7502,318.7680
3611055,179.50,151.50,275.2991,290.0910
3614961,283.50,150.50,259.2646,267.8346
3618867,218.50,190.50,241.3354,253.1477
3622773,29.50,195.50,222.0310,235.8981
3626679,-46.50,154.50,199.9756,212.4549
3630585,70.50,99.50,175.0926,191.3639
3634491,221.50,84.50,155.7875,177.2661
3638397,182.50,143.50,147.4006,168.1964
3642303,-2.50,163.50,141.3533,160.8975
3646209,-68.50,150.50,132.3058,152.7434
3650115,59.50,73.50,128.6177,143.6343
3654021,214.50,54.50,131.7275,130.6313
3657927,192.50,96.50,131.8216,115.8046
3661833,16.50,129.50,122.9202,103.1496
3665739,110.50,192.50,140.7985,105.2807
3669645,66.50,73.50,186.6308,120.0221
3673551,179.50,53.50,181.3054,116.9021
3677457,188.50,82.50,127.0110,97.4881
3681363,23.50,111.50,85.5703,77.8917
3685269,-120.50,83.50,61.0236,56.2358
3689175,-64.50,26.50,37.5262,35.3030
3693081,97.50,11.50,17.0498,24.5694
3696987,113.50,50.50,4.0537,26.3664
3700893,-38.50,70.50,-8.2436,26.0638
3704799,-169.50,48.50,-22.0300,9.8598
3708705,-142.50,-28.50,-35.9739,-17.4449
3712611,27.50,-76.50,-49.1598,-44.4654
3716517,86.50,-48.50,-55.3167,-63.3125
3720423,-5.50,47.50,-49.6241,-64.5491
3724329,-177.50,27.50,-40.7251,-53.2377
3728235,-234.50,-104.50,-57.0419,-63.4805
3732141,-91.50,-155.50,-103.8537,-105.0102
3736047,16.50,-115.50,-140.7042,-139.6068
3739953,-104.50,-47.50,-147.7034,-144.8299
3743859,-287.50,-64.50,-150.1569,-140.2916
3747765,-294.50,-114.50,-163.5344,-145.4934
3751671,-120.50,-162.50,-173.1974,-154.0455
3755577,-15.50,-146.50,-168.9449,-157.7953
3759483,-104.50,-61.50,-161.2280,-154.8103
3763389,-265.50,-17.50,-159.0635,-141.0830
3767295,-305.50,-40.50,-162.2892,-119.2074
3771201,-134.50,-110.50,-164.3991,-101.9089
3775107,-1.50,-130.50,-156.1869,-103.8866
3779013,-52.50,-116.50,-141.0870,-128.8161
3782919,-225.50,-95.50,-130.1312,-163.7127
3786825,-261.50,-92.50,-125.6157,-181.5540
3790731,-121.50,-151.50,-120.8218,-172.2396
3794637,16.50,-170.50,-114.2289,-159.8572
3798543,-40.50,-104.50,-113.1940,-158.7204
3802449,-197.50,-68.50,-118.3557,-159.8996
3806355,-264.50,-93.50,-120.6895,-159.2479
3810261,-143.50,-161.50,-117.2056,-159.4990
3814167,18.50,-175.50,-110.5111,-162.3852
3818073,-4.50,-111.50,-103.8441,-163.5441
3821979,-178.50,-82.50,-103.8754,-161.8881
3825885,-265.50,-97.50,-109.6587,-162.8377
3829791,-180.50,-165.50,-115.2823,-165.6821
3833697,-10.50,-186.50,-118.8122,-168.5911
3837603,-8.50,-159.50,-118.9197,-173.8418
3841509,-180.50,-124.50,-121.0436,-184.3989
3845415,-300.50,-126.50,-130.0252,-194.9089
3849321,-224.50,-203.50,-139.9790,-199.9533
3853227,-53.50,-210.50,-144.1447,-200.5970
3857133,-32.50,-193.50,-144.0997,-198.6920
3861039,-176.50,-150.50,-145.3597,-202.1936
3864945,-335.50,-140.50,-152.1095,-208.5394
3868851,-287.50,-194.50,-165.8007,-207.3478
3872757,-109.50,-238.50,-176.7795,-203.0597
3876663,-77.50,-217.50,-180.9050,-204.2872
3880569,-197.50,-136.50,-184.5032,-205.5114
3884475,-322.50,-111.50,-181.8709,-195.2758
3888381,-257.50,-133.50,-165.1425,-173.3643
3892287,-60.50,-159.50,-136.8136,-147.1731
3896193,15.50,-150.50,-109.2023,-128.8716
3900099,-112.50,-92.50,-97.6371,-125.7175
3904005,-272.50,-95.50,-102.4571,-132.6270
3907911,-274.50,-143.50,-112.9309,-143.0350
3911817,-111.50,-176.50,-121.7941,-148.0231
3915723,-15.50,-189.50,-126.0804,-148.0259
3919629,-124.50,-129.50,-128.9352,-152.3425
3923535,-303.50,-143.50,-136.1582,-163.2820
3927441,-306.50,-161.50,-143.8163,-175.3828
3931347,-146.50,-228.50,-143.2511,-180.1660
3935253,-67.50,-232.50,-143.1359,-182.6201
3939159,-139.50,-143.50,-153.6395,-182.0704
3943065,-274.50,-56.50,-158.0492,-160.9741
3946971,-268.50,-89.50,-138.4243,-124.4181
3950877,-194.50,-256.50,-117.4011,-117.3517
3954783,-112.50,-316.50,-132.7048,-166.1817
3958689,-143.50,-260.50,-168.2089,-229.1897
3962595,-312.50,-226.50,-184.5887,-261.5947
3966501,-390.50,-280.50,-185.5710,-271.4529
3970407,-300.50,-348.50,-193.6667,-279.3372
3974313,-118.50,-329.50,-203.8627,-279.6350
3978219,-136.50,-301.50,-196.9398,-268.9935
3982125,-278.50,-252.50,-176.7528,-263.1063
3986031,-178.50,-160.50,-128.0594,-245.9208
3989937,-207.50,-264.50,-64.1875,-206.6215
3993843,-53.50,-260.50,-53.2002,-178.2174
3997749,-100.50,-207.50,-87.9616,-165.3282
4001655,-273.50,-143.50,-125.5920,-153.8287
4005561,-349.50,-133.50,-149.0958,-142.2889
4009467,-250.50,-228.50,-147.5586,-136.2223
4013373,-62.50,-272.50,-126.8835,-144.3496
4017279,-52.50,-280.50,-102.3005,-164.9729
4021185,-193.50,-207.50,-88.8577,-187.4415
4025091,-308.50,-223.50,-87.1330,-200.2516
4028997,-274.50,-284.50,-94.1720,-205.5658
4032903,-108.50,-303.50,-107.2417,-203.9809
4036809,-68.50,-290.50,-114.5821,-195.1690
4040715,-229.50,-224.50,-118.5798,-189.5539
4044621,-386.50,-222.50,-132.8002,-189.6953
4048527,-329.50,-264.50,-150.4498,-190.1182
4052433,-130.50,-272.50,-149.4186,-179.7917
4056339,-50.50,-259.50,-125.9371,-158.4422
4060245,-195.50,-181.50,-104.7500,-140.6805
4064151,-365.50,-172.50,-107.5487,-131.8727
4068057,-321.50,-219.50,-121.7296,-130.5032
4071963,-134.50,-265.50,-120.1770,-130.9926
4075869,-79.50,-254.50,-107.7447,-128.3279
4079775,-176.50,-180.50,-104.8288,-122.7633
4083681,-337.50,-172.50,-108.6255,-118.2382
4087587,-336.50,-210.50,-110.8263,-119.5462
4091493,-157.50,-255.50,-106.6004,-120.1779
4095399,-28.50,-250.50,-90.5743,-114.6172
4099305,-130.50,-178.50,-72.8165,-106.0752
4103211,-303.50,-150.50,-69.2702,-98.1894
4107117,-329.50,-190.50,-76.8008,-95.5833
4111023,-165.50,-249.50,-80.1038,-97.5455
4114929,-47.50,-239.50,-74.9845,-96.6579
4118835,-106.50,-176.50,-68.9912,-89.0691
4122741,-294.50,-150.50,-68.8660,-82.2189
4126647,-355.50,-191.50,-77.4325,-85.2007
4130553,-238.50,-253.50,-91.6227,-94.1336
4134459,-68.50,-256.50,-99.2944,-98.4022
4138365,-101.50,-217.50,-91.1772,-97.4395
4142271,-286.50,-191.50,-79.8377,-101.4250
4146177,-376.50,-210.50,-81.8480,-111.2633
4150083,-265.50,-296.50,-93.7998,-121.2824
4153989,-113.50,-293.50,-104.0888,-127.5552
4157895,-141.50,-261.50,-109.9715,-126.7582
4161801,-335.50,-189.50,-119.4750,-121.5800
4165707,-398.50,-157.50,-128.7184,-105.8389
4169613,-327.50,-222.50,-129.0706,-79.7396
4173519,-190.50,-284.50,-134.0415,-67.6555
4177425,-172.50,-267.50,-146.7342,-81.3127
4181331,-303.50,-207.50,-148.2150,-102.8330
4185237,-404.50,-196.50,-133.1516,-111.1990
4189143,-323.50,-250.50,-114.2798,-104.7907
4193049,-113.50,-258.50,-95.2215,-90.0605
4196955,-86.50,-239.50,-73.7334,-73.7346
4200861,-228.50,-175.50,-60.0788,-65.3500
4204767,-354.50,-144.50,-56.3118,-60.0940
4208673,-301.50,-191.50,-54.8588,-48.9745
4212579,-114.50,-238.50,-50.9950,-38.0730
4216485,-61.50,-238.50,-43.5981,-37.4092
4220391,-200.50,-207.50,-39.9037,-51.2645
4224297,-376.50,-188.50,-47.6982,-71.1699
4228203,-351.50,-264.50,-64.5336,-87.3180
4232109,-176.50,-292.50,-77.0647,-96.5812
4236015,-85.50,-273.50,-76.4437,-93.6341
4239921,-176.50,-192.50,-64.5434,-79.7942
4243827,-336.50,-159.50,-48.8028,-62.3611
4247733,-334.50,-188.50,-39.5998,-46.6785
4251639,-166.50,-226.50,-37.8428,-33.0478
4255545,-64.50,-225.50,-37.1699,-21.7959
4259451,-178.50,-170.50,-39.7045,-17.3607
4263357,-354.50,-178.50,-49.5477,-25.1263
4267263,-372.50,-208.50,-60.1227,-42.7688
4271169,-208.50,-265.50,-62.3711,-55.2834
4275075,-76.50,-271.50,-55.2723,-57.7120
4278981,-152.50,-221.50,-46.0534,-57.5027
4282887,-320.50,-200.50,-41.2330,-60.6016
4286793,-367.50,-234.50,-40.0873,-68.6863
4290699,-222.50,-286.50,-39.7581,-75.4615
4294605,-81.50,-269.50,-38.2607,-71.2998
4298511,-104.50,-206.50,-31.6397,-54.7044
4302417,-277.50,-177.50,-19.5663,-39.2409
4306323,-170.50,-125.50,18.3770,-24.0134
4310229,-169.50,-244.50,73.0159,-6.9146
4314135,-57.50,-264.50,75.5930,-9.1842
4318041,-92.50,-222.50,30.7582,-24.8012
4321947,-265.50,-190.50,-5.2066,-36.3388
4325853,-332.50,-207.50,-17.3549,-45.7914
4329759,-243.50,-292.50,-14.6961,-56.8039
4333665,-81.50,-296.50,-11.4686,-65.9020
4337571,-64.50,-239.50,-6.9921,-61.5834
4341477,-210.50,-146.50,3.7628,-40.5106
4345383,-304.50,-150.50,16.2853,-13.5027
4349289,-224.50,-216.50,24.6972,2.3528
4353195,-62.50,-249.50,26.8717,3.1525
4357101,-52.50,-227.50,23.7142,-2.4091
4361007,-207.50,-192.50,15.6025,-13.0260
4364913,-328.50,-196.50,6.2735,-28.2443
4368819,-275.50,-220.50,-0.3842,-35.1148
4372725,-111.50,-240.50,-5.1599,-22.7962
4376631,-66.50,-225.50,-7.8617,-4.1210
4380537,-196.50,-162.50,-8.1306,4.3221
4384443,-354.50,-175.50,-10.6421,0.9281
4388349,-335.50,-216.50,-22.0241,-8.6029
4392259,-144.50,-239.50,-33.2114,-10.5952
4396165,-79.50,-223.50,-31.5387,-1.1409
4400071,-173.50,-158.50,-21.2727,8.7713
4403977,-312.50,-114.50,-7.4497,18.6242
4407883,-317.50,-189.50,1.8719,26.2200
4411789,-139.50,-224.50,2.2813,24.4168
4415695,-56.50,-209.50,2.0468,22.2193
4419601,-143.50,-128.50,3.7158,29.1187
4423507,-280.50,-127.50,10.0657,37.4692
4427413,-333.50,-198.50,14.5979,30.5492
4431319,-205.50,-284.50,1.1669,5.1021
4435225,-85.50,-225.50,-19.9877,-13.7235
4439131,-128.50,-182.50,-23.9146,-7.9098
4443037,-288.50,-164.50,-9.1264,1.1821
4446943,-334.50,-196.50,4.0965,-1.5176
4450849,-213.50,-265.50,2.6658,-7.6700
4454755,-94.50,-271.50,-9.1775,-14.0219
4458661,-133.50,-201.50,-18.9043,-16.6066
4462567,-282.50,-171.50,-17.0729,-13.6291
4466473,-351.50,-190.50,-9.1452,-10.1026
4470379,-217.50,-212.50,-3.7957,-0.4889
4474285,-68.50,-224.50,1.6500,17.9345
4478191,-100.50,-164.50,7.3646,33.0443
4482097,-245.50,-129.50,11.1215,38.3312
4486003,-320.50,-162.50,16.7417,34.1396
4489909,-196.50,-245.50,26.5488,21.1284
4493815,-34.50,-223.50,39.7869,11.7121
4497721,-73.50,-175.50,45.5197,18.8834
4501627,-248.50,-130.50,32.0551,30.9827
4505533,-345.50,-129.50,11.0763,37.2933
4509439,-255.50,-202.50,0.5508,40.1585
4513345,-101.50,-238.50,0.0327,36.3266
4517251,-75.50,-198.50,2.2654,27.3241
4521157,-229.50,-168.50,4.0267,16.9190
4525063,-338.50,-156.50,4.5825,8.0502
4528969,-271.50,-236.50,6.1507,3.8023
4532875,-79.50,-245.50,13.3127,3.0114
4536781,-53.50,-239.50,23.9355,3.1679
4540687,-188.50,-177.50,27.4824,-0.9716
4544593,-333.50,-185.50,22.2820,-7.7039
4548499,-277.50,-229.50,16.4983,-11.2252
4552405,-113.50,-230.50,16.1251,-3.5544
4556311,-53.50,-215.50,18.1982,13.8782
4560217,-173.50,-165.50,17.8779,22.9384
4564123,-318.50,-161.50,16.7455,18.8334
4568029,-287.50,-239.50,18.0555,6.6752
4571935,-108.50,-269.50,25.0830,-7.2200
4575841,-17.50,-271.50,36.7730,-15.7264
4579747,-138.50,-196.50,43.0894,-19.0445
4583653,-305.50,-176.50,36.9677,-16.0262
4587559,-321.50,-196.50,23.2353,-5.6753
4591465,-143.50,-224.50,14.1446,11.4545
4595371,-43.50,-216.50,16.0472,28.9880
4599277,-145.50,-148.50,17.6223,39.0251
4603183,-317.50,-121.50,9.8736,44.0814
4607089,-324.50,-154.50,2.9129,47.5220
4610995,-156.50,-202.50,9.0911,50.5238
4614901,-44.50,-207.50,21.8599,51.9694
4618807,-109.50,-157.50,26.7271,49.1508
4622713,-303.50,-143.50,19.9892,41.2036
4626619,-197.50,-92.50,31.7381,43.7527
4630525,-207.50,-225.50,61.4815,57.3148
4634431,-108.50,-228.50,45.8247,51.8469
4638337,-147.50,-168.50,-4.4571,35.7550
4642243,-312.50,-126.50,-33.2633,32.0467
4646149,-383.50,-149.50,-38.9714,34.8015
4650055,-218.50,-230.50,-29.5698,32.7411
4653961,-2.50,-229.50,4.0704,25.8473
4657867,-36.50,-180.50,49.4183,24.6832
4661773,-272.50,-176.50,61.0510,21.8260
4665679,-418.50,-194.50,20.7136,6.0404
4669585,-350.50,-261.50,-40.5097,-11.4344
4673491,-154.50,-255.50,-79.3566,-16.2048
4677397,-143.50,-260.50,-79.3886,-14.5889
4681303,-316.50,-226.50,-65.0743,-25.5486
4685209,-428.50,-207.50,-60.4800,-39.7736
4689115,-334.50,-264.50,-60.3058,-38.8760
4693021,-138.50,-256.50,-51.5426,-25.2863
4696927,-97.50,-239.50,-33.4249,-8.6040
4700833,-239.50,-146.50,-16.3063,5.3537
4704739,-369.50,-141.50,-6.7249,21.0876
4708645,-323.50,-218.50,-5.5178,30.4426
4712551,-129.50,-241.50,-6.9633,26.3481
4716457,-73.50,-224.50,-2.6250,20.4370
4720363,-198.50,-175.50,5.0848,15.8211
4724269,-367.50,-161.50,7.6116,11.7586
4728175,-346.50,-208.50,-0.4043,11.4498
4732081,-186.50,-241.50,-14.6706,14.8953
4735987,-86.50,-221.50,-22.8642,20.0183
4739893,-208.50,-156.50,-20.4572,25.1377
4743799,-373.50,-179.50,-16.8699,23.3938
4747705,-354.50,-218.50,-15.9236,10.5813
4751611,-175.50,-264.50,-10.6489,-0.8456
4755517,-85.50,-257.50,-3.5052,-4.3777
4759423,-165.50,-196.50,-0.0074,-4.6657
4763329,-344.50,-188.50,1.8715,-5.2522
4767235,-367.50,-227.50,0.4268,-9.2361
4771141,-207.50,-284.50,-3.6021,-14.7276
4775047,-72.50,-273.50,-2.9354,-18.1113
4778953,-138.50,-179.50,4.3469,-11.2436
4782859,-321.50,-156.50,11.1136,6.4646
4786765,-355.50,-176.50,12.7775,21.2811
4790671,-210.50,-224.50,13.8932,29.8586
4794577,-61.50,-209.50,17.5069,38.0800
4798483,-82.50,-150.50,26.9718,47.9753
4802389,-256.50,-110.50,41.9900,56.7731
4806295,-312.50,-114.50,54.4383,65.1004
4810201,-181.50,-176.50,62.1132,74.3912
4814107,-16.50,-189.50,68.0214,78.1284
4818013,-32.50,-162.50,74.3931,71.8546
4821919,-219.50,-143.50,77.5270,55.6144
4825825,-303.50,-160.50,74.2092,36.7410
4829731,-207.50,-220.50,68.6078,25.6896
4833637,-47.50,-226.50,61.7239,24.2139
4837543,-28.50,-184.50,57.6570,28.5887
4841449,-208.50,-144.50,58.4437,31.7452
4845355,-325.50,-155.50,55.8009,30.2012
4849261,-265.50,-216.50,45.0392,26.5283
4853167,-76.50,-246.50,32.5065,21.6583
4857073,-63.50,-210.50,26.3121,16.5745
4860979,-207.50,-143.50,24.4775,16.2274
4864885,-350.50,-129.50,23.0450,25.2410
4868791,-296.50,-184.50,18.6711,38.2080
4872697,-116.50,-216.50,12.3665,45.3058
4876603,-53.50,-223.50,11.4259,39.6866
4880509,-175.50,-175.50,18.5880,21.6348
4884415,-305.50,-191.50,32.1986,1.3398
4888321,-312.50,-258.50,38.8594,-16.7867
4892227,-166.50,-286.50,22.9979,-29.6925
4896133,-85.50,-259.50,-2.9318,-31.1236
4900039,-207.50,-174.50,-17.8133,-20.6604
4903945,-358.50,-157.50,-19.7223,-3.0380
4907851,-334.50,-197.50,-13.1614,11.7728
4911757,-136.50,-217.50,1.9094,22.7648
4915663,-28.50,-191.50,22.6269,36.0563
4919569,-127.50,-130.50,38.1473,48.7018
4923475,-276.50,-121.50,46.0899,53.8993
4927381,-316.50,-166.50,48.4907,50.2164
4931287,-161.50,-221.50,41.6260,42.5338
4935193,-40.50,-220.50,31.8412,34.5302
4939099,-129.50,-168.50,25.2943,27.2135
4943005,-296.50,-136.50,20.3840,23.3074
4946911,-178.50,-123.50,44.4452,31.6891
4950817,-175.50,-229.50,87.0028,44.5999
4954723,-25.50,-254.50,85.5379,35.5081
4958629,-90.50,-210.50,55.1789,9.2985
4962535,-276.50,-200.50,34.8203,-14.0083
4966441,-331.50,-225.50,22.9324,-30.6030
4970347,-205.50,-262.50,18.7214,-34.9980
4974253,-49.50,-271.50,20.4730,-27.0986
4978159,-80.50,-210.50,25.0689,-16.1493
4982065,-253.50,-160.50,27.3451,-5.6892
4985971,-334.50,-173.50,25.1882,3.8838
4989877,-228.50,-238.50,21.6184,8.8266
4993783,-46.50,-228.50,22.4432,11.8098
4997689,-28.50,-189.50,34.6122,18.9730
5001595,-208.50,-152.50,49.3355,23.5359
5005501,-311.50,-150.50,52.0139,22.8656
5009407,-249.50,-228.50,42.2533,20.7371
5013313,-81.50,-226.50,26.8834,18.5518
5017219,-68.50,-180.50,14.9501,23.7157
5021125,-238.50,-153.50,6.3017,29.7912
5025031,-378.50,-175.50,-5.9675,22.7183
5028937,-317.50,-204.50,-20.3849,12.2355
5032843,-165.50,-294.50,-33.5369,3.2842
5036749,-191.50,-370.50,-56.1647,-32.9384
5040655,-399.50,-383.50,-102.6887,-106.1248
5044561,-559.50,-372.50,-159.5897,-174.6784
5048467,-516.50,-464.50,-197.7369,-210.4771
5052373,-410.50,-531.50,-219.8692,-231.8962
5056279,-385.50,-555.50,-250.1203,-257.7358
5060185,-527.50,-514.50,-285.6927,-285.3313
5064091,-745.50,-591.50,-318.4128,-317.2304
5067997,-755.50,-698.50,-355.4241,-367.3195
5071903,-635.50,-748.50,-394.4128,-420.8757
5075809,-580.50,-745.50,-429.5860,-449.5588
5079715,-719.50,-688.50,-459.2870,-453.0390
5083621,-900.50,-703.50,-481.7750,-449.3845
5087527,-927.50,-783.50,-497.9968,-457.9405
5091433,-747.50,-826.50,-504.4363,-475.7437
5095339,-648.50,-821.50,-497.5501,-484.1356
5099245,-745.50,-805.50,-487.9056,-486.2395
5103151,-948.50,-824.50,-488.5894,-499.4711
5107057,-962.50,-836.50,-495.7666,-516.0331
5110963,-762.50,-880.50,-486.8628,-514.2710
5114869,-628.50,-878.50,-455.4083,-498.4811
5118775,-680.50,-815.50,-422.1058,-481.4567
5122681,-879.50,-832.50,-403.4632,-472.3585
5126587,-934.50,-878.50,-401.4262,-480.1734
5130493,-808.50,-963.50,-406.5679,-498.7377
5134399,-652.50,-948.50,-407.8354,-512.2191
5138305,-670.50,-886.50,-396.7982,-506.6236
5142211,-836.50,-864.50,-374.1276,-488.2375
5146117,-905.50,-879.50,-351.0840,-472.4949
5150023,-774.50,-966.50,-333.1451,-465.5160
5153929,-606.50,-969.50,-317.7775,-467.4522
5157835,-592.50,-878.50,-299.1053,-459.7931
5161741,-734.50,-834.50,-271.9575,-432.2522
5165647,-813.50,-814.50,-239.8564,-397.4636
5169553,-700.50,-865.50,-211.3572,-364.1700
5173459,-556.50,-894.50,-195.8153,-342.1512
5177365,-478.50,-842.50,-184.5430,-333.5935
5181271,-635.50,-780.50,-159.6994,-324.4518
5185177,-748.50,-774.50,-132.8943,-306.5254
5189083,-684.50,-826.50,-120.7997,-285.1156
5192989,-526.50,-813.50,-122.9684,-262.4610
5196895,-463.50,-780.50,-126.5536,-237.5053
5200801,-593.50,-703.50,-116.7683,-214.8273
5204707,-736.50,-701.50,-100.0015,-194.6134
5208613,-691.50,-767.50,-91.3047,-180.6323
5212519,-512.50,-772.50,-89.9959,-172.5788
5216425,-456.50,-749.50,-88.8293,-161.9299
5220331,-578.50,-687.50,-86.2719,-150.9287
5224237,-712.50,-674.50,-78.9466,-140.7114
5228143,-706.50,-700.50,-70.0757,-125.9031
5232049,-493.50,-732.50,-61.5730,-106.4993
5235955,-346.50,-670.50,-35.7405,-83.7725
5239861,-413.50,-591.50,12.4269,-55.0811
5243767,-603.50,-559.50,53.9813,-24.2375
5247673,-580.50,-548.50,69.2811,8.4737
5251579,-367.50,-512.50,80.9477,56.5518
5255485,-175.50,-461.50,117.8627,118.0136
5259391,-239.50,-397.50,174.0488,167.7891
5263297,-318.50,-301.50,233.0350,203.7424
5267203,-285.50,-332.50,296.9792,240.8925
5271109,-169.50,-389.50,346.4349,266.2248
5275015,-40.50,-331.50,354.7007,276.9473
5278921,-72.50,-243.50,345.0951,296.4170
5282827,-225.50,-172.50,349.2333,329.8914
5286733,-172.50,-165.50,379.3962,368.8480
5290639,-72.50,-243.50,422.9582,397.0461
5294545,38.50,-217.50,436.5549,403.8402
5298451,46.50,-66.50,423.1360,419.0608
5302357,-126.50,-16.50,419.6075,461.3503
5306263,-170.50,-28.50,427.3418,500.6533
5310169,-25.50,-98.50,440.7320,514.8894
5314075,171.50,-50.50,463.0165,518.0888
5317981,176.50,19.50,490.8639,531.4573
5321887,16.50,64.50,511.7403,548.1216
5325793,-69.50,61.50,518.0601,556.0186
5329699,48.50,22.50,517.7860,562.3573
5333605,237.50,36.50,522.4621,574.0090
5337511,269.50,78.50,535.3663,585.3727
5341417,112.50,146.50,548.0206,589.1542
5345323,32.50,162.50,555.8541,593.7084
5349229,96.50,80.50,560.1497,599.5241
5353135,262.50,76.50,554.9303,596.6602
5357041,314.50,117.50,545.0942,590.2748
5360947,171.50,166.50,541.0624,583.2292
5364853,27.50,164.50,536.5173,573.8049
5368759,64.50,109.50,521.9310,565.7177
5372665,256.50,94.50,504.5810,561.9400
5376571,290.50,83.50,492.8488,553.7659
5380477,137.50,124.50,476.3952,528.9231
5384383,-0.50,129.50,454.3744,499.3985
5388289,35.50,45.50,440.3152,476.8188
5392195,173.50,-10.50,429.8005,453.1997
5396101,194.50,-60.50,402.9741,416.6505
5400007,67.50,-2.50,359.3673,368.9563
5403913,-124.50,-19.50,317.0821,329.3935
5407819,-206.50,-143.50,270.3538,292.4363
5411725,-113.50,-247.50,203.4207,238.4427
5415631,-73.50,-285.50,127.0230,173.5808
5419537,-310.50,-342.50,43.0363,100.4466
5423443,-536.50,-352.50,-54.9840,20.4995
5427349,-605.50,-402.50,-143.2594,-38.2342
5431259,-478.50,-476.50,-201.4668,-64.1466
5435165,-360.50,-482.50,-230.2206,-76.5034
5439071,-464.50,-435.50,-240.8671,-86.9465
5442977,-671.50,-467.50,-254.2064,-104.1100
5446883,-672.50,-531.50,-267.1562,-135.8656
5450789,-560.50,-580.50,-266.8703,-166.3711
5454695,-433.50,-597.50,-266.5301,-180.8606
5458601,-417.50,-492.50,-260.4808,-177.3552
5462507,-609.50,-484.50,-237.1706,-160.6373
5466413,-624.50,-512.50,-211.1191,-149.7769
5470319,-480.50,-572.50,-184.1077,-149.4017
5474225,-360.50,-569.50,-164.0077,-149.2712
5478131,-312.50,-439.50,-151.4868,-132.7453
5482037,-485.50,-357.50,-128.5275,-88.4140
5485943,-557.50,-351.50,-104.8432,-35.0026
5489849,-393.50,-352.50,-82.7963,12.1934
5493755,-207.50,-333.50,-49.6845,56.4170
5497661,-127.50,-238.50,-4.5361,97.7238
5501567,-278.50,-166.50,45.6015,134.2340
5505473,-320.50,-144.50,90.1333,166.3101
5509379,-205.50,-150.50,130.5666,200.4241
5513285,-4.50,-138.50,167.0773,239.6343
5517191,118.50,-13.50,208.2591,284.1179
5521097,-25.50,85.50,259.3692,336.7261
5525003,-122.50,115.50,298.5335,387.6820
5528909,-15.50,119.50,323.6324,431.3087
5532815,169.50,103.50,346.5857,468.7758
5536721,237.50,124.50,364.0185,486.2368
5540627,127.50,176.50,376.6503,478.0776
5544533,-24.50,219.50,385.5533,467.6694
5548439,14.50,210.50,384.3664,479.3629
5552345,197.50,178.50,377.3727,504.8463
5556251,304.50,214.50,378.3478,520.3809
5560157,206.50,257.50,391.7288,518.4558
5564063,82.50,237.50,411.5732,500.0927
5567969,118.50,163.50,432.1984,468.4046
5571875,291.50,136.50,447.5609,438.4950
5575781,381.50,159.50,450.8007,424.3179
5579687,291.50,238.50,444.1022,424.1783
5583593,339.50,373.50,470.9051,448.9607
5587499,239.50,270.50,536.8707,489.8482
5591405,303.50,182.50,550.5171,494.5243
5595311,386.50,199.50,488.6653,460.7036
5599217,314.50,257.50,422.3019,430.2938
5603123,154.50,266.50,388.9104,412.0100
5607029,105.50,227.50,376.7885,396.4471
5610935,240.50,191.50,367.3938,387.2150
5614841,351.50,191.50,355.2844,386.4492
5618747,301.50,233.50,340.8594,381.9963
5622653,108.50,243.50,322.4475,364.3235
5626559,48.50,210.50,299.0332,339.6572
5630465,170.50,144.50,279.5282,319.6763
5634371,304.50,142.50,268.7641,306.8966
5638277,272.50,202.50,260.5430,299.8838
5642183,112.50,218.50,251.3692,292.4039
5646089,30.50,208.50,241.9284,280.7395
5649995,121.50,93.50,231.0812,263.6003
5653901,277.50,82.50,219.4627,236.9695
5657807,258.50,117.50,209.1551,210.9582
5661713,78.50,153.50,193.7693,192.0115
5665619,-36.50,138.50,169.6514,177.8961
5669525,58.50,69.50,148.0753,168.6460
5673431,223.50,57.50,139.9535,162.5094
5677337,231.50,80.50,139.2233,155.9226
5681243,61.50,102.50,130.8753,139.7793
5685149,-65.50,80.50,111.7859,113.8965
5689055,-30.50,23.50,87.9407,91.8166
5692961,144.50,-0.50,66.7891,81.8702
5696867,182.50,39.50,56.3789,80.6110
5700773,39.50,71.50,51.8702,77.2228
5704679,-131.50,86.50,39.3339,69.0772
5708585,-95.50,27.50,16.5158,64.4290
5712491,89.50,-3.50,0.1837,63.5142
5716397,175.50,39.50,3.5862,64.3245
5720303,50.50,112.50,15.9269,69.9655
5724209,-89.50,111.50,22.6181,76.7342
5728115,-79.50,61.50,22.1982,77.4874
5732021,79.50,21.50,16.9510,73.8126
5735927,149.50,7.50,7.1382,63.7945
5739833,39.50,48.50,-6.9886,41.7128
5743739,-144.50,47.50,-24.6486,15.3877
5747645,-152.50,-3.50,-43.1513,-4.6676
5751551,23.50,-44.50,-52.1145,-14.5828
5755457,123.50,-37.50,-48.7878,-17.3807
5759363,31.50,15.50,-47.2440,-20.6559
5763269,-162.50,16.50,-57.8522,-29.3045
5767175,-164.50,-34.50,-71.6515,-43.8101
5771081,35.50,-58.50,-64.5619,-53.3587
5774987,119.50,-61.50,-43.4015,-51.3102
5778893,-10.50,-64.50,-50.7339,-58.0022
5782799,-239.50,-93.50,-99.0341,-93.0075
5786705,-320.50,-139.50,-159.7865,-141.0629
5790611,-175.50,-175.50,-200.9431,-170.5391
5794517,-18.50,-150.50,-209.7642,-169.5200
5798423,-33.50,-61.50,-194.4180,-145.9193
5802329,-195.50,-15.50,-170.5884,-114.0304
5806235,-254.50,-24.50,-150.1526,-87.2923
5810141,-145.50,-107.50,-139.0008,-75.9931
5814047,-8.50,-113.50,-141.5116,-83.0936
5817953,-19.50,-76.50,-152.2654,-97.0378
5821859,-198.50,-15.50,-160.6996,-103.7023
5825765,-276.50,-30.50,-162.9099,-98.0496
5829671,-159.50,-79.50,-155.3385,-86.9459
5833577,23.50,-102.50,-139.0214,-80.9174
5837483,48.50,-65.50,-119.9326,-83.4825
5841389,-143.50,-15.50,-109.8324,-89.4840
5845295,-251.50,-30.50,-115.1926,-92.2782
5849201,-179.50,-93.50,-124.3676,-93.8593
5853107,-2.50,-105.50,-128.6932,-95.6865
5857013,67.50,-79.50,-122.4546,-96.5644
5860919,-77.50,-40.50,-104.5827,-101.0033
5864825,-196.50,-32.50,-86.5969,-106.5195
5868731,-152.50,-81.50,-77.1668,-105.1739
5872637,42.50,-125.50,-74.1525,-102.3070
5876543,82.50,-97.50,-72.9730,-105.9139
5880449,-51.50,-34.50,-76.3257,-110.3321
5884355,-229.50,-44.50,-86.8365,-111.0940
5888261,-214.50,-136.50,-104.2383,-119.9222
5892167,-52.50,-175.50,-123.2727,-140.6531
5896073,21.50,-163.50,-137.1768,-159.4972
5899979,-104.50,-117.50,-146.6938,-171.1810
5903885,21.50,16.50,-106.2333,-157.8149
5907791,-129.50,-78.50,-15.9084,-116.4985
5911697,-25.50,-121.50,9.3475,-92.0303
5915603,11.50,-234.50,-51.4178,-115.7712
5919509,-234.50,-294.50,-145.4717,-194.5595
5923415,-478.50,-337.50,-259.1994,-301.5507
5927321,-565.50,-408.50,-364.6768,-387.3705
5931227,-433.50,-512.50,-434.6794,-439.3286
5935133,-380.50,-559.50,-473.9117,-477.5373
5939039,-527.50,-600.50,-511.9557,-523.5847
5942945,-752.50,-612.50,-564.3862,-580.8274
5946851,-813.50,-701.50,-614.8502,-635.3664
5950757,-769.50,-753.50,-657.7359,-673.7063
5954663,-638.50,-848.50,-698.7503,-701.7199
5958569,-687.50,-809.50,-720.5201,-732.7508
5962475,-911.50,-820.50,-725.6044,-760.6441
5966381,-1007.50,-842.50,-740.3508,-777.7616
5970287,-873.50,-921.50,-757.5729,-785.5181
5974193,-745.50,-937.50,-760.3997,-787.6355
5978099,-750.50,-911.50,-751.2846,-786.6811
5982005,-949.50,-933.50,-739.7831,-792.7706
5985911,-1024.50,-964.50,-733.2536,-813.1640
5989817,-899.50,-1028.50,-722.3619,-831.8459
5993723,-752.50,-1042.50,-703.2254,-835.0363
5997629,-720.50,-993.50,-682.3551,-822.2043
6001535,-905.50,-960.50,-662.6664,-801.8357
6005441,-1007.50,-965.50,-650.9707,-784.5754
6009347,-879.50,-992.50,-636.6762,-767.0188
6013253,-574.50,-981.50,-586.4381,-738.6412
6017159,-580.50,-966.50,-507.9244,-705.9678
6021065,-790.50,-932.50,-466.4163,-687.1640
6024971,-923.50,-877.50,-478.7771,-672.0596
6028877,-784.50,-906.50,-487.1722,-639.8342
6032783,-614.50,-930.50,-461.8110,-602.2576
6036689,-586.50,-886.50,-434.3873,-573.5034
6040595,-728.50,-796.50,-426.0411,-543.6667
6044501,-831.50,-761.50,-416.6397,-503.8757
6048407,-767.50,-813.50,-390.7660,-466.9811
6052313,-541.50,-837.50,-353.3556,-445.7733
6056219,-488.50,-778.50,-317.6256,-426.9490
6060125,-634.50,-724.50,-301.4694,-398.9879
6064031,-815.50,-738.50,-307.2952,-378.1182
6067937,-825.50,-797.50,-325.1026,-378.3897
6071843,-563.50,-788.50,-329.8020,-380.0769
6075749,-382.50,-702.50,-286.8543,-350.7490
6079655,-404.50,-630.50,-200.6745,-294.0149
6083561,-470.50,-592.50,-97.9433,-241.8562
6087467,-461.50,-621.50,-5.7754,-208.8364
6091373,-245.50,-639.50,53.8519,-187.4791
6095279,-168.50,-633.50,78.6866,-170.6469
6099185,-312.50,-533.50,65.0792,-151.8508
6103091,-466.50,-512.50,31.6376,-126.2930
6106997,-488.50,-470.50,16.7158,-93.1399
6110903,-262.50,-462.50,33.8713,-44.4517
6114809,-110.50,-433.50,73.5916,11.3156
6118715,-147.50,-345.50,114.0319,56.8891
6122621,-265.50,-325.50,150.9973,87.3791
6126527,-304.50,-321.50,190.0675,104.1037
6130433,-132.50,-344.50,221.9526,119.7625
6134339,31.50,-314.50,243.3556,143.0148
6138245,32.50,-207.50,262.8864,177.3304
6142151,-160.50,-175.50,281.3421,216.7000
6146057,-245.50,-204.50,286.5040,238.9741
6149963,-111.50,-256.50,279.9827,238.6464
6153869,80.50,-243.50,279.1983,233.6141
6157775,74.50,-207.50,289.7853,234.8944
6161681,-94.50,-143.50,301.8975,240.9962
6165587,-238.50,-162.50,300.5547,250.1030
6169493,-225.50,-294.50,267.1955,242.6156
6173399,-32.50,-278.50,213.2053,213.1044
6177305,16.50,-226.50,185.7484,196.2988
6181211,-137.50,-148.50,196.6561,206.7856
6185117,-266.50,-166.50,215.5688,226.8290
6189023,-207.50,-213.50,220.0323,238.7637
6192929,11.50,-201.50,216.7671,246.2887
6196835,66.50,-207.50,223.6548,251.5110
6200741,-82.50,-143.50,236.1197,244.9523
6204647,-236.50,-175.50,240.3583,232.1384
6208553,-189.50,-237.50,235.0852,216.8156
6212459,-15.50,-302.50,225.2782,195.8196
6216365,41.50,-237.50,213.3684,178.4615
6220271,-74.50,-111.50,204.0500,189.7498
6224177,130.50,48.50,263.2128,253.8026
6228083,-38.50,-86.50,385.2132,333.7881
6231989,61.50,-172.50,419.0223,351.5600
6235895,133.50,-108.50,350.0743,319.7348
6239801,16.50,-33.50,283.4213,304.1520
6243707,-181.50,-36.50,245.1600,307.1980
6247613,-164.50,-61.50,223.5938,309.0797
6251519,-9.50,-123.50,217.4862,310.2034
6255425,113.50,-152.50,222.2729,301.0267
6259331,38.50,-85.50,230.4126,277.2898
6263237,-137.50,-80.50,234.8005,254.3600
6267143,-200.50,-104.50,224.4889,241.4105
6271049,-56.50,-143.50,201.6040,242.7736
6274955,65.50,-149.50,182.1735,251.0585
6278861,-4.50,-101.50,171.2779,250.1175
6282767,-177.50,-76.50,162.8063,238.3539
6286673,-206.50,-82.50,159.1230,229.7710
6290579,-47.50,-127.50,168.2945,235.5995
6294485,71.50,-160.50,181.1777,242.6055
6298391,-40.50,-136.50,169.3171,230.5475
6302297,-206.50,-80.50,130.7316,208.1241
6306203,-240.50,-80.50,105.3320,200.4680
6310109,-126.50,-123.50,110.1915,212.1567
6314015,-12.50,-157.50,115.4152,223.9785
6317921,-33.50,-133.50,102.7318,218.1822
6321827,-158.50,-85.50,92.8969,199.7339
6325733,-223.50,-54.50,104.9026,192.7170
6329639,-136.50,-143.50,124.1744,200.4227
6333545,35.50,-162.50,132.8688,201.8578
6337451,35.50,-166.50,134.0673,188.5597
6341357,-169.50,-166.50,123.5579,157.1876
6345263,-301.50,-191.50,94.2745,113.5519
6349169,-300.50,-335.50,50.1605,65.0824
6353075,-165.50,-396.50,-2.8100,9.6799
6356981,-152.50,-380.50,-47.4592,-37.0915
6360887,-350.50,-348.50,-79.6498,-64.4636
6364793,-573.50,-373.50,-123.8770,-83.8827
6368699,-549.50,-469.50,-185.6613,-107.7972
6372605,-378.50,-470.50,-233.4756,-127.6500
6376511,-342.50,-512.50,-251.2710,-137.6275
6380417,-476.50,-446.50,-254.9552,-152.2470
6384323,-608.50,-443.50,-252.9705,-165.9044
6388229,-569.50,-481.50,-243.5587,-167.5197
6392135,-421.50,-547.50,-234.7203,-164.6964
6396041,-310.50,-492.50,-228.7691,-159.9632
6399947,-358.50,-432.50,-206.6741,-147.0126
6403853,-548.50,-414.50,-172.9781,-132.4774
6407759,-581.50,-461.50,-164.5736,-126.0082
6411665,-387.50,-463.50,-177.6631,-117.0266
6415571,-316.50,-469.50,-184.4220,-99.6005
6419477,-411.50,-401.50,-188.7286,-86.7404
6423383,-556.50,-374.50,-191.0496,-81.0448
6427289,-546.50,-397.50,-178.5914,-74.6601
6431195,-371.50,-452.50,-152.0242,-66.4858
6435101,-241.50,-397.50,-123.6041,-52.2041
6439007,-332.50,-335.50,-108.3316,-27.4499
6442913,-520.50,-369.50,-113.1771,-16.2932
6446819,-538.50,-393.50,-123.4904,-33.8766
6450725,-373.50,-392.50,-117.4930,-43.8596
6454631,-225.50,-374.50,-96.2943,-22.2708
6458537,-214.50,-330.50,-66.8978,6.2438
6462443,-384.50,-323.50,-32.8193,14.0655
6466349,-345.50,-302.50,7.1356,10.5070
6470259,379.50,-143.50,154.6007,52.9685
6474165,177.50,-264.50,379.9710,134.3363
6478071,201.50,-193.50,459.1595,170.1909
6481977,-300.50,-272.50,359.0224,143.6522
6485883,-494.50,-302.50,167.8764,85.7168
6489789,-260.50,-269.50,7.5338,48.1789
6493695,-176.50,-334.50,-38.7950,53.5411
6497601,457.50,-33.50,67.5124,103.1933
6501507,-164.50,-251.50,263.4286,166.0625
6505413,-412.50,-332.50,285.5855,138.3727
6509319,-450.50,-390.50,114.4482,43.4223
6513225,-296.50,-341.50,-60.0705,-9.0217
6517131,-191.50,-225.50,-144.0703,11.5991
6521037,-325.50,-192.50,-127.0555,69.2463
6524943,-432.50,-212.50,-64.4166,109.2169
6528849,-363.50,-265.50,-10.8290,116.7234
6532755,-197.50,-332.50,6.6446,98.9684
6536661,-143.50,-318.50,-8.6496,62.4702
6540567,-280.50,-225.50,-26.4290,37.7224
6544473,-150.50,-65.50,21.1323,74.5825
6548379,-260.50,-160.50,126.3558,156.7371
6552285,-127.50,-220.50,161.3469,197.8877
6556191,-42.50,-205.50,112.9253,178.3991
6560097,-117.50,-140.50,77.5190,149.6553
6564003,-226.50,-143.50,94.7216,139.3968
6567909,-203.50,-152.50,140.9253,145.5093
6571815,-62.50,-144.50,169.1902,167.0889
6575721,57.50,-112.50,166.1134,196.7250
6579627,-5.50,-48.50,162.0341,218.8189
6583533,-143.50,-18.50,179.5316,232.6381
6587439,-141.50,-47.50,209.0352,244.2308
6591345,53.50,-88.50,236.3812,251.2864
6595251,173.50,-74.50,255.3062,250.1390
6599157,113.50,-18.50,263.4595,245.4319
6603063,-24.50,-0.50,272.2854,242.9554
6606969,-24.50,-5.50,294.8077,246.5491
6610875,142.50,-21.50,324.6696,260.6197
6614781,301.50,13.50,347.9836,282.2060
6618687,231.50,59.50,356.5845,300.5585
6622593,46.50,33.50,348.6848,298.7953
6626499,-26.50,10.50,331.9832,275.7536
6630405,64.50,-56.50,309.4818,250.8093
6634311,176.50,-105.50,274.3545,223.5526
6638217,143.50,-47.50,234.7773,192.4108
6642123,-54.50,-14.50,205.3875,175.8200
6646029,-162.50,-66.50,183.1411,170.6325
6649935,-111.50,-192.50,153.8557,147.8348
6653841,-33.50,-237.50,102.3003,97.3924
6657747,-109.50,-205.50,28.1212,45.5067
6661653,-303.50,-207.50,-45.0677,10.5488
6665559,-415.50,-261.50,-91.4986,-18.1848
6669465,-341.50,-335.50,-110.1605,-48.1582
6673371,-186.50,-361.50,-118.8490,-73.8648
6677277,-172.50,-331.50,-127.2541,-90.9560
6681183,-303.50,-245.50,-129.4166,-92.4407
6685089,-431.50,-276.50,-121.6594,-78.9470
6688995,-383.50,-367.50,-116.8780,-75.7952
6692901,-192.50,-383.50,-119.4284,-91.4040
6696807,-116.50,-316.50,-112.9768,-99.6717
6700713,-266.50,-266.50,-96.6021,-89.2683
6704619,-367.50,-193.50,-79.9848,-62.6258
6708525,-281.50,-196.50,-55.3395,-15.3516
6712431,-86.50,-223.50,-21.2079,34.1694
6716337,13.50,-166.50,11.3738,63.6187
6720243,-41.50,-38.50,46.6744,89.8519
6724149,-134.50,48.50,96.0102,139.6513
6728055,-94.50,-6.50,148.5237,197.9103
6731961,129.50,17.50,190.4808,238.4402
6735867,281.50,109.50,231.7319,276.2754
6739773,231.50,217.50,280.3827,326.3072
6743679,71.50,237.50,322.7048,370.9639
6747585,117.50,224.50,349.9046,396.6050
6751491,309.50,215.50,374.3984,414.4890
6755397,454.50,266.50,401.5823,436.2519
6759303,458.50,382.50,435.9482,465.1249
6763209,304.50,447.50,479.6432,502.6607
6767115,267.50,397.50,508.7579,534.1271
6771021,437.50,372.50,513.8091,546.0009
6774927,585.50,387.50,513.1105,546.7774
6778833,555.50,452.50,518.2004,544.3435
6782739,384.50,506.50,525.9443,543.0724
6786645,355.50,471.50,531.8592,545.9670
6790551,496.50,400.50,537.7986,543.2205
6794457,675.50,406.50,545.4971,529.7905
6798363,669.50,464.50,557.1796,515.0158
6802269,475.50,511.50,564.4103,505.7789
6806175,390.50,511.50,554.4923,505.7125
6810081,464.50,461.50,528.6909,513.9010
6813987,608.50,421.50,492.9281,513.7190
6817893,576.50,464.50,455.6158,494.0919
6821799,369.50,499.50,418.1614,466.8028
6825705,247.50,463.50,378.4691,442.4774
6829611,336.50,370.50,345.4768,416.5743
6833517,471.50,335.50,320.3039,384.9557
6837423,477.50,359.50,294.4080,352.3208
6841329,299.50,378.50,267.4985,320.1424
6845235,163.50,366.50,242.3276,290.4236
6849141,223.50,283.50,220.0819,267.3433
6853047,380.50,213.50,200.3456,241.3258
6856953,400.50,234.50,179.3776,206.0935
6860859,246.50,272.50,156.5215,172.0827
6864765,342.50,361.50,176.3492,163.7304
6868671,194.50,209.50,230.8660,174.4036
6872577,326.50,147.50,219.4587,157.8343
6876483,359.50,161.50,148.7403,116.4767
6880389,220.50,216.50,90.5963,83.5788
6884295,64.50,218.50,57.8627,65.4483
6888201,65.50,171.50,39.3922,57.7770
6892107,208.50,122.50,22.5697,55.9235
6896013,265.50,115.50,2.1775,49.6177
6899919,133.50,145.50,-23.7474,28.6174
6903825,-29.50,128.50,-51.2016,-4.9879
6907731,-37.50,71.50,-71.3259,-39.0717
6911637,130.50,32.50,-78.8383,-58.6663
6915543,241.50,59.50,-74.2734,-58.7260
6919449,155.50,128.50,-66.4803,-48.2174
6923355,-38.50,150.50,-69.4453,-39.3352
6927261,-48.50,117.50,-82.8284,-36.1646
6931167,95.50,55.50,-91.0143,-36.3189
6935073,180.50,52.50,-97.0105,-40.9300
6938979,112.50,89.50,-112.0417,-52.6248
6942885,-73.50,85.50,-130.6836,-73.9242
6946791,-124.50,54.50,-146.6697,-98.9309
6950697,-5.50,-10.50,-158.5180,-114.5894
6954603,125.50,-24.50,-167.0970,-122.2209
6958509,103.50,25.50,-169.6444,-129.4161
6962415,-90.50,50.50,-168.7213,-137.7417
6966321,-207.50,23.50,-182.1711,-146.1709
6970227,-47.50,-37.50,-202.2908,-151.5462
6974133,89.50,-54.50,-204.8936,-154.5045
6978039,74.50,-34.50,-198.1521,-162.3862
6981945,-100.50,-22.50,-197.3059,-182.1888
6985851,-218.50,-47.50,-206.0094,-207.4341
6989757,-146.50,-137.50,-224.9323,-228.7168
6993663,-0.50,-141.50,-247.3894,-243.1323
6997569,19.50,-77.50,-261.3337,-242.6401
7001475,-137.50,-25.50,-261.9899,-228.9789
7005381,-242.50,-45.50,-255.9574,-217.7294
7009287,-171.50,-121.50,-249.8180,-218.4050
7013193,33.50,-138.50,-240.1032,-225.7837
7017099,48.50,-128.50,-225.5914,-233.6476
7021005,-108.50,-79.50,-220.6729,-244.5679
7024911,-236.50,-84.50,-227.3488,-254.0388
7028817,-175.50,-143.50,-231.2245,-256.6795
7032723,27.50,-161.50,-222.3983,-253.0420
7036629,65.50,-120.50,-206.1841,-243.2084
7040535,-74.50,-32.50,-200.3690,-227.0178
7044441,-186.50,-8.50,-200.4891,-203.9905
7048347,-182.50,-69.50,-196.1190,-183.2028
7052253,-94.50,-169.50,-209.5678,-184.7589
7056159,-8.50,-164.50,-245.7245,-213.1921
7060065,-102.50,-88.50,-268.3661,-241.0992
7063971,-233.50,-57.50,-260.5585,-244.3946
7067877,-206.50,-97.50,-236.1920,-229.3025
7071783,-17.50,-144.50,-207.3756,-212.5244
7075689,58.50,-150.50,-185.3600,-206.2368
7079595,-47.50,-82.50,-182.8613,-210.7180
7083501,-213.50,-79.50,-194.4776,-218.1945
7087407,-232.50,-120.50,-205.0102,-225.7178
7091313,-101.50,-184.50,-212.0279,-231.0319
7095219,39.50,-164.50,-214.5339,-231.1450
7099125,-56.50,-112.50,-211.6784,-226.8861
7103031,-239.50,-73.50,-215.1427,-222.2502
7106937,-283.50,-96.50,-226.8164,-215.9545
7110843,-117.50,-138.50,-230.4545,-203.7315
7114749,42.50,-126.50,-215.3295,-187.2078
7118655,21.50,-80.50,-186.7329,-174.0772
7122561,-142.50,-62.50,-158.8353,-173.9029
7126467,-214.50,-89.50,-144.1848,-183.7627
7130373,-104.50,-138.50,-145.4411,-189.0800
7134279,58.50,-145.50,-151.6151,-184.6227
7138185,27.50,-121.50,-152.2538,-181.8198
7142091,-142.50,-109.50,-151.1229,-193.7110
7145997,-237.50,-143.50,-153.5475,-216.3599
7149903,-133.50,-207.50,-157.5953,-234.9214
7153809,38.50,-206.50,-157.6638,-239.5733
7157715,26.50,-155.50,-153.7500,-230.4930
7161621,-160.50,-129.50,-157.3377,-221.5159
7165527,-277.50,-136.50,-171.8511,-221.6250
7169433,-192.50,-207.50,-185.2713,-225.1069
7173339,-15.50,-217.50,-188.0186,-226.3508
7177245,7.50,-182.50,-182.3016,-223.2242
7181151,-153.50,-140.50,-178.1038,-220.4494
7185057,-27.50,-44.50,-138.1507,-204.6358
7188963,-172.50,-191.50,-69.9189,-177.8354
7192869,-53.50,-232.50,-76.2318,-180.0249
7196775,-16.50,-212.50,-144.4018,-205.2844
7200681,-162.50,-143.50,-192.3223,-220.4105
7204587,-309.50,-170.50,-212.0346,-224.8230
7208493,-264.50,-236.50,-216.7711,-232.3720
7212399,-36.50,-270.50,-201.3380,-241.1176
7216305,10.50,-213.50,-169.6240,-236.4617
7220211,-111.50,-128.50,-151.4266,-214.6139
7224117,-271.50,-126.50,-155.4966,-190.1498
7228023,-275.50,-172.50,-169.2143,-177.8359
7231929,-118.50,-204.50,-182.9733,-171.7277
7235835,-46.50,-217.50,-192.0392,-168.9257
7239741,-153.50,-180.50,-199.8444,-179.5533
7243647,-313.50,-178.50,-207.2607,-200.4074
7247553,-317.50,-222.50,-210.0271,-216.9986
7251459,-154.50,-269.50,-205.0802,-221.0495
7255365,-30.50,-255.50,-192.2501,-215.3537
7259271,-100.50,-183.50,-176.0235,-205.3840
7263177,-268.50,-161.50,-164.3322,-195.0506
7267083,-294.50,-182.50,-159.7177,-186.0353
7270989,-142.50,-257.50,-155.1695,-179.4318
7274895,-15.50,-250.50,-146.9978,-178.7261
7278801,-69.50,-191.50,-139.4839,-179.3778
7282707,-252.50,-175.50,-138.1384,-179.7046
7286613,-300.50,-194.50,-142.3327,-181.5195
7290519,-164.50,-260.50,-142.6479,-180.4016
7294425,-44.50,-268.50,-139.6579,-178.2210
7298331,-106.50,-222.50,-146.4630,-178.5448
7302237,-285.50,-187.50,-164.5976,-181.0289
7306143,-353.50,-198.50,-179.7765,-181.3948
7310049,-248.50,-248.50,-183.2664,-174.0925
7313955,-68.50,-252.50,-176.0741,-161.1587
7317861,-32.50,-143.50,-153.4015,-138.9036
7321767,-128.50,-63.50,-110.6008,-100.9166
7325673,-280.50,-177.50,-71.7273,-78.9955
7329579,-228.50,-271.50,-72.7471,-105.7423
7333485,-54.50,-303.50,-99.7213,-151.7912
7337391,-22.50,-260.50,-112.2562,-179.0941
7341297,-191.50,-206.50,-108.8899,-185.6549
7345203,-304.50,-220.50,-107.0786,-182.2620
7349109,-240.50,-287.50,-107.4814,-177.7670
7353015,-57.50,-302.50,-103.5778,-172.9011
7356921,-56.50,-291.50,-101.3571,-170.1517
7360827,-202.50,-230.50,-112.2118,-175.1879
7364733,-340.50,-222.50,-127.9938,-178.7091
7368639,-280.50,-281.50,-133.0941,-172.8816
7372545,-98.50,-307.50,-123.9393,-162.5928
7376451,-4.50,-285.50,-103.6257,-154.1316
7380357,-149.50,-217.50,-84.6290,-150.6216
7384263,-293.50,-207.50,-79.5278,-147.5184
7388169,-260.50,-264.50,-80.3007,-142.3563
7392075,-92.50,-271.50,-75.8070,-131.7754
7395981,9.50,-241.50,-66.5411,-112.4547
7399887,-101.50,-196.50,-56.8581,-97.8894
7403793,-293.50,-201.50,-57.6085,-100.5562
7407699,-297.50,-239.50,-71.3084,-110.4600
7411605,-116.50,-270.50,-79.8099,-109.6676
7415511,16.50,-242.50,-69.2132,-96.1426
7419417,-68.50,-164.50,-48.8790,-78.5672
7423323,-255.50,-144.50,-38.2739,-63.3455
7427229,-286.50,-175.50,-42.8291,-52.7831
7431135,-123.50,-232.50,-48.7449,-45.4109
7435041,7.50,-240.50,-45.8916,-44.7925
7438947,-63.50,-186.50,-40.6019,-52.6402
7442853,-230.50,-158.50,-38.8750,-60.9620
7446759,-304.50,-185.50,-41.4242,-62.2569
7450665,-178.50,-246.50,-50.3031,-57.3372
7454571,-20.50,-265.50,-58.3698,-56.1182
7458477,-57.50,-193.50,-56.8801,-59.8973
7462383,-239.50,-169.50,-52.4373,-61.3231
7466289,-318.50,-210.50,-52.9746,-63.8235
7470195,-206.50,-264.50,-56.7618,-68.4707
7474101,-41.50,-272.50,-59.1078,-69.1052
7478007,-36.50,-214.50,-54.3160,-65.3731
7481913,-218.50,-174.50,-45.6429,-60.9262
7485819,-310.50,-175.50,-41.8505,-54.9195
7489725,-212.50,-239.50,-40.8618,-45.4093
7493631,-36.50,-250.50,-37.8837,-37.1247
7497537,-26.50,-211.50,-33.3661,-33.7953
7501443,-225.50,-181.50,-36.8796,-37.9632
7505349,-92.50,-77.50,-11.1543,-28.4015
7509259,-198.50,-217.50,49.7929,0.7268
7513165,-60.50,-256.50,52.8591,5.7656
7517071,-54.50,-238.50,-2.9841,-17.7462
7520977,-215.50,-191.50,-50.7398,-41.3228
7524883,-338.50,-190.50,-74.4188,-54.3987
7528789,-296.50,-238.50,-79.4139,-54.4660
7532695,-116.50,-247.50,-76.0103,-42.3662
7536601,-47.50,-237.50,-66.3484,-27.4880
7540507,-144.50,-162.50,-49.2056,-20.8508
7544413,-291.50,-163.50,-30.3072,-18.9963
7548319,-272.50,-210.50,-21.5331,-17.6489
7552225,-98.50,-223.50,-22.2725,-11.0370
7556131,-24.50,-207.50,-22.4413,2.5271
7560037,-154.50,-169.50,-25.2164,8.0062
7563943,-338.50,-148.50,-39.1772,1.5664
7567849,-332.50,-224.50,-58.7948,-8.6382
7571755,-160.50,-274.50,-67.6960,-20.9974
7575661,-61.50,-260.50,-62.5161,-30.5987
7579567,-160.50,-173.50,-56.3124,-28.6187
7583473,-340.50,-170.50,-59.0236,-18.8275
7587379,-352.50,-201.50,-66.7846,-13.0101
7591285,-160.50,-253.50,-62.9062,-10.3263
7595191,-49.50,-248.50,-44.4924,-7.7705
7599097,-114.50,-165.50,-29.4722,-3.1665
7603003,-287.50,-148.50,-24.8956,4.8825
7606909,-318.50,-189.50,-23.7483,7.8606
7610815,-149.50,-236.50,-15.5802,6.4345
7614721,-20.50,-201.50,-0.2890,13.7089
7618627,-49.50,-105.50,12.5259,37.7574
7622533,-204.50,-95.50,24.1567,63.6562
7626439,-272.50,-146.50,35.3091,67.1599
7630345,-163.50,-192.50,37.8967,55.1402
7634251,-33.50,-186.50,28.4859,50.8655
7638157,-81.50,-129.50,10.3269,57.2185
7642063,-270.50,-105.50,-12.2301,61.1566
7645969,-359.50,-138.50,-32.3080,55.3958
7649875,-260.50,-244.50,-43.4358,38.8831
7653781,-102.50,-266.50,-47.0425,13.5692
7657687,-102.50,-226.50,-46.9404,-8.7201
7661593,-277.50,-198.50,-47.8554,-23.3998
7665499,-398.50,-213.50,-54.9697,-33.6263
7669405,-317.50,-297.50,-65.5684,-40.7541
7673311,-128.50,-316.50,-68.7467,-47.7741
7677217,-132.50,-286.50,-64.9999,-54.4657
7681123,-255.50,-239.50,-62.4497,-61.3473
7685029,-355.50,-239.50,-52.4187,-65.3877
7688935,-288.50,-289.50,-33.1975,-60.7256
7692841,-66.50,-304.50,-10.2130,-48.5815
7696747,27.50,-240.50,24.2400,-31.1662
7700653,-132.50,-172.50,58.0405,-10.8633
7704559,-339.50,-205.50,58.0111,-0.1019
7708465,-319.50,-275.50,22.3614,-8.2015
7712371,-122.50,-286.50,-9.7827,-18.9225
7716277,-61.50,-240.50,-16.5949,-13.8735
7720183,-175.50,-174.50,-12.3818,0.9569
7724089,-303.50,-157.50,-2.9449,14.6815
7727995,-239.50,-165.50,21.1769,32.4621
7731901,-54.50,-175.50,56.4265,62.4520
7735807,45.50,-174.50,84.4438,89.0382
7739713,-52.50,-133.50,96.4290,90.6313
7743619,-200.50,-127.50,101.6853,74.0990
7747525,-212.50,-168.50,107.6455,60.2986
7751431,-68.50,-218.50,108.2663,56.7883
7755337,32.50,-200.50,98.3203,57.8706
7759243,-15.50,-126.50,90.0919,61.4637
7763149,-186.50,-112.50,95.5542,67.2651
7767055,-236.50,-132.50,102.2885,73.3623
7770961,-58.50,-178.50,103.9699,82.2888
7774867,64.50,-209.50,108.6905,84.2942
7778773,-14.50,-143.50,108.1366,72.4409
7782679,-213.50,-143.50,92.8233,57.0734
7786585,-292.50,-166.50,68.4661,44.9119
7790491,-173.50,-239.50,44.7246,37.6602
7794397,-28.50,-256.50,28.0948,29.5411
7798303,-46.50,-198.50,22.9736,19.1725
7802209,-248.50,-165.50,23.1924,13.7263
7806115,-335.50,-178.50,16.4054,15.1528
7810021,-206.50,-257.50,8.8209,17.9986
7813927,-45.50,-272.50,10.0198,13.8558
7817833,-72.50,-242.50,11.2899,2.8402
7821739,-239.50,-205.50,5.5469,-10.2473
7825645,-140.50,-133.50,32.7671,-4.9471
7829551,-208.50,-244.50,88.2081,21.1967
7833457,-76.50,-271.50,85.4442,30.7091
7837363,-86.50,-248.50,29.9194,16.4565
7841269,-241.50,-192.50,-13.5218,0.4111
7845175,-331.50,-182.50,-25.8905,-3.5192
7849081,-271.50,-226.50,-16.8409,6.9327
7852987,-94.50,-223.50,-6.3182,26.3448
7856893,-58.50,-208.50,0.0135,44.5989
7860799,-200.50,-162.50,2.6108,47.9543
7864705,-338.50,-174.50,0.3980,37.8332
7868611,-306.50,-228.50,-6.7774,25.8236
7872517,-115.50,-250.50,-12.4528,21.2183
7876423,-47.50,-255.50,-6.7842,20.3905
7880329,-160.50,-200.50,6.1288,12.7262
7884235,-324.50,-192.50,13.8725,3.7168
7888141,-288.50,-235.50,13.1027,1.4172
7892047,-72.50,-240.50,20.4171,9.8812
7895953,7.50,-233.50,42.8914,25.9050
7899859,-120.50,-170.50,57.0866,36.1941
7903765,-315.50,-172.50,46.2439,36.3043
7907671,-319.50,-201.50,20.8341,31.9238
7911577,-161.50,-240.50,1.1433,31.9849
7915483,-66.50,-237.50,-7.3951,35.5591
7919389,-126.50,-165.50,-6.7445,38.5284
7923295,-310.50,-168.50,0.6351,39.8701
7927201,-335.50,-205.50,3.6200,34.5481
7931107,-185.50,-266.50,0.6920,25.1190
7935013,-69.50,-274.50,-2.9503,14.9431
7938919,-142.50,-225.50,-8.1427,4.7964
7942825,-324.50,-210.50,-15.5477,-3.6581
7946731,-389.50,-240.50,-25.7962,-10.6934
7950637,-275.50,-301.50,-40.3652,-15.7398
7954543,-144.50,-303.50,-57.1983,-19.2772
7958449,-197.50,-256.50,-71.0838,-21.2023
7962355,-378.50,-236.50,-81.0830,-24.0044
7966261,-461.50,-236.50,-89.7363,-25.8668
7970167,-304.50,-303.50,-90.3738,-22.3552
7974073,-127.50,-308.50,-73.4384,-19.1425
7977979,-129.50,-254.50,-46.6994,-16.5390
7981885,-306.50,-234.50,-27.5394,-14.8088
7985791,-393.50,-269.50,-21.5127,-22.1693
7989697,-316.50,-293.50,-24.9240,-30.2205
7993603,-172.50,-368.50,-37.8765,-35.0885
7997509,-276.50,-448.50,-72.5661,-69.1279
8001415,-436.50,-446.50,-127.4520,-141.0449
8005321,-562.50,-461.50,-168.7060,-205.5103
8009227,-528.50,-561.50,-189.7503,-240.5150
8013133,-433.50,-632.50,-220.1960,-268.4548
8017039,-449.50,-654.50,-268.6400,-304.4503
8020945,-666.50,-676.50,-323.2485,-349.7753
8024851,-853.50,-704.50,-378.6606,-398.2357
8028757,-864.50,-866.50,-435.0434,-450.1916
8032663,-738.50,-932.50,-488.7307,-511.2748
8036569,-717.50,-905.50,-531.0640,-556.7047
8040475,-901.50,-936.50,-562.1703,-579.2895
8044381,-1113.50,-986.50,-596.2814,-610.0416
8048287,-1085.50,-1076.50,-632.6328,-653.6103
8052193,-890.50,-1137.50,-646.5894,-690.7972
8056099,-835.50,-1130.50,-634.8159,-710.8041
8060005,-959.50,-1119.50,-621.5016,-719.5367
8063911,-1124.50,-1096.50,-615.3133,-723.8517
8067817,-1065.50,-1074.50,-602.0411,-707.3713
8071723,-878.50,-1137.50,-570.4332,-669.6172
8075629,-762.50,-1104.50,-531.1125,-637.4782
8079535,-836.50,-1044.50,-495.7072,-614.1504
8083441,-959.50,-1039.50,-458.9190,-594.8398
8087347,-975.50,-1041.50,-421.5757,-578.6828
8091253,-809.50,-1072.50,-395.5361,-555.6192
8095159,-650.50,-1052.50,-374.5303,-526.6867
8099065,-704.50,-944.50,-344.2378,-490.9840
8102971,-880.50,-906.50,-313.0548,-445.5931
8106877,-911.50,-931.50,-293.6264,-406.8074
8110783,-719.50,-962.50,-275.1578,-382.7573
8114689,-512.50,-948.50,-236.4714,-363.1308
8118595,-469.50,-832.50,-168.7378,-332.3418
8122501,-664.50,-788.50,-96.7774,-286.6172
8126407,-729.50,-773.50,-59.6357,-241.0923
8130313,-596.50,-816.50,-54.3859,-204.8639
8134219,-488.50,-829.50,-63.5863,-182.1768
8138125,-514.50,-758.50,-82.4954,-169.2800
8142031,-652.50,-681.50,-90.4998,-148.7617
8145937,-490.50,-572.50,-35.7121,-98.8797
8149843,-528.50,-638.50,61.2962,-27.4803
8153749,-405.50,-644.50,89.8417,21.4042
8157655,-383.50,-628.50,54.1871,33.3166
8161561,-529.50,-586.50,34.5859,25.6423
8165467,-668.50,-596.50,34.1486,15.1681
8169373,-579.50,-661.50,29.2228,8.5460
8173279,-376.50,-688.50,29.9529,3.6855
8177185,-335.50,-661.50,50.3980,1.6126
8181091,-453.50,-607.50,80.2440,3.1710
8184997,-616.50,-614.50,98.4536,6.0799
8188903,-558.50,-670.50,92.8341,6.0742
8192809,-342.50,-657.50,86.3940,11.1681
8196715,-224.50,-601.50,111.7963,34.9138
8200621,-348.50,-553.50,159.6651,65.5711
8204527,-575.50,-552.50,180.3463,81.7263
8208433,-557.50,-600.50,151.4250,82.4786
8212339,-358.50,-602.50,116.0732,84.6154
8216245,-271.50,-594.50,111.5255,95.6438
8220151,-366.50,-488.50,128.2256,112.6926
8224057,-512.50,-468.50,149.0486,137.5889
8227963,-484.50,-463.50,167.3017,167.0717
8231869,-319.50,-512.50,180.4243,193.3972
8235775,-176.50,-438.50,193.1576,216.6260
8239681,-284.50,-366.50,208.6506,245.2467
8243587,-433.50,-352.50,219.5938,270.5927
8247493,-411.50,-364.50,231.3941,282.7098
8251399,-228.50,-386.50,253.9289,294.1294
8255305,-108.50,-330.50,277.0312,316.3004
8259211,-152.50,-273.50,292.6388,344.8896
8263117,-332.50,-244.50,303.4026,364.1922
8267023,-335.50,-260.50,312.2813,371.4181
8270929,-180.50,-348.50,324.8308,368.5396
8274835,-15.50,-335.50,341.2937,354.5069
8278741,-34.50,-239.50,361.4405,349.9880
8282647,-175.50,-171.50,386.9945,371.0973
8286553,-261.50,-196.50,405.7463,400.6442
8290459,-108.50,-229.50,409.0217,419.4897
8294365,64.50,-194.50,411.1655,434.2668
8298271,22.50,-153.50,416.4661,450.5308
8302177,-124.50,-116.50,417.4203,456.4907
8306083,-162.50,-66.50,426.3216,462.4875
8309989,-13.50,-126.50,453.3114,482.8347
8313895,697.50,70.50,572.2886,532.5981
8317801,186.50,-82.50,727.5662,586.2754
8321707,-124.50,-99.50,679.7255,560.3096
8325613,-293.50,-141.50,477.9913,474.8879
8329519,-216.50,-233.50,327.8906,404.0359
8333425,-15.50,-241.50,266.3491,361.0504
8337331,-49.50,-237.50,252.2374,338.8999
8341237,-224.50,-175.50,243.2773,328.1284
8345143,-347.50,-156.50,236.4027,331.8127
8349049,-272.50,-234.50,235.0769,340.8189
8352955,-100.50,-257.50,225.9401,335.0452
8356861,-42.50,-203.50,211.0352,324.9178
8360767,-191.50,-166.50,207.8089,324.4506
8364673,-315.50,-132.50,221.5874,331.3589
8368579,-296.50,-145.50,233.4674,348.0553
8372485,-91.50,-172.50,226.4295,368.4963
8376391,32.50,-143.50,222.3562,378.6831
8380297,-60.50,-58.50,247.8626,384.6686
8384203,-160.50,6.50,298.7977,405.6910
8388109,-109.50,-21.50,353.3106,439.5672
8392015,75.50,-44.50,385.1444,464.5867
8395921,108.50,-61.50,377.5700,466.7138
8399827,48.50,19.50,351.8305,454.4456
8403733,-94.50,57.50,352.6352,452.0069
8407639,-111.50,-31.50,373.2997,452.4587
8411545,47.50,-93.50,375.4361,431.0302
8415451,133.50,-82.50,352.8238,399.6032
8419357,70.50,-47.50,328.9152,377.8820
8423263,-111.50,-21.50,324.2040,364.8021
8427169,-137.50,-20.50,328.8270,362.2228
8431075,-15.50,-111.50,320.7279,363.4444
8434981,98.50,-128.50,293.4309,348.2818
8438887,70.50,-48.50,270.1502,328.0996
8442793,-143.50,-9.50,266.4468,325.6823
8446699,-248.50,-32.50,254.9048,332.9409
8450605,-139.50,-104.50,217.5338,331.9974
8454511,-5.50,-134.50,172.2930,315.8586
8458417,-64.50,-110.50,138.2039,289.3486
8462323,-261.50,-126.50,116.9840,255.2247
8466229,-136.50,-66.50,137.4215,230.4442
8470135,-177.50,-137.50,187.5305,234.6352
8474041,-67.50,-197.50,176.7002,238.1831
8477947,-79.50,-161.50,114.5150,218.4788
8481853,-296.50,-174.50,68.1781,187.3291
8485759,-405.50,-223.50,38.8657,146.4167
8489665,-335.50,-269.50,13.9913,106.4631
8493571,-184.50,-276.50,-10.4707,88.7567
8497477,-271.50,-315.50,-45.2074,80.3326
8501383,-463.50,-300.50,-96.7954,52.7298
8505289,-591.50,-321.50,-143.7563,14.2200
8509195,-576.50,-436.50,-177.9100,-24.0781
8513101,-442.50,-512.50,-216.6296,-71.0706
8517007,-415.50,-512.50,-252.8596,-119.5065
8520913,-581.50,-446.50,-271.5092,-147.9989
8524819,-772.50,-512.50,-286.3703,-161.6809
8528725,-748.50,-596.50,-315.2520,-188.5471
8532631,-495.50,-570.50,-333.0627,-213.1312
8536537,-464.50,-575.50,-317.6037,-209.6700
8540443,-591.50,-527.50,-296.2821,-199.6390
8544349,-698.50,-466.50,-278.4752,-189.0947
8548259,-616.50,-447.50,-246.4816,-156.9158
8552165,-384.50,-477.50,-198.4813,-110.7234
8556071,-269.50,-512.50,-145.0537,-86.8867
8559977,-389.50,-402.50,-103.6393,-87.0531
8563883,-514.50,-336.50,-78.7908,-70.9879
8567789,-512.50,-373.50,-61.9637,-36.8024
8571695,-330.50,-413.50,-52.6077,-14.2728
8575601,-182.50,-377.50,-41.1528,-2.9342
8579507,-264.50,-271.50,-16.7896,19.3044
8583413,-431.50,-281.50,8.6898,46.6481
8587319,-512.50,-350.50,11.5109,46.6781
8591225,-362.50,-365.50,-14.7143,26.8388
8595131,-251.50,-322.50,-46.1381,27.3732
8599037,-258.50,-239.50,-52.6820,56.6583
8602943,-411.50,-239.50,-25.1627,84.9358
8606849,-495.50,-301.50,4.0913,82.9660
8610755,-370.50,-389.50,2.2386,52.5002
8614661,-207.50,-434.50,-14.3688,10.8174
8618567,-248.50,-361.50,-18.7945,-21.4122
8622473,-461.50,-276.50,-18.7785,-20.8111
8626379,-530.50,-283.50,-28.3868,8.7941
8630285,-386.50,-335.50,-35.2762,38.0971
8634191,-236.50,-364.50,-31.7950,48.2745
8638097,-265.50,-357.50,-29.5257,36.1343
8642003,-463.50,-354.50,-36.8221,4.8557
8645909,-571.50,-345.50,-52.2541,-26.0970
8649815,-453.50,-399.50,-65.0563,-35.6280
8653721,-271.50,-463.50,-65.0113,-37.3381
8657627,-276.50,-431.50,-57.5711,-50.5885
8661533,-453.50,-313.50,-55.5834,-54.0973
8665439,-542.50,-290.50,-55.4928,-26.5337
8669345,-428.50,-350.50,-43.2759,8.0522
8673251,-239.50,-341.50,-21.1064,29.5621
8677157,-196.50,-269.50,-0.8879,52.8241
8681063,-349.50,-206.50,12.6716,81.9432
8684969,-479.50,-260.50,20.1766,91.7594
8688875,-424.50,-334.50,21.9321,68.4015
8692781,-238.50,-352.50,19.5385,39.0621
8696687,-161.50,-313.50,21.5909,31.9963
8700593,-276.50,-281.50,35.6026,36.7103
8704499,-424.50,-321.50,55.4958,26.2203
8708405,-420.50,-389.50,62.7386,-3.7524
8712311,-232.50,-393.50,52.7009,-25.8852
8716217,-150.50,-388.50,42.9060,-25.4809
8720123,-259.50,-369.50,43.2322,-26.4382
8724029,-354.50,-292.50,60.8750,-31.2929
8727935,-344.50,-318.50,94.4770,-15.5998
8731841,-200.50,-349.50,114.4784,12.4746
8735747,-70.50,-282.50,112.5345,40.1784
8739653,-154.50,-208.50,113.2257,71.6902
8743559,-318.50,-200.50,123.3736,95.0325
8747465,-331.50,-220.50,132.3388,101.7144
8751371,-177.50,-274.50,134.5128,102.1425
8755277,-48.50,-227.50,131.8990,107.1795
8759183,-84.50,-145.50,136.1965,124.9978
8763089,-254.50,-106.50,152.3465,149.6710
8766995,-246.50,-93.50,174.5627,173.6127
8770901,-57.50,-129.50,205.3266,199.2576
8774807,99.50,-111.50,240.0860,221.3542
8778713,51.50,-63.50,263.1099,232.9588
8782619,-121.50,10.50,269.9321,240.0457
8786525,63.50,151.50,308.1333,278.3946
8790431,76.50,98.50,386.2090,355.4925
8794337,215.50,112.50,415.6725,416.1419
8798243,219.50,187.50,393.4863,441.1689
8802149,49.50,219.50,380.4886,449.3716
8806055,-3.50,249.50,382.8675,451.9257
8809961,129.50,190.50,394.0390,457.5584
8813867,273.50,149.50,404.0411,455.7755
8817773,302.50,218.50,407.6596,445.0193
8821679,114.50,272.50,408.0784,441.8362
8825585,47.50,305.50,404.9278,450.2989
8829491,172.50,282.50,409.6931,468.1410
8833397,336.50,295.50,423.6341,492.4031
8837303,400.50,348.50,437.9308,517.2027
8841209,266.50,429.50,455.9493,537.7084
8845115,147.50,400.50,470.7325,545.1104
8849021,250.50,367.50,477.0347,535.0766
8852927,435.50,363.50,484.1659,525.8701
8856833,457.50,371.50,487.8116,525.0817
8860739,325.50,450.50,479.6725,522.7041
8864645,225.50,471.50,473.5880,522.6084
8868551,289.50,432.50,480.9227,525.6171
8872457,442.50,381.50,487.4789,522.1047
8876363,503.50,368.50,479.7948,504.0407
8880269,373.50,435.50,463.7990,477.7046
8884175,179.50,414.50,440.7360,453.5318
8888081,153.50,324.50,400.5537,420.9923
8891987,294.50,229.50,348.9520,371.4033
8895893,313.50,193.50,296.5669,313.1020
8899799,163.50,218.50,241.1658,257.9991
8903705,-42.50,193.50,184.9839,210.2266
8907611,-77.50,112.50,133.8346,163.3846
8911517,47.50,39.50,89.5347,117.8450
8915423,112.50,44.50,49.9416,85.0158
8919329,-6.50,96.50,11.5809,70.2491
8923235,-228.50,43.50,-28.8915,52.6614
8927141,-278.50,12.50,-72.1905,16.5823
8931047,-127.50,-37.50,-105.7087,-14.1657
8934953,43.50,-47.50,-111.4235,-25.7746
8938859,-20.50,42.50,-92.0082,-23.3935
8942765,-175.50,82.50,-69.8695,-8.6259
8946671,-174.50,80.50,-48.7364,9.6951
8950577,-37.50,20.50,-23.7146,22.6832
8954483,114.50,14.50,-5.9425,26.1811
8958389,112.50,57.50,7.1452,22.2978
8962295,-63.50,97.50,23.0331,16.1857
8966201,-146.50,73.50,30.0572,9.8743
8970107,-14.50,-1.50,26.2024,0.8133
8974013,167.50,-11.50,27.5017,-10.9502
8977919,150.50,19.50,38.0692,-20.2618
8981825,-49.50,54.50,40.4630,-29.1853
8985731,-136.50,90.50,28.0836,-31.2959
8989637,-15.50,82.50,19.6714,-10.5132
8993543,151.50,66.50,23.7859,23.7719
8997449,194.50,74.50,35.2352,41.6665
9001355,22.50,85.50,48.4649,28.1440
9005261,-154.50,49.50,43.2450,-7.3365
9009167,-120.50,-24.50,6.4045,-46.8156
9013073,48.50,-45.50,-39.8470,-74.4946
9016979,82.50,-26.50,-67.6591,-85.0954
9020885,-50.50,57.50,-72.8390,-81.8927
9024791,-170.50,32.50,-63.0474,-73.5890
9028697,-109.50,-13.50,-48.1623,-74.2336
9032603,89.50,-15.50,-34.0911,-76.2024
9036509,175.50,21.50,-17.5114,-64.8852
9040415,66.50,97.50,3.0342,-45.5751
9044321,-69.50,94.50,23.3632,-30.3828
9048227,-47.50,54.50,36.1376,-26.8196
9052133,130.50,29.50,38.1549,-27.7004
9056039,212.50,29.50,34.9471,-27.9740
9059945,112.50,86.50,32.8201,-32.2279
9063851,-66.50,96.50,31.4582,-38.1020
9067757,-82.50,59.50,22.9571,-42.3262
9071663,80.50,17.50,7.6394,-44.3774
9075569,172.50,9.50,-6.7796,-47.9419
9079475,80.50,63.50,-18.3728,-56.0542
9083381,-108.50,65.50,-28.6587,-66.3154
9087287,-156.50,16.50,-43.2222,-79.9869
9091193,-32.50,-57.50,-66.1983,-98.6968
9095099,75.50,-53.50,-93.5701,-117.7012
9099005,16.50,-11.50,-113.8084,-129.9762
9102911,-182.50,-15.50,-123.5603,-140.8425
9106817,-72.50,-1.50,-105.4835,-149.3810
9110723,-47.50,-139.50,-65.0087,-157.4149
9114629,48.50,-144.50,-66.7330,-181.8344
9118535,-10.50,-98.50,-112.1668,-207.8061
9122441,-187.50,-96.50,-149.3428,-222.3027
9126347,-258.50,-110.50,-165.4387,-234.1250
9130253,-147.50,-145.50,-170.5346,-236.3682
9134159,-2.50,-144.50,-174.2437,-224.6183
9138065,-25.50,-113.50,-177.6515,-211.6033
9141971,-224.50,-112.50,-184.6551,-214.5309
9145877,-335.50,-153.50,-202.3295,-237.0746
9149783,-225.50,-250.50,-221.6211,-269.7883
9153689,-75.50,-277.50,-230.4759,-301.9910
9157595,-66.50,-236.50,-230.9581,-320.9108
9161501,-260.50,-179.50,-233.2490,-321.0324
9165407,-395.50,-213.50,-247.7564,-314.3341
9169313,-335.50,-312.50,-271.6440,-321.9011
9173219,-175.50,-324.50,-292.9236,-342.2127
9177125,-208.50,-289.50,-313.6230,-352.6766
9181031,-398.50,-242.50,-345.8784,-350.0882
9184937,-528.50,-240.50,-379.9572,-343.7739
9188843,-512.50,-328.50,-403.5349,-342.4445
9192749,-335.50,-377.50,-420.3049,-353.8419
9196655,-257.50,-347.50,-421.6866,-369.0773
9200561,-377.50,-309.50,-402.5679,-377.6126
9204467,-512.50,-287.50,-377.2855,-378.1703
9208373,-449.50,-336.50,-354.5161,-369.8395
9212279,-260.50,-349.50,-331.2347,-354.2999
9216185,-142.50,-298.50,-302.8172,-331.3644
9220091,-232.50,-216.50,-267.8277,-301.7792
9223997,-381.50,-210.50,-234.9981,-275.6265
9227903,-321.50,-210.50,-207.5643,-255.1164
9231809,-117.50,-239.50,-174.5503,-230.5248
9235715,-34.50,-237.50,-142.9420,-209.7148
9239621,-106.50,-154.50,-125.7337,-199.9081
9243527,-300.50,-145.50,-120.2085,-192.2950
9247433,-303.50,-157.50,-123.4483,-182.8604
9251339,-98.50,-191.50,-119.6517,-167.9487
9255245,50.50,-172.50,-94.1981,-149.6802
9259151,-5.50,-89.50,-59.0916,-131.3404
9263057,-142.50,-57.50,-26.7124,-112.0324
9266963,-121.50,-15.50,8.4088,-85.5444
9270869,55.50,-52.50,49.8623,-46.5411
9274775,167.50,-44.50,79.2115,-12.6614
9278681,115.50,14.50,82.9425,3.4700
9282587,-83.50,16.50,70.9341,3.6251
9286493,-156.50,-35.50,52.4271,-13.4187
9290399,-37.50,-112.50,32.6741,-40.8155
9294305,111.50,-134.50,17.8558,-67.1358
9298211,58.50,-108.50,7.3696,-87.9556
9302117,-126.50,-62.50,-4.6764,-101.4165
9306023,-198.50,-88.50,-15.2713,-105.7226
9309929,-117.50,-168.50,-23.1775,-109.6026
9313835,48.50,-173.50,-34.4280,-118.0810
9317741,50.50,-143.50,-41.4779,-124.1707
9321647,-104.50,-98.50,-37.2385,-127.3406
9325553,-190.50,-100.50,-25.4542,-126.9947
9329459,-90.50,-133.50,-11.4985,-118.0702
9333365,91.50,-123.50,0.2381,-98.5459
9337271,121.50,-81.50,10.5102,-74.3650
9341177,-65.50,-45.50,14.0050,-60.0022
9345083,-216.50,-63.50,0.3332,-62.0372
9348989,-154.50,-137.50,-24.0944,-75.5208
9352895,16.50,-143.50,-43.1749,-87.9653
9356801,59.50,-115.50,-51.3435,-88.6836
9360707,-84.50,-47.50,-52.5437,-80.7760
9364613,-220.50,-47.50,-50.5450,-70.5760
9368519,-169.50,-79.50,-46.7629,-60.5290
9372425,31.50,-84.50,-38.9660,-46.5720
9376331,116.50,-64.50,-23.8194,-29.8371
9380237,-1.50,-0.50,-6.1284,-19.1335
9384143,-152.50,28.50,6.7493,-10.3572
9388049,-143.50,-48.50,10.5031,-4.1932
9391955,22.50,-114.50,4.5205,-14.2792
9395861,112.50,-116.50,-4.6105,-38.7198
9399767,23.50,-68.50,-7.2946,-62.1035
9403673,-155.50,-58.50,-3.3398,-75.7072
9407579,-161.50,-78.50,-2.4583,-77.1658
9411485,-0.50,-143.50,-6.4925,-71.7158
9415391,112.50,-110.50,-10.5964,-67.2409
9419297,62.50,-47.50,-7.1090,-59.8679
9423203,-30.50,47.50,20.0124,-38.0130
9427109,-42.50,-2.50,68.1168,-5.2064
9431015,-10.50,-104.50,86.7144,6.3003
9434921,103.50,-126.50,47.0476,-17.6222
9438827,46.50,-90.50,-3.2241,-52.0996
9442733,-180.50,-66.50,-34.0312,-77.0560
9446639,-234.50,-94.50,-59.2099,-89.2273
9450545,-109.50,-174.50,-76.6644,-95.2384
9454451,48.50,-164.50,-79.9824,-99.8575
9458357,29.50,-105.50,-71.3018,-96.8406
9462263,-165.50,-93.50,-62.4259,-92.6009
9466169,-245.50,-105.50,-65.8022,-96.8733
9470075,-146.50,-160.50,-76.7548,-100.3034
9473981,16.50,-164.50,-85.9325,-96.1647
9477887,-4.50,-110.50,-90.4234,-87.1052
9481793,-170.50,-64.50,-93.5127,-77.9604
9485699,-245.50,-76.50,-92.2520,-72.4839
9489605,-152.50,-152.50,-82.8176,-72.9461
9493511,21.50,-162.50,-72.4993,-77.4768
9497417,11.50,-140.50,-69.7242,-81.4050
9501323,-143.50,-95.50,-76.5706,-87.1388
9505229,-260.50,-101.50,-84.3636,-93.4241
9509135,-195.50,-172.50,-87.8225,-97.7415
9513041,-13.50,-177.50,-88.2447,-98.6177
9516947,21.50,-126.50,-84.9031,-89.0487
9520853,-114.50,-51.50,-80.2710,-70.1375
9524759,-239.50,-46.50,-74.6129,-50.8830
9528665,-178.50,-70.50,-66.0760,-33.9435
9532571,20.50,-97.50,-52.7240,-16.4281
9536477,94.50,-101.50,-33.9749,-7.9551
9540383,-36.50,-46.50,-18.4158,-16.4745
9544289,-212.50,-36.50,-17.4123,-28.1868
9548195,-175.50,-94.50,-27.8919,-33.8572
9552101,-8.50,-126.50,-35.3540,-35.4441
9556007,65.50,-117.50,-38.1339,-34.8470
9559913,-41.50,-78.50,-41.4765,-38.6813
9563819,-213.50,-88.50,-44.9178,-52.3239
9567725,-216.50,-128.50,-49.7566,-69.4241
9571631,-47.50,-175.50,-54.0415,-78.5272
9575537,69.50,-194.50,-52.2516,-84.0231
9579443,-34.50,-136.50,-47.9494,-94.1286
9583349,-234.50,-127.50,-53.5441,-103.8106
9587259,-276.50,-160.50,-72.6233,-109.4117
9591165,-132.50,-190.50,-94.1687,-107.0393
9595071,-8.50,-177.50,-107.9265,-94.8520
9598977,-77.50,-133.50,-112.6818,-82.9402
9602883,-254.50,-124.50,-112.6341,-82.7111
9606789,-287.50,-157.50,-109.1782,-92.6381
9610695,-144.50,-234.50,-101.2493,-105.3714
9614601,10.50,-204.50,-91.4205,-112.5621
9618507,-32.50,-144.50,-82.4398,-104.3480
9622413,-217.50,-105.50,-78.4159,-87.7449
9626319,-301.50,-125.50,-82.8460,-75.4870
9630225,-170.50,-186.50,-89.8706,-70.0883
9634131,14.50,-180.50,-87.0490,-67.9499
9638037,16.50,-106.50,-69.5760,-58.9185
9641943,-184.50,-122.50,-53.6369,-51.7447
9645849,-338.50,-178.50,-64.0748,-69.1943
9649755,-213.50,-228.50,-92.8645,-99.5650
9653661,-24.50,-230.50,-105.1297,-113.6331
9657567,-18.50,-180.50,-95.7732,-107.9355
9661473,-201.50,-143.50,-87.9402,-97.7286
9665379,-305.50,-178.50,-88.2387,-96.4397
9669285,-217.50,-249.50,-85.9094,-106.8400
9673191,-61.50,-268.50,-83.3512,-120.0453
9677097,-32.50,-243.50,-88.9988,-128.5869
9681003,-192.50,-170.50,-97.9592,-129.6191
9684909,-335.50,-184.50,-104.2485,-121.7879
9688815,-292.50,-244.50,-110.1665,-114.3430
9692721,-104.50,-260.50,-115.9787,-111.4382
9696627,-37.50,-229.50,-115.3403,-107.8161
9700533,-157.50,-176.50,-105.6076,-104.2928
9704439,-286.50,-207.50,-87.9535,-106.9210
9708345,-243.50,-244.50,-66.8952,-114.7965
9712251,-79.50,-271.50,-53.6547,-115.8496
9716157,-15.50,-249.50,-56.1988,-109.7795
9720063,-126.50,-174.50,-66.7891,-102.4890
9723969,-280.50,-150.50,-70.0298,-89.4445
9727875,-270.50,-180.50,-64.0060,-70.1522
9731781,-109.50,-210.50,-58.7736,-50.7335
9735687,-10.50,-200.50,-59.9437,-39.0317
9739593,-93.50,-145.50,-61.5349,-38.0886
9743499,-34.50,-24.50,-19.5307,-23.5749
9747405,-165.50,-126.50,62.6203,9.7103
9751311,-100.50,-205.50,82.7195,17.5509
9755217,-22.50,-236.50,20.7698,-12.1059
9759123,-93.50,-186.50,-45.5127,-49.5001
9763029,-272.50,-153.50,-77.7934,-70.9251
9766935,-316.50,-175.50,-85.9382,-70.4220
9770841,-178.50,-246.50,-84.8799,-61.3783
9774747,-33.50,-256.50,-78.6915,-60.3082
9778653,-88.50,-195.50,-71.6918,-65.7546
9782559,-255.50,-175.50,-70.0281,-70.1597
9786465,-264.50,-196.50,-63.0842,-73.2278
9790371,-113.50,-263.50,-35.9687,-74.2926
9794277,49.50,-253.50,-0.1785,-71.9085
9798183,27.50,-207.50,24.7425,-65.6869
9802089,-96.50,-178.50,40.2845,-62.5766
9805995,-220.50,-193.50,49.2845,-65.1168
9809901,-126.50,-246.50,42.0394,-65.0081
9813807,51.50,-234.50,29.9573,-56.0487
9817713,34.50,-162.50,27.5803,-36.1462
9821619,-127.50,-108.50,25.1008,-12.3049
9825525,-230.50,-121.50,19.1788,3.9818
9829431,-164.50,-180.50,13.2715,9.9753
9833337,18.50,-207.50,9.3449,9.3097
9837243,42.50,-165.50,12.0645,6.2894
9841149,-135.50,-137.50,11.7389,0.5183
9845055,-262.50,-146.50,-0.5367,-9.4697
9848961,-213.50,-191.50,-15.4385,-15.5528
9852867,-24.50,-207.50,-21.7648,-10.4704
9856773,33.50,-207.50,-15.2061,-5.4394
9860679,-105.50,-139.50,-4.6830,-10.2887
9864585,-271.50,-132.50,-4.9187,-13.3861
9868491,-232.50,-179.50,-16.2850,-8.2105
9872397,-56.50,-210.50,-24.7204,-0.6355
9876303,7.50,-203.50,-25.3093,2.1581
9880209,-116.50,-149.50,-26.4257,-3.4343
9884115,-278.50,-161.50,-31.5287,-13.8272
9888021,-253.50,-178.50,-35.5355,-20.0023
9891927,-96.50,-144.50,-35.0768,-1.5810
9895833,46.50,-129.50,-26.1387,39.2123
9899739,-136.50,-175.50,-20.2675,52.0634
9903645,-360.50,-236.50,-48.1434,4.7846
9907551,-356.50,-255.50,-94.7899,-60.6362
9911457,-173.50,-314.50,-114.2656,-93.8479
9915363,-76.50,-346.50,-106.9536,-107.2081
9919269,-155.50,-278.50,-99.8940,-120.3615
9923175,-354.50,-290.50,-102.8786,-128.2936
9927081,-380.50,-318.50,-111.3034,-133.6536
9930987,-216.50,-369.50,-113.1045,-137.5315
9934893,-88.50,-351.50,-106.2348,-136.4256
9938799,-124.50,-280.50,-97.0674,-126.3148
9942705,-293.50,-239.50,-84.5666,-106.2767
9946611,-335.50,-238.50,-69.6445,-81.4632
9950517,-207.50,-271.50,-57.7213,-56.1083
9954423,-16.50,-236.50,-46.4894,-31.4040
9958329,-51.50,-181.50,-30.1137,-6.7843
9962235,-229.50,-160.50,-17.2826,9.8087
9966141,-299.50,-169.50,-12.6199,15.0646
9970047,-180.50,-239.50,-8.5201,14.2398
9973953,-29.50,-239.50,-6.3737,8.9628
9977859,-33.50,-207.50,-8.6784,3.6442
9981765,-226.50,-202.50,-14.4394,-4.6480
9985671,-346.50,-221.50,-26.4243,-19.1985
9989577,-275.50,-292.50,-44.5125,-33.8215
9993483,-89.50,-296.50,-59.8596,-44.2238
9997389,-57.50,-254.50,-60.6756,-45.9122
10001295,-208.50,-207.50,-48.5509,-39.4638
10005201,-318.50,-237.50,-33.2881,-34.3374
10009107,-246.50,-287.50,-20.5654,-36.8980
10013013,-62.50,-280.50,-13.0452,-37.7041
10016919,-24.50,-245.50,-9.8948,-28.3004
10020825,-129.50,-181.50,-3.3975,-14.2770
10024731,-289.50,-166.50,9.2591,2.6833
10028637,-269.50,-207.50,11.1075,21.0378
10032543,-92.50,-241.50,-2.4339,31.8546
10036449,-42.50,-221.50,-17.2530,30.7271
10040355,-143.50,-132.50,-23.8416,30.6086
10044261,-277.50,-128.50,-14.6178,43.8290
10048167,-259.50,-177.50,3.1310,58.1335
10052073,-76.50,-222.50,15.4188,60.2215
10055979,23.50,-205.50,23.3032,52.7601
10059885,-53.50,-128.50,34.6704,48.7305
10063791,123.50,38.50,106.3842,81.7039
10067697,-82.50,-111.50,225.3759,138.0228
10071603,-45.50,-184.50,242.2916,145.9459
10075509,18.50,-208.50,145.3004,103.8034
10079415,-91.50,-163.50,48.8260,59.6360
10083321,-290.50,-142.50,-9.1476,34.0017
10087227,-331.50,-196.50,-41.4492,24.1508
10091133,-214.50,-267.50,-59.2274,15.8387
10095039,-100.50,-271.50,-69.8960,3.5558
10098945,-175.50,-195.50,-80.0068,-3.4507
10102851,-337.50,-198.50,-91.3240,-4.6050
10106757,-366.50,-236.50,-95.1822,-12.3066
10110663,-228.50,-301.50,-83.8430,-24.4975
10114569,-56.50,-282.50,-60.4265,-29.0144
10118475,-79.50,-212.50,-32.8222,-19.7686
10122381,-255.50,-200.50,-16.1829,-8.4222
10126287,-326.50,-210.50,-16.7412,-6.6007
10130193,-232.50,-262.50,-24.3713,-4.9668
10134099,-69.50,-280.50,-29.1613,-0.6812
10138005,-79.50,-232.50,-26.7707,-0.3685
10141911,-248.50,-179.50,-24.3641,-0.9556
10145817,-332.50,-171.50,-26.6418,6.5525
10149723,-255.50,-239.50,-28.7983,20.1017
10153629,-109.50,-257.50,-32.6391,27.3686
10157535,-88.50,-223.50,-37.6405,25.5968
10161441,-245.50,-174.50,-40.3470,20.0745
10165347,-346.50,-194.50,-41.1038,14.3624
10169253,-296.50,-266.50,-41.3938,7.1082
10173159,-136.50,-296.50,-44.6478,-2.2145
10177065,-117.50,-255.50,-51.3815,-8.2014
10180971,-256.50,-214.50,-60.5611,-10.5773
10184877,-399.50,-221.50,-70.7293,-14.3826
10188783,-342.50,-285.50,-77.4931,-20.1690
10192689,-146.50,-302.50,-71.0423,-22.5469
10196595,-84.50,-271.50,-51.1809,-17.9053
10200501,-217.50,-209.50,-36.5374,-10.8008
10204407,-353.50,-236.50,-35.0314,-10.7041
10208313,-314.50,-267.50,-34.4363,-17.4231
10212219,-158.50,-271.50,-28.6411,-12.7554
10216125,-72.50,-255.50,-22.8797,5.2810
10220031,-173.50,-182.50,-18.8218,19.8256
10223937,-340.50,-164.50,-17.9866,29.2693
10227843,-321.50,-207.50,-19.4776,37.1958
10231749,-116.50,-223.50,-8.2236,46.7371
10235655,39.50,-197.50,27.3297,61.3458
10239561,-111.50,-124.50,59.8831,76.8996
10243467,-306.50,-145.50,51.8870,82.1742
10247373,-328.50,-191.50,18.9290,70.5874
10251279,-180.50,-239.50,-2.8291,55.3523
10255185,-48.50,-212.50,-6.0909,51.1050
10259091,-130.50,-149.50,-2.1572,57.8236
10262997,-338.50,-154.50,-8.6446,62.1874
10266903,-367.50,-160.50,-25.1903,59.8623
10270809,-208.50,-228.50,-29.7045,60.5557
10274715,-58.50,-210.50,-16.6484,62.8394
10278621,-96.50,-138.50,0.1107,67.9513
10282527,-287.50,-144.50,7.7024,71.9212
10286433,-348.50,-181.50,4.4417,62.8075
10290339,-225.50,-254.50,0.5937,46.1591
10294245,-79.50,-258.50,-0.6275,31.3712
10298151,-92.50,-207.50,-1.2794,22.7006
10302057,-271.50,-191.50,-1.3429,17.1340
10305963,-364.50,-193.50,-3.5125,13.3091
10309869,-266.50,-255.50,-7.8190,16.3705
10313775,-114.50,-288.50,-13.7251,17.0167
10317681,-107.50,-240.50,-19.8573,8.2084
10321587,-276.50,-186.50,-23.6811,1.7372
10325493,-394.50,-176.50,-27.2839,8.8012
10329399,-304.50,-239.50,-30.2189,24.1970
10333305,-129.50,-255.50,-28.4668,34.0039
10337211,-84.50,-207.50,-20.7853,37.0369
10341117,-205.50,-143.50,-5.6273,41.5663
10345023,-297.50,-116.50,19.6003,55.1895
10348929,-221.50,-165.50,49.9141,76.7834
10352835,-16.50,-157.50,77.6208,99.0391
10356741,46.50,-136.50,100.9469,116.2951
10360647,-120.50,-100.50,110.3740,118.4218
10364553,-276.50,-110.50,98.9163,105.6527
10368459,-260.50,-175.50,77.5256,89.4784
10372365,-82.50,-210.50,59.8737,76.5823
10376271,-12.50,-190.50,51.7687,68.3994
10380177,-127.50,-141.50,50.1062,62.3232
10384083,74.50,32.50,109.8402,84.7554
10387989,-188.50,-140.50,214.6336,130.8202
10391895,-106.50,-207.50,212.0818,132.1597
10395801,-32.50,-217.50,113.0599,89.0540
10399707,-168.50,-160.50,31.9331,50.8453
10403613,-342.50,-162.50,-14.1379,29.3183
10407519,-361.50,-205.50,-36.8260,17.9047
10411425,-184.50,-263.50,-37.2284,12.3252
10415331,-58.50,-260.50,-18.6493,9.0452
10419237,-106.50,-207.50,5.5094,4.1550
10423143,-287.50,-175.50,19.8817,-0.4064
10427049,-366.50,-200.50,11.8775,0.5015
10430955,-238.50,-265.50,-12.6912,5.6116
10434861,-109.50,-266.50,-31.7730,7.2463
10438767,-133.50,-195.50,-33.8344,7.4171
10442673,-304.50,-172.50,-25.5455,9.3768
10446579,-356.50,-192.50,-18.3795,10.0598
10450485,-222.50,-223.50,-10.7456,16.0633
10454391,-56.50,-217.50,3.7407,32.3150
10458297,-90.50,-190.50,18.4623,44.4257
10462203,-268.50,-141.50,19.5905,42.1785
10466109,-335.50,-145.50,11.3401,39.2520
10470015,-218.50,-205.50,12.0372,44.8489
10473921,-47.50,-206.50,25.3740,53.0163
10477827,-50.50,-154.50,40.1256,61.3241
10481733,-209.50,-126.50,45.5784,64.6294
10485639,-331.50,-126.50,39.5436,61.0281
10489545,-216.50,-190.50,33.4279,58.3736
10493451,-15.50,-196.50,45.4923,60.1584
10497357,22.50,-121.50,73.5548,71.2809
10501263,-125.50,-72.50,95.9536,89.8747
10505169,-283.50,-164.50,96.9052,87.7140
10509075,-222.50,-237.50,79.9122,51.1521
10512981,-12.50,-254.50,70.9028,14.1777
10516887,64.50,-185.50,87.3245,7.8101
10520793,-93.50,-133.50,109.0334,23.4590
10524699,-228.50,-127.50,113.7836,38.9339
10528605,-213.50,-191.50,105.1561,45.4378
10532511,-53.50,-176.50,90.5094,52.7048
10536417,-5.50,-175.50,72.4659,64.3138
10540323,-127.50,-120.50,54.1099,65.3502
10544229,-289.50,-122.50,40.2778,55.9497
10548135,-269.50,-177.50,33.9773,47.5992
10552041,-98.50,-234.50,35.1848,40.1062
10555947,-4.50,-209.50,40.1217,31.2046
10559853,-102.50,-143.50,43.0254,25.8096
10563759,-278.50,-142.50,41.0386,25.1457
10567665,-258.50,-193.50,39.8247,22.9436
10571571,-133.50,-238.50,42.0063,19.3992
10575477,-74.50,-212.50,28.7743,19.0319
10579383,-140.50,-150.50,-0.3267,22.5441
10583289,-293.50,-150.50,-16.0148,23.2939
10587195,-333.50,-193.50,-12.8985,16.9072
10591101,-180.50,-255.50,-6.0728,8.5077
10595007,-47.50,-260.50,0.0752,-0.9140
10598913,-111.50,-180.50,3.6854,-7.7634
10602819,-292.50,-168.50,0.0274,-7.4150
10606725,-329.50,-174.50,-5.3359,-1.9274
10610631,-205.50,-230.50,-4.0319,9.0521
10614537,-53.50,-220.50,0.8599,20.0906
10618443,-85.50,-192.50,5.4835,21.4287
10622349,-265.50,-192.50,6.3920,6.0747
10626259,-332.50,-215.50,3.3371,-17.2936
10630165,-218.50,-289.50,3.2733,-32.5825
10634071,-63.50,-281.50,6.2817,-37.9611
10637977,-44.50,-239.50,12.7960,-37.1021
10641883,-235.50,-189.50,19.8638,-34.1445
10645789,-334.50,-193.50,17.0155,-27.3294
10649695,-239.50,-244.50,9.5595,-14.8484
10653601,-79.50,-251.50,6.1710,-2.9958
10657507,-63.50,-213.50,4.8937,2.8710
10661413,-230.50,-176.50,1.8889,0.6061
10665319,-336.50,-197.50,-1.9386,-6.9719
10669225,-282.50,-257.50,-4.2429,-14.4017
10673131,-147.50,-312.50,-13.8183,-24.2802
10677037,-140.50,-297.50,-37.5517,-43.4044
10680943,-319.50,-260.50,-70.5857,-67.0642
10684849,-460.50,-303.50,-101.9433,-89.5117
10688755,-450.50,-418.50,-125.9200,-119.6766
10692661,-298.50,-466.50,-147.6290,-158.6006
10696567,-271.50,-512.50,-170.1470,-200.5095
10700473,-426.50,-433.50,-194.9299,-238.0701
10704379,-274.50,-286.50,-167.8791,-228.1543
10708285,-537.50,-527.50,-100.7332,-191.7645
10712191,-440.50,-597.50,-125.2003,-214.5477
10716097,-410.50,-604.50,-226.4401,-276.8863
10720003,-593.50,-552.50,-313.7458,-319.4057
10723909,-709.50,-526.50,-367.5027,-333.1431
10727815,-717.50,-573.50,-379.1922,-325.6667
10731721,-609.50,-616.50,-373.0836,-309.8058
10735627,-488.50,-618.50,-371.8384,-297.6111
10739533,-559.50,-599.50,-364.4308,-302.0886
10743439,-687.50,-561.50,-345.9929,-318.9386
10747345,-720.50,-612.50,-326.4460,-327.8192
10751251,-544.50,-642.50,-308.3250,-320.9264
10755157,-404.50,-608.50,-281.9495,-298.8563
10759063,-512.50,-568.50,-260.1863,-273.9879
10762969,-717.50,-609.50,-270.7713,-275.5796
10766875,-720.50,-620.50,-295.4502,-301.2743
10770781,-516.50,-630.50,-284.4391,-306.7267
10774687,-339.50,-591.50,-229.0821,-274.1767
10778593,-402.50,-569.50,-173.1539,-236.4153
10782499,-603.50,-580.50,-157.8877,-231.0929
10786405,-668.50,-590.50,-176.0653,-249.8792
10790311,-528.50,-612.50,-189.3900,-253.3883
10794217,-350.50,-591.50,-176.7964,-229.6936
10798123,-382.50,-575.50,-151.5031,-204.0110
10802029,-572.50,-550.50,-141.1428,-200.0130
10805935,-643.50,-552.50,-147.5191,-205.9601
10809841,-525.50,-618.50,-147.6392,-204.5162
10813747,-352.50,-623.50,-133.2041,-199.5237
10817653,-333.50,-554.50,-112.0865,-189.5025
10821559,-512.50,-566.50,-97.1734,-180.8892
10825465,-612.50,-591.50,-95.4067,-190.0299
10829371,-482.50,-619.50,-89.4411,-201.6067
10833277,-285.50,-610.50,-62.7879,-192.2215
10837183,-244.50,-559.50,-27.1173,-166.9694
10841089,-390.50,-484.50,-1.5816,-138.5955
10844995,-526.50,-432.50,7.0532,-103.0909
10848901,-468.50,-469.50,3.3208,-59.9195
10852807,-278.50,-474.50,0.5076,-24.7785
10856713,-225.50,-476.50,7.1213,-10.6285
10860619,-369.50,-374.50,14.7955,-8.1533
10864525,-527.50,-372.50,13.1776,4.1940
10868431,-449.50,-367.50,11.2694,29.5829
10872337,-232.50,-372.50,29.2705,63.3063
10876243,-182.50,-383.50,57.8134,88.2064
10880149,-297.50,-336.50,70.4985,87.3289
10884055,-456.50,-321.50,69.0334,76.6356
10887961,-446.50,-384.50,64.5462,69.5203
10891867,-290.50,-415.50,57.9774,62.9528
10895773,-230.50,-430.50,44.9701,54.3601
10899679,-305.50,-342.50,30.6835,48.6717
10903585,-473.50,-335.50,28.7457,54.2732
10907491,-494.50,-371.50,32.3577,62.5991
10911397,-316.50,-386.50,33.7749,69.6226
10915303,-188.50,-374.50,41.0011,81.3997
10919209,-260.50,-303.50,53.9302,95.3151
10923115,-431.50,-286.50,64.3109,107.2427
10927021,-447.50,-306.50,71.3214,114.5817
10930927,-284.50,-334.50,81.4026,121.8322
10934833,-98.50,-298.50,102.2246,136.8135
10938739,-155.50,-240.50,131.0708,158.1527
10942645,-335.50,-220.50,149.2978,173.5181
10946551,-386.50,-226.50,151.4109,179.3048
10950457,-228.50,-252.50,153.4256,187.4363
10954363,-27.50,-208.50,170.8217,207.2535
10958269,-37.50,-143.50,203.1398,236.7786
10962175,-189.50,-68.50,234.8427,268.3705
10966081,-237.50,-56.50,259.9979,300.4535
10969987,-116.50,-120.50,280.7949,324.4219
10973893,79.50,-94.50,297.1081,333.8531
10977799,118.50,-13.50,318.1034,346.2255
10981705,-26.50,64.50,347.2596,372.8787
10985611,-104.50,71.50,374.7562,404.5346
10989517,-2.50,-0.50,393.9398,422.9230
10993423,182.50,46.50,403.9132,429.3250
10997329,207.50,98.50,407.8959,444.0152
11001235,50.50,150.50,407.7801,461.8487
11005141,-29.50,181.50,410.9181,475.2696
11009047,41.50,123.50,422.9602,487.8262
11012953,241.50,114.50,435.4967,493.4443
11016859,304.50,182.50,446.4478,497.4074
11020765,164.50,261.50,455.9638,511.2194
11024671,247.50,370.50,494.9591,546.3371
11028577,154.50,259.50,559.2650,588.3196
11032483,313.50,230.50,567.7108,596.0771
11036389,363.50,253.50,523.0099,575.0700
11040295,214.50,301.50,479.7824,553.2470
11044201,67.50,289.50,448.8077,533.2591
11048107,101.50,229.50,433.5042,511.4879
11052013,284.50,189.50,433.7294,490.9755
11055919,366.50,206.50,439.5853,475.9742
11059825,257.50,263.50,438.5698,465.1028
11063731,91.50,264.50,428.0455,454.2050
11067637,54.50,208.50,407.9081,438.9130
11071543,208.50,176.50,380.3275,423.7047
11075449,307.50,186.50,356.5194,414.9880
11079355,221.50,240.50,341.4071,408.4694
11083261,44.50,253.50,329.9264,398.9166
11087167,38.50,224.50,321.5780,388.7253
11091073,207.50,161.50,323.4570,379.9608
11094979,321.50,176.50,330.6273,370.6816
11098885,263.50,237.50,330.5370,363.9119
11102791,85.50,254.50,322.8403,358.9655
11106697,14.50,215.50,308.2924,349.3194
11110603,151.50,157.50,289.4049,335.8801
11114509,309.50,163.50,278.2728,324.2405
11118415,276.50,207.50,279.4130,315.9015
11122321,86.50,215.50,279.7645,303.2377
11126227,-16.50,199.50,264.8194,285.5567
11130133,55.50,101.50,232.0786,266.7302
11134039,211.50,55.50,194.2336,237.3837
11137945,192.50,97.50,169.3860,200.8766
11141851,-35.50,112.50,148.7402,171.1436
11145757,-163.50,71.50,113.1261,146.4086
11149663,-84.50,-18.50,72.3373,119.6993
11153569,55.50,-44.50,40.4306,91.8051
11157475,33.50,-36.50,13.0578,65.4594
11161381,-162.50,-9.50,-18.1261,38.3184
11165287,-271.50,-21.50,-47.0360,15.1251
11169193,-220.50,-109.50,-64.4642,-1.4632
11173099,-91.50,-175.50,-82.2460,-24.1027
11177005,-45.50,-138.50,-104.5691,-52.8414
11180911,-176.50,-66.50,-113.9595,-68.1053
11184817,-335.50,-101.50,-112.0452,-69.5512
11188723,-336.50,-196.50,-123.6152,-81.0384
11192629,-153.50,-209.50,-149.5448,-101.8666
11196535,-57.50,-138.50,-159.4326,-104.2511
11200441,-146.50,-79.50,-139.0184,-85.1750
11204347,-320.50,-101.50,-111.1166,-71.6913
11208253,-282.50,-137.50,-99.4107,-73.1540
11212159,-78.50,-155.50,-92.2980,-71.2398
11216065,10.50,-157.50,-76.3679,-65.2319
11219971,-128.50,-75.50,-67.8835,-65.4998
11223877,-258.50,-56.50,-71.2013,-62.9041
11227783,-236.50,-110.50,-65.7492,-55.4911
11231689,-41.50,-93.50,-44.6157,-41.9073
11235595,71.50,-111.50,-19.5760,-23.2156
11239501,-21.50,-70.50,-4.3728,-21.9871
11243407,-100.50,-28.50,12.6325,-33.8891
11247313,-129.50,-82.50,45.6365,-37.8210
11251219,16.50,-102.50,70.1373,-32.8394
11255125,153.50,-89.50,73.9797,-22.0134
11259031,97.50,-24.50,74.4182,-11.1581
11262937,-76.50,22.50,77.2268,-1.5628
11266843,-95.50,12.50,81.8686,13.3886
11270749,61.50,-32.50,93.6287,31.9557
11274655,190.50,-21.50,106.2772,45.6480
11278561,158.50,33.50,110.3209,51.8587
11282467,-8.50,74.50,110.4485,53.9766
11286373,-88.50,66.50,108.5368,58.5901
11290279,48.50,16.50,104.6686,68.1448
11294185,208.50,36.50,105.3172,79.8249
11298091,207.50,82.50,112.4678,90.9090
11301997,47.50,123.50,122.3978,95.7792
11305903,-47.50,149.50,128.4554,101.8990
11309809,74.50,53.50,130.3291,111.4208
11313715,225.50,47.50,131.4283,108.7541
11317621,226.50,71.50,127.7691,95.6803
11321527,86.50,124.50,122.8082,82.8015
11325433,-42.50,89.50,120.9724,72.0365
11329339,43.50,22.50,116.5971,59.3027
11333245,230.50,13.50,113.7865,47.8425
11337151,256.50,48.50,116.9931,44.4978
11341057,114.50,96.50,119.4562,43.8101
11344963,195.50,176.50,153.3432,55.3218
11348869,97.50,47.50,212.2682,75.6677
11352775,216.50,-10.50,208.2832,67.4296
11356681,227.50,6.50,142.4057,33.2877
11360587,80.50,67.50,80.5307,6.3344
11364493,-57.50,64.50,45.0862,-4.6312
11368399,-44.50,14.50,29.8159,-7.3484
11372305,154.50,-18.50,26.7909,-6.6091
11376211,217.50,-24.50,34.9349,-8.7491
11380117,83.50,29.50,37.9412,-20.6905
11384023,-90.50,32.50,22.7544,-35.7735
11387929,-81.50,-25.50,-0.3088,-48.0968
11391835,102.50,-49.50,-11.4498,-53.7122
11395741,194.50,-24.50,-5.5010,-47.7232
11399647,83.50,37.50,0.0369,-36.8031
11403553,-77.50,66.50,-5.6269,-28.6712
11407459,-122.50,7.50,-20.0852,-26.6455
11411365,33.50,-80.50,-38.1167,-38.2624
11415271,179.50,-64.50,-43.8368,-59.5450
11419177,82.50,18.50,-36.1033,-68.8540
11423083,-89.50,31.50,-35.0594,-63.0954
11426989,-143.50,16.50,-45.8785,-55.8850
11430895,6.50,-54.50,-57.6330,-51.1465
11434801,165.50,-42.50,-57.2182,-49.9323
11438707,115.50,22.50,-44.3082,-48.2642
11442613,-66.50,35.50,-35.6249,-47.5237
11446519,-153.50,6.50,-43.0306,-54.0949
11450425,-50.50,-62.50,-63.7998,-63.0500
11454331,93.50,-57.50,-86.0402,-67.9429
11458237,80.50,-16.50,-96.6278,-68.8391
11462143,-105.50,9.50,-97.4566,-73.4368
11466049,-162.50,-5.50,-95.6374,-81.9223
11469955,-32.50,-64.50,-84.6679,-85.2660
11473861,141.50,-49.50,-64.4660,-78.8919
11477767,176.50,43.50,-41.2437,-57.7502
11481673,45.50,80.50,-14.2048,-30.2586
11485579,-124.50,-25.50,-0.4611,-31.0768
11489485,-79.50,-124.50,-22.7728,-74.8436
11493391,112.50,-120.50,-58.2873,-121.7070
11497297,149.50,-65.50,-69.8980,-134.9372
11501203,-26.50,-29.50,-66.0791,-128.2245
11505109,-156.50,-56.50,-69.5589,-127.3647
11509015,-98.50,-153.50,-78.1576,-140.1405
11512921,78.50,-172.50,-82.7993,-158.9721
11516827,124.50,-143.50,-83.3294,-171.5914
11520733,-15.50,-84.50,-84.6341,-176.9580
11524639,-168.50,-89.50,-89.2860,-177.4706
11528545,-111.50,-138.50,-92.0745,-172.4317
11532451,68.50,-164.50,-86.3118,-162.8768
11536357,105.50,-143.50,-82.7694,-155.7706
11540263,-14.50,-70.50,-93.2291,-154.7933
11544169,-143.50,-68.50,-101.4591,-153.1497
11548075,-160.50,-122.50,-100.0400,-148.9889
11551981,11.50,-159.50,-102.4896,-144.4060
11555887,97.50,-143.50,-108.5888,-141.9800
11559793,10.50,-66.50,-111.0485,-141.7545
11563699,-147.50,-79.50,-107.1157,-142.4325
11567605,-159.50,-112.50,-100.4122,-144.3519
11571511,11.50,-187.50,-94.5788,-146.2661
11575417,100.50,-169.50,-92.4415,-151.9518
11579323,15.50,-104.50,-99.6396,-158.4124
11583229,-125.50,-93.50,-105.5830,-160.7477
11587135,-149.50,-111.50,-97.3411,-157.5151
11591041,-41.50,-177.50,-89.6274,-148.0969
11594947,698.50,69.50,2.5271,-103.1927
11598853,945.50,265.50,292.3697,16.7235
11602759,98.50,15.50,513.2573,108.2952
11606665,-161.50,-89.50,366.1759,53.3803
11610571,-28.50,-135.50,67.7927,-58.0419
11614477,543.50,85.50,-32.5253,-80.0452
11618383,253.50,-2.50,52.3397,-27.0852
11622289,-132.50,-69.50,59.0904,-26.4069
11626195,-220.50,-86.50,-51.6356,-84.3369
11630101,-141.50,-139.50,-134.7829,-117.2182
11634007,-12.50,-178.50,-181.0398,-126.8402
11637913,-47.50,-174.50,-235.4055,-154.1163
11641819,-222.50,-129.50,-279.8123,-190.7175
11645725,-305.50,-117.50,-274.8669,-195.5010
11649631,-186.50,-152.50,-228.1435,-163.0760
11653537,-30.50,-165.50,-196.2243,-131.5014
11657443,-18.50,-114.50,-212.5683,-125.2725
11661349,-185.50,-68.50,-244.5457,-130.4881
11665259,-140.50,-2.50,-218.2689,-113.0300
11669165,-218.50,-145.50,-145.6267,-80.6089
11673071,-89.50,-184.50,-140.0048,-84.3885
11676977,-77.50,-157.50,-214.6939,-122.5482
11680883,-214.50,-96.50,-283.7864,-152.1850
11684789,-335.50,-105.50,-294.3236,-154.5405
11688695,-284.50,-156.50,-257.7489,-139.3043
11692601,-95.50,-196.50,-223.3544,-128.3403
11696507,-61.50,-213.50,-224.1128,-141.1239
11700413,-191.50,-169.50,-250.7025,-174.3219
11704319,-335.50,-165.50,-262.1094,-197.2716
11708225,-300.50,-207.50,-240.8183,-194.1212
11712131,-110.50,-234.50,-211.5795,-178.5341
11716037,-17.50,-221.50,-200.5090,-170.6590
11719943,-93.50,-146.50,-200.6304,-172.0303
11723849,-262.50,-143.50,-187.4033,-168.2844
11727755,-257.50,-184.50,-160.3920,-157.1251
11731661,-76.50,-226.50,-137.0726,-146.9309
11735567,25.50,-221.50,-132.3187,-146.6943
11739473,-68.50,-156.50,-145.9157,-154.5479
11743379,-247.50,-149.50,-156.6775,-157.8961
11747285,-260.50,-181.50,-147.9458,-152.3386
11751191,-85.50,-210.50,-126.1843,-139.7179
11755097,45.50,-179.50,-112.2057,-124.0767
11759003,-18.50,-124.50,-114.5891,-111.4923
11762909,-208.50,-86.50,-119.8828,-101.4597
11766815,-256.50,-100.50,-115.2609,-85.5692
11770721,-122.50,-162.50,-105.9313,-67.5441
11774627,51.50,-170.50,-102.7266,-64.1284
11778533,-1.50,-116.50,-105.7388,-74.5428
11782439,-210.50,-89.50,-113.5866,-83.0962
11786345,-266.50,-88.50,-117.3233,-77.9636
11790251,-144.50,-136.50,-108.5143,-59.5985
11794157,7.50,-158.50,-104.0054,-47.1341
11798063,-26.50,-112.50,-117.4119,-51.9870
11801969,-228.50,-81.50,-139.1394,-62.5238
11805875,-306.50,-88.50,-149.1021,-64.6260
11809781,-192.50,-156.50,-138.0796,-58.9557
11813687,-15.50,-157.50,-123.2825,-55.4542
11817593,-10.50,-121.50,-121.1433,-56.2702
11821499,-175.50,-84.50,-125.0028,-59.6701
11825405,-273.50,-105.50,-117.8063,-63.4018
11829311,-203.50,-204.50,-100.5779,-72.2053
11833217,-25.50,-234.50,-93.4719,-92.8685
11837123,-0.50,-196.50,-102.3057,-114.1007
11841029,-158.50,-149.50,-114.6061,-123.6862
11844935,-282.50,-150.50,-114.9738,-121.4518
11848841,-224.50,-194.50,-102.0170,-111.0585
11852747,-47.50,-225.50,-92.4779,-100.3568
11856653,27.50,-226.50,-92.8583,-102.2914
11860559,-96.50,-169.50,-90.5253,-116.7818
11864465,-270.50,-160.50,-81.5381,-124.6836
11868371,-232.50,-216.50,-74.7710,-120.0288
11872277,-35.50,-225.50,-70.2159,-110.0893
11876183,39.50,-192.50,-67.3611,-96.8073
11880089,-66.50,-140.50,-67.4105,-85.4738
11883995,-236.50,-138.50,-62.9406,-80.9160
11887901,-226.50,-181.50,-53.5103,-79.8911
11891807,-70.50,-218.50,-49.8450,-77.9183
11895713,26.50,-214.50,-59.4083,-78.0775
11899619,-65.50,-150.50,-73.1822,-81.7661
11903525,-241.50,-140.50,-76.4221,-82.5015
11907431,-248.50,-172.50,-67.7235,-78.1811
11911337,-82.50,-216.50,-55.4874,-71.3435
11915243,46.50,-198.50,-49.0931,-65.4061
11919149,-26.50,-124.50,-49.1939,-58.3408
11923055,-196.50,-111.50,-46.8295,-48.7093
11926961,-237.50,-127.50,-37.4692,-39.4928
11930867,-73.50,-179.50,-25.3727,-30.2855
11934773,50.50,-160.50,-20.2125,-22.4781
11938679,-32.50,-97.50,-32.0954,-14.7952
11942585,-221.50,-62.50,-54.3843,-5.1616
11946491,-253.50,-96.50,-62.5966,2.7845
11950397,-130.50,-147.50,-51.0250,6.2218
11954303,31.50,-141.50,-40.6858,7.4658
11958209,-2.50,-92.50,-40.9435,9.4267
11962115,-180.50,-57.50,-44.4694,11.0631
11966021,-249.50,-63.50,-41.2195,15.1118
11969927,-144.50,-126.50,-31.0545,22.3970
11973833,19.50,-134.50,-27.2585,25.6665
11977739,12.50,-111.50,-33.0704,20.4934
11981645,-182.50,-133.50,-43.4533,-0.8728
11985551,-106.50,-47.50,-23.6327,-18.1110
11989457,-143.50,-188.50,27.1143,-12.8991
11993363,-16.50,-221.50,29.6540,-20.7765
11997269,-15.50,-207.50,-21.2686,-49.5133
12001175,-185.50,-151.50,-66.0002,-71.8237
12005081,-320.50,-160.50,-87.3905,-77.8667
12008987,-254.50,-217.50,-93.5110,-74.7575
12012893,-64.50,-239.50,-91.3255,-71.5882
12016799,-44.50,-206.50,-88.0045,-68.6190
12020705,-180.50,-156.50,-90.6362,-65.9531
12024611,-315.50,-149.50,-91.8680,-63.0191
12028517,-280.50,-207.50,-88.5014,-59.9699
12032423,-89.50,-230.50,-85.1321,-57.6708
12036329,-15.50,-220.50,-79.0734,-56.7326
12040235,-140.50,-168.50,-71.3124,-59.6538
12044141,-303.50,-161.50,-66.9183,-63.3978
12048047,-281.50,-190.50,-66.5386,-61.1976
12051953,-110.50,-220.50,-67.1496,-51.1357
12055859,-15.50,-207.50,-66.5752,-40.4573
12059765,-110.50,-144.50,-62.7674,-34.8313
12063671,-262.50,-137.50,-52.7832,-32.1648
12067577,-250.50,-159.50,-37.3451,-29.0352
12071483,-60.50,-174.50,-18.1099,-17.6058
12075389,47.50,-226.50,-0.2095,-9.5438
12079295,-95.50,-201.50,-1.2837,-27.5910
12083201,-268.50,-172.50,-24.5316,-56.1139
12087107,-290.50,-223.50,-44.1597,-71.8258
12091013,-143.50,-276.50,-48.2807,-79.1601
12094919,-24.50,-264.50,-49.3094,-82.1651
12098825,-72.50,-196.50,-50.6505,-75.5297
12102731,-258.50,-172.50,-47.8840,-62.7036
12106637,-303.50,-190.50,-44.0700,-52.8765
12110543,-163.50,-255.50,-40.8744,-49.4665
12114449,-0.50,-244.50,-35.5614,-49.8106
12118355,-40.50,-185.50,-27.4479,-45.1678
12122261,-234.50,-178.50,-23.5278,-39.5337
12126167,-291.50,-206.50,-24.8781,-44.6524
12130073,-173.50,-250.50,-23.0951,-52.9691
12133979,7.50,-228.50,-16.6158,-48.7976
12137885,14.50,-172.50,-3.5625,-30.0267
12141791,-162.50,-113.50,12.5290,-7.1262
12145697,-255.50,-120.50,22.0104,12.3194
12149603,-143.50,-174.50,26.7931,24.5765
12153509,26.50,-188.50,31.1102,28.4095
12157415,35.50,-150.50,33.1552,28.1419
12161321,-117.50,-118.50,34.3710,25.2963
12165227,-240.50,-111.50,37.4228,22.6858
12169133,-190.50,-188.50,34.5542,21.4049
12173039,17.50,-207.50,26.7891,16.3277
12176945,53.50,-205.50,28.3074,6.0542
12180851,-84.50,-170.50,37.6745,-9.8758
12184757,-221.50,-157.50,46.8015,-22.6269
12188663,-176.50,-202.50,50.6937,-22.0440
12192569,-1.50,-221.50,46.8047,-12.9777
12196475,70.50,-213.50,42.2764,-6.3647
12200381,-73.50,-152.50,41.3281,-6.4219
12204287,-234.50,-143.50,38.9333,-5.9124
12208193,-206.50,-208.50,33.6696,-5.5967
12212099,-33.50,-227.50,28.9586,-8.4950
12216005,58.50,-193.50,26.9980,-4.9845
12219911,-47.50,-132.50,29.6701,7.1512
12223817,-218.50,-137.50,34.8125,16.1993
12227723,-219.50,-188.50,36.2137,13.2139
12231629,-73.50,-211.50,29.5838,6.9501
12235535,22.50,-205.50,15.0911,7.3307
12239441,-70.50,-149.50,0.7403,10.0282
12243347,-242.50,-154.50,-5.3342,8.1982
12247253,-251.50,-185.50,-2.5281,1.2434
12251159,-64.50,-237.50,9.9019,-4.7311
12255065,71.50,-221.50,29.2280,-6.3760
12258971,13.50,-164.50,46.6148,-3.1266
12262877,-194.50,-174.50,52.5035,-2.5092
12266783,-237.50,-196.50,44.6675,-10.6899
12270689,-93.50,-250.50,35.1273,-17.9601
12274595,37.50,-242.50,29.1445,-19.2752
12278501,-18.50,-216.50,21.2123,-20.6813
12282407,-239.50,-207.50,5.9851,-29.9714
12286313,-342.50,-242.50,-20.8011,-45.4655
12290219,-264.50,-336.50,-57.1626,-64.4589
12294125,-109.50,-367.50,-93.2609,-91.1049
12298031,-146.50,-335.50,-116.7935,-118.3552
12301937,-367.50,-319.50,-134.0952,-137.4486
12305843,-298.50,-242.50,-127.2078,-132.5564
12309749,-322.50,-389.50,-93.3287,-111.1247
12313655,-256.50,-530.50,-108.7429,-135.4502
12317561,-343.50,-578.50,-192.5363,-222.4746
12321467,-591.50,-524.50,-292.0342,-309.0751
12325373,-687.50,-539.50,-365.2165,-346.6294
12329279,-618.50,-655.50,-392.3646,-356.6371
12333185,-512.50,-713.50,-401.5240,-376.9993
12337091,-530.50,-726.50,-426.2211,-408.0200
12340997,-670.50,-686.50,-453.7923,-436.1369
12344903,-782.50,-666.50,-458.4351,-447.6491
12348809,-720.50,-766.50,-444.3991,-447.2952
12352715,-581.50,-814.50,-435.0536,-454.5467
12356621,-538.50,-834.50,-438.3804,-471.0848
12360527,-664.50,-773.50,-440.0309,-486.9226
12364433,-794.50,-753.50,-429.6947,-489.5064
12368339,-749.50,-800.50,-413.5292,-478.2598
12372245,-591.50,-852.50,-401.3681,-465.8106
12376151,-494.50,-817.50,-390.7182,-454.1027
12380057,-562.50,-757.50,-365.3588,-437.6132
12383963,-720.50,-751.50,-328.0504,-422.7163
12387869,-660.50,-772.50,-295.7045,-413.3853
12391775,-478.50,-800.50,-266.0259,-398.1687
12395681,-315.50,-719.50,-227.4016,-363.7624
12399587,-335.50,-614.50,-168.7421,-306.8656
12403493,-481.50,-606.50,-101.3509,-252.8040
12407399,-456.50,-591.50,-51.5690,-220.5966
12411305,-266.50,-586.50,-17.8191,-187.3551
12415211,-130.50,-562.50,12.5053,-142.0299
12419117,-191.50,-476.50,39.2527,-99.5324
12423023,-336.50,-456.50,61.0491,-70.5640
12426929,-338.50,-446.50,82.5376,-53.0350
12430835,-143.50,-448.50,111.9500,-27.9605
12434741,-15.50,-432.50,144.9888,10.0025
12438647,-73.50,-375.50,163.9521,43.0042
12442553,-226.50,-316.50,168.5073,64.1852
12446459,-216.50,-288.50,181.7397,87.0561
12450365,-82.50,-314.50,211.2791,120.1295
12454271,85.50,-286.50,238.9471,156.5291
12458177,69.50,-239.50,258.1776,187.0826
12462083,-108.50,-191.50,269.5888,204.7224
12465989,-153.50,-207.50,274.1525,210.1095
12469895,-26.50,-235.50,282.3992,212.9258
12473801,135.50,-204.50,293.9555,227.4596
12477707,138.50,-172.50,303.0388,252.3479
12481613,-55.50,-136.50,303.8962,266.3857
12485519,-150.50,-79.50,292.1768,274.8795
12489425,-79.50,-142.50,274.4532,292.7733
12493331,66.50,-204.50,254.0500,298.1015
12497237,70.50,-165.50,233.2051,281.4803
12501143,-90.50,-114.50,217.2842,266.6322
12505049,-198.50,-160.50,208.8325,255.3593
12508955,-165.50,-230.50,200.6612,232.1811
12512861,-6.50,-271.50,182.7139,203.6386
12516767,7.50,-266.50,159.8948,181.4148
12520673,-210.50,-262.50,128.3389,158.4355
12524579,-386.50,-334.50,78.9711,118.7514
12528485,-367.50,-425.50,26.3997,60.9930
12532391,-258.50,-463.50,-19.3739,9.7083
12536297,-248.50,-524.50,-66.1159,-27.3092
12540203,-416.50,-524.50,-113.8805,-70.9000
12544109,-596.50,-516.50,-155.1520,-114.9175
12548015,-525.50,-543.50,-175.7413,-134.3207
12551921,-344.50,-602.50,-165.0268,-132.9509
12555827,-258.50,-569.50,-140.2950,-126.9196
12559733,-353.50,-481.50,-120.3740,-111.2511
12563639,-512.50,-473.50,-106.3825,-86.6179
12567545,-490.50,-512.50,-95.8859,-72.0134
12571451,-318.50,-517.50,-84.7227,-64.1708
12575357,-207.50,-512.50,-72.1225,-49.6765
12579263,-282.50,-439.50,-58.9150,-32.0007
12583169,-398.50,-378.50,-37.5760,-9.7492
12587075,-387.50,-383.50,-3.4906,20.3221
12590981,-223.50,-430.50,31.0207,47.0146
12594887,-67.50,-410.50,57.4609,62.9637
12598793,-73.50,-313.50,88.8498,81.4912
12602699,-228.50,-256.50,129.2507,112.7642
12606605,-268.50,-238.50,159.3285,149.3654
12610511,-111.50,-268.50,172.5184,183.4411
12614417,71.50,-266.50,186.2970,208.3320
12618323,78.50,-207.50,216.0194,222.5718
12622229,-90.50,-144.50,251.8753,234.5650
12626135,19.50,-46.50,300.7453,266.1062
12630041,48.50,-124.50,360.3053,315.8588
12633947,159.50,-168.50,371.2197,338.9599
12637853,159.50,-127.50,336.9147,325.9061
12641759,12.50,-69.50,315.9339,310.5083
12645665,-95.50,-48.50,312.8103,311.3419
12649571,10.50,-104.50,308.0857,321.9876
12653477,198.50,-90.50,306.6577,333.9821
12657383,243.50,-44.50,322.4306,350.7089
12661289,97.50,30.50,348.0900,370.3079
12665195,-1.50,48.50,365.2840,387.5857
12669101,96.50,14.50,372.0624,400.8509
12673007,259.50,5.50,375.5645,411.7317
12676913,304.50,35.50,377.9369,422.1166
12680819,141.50,97.50,376.4323,428.8981
12684725,-6.50,67.50,363.0130,424.1414
12688631,48.50,34.50,340.5102,406.6491
12692537,231.50,17.50,325.3541,394.7989
12696443,300.50,33.50,326.0277,396.2424
12700349,160.50,85.50,332.2298,398.0263
12704259,18.50,90.50,330.7516,392.9216
12708165,48.50,48.50,322.1510,382.4250
12712071,208.50,7.50,311.4829,371.6139
12715977,281.50,32.50,300.7146,365.7933
12719883,167.50,97.50,291.3752,367.4708
12723789,-8.50,113.50,280.4872,371.6747
12727695,-14.50,67.50,262.8249,368.7300
12731601,146.50,16.50,243.3374,357.2080
12735507,251.50,50.50,232.1055,348.5985
12739413,165.50,112.50,230.7490,352.4185
12743319,-38.50,135.50,226.2238,360.0160
12747225,-58.50,112.50,207.9914,361.4046
12751131,92.50,57.50,187.8484,357.7473
12755037,223.50,50.50,179.0430,349.4920
12758943,147.50,81.50,179.1357,335.3633
12762849,-40.50,121.50,176.0823,319.6533
12766755,-77.50,112.50,165.5781,312.3859
12770661,64.50,46.50,156.4747,311.9561
12774567,199.50,35.50,152.2208,306.5961
12778473,162.50,90.50,151.3004,298.3417
12782379,16.50,114.50,157.1620,291.7304
12786285,-65.50,98.50,165.1849,283.2142
12790191,49.50,17.50,162.5092,269.7780
12794097,203.50,18.50,151.6142,254.3049
12798003,228.50,61.50,151.7517,246.4532
12801909,7.50,86.50,159.2839,242.3935
12805815,-62.50,81.50,153.7539,233.7955
12809721,47.50,-0.50,144.6827,221.0472
12813627,208.50,-15.50,143.0675,205.3165
12817533,219.50,26.50,143.8187,194.8917
12821439,46.50,70.50,142.9602,191.9927
12825345,-79.50,56.50,134.5355,187.9424
12829251,-28.50,-34.50,114.8377,173.5640
12833157,159.50,-60.50,93.1624,150.0575
12837063,172.50,-40.50,82.0208,130.4365
12840969,-2.50,13.50,72.8338,119.3678
12844875,-158.50,8.50,53.4133,113.0719
12848781,-110.50,-79.50,28.2673,101.9432
12852687,64.50,-114.50,8.9461,81.9874
12856593,101.50,-116.50,-1.4342,61.2229
12860499,-47.50,-58.50,-10.8663,44.0052
12864405,-186.50,-60.50,-20.0823,32.3331
12868311,-137.50,-116.50,-21.6824,23.8285
12872217,107.50,-111.50,-4.6395,23.6302
12876123,235.50,-41.50,38.1911,46.5136
12880029,34.50,-12.50,72.1871,77.5454
12883935,-191.50,-26.50,51.6756,82.9140
12887841,-166.50,-57.50,-0.3958,65.9923
12891747,9.50,-79.50,-31.8709,57.1178
12895653,117.50,-62.50,-35.1360,63.7543
12899559,16.50,17.50,-27.7378,76.2683
12903465,-164.50,35.50,-22.0672,88.9585
12907371,-173.50,18.50,-21.9534,98.8199
12911277,14.50,-14.50,-20.2314,108.6905
12915183,155.50,9.50,-9.6444,120.5774
12919089,96.50,80.50,8.0310,133.3738
12922995,-79.50,119.50,26.0378,146.4348
12926901,-105.50,103.50,38.7573,158.3813
12930807,66.50,44.50,48.6116,165.6902
12934713,233.50,54.50,61.7008,165.7791
12938619,183.50,119.50,77.2195,165.6253
12942525,7.50,164.50,88.9560,171.0355
12946431,80.50,204.50,116.5686,188.2543
12950337,93.50,67.50,152.5109,203.3571
12954243,197.50,42.50,136.1654,185.3719
12958149,155.50,82.50,78.4184,149.2936
12962055,-40.50,79.50,34.2383,118.3477
12965961,-134.50,70.50,11.2674,91.9876
12969867,-18.50,-0.50,0.2038,75.0385
12973773,112.50,-36.50,-9.2450,62.9128
12977679,95.50,-0.50,-25.1120,48.7916
12981585,-64.50,21.50,-39.1505,33.0464
12985491,-153.50,-1.50,-39.9853,14.5797
12989397,-78.50,-68.50,-34.9718,-3.8855
12993303,66.50,-80.50,-41.2043,-15.1742
12997209,87.50,-45.50,-57.0063,-16.2177
13001115,-83.50,11.50,-69.4636,-12.4980
13005021,-212.50,-18.50,-77.8276,-13.6550
13008927,-120.50,-77.50,-80.9075,-24.7246
13012833,64.50,-79.50,-73.8154,-32.9166
13016739,109.50,-47.50,-62.0157,-27.0542
13020645,-25.50,23.50,-52.6629,-14.9760
13024551,-159.50,37.50,-45.4138,-2.6311
13028457,-127.50,-21.50,-43.0878,5.6913
13032363,65.50,-68.50,-45.6603,3.8434
13036269,139.50,-52.50,-43.5058,-6.1322
13040175,-5.50,27.50,-39.3098,-12.7119
13044081,-164.50,35.50,-42.5928,-9.1102
13047987,-144.50,-6.50,-50.3821,-3.0698
13051893,32.50,-47.50,-55.6489,0.0822
13055799,131.50,-52.50,-54.7820,-2.3276
13059705,34.50,-0.50,-47.4697,-12.9325
13063611,-126.50,16.50,-37.1769,-24.7017
13067517,-152.50,-28.50,-33.6888,-31.9505
13071423,-4.50,-92.50,-44.3940,-38.1879
13075329,97.50,-96.50,-62.3703,-48.2505
13079235,14.50,-25.50,-75.1867,-56.9638
13083141,-179.50,-15.50,-81.8686,-59.9076
13087047,-207.50,-62.50,-88.9552,-65.3200
13090953,-74.50,-122.50,-97.9490,-75.6494
13094859,48.50,-143.50,-108.8105,-87.8964
13098765,-16.50,-79.50,-118.2921,-98.9923
13102671,-200.50,-78.50,-123.5159,-108.1978
13106577,-244.50,-108.50,-125.2651,-120.3036
13110483,-120.50,-165.50,-125.2294,-130.4672
13114389,-4.50,-185.50,-132.2799,-135.5333
13118295,-60.50,-141.50,-150.1236,-141.0800
13122201,-212.50,-111.50,-163.9423,-148.3682
13126107,-310.50,-124.50,-165.8838,-153.5251
13130013,-176.50,-184.50,-164.5003,-153.3213
13133919,-9.50,-182.50,-159.7300,-148.1530
13137825,-8.50,-128.50,-148.1253,-138.1159
13141731,-159.50,-73.50,-132.0849,-125.9529
13145637,-243.50,-76.50,-114.4184,-114.6081
13149543,-158.50,-143.50,-102.6313,-106.9817
13153449,16.50,-153.50,-100.6851,-104.3421
13157355,44.50,-76.50,-98.3171,-95.7070
13161261,-111.50,-14.50,-89.4518,-75.4928
13165167,-264.50,-61.50,-86.7990,-63.2175
13169073,-258.50,-183.50,-109.4166,-82.6966
13172979,-83.50,-239.50,-149.9697,-127.7741
13176885,-42.50,-200.50,-176.1762,-166.5418
13180791,-162.50,-122.50,-175.1641,-177.5478
13184697,-290.50,-117.50,-157.6766,-166.1242
13188603,-264.50,-182.50,-143.8856,-152.2523
13192509,-84.50,-207.50,-143.8880,-145.1031
13196415,-36.50,-175.50,-149.4671,-139.7261
13200321,-175.50,-120.50,-157.2648,-136.1409
13204227,-317.50,-147.50,-164.0677,-142.1943
13208133,-285.50,-175.50,-162.5304,-153.3887
13212039,-122.50,-217.50,-156.0418,-153.6200
13215945,-20.50,-186.50,-149.4902,-144.0173
13219851,-120.50,-96.50,-140.1733,-130.4428
13223757,-280.50,-80.50,-129.4592,-113.5704
13227663,-269.50,-123.50,-120.8502,-100.6447
13231569,-109.50,-165.50,-113.9301,-92.9388
13235475,-22.50,-170.50,-113.0102,-90.6829
13239381,-81.50,-108.50,-114.9963,-96.2163
13243287,-225.50,-89.50,-105.0100,-103.3677
13247193,-253.50,-110.50,-86.4173,-103.5030
13251099,-111.50,-144.50,-76.3944,-91.5180
13255005,32.50,-143.50,-74.1295,-74.9435
13258911,-37.50,-80.50,-70.1097,-65.9284
13262817,-210.50,-92.50,-66.9365,-71.0320
13266723,-136.50,-54.50,-47.3841,-77.0566
13270629,-84.50,-175.50,-11.3061,-72.5225
13274535,32.50,-195.50,-6.9720,-80.5173
13278441,-24.50,-136.50,-35.1664,-100.8339
13282347,-220.50,-119.50,-64.0325,-114.5565
13286253,-298.50,-144.50,-87.2201,-123.5362
13290159,-184.50,-194.50,-102.1097,-126.3101
13294065,-28.50,-204.50,-106.4405,-121.2898
13297971,-48.50,-166.50,-102.9984,-116.7548
13301877,-209.50,-128.50,-97.8103,-119.2502
13305783,-299.50,-138.50,-94.4011,-123.6863
13309689,-201.50,-204.50,-93.0993,-124.2317
13313595,-0.50,-207.50,-86.2726,-120.7977
13317501,-20.50,-163.50,-72.6005,-113.3727
13321407,-191.50,-108.50,-69.6054,-105.5729
13325313,-289.50,-112.50,-77.1751,-99.4321
13329219,-204.50,-174.50,-79.0822,-94.7358
13333125,-37.50,-192.50,-74.5616,-91.5134
13337031,-15.50,-157.50,-71.0557,-88.0632
13340937,-164.50,-98.50,-71.6483,-84.8535
13344843,-287.50,-111.50,-73.1198,-83.8590
13348749,-220.50,-148.50,-70.9693,-82.9976
13352655,-29.50,-166.50,-62.1798,-75.0179
13356561,26.50,-142.50,-47.9782,-63.0386
13360467,-105.50,-73.50,-36.3239,-55.3901
13364373,-269.50,-47.50,-34.9780,-46.9900
13368279,-216.50,-85.50,-40.5138,-32.7871
13372185,-48.50,-148.50,-41.7582,-22.6212
13376091,23.50,-138.50,-38.9200,-27.2268
13379997,-112.50,-76.50,-40.9050,-38.9547
13383903,-284.50,-98.50,-51.4096,-51.0215
13387809,-261.50,-146.50,-62.9726,-66.6348
13391715,-96.50,-194.50,-65.8296,-78.7701
13395621,-14.50,-196.50,-64.9710,-84.7644
13399527,-115.50,-157.50,-68.2108,-93.5609
13403433,-284.50,-177.50,-72.9505,-112.0164
13407339,-303.50,-223.50,-77.0450,-136.8984
13411245,-158.50,-270.50,-82.6987,-153.2339
13415151,-41.50,-265.50,-88.9376,-155.5887
13419057,-136.50,-207.50,-94.4760,-151.7552
13422963,-303.50,-182.50,-100.0018,-147.5910
13426869,-324.50,-209.50,-100.1485,-143.8839
13430775,-174.50,-274.50,-91.8095,-141.1201
13434681,-24.50,-260.50,-79.3133,-139.2757
13438587,-68.50,-194.50,-64.9331,-132.5668
13442493,-243.50,-152.50,-52.8451,-120.1518
13446399,-306.50,-172.50,-48.4444,-107.7436
13450305,-190.50,-233.50,-52.0066,-99.3073
13454211,-33.50,-239.50,-57.9718,-96.2092
13458117,-68.50,-187.50,-59.7602,-95.0729
13462023,-244.50,-143.50,-59.6776,-92.6972
13465929,-336.50,-176.50,-62.7970,-91.4956
13469835,-234.50,-242.50,-69.3234,-95.1737
13473741,-61.50,-258.50,-73.9260,-101.0840
13477647,-69.50,-216.50,-71.7911,-104.3747
13481553,-241.50,-180.50,-68.7718,-106.8599
13485459,-322.50,-194.50,-65.8788,-110.6246
13489365,-244.50,-256.50,-59.8257,-113.4426
13493271,-104.50,-271.50,-61.5402,-112.9937
13497177,-61.50,-236.50,-70.2439,-109.6386
13501083,-204.50,-169.50,-68.6886,-104.3893
13504989,-320.50,-156.50,-56.7609,-93.5769
13508895,-271.50,-222.50,-49.0979,-80.5268
13512801,-98.50,-228.50,-51.4670,-70.7842
13516707,-46.50,-201.50,-54.4810,-61.7696
13520613,-188.50,-152.50,-52.4780,-57.2095
13524519,-335.50,-165.50,-51.1897,-61.4317
13528425,-298.50,-216.50,-54.4065,-69.5110
13532331,-113.50,-230.50,-56.7057,-70.1454
13536237,-31.50,-216.50,-50.4233,-62.0931
13540143,-154.50,-154.50,-39.1096,-56.2726
13544049,-323.50,-158.50,-34.2245,-56.2937
13547955,-308.50,-206.50,-39.2226,-59.9920
13551861,-121.50,-244.50,-42.8815,-62.4366
13555767,-32.50,-248.50,-37.7074,-64.5678
13559673,-138.50,-192.50,-31.6422,-71.5060
13563579,-320.50,-200.50,-32.8839,-81.8495
13567485,-341.50,-250.50,-42.7624,-94.1917
13571391,-198.50,-324.50,-57.7280,-108.1204
13575297,-113.50,-337.50,-75.5987,-125.7297
13579203,-225.50,-329.50,-97.9653,-151.1775
13583109,-380.50,-304.50,-116.5798,-178.9322
13587015,-441.50,-373.50,-125.0775,-199.3063
13590921,-382.50,-489.50,-146.1579,-223.1146
13594827,-317.50,-554.50,-198.6469,-266.6348
13598733,-444.50,-586.50,-267.0061,-328.7849
13602639,-689.50,-616.50,-334.9387,-398.8499
13606545,-776.50,-644.50,-394.6807,-453.6711
13610451,-687.50,-730.50,-438.3520,-478.6765
13614357,-576.50,-750.50,-469.1125,-487.5981
13618263,-632.50,-677.50,-491.7109,-486.4732
13622169,-848.50,-694.50,-510.7965,-480.7989
13626075,-911.50,-720.50,-526.4811,-486.8496
13629981,-801.50,-753.50,-528.6027,-492.2807
13633887,-656.50,-783.50,-521.2618,-484.2703
13637793,-716.50,-772.50,-522.2112,-479.9196
13641699,-847.50,-740.50,-528.9990,-487.9848
13645605,-956.50,-739.50,-524.3193,-493.0281
13649511,-858.50,-783.50,-512.1133,-483.0499
13653417,-680.50,-796.50,-499.2003,-463.8937
13657323,-697.50,-786.50,-487.4438,-449.7925
13661229,-852.50,-765.50,-483.5267,-451.3271
13665135,-943.50,-752.50,-477.4882,-458.0948
13669041,-830.50,-817.50,-454.5232,-455.7014
13672947,-669.50,-849.50,-422.5329,-449.8363
13676853,-637.50,-818.50,-400.4754,-444.7836
13680759,-768.50,-767.50,-388.4236,-436.5568
13684665,-890.50,-754.50,-374.8313,-423.6940
13688571,-815.50,-784.50,-356.1511,-405.5735
13692477,-624.50,-814.50,-332.2790,-384.8482
13696383,-559.50,-798.50,-306.1986,-368.8918
13700289,-676.50,-750.50,-283.1818,-360.6749
13704195,-820.50,-710.50,-265.1194,-350.4514
13708101,-815.50,-751.50,-257.5027,-331.4052
13712007,-634.50,-768.50,-259.4011,-309.2089
13715913,-512.50,-751.50,-250.6004,-288.3763
13719819,-591.50,-702.50,-219.3264,-272.5195
13723725,-736.50,-703.50,-179.9888,-266.2226
13727631,-738.50,-701.50,-153.0542,-261.1443
13731537,-556.50,-719.50,-140.2410,-241.4361
13735443,-441.50,-710.50,-128.0555,-213.0065
13739349,-512.50,-636.50,-110.3124,-188.7663
13743259,-643.50,-585.50,-85.9584,-163.8293
13747165,-625.50,-575.50,-52.8034,-131.4373
13751071,-432.50,-585.50,-12.5170,-92.3272
13754977,-290.50,-558.50,27.6501,-52.7349
13758883,-325.50,-462.50,61.8114,-14.0524
13762789,-469.50,-407.50,91.9455,26.2960
13766695,-478.50,-431.50,121.4450,58.6212
13770601,-328.50,-462.50,148.8017,75.8504
13774507,-212.50,-489.50,163.4145,81.2351
13778413,-258.50,-431.50,160.6315,79.7483
13782319,-379.50,-379.50,160.5880,83.1385
13786225,-432.50,-376.50,178.5721,97.6381
13790131,-280.50,-424.50,204.4995,115.2731
13794037,-124.50,-401.50,227.1909,132.0821
13797943,-107.50,-335.50,247.4344,154.6207
13801849,-257.50,-256.50,269.3677,184.6818
13805755,-345.50,-280.50,286.3354,210.9890
13809661,-239.50,-318.50,291.3265,222.5265
13813567,-47.50,-288.50,294.7900,232.5297
13817473,-21.50,-236.50,309.2995,255.6220
13821379,-152.50,-158.50,331.9905,283.8033
13825285,-239.50,-154.50,354.6305,308.1190
13829191,-141.50,-188.50,373.1360,325.0595
13833097,76.50,-178.50,392.7750,339.6211
13837003,119.50,-120.50,419.0078,360.2034
13840909,-21.50,-50.50,440.3325,383.9505
13844815,-125.50,8.50,450.6516,411.1505
13848721,-36.50,-28.50,460.7679,442.5637
13852627,173.50,-13.50,479.6443,471.0512
13856533,237.50,23.50,503.6434,494.9207
13860439,143.50,112.50,525.5319,515.5468
13864345,-9.50,117.50,540.8515,531.5444
13868251,36.50,64.50,543.7203,535.2323
13872157,219.50,42.50,540.0977,528.2067
13876063,289.50,60.50,537.5368,522.0528
13879969,197.50,139.50,536.3426,521.7478
13883875,41.50,144.50,538.0329,525.1991
13887781,41.50,110.50,535.3444,524.8062
13891687,205.50,81.50,523.8164,521.9294
13895593,317.50,97.50,513.3923,521.3850
13899499,263.50,178.50,516.8208,524.3907
13903405,306.50,283.50,565.6612,544.7237
13907311,229.50,221.50,649.2645,577.6881
13911217,323.50,163.50,680.8134,589.1431
13915123,399.50,183.50,638.3845,577.5226
13919029,315.50,271.50,578.3362,571.9620
13922935,147.50,270.50,535.8053,573.9947
13926841,74.50,254.50,507.8223,568.0213
13930747,214.50,187.50,483.7632,556.1611
13934653,345.50,169.50,468.4651,540.4861
13938559,298.50,222.50,462.4683,521.3781
13942465,130.50,240.50,456.2504,503.3291
13946371,80.50,215.50,447.5517,485.9481
13950277,180.50,159.50,437.7602,471.7546
13954183,327.50,177.50,425.8567,466.8043
13958089,311.50,222.50,416.9363,470.4976
13961995,144.50,255.50,411.5236,470.3993
13965901,50.50,217.50,401.1442,457.5859
13969807,157.50,155.50,386.8772,436.5063
13973713,320.50,134.50,378.5279,416.5015
13977619,307.50,148.50,375.2254,397.6659
13981525,123.50,193.50,362.7810,376.2170
13985431,10.50,176.50,337.2520,357.8677
13989337,62.50,106.50,307.4703,343.5300
13993243,215.50,54.50,279.7782,324.7426
13997149,246.50,70.50,261.6868,298.3008
14001055,55.50,122.50,247.5788,272.7240
14004961,-64.50,109.50,225.4085,256.0911
14008867,-2.50,48.50,205.2380,244.5673
14012773,163.50,12.50,196.6763,233.5623
14016679,203.50,36.50,193.4049,223.2134
14020585,49.50,80.50,184.9740,212.4151
14024491,-110.50,76.50,165.4719,199.9254
14028397,-75.50,15.50,141.3929,186.0709
14032303,106.50,-26.50,127.5020,172.6706
14036209,163.50,-21.50,126.0253,159.6316
14040115,71.50,50.50,128.7886,148.9257
14044021,-111.50,47.50,128.6620,143.3080
14047927,-100.50,-1.50,117.6918,137.1358
14051833,65.50,-34.50,103.3458,130.9334
14055739,173.50,-47.50,99.6089,125.0486
14059645,32.50,-60.50,97.6729,101.9816
14063551,-154.50,-28.50,79.3605,63.5338
14067457,-210.50,-94.50,44.2253,34.2668
14071363,-89.50,-154.50,2.2243,16.2730
14075269,-28.50,-192.50,-41.2141,-4.3136
14079175,-175.50,-193.50,-90.2777,-37.9928
14083081,-378.50,-219.50,-145.0753,-85.8833
14086987,-449.50,-298.50,-193.6690,-138.7229
14090893,-313.50,-376.50,-227.1090,-185.5846
14094799,-262.50,-452.50,-254.9215,-228.1414
14098705,-385.50,-432.50,-298.6418,-273.6084
14102611,-592.50,-445.50,-354.7353,-316.2062
14106517,-697.50,-517.50,-404.7030,-354.5658
14110423,-610.50,-612.50,-446.4739,-393.3677
14114329,-520.50,-628.50,-485.5762,-425.8191
14118235,-566.50,-593.50,-519.3143,-442.3071
14122141,-756.50,-558.50,-540.2820,-445.2458
14126047,-812.50,-559.50,-545.3555,-438.8345
14129953,-688.50,-631.50,-533.4297,-427.9819
14133859,-542.50,-643.50,-514.5047,-421.5892
14137765,-540.50,-637.50,-499.4717,-423.4740
14141671,-707.50,-612.50,-487.5728,-435.3608
14145577,-783.50,-577.50,-475.4841,-441.2730
14149483,-653.50,-628.50,-454.8117,-425.2451
14153389,-452.50,-638.50,-419.7645,-400.7813
14157295,-431.50,-592.50,-380.1105,-379.7054
14161201,-604.50,-527.50,-355.3606,-359.8599
14165107,-693.50,-512.50,-346.6575,-338.8452
14169013,-616.50,-588.50,-337.3693,-323.7286
14172919,-437.50,-616.50,-323.7580,-321.7710
14176825,-387.50,-579.50,-308.3150,-322.0366
14180731,-529.50,-512.50,-292.4078,-312.7972
14184637,-676.50,-512.50,-283.1383,-298.3112
14188543,-626.50,-561.50,-283.0535,-288.2879
14192449,-460.50,-585.50,-285.5343,-281.5062
14196355,-352.50,-536.50,-277.3120,-267.8737
14200261,-463.50,-485.50,-251.1450,-248.0356
14204167,-634.50,-473.50,-225.9220,-233.4151
14208073,-606.50,-532.50,-219.3800,-229.4455
14211979,-427.50,-526.50,-219.8268,-224.2488
14215885,-348.50,-554.50,-215.7667,-213.3141
14219791,-441.50,-468.50,-208.2669,-207.0611
14223697,-321.50,-283.50,-152.0423,-172.3773
14227603,-488.50,-384.50,-54.5970,-102.9618
14231509,-369.50,-457.50,-28.5029,-68.2356
14235415,-270.50,-473.50,-73.9577,-84.0415
14239321,-335.50,-413.50,-106.8740,-108.4734
14243227,-530.50,-385.50,-115.1428,-119.6567
14247133,-552.50,-400.50,-120.3335,-116.8072
14251039,-386.50,-426.50,-120.2110,-101.0278
14254945,-231.50,-389.50,-102.0919,-71.7689
14258851,-288.50,-304.50,-74.5273,-34.0595
14262757,-420.50,-264.50,-50.9229,-1.2953
14266663,-448.50,-268.50,-29.4917,18.3725
14270569,-271.50,-306.50,-2.1459,33.0801
14274475,-117.50,-277.50,31.4657,53.4719
14278381,-106.50,-191.50,66.2761,83.6242
14282287,-238.50,-165.50,101.4645,110.9994
14286193,-322.50,-175.50,127.7684,120.6615
14290099,-185.50,-211.50,138.3203,123.1935
14294005,10.50,-169.50,151.5659,139.8093
14297911,29.50,-116.50,180.3739,171.1419
14301817,-124.50,-98.50,210.1441,190.6581
14305723,-198.50,-106.50,227.5664,185.9967
14309629,-107.50,-175.50,235.2795,172.8819
14313535,66.50,-156.50,238.7506,168.2583
14317441,112.50,-111.50,247.1327,178.6816
14321347,-24.50,-47.50,263.9490,194.2606
14325253,-128.50,-41.50,279.4132,206.8045
14329159,-52.50,-93.50,287.1434,215.8388
14333065,139.50,-95.50,292.9544,223.1396
14336971,181.50,-76.50,302.5141,229.0613
14340877,38.50,-11.50,308.4814,229.4838
14344783,-84.50,-9.50,306.3386,228.1976
14348689,-15.50,-52.50,305.2415,229.3081
14352595,166.50,-59.50,312.1913,235.3163
14356501,241.50,-15.50,324.0376,248.6988
14360407,118.50,64.50,333.0800,265.9662
14364313,-31.50,77.50,333.3529,281.8667
14368219,6.50,38.50,327.8680,291.5410
14372125,179.50,-15.50,325.4911,291.8882
14376031,251.50,16.50,324.9749,285.3134
14379937,161.50,89.50,322.2946,282.3519
14383843,-0.50,106.50,319.7991,286.5864
14387749,-10.50,55.50,313.5333,288.5400
14391655,162.50,32.50,304.1981,287.3741
14395561,253.50,34.50,297.9982,287.4208
14399467,191.50,93.50,295.6836,284.4223
14403373,34.50,117.50,299.1025,278.5552
14407279,38.50,80.50,307.7167,273.9231
14411185,193.50,58.50,318.4910,274.8533
14415091,317.50,62.50,325.9672,282.0277
14418997,240.50,107.50,324.1463,284.5124
14422903,65.50,114.50,312.6016,273.8850
14426809,-6.50,80.50,293.0917,255.2203
14430715,131.50,27.50,271.1194,239.7676
14434621,275.50,35.50,257.5184,232.8581
14438527,231.50,91.50,253.9870,232.7947
14442433,53.50,112.50,250.2250,232.1366
14446339,-8.50,91.50,242.4304,226.0857
14450245,110.50,33.50,235.8322,218.7485
14454151,251.50,30.50,230.0369,213.0765
14458057,235.50,67.50,222.4410,207.6459
14461963,70.50,101.50,215.3442,199.4570
14465869,-18.50,95.50,209.6971,192.0092
14469775,78.50,37.50,204.2694,189.7445
14473681,219.50,12.50,195.3097,186.4546
14477587,209.50,46.50,179.5222,177.1958
14481493,39.50,89.50,159.4829,165.6891
14485399,-67.50,98.50,142.0693,160.3046
14489305,-12.50,46.50,128.2850,163.8487
14493211,160.50,17.50,115.4263,167.0085
14497117,172.50,18.50,105.0280,158.0267
14501023,-13.50,51.50,88.9142,135.1398
14504929,-143.50,34.50,63.3239,109.1631
14508835,-105.50,-57.50,39.7292,83.6111
14512741,62.50,-98.50,23.4361,55.5250
14516647,111.50,-88.50,14.4622,30.8285
14520553,-29.50,-31.50,9.2384,15.1639
14524459,-193.50,-34.50,-0.1115,8.3031
14528365,-143.50,-96.50,-11.5054,2.9323
14532271,55.50,-126.50,-10.2557,-4.1256
14536177,119.50,-107.50,2.8352,-8.0838
14540083,10.50,-37.50,11.1825,-6.7548
14543989,135.50,89.50,58.2083,17.7026
14547895,-72.50,-60.50,136.6639,52.4422
14551801,21.50,-132.50,129.4402,44.3563
14555707,91.50,-136.50,46.1231,2.4581
14559613,-10.50,-66.50,-19.1110,-27.7880
14563519,-196.50,-42.50,-51.7699,-35.2418
14567425,-204.50,-77.50,-68.1761,-30.5890
14571331,-15.50,-120.50,-65.5452,-23.0703
14575237,102.50,-118.50,-43.0603,-16.4801
14579143,49.50,-51.50,-19.5599,-13.0225
14583049,-125.50,-20.50,-9.0432,-11.0085
14586955,-147.50,-34.50,-9.5586,-6.9857
14590861,-0.50,-78.50,-7.9734,2.6707
14594767,128.50,-69.50,-0.2987,15.8001
14598673,67.50,-16.50,3.0622,25.8025
14602579,-122.50,-14.50,-6.9635,22.8791
14606485,-175.50,-47.50,-24.9043,4.7699
14610391,-46.50,-118.50,-34.2746,-15.5177
14614297,98.50,-128.50,-31.4203,-28.7598
14618203,73.50,-92.50,-25.6832,-36.6010
14622109,-132.50,-60.50,-30.7191,-44.9307
14626015,-212.50,-44.50,-50.3104,-48.3467
14629921,-85.50,-121.50,-63.7538,-42.0492
14633827,82.50,-137.50,-57.1222,-38.3518
14637733,79.50,-110.50,-42.4371,-43.0949
14641639,-98.50,-82.50,-37.5617,-55.3257
14645545,-178.50,-107.50,-42.2256,-73.1635
14649451,-80.50,-162.50,-40.8981,-88.1308
14653357,83.50,-165.50,-32.1032,-90.4299
14657263,108.50,-147.50,-24.6643,-83.7414
14661169,-63.50,-93.50,-25.0483,-81.7316
14665075,-165.50,-74.50,-31.7698,-80.5617
14668981,-128.50,-139.50,-39.0376,-74.3642
14672887,17.50,-175.50,-52.1402,-71.9146
14676793,22.50,-181.50,-75.4643,-80.7564
14680699,-110.50,-123.50,-100.7966,-97.7049
14684605,-244.50,-110.50,-115.0747,-108.2073
14688511,-204.50,-173.50,-117.5300,-109.2209
14692417,-4.50,-171.50,-110.8987,-103.4794
14696323,64.50,-155.50,-94.5518,-89.1194
14700229,-100.50,-99.50,-87.0878,-77.2404
14704135,-242.50,-104.50,-99.5735,-77.3510
14708041,-211.50,-144.50,-111.7287,-84.8339
14711947,-36.50,-176.50,-109.4376,-88.0823
14715853,54.50,-173.50,-99.0023,-85.3405
14719759,-49.50,-101.50,-89.9547,-82.0887
14723665,-216.50,-89.50,-87.6046,-78.1116
14727571,-217.50,-136.50,-90.8671,-77.3883
14731477,-58.50,-178.50,-93.8515,-80.3315
14735383,23.50,-172.50,-97.7866,-81.3834
14739289,-34.50,-121.50,-102.3774,-81.1579
14743195,-230.50,-110.50,-104.1390,-84.2647
14747101,-255.50,-130.50,-109.5843,-88.9611
14751007,-93.50,-207.50,-113.9483,-92.6521
14754913,30.50,-186.50,-109.4868,-96.0931
14758819,-44.50,-143.50,-105.4589,-95.5460
14762725,-232.50,-133.50,-111.1695,-97.1582
14766631,-284.50,-156.50,-123.3698,-105.7663
14770537,-154.50,-209.50,-132.6568,-111.5420
14774443,-13.50,-203.50,-136.0348,-109.3249
14778349,-43.50,-137.50,-134.0679,-99.1592
14782259,-216.50,-111.50,-128.9417,-87.5040
14786165,-272.50,-141.50,-122.8709,-85.1742
14790071,-158.50,-194.50,-115.6104,-90.3079
14793977,-15.50,-207.50,-112.3644,-94.0888
14797883,-20.50,-164.50,-113.6485,-94.6200
14801789,-176.50,-110.50,-111.3247,-92.2138
14805695,-240.50,-137.50,-100.0708,-88.7299
14809601,-152.50,-191.50,-84.5327,-88.7167
14813507,13.50,-178.50,-75.7410,-85.2448
14817413,22.50,-139.50,-73.8461,-72.0878
14821319,-143.50,-97.50,-75.3608,-61.0932
14825225,-262.50,-111.50,-81.0974,-60.2481
14829131,-218.50,-159.50,-92.9309,-63.4072
14833037,-36.50,-178.50,-106.9963,-63.0388
14836943,14.50,-170.50,-108.8177,-63.2000
14840849,-125.50,-124.50,-97.4504,-71.2826
14844755,-258.50,-125.50,-86.9009,-80.6118
14848661,-216.50,-173.50,-85.0742,-83.5109
14852567,-61.50,-198.50,-92.0069,-80.6557
14856473,-2.50,-181.50,-101.6602,-76.9979
14860379,-130.50,-115.50,-106.9538,-74.9485
14864285,-48.50,-29.50,-69.9891,-57.8947
14868191,-216.50,-172.50,-6.7699,-36.2146
14872097,-86.50,-233.50,-13.3549,-50.1378
14876003,-16.50,-212.50,-73.8505,-84.4312
14879909,-110.50,-140.50,-111.1354,-99.9681
14883815,-270.50,-144.50,-118.6987,-98.5486
14887721,-258.50,-178.50,-114.8870,-96.1384
14891627,-101.50,-236.50,-107.2139,-95.6602
14895533,16.50,-218.50,-95.1196,-95.7900
14899439,-89.50,-135.50,-85.5820,-91.0025
14903345,-282.50,-132.50,-93.2797,-81.8939
14907251,-305.50,-169.50,-115.3493,-79.6164
14911157,-130.50,-209.50,-125.7043,-79.9711
14915063,-14.50,-203.50,-114.8033,-75.3119
14918969,-72.50,-144.50,-99.7196,-69.5598
14922875,-265.50,-136.50,-96.7758,-69.6754
14926781,-296.50,-145.50,-104.9678,-73.3250
14930687,-162.50,-195.50,-109.3000,-69.3465
14934593,-48.50,-216.50,-108.8154,-63.3236
14938499,-101.50,-170.50,-114.2718,-66.8601
14942405,-271.50,-148.50,-124.4297,-77.1266
14946311,-316.50,-164.50,-128.7098,-85.6828
14950217,-188.50,-189.50,-120.1771,-81.5579
14954123,18.50,-130.50,-96.0336,-53.7337
14958029,-20.50,-164.50,-64.6910,-24.6334
14961935,-286.50,-216.50,-65.7989,-44.9296
14965841,-392.50,-236.50,-113.3042,-105.2481
14969747,-288.50,-293.50,-160.6114,-149.0965
14973653,-111.50,-305.50,-174.1391,-160.8571
14977559,-113.50,-269.50,-164.5228,-157.4402
14981465,-286.50,-229.50,-156.0011,-152.1605
14985371,-377.50,-235.50,-154.3315,-147.7473
14989277,-282.50,-272.50,-147.8827,-140.7873
14993183,-105.50,-290.50,-134.7748,-131.2989
14997089,-58.50,-251.50,-119.2655,-122.9403
15000995,-225.50,-192.50,-107.2947,-114.6153
15004901,-339.50,-184.50,-103.4200,-102.4266
15008807,-248.50,-208.50,-96.3559,-85.6677
15012713,-49.50,-233.50,-75.9120,-68.2030
15016619,13.50,-190.50,-49.5875,-54.8392
15020525,-127.50,-127.50,-31.3625,-42.8309
15024431,-272.50,-152.50,-26.3812,-35.1231
15028337,-224.50,-233.50,-26.9061,-45.0971
15032243,-62.50,-259.50,-26.9073,-66.8242
15036149,-8.50,-240.50,-31.5783,-80.4610
15040055,-140.50,-181.50,-43.9667,-81.4176
15043961,-286.50,-175.50,-54.6847,-75.9168
15047867,-260.50,-201.50,-54.1756,-67.8601
15051773,-74.50,-241.50,-42.8444,-58.7837
15055679,17.50,-236.50,-28.7801,-54.9418
15059585,-76.50,-175.50,-19.7325,-56.8831
15063491,-252.50,-174.50,-17.1594,-58.7659
15067397,-268.50,-210.50,-20.9419,-61.0433
15071303,-111.50,-252.50,-27.8546,-62.5011
15075209,-0.50,-240.50,-33.1201,-61.3366
15079115,-69.50,-160.50,-34.0614,-54.1785
15083021,-229.50,-158.50,-28.1537,-42.8517
15086927,-252.50,-175.50,-17.1173,-36.2832
15090833,-96.50,-236.50,-5.2605,-34.5369
15094739,13.50,-242.50,-0.0328,-38.2312
15098645,-58.50,-194.50,-7.9984,-45.9512
15102551,-253.50,-181.50,-25.4665,-53.1021
15106457,-294.50,-190.50,-40.1983,-56.6025
15110363,-174.50,-239.50,-44.6689,-52.3688
15114269,-37.50,-238.50,-46.7208,-44.7988
15118175,-74.50,-182.50,-51.9551,-37.7309
15122081,-245.50,-146.50,-56.0917,-30.3501
15125987,-322.50,-160.50,-56.7684,-23.6885
15129893,-216.50,-216.50,-56.5112,-19.2598
15133799,-42.50,-223.50,-55.6757,-17.9550
15137705,-64.50,-179.50,-52.7954,-17.2027
15141611,-236.50,-152.50,-53.2069,-17.4728
15145517,-335.50,-156.50,-57.3526,-19.3001
15149423,-252.50,-205.50,-61.4590,-17.9360
15153329,-79.50,-227.50,-64.9839,-14.9213
15157235,-41.50,-196.50,-61.4264,-15.4463
15161141,-209.50,-152.50,-51.3768,-18.6223
15165047,-340.50,-159.50,-47.8372,-20.4808
15168953,-285.50,-232.50,-55.6268,-23.9467
15172859,-129.50,-246.50,-70.1452,-30.9588
15176765,-105.50,-240.50,-86.4854,-38.1512
15180671,-243.50,-209.50,-98.6274,-49.3273
15184577,-154.50,-134.50,-64.5001,-50.1172
15188483,-261.50,-276.50,6.6158,-40.9060
15192389,-129.50,-304.50,17.7655,-53.3282
15196295,-79.50,-292.50,-29.9417,-77.4297
15200201,-176.50,-222.50,-63.1201,-87.2386
15204107,-351.50,-200.50,-69.8611,-80.1240
15208013,-325.50,-262.50,-71.8233,-68.3632
15211919,-148.50,-308.50,-71.4646,-66.5981
15215825,-54.50,-301.50,-61.3240,-73.4992
15219731,-138.50,-248.50,-45.6429,-81.3090
15223637,-347.50,-232.50,-40.2162,-85.1993
15227543,-357.50,-281.50,-56.5650,-86.2025
15231449,-175.50,-322.50,-72.6042,-86.5407
15235355,-79.50,-318.50,-70.1605,-85.9979
15239261,-172.50,-256.50,-64.6468,-84.3547
15243167,-336.50,-214.50,-66.5120,-77.6873
15247073,-340.50,-237.50,-66.2877,-63.9765
15250979,-188.50,-281.50,-56.5377,-48.8146
15254885,-69.50,-261.50,-45.0056,-35.6366
15258791,-129.50,-204.50,-39.7841,-23.2983
15262697,-298.50,-189.50,-39.2249,-16.8618
15266603,-335.50,-200.50,-38.2845,-16.9735
15270509,-190.50,-246.50,-31.8153,-13.4525
15274415,-47.50,-243.50,-20.8002,-4.7628
15278321,-90.50,-223.50,-12.2961,-1.4849
15282227,-265.50,-177.50,-11.3722,-7.5560
15286133,-346.50,-207.50,-17.6933,-13.9376
15290039,-220.50,-253.50,-24.2384,-15.6473
15293945,-56.50,-254.50,-22.3105,-12.1103
15297851,-79.50,-216.50,-14.5168,-5.4456
15301757,-253.50,-168.50,-12.2538,-0.9385
15305663,-334.50,-174.50,-15.3553,3.2766
15309569,-232.50,-211.50,-14.6594,11.4599
15313475,-57.50,-226.50,-7.9079,22.3108
15317381,-51.50,-207.50,1.0392,27.3530
15321287,-207.50,-176.50,6.4645,20.0519
15325193,-303.50,-173.50,9.8470,9.1232
15329099,-224.50,-228.50,15.9108,5.0931
15333005,-30.50,-216.50,25.8146,11.5427
15336911,47.50,-133.50,46.6719,36.0781
15340817,-128.50,-132.50,70.1363,63.4263
15344723,-367.50,-224.50,57.3716,51.2135
15348629,-347.50,-296.50,-1.2552,-2.3684
15352535,-168.50,-342.50,-58.1861,-54.0964
15356441,-98.50,-325.50,-77.7623,-82.1177
15360347,-292.50,-309.50,-81.4671,-97.7638
15364253,-472.50,-350.50,-101.9309,-118.3310
15368159,-431.50,-387.50,-128.5657,-141.8647
15372065,-274.50,-433.50,-140.6130,-154.4310
15375971,-218.50,-446.50,-147.9184,-163.5915
15379877,-320.50,-393.50,-157.3750,-177.6513
15383783,-478.50,-394.50,-158.3280,-186.9116
15387689,-458.50,-436.50,-148.4349,-188.4597
15391595,-291.50,-441.50,-135.1285,-180.8607
15395501,-194.50,-431.50,-126.8780,-164.6431
15399407,-249.50,-361.50,-119.5132,-148.7934
15403313,-390.50,-301.50,-99.0925,-127.9873
15407219,-385.50,-313.50,-68.0776,-95.3264
15411125,-201.50,-356.50,-36.8488,-64.7763
15415031,-79.50,-320.50,-12.3513,-45.8062
15418937,-125.50,-254.50,3.4036,-29.5123
15422843,-300.50,-222.50,15.0899,-12.0476
15426749,-334.50,-237.50,23.4743,3.5644
15430655,-196.50,-296.50,27.9065,13.9885
15434561,-30.50,-292.50,33.1588,15.4364
15438467,-67.50,-244.50,44.7363,12.8696
15442373,-249.50,-217.50,56.1837,11.7369
15446279,-310.50,-227.50,59.8861,14.1478
15450185,-184.50,-290.50,60.3319,18.7466
15454091,-32.50,-277.50,60.3072,21.9370
15457997,-47.50,-226.50,60.3420,27.6888
15461903,-228.50,-184.50,60.3797,36.6428
15465809,-300.50,-190.50,60.9248,46.0719
15469715,-177.50,-229.50,68.0647,56.9530
15473621,-15.50,-211.50,79.2563,71.6005
15477527,-0.50,-175.50,87.1349,87.8892
15481433,-155.50,-117.50,93.5917,99.5871
15485339,-254.50,-131.50,101.5478,107.1346
15489245,-187.50,-189.50,105.9188,109.6097
15493151,-22.50,-206.50,100.4220,106.0165
15497057,-0.50,-178.50,89.7833,100.6255
15500963,-152.50,-128.50,81.5991,96.3100
15504869,-49.50,-36.50,115.6969,111.2867
15508775,-128.50,-159.50,187.2661,140.5399
15512681,-3.50,-226.50,200.9555,137.2685
15516587,14.50,-197.50,149.1218,103.1920
15520493,-117.50,-144.50,99.7382,78.5531
15524399,-270.50,-140.50,74.6118,72.3946
15528305,-244.50,-198.50,62.7565,72.2976
15532211,-63.50,-210.50,57.5043,73.8888
15536117,-6.50,-196.50,59.0847,79.4959
15540023,-122.50,-152.50,59.2481,81.3868
15543929,-273.50,-164.50,55.2539,72.3980
15547835,-263.50,-200.50,50.3582,58.6923
15551741,-101.50,-253.50,46.6373,49.5817
15555647,-12.50,-260.50,45.6107,40.9025
15559553,-107.50,-206.50,45.8230,28.7742
15563459,-264.50,-176.50,45.8424,22.6914
15567365,-271.50,-207.50,45.7583,27.1181
15571271,-124.50,-258.50,45.3514,34.2193
15575177,-6.50,-261.50,45.4468,34.9187
15579083,-73.50,-204.50,48.8935,30.4588
15582989,-271.50,-203.50,48.6478,23.8300
15586895,-288.50,-229.50,39.5542,14.6874
15590801,-127.50,-266.50,37.2252,11.1142
15594707,12.50,-240.50,49.2713,20.5286
15598613,-31.50,-177.50,65.1977,39.2892
15602519,-207.50,-165.50,74.4616,53.0548
15606425,-236.50,-170.50,78.1070,55.7525
15610331,-143.50,-218.50,79.0292,58.3344
15614237,7.50,-230.50,72.8402,62.0516
15618143,-15.50,-159.50,67.4096,65.6774
15622049,-184.50,-143.50,68.2908,70.4151
15625955,-271.50,-143.50,67.1370,72.4192
15629861,-168.50,-206.50,60.9273,73.3292
15633767,-2.50,-191.50,56.0127,76.8699
15637673,-15.50,-147.50,56.3307,85.6127
15641579,-184.50,-128.50,55.0264,90.5571
15645485,-286.50,-154.50,48.4725,81.7768
15649391,-220.50,-218.50,38.2118,65.6669
15653297,-77.50,-255.50,22.5092,48.9585
15657203,-73.50,-236.50,3.8762,31.7077
15661109,-244.50,-196.50,-14.2196,15.8487
15665015,-383.50,-204.50,-33.1492,6.2243
15668921,-334.50,-292.50,-52.9651,-2.7854
15672827,-160.50,-316.50,-67.3362,-17.7027
15676733,-138.50,-303.50,-73.5811,-32.1683
15680639,-285.50,-281.50,-79.9102,-46.6327
15684545,-444.50,-294.50,-91.8109,-64.6779
15688451,-440.50,-380.50,-112.3586,-85.2933
15692357,-288.50,-432.50,-139.5399,-109.3258
15696263,-239.50,-452.50,-162.3846,-136.8846
15700169,-348.50,-419.50,-173.0699,-166.3308
15704075,-569.50,-420.50,-182.9403,-189.1461
15707981,-628.50,-561.50,-218.7653,-214.4606
15711887,-512.50,-623.50,-278.7376,-257.4069
15715793,-512.50,-644.50,-343.1723,-302.1098
15719699,-619.50,-584.50,-399.7733,-329.6902
15723605,-776.50,-582.50,-429.0972,-337.9962
15727511,-826.50,-687.50,-436.0871,-346.0833
15731417,-706.50,-810.50,-447.9635,-379.4787
15735323,-617.50,-815.50,-468.1867,-429.3385
15739229,-723.50,-756.50,-486.9561,-462.0704
15743135,-872.50,-728.50,-497.1373,-465.3446
15747041,-877.50,-751.50,-488.9715,-450.3109
15750947,-736.50,-826.50,-465.9107,-433.0904
15754853,-634.50,-841.50,-448.3297,-428.5315
15758759,-686.50,-801.50,-443.7687,-436.3188
15762665,-865.50,-782.50,-443.6213,-446.6436
15766571,-876.50,-751.50,-436.7542,-442.0738
15770477,-694.50,-789.50,-407.9103,-410.3569
15774383,-514.50,-789.50,-356.6016,-371.1445
15778289,-549.50,-702.50,-306.3833,-340.1398
15782195,-750.50,-683.50,-283.9560,-317.1357
15786101,-788.50,-666.50,-284.5485,-301.1559
15790007,-657.50,-686.50,-277.5845,-277.3531
15793913,-512.50,-687.50,-259.5610,-242.9343
15797819,-513.50,-623.50,-244.0679,-211.8942
15801725,-672.50,-596.50,-231.4832,-193.1641
15805631,-783.50,-599.50,-224.2420,-186.8944
15809537,-682.50,-655.50,-224.2965,-183.3629
15813443,-512.50,-686.50,-222.1229,-179.6439
15817349,-447.50,-624.50,-204.0567,-174.8435
15821259,-632.50,-590.50,-176.6497,-166.3911
15825165,-512.50,-462.50,-125.4620,-138.5658
15829071,-592.50,-559.50,-55.1233,-87.7477
15832977,-415.50,-552.50,-36.4808,-49.9677
15836883,-396.50,-532.50,-62.0982,-34.9898
15840789,-521.50,-460.50,-77.8755,-27.5903
15844695,-649.50,-447.50,-78.0744,-19.4355
15848601,-581.50,-512.50,-69.2907,-11.5658
15852507,-367.50,-513.50,-48.5807,-4.8760
15856413,-306.50,-512.50,-15.7976,4.4407
15860319,-461.50,-432.50,4.6074,11.8515
15864225,-630.50,-440.50,-4.4105,16.1827
15868131,-590.50,-469.50,-25.5838,18.4555
15872037,-374.50,-513.50,-26.2090,22.1464
15875943,-292.50,-480.50,-0.2506,29.9209
15879849,-357.50,-384.50,32.8613,46.0875
15883755,-512.50,-381.50,61.2623,67.2741
15887661,-512.50,-410.50,75.8647,79.3488
15891567,-354.50,-474.50,75.9464,80.9603
15895473,-270.50,-447.50,70.0367,79.4079
15899379,-313.50,-364.50,69.8840,85.9014
15903285,-479.50,-348.50,83.1340,99.8579
15907191,-478.50,-366.50,99.5120,110.3036
15911097,-335.50,-414.50,110.7159,118.5883
15915003,-192.50,-396.50,119.6206,128.0583
15918909,-244.50,-336.50,132.1235,137.8196
15922815,-438.50,-312.50,140.7375,143.4471
15926721,-469.50,-330.50,136.8264,143.9938
15930627,-312.50,-355.50,135.3358,150.4597
15934533,-180.50,-341.50,143.9514,168.3498
15938439,-208.50,-250.50,153.9710,193.4957
15942345,-367.50,-224.50,162.9926,216.4219
15946251,-421.50,-224.50,171.7632,228.7545
15950157,-302.50,-273.50,178.6865,236.3854
15954063,-149.50,-279.50,182.3715,243.4799
15957969,-164.50,-241.50,184.6423,245.3736
15961875,-335.50,-207.50,185.2819,239.4398
15965781,-414.50,-194.50,183.2540,234.4115
15969687,-303.50,-264.50,183.7565,237.1505
15973593,-124.50,-280.50,191.4175,238.5923
15977499,-124.50,-236.50,202.4701,236.2705
15981405,-297.50,-153.50,205.1251,240.1239
15985311,-398.50,-141.50,197.6022,255.9832
15989217,-316.50,-208.50,190.8437,272.0715
15993123,-109.50,-196.50,195.3387,281.2148
15997029,-108.50,-170.50,207.4180,290.1434
16000935,-237.50,-110.50,212.7746,295.1264
16004841,-329.50,-105.50,218.6016,294.9470
16008747,-259.50,-144.50,234.2620,296.3250
16012653,-82.50,-182.50,249.3941,299.2362
16016559,-26.50,-156.50,257.8056,298.5343
16020465,-192.50,-105.50,255.2647,292.7689
16024371,-350.50,-118.50,237.2541,281.9513
16028277,-303.50,-161.50,215.9859,268.0742
16032183,-152.50,-184.50,203.2179,261.6161
16036089,-61.50,-191.50,197.8924,260.5173
16039995,-150.50,-97.50,204.1645,258.7077
16043901,-318.50,-79.50,217.0522,264.0878
16047807,-303.50,-105.50,220.7184,274.9715
16051713,-128.50,-141.50,217.8016,284.9321
16055619,-20.50,-134.50,219.7136,290.3370
16059525,-141.50,-77.50,221.7403,288.1377
16063431,-328.50,-93.50,211.0214,276.0403
16067337,-350.50,-111.50,189.3560,257.7637
16071243,-180.50,-182.50,172.8323,244.2706
16075149,-58.50,-196.50,170.5746,231.1150
16079055,-136.50,-122.50,175.4516,217.9233
16082961,-324.50,-126.50,174.9402,209.4526
16086867,-349.50,-109.50,167.8940,205.6537
16090773,-210.50,-207.50,162.2281,206.0545
16094679,-80.50,-223.50,158.0824,195.6804
16098585,-112.50,-181.50,156.9010,174.9148
16102491,-264.50,-173.50,165.8093,154.4361
16106397,-276.50,-190.50,187.4097,136.0745
16110303,-150.50,-257.50,213.7538,124.2021
16114209,10.50,-239.50,230.1806,122.0072
16118115,-25.50,-186.50,234.2740,130.8116
16122021,-193.50,-178.50,231.2510,136.2077
16125927,-284.50,-177.50,223.9515,128.7430
16129833,-173.50,-225.50,214.9477,123.5227
16133739,10.50,-252.50,211.5195,124.1394
16137645,34.50,-191.50,222.4615,125.3099
16141551,-129.50,-154.50,240.5627,128.0646
16145457,-85.50,-73.50,274.2044,143.1992
16149363,-63.50,-127.50,322.2694,177.1996
16153269,110.50,-140.50,340.2496,206.7608
16157175,128.50,-105.50,327.8619,217.5340
16161081,-15.50,-48.50,316.4130,218.4935
16164987,-108.50,-4.50,315.3861,223.8824
16168893,-5.50,-52.50,328.4403,239.4965
16172799,225.50,-63.50,357.6790,255.1802
16176705,313.50,-15.50,401.1062,268.7378
16180611,209.50,62.50,445.5254,284.8585
16184517,110.50,64.50,480.2863,298.2624
16188423,175.50,48.50,504.6587,305.4043
16192329,361.50,35.50,519.3120,315.7990
16196235,448.50,31.50,528.3761,325.7516
16200141,355.50,112.50,538.8374,326.2205
16204047,189.50,126.50,546.5221,325.5204
16207953,225.50,112.50,543.1542,329.2902
16211859,401.50,118.50,536.4731,343.8691
16215765,501.50,155.50,534.7848,371.4492
16219671,401.50,231.50,534.9606,399.1874
16223577,215.50,252.50,527.6523,415.5733
16227483,214.50,215.50,509.2009,416.8285
16231389,358.50,191.50,487.9805,411.6307
16235295,474.50,192.50,470.5515,409.3348
16239201,399.50,224.50,460.5025,402.9714
16243107,241.50,235.50,457.9053,385.4782
16247013,208.50,213.50,455.8308,365.1908
16250919,339.50,170.50,446.1594,353.4507
16254825,469.50,176.50,429.5152,350.3140
16258731,433.50,235.50,418.7041,351.4703
16262637,254.50,249.50,417.0344,350.3184
16266543,208.50,243.50,414.0304,343.5372
16270449,328.50,176.50,405.3819,334.9779
16274355,467.50,190.50,392.0404,327.2928
16278261,428.50,257.50,377.1522,328.2239
16282167,240.50,272.50,361.0550,333.3087
16286073,147.50,256.50,339.6015,327.9643
16289979,231.50,176.50,311.9127,311.2828
16293885,371.50,160.50,281.0271,288.6650
16297791,294.50,187.50,244.6802,267.5062
16301697,161.50,222.50,207.7829,250.6146
16305603,48.50,211.50,187.3727,237.5253
16309509,130.50,127.50,177.3740,223.6370
16313415,302.50,112.50,167.1808,204.9985
16317321,307.50,133.50,160.3218,188.1346
16321227,145.50,169.50,152.9586,173.8273
16325133,38.50,151.50,144.0016,158.3662
16329039,81.50,100.50,133.4141,143.5987
16332945,240.50,76.50,116.2166,133.6126
16336851,267.50,74.50,97.0074,123.8276
16340757,124.50,111.50,82.4755,105.8456
16344663,-10.50,101.50,72.8463,84.5420
16348569,15.50,62.50,62.4472,69.6036
16352475,190.50,27.50,49.0076,63.5338
16356381,241.50,43.50,38.7101,60.3488
16360287,130.50,97.50,34.1908,55.8220
16364193,-15.50,102.50,34.6024,51.7032
16368099,33.50,62.50,39.3689,48.0097
16372005,179.50,32.50,43.9844,45.9770
16375911,250.50,22.50,39.2356,42.1027
16379817,135.50,82.50,25.5639,32.7874
16383723,-46.50,95.50,8.2259,25.3177
16387629,-60.50,44.50,-13.1909,19.6976
16391535,96.50,-5.50,-32.9340,10.0365
16395441,176.50,-4.50,-47.1989,-1.8148
16399347,99.50,53.50,-57.7828,-10.1836
16403253,-63.50,52.50,-61.8981,-16.0623
16407159,-109.50,13.50,-65.4582,-26.4853
16411065,25.50,-74.50,-77.7323,-45.1063
16414971,129.50,-73.50,-95.3008,-69.0802
16418877,43.50,-17.50,-113.8473,-84.9958
16422783,-150.50,5.50,-134.9316,-88.0646
16426689,-219.50,-22.50,-159.3242,-88.0558
16430595,-74.50,-52.50,-178.6588,-85.8430
16434501,78.50,-52.50,-181.4162,-77.9363
16438407,45.50,-9.50,-169.8771,-70.4395
16442313,-130.50,14.50,-158.4941,-70.7895
16446219,-195.50,-4.50,-155.2714,-77.0254
16450125,-66.50,-69.50,-154.1422,-84.4030
16454031,86.50,-86.50,-149.7939,-93.0117
16457937,49.50,-61.50,-148.3171,-103.5554
16461843,-152.50,-50.50,-160.3206,-118.9718
16465749,-124.50,-14.50,-162.9023,-129.2154
16469655,-139.50,-116.50,-148.0658,-128.2935
16473561,8.50,-143.50,-160.2520,-135.8265
16477467,16.50,-127.50,-191.5591,-154.3109
16481373,-152.50,-79.50,-208.1165,-169.7029
16485279,-271.50,-84.50,-215.9750,-175.8301
16489185,-203.50,-144.50,-223.9365,-176.3868
16493091,-19.50,-175.50,-227.6476,-178.8208
16496997,-9.50,-159.50,-224.7372,-184.5930
16500903,-176.50,-108.50,-227.8465,-191.2451
16504809,-298.50,-111.50,-239.2674,-195.0989
16508715,-226.50,-157.50,-243.9487,-196.0494
16512621,-62.50,-188.50,-238.0305,-194.9641
16516527,-15.50,-194.50,-231.6211,-197.0306
16520433,-180.50,-142.50,-235.4180,-206.2705
16524339,-335.50,-144.50,-251.7112,-215.8060
16528245,-288.50,-207.50,-266.8845,-224.7312
16532151,-85.50,-223.50,-262.9694,-231.0658
16536057,-17.50,-222.50,-243.1024,-229.5005
16539963,-138.50,-169.50,-228.1144,-226.7351
16543869,-326.50,-164.50,-230.5700,-227.5466
16547775,-353.50,-240.50,-252.1169,-236.4851
16551681,-212.50,-297.50,-284.1968,-256.0227
16555587,-128.50,-306.50,-311.0683,-276.8376
16559493,-229.50,-294.50,-324.8844,-296.8720
16563399,-383.50,-239.50,-325.7215,-311.4429
16567305,-422.50,-329.50,-322.3720,-317.5671
16571211,-362.50,-512.50,-340.1930,-350.6364
16575117,-303.50,-529.50,-391.9798,-420.9062
16579023,-435.50,-482.50,-456.1838,-477.1509
16582929,-656.50,-532.50,-513.3033,-506.6491
16586835,-721.50,-559.50,-558.3709,-533.5927
16590741,-617.50,-628.50,-589.6423,-551.7411
16594647,-512.50,-689.50,-611.8136,-563.8346
16598553,-610.50,-687.50,-632.7828,-589.1253
16602459,-809.50,-708.50,-657.4234,-628.4182
16606365,-875.50,-720.50,-678.6773,-663.5158
16610271,-745.50,-789.50,-684.6707,-676.4685
16614177,-624.50,-845.50,-679.8081,-679.3261
16618083,-653.50,-815.50,-675.3402,-688.9416
16621989,-814.50,-777.50,-669.2434,-697.5241
16625895,-879.50,-756.50,-655.3828,-690.6122
16629801,-762.50,-794.50,-634.8259,-664.9267
16633707,-604.50,-805.50,-613.8383,-632.8105
16637613,-590.50,-785.50,-593.9549,-609.6366
16641519,-749.50,-746.50,-573.4281,-600.9770
16645425,-831.50,-753.50,-553.4441,-599.8130
16649331,-734.50,-821.50,-533.1657,-599.5945
16653237,-522.50,-809.50,-506.4844,-592.6479
16657143,-467.50,-762.50,-466.5588,-568.3612
16661049,-624.50,-724.50,-425.6897,-538.8432
16664955,-668.50,-665.50,-390.3007,-512.5894
16668861,-606.50,-712.50,-351.9626,-481.4829
16672767,-436.50,-739.50,-323.3702,-453.8359
16676673,-354.50,-671.50,-305.1349,-429.7878
16680579,-452.50,-549.50,-277.1146,-389.1153
16684485,-591.50,-540.50,-243.3536,-336.3897
16688391,-514.50,-529.50,-217.1559,-291.4935
16692297,-348.50,-612.50,-196.8878,-262.9898
16696203,-256.50,-578.50,-178.8236,-254.9279
16700109,-328.50,-453.50,-154.1030,-242.1847
16704015,-367.50,-388.50,-104.0821,-199.6128
16707921,-392.50,-417.50,-44.1737,-147.6480
16711827,217.50,-271.50,55.8534,-82.4765
16715733,557.50,-197.50,278.8306,20.3665
16719639,-96.50,-340.50,441.7088,84.1882
16723545,-367.50,-367.50,324.1557,35.8216
16727451,-335.50,-363.50,107.0740,-45.1939
16731357,-254.50,-429.50,-9.7146,-78.1862
16735263,-136.50,-432.50,-56.7886,-81.4207
16739169,189.50,-223.50,-3.3889,-53.4239
16743075,-278.50,-309.50,131.7401,-0.1583
16746981,-384.50,-348.50,160.2773,13.2460
16750887,-233.50,-381.50,74.0043,-9.7903
16754793,-82.50,-364.50,2.8208,-20.0880
16758699,-126.50,-255.50,-18.0499,-2.6789
16762605,-248.50,-185.50,4.9047,40.4936
16766511,-314.50,-218.50,51.5436,84.3822
16770417,-158.50,-205.50,87.3598,114.0535
16774323,21.50,-196.50,101.1974,141.2707
16778229,-10.50,-136.50,104.9433,165.4828
16782135,-175.50,-111.50,109.8865,177.7928
16786041,-118.50,-60.50,145.6156,190.2625
16789947,-56.50,-149.50,206.8074,208.8384
16793853,69.50,-157.50,225.3352,213.2912
16797759,44.50,-96.50,189.5149,207.7232
16801665,-111.50,-24.50,154.3344,215.0659
16805571,-191.50,-58.50,152.1872,229.5171
16809477,-76.50,-110.50,173.8174,232.3042
16813383,122.50,-86.50,196.3428,231.7260
16817289,154.50,-32.50,211.9762,245.2008
16821195,18.50,21.50,226.5316,264.6189
16825101,-86.50,22.50,246.5459,277.7031
16829007,15.50,-30.50,269.8373,282.5393
16832913,189.50,-16.50,285.3191,286.4719
16836819,227.50,11.50,284.6598,295.8945
16840725,102.50,69.50,278.9419,303.6823
16844631,-20.50,85.50,285.8656,308.9296
16848537,33.50,36.50,300.7795,314.8102
16852443,226.50,23.50,309.5356,319.0486
16856349,320.50,65.50,314.6246,324.5471
16860259,213.50,166.50,326.4533,339.3850
16864165,95.50,192.50,349.1397,365.6690
16868071,166.50,147.50,381.4587,388.4752
16871977,361.50,139.50,413.8800,399.6009
16875883,439.50,199.50,429.6351,412.3509
16879789,327.50,263.50,424.8993,431.6021
16883695,154.50,265.50,413.0552,443.1823
16887601,146.50,215.50,401.2781,438.1537
16891507,293.50,186.50,384.6782,426.3384
16895413,384.50,198.50,359.7017,418.2423
16899319,291.50,240.50,333.9778,410.2145
16903225,127.50,250.50,320.3826,397.3337
16907131,107.50,234.50,319.8962,386.9031
16911037,251.50,185.50,319.3562,384.9826
16914943,363.50,175.50,307.1485,380.7140
16918849,331.50,226.50,293.9012,367.3179
16922755,163.50,250.50,296.8259,353.3825
16926661,103.50,229.50,305.6724,345.8925
16930567,235.50,182.50,302.3937,344.1923
16934473,395.50,190.50,291.1646,343.8685
16938379,348.50,252.50,283.4152,344.5573
16942285,176.50,281.50,279.6843,345.9991
16946191,113.50,275.50,278.8715,346.9817
16950097,243.50,226.50,280.9893,349.1492
16954003,404.50,230.50,281.6579,350.9382
16957909,384.50,250.50,278.0569,346.4441
16961815,235.50,299.50,275.5163,334.6613
16965721,147.50,302.50,280.1736,328.2573
16969627,240.50,243.50,284.1216,330.5439
16973533,399.50,206.50,276.6946,325.6188
16977439,400.50,228.50,261.1938,306.4340
16981345,240.50,283.50,247.2016,285.5418
16985251,131.50,263.50,240.5774,273.8175
16989157,214.50,193.50,239.4440,263.3748
16993063,397.50,183.50,239.0720,250.2493
16996969,415.50,211.50,235.7285,241.6180
17000875,258.50,274.50,225.9956,238.7839
17004781,139.50,289.50,216.2918,242.6690
17008687,197.50,240.50,213.4490,250.2104
17012593,368.50,225.50,211.2001,255.0333
17016499,433.50,240.50,206.2453,254.9002
17020405,299.50,327.50,202.8768,254.1029
17024311,163.50,305.50,203.1835,255.3621
17028217,192.50,269.50,204.3427,251.1372
17032123,339.50,223.50,196.8660,242.0022
17036029,432.50,235.50,181.2451,230.8951
17039935,311.50,299.50,170.3388,220.0954
17043841,144.50,301.50,164.6371,213.5718
17047747,144.50,251.50,156.5467,206.0726
17051653,317.50,192.50,146.9636,192.9603
17055559,421.50,176.50,140.9201,172.1035
17059465,305.50,219.50,135.0100,145.7912
17063371,115.50,207.50,121.0704,119.4887
17067277,101.50,192.50,102.6918,99.6671
17071183,321.50,186.50,100.3984,100.7545
17075089,461.50,219.50,123.3899,124.0828
17078995,303.50,207.50,135.6295,138.6710
17082901,113.50,195.50,108.8202,116.8933
17086807,68.50,170.50,71.0644,78.2940
17090713,192.50,144.50,45.7287,58.6206
17094619,326.50,126.50,26.7459,57.6911
17098525,299.50,176.50,17.8200,56.8823
17102431,118.50,195.50,23.4485,52.0013
17106337,198.50,243.50,54.7582,57.4676
17110243,238.50,178.50,100.1019,78.2379
17114149,359.50,167.50,102.6566,90.3954
17118055,317.50,209.50,64.1484,85.8797
17121961,162.50,261.50,34.7907,81.6210
17125867,70.50,206.50,27.5179,77.7441
17129773,187.50,135.50,28.3500,60.2053
17133679,335.50,144.50,26.0040,38.5912
17137585,309.50,175.50,16.0349,31.1489
17141491,154.50,213.50,2.6928,31.4224
17145397,66.50,205.50,-1.3882,30.6006
17149303,158.50,131.50,4.0526,24.8431
17153209,320.50,111.50,7.3154,11.7434
17157115,336.50,146.50,4.1973,-0.0193
17161021,170.50,207.50,-2.8191,-1.7189
17164927,41.50,208.50,-12.5535,5.4787
17168833,85.50,146.50,-26.5984,10.5985
17172739,257.50,137.50,-43.6832,9.2089
17176645,302.50,153.50,-54.8557,7.0676
17180551,170.50,208.50,-55.6201,4.6934
17184457,48.50,213.50,-48.1904,3.4528
17188363,80.50,157.50,-40.4213,2.2661
17192269,235.50,125.50,-43.7654,-2.6662
17196175,302.50,149.50,-55.7931,-7.9318
17200081,192.50,205.50,-62.5104,-9.4620
17203987,55.50,203.50,-57.2574,-9.8055
17207893,68.50,143.50,-48.3632,-16.4363
17211799,219.50,118.50,-48.6702,-26.7499
17215705,298.50,127.50,-59.4183,-32.1185
17219611,196.50,225.50,-71.0255,-26.6458
17223517,28.50,162.50,-77.7241,-22.1447
17227423,18.50,130.50,-82.9363,-38.6500
17231329,176.50,89.50,-88.4519,-59.6422
17235235,293.50,107.50,-90.3626,-65.9183
17239141,214.50,159.50,-87.0035,-63.5136
17243047,43.50,177.50,-83.0035,-60.4516
17246953,11.50,145.50,-83.4159,-59.7040
17250859,162.50,102.50,-86.3186,-59.3285
17254765,272.50,85.50,-90.3149,-62.5590
17258671,223.50,147.50,-95.1104,-70.2327
17262577,47.50,167.50,-97.0448,-74.9088
17266483,7.50,146.50,-95.6926,-74.9682
17270389,150.50,109.50,-90.3645,-70.8264
17274295,285.50,116.50,-83.8958,-62.6025
17278201,263.50,166.50,-79.7829,-54.4284
17282107,78.50,183.50,-77.9809,-52.4009
17286013,-8.50,147.50,-83.3664,-60.2308
17289919,107.50,80.50,-93.9305,-74.9191
17293825,261.50,74.50,-100.9595,-89.2217
17297731,246.50,123.50,-103.1362,-95.6003
17301637,80.50,161.50,-103.9846,-94.1266
17305543,-24.50,159.50,-106.5212,-88.4673
17309449,63.50,106.50,-112.3435,-80.8904
17313355,226.50,112.50,-119.3501,-73.0008
17317261,253.50,157.50,-120.8923,-63.3801
17321167,89.50,194.50,-116.7140,-56.0527
17325073,-17.50,192.50,-112.9084,-53.9444
17328979,64.50,130.50,-108.7669,-54.5864
17332885,251.50,112.50,-100.4474,-57.7994
17336791,303.50,131.50,-87.1778,-63.4404
17340697,159.50,208.50,-74.0174,-65.9009
17344603,45.50,208.50,-64.3491,-58.2178
17348509,80.50,153.50,-58.5966,-48.6193
17352415,272.50,138.50,-56.8410,-44.6848
17356321,339.50,146.50,-52.2913,-45.1120
17360227,227.50,208.50,-42.6011,-49.4534
17364133,95.50,194.50,-29.9632,-54.5623
17368039,107.50,147.50,-20.4171,-60.8374
17371945,255.50,114.50,-24.3543,-66.4385
17375851,342.50,125.50,-37.6420,-69.9706
17379757,225.50,179.50,-48.2193,-74.1088
17383663,45.50,161.50,-57.4434,-81.4899
17387569,43.50,128.50,-69.7335,-92.1515
17391475,202.50,76.50,-79.8006,-100.0069
17395381,301.50,92.50,-84.9278,-104.5512
17399287,223.50,143.50,-86.2111,-107.3902
17403193,48.50,144.50,-84.8542,-110.5040
17407099,27.50,123.50,-84.7869,-113.9433
17411005,162.50,70.50,-88.4248,-113.4729
17414911,258.50,80.50,-99.6598,-112.4299
17418817,212.50,139.50,-113.1483,-111.5152
17422723,41.50,151.50,-116.0978,-109.8186
17426629,60.50,172.50,-101.2227,-102.4938
17430535,123.50,80.50,-83.1424,-90.4779
17434441,240.50,63.50,-92.8998,-94.5120
17438347,187.50,108.50,-121.9754,-112.8246
17442253,15.50,135.50,-142.9667,-126.1381
17446159,-53.50,111.50,-151.8269,-130.9455
17450065,68.50,58.50,-152.3951,-131.1778
17453971,224.50,59.50,-147.5736,-129.1457
17457877,209.50,110.50,-139.9016,-123.9625
17461783,48.50,112.50,-133.2226,-123.2918
17465689,-50.50,113.50,-131.5085,-130.8361
17469595,36.50,73.50,-136.7709,-132.1064
17473501,163.50,79.50,-150.1888,-120.8081
17477407,202.50,115.50,-161.9756,-106.3318
17481313,55.50,177.50,-157.4707,-94.8781
17485219,-10.50,218.50,-137.1754,-76.3227
17489125,96.50,139.50,-106.6868,-52.7583
17493031,176.50,36.50,-90.9270,-58.7465
17496937,208.50,51.50,-109.8059,-101.6482
17500843,48.50,103.50,-138.1676,-141.8227
17504749,-72.50,114.50,-154.5526,-153.3835
17508655,15.50,54.50,-154.4096,-147.6476
17512561,202.50,60.50,-135.3539,-136.7987
17516467,255.50,53.50,-110.0384,-126.0208
17520373,135.50,109.50,-93.0203,-125.3979
17524279,-2.50,118.50,-85.8167,-129.8879
17528185,16.50,49.50,-87.2874,-134.3368
17532091,205.50,21.50,-90.5850,-141.3111
17535997,294.50,55.50,-82.4787,-141.7031
17539903,198.50,143.50,-64.3218,-127.0755
17543809,31.50,160.50,-50.9683,-103.4092
17547715,16.50,106.50,-55.1466,-88.2963
17551621,169.50,83.50,-72.4136,-84.9604
17555527,268.50,83.50,-85.5932,-83.6174
17559433,186.50,128.50,-86.3461,-85.6990
17563339,32.50,131.50,-78.8341,-94.4402
17567245,19.50,111.50,-71.0265,-102.6821
17571151,149.50,63.50,-69.9703,-102.3877
17575057,272.50,61.50,-74.9477,-99.0202
17578963,208.50,108.50,-76.3948,-100.1367
17582869,33.50,119.50,-74.2869,-105.9220
17586775,-30.50,112.50,-79.9263,-110.2726
17590681,142.50,54.50,-87.3249,-107.2524
17594587,253.50,48.50,-84.7907,-104.0016
17598493,208.50,101.50,-81.2937,-104.1298
17602399,47.50,134.50,-81.2538,-102.9760
17606305,-4.50,134.50,-78.4911,-97.0214
17610211,118.50,74.50,-72.7444,-87.4132
17614117,275.50,80.50,-65.6725,-79.7209
17618023,277.50,144.50,-53.7238,-70.1153
17621929,112.50,192.50,-38.1816,-55.3801
17625835,26.50,199.50,-29.5886,-39.1303
17629741,98.50,121.50,-34.9465,-28.5792
17633647,244.50,97.50,-51.8637,-32.3411
17637553,236.50,116.50,-69.0217,-46.5408
17641459,38.50,146.50,-85.7863,-63.6432
17645365,-79.50,145.50,-108.8925,-76.6756
17649271,-4.50,67.50,-130.2514,-84.0688
17653177,161.50,16.50,-140.2562,-96.6608
17657083,195.50,37.50,-138.3412,-116.1255
17660989,41.50,87.50,-131.5953,-131.2506
17664895,-85.50,79.50,-129.2450,-137.3032
17668801,-31.50,29.50,-132.4005,-138.7336
17672707,140.50,23.50,-135.6503,-134.0702
17676613,182.50,39.50,-135.7402,-123.1869
17680519,48.50,90.50,-135.3161,-116.5040
17684425,-97.50,83.50,-136.7968,-118.2737
17688331,-63.50,66.50,-140.0342,-119.4320
17692237,129.50,17.50,-138.4035,-113.4244
17696143,191.50,47.50,-128.7055,-106.4806
17700049,89.50,107.50,-118.7978,-100.2688
17703955,-58.50,142.50,-110.6169,-89.5074
17707861,-47.50,65.50,-104.4739,-81.8259
17711767,138.50,25.50,-98.6024,-87.1125
17715673,221.50,36.50,-89.9350,-96.1623
17719579,115.50,107.50,-86.2154,-96.3613
17723485,-54.50,101.50,-91.0381,-92.5534
17727391,-76.50,67.50,-100.1705,-95.0154
17731297,112.50,26.50,-103.2536,-98.4785
17735203,260.50,48.50,-86.9561,-93.7823
17739109,177.50,135.50,-60.3144,-77.9098
17743015,21.50,171.50,-42.6927,-54.1825
17746921,-19.50,115.50,-36.4236,-39.3987
17750827,29.50,21.50,-52.3416,-49.1412
17754733,112.50,16.50,-102.0023,-75.7552
17758639,84.50,59.50,-151.5768,-97.6878
17762545,-106.50,77.50,-169.8743,-109.8057
17766451,-150.50,63.50,-169.1409,-115.5393
17770357,-25.50,23.50,-162.3594,-110.6188
17774263,118.50,25.50,-154.5923,-96.8250
17778169,84.50,75.50,-150.6312,-83.4555
17782075,-72.50,95.50,-148.8134,-79.4803
17785981,-129.50,65.50,-141.9483,-87.3006
17789887,-24.50,16.50,-128.9859,-96.9215
17793793,142.50,10.50,-117.0217,-97.7935
17797699,148.50,48.50,-105.9358,-92.4666
17801605,-33.50,67.50,-99.0987,-93.0754
17805511,-108.50,81.50,-98.6273,-98.0964
17809417,-21.50,35.50,-94.8483,-93.3288
17813323,134.50,6.50,-89.3154,-83.0353
17817229,154.50,35.50,-87.6810,-80.2965
17821135,26.50,81.50,-83.5780,-84.3339
17825041,-93.50,76.50,-73.9524,-87.9090
17828947,-15.50,24.50,-64.4374,-88.3037
17832853,144.50,-4.50,-58.2868,-87.1740
17836759,183.50,27.50,-56.2967,-85.6507
17840665,62.50,79.50,-54.8665,-83.5420
17844571,-78.50,77.50,-50.7093,-81.6885
17848477,-40.50,19.50,-49.5038,-82.8657
17852383,138.50,-18.50,-50.2746,-87.3035
17856289,190.50,-10.50,-48.5477,-93.8231
17860195,59.50,67.50,-50.2428,-97.1484
17864101,-104.50,64.50,-59.3437,-92.8741
17868007,-89.50,17.50,-71.8216,-89.1082
17871913,80.50,-9.50,-79.4840,-87.2460
17875819,167.50,-14.50,-78.2004,-85.3967
17879725,54.50,50.50,-74.9127,-87.0697
17883631,-110.50,50.50,-76.8316,-90.0634
17887537,-109.50,-6.50,-81.2264,-96.7323
17891443,25.50,-43.50,-85.7214,-105.3101
17895349,115.50,-36.50,-94.9638,-107.7557
17899259,43.50,39.50,-104.6379,-102.0265
17903165,-131.50,45.50,-107.5201,-93.1343
17907071,-168.50,9.50,-109.5436,-90.4150
17910977,-35.50,-47.50,-115.9043,-93.7060
17914883,80.50,-47.50,-124.0872,-97.9940
17918789,22.50,16.50,-129.4862,-98.9888
17922695,-152.50,33.50,-130.9667,-96.3056
17926601,-208.50,17.50,-132.5956,-93.4652
17930507,-75.50,-46.50,-134.3838,-90.4891
17934413,96.50,-38.50,-127.8125,-87.7474
17938319,80.50,16.50,-107.3413,-82.8604
17942225,-74.50,36.50,-82.1179,-78.6882
17946131,-166.50,40.50,-67.6956,-76.3240
17950037,-64.50,-22.50,-70.1262,-69.7756
17953943,95.50,-26.50,-78.7447,-62.9323
17957849,112.50,27.50,-76.3307,-57.3410
17961755,-64.50,45.50,-64.3051,-54.7710
17965661,-158.50,36.50,-57.7288,-58.8664
17969567,-24.50,-31.50,-50.7504,-64.3409
17973473,142.50,-28.50,-32.7129,-65.3405
17977379,113.50,-29.50,-22.2052,-65.9178
17981285,-80.50,-24.50,-39.4104,-81.8631
17985191,-195.50,-32.50,-70.3443,-108.9874
17989097,-118.50,-91.50,-88.5808,-126.1285
17993003,36.50,-113.50,-92.1528,-129.9620
17996909,78.50,-65.50,-91.5709,-124.9145
18000815,-64.50,-11.50,-88.8410,-113.5508
18004721,-207.50,-32.50,-86.6516,-105.3268
18008627,-140.50,-126.50,-85.9083,-113.9050
18012533,52.50,-111.50,-77.9686,-128.7559
18016439,86.50,-116.50,-66.5772,-131.3903
18020345,-44.50,-61.50,-65.5278,-131.1996
18024251,-192.50,-53.50,-70.9929,-131.9803
18028157,-164.50,-101.50,-74.0332,-128.1695
18032063,19.50,-107.50,-71.6982,-118.6194
18035969,111.50,-97.50,-61.8533,-105.1592
18039875,13.50,-29.50,-47.2703,-95.0605
18043781,-144.50,-22.50,-33.7974,-88.0128
18047687,-143.50,-47.50,-26.9584,-80.1441
18051593,47.50,-78.50,-22.0578,-69.0380
18055499,131.50,-63.50,-14.5863,-57.6994
18059405,54.50,-2.50,-9.9579,-50.0552
18063311,69.50,93.50,23.3340,-31.2453
18067217,-16.50,-12.50,91.3824,-5.6529
18071123,60.50,-100.50,116.1703,-11.5315
18075029,162.50,-100.50,77.2026,-45.6084
18078935,93.50,-32.50,33.0948,-68.8930
18082841,-89.50,-3.50,10.3379,-69.5312
18086747,-125.50,-36.50,1.2693,-60.7742
18090653,15.50,-98.50,2.0347,-55.4071
18094559,153.50,-94.50,10.0225,-55.1657
18098465,112.50,-42.50,18.3986,-55.2129
18102371,-82.50,-18.50,17.8322,-55.5900
18106277,-142.50,-48.50,6.4794,-58.8350
18110183,-24.50,-109.50,-2.6860,-62.6500
18114089,112.50,-111.50,-5.2010,-63.9202
18117995,107.50,-47.50,-4.3152,-59.0657
18121901,-86.50,-29.50,-4.7409,-53.0097
18125807,-175.50,-47.50,-13.7128,-54.2312
18129713,-79.50,-106.50,-24.8310,-57.9529
18133619,81.50,-123.50,-29.1563,-59.0513
18137525,55.50,-84.50,-32.2511,-59.6997
18141431,-114.50,-47.50,-43.7001,-62.4045
18145337,-206.50,-60.50,-56.0128,-66.1774
18149243,-131.50,-111.50,-58.0779,-66.5400
18153149,48.50,-138.50,-52.3515,-63.5333
18157055,97.50,-93.50,-39.2089,-60.2300
18160961,-46.50,-45.50,-21.9621,-57.0016
18164867,-153.50,-66.50,-8.0237,-56.7952
18168773,-85.50,-122.50,3.5538,-61.4726
18172679,87.50,-145.50,14.1216,-64.5898
18176585,113.50,-127.50,17.6869,-64.6536
18180491,-18.50,-69.50,10.8806,-65.9535
18184397,-149.50,-63.50,3.7861,-65.3170
18188303,-139.50,-110.50,-0.4614,-60.1254
18192209,48.50,-143.50,-4.7283,-53.3107
18196115,122.50,-116.50,-1.8930,-47.5792
18200021,22.50,-68.50,8.0364,-45.1429
18203927,-112.50,-52.50,20.9526,-44.8539
18207833,-122.50,-111.50,29.8558,-44.8523
18211739,39.50,-152.50,27.5518,-46.2578
18215645,133.50,-136.50,21.8430,-47.9141
18219551,42.50,-69.50,20.6566,-46.2980
18223457,-125.50,-32.50,21.2809,-37.3577
18227363,-159.50,-67.50,16.1171,-22.0968
18231269,-44.50,-140.50,-1.0282,-13.0424
18235175,74.50,-164.50,-22.9797,-23.1794
18239081,-4.50,-79.50,-35.4762,-40.3064
18242987,-160.50,-50.50,-36.6683,-42.0564
18246893,-186.50,-76.50,-30.6266,-31.1271
18250799,-34.50,-144.50,-19.0570,-22.2671
18254705,76.50,-141.50,-9.8016,-21.3373
18258611,-1.50,-82.50,-14.7203,-22.6313
18262517,-169.50,-59.50,-31.2150,-22.8178
18266423,-191.50,-79.50,-38.0694,-23.4639
18270329,-77.50,-139.50,-27.8439,-22.0934
18274235,90.50,-138.50,-13.1278,-18.3243
18278141,54.50,-82.50,-0.5933,-12.5911
18282047,-136.50,-78.50,1.1548,-12.5754
18285953,-217.50,-102.50,-10.9033,-24.6068
18289859,-124.50,-164.50,-25.0180,-37.3872
18293765,45.50,-161.50,-31.9548,-39.5728
18297671,49.50,-126.50,-27.2696,-33.9181
18301577,-130.50,-111.50,-20.1791,-35.2379
18305483,-216.50,-121.50,-19.9118,-46.8324
18309389,-134.50,-185.50,-20.4911,-55.8111
18313295,38.50,-197.50,-18.2183,-57.0899
18317201,26.50,-165.50,-18.6177,-54.4090
18321107,-128.50,-104.50,-27.7145,-50.7774
18325013,-237.50,-126.50,-37.0183,-47.6453
18328919,-164.50,-184.50,-36.2730,-48.3527
18332825,22.50,-198.50,-26.5667,-49.1025
18336731,48.50,-172.50,-15.4224,-45.5633
18340637,-92.50,-126.50,-12.7195,-44.0363
18344543,-222.50,-143.50,-15.7040,-48.7738
18348449,-187.50,-197.50,-18.2754,-56.7579
18352355,-28.50,-214.50,-22.8846,-59.0253
18356261,-4.50,-232.50,-35.0394,-59.6304
18360167,-27.50,-155.50,-37.6472,-66.8601
18364073,-152.50,-143.50,-5.9459,-68.1405
18367979,219.50,-29.50,92.7562,-33.5721
18371885,435.50,-26.50,265.6686,47.4379
18375791,45.50,-315.50,334.1484,74.2815
18379697,-272.50,-395.50,153.9926,-42.6801
18383603,-556.50,-431.50,-124.8273,-211.3583
18387509,-633.50,-550.50,-332.1744,-329.4030
18391415,-512.50,-623.50,-445.8786,-398.2996
18395321,-477.50,-642.50,-496.9119,-434.4430
18399227,-625.50,-600.50,-522.7283,-444.8538
18403133,-842.50,-661.50,-549.3292,-453.3765
18407039,-892.50,-706.50,-586.3983,-481.3087
18410945,-747.50,-797.50,-623.7359,-517.8189
18414851,-639.50,-810.50,-641.4433,-546.4822
18418757,-709.50,-784.50,-632.8779,-560.4120
18422663,-879.50,-754.50,-609.8739,-559.7764
18426569,-928.50,-778.50,-593.7052,-551.3308
18430475,-801.50,-852.50,-594.9449,-545.8354
18434381,-656.50,-901.50,-599.3603,-554.5333
18438287,-662.50,-812.50,-580.5840,-561.9228
18442193,-835.50,-780.50,-539.4998,-545.8510
18446099,-904.50,-812.50,-508.5513,-523.3467
18450005,-781.50,-881.50,-501.8441,-517.3272
18453911,-628.50,-918.50,-502.2332,-525.0800
18457817,-608.50,-864.50,-485.0773,-530.0900
18461723,-760.50,-816.50,-445.2371,-519.2879
18465629,-854.50,-834.50,-409.0691,-500.8756
18469535,-761.50,-876.50,-398.4158,-486.8036
18473441,-562.50,-861.50,-396.5988,-469.0888
18477347,-527.50,-848.50,-373.1011,-444.6297
18481253,-692.50,-815.50,-333.4181,-429.5235
18485159,-792.50,-820.50,-305.0594,-426.4953
18489065,-709.50,-850.50,-294.6845,-421.3104
18492971,-527.50,-877.50,-290.0038,-407.7400
18496877,-494.50,-830.50,-277.7296,-388.4597
18500783,-605.50,-738.50,-252.3168,-359.2161
18504689,-706.50,-754.50,-217.0577,-325.3479
18508595,-655.50,-834.50,-188.6773,-312.1375
18512501,-442.50,-815.50,-171.9621,-313.0090
18516407,-421.50,-778.50,-156.6791,-296.7281
18520313,-522.50,-678.50,-141.9108,-259.9701
18524219,-649.50,-655.50,-123.3153,-216.2379
18528125,-623.50,-722.50,-106.8426,-186.1640
18532031,-408.50,-748.50,-95.6030,-178.0700
18535937,-296.50,-712.50,-70.0120,-172.3933
18539843,-402.50,-612.50,-30.5793,-150.5246
18543749,-580.50,-623.50,-4.0616,-120.9944
18547655,-572.50,-671.50,-3.9026,-107.5027
18551561,-357.50,-638.50,-7.2378,-96.5226
18555467,-240.50,-608.50,11.4432,-62.9733
18559373,-283.50,-516.50,50.1381,-19.2256
18563279,-432.50,-476.50,94.8616,19.5556
18567185,-512.50,-526.50,114.8412,44.9970
18571091,-318.50,-550.50,101.8124,55.6767
18574997,-206.50,-548.50,90.9400,62.4076
18578903,-267.50,-476.50,96.2421,70.7924
18582809,-426.50,-463.50,109.2883,79.2626
18586715,-476.50,-476.50,120.3513,85.9773
18590621,-335.50,-540.50,120.8350,91.4341
18594527,-190.50,-520.50,117.4552,96.2185
18598433,-256.50,-464.50,116.9990,104.2200
18602339,-401.50,-414.50,120.3137,117.0150
18606245,-447.50,-402.50,131.9742,136.5074
18610151,-361.50,-492.50,140.0441,154.7238
18614057,-220.50,-475.50,129.3008,159.2781
18617963,-206.50,-413.50,120.0627,163.1248
18621869,-394.50,-389.50,127.4725,171.2686
18625775,-473.50,-382.50,134.7051,176.9698
18629681,-354.50,-426.50,137.0776,186.6648
18633587,-175.50,-408.50,144.4320,204.1635
18637493,-146.50,-356.50,161.6721,225.8146
18641399,-335.50,-313.50,178.7250,242.0569
18645305,-401.50,-278.50,186.7406,254.9911
18649211,-314.50,-313.50,195.2626,276.4757
18653117,-109.50,-309.50,209.6280,302.4348
18657023,-66.50,-252.50,230.4881,325.6847
18660929,-213.50,-190.50,251.8580,344.8363
18664835,-318.50,-178.50,266.3443,359.5900
18668741,-248.50,-207.50,276.2031,373.1217
18672647,-63.50,-207.50,283.3076,389.7552
18676553,14.50,-168.50,293.4617,407.8985
18680459,-106.50,-108.50,311.0399,420.8255
18684365,-271.50,-128.50,323.5349,422.4326
18688271,-246.50,-175.50,316.8071,412.2721
18692177,-69.50,-184.50,299.7165,404.2531
18696083,-17.50,-185.50,285.4436,403.1685
18699989,-120.50,-137.50,276.5859,396.5331
18703895,-264.50,-112.50,277.6088,388.1280
18707801,-271.50,-175.50,281.0432,384.1323
18711707,-95.50,-194.50,276.4177,380.5768
18715613,11.50,-180.50,272.6563,379.3950
18719519,-111.50,-128.50,271.7458,378.9195
18723425,-281.50,-124.50,264.1800,374.0401
18727331,-296.50,-136.50,252.1643,369.6665
18731237,-113.50,-143.50,246.6440,378.5067
18735143,10.50,-113.50,252.8027,400.5009
18739049,-60.50,-73.50,263.8261,417.9389
18742955,-209.50,-16.50,274.9152,425.5416
18746861,-208.50,-4.50,291.2817,440.3073
18750767,-57.50,-62.50,311.2112,461.4603
18754673,57.50,-92.50,319.8699,463.2723
18758579,48.50,-38.50,320.5078,444.0988
18762485,-128.50,-17.50,328.7647,425.3975
18766391,-175.50,-15.50,338.3266,418.6050
18770297,-31.50,-79.50,343.3820,419.9637
18774203,115.50,-79.50,346.7541,418.3649
18778109,117.50,-14.50,352.1791,416.5275
18782015,-32.50,34.50,365.9503,422.7179
18785921,-99.50,25.50,383.2643,432.1754
18789827,48.50,-19.50,399.5080,437.9649
18793733,220.50,-40.50,416.6315,436.6867
18797639,225.50,16.50,430.7095,431.8412
18801545,98.50,81.50,442.9866,433.8636
18805451,23.50,78.50,460.7510,443.8607
18809357,122.50,13.50,478.6936,448.6957
18813263,291.50,31.50,486.3543,447.6887
18817169,332.50,48.50,487.7029,449.1363
18821075,209.50,123.50,495.1536,450.8006
18824981,161.50,157.50,519.2296,459.7268
18828887,267.50,127.50,559.2522,479.9839
18832793,442.50,111.50,594.0447,498.5247
18836699,489.50,185.50,607.2544,513.6630
18840605,383.50,272.50,609.4872,535.6258
18844511,272.50,309.50,616.9486,563.8958
18848417,335.50,282.50,628.5521,588.8224
18852323,531.50,293.50,638.9933,609.4443
18856229,592.50,318.50,646.5170,627.3382
18860135,467.50,363.50,645.1542,632.8703
18864041,314.50,369.50,633.7602,622.5165
18867947,310.50,319.50,613.1226,604.7962
18871853,435.50,270.50,579.5419,585.4359
18875759,486.50,286.50,535.3339,567.2534
18879665,377.50,339.50,493.9080,553.3857
18883571,187.50,326.50,462.4602,538.7540
18887477,169.50,278.50,433.3969,516.0475
18891383,307.50,205.50,403.8334,487.5932
18895289,411.50,195.50,379.3966,456.3501
18899195,331.50,258.50,364.9579,430.2525
18903101,144.50,240.50,355.0167,411.0071
18907007,129.50,202.50,342.2864,388.2793
18910913,256.50,159.50,328.7024,367.5444
18914819,369.50,154.50,312.9508,355.6700
18918725,310.50,205.50,297.0527,347.0773
18922631,128.50,208.50,284.5299,335.0521
18926537,77.50,179.50,271.7656,317.2534
18930443,178.50,113.50,254.6145,298.5130
18934349,304.50,95.50,231.2652,279.8632
18938259,246.50,135.50,206.4218,261.0292
18942165,92.50,163.50,188.1704,245.1659
18946071,42.50,133.50,184.0542,232.1008
18949977,143.50,69.50,188.4855,218.9050
18953883,287.50,58.50,186.2252,205.4581
18957789,235.50,90.50,171.1079,193.6826
18961695,64.50,115.50,145.9698,180.7511
18965601,-24.50,107.50,123.1586,167.5076
18969507,49.50,35.50,107.8952,156.6289
18973413,203.50,-0.50,93.7546,142.0866
18977319,218.50,36.50,83.6655,124.3552
18981225,65.50,75.50,81.1355,111.0015
18985131,-66.50,79.50,76.8816,104.8896
18989037,-12.50,16.50,61.4843,102.9461
18992943,157.50,-6.50,42.0649,99.2340
18996849,176.50,-1.50,29.7466,89.8053
19000755,21.50,27.50,20.1892,71.5506
19004661,-124.50,22.50,6.1231,49.9180
19008567,-96.50,-47.50,-13.7370,31.7406
19012473,67.50,-74.50,-34.5596,17.5726
19016379,127.50,-50.50,-46.4102,10.0856
19020285,-12.50,14.50,-50.2231,10.3865
19024191,-143.50,-0.50,-52.4394,11.7690
19028097,-136.50,-54.50,-55.9011,4.8748
19032003,48.50,-81.50,-60.1638,-5.1215
19035909,119.50,-77.50,-60.1201,-10.8712
19039815,16.50,-16.50,-57.6018,-15.0475
19043721,-142.50,-20.50,-56.8675,-19.5464
19047627,-126.50,-40.50,-56.7284,-22.7598
19051533,33.50,-61.50,-54.6857,-16.8478
19055439,131.50,-63.50,-52.0140,-6.1069
19059345,51.50,-4.50,-49.9401,-2.8371
19063251,-137.50,33.50,-51.3760,-1.1931
19067157,-145.50,18.50,-59.0324,8.4283
19071063,12.50,-42.50,-63.2095,19.0731
19074969,127.50,-62.50,-60.2865,15.5711
19078875,49.50,-16.50,-59.3107,-1.0127
19082781,-93.50,22.50,-59.3659,-13.6248
19086687,-115.50,36.50,-50.7369,-8.1056
19090593,-76.50,-88.50,-52.6146,-0.4744
19094499,29.50,-133.50,-89.3112,-23.1883
19098405,18.50,-63.50,-127.8711,-59.3910
19102311,-111.50,-12.50,-128.3575,-71.2198
19106217,-130.50,29.50,-96.6511,-52.2273
19110123,-5.50,-33.50,-58.0493,-19.2255
19114029,116.50,-69.50,-37.4137,-2.3921
19117935,65.50,-48.50,-44.8805,-12.4306
19121841,-123.50,-35.50,-71.9892,-37.5652
19125747,-207.50,-32.50,-101.2568,-61.8757
19129653,-112.50,-100.50,-118.3118,-74.1233
19133559,33.50,-108.50,-124.0564,-76.3115
19137465,18.50,-106.50,-127.9377,-77.3891
19141371,-148.50,-63.50,-136.4988,-86.3504
19145277,-216.50,-64.50,-142.0546,-98.0533
19149183,-164.50,-117.50,-139.5749,-103.9075
19153089,17.50,-146.50,-136.9814,-105.4344
19156995,55.50,-111.50,-129.4698,-103.5040
19160901,-95.50,-52.50,-117.6016,-97.6333
19164807,-239.50,-49.50,-117.1977,-91.1352
19168713,-176.50,-120.50,-128.8016,-92.4893
19172619,-1.50,-158.50,-135.8958,-103.3200
19176525,46.50,-155.50,-131.4308,-116.0907
19180431,-100.50,-85.50,-126.9939,-123.7301
19184337,-239.50,-76.50,-131.1408,-122.7492
19188243,-202.50,-140.50,-138.2750,-122.2181
19192149,-37.50,-188.50,-141.3465,-130.0522
19196055,16.50,-180.50,-142.3849,-139.9235
19199961,-92.50,-112.50,-144.9124,-143.5710
19203867,-244.50,-102.50,-146.6161,-140.9744
19207773,-271.50,-147.50,-153.9387,-140.3691
19211679,-111.50,-192.50,-171.0189,-143.0550
19215585,-18.50,-177.50,-183.1797,-142.5747
19219491,-100.50,-111.50,-181.3151,-135.9420
19223397,-232.50,-101.50,-167.6343,-129.2700
19227303,-228.50,-131.50,-147.1526,-129.4625
19231209,-82.50,-181.50,-130.0038,-131.5885
19235115,80.50,-148.50,-113.9622,-125.6145
19239021,22.50,-77.50,-88.3181,-107.3113
19242927,-186.50,-88.50,-71.2306,-93.7990
19246833,-256.50,-136.50,-86.1700,-104.3639
19250739,-125.50,-204.50,-118.0720,-128.2249
19254645,16.50,-175.50,-137.4269,-140.7680
19258551,-38.50,-120.50,-137.9134,-132.4557
19262457,-219.50,-94.50,-135.1369,-119.2816
19266363,-287.50,-106.50,-139.9023,-113.8666
19270269,-175.50,-175.50,-149.1481,-112.9311
19274175,-30.50,-206.50,-156.9976,-118.9817
19278081,-67.50,-163.50,-161.4086,-131.4714
19281987,-230.50,-136.50,-164.1450,-143.2889
19285893,-305.50,-140.50,-163.9212,-149.6957
19289799,-207.50,-207.50,-160.7992,-149.7632
19293705,-69.50,-214.50,-161.9871,-147.1304
19297611,-78.50,-176.50,-169.5787,-143.1560
19301517,-220.50,-129.50,-174.3157,-139.7397
19305423,-308.50,-138.50,-167.9394,-138.3198
19309329,-251.50,-194.50,-160.0570,-137.4366
19313235,-84.50,-210.50,-161.8685,-135.1180
19317141,-66.50,-201.50,-165.8861,-134.4088
19321047,-199.50,-166.50,-164.0115,-143.1904
19324953,-293.50,-175.50,-153.1477,-157.6537
19328859,-224.50,-237.50,-135.3053,-169.0844
19332765,-74.50,-260.50,-122.9813,-174.0593
19336671,-44.50,-251.50,-124.3152,-174.8078
19340577,-176.50,-194.50,-133.0678,-176.7911
19344483,-304.50,-182.50,-137.9860,-176.7348
19348389,-251.50,-233.50,-134.3931,-172.4691
19352295,-78.50,-248.50,-123.9206,-164.9326
19356201,-15.50,-221.50,-112.4221,-152.2909
19360107,-106.50,-152.50,-101.8059,-137.4722
19364013,-227.50,-128.50,-85.5812,-123.0016
19367919,-208.50,-161.50,-66.5183,-109.3635
19371825,-51.50,-207.50,-55.3576,-99.3360
19375731,42.50,-207.50,-51.4304,-97.5126
19379637,-65.50,-143.50,-50.0263,-101.2469
19383543,-241.50,-137.50,-55.3596,-104.1587
19387449,-254.50,-188.50,-68.7960,-109.4748
19391355,-108.50,-239.50,-81.6709,-117.9827
19395261,-4.50,-241.50,-88.0164,-124.9729
19399167,-101.50,-201.50,-91.9996,-131.2678
19403073,-271.50,-193.50,-99.8181,-140.7781
19406979,-297.50,-207.50,-108.3342,-148.8037
19410885,-165.50,-272.50,-112.6723,-149.2318
19414791,-56.50,-273.50,-116.7222,-148.0431
19418697,-128.50,-222.50,-124.8277,-147.8965
19422603,-305.50,-212.50,-136.2590,-149.9564
19426509,-347.50,-238.50,-145.1663,-157.2715
19430415,-234.50,-309.50,-148.1502,-166.2687
19434321,-89.50,-312.50,-148.2526,-173.2298
19438227,-136.50,-266.50,-147.3224,-174.6246
19442133,-308.50,-239.50,-149.0979,-173.2432
19446039,-374.50,-255.50,-152.9800,-173.8341
19449945,-252.50,-312.50,-151.1143,-174.0347
19453851,-85.50,-309.50,-140.1795,-169.8188
19457757,-133.50,-259.50,-130.8574,-158.9151
19461663,-301.50,-232.50,-136.5411,-149.2428
19465569,-413.50,-257.50,-152.2461,-150.7197
19469475,-329.50,-348.50,-167.7463,-164.7383
19473381,-175.50,-364.50,-178.3730,-183.7816
19477287,-163.50,-345.50,-181.3529,-196.6928
19481193,-356.50,-308.50,-185.4036,-204.5977
19485099,-463.50,-324.50,-197.4574,-211.9346
19489005,-409.50,-412.50,-209.4910,-222.4267
19492911,-268.50,-463.50,-220.7669,-240.9717
19496817,-261.50,-418.50,-236.8360,-257.2946
19500723,-373.50,-314.50,-248.1095,-250.4066
19504629,-494.50,-326.50,-241.9156,-223.3293
19508535,-540.50,-459.50,-242.6289,-216.3469
19512441,-417.50,-527.50,-278.9453,-249.0570
19516347,-406.50,-553.50,-331.5366,-297.3603
19520253,-533.50,-515.50,-370.8825,-339.4994
19524159,-712.50,-542.50,-392.5171,-369.9122
19528065,-712.50,-599.50,-409.3295,-389.4948
19531971,-540.50,-600.50,-421.5941,-389.6386
19535877,-483.50,-622.50,-422.6970,-374.3761
19539783,-584.50,-553.50,-419.8492,-366.4976
19543689,-744.50,-569.50,-416.8671,-369.6263
19547595,-719.50,-625.50,-409.4560,-379.1661
19551501,-562.50,-670.50,-394.3369,-387.2883
19555407,-512.50,-666.50,-385.3848,-386.9302
19559313,-559.50,-590.50,-387.3330,-379.3934
19563219,-687.50,-548.50,-375.5111,-362.7561
19567125,-722.50,-598.50,-350.6113,-343.2403
19571031,-540.50,-647.50,-328.8008,-331.2066
19574937,-383.50,-631.50,-299.9737,-322.7520
19578843,-456.50,-591.50,-265.4784,-314.6640
19582749,-648.50,-572.50,-249.9663,-313.3818
19586655,-641.50,-563.50,-248.6413,-309.8976
19590561,-491.50,-621.50,-233.2175,-292.3580
19594467,-376.50,-633.50,-210.0891,-274.6235
19598373,-388.50,-586.50,-194.3930,-268.5872
19602279,-574.50,-533.50,-183.3856,-265.5757
19606185,-643.50,-539.50,-181.0432,-254.2254
19610091,-538.50,-614.50,-186.6324,-239.3069
19613997,-383.50,-620.50,-190.1072,-231.5908
19617903,-384.50,-551.50,-182.7948,-223.8298
19621809,-513.50,-467.50,-161.7764,-202.9900
19625715,-586.50,-472.50,-133.8267,-171.8944
19629621,-478.50,-556.50,-109.6641,-150.3754
19633527,-328.50,-570.50,-95.3273,-147.3470
19637433,-319.50,-532.50,-88.9815,-149.5514
19641339,-463.50,-464.50,-84.0659,-146.3785
19645245,-573.50,-488.50,-78.4533,-139.8017
19649151,-480.50,-553.50,-72.6086,-137.7230
19653057,-290.50,-562.50,-59.5940,-136.1180
19656963,-276.50,-520.50,-41.4196,-126.0043
19660869,-394.50,-444.50,-28.0626,-110.0957
19664775,-512.50,-444.50,-17.0289,-93.9495
19668681,-445.50,-512.50,-5.8127,-84.5779
19672587,-296.50,-514.50,0.8006,-78.1623
19676493,-239.50,-476.50,1.8327,-63.4282
19680399,-354.50,-431.50,4.5565,-49.2488
19684305,-446.50,-399.50,19.3937,-42.3504
19688211,-426.50,-456.50,41.7097,-34.4535
19692117,-281.50,-488.50,51.3353,-25.0190
19696023,-197.50,-478.50,47.7308,-19.0311
19699929,-318.50,-414.50,44.6596,-18.2544
19703835,-456.50,-412.50,44.0893,-20.7790
19707741,-432.50,-432.50,47.7272,-19.9963
19711647,-285.50,-472.50,54.7371,-8.9974
19715553,-175.50,-442.50,61.5329,8.1723
19719459,-229.50,-368.50,75.7406,25.1690
19723365,-408.50,-394.50,93.5762,31.1024
19727271,-445.50,-431.50,93.9962,18.8947
19731177,-274.50,-486.50,82.6737,5.4388
19735083,-157.50,-463.50,82.3209,4.2402
19738989,-236.50,-392.50,89.5207,14.1051
19742895,-399.50,-384.50,91.1194,24.1944
19746801,-434.50,-404.50,88.3137,26.7980
19750707,-314.50,-469.50,84.3040,27.7860
19754613,-174.50,-437.50,80.5422,33.3513
19758519,-207.50,-378.50,83.8316,46.0575
19762425,-367.50,-360.50,93.7290,55.8585
19766331,-418.50,-384.50,102.5957,55.2732
19770237,-318.50,-461.50,105.1608,49.9553
19774143,-168.50,-436.50,101.2726,47.6402
19778049,-176.50,-369.50,101.1704,57.4239
19781955,-314.50,-328.50,111.8934,73.4989
19785861,-400.50,-330.50,125.7389,86.7052
19789767,-282.50,-386.50,135.1634,98.9391
19793673,-141.50,-390.50,140.2707,109.2525
19797579,-161.50,-366.50,137.0425,111.8112
19801485,-333.50,-335.50,122.1644,101.8504
19805391,-428.50,-344.50,105.0141,88.0904
19809297,-348.50,-399.50,96.4671,83.4328
19813203,-174.50,-410.50,98.1362,87.9642
19817109,-141.50,-369.50,107.7679,95.3329
19821015,-290.50,-324.50,117.7121,98.9606
19824921,-373.50,-328.50,125.9866,98.2969
19828827,-303.50,-384.50,139.5005,97.8810
19832733,-146.50,-402.50,152.1041,100.2938
19836639,-111.50,-359.50,153.9848,106.3207
19840545,-234.50,-296.50,149.0746,114.6294
19844451,-350.50,-306.50,148.4415,120.5115
19848357,-328.50,-399.50,151.3596,113.8386
19852263,-163.50,-393.50,149.5372,101.2664
19856169,-68.50,-354.50,150.8569,104.3044
19860075,-152.50,-253.50,166.5438,125.2085
19863981,-288.50,-237.50,189.3876,153.1970
19867887,-292.50,-281.50,201.0526,175.3988
19871793,-154.50,-326.50,193.0272,184.6415
19875699,-78.50,-307.50,174.3171,183.3957
19879605,-160.50,-207.50,160.0541,184.0201
19883511,-308.50,-235.50,157.6128,188.8989
19887417,-344.50,-301.50,156.6204,180.0537
19891323,-212.50,-382.50,144.8502,155.3870
19895229,-66.50,-354.50,135.5058,131.3955
19899135,-118.50,-278.50,146.2521,123.3963
19903041,-276.50,-226.50,165.8267,134.7898
19906947,-294.50,-209.50,178.2349,164.1948
19910853,-156.50,-267.50,185.1204,201.6333
19914759,-57.50,-290.50,184.8066,218.5600
19918665,-113.50,-248.50,173.3987,204.7443
19922571,-274.50,-246.50,159.3539,176.1630
19926477,-292.50,-241.50,156.7750,155.8019
19930383,-149.50,-282.50,172.3714,160.7343
19934289,-59.50,-277.50,186.1070,180.0451
19938195,-102.50,-239.50,175.5564,190.9462
19942101,-276.50,-225.50,150.7467,183.3304
19946007,-356.50,-246.50,128.6864,165.5730
19949913,-200.50,-301.50,123.7198,154.4109
19953819,-60.50,-288.50,139.3408,156.4818
19957725,-79.50,-246.50,152.9772,165.9090
19961631,-212.50,-206.50,155.0883,170.5115
19965537,-296.50,-221.50,157.8559,168.2499
19969443,-178.50,-239.50,167.6691,171.9844
19973349,-30.50,-219.50,180.7510,192.6100
19977259,-26.50,-195.50,186.1625,216.8870
19981165,-162.50,-129.50,182.6721,226.9596
19985071,-248.50,-111.50,182.8712,233.5846
19988977,-143.50,-114.50,196.1137,254.2186
19992883,31.50,-111.50,219.2265,287.5010
19996789,67.50,-91.50,239.0812,313.1062
20000695,-36.50,-31.50,251.5492,318.2254
20004601,-169.50,-21.50,260.1628,315.8799
20008507,-111.50,-77.50,262.2663,315.2976
20012413,64.50,-89.50,262.6181,315.1485
20016319,113.50,-46.50,265.7784,319.3529
20020225,25.50,53.50,270.7151,334.2855
20024131,-99.50,87.50,281.1316,361.3721
20028037,-60.50,60.50,293.4396,390.0215
20031943,135.50,26.50,306.8430,407.6770
20035849,197.50,64.50,320.9330,413.9410
20039755,101.50,131.50,325.3754,417.1508
20043661,-15.50,176.50,326.2118,425.1808
20047567,31.50,183.50,339.6522,444.8389
20051473,208.50,195.50,365.3990,479.5143
20055379,307.50,208.50,388.4859,515.0052
20059285,251.50,255.50,402.0831,529.1200
20063191,85.50,272.50,408.6607,520.8857
20067097,64.50,259.50,404.3573,508.9900
20071003,221.50,191.50,394.3146,501.3069
20074909,341.50,206.50,390.2231,491.4402
20078815,272.50,267.50,389.8329,483.1345
20082721,112.50,302.50,385.7365,481.4641
20086627,101.50,278.50,382.2742,481.6536
20090533,279.50,257.50,392.9521,483.8668
20094439,385.50,258.50,410.7324,489.5337
20098345,307.50,289.50,408.2264,488.8990
20102251,141.50,307.50,383.0280,473.9883
20106157,82.50,299.50,357.5820,454.9014
20110063,193.50,225.50,341.7189,440.1567
20113969,343.50,242.50,332.6280,428.8734
20117875,337.50,303.50,331.7368,427.6321
20121781,180.50,323.50,336.8395,430.9660
20125687,80.50,297.50,335.1936,422.9650
20129593,173.50,226.50,320.6031,403.0309
20133499,307.50,213.50,299.5157,380.2996
20137405,293.50,257.50,277.8019,364.5923
20141311,143.50,298.50,259.5458,357.0445
20145217,55.50,278.50,250.3888,350.0210
20149123,105.50,208.50,244.1119,336.6234
20153029,255.50,190.50,229.0988,318.6666
20156935,273.50,208.50,210.7128,301.9008
20160841,119.50,247.50,195.8325,285.3460
20164747,-2.50,237.50,182.1811,269.2260
20168653,39.50,170.50,167.5695,253.8855
20172559,187.50,122.50,150.6025,234.8562
20176465,234.50,131.50,135.3572,210.8423
20180371,83.50,182.50,122.9274,188.0939
20184277,-57.50,159.50,107.7832,170.0688
20188183,-48.50,95.50,87.9199,150.7019
20192089,109.50,61.50,66.8149,131.2234
20195995,174.50,84.50,52.2274,119.1118
20199901,65.50,142.50,46.4919,114.6327
20203807,-86.50,164.50,43.8933,115.9701
20207713,-64.50,128.50,40.9717,121.2991
20211619,99.50,67.50,40.8718,122.3972
20215525,181.50,80.50,43.0591,112.9124
20219431,87.50,134.50,42.0581,100.2951
20223337,-104.50,134.50,31.9682,89.6169
20227243,-113.50,73.50,12.1696,74.6741
20231149,30.50,20.50,-5.1051,55.2922
20235055,141.50,19.50,-12.3484,38.0421
20238961,77.50,59.50,-11.5653,23.9169
20242867,-122.50,61.50,-13.2919,8.4345
20246773,-170.50,36.50,-29.5854,-6.5557
20250679,-37.50,-28.50,-51.4474,-16.0615
20254585,112.50,-36.50,-60.6608,-24.8984
20258491,80.50,34.50,-51.1684,-31.6069
20262397,-98.50,64.50,-36.7650,-29.6638
20266303,-150.50,43.50,-32.8474,-24.2517
20270209,-42.50,-30.50,-38.0039,-24.3259
20274115,107.50,-42.50,-45.2297,-33.7715
20278021,80.50,-17.50,-48.2844,-49.4531
20281927,-82.50,-12.50,-47.6023,-70.9856
20285833,-170.50,19.50,-49.0880,-86.0042
20289739,-78.50,-45.50,-55.9797,-80.1014
20293645,80.50,-55.50,-64.8076,-69.0078
20297551,77.50,-25.50,-68.5372,-67.4838
20301457,-95.50,6.50,-70.7263,-74.6132
20305363,-170.50,-10.50,-73.1111,-85.6780
20309269,-84.50,-69.50,-68.9391,-95.2078
20313175,64.50,-92.50,-64.3471,-101.9404
20317081,93.50,-64.50,-65.1239,-106.9511
20320987,-76.50,-15.50,-69.4841,-110.9894
20324893,-228.50,-20.50,-84.0518,-112.7566
20328799,-155.50,-78.50,-105.1840,-113.8594
20332705,16.50,-80.50,-115.4217,-112.5134
20336611,49.50,-72.50,-114.2502,-108.0661
20340517,-94.50,-28.50,-114.9691,-110.0153
20344423,-239.50,-38.50,-121.8207,-119.3745
20348329,-209.50,-100.50,-132.1992,-131.2467
20352235,-38.50,-128.50,-141.1923,-141.6061
20356141,57.50,-132.50,-138.8248,-149.7933
20360047,-63.50,-84.50,-124.8320,-160.4104
20363953,-222.50,-80.50,-114.7722,-170.0379
20367859,-207.50,-126.50,-116.2218,-174.8578
20371765,-45.50,-177.50,-121.7690,-178.5314
20375671,32.50,-174.50,-126.6967,-185.5443
20379577,-66.50,-102.50,-131.3437,-190.7781
20383483,-242.50,-100.50,-136.4124,-188.8835
20387389,-259.50,-137.50,-144.8083,-186.8885
20391295,-111.50,-161.50,-155.2519,-183.7725
20395201,-11.50,-168.50,-163.9900,-177.5433
20399107,-70.50,-106.50,-166.4279,-174.3420
20403013,-224.50,-86.50,-157.8049,-172.4986
20406919,-260.50,-100.50,-145.6834,-167.3165
20410825,-106.50,-139.50,-138.3662,-156.9618
20414731,18.50,-136.50,-133.7803,-145.8697
20418637,-24.50,-96.50,-128.6465,-141.1782
20422543,-191.50,-82.50,-121.9967,-145.3849
20426449,-260.50,-88.50,-119.2610,-151.0195
20430355,-152.50,-172.50,-126.8726,-154.0852
20434261,-14.50,-208.50,-140.5921,-167.2029
20438167,-58.50,-143.50,-151.9807,-185.2158
20442073,-224.50,-101.50,-158.9229,-188.3561
20445979,-284.50,-127.50,-158.8992,-180.9240
20449885,-173.50,-206.50,-150.9989,-180.8095
20453791,-30.50,-226.50,-144.4518,-192.2645
20457697,-47.50,-184.50,-145.8944,-203.6243
20461603,-211.50,-152.50,-151.9977,-208.6347
20465509,-299.50,-162.50,-155.6019,-210.4955
20469415,-217.50,-226.50,-154.9117,-211.5878
20473321,-58.50,-243.50,-154.7430,-212.8312
20477227,-40.50,-207.50,-154.8618,-212.2695
20481133,-208.50,-168.50,-155.6530,-211.0136
20485039,-314.50,-175.50,-158.7945,-211.7917
20488945,-224.50,-228.50,-156.0822,-212.8051
20492851,-56.50,-236.50,-144.6245,-209.0695
20496757,-42.50,-210.50,-137.4724,-199.8434
20500663,-173.50,-153.50,-140.7140,-191.3395
20504569,-303.50,-164.50,-143.9950,-187.5129
20508475,-245.50,-228.50,-141.2568,-190.9864
20512381,-64.50,-254.50,-132.8793,-197.9561
20516287,-2.50,-238.50,-121.0310,-201.0520
20520193,-79.50,-144.50,-104.2068,-194.6245
20524099,-239.50,-85.50,-83.4144,-168.1919
20528005,-276.50,-185.50,-83.0645,-139.1487
20531911,-144.50,-244.50,-115.0642,-140.1769
20535817,-14.50,-212.50,-144.0572,-158.1537
20539723,-120.50,-138.50,-141.8931,-162.0581
20543629,-285.50,-144.50,-128.2829,-155.0267
20547535,-276.50,-170.50,-122.0935,-151.0305
20551441,-79.50,-185.50,-111.5401,-141.5033
20555347,-26.50,-166.50,-99.0899,-121.1141
20559253,-148.50,-136.50,-110.3363,-107.7992
20563159,-301.50,-112.50,-137.5890,-111.3425
20567065,-320.50,-150.50,-151.1288,-119.3684
20570971,-169.50,-232.50,-147.6095,-127.2882
20574877,-60.50,-237.50,-141.1932,-140.9478
20578783,-112.50,-173.50,-138.1608,-152.0208
20582689,-278.50,-152.50,-134.4283,-153.5089
20586595,-303.50,-173.50,-126.5528,-150.5197
20590501,-160.50,-240.50,-113.6130,-147.5092
20594407,-5.50,-252.50,-97.4873,-148.9926
20598313,-26.50,-193.50,-79.1728,-152.4468
20602219,-200.50,-158.50,-63.2635,-151.7741
20606125,-259.50,-156.50,-55.8717,-144.7185
20610031,-143.50,-214.50,-53.3834,-131.8400
20613937,-15.50,-251.50,-55.6913,-125.3892
20617843,-50.50,-200.50,-66.9173,-130.8415
20621749,-232.50,-156.50,-84.2322,-136.4299
20625655,-318.50,-196.50,-99.5143,-140.5527
20629561,-216.50,-230.50,-105.2338,-144.6775
20633467,-74.50,-237.50,-105.5656,-138.8772
20637373,-52.50,-191.50,-105.4406,-124.3386
20641279,-222.50,-130.50,-103.7007,-110.5405
20645185,-315.50,-152.50,-101.5839,-102.3796
20649091,-238.50,-234.50,-97.8043,-106.5910
20652997,-80.50,-240.50,-94.5891,-116.9281
20656903,-30.50,-219.50,-91.3771,-120.2358
20660809,-158.50,-140.50,-80.7237,-115.8343
20664715,-271.50,-128.50,-64.2609,-103.1961
20668621,-223.50,-178.50,-51.8708,-86.7584
20672527,-36.50,-186.50,-45.5011,-71.6270
20676433,19.50,-172.50,-37.9116,-59.1836
20680339,-108.50,-110.50,-30.0190,-54.6933
20684245,-255.50,-115.50,-27.4243,-56.6770
20688151,-225.50,-164.50,-30.1240,-60.7750
20692057,-64.50,-209.50,-34.6797,-64.2400
20695963,-17.50,-212.50,-42.4852,-69.9345
20699869,-145.50,-164.50,-57.7686,-81.8657
20703775,-317.50,-159.50,-76.9550,-94.6748
20707681,-303.50,-207.50,-91.9992,-103.2164
20711587,-128.50,-249.50,-94.7541,-105.9841
20715493,-62.50,-252.50,-91.1846,-106.4666
20719399,-170.50,-184.50,-96.9911,-107.7700
20723305,-332.50,-177.50,-109.2119,-108.3477
20727211,-350.50,-229.50,-117.0649,-112.3416
20731117,-210.50,-293.50,-121.5777,-122.0290
20735023,-100.50,-303.50,-126.3883,-134.2380
20738929,-153.50,-257.50,-126.1821,-146.2122
20742835,-298.50,-223.50,-113.9063,-153.2310
20746741,-322.50,-238.50,-94.0175,-149.8508
20750647,-220.50,-290.50,-83.4925,-137.7951
20754553,-100.50,-298.50,-92.5059,-127.5611
20758459,-136.50,-239.50,-105.0919,-123.0641
20762365,-284.50,-238.50,-102.9025,-125.4769
20766271,-364.50,-254.50,-93.8129,-135.2066
20770177,-229.50,-314.50,-90.2731,-141.8339
20774083,-84.50,-314.50,-87.6559,-139.9731
20777989,-111.50,-276.50,-82.8096,-134.6757
20781895,-265.50,-248.50,-78.3604,-133.9547
20785801,-332.50,-210.50,-71.6246,-129.6369
20789707,-216.50,-243.50,-60.3419,-105.9581
20793613,-48.50,-272.50,-46.1556,-78.1651
20797519,-36.50,-233.50,-30.6105,-67.1015
20801425,-205.50,-186.50,-19.5117,-67.7876
20805331,-303.50,-212.50,-18.1466,-72.1367
20809237,-208.50,-248.50,-19.1472,-76.1555
20813143,-22.50,-205.50,-11.8116,-62.5597
20817049,44.50,-111.50,10.2210,-18.4160
20820955,-180.50,-194.50,27.0172,12.4341
20824861,-421.50,-316.50,-6.5800,-32.1563
20828767,-395.50,-396.50,-86.4102,-126.7123
20832673,-211.50,-420.50,-151.1848,-196.1540
20836579,-228.50,-461.50,-180.0247,-229.0019
20840485,-389.50,-431.50,-203.2376,-256.2779
20844391,-538.50,-440.50,-227.0755,-278.6480
20848297,-548.50,-546.50,-246.8220,-295.3676
20852203,-386.50,-591.50,-268.7759,-319.1463
20856109,-325.50,-569.50,-286.2151,-340.5888
20860015,-446.50,-524.50,-292.8526,-347.9125
20863921,-606.50,-553.50,-292.1384,-350.1222
20867827,-571.50,-617.50,-285.2923,-359.4158
20871733,-428.50,-645.50,-276.2715,-369.5950
20875639,-383.50,-676.50,-281.5197,-378.1025
20879545,-484.50,-632.50,-302.3802,-393.1377
20883451,-644.50,-637.50,-316.2219,-407.3965
20887357,-639.50,-641.50,-312.4468,-406.3671
20891263,-447.50,-673.50,-293.1492,-386.5357
20895169,-306.50,-702.50,-261.0967,-369.5544
20899075,-389.50,-644.50,-229.1258,-370.8254
20902981,-546.50,-590.50,-209.1598,-367.7421
20906887,-604.50,-628.50,-202.8630,-347.9443
20910793,-457.50,-623.50,-207.3973,-320.4545
20914699,-350.50,-652.50,-216.2418,-295.4906
20918605,-355.50,-589.50,-215.9004,-283.7824
20922511,-512.50,-556.50,-194.9278,-277.0680
20926417,-562.50,-544.50,-166.5150,-259.9627
20930323,-430.50,-574.50,-148.0870,-231.4470
20934229,-281.50,-574.50,-139.1176,-203.8620
20938135,-329.50,-518.50,-136.6071,-185.5030
20942041,-478.50,-482.50,-136.1818,-172.1610
20945947,-522.50,-494.50,-124.8785,-160.5805
20949853,-413.50,-545.50,-102.6311,-151.4611
20953759,-248.50,-535.50,-84.7225,-142.9163
20957665,-242.50,-476.50,-72.5965,-128.1121
20961571,-392.50,-400.50,-59.6490,-102.7243
20965477,-458.50,-382.50,-42.1764,-68.0542
20969383,-388.50,-442.50,-25.2119,-37.4795
20973289,-218.50,-436.50,-19.2913,-21.3730
20977195,-180.50,-402.50,-15.8416,-11.9908
20981101,-348.50,-309.50,-8.2578,2.9030
20985007,-463.50,-304.50,-5.4756,28.6647
20988913,-397.50,-374.50,-7.3189,49.1103
20992819,-220.50,-395.50,-7.2870,51.0366
20996725,-175.50,-367.50,-2.3994,45.9848
21000631,-277.50,-313.50,10.4515,44.4672
21004537,-437.50,-319.50,25.7653,46.0597
21008443,-401.50,-366.50,27.7886,46.9412
21012349,-248.50,-426.50,16.2293,42.2623
21016259,-155.50,-385.50,8.5739,33.9071
21020165,-297.50,-335.50,11.1665,31.8929
21024071,-418.50,-303.50,17.3622,39.8855
21027977,-384.50,-341.50,28.6122,54.2655
21031883,-223.50,-361.50,42.1599,70.1789
21035789,-138.50,-332.50,48.5452,85.2961
21039695,-224.50,-273.50,51.4363,98.3420
21043601,-360.50,-254.50,60.9983,107.2058
21047507,-336.50,-319.50,79.8998,107.5252
21051413,-182.50,-361.50,99.8851,98.4647
21055319,-112.50,-340.50,104.4926,91.4677
21059225,-180.50,-281.50,93.2102,94.1507
21063131,-348.50,-259.50,84.2619,101.0249
21067037,-343.50,-274.50,86.9578,108.8320
21070943,-210.50,-342.50,96.8604,115.1675
21074849,-77.50,-364.50,104.4069,109.1829
21078755,-142.50,-293.50,107.7009,95.8277
21082661,-331.50,-270.50,104.5632,91.1051
21086567,-388.50,-298.50,91.5661,92.6865
21090473,-270.50,-364.50,75.4045,91.6308
21094379,-135.50,-363.50,62.8736,87.1711
21098285,-161.50,-293.50,58.9082,87.9290
21102191,-332.50,-270.50,62.5025,94.9153
21106097,-404.50,-281.50,65.0396,99.5340
21110003,-300.50,-345.50,62.2954,100.7699
21113909,-143.50,-332.50,57.6824,103.1279
21117815,-144.50,-289.50,58.8351,109.9518
21121721,-296.50,-261.50,67.5386,113.7834
21125627,-399.50,-288.50,74.9592,107.5444
21129533,-317.50,-345.50,72.5788,97.2074
21133439,-152.50,-378.50,64.5071,87.7065
21137345,-164.50,-346.50,56.9197,77.7586
21141251,-312.50,-300.50,48.7977,68.9813
21145157,-464.50,-353.50,36.8951,57.9287
21149063,-461.50,-444.50,8.0754,33.8273
21152969,-282.50,-490.50,-31.9057,0.8924
21156875,-271.50,-446.50,-57.1667,-22.7853
21160781,-424.50,-412.50,-69.2256,-31.3985
21164687,-639.50,-512.50,-91.6556,-49.9308
21168593,-600.50,-546.50,-131.3018,-87.5910
21172499,-448.50,-573.50,-165.6483,-110.7588
21176405,-428.50,-572.50,-186.7220,-114.2085
21180311,-530.50,-513.50,-200.4053,-117.9185
21184217,-681.50,-521.50,-200.4979,-121.3161
21188123,-643.50,-616.50,-190.5683,-129.1266
21192029,-469.50,-656.50,-177.3470,-146.8569
21195935,-404.50,-650.50,-166.8685,-164.1438
21199841,-541.50,-585.50,-170.2634,-172.7935
21203747,-687.50,-566.50,-182.5911,-169.3355
21207653,-678.50,-622.50,-186.3686,-159.0487
21211559,-523.50,-711.50,-179.8776,-159.7438
21215465,-426.50,-672.50,-173.4252,-172.4102
21219371,-485.50,-605.50,-165.5287,-175.4909
21223277,-640.50,-589.50,-149.5700,-165.4481
21227183,-652.50,-585.50,-131.2944,-147.6705
21231089,-530.50,-646.50,-122.4749,-123.5557
21234995,-400.50,-644.50,-124.3621,-108.7910
21238901,-440.50,-585.50,-121.2865,-107.7350
21242807,-594.50,-541.50,-104.8965,-105.7715
21246713,-629.50,-527.50,-85.1505,-88.3983
21250619,-476.50,-573.50,-67.5612,-56.4697
21254525,-335.50,-577.50,-51.1253,-30.7578
21258431,-398.50,-517.50,-42.3649,-20.8697
21262337,-574.50,-512.50,-47.1822,-22.8405
21266243,-608.50,-512.50,-51.8022,-28.7947
21270149,-447.50,-548.50,-35.7888,-22.6737
21274055,-299.50,-554.50,-5.3841,-5.4268
21277961,-317.50,-476.50,16.5690,12.7229
21281867,-476.50,-438.50,24.8025,29.8641
21285773,-517.50,-441.50,34.5824,43.2169
21289679,-401.50,-493.50,56.4448,53.5173
21293585,-224.50,-489.50,81.7080,64.1127
21297491,-214.50,-463.50,101.3715,72.3186
21301397,-335.50,-369.50,118.7359,80.3560
21305303,-416.50,-352.50,140.5370,101.2169
21309209,-342.50,-412.50,160.1901,127.7283
21313115,-158.50,-408.50,169.9430,145.3277
21317021,-160.50,-374.50,171.5320,156.8489
21320927,-328.50,-303.50,160.3519,165.5999
21324833,-451.50,-335.50,140.9161,168.6385
21328739,-408.50,-410.50,124.7931,158.3012
21332645,-271.50,-476.50,108.4567,134.1824
21336551,-200.50,-428.50,94.1468,110.7000
21340457,-283.50,-316.50,100.7142,111.6750
21344363,-401.50,-293.50,129.8339,141.2549
21348269,-350.50,-345.50,159.8957,172.3431
21352175,-160.50,-348.50,181.1406,192.0355
21356081,-76.50,-303.50,198.6709,210.9208
21359987,-220.50,-248.50,206.2026,227.3091
21363893,-380.50,-239.50,195.4790,231.8063
21367799,-344.50,-265.50,181.5173,231.3346
21371705,-189.50,-317.50,179.3278,234.7874
21375611,-89.50,-304.50,183.2004,235.9743
21379517,-202.50,-276.50,183.8577,226.2279
21383423,-348.50,-262.50,180.2936,207.0647
21387329,-331.50,-271.50,182.4451,195.8148
21391235,-187.50,-337.50,191.8722,199.9234
21395141,-93.50,-317.50,193.7951,205.0810
21399047,-145.50,-234.50,188.9848,210.8262
21402953,-275.50,-191.50,195.6798,224.3442
21406859,-322.50,-251.50,210.8750,234.0752
21410765,-189.50,-306.50,214.8390,229.2645
21414671,-66.50,-315.50,206.7444,217.0368
21418577,-115.50,-257.50,198.7446,206.6350
21422483,-281.50,-241.50,195.1742,197.7903
21426389,-315.50,-274.50,196.2907,187.0893
21430295,-189.50,-316.50,202.2614,180.1833
21434201,-31.50,-297.50,210.2749,186.0947
21438107,-81.50,-256.50,214.8681,198.3746
21442013,-253.50,-214.50,208.9847,202.9436
21445919,-320.50,-218.50,197.6928,202.9391
21449825,-210.50,-297.50,192.1354,203.3171
21453731,-56.50,-306.50,191.8623,198.6790
21457637,-86.50,-276.50,188.9475,189.7627
21461543,-257.50,-254.50,177.0471,175.5036
21465449,-338.50,-239.50,163.8003,162.2873
21469355,-254.50,-293.50,158.7070,163.1516
21473261,-78.50,-314.50,159.8925,171.0580
21477167,-106.50,-319.50,157.8210,167.2050
21481073,-254.50,-274.50,144.4051,146.6587
21484979,-333.50,-240.50,135.3600,132.5765
21488885,-272.50,-272.50,141.4128,143.7027
21492791,-112.50,-317.50,146.5304,162.3854
21496697,-100.50,-319.50,140.2162,162.1694
21500603,-242.50,-284.50,125.6909,140.9046
21504509,-332.50,-274.50,118.7822,118.0156
21508415,-266.50,-316.50,130.7370,108.6538
21512321,-73.50,-309.50,153.1302,117.3237
21516227,-26.50,-300.50,172.1846,136.3848
21520133,-129.50,-238.50,181.6260,148.4762
21524039,-273.50,-220.50,185.6037,151.8837
21527945,-238.50,-272.50,186.6133,151.6105
21531851,-63.50,-277.50,187.5632,152.9113
21535757,14.50,-264.50,191.5094,162.1776
21539663,-101.50,-208.50,192.5405,171.4500
21543569,-271.50,-202.50,184.3892,172.0324
21547475,-279.50,-225.50,167.6467,167.6622
21551381,-123.50,-244.50,150.4619,170.2592
21555287,-0.50,-219.50,144.6260,184.1349
21559193,-69.50,-138.50,154.7144,203.9535
21563099,-256.50,-111.50,165.6432,223.2349
21567005,-284.50,-173.50,160.3113,228.4113
21570911,-164.50,-261.50,141.4011,208.8330
21574817,-42.50,-265.50,120.7861,175.5952
21578723,-111.50,-230.50,108.2898,148.5493
21582629,-238.50,-174.50,110.1765,137.3644
21586535,-265.50,-169.50,126.7809,146.5179
21590441,-158.50,-200.50,141.0108,170.3881
21594347,-45.50,-201.50,134.4095,192.4432
21598253,-100.50,-175.50,113.4646,199.1232
21602159,-270.50,-169.50,93.4326,185.0127
21606065,-323.50,-187.50,82.7770,160.3640
21609971,-181.50,-251.50,86.5927,141.1233
21613877,-47.50,-239.50,98.2059,134.1348
21617783,-95.50,-224.50,98.8646,134.7330
21621689,-266.50,-196.50,83.0053,128.5688
21625595,-376.50,-228.50,60.3354,112.0408
21629501,-300.50,-297.50,35.7683,91.4343
21633407,-127.50,-303.50,17.2448,75.0949
21637313,-111.50,-281.50,16.5022,68.3034
21641219,-270.50,-262.50,26.1884,60.5479
21645125,-353.50,-263.50,34.7667,47.5395
21649031,-207.50,-271.50,53.6423,45.9267
21652937,31.50,-264.50,98.9494,66.2076
21656843,14.50,-225.50,147.3823,94.8061
21660749,-223.50,-205.50,145.8404,108.9070
21664655,-346.50,-220.50,95.7925,100.4344
21668561,-259.50,-250.50,56.1794,85.2011
21672467,-78.50,-250.50,53.2274,84.1082
21676373,-85.50,-213.50,57.6573,98.6878
21680279,-234.50,-144.50,42.5480,118.1142
21684185,-331.50,-113.50,27.4797,138.7632
21688091,-282.50,-155.50,34.3228,156.7921
21691997,25.50,-164.50,70.8861,167.8984
21695903,70.50,-180.50,130.3054,169.4492
21699809,-142.50,-111.50,154.1418,161.8262
21703715,-315.50,-143.50,117.4149,150.1335
21707621,-305.50,-152.50,67.8321,137.5836
21711527,-143.50,-176.50,37.2270,135.3518
21715433,-34.50,-172.50,27.0234,141.9177
21719339,-79.50,-88.50,42.6918,149.5397
21723245,-226.50,-49.50,80.7995,165.4480
21727151,-233.50,-79.50,113.1820,184.2915
21731057,-52.50,-110.50,124.9572,194.5300
21734963,64.50,-104.50,127.8481,196.8183
21738869,59.50,-40.50,142.7765,197.8776
21742775,-146.50,-0.50,170.5330,204.2911
21746681,-164.50,-2.50,184.3513,217.4224
21750587,14.50,-46.50,186.0538,231.2165
21754493,169.50,-17.50,195.7323,241.7742
21758399,136.50,63.50,214.3178,257.4097
21762305,-15.50,92.50,236.7029,277.4599
21766211,-28.50,111.50,261.4883,294.0301
21770117,91.50,65.50,281.7148,308.3187
21774023,237.50,80.50,284.4209,318.8196
21777929,199.50,138.50,274.0689,327.4213
21781835,61.50,164.50,269.3882,333.4236
21785741,-18.50,151.50,276.3644,330.8626
21789647,73.50,80.50,277.9662,319.3952
21793553,208.50,68.50,260.4895,302.0462
21797459,212.50,106.50,237.4882,287.3502
21801365,49.50,135.50,226.8876,277.6074
21805271,-51.50,124.50,225.6188,268.0109
21809177,-15.50,55.50,213.6474,255.5227
21813083,129.50,14.50,180.5919,236.1668
21816989,119.50,25.50,141.5546,210.4730
21820895,-56.50,79.50,109.6668,188.1983
21824801,-188.50,70.50,84.8954,177.2443
21828707,-133.50,16.50,65.2603,171.5220
21832613,37.50,-26.50,50.1693,161.6535
21836519,83.50,-15.50,43.2548,145.5306
21840425,-64.50,42.50,42.5905,130.0195
21844331,-193.50,28.50,42.3633,120.3507
21848237,-175.50,-62.50,36.9257,103.9289
21852143,-15.50,-116.50,21.6452,73.0672
21856049,48.50,-120.50,4.8111,39.3771
21859955,-100.50,-65.50,-7.6919,15.0594
21863861,-218.50,-47.50,-14.4031,6.0560
21867767,-204.50,-116.50,-11.5831,3.4759
21871673,-98.50,-178.50,-17.8553,-8.5594
21875579,-42.50,-170.50,-48.9105,-28.0957
21879485,-166.50,-161.50,-87.1482,-49.7335
21883391,-360.50,-162.50,-117.9807,-76.4754
21887297,-392.50,-233.50,-146.7589,-105.9518
21891203,-245.50,-272.50,-173.7311,-129.6262
21895109,-168.50,-277.50,-194.7034,-141.6681
21899015,-292.50,-239.50,-216.3232,-148.0676
21902921,-426.50,-186.50,-234.1438,-149.9452
21906827,-465.50,-209.50,-236.4223,-140.3499
21910733,-362.50,-335.50,-239.6767,-139.4999
21914639,-207.50,-348.50,-250.7133,-166.6400
21918545,-269.50,-281.50,-249.9315,-194.4878
21922451,-482.50,-320.50,-246.8049,-210.9446
21926357,-521.50,-305.50,-256.8905,-227.1203
21930263,-349.50,-367.50,-259.1720,-230.9476
21934169,-188.50,-369.50,-238.3883,-223.4574
21938075,-234.50,-305.50,-211.9773,-213.5191
21941981,-419.50,-303.50,-200.9666,-207.1388
21945887,-516.50,-342.50,-209.2685,-216.6360
21949793,-404.50,-383.50,-226.6136,-232.1767
21953699,-232.50,-377.50,-236.0261,-233.1366
21957605,-217.50,-354.50,-225.4893,-223.3356
21961511,-404.50,-336.50,-206.0143,-222.8825
21965417,-480.50,-287.50,-194.5012,-223.4282
21969323,-426.50,-356.50,-195.2248,-208.4664
21973229,-230.50,-324.50,-203.0165,-186.0576
21977135,-175.50,-283.50,-195.0443,-160.6481
21981041,-320.50,-262.50,-165.5820,-143.8513
21984947,-446.50,-298.50,-140.0799,-150.7185
21988853,-388.50,-350.50,-135.0336,-171.1083
21992759,-217.50,-352.50,-143.7075,-181.9559
21996665,-175.50,-363.50,-150.2923,-182.3857
22000571,-268.50,-282.50,-141.0693,-183.1696
22004477,-365.50,-230.50,-109.9647,-168.4970
22008383,-335.50,-264.50,-76.7392,-134.1627
22012289,-210.50,-341.50,-72.5223,-112.9858
22016195,-158.50,-330.50,-96.1150,-123.0320
22020101,-214.50,-221.50,-108.2613,-133.4958
22024007,-408.50,-246.50,-96.1225,-124.1872
22027913,-380.50,-286.50,-90.2240,-117.5988
22031819,-233.50,-325.50,-97.9722,-119.9859
22035725,-144.50,-288.50,-106.2990,-117.6655
22039631,-239.50,-218.50,-108.0519,-105.1539
22043537,-365.50,-191.50,-97.7749,-87.1249
22047443,-335.50,-223.50,-74.5884,-72.0225
22051349,-187.50,-258.50,-49.5843,-61.5803
22055259,-102.50,-239.50,-40.7403,-52.9628
22059165,-136.50,-122.50,-40.0110,-35.0716
22063071,-272.50,-84.50,-23.9968,-2.1314
22066977,-255.50,-83.50,7.2951,32.5754
22070883,-72.50,-106.50,44.5572,62.1859
22074789,90.50,-63.50,84.5468,91.1222
22078695,93.50,41.50,128.7857,125.5279
22082601,-67.50,77.50,171.4176,161.2012
22086507,-64.50,91.50,202.4795,188.5512
22090413,85.50,79.50,227.9325,215.1415
22094319,226.50,74.50,248.0688,241.1223
22098225,176.50,154.50,253.8467,257.8433
22102131,55.50,221.50,253.7028,273.1149
22106037,33.50,252.50,268.4841,297.9221
22109943,184.50,214.50,300.9212,329.0914
22113849,325.50,224.50,330.2375,353.9719
22117755,336.50,291.50,344.4340,370.2300
22121661,185.50,309.50,351.4726,376.2255
22125567,115.50,318.50,357.3432,370.3986
22129473,246.50,246.50,366.4860,361.3720
22133379,417.50,279.50,381.9998,358.9541
22137285,415.50,291.50,393.5583,364.4102
22141191,285.50,347.50,395.4579,364.3094
22145097,174.50,350.50,393.6561,358.6775
22149003,240.50,307.50,386.5395,357.0607
22152909,409.50,288.50,374.2980,357.7338
22156815,448.50,315.50,366.8663,355.9764
22160721,305.50,371.50,364.9021,350.2566
22164627,175.50,368.50,359.9326,343.4158
22168533,199.50,302.50,344.5308,333.1109
22172439,364.50,265.50,321.0475,316.8999
22176345,400.50,267.50,299.8641,297.0324
22180251,255.50,322.50,280.7383,276.8625
22184157,115.50,334.50,261.2061,263.5903
22188063,149.50,291.50,246.8715,258.6299
22191969,318.50,231.50,240.5120,252.3504
22195875,400.50,242.50,240.3035,237.8995
22199781,289.50,304.50,241.3986,222.8442
22203687,124.50,310.50,236.6014,213.8995
22207593,137.50,272.50,225.1611,206.8967
22211499,300.50,230.50,215.7044,200.8133
22215405,386.50,240.50,210.3522,196.2926
22219311,299.50,295.50,204.5715,191.8038
22223217,144.50,303.50,199.5875,184.7642
22227123,132.50,246.50,196.6048,170.1152
22231029,273.50,191.50,192.3439,149.5332
22234935,384.50,176.50,184.6337,129.1986
22238841,298.50,245.50,173.4632,114.8207
22242747,126.50,271.50,158.8215,110.3804
22246653,82.50,241.50,143.2142,109.7991
22250559,207.50,187.50,128.9717,106.7138
22254465,336.50,164.50,116.5614,98.4136
22258371,273.50,224.50,105.7402,86.7773
22262277,101.50,229.50,93.8468,74.7006
22266183,37.50,215.50,81.3722,61.0200
22270089,142.50,154.50,69.1272,50.5528
22273995,282.50,140.50,56.0259,44.0962
22277901,237.50,175.50,42.5344,36.7569
22281807,74.50,209.50,28.9821,26.9931
22285713,-15.50,189.50,17.3691,16.4797
22289619,73.50,118.50,6.3981,5.6325
22293525,205.50,107.50,-8.7669,-4.9589
22297431,192.50,122.50,-27.1951,-14.6083
22301337,33.50,151.50,-42.8281,-29.0007
22305243,-90.50,128.50,-55.6123,-48.1247
22309149,-18.50,48.50,-70.6765,-68.5018
22313055,144.50,6.50,-84.2963,-90.6321
22316961,128.50,18.50,-96.0693,-112.7752
22320867,-42.50,64.50,-116.0061,-131.2742
22324773,-155.50,51.50,-138.2986,-143.5492
22328679,-143.50,-17.50,-157.1320,-153.7104
22332585,17.50,-56.50,-178.9728,-165.5510
22336491,38.50,-60.50,-199.2257,-180.0470
22340397,-66.50,25.50,-208.2780,-191.1280
22344303,-140.50,69.50,-193.2149,-181.6388
22348209,-174.50,-18.50,-170.8221,-162.6577
22352115,-44.50,-81.50,-181.0704,-164.8835
22356021,51.50,-69.50,-207.6209,-184.9393
22359927,-38.50,11.50,-210.2762,-197.0763
22363833,-155.50,39.50,-188.7362,-190.2374
22367739,-113.50,-2.50,-159.0049,-175.3015
22371645,80.50,-16.50,-126.7656,-159.7262
22375551,166.50,14.50,-97.3869,-139.1919
22379457,64.50,74.50,-83.2946,-118.9176
22383363,-111.50,68.50,-89.0125,-113.2201
22387269,-126.50,23.50,-105.9985,-124.8995
22391175,35.50,-12.50,-118.1224,-136.6954
22395081,139.50,-30.50,-117.6538,-140.4046
22398987,67.50,31.50,-112.3840,-143.9307
22402893,-132.50,48.50,-115.5676,-148.4189
22406799,-141.50,11.50,-127.7923,-153.5084
22410705,-0.50,-35.50,-132.6234,-157.2056
22414611,102.50,-60.50,-131.1368,-159.9180
22418517,36.50,-0.50,-136.9742,-165.1765
22422423,-137.50,30.50,-148.9438,-168.8093
22426329,-202.50,-15.50,-161.6145,-172.8287
22430235,-94.50,-102.50,-174.2522,-186.1122
22434141,62.50,-113.50,-181.9990,-205.2135
22438047,33.50,-62.50,-178.2501,-216.6528
22441953,-126.50,-18.50,-169.1413,-216.9237
22445859,-200.50,-49.50,-163.2582,-214.6969
22449765,-106.50,-114.50,-163.0645,-216.8699
22453671,47.50,-143.50,-167.0617,-223.1430
22457577,16.50,-92.50,-172.7298,-228.3685
22461483,-134.50,-47.50,-179.8716,-228.8509
22465389,-218.50,-54.50,-182.0138,-225.9947
22469295,-144.50,-108.50,-178.7763,-221.1597
22473201,18.50,-126.50,-177.6542,-214.2000
22477107,66.50,-93.50,-171.3689,-207.6777
22481013,-98.50,-36.50,-158.1981,-204.2624
22484919,-212.50,-40.50,-152.3401,-202.1623
22488825,-156.50,-96.50,-156.2623,-199.8756
22492731,11.50,-136.50,-161.6056,-198.9749
22496637,58.50,-94.50,-161.0939,-198.2118
22500543,-68.50,-47.50,-153.8428,-196.0199
22504449,-207.50,-57.50,-146.8829,-197.3960
22508355,-164.50,-102.50,-145.7808,-202.1700
22512261,16.50,-132.50,-144.8029,-201.2248
22516167,67.50,-116.50,-139.6087,-195.3580
22520073,-64.50,-69.50,-138.9478,-194.1406
22523979,-201.50,-38.50,-143.7245,-194.9587
22527885,-186.50,-84.50,-146.5762,-189.3284
22531791,-37.50,-136.50,-149.2661,-182.1610
22535697,39.50,-130.50,-154.8265,-181.8933
22539603,-63.50,-76.50,-160.1566,-187.0734
22543509,-209.50,-54.50,-160.8482,-191.0527
22547415,-219.50,-80.50,-158.2028,-188.1738
22551321,-94.50,-154.50,-161.7120,-182.8222
22555227,10.50,-160.50,-172.8779,-186.5799
22559133,-81.50,-98.50,-182.1273,-195.6027
22563039,-250.50,-82.50,-187.9550,-200.4770
22566945,-269.50,-104.50,-191.7279,-200.8481
22570851,-131.50,-186.50,-191.2545,-200.7686
22574757,-26.50,-218.50,-191.1556,-210.8734
22578663,-84.50,-175.50,-194.4543,-230.7242
22582569,-240.50,-129.50,-195.1162,-244.2286
22586475,-267.50,-118.50,-187.5392,-237.8575
22590381,-172.50,-174.50,-179.6047,-215.3676
22594287,-36.50,-207.50,-182.4390,-199.3852
22598193,-76.50,-147.50,-188.7273,-198.2321
22602099,-229.50,-123.50,-188.8329,-201.9963
22606005,-296.50,-143.50,-183.8217,-207.7872
22609911,-173.50,-212.50,-175.9472,-214.3997
22613817,-6.50,-210.50,-163.3618,-215.2151
22617723,-36.50,-175.50,-149.7515,-207.8965
22621629,-192.50,-124.50,-144.8402,-200.2926
22625535,-272.50,-137.50,-144.8183,-196.9054
22629441,-154.50,-175.50,-137.8009,-192.3510
22633347,-14.50,-176.50,-125.8788,-178.8426
22637253,13.50,-140.50,-116.8548,-159.2154
22641159,-157.50,-86.50,-112.3474,-145.4633
22645065,-268.50,-90.50,-115.2833,-140.3099
22648971,-190.50,-153.50,-121.2337,-140.6693
22652877,-26.50,-175.50,-121.7581,-142.0775
22656783,-4.50,-157.50,-119.0516,-141.2843
22660689,-175.50,-98.50,-123.5898,-140.6107
22664595,-319.50,-81.50,-140.5113,-137.4264
22668501,-299.50,-145.50,-164.6939,-131.9593
22672407,-118.50,-161.50,-184.1613,-126.9528
22676313,-52.50,-161.50,-185.3324,-122.3634
22680219,-216.50,-114.50,-179.1876,-124.8057
22684125,-335.50,-95.50,-180.6102,-131.3590
22688031,-288.50,-148.50,-177.2997,-133.7007
22691937,-118.50,-178.50,-163.4889,-131.2632
22695843,-66.50,-168.50,-153.8096,-125.2988
22699749,-153.50,-109.50,-152.3634,-119.8152
22703655,-303.50,-98.50,-147.7357,-117.8129
22707561,-299.50,-142.50,-140.5174,-119.6965
22711467,-118.50,-185.50,-133.5724,-121.6964
22715373,-22.50,-173.50,-122.5910,-119.1252
22719279,-91.50,-118.50,-108.8433,-113.4468
22723185,-190.50,-91.50,-85.0174,-108.4876
22727091,-174.50,-111.50,-45.6070,-103.2002
22730997,-72.50,-163.50,-16.2795,-95.4654
22734903,59.50,-151.50,-14.9305,-87.0520
22738809,-12.50,-63.50,-21.3366,-73.1674
22742715,-137.50,-15.50,-16.5431,-50.1864
22746621,-181.50,-12.50,-2.4508,-24.2625
22750527,-52.50,-35.50,7.1605,3.1181
22754433,110.50,-18.50,13.0115,32.1295
22758339,80.50,14.50,28.1091,52.6797
22762245,-68.50,43.50,47.9922,54.6115
22766151,-113.50,48.50,63.9210,49.0708
22770057,27.50,26.50,78.4794,57.0192
22773963,186.50,20.50,95.4460,77.8571
22777869,144.50,59.50,107.4492,94.3598
22781775,-14.50,110.50,106.0287,99.9166
22785681,-100.50,80.50,97.3251,97.7418
22789587,-9.50,35.50,88.2714,90.9671
22793493,156.50,16.50,82.3258,86.4666
22797399,154.50,59.50,83.1165,87.5334
22801305,-15.50,102.50,82.9958,90.1083
22805211,-127.50,86.50,73.9456,88.5905
22809117,-42.50,14.50,62.1761,78.8091
22813023,110.50,-25.50,55.0274,62.1877
22816929,121.50,-18.50,49.5851,42.9698
22820835,-28.50,42.50,41.6314,27.3455
22824741,-139.50,43.50,35.0981,22.1537
22828647,-79.50,-15.50,33.9459,22.2273
22832553,83.50,-36.50,35.0447,21.8637
22836459,143.50,-12.50,37.9740,24.1662
22840365,14.50,49.50,44.1356,28.8282
22844271,-111.50,45.50,50.4788,31.4544
22848177,-79.50,-18.50,53.5688,25.7372
22852083,75.50,-56.50,51.0319,13.9409
22855989,129.50,-52.50,42.8893,3.8760
22859895,17.50,14.50,33.3077,-1.4201
22863801,-111.50,26.50,30.5906,-0.8308
22867707,-82.50,-29.50,38.5099,-0.9504
22871613,50.50,-77.50,45.8234,-6.8817
22875519,144.50,-72.50,43.1200,-14.2128
22879425,63.50,-12.50,40.4500,-18.3611
22883331,-128.50,-12.50,38.6206,-21.8143
22887237,-167.50,-48.50,22.0014,-29.1742
22891143,-16.50,-96.50,-3.2911,-35.3441
22895049,97.50,-108.50,-16.7081,-38.7939
22898955,33.50,-44.50,-14.2099,-42.1468
22902861,-138.50,-29.50,-7.3191,-44.0324
22906767,-163.50,-58.50,-5.0966,-46.5652
22910673,-17.50,-114.50,-3.4656,-49.4066
22914579,101.50,-149.50,-0.0586,-55.9442
22918485,48.50,-70.50,0.7647,-64.3538
22922391,-141.50,-62.50,-5.1345,-66.9954
22926297,-200.50,-60.50,-18.3440,-66.2455
22930203,-95.50,-130.50,-33.1187,-63.1718
22934109,49.50,-138.50,-44.0812,-61.1317
22938015,-0.50,-86.50,-51.0429,-60.2075
22941921,-143.50,-57.50,-54.6173,-58.9528
22945827,-230.50,-92.50,-53.5876,-64.1838
22949733,-121.50,-177.50,-51.7938,-79.5658
22953639,19.50,-185.50,-53.0652,-96.8506
22957545,47.50,-152.50,-50.5006,-104.6130
22961451,-120.50,-120.50,-40.5876,-107.6139
22965357,-209.50,-91.50,-32.6806,-106.2747
22969263,-130.50,-148.50,-30.9096,-93.5195
22973169,51.50,-80.50,-28.6801,-64.6478
22977075,117.50,29.50,-13.0545,-8.2583
22980981,-42.50,-28.50,12.3745,38.3975
22984887,-254.50,-144.50,10.2593,10.3739
22988793,-256.50,-261.50,-40.6405,-78.7406
22992699,-101.50,-278.50,-106.1968,-158.0996
22996605,-63.50,-308.50,-145.2800,-199.5440
23000511,-268.50,-325.50,-167.4810,-234.1883
23004417,-414.50,-342.50,-195.9902,-275.5492
23008323,-419.50,-450.50,-226.4084,-311.4159
23012229,-252.50,-494.50,-250.1644,-341.8918
23016135,-239.50,-533.50,-270.1557,-372.5796
23020041,-367.50,-472.50,-293.2679,-401.6162
23023947,-473.50,-452.50,-303.6794,-410.8575
23027853,-463.50,-512.50,-289.2249,-399.5436
23031759,-309.50,-529.50,-271.9374,-384.8156
23035665,-202.50,-485.50,-262.6678,-366.4194
23039571,-264.50,-364.50,-247.2741,-333.1165
23043477,-357.50,-320.50,-212.3270,-283.0771
23047383,-332.50,-356.50,-161.6711,-235.9096
23051289,-164.50,-386.50,-115.5463,-207.2080
23055195,-50.50,-361.50,-87.4104,-191.1530
23059101,-120.50,-272.50,-74.1715,-174.7477
23063007,-264.50,-250.50,-65.4510,-153.5405
23066913,-287.50,-255.50,-54.8300,-131.1090
23070819,-104.50,-273.50,-37.9924,-104.1789
23074725,16.50,-294.50,-15.3378,-81.2056
23078631,-50.50,-238.50,-1.3535,-76.7097
23082537,-222.50,-208.50,-3.3008,-80.8994
23086443,-273.50,-239.50,-11.4437,-81.0375
23090349,-153.50,-321.50,-17.5398,-82.6582
23094259,-13.50,-306.50,-20.6624,-88.8670
23098165,-50.50,-240.50,-21.3177,-87.2164
23102071,-216.50,-205.50,-21.3141,-75.6140
23105977,-302.50,-209.50,-24.2127,-61.8847
23109883,-182.50,-273.50,-28.4010,-49.4153
23113789,-15.50,-267.50,-25.7394,-41.0284
23117695,-14.50,-232.50,-13.6593,-36.4694
23121601,-177.50,-196.50,-1.1488,-37.1298
23125507,-245.50,-197.50,8.2906,-38.0591
23129413,-138.50,-245.50,21.4827,-30.8629
23133319,41.50,-250.50,39.3031,-18.3705
23137225,38.50,-218.50,52.9121,-8.6603
23141131,-125.50,-174.50,52.5529,-6.7359
23145037,-224.50,-174.50,44.6902,-7.1798
23148943,-177.50,-271.50,38.4715,-10.6399
23152849,-10.50,-262.50,30.7179,-18.4372
23156755,45.50,-239.50,27.8925,-19.3075
23160661,-111.50,-176.50,32.2983,-14.0237
